"dataset","table_name","series_code","line_number","line_description","metric_name","time_period","cl_unit","unit_mult","data_value","note_ref","retrieved_at"
"NIPA","T11400","A451RC",1,"Gross value added of corporate business","Current Dollars","1929","Level","6",54806,"T11400,T11400.1","2026-06-11T11:27:46-0400"
"NIPA","T11400","A451RC",1,"Gross value added of corporate business","Current Dollars","1930","Level","6",48178,"T11400,T11400.1","2026-06-11T11:27:46-0400"
"NIPA","T11400","A451RC",1,"Gross value added of corporate business","Current Dollars","1931","Level","6",37846,"T11400,T11400.1","2026-06-11T11:27:46-0400"
"NIPA","T11400","A451RC",1,"Gross value added of corporate business","Current Dollars","1932","Level","6",27861,"T11400,T11400.1","2026-06-11T11:27:46-0400"
"NIPA","T11400","A451RC",1,"Gross value added of corporate business","Current Dollars","1933","Level","6",26876,"T11400,T11400.1","2026-06-11T11:27:46-0400"
"NIPA","T11400","A451RC",1,"Gross value added of corporate business","Current Dollars","1934","Level","6",33500,"T11400,T11400.1","2026-06-11T11:27:46-0400"
"NIPA","T11400","A451RC",1,"Gross value added of corporate business","Current Dollars","1935","Level","6",37147,"T11400,T11400.1","2026-06-11T11:27:46-0400"
"NIPA","T11400","A451RC",1,"Gross value added of corporate business","Current Dollars","1936","Level","6",42724,"T11400,T11400.1","2026-06-11T11:27:46-0400"
"NIPA","T11400","A451RC",1,"Gross value added of corporate business","Current Dollars","1937","Level","6",48339,"T11400,T11400.1","2026-06-11T11:27:46-0400"
"NIPA","T11400","A451RC",1,"Gross value added of corporate business","Current Dollars","1938","Level","6",43000,"T11400,T11400.1","2026-06-11T11:27:46-0400"
"NIPA","T11400","A451RC",1,"Gross value added of corporate business","Current Dollars","1939","Level","6",47323,"T11400,T11400.1","2026-06-11T11:27:46-0400"
"NIPA","T11400","A451RC",1,"Gross value added of corporate business","Current Dollars","1940","Level","6",54105,"T11400,T11400.1","2026-06-11T11:27:46-0400"
"NIPA","T11400","A451RC",1,"Gross value added of corporate business","Current Dollars","1941","Level","6",69955,"T11400,T11400.1","2026-06-11T11:27:46-0400"
"NIPA","T11400","A451RC",1,"Gross value added of corporate business","Current Dollars","1942","Level","6",87478,"T11400,T11400.1","2026-06-11T11:27:46-0400"
"NIPA","T11400","A451RC",1,"Gross value added of corporate business","Current Dollars","1943","Level","6",103482,"T11400,T11400.1","2026-06-11T11:27:46-0400"
"NIPA","T11400","A451RC",1,"Gross value added of corporate business","Current Dollars","1944","Level","6",107266,"T11400,T11400.1","2026-06-11T11:27:46-0400"
"NIPA","T11400","A451RC",1,"Gross value added of corporate business","Current Dollars","1945","Level","6",100821,"T11400,T11400.1","2026-06-11T11:27:46-0400"
"NIPA","T11400","A451RC",1,"Gross value added of corporate business","Current Dollars","1946","Level","6",105807,"T11400,T11400.1","2026-06-11T11:27:46-0400"
"NIPA","T11400","A451RC",1,"Gross value added of corporate business","Current Dollars","1947","Level","6",127503,"T11400,T11400.1","2026-06-11T11:27:46-0400"
"NIPA","T11400","A451RC",1,"Gross value added of corporate business","Current Dollars","1948","Level","6",146063,"T11400,T11400.1","2026-06-11T11:27:46-0400"
"NIPA","T11400","A451RC",1,"Gross value added of corporate business","Current Dollars","1949","Level","6",143022,"T11400,T11400.1","2026-06-11T11:27:46-0400"
"NIPA","T11400","A451RC",1,"Gross value added of corporate business","Current Dollars","1950","Level","6",162114,"T11400,T11400.1","2026-06-11T11:27:46-0400"
"NIPA","T11400","A451RC",1,"Gross value added of corporate business","Current Dollars","1951","Level","6",185791,"T11400,T11400.1","2026-06-11T11:27:46-0400"
"NIPA","T11400","A451RC",1,"Gross value added of corporate business","Current Dollars","1952","Level","6",195027,"T11400,T11400.1","2026-06-11T11:27:46-0400"
"NIPA","T11400","A451RC",1,"Gross value added of corporate business","Current Dollars","1953","Level","6",209184,"T11400,T11400.1","2026-06-11T11:27:46-0400"
"NIPA","T11400","A451RC",1,"Gross value added of corporate business","Current Dollars","1954","Level","6",206865,"T11400,T11400.1","2026-06-11T11:27:46-0400"
"NIPA","T11400","A451RC",1,"Gross value added of corporate business","Current Dollars","1955","Level","6",233051,"T11400,T11400.1","2026-06-11T11:27:46-0400"
"NIPA","T11400","A451RC",1,"Gross value added of corporate business","Current Dollars","1956","Level","6",250053,"T11400,T11400.1","2026-06-11T11:27:46-0400"
"NIPA","T11400","A451RC",1,"Gross value added of corporate business","Current Dollars","1957","Level","6",261661,"T11400,T11400.1","2026-06-11T11:27:46-0400"
"NIPA","T11400","A451RC",1,"Gross value added of corporate business","Current Dollars","1958","Level","6",256831,"T11400,T11400.1","2026-06-11T11:27:46-0400"
"NIPA","T11400","A451RC",1,"Gross value added of corporate business","Current Dollars","1959","Level","6",287446,"T11400,T11400.1","2026-06-11T11:27:46-0400"
"NIPA","T11400","A451RC",1,"Gross value added of corporate business","Current Dollars","1960","Level","6",299879,"T11400,T11400.1","2026-06-11T11:27:46-0400"
"NIPA","T11400","A451RC",1,"Gross value added of corporate business","Current Dollars","1961","Level","6",308729,"T11400,T11400.1","2026-06-11T11:27:46-0400"
"NIPA","T11400","A451RC",1,"Gross value added of corporate business","Current Dollars","1962","Level","6",335950,"T11400,T11400.1","2026-06-11T11:27:46-0400"
"NIPA","T11400","A451RC",1,"Gross value added of corporate business","Current Dollars","1963","Level","6",357362,"T11400,T11400.1","2026-06-11T11:27:46-0400"
"NIPA","T11400","A451RC",1,"Gross value added of corporate business","Current Dollars","1964","Level","6",385982,"T11400,T11400.1","2026-06-11T11:27:46-0400"
"NIPA","T11400","A451RC",1,"Gross value added of corporate business","Current Dollars","1965","Level","6",423777,"T11400,T11400.1","2026-06-11T11:27:46-0400"
"NIPA","T11400","A451RC",1,"Gross value added of corporate business","Current Dollars","1966","Level","6",465090,"T11400,T11400.1","2026-06-11T11:27:46-0400"
"NIPA","T11400","A451RC",1,"Gross value added of corporate business","Current Dollars","1967","Level","6",491172,"T11400,T11400.1","2026-06-11T11:27:46-0400"
"NIPA","T11400","A451RC",1,"Gross value added of corporate business","Current Dollars","1968","Level","6",542111,"T11400,T11400.1","2026-06-11T11:27:46-0400"
"NIPA","T11400","A451RC",1,"Gross value added of corporate business","Current Dollars","1969","Level","6",590653,"T11400,T11400.1","2026-06-11T11:27:46-0400"
"NIPA","T11400","A451RC",1,"Gross value added of corporate business","Current Dollars","1970","Level","6",612127,"T11400,T11400.1","2026-06-11T11:27:46-0400"
"NIPA","T11400","A451RC",1,"Gross value added of corporate business","Current Dollars","1971","Level","6",660922,"T11400,T11400.1","2026-06-11T11:27:46-0400"
"NIPA","T11400","A451RC",1,"Gross value added of corporate business","Current Dollars","1972","Level","6",732902,"T11400,T11400.1","2026-06-11T11:27:46-0400"
"NIPA","T11400","A451RC",1,"Gross value added of corporate business","Current Dollars","1973","Level","6",820208,"T11400,T11400.1","2026-06-11T11:27:46-0400"
"NIPA","T11400","A451RC",1,"Gross value added of corporate business","Current Dollars","1974","Level","6",889579,"T11400,T11400.1","2026-06-11T11:27:46-0400"
"NIPA","T11400","A451RC",1,"Gross value added of corporate business","Current Dollars","1975","Level","6",965545,"T11400,T11400.1","2026-06-11T11:27:46-0400"
"NIPA","T11400","A451RC",1,"Gross value added of corporate business","Current Dollars","1976","Level","6",1087308,"T11400,T11400.1","2026-06-11T11:27:46-0400"
"NIPA","T11400","A451RC",1,"Gross value added of corporate business","Current Dollars","1977","Level","6",1232519,"T11400,T11400.1","2026-06-11T11:27:46-0400"
"NIPA","T11400","A451RC",1,"Gross value added of corporate business","Current Dollars","1978","Level","6",1406890,"T11400,T11400.1","2026-06-11T11:27:46-0400"
"NIPA","T11400","A451RC",1,"Gross value added of corporate business","Current Dollars","1979","Level","6",1564355,"T11400,T11400.1","2026-06-11T11:27:46-0400"
"NIPA","T11400","A451RC",1,"Gross value added of corporate business","Current Dollars","1980","Level","6",1702381,"T11400,T11400.1","2026-06-11T11:27:46-0400"
"NIPA","T11400","A451RC",1,"Gross value added of corporate business","Current Dollars","1981","Level","6",1935130,"T11400,T11400.1","2026-06-11T11:27:46-0400"
"NIPA","T11400","A451RC",1,"Gross value added of corporate business","Current Dollars","1982","Level","6",2018565,"T11400,T11400.1","2026-06-11T11:27:46-0400"
"NIPA","T11400","A451RC",1,"Gross value added of corporate business","Current Dollars","1983","Level","6",2172454,"T11400,T11400.1","2026-06-11T11:27:46-0400"
"NIPA","T11400","A451RC",1,"Gross value added of corporate business","Current Dollars","1984","Level","6",2434777,"T11400,T11400.1","2026-06-11T11:27:46-0400"
"NIPA","T11400","A451RC",1,"Gross value added of corporate business","Current Dollars","1985","Level","6",2601493,"T11400,T11400.1","2026-06-11T11:27:46-0400"
"NIPA","T11400","A451RC",1,"Gross value added of corporate business","Current Dollars","1986","Level","6",2706772,"T11400,T11400.1","2026-06-11T11:27:46-0400"
"NIPA","T11400","A451RC",1,"Gross value added of corporate business","Current Dollars","1987","Level","6",2895133,"T11400,T11400.1","2026-06-11T11:27:46-0400"
"NIPA","T11400","A451RC",1,"Gross value added of corporate business","Current Dollars","1988","Level","6",3142537,"T11400,T11400.1","2026-06-11T11:27:46-0400"
"NIPA","T11400","A451RC",1,"Gross value added of corporate business","Current Dollars","1989","Level","6",3320147,"T11400,T11400.1","2026-06-11T11:27:46-0400"
"NIPA","T11400","A451RC",1,"Gross value added of corporate business","Current Dollars","1990","Level","6",3467335,"T11400,T11400.1","2026-06-11T11:27:46-0400"
"NIPA","T11400","A451RC",1,"Gross value added of corporate business","Current Dollars","1991","Level","6",3554697,"T11400,T11400.1","2026-06-11T11:27:46-0400"
"NIPA","T11400","A451RC",1,"Gross value added of corporate business","Current Dollars","1992","Level","6",3742365,"T11400,T11400.1","2026-06-11T11:27:46-0400"
"NIPA","T11400","A451RC",1,"Gross value added of corporate business","Current Dollars","1993","Level","6",3918863,"T11400,T11400.1","2026-06-11T11:27:46-0400"
"NIPA","T11400","A451RC",1,"Gross value added of corporate business","Current Dollars","1994","Level","6",4210085,"T11400,T11400.1","2026-06-11T11:27:46-0400"
"NIPA","T11400","A451RC",1,"Gross value added of corporate business","Current Dollars","1995","Level","6",4474232,"T11400,T11400.1","2026-06-11T11:27:46-0400"
"NIPA","T11400","A451RC",1,"Gross value added of corporate business","Current Dollars","1996","Level","6",4770205,"T11400,T11400.1","2026-06-11T11:27:46-0400"
"NIPA","T11400","A451RC",1,"Gross value added of corporate business","Current Dollars","1997","Level","6",5143154,"T11400,T11400.1","2026-06-11T11:27:46-0400"
"NIPA","T11400","A451RC",1,"Gross value added of corporate business","Current Dollars","1998","Level","6",5474446,"T11400,T11400.1","2026-06-11T11:27:46-0400"
"NIPA","T11400","A451RC",1,"Gross value added of corporate business","Current Dollars","1999","Level","6",5802061,"T11400,T11400.1","2026-06-11T11:27:46-0400"
"NIPA","T11400","A451RC",1,"Gross value added of corporate business","Current Dollars","2000","Level","6",6216190,"T11400,T11400.1","2026-06-11T11:27:46-0400"
"NIPA","T11400","A451RC",1,"Gross value added of corporate business","Current Dollars","2001","Level","6",6202593,"T11400,T11400.1","2026-06-11T11:27:46-0400"
"NIPA","T11400","A451RC",1,"Gross value added of corporate business","Current Dollars","2002","Level","6",6298540,"T11400,T11400.1","2026-06-11T11:27:46-0400"
"NIPA","T11400","A451RC",1,"Gross value added of corporate business","Current Dollars","2003","Level","6",6524950,"T11400,T11400.1","2026-06-11T11:27:46-0400"
"NIPA","T11400","A451RC",1,"Gross value added of corporate business","Current Dollars","2004","Level","6",6960008,"T11400,T11400.1","2026-06-11T11:27:46-0400"
"NIPA","T11400","A451RC",1,"Gross value added of corporate business","Current Dollars","2005","Level","6",7485433,"T11400,T11400.1","2026-06-11T11:27:46-0400"
"NIPA","T11400","A451RC",1,"Gross value added of corporate business","Current Dollars","2006","Level","6",8029316,"T11400,T11400.1","2026-06-11T11:27:46-0400"
"NIPA","T11400","A451RC",1,"Gross value added of corporate business","Current Dollars","2007","Level","6",8199258,"T11400,T11400.1","2026-06-11T11:27:46-0400"
"NIPA","T11400","A451RC",1,"Gross value added of corporate business","Current Dollars","2008","Level","6",8108788,"T11400,T11400.1","2026-06-11T11:27:46-0400"
"NIPA","T11400","A451RC",1,"Gross value added of corporate business","Current Dollars","2009","Level","6",7817337,"T11400,T11400.1","2026-06-11T11:27:46-0400"
"NIPA","T11400","A451RC",1,"Gross value added of corporate business","Current Dollars","2010","Level","6",8236992,"T11400,T11400.1","2026-06-11T11:27:46-0400"
"NIPA","T11400","A451RC",1,"Gross value added of corporate business","Current Dollars","2011","Level","6",8623024,"T11400,T11400.1","2026-06-11T11:27:46-0400"
"NIPA","T11400","A451RC",1,"Gross value added of corporate business","Current Dollars","2012","Level","6",9173994,"T11400,T11400.1","2026-06-11T11:27:46-0400"
"NIPA","T11400","A451RC",1,"Gross value added of corporate business","Current Dollars","2013","Level","6",9456941,"T11400,T11400.1","2026-06-11T11:27:46-0400"
"NIPA","T11400","A451RC",1,"Gross value added of corporate business","Current Dollars","2014","Level","6",10046512,"T11400,T11400.1","2026-06-11T11:27:46-0400"
"NIPA","T11400","A451RC",1,"Gross value added of corporate business","Current Dollars","2015","Level","6",10489514,"T11400,T11400.1","2026-06-11T11:27:46-0400"
"NIPA","T11400","A451RC",1,"Gross value added of corporate business","Current Dollars","2016","Level","6",10684384,"T11400,T11400.1","2026-06-11T11:27:46-0400"
"NIPA","T11400","A451RC",1,"Gross value added of corporate business","Current Dollars","2017","Level","6",11132703,"T11400,T11400.1","2026-06-11T11:27:46-0400"
"NIPA","T11400","A451RC",1,"Gross value added of corporate business","Current Dollars","2018","Level","6",11796349,"T11400,T11400.1","2026-06-11T11:27:46-0400"
"NIPA","T11400","A451RC",1,"Gross value added of corporate business","Current Dollars","2019","Level","6",12332556,"T11400,T11400.1","2026-06-11T11:27:46-0400"
"NIPA","T11400","A451RC",1,"Gross value added of corporate business","Current Dollars","2020","Level","6",12095295,"T11400,T11400.1","2026-06-11T11:27:46-0400"
"NIPA","T11400","A451RC",1,"Gross value added of corporate business","Current Dollars","2021","Level","6",13818844,"T11400,T11400.1","2026-06-11T11:27:46-0400"
"NIPA","T11400","A451RC",1,"Gross value added of corporate business","Current Dollars","2022","Level","6",15322598,"T11400,T11400.1","2026-06-11T11:27:46-0400"
"NIPA","T11400","A451RC",1,"Gross value added of corporate business","Current Dollars","2023","Level","6",16125928,"T11400,T11400.1","2026-06-11T11:27:46-0400"
"NIPA","T11400","A451RC",1,"Gross value added of corporate business","Current Dollars","2024","Level","6",16961079,"T11400,T11400.1","2026-06-11T11:27:46-0400"
"NIPA","T11400","A451RC",1,"Gross value added of corporate business","Current Dollars","2025","Level","6",17885075,"T11400,T11400.1","2026-06-11T11:27:46-0400"
"NIPA","T11400","A438RC",2,"Consumption of fixed capital","Current Dollars","1929","Level","6",5228,"T11400","2026-06-11T11:27:46-0400"
"NIPA","T11400","A438RC",2,"Consumption of fixed capital","Current Dollars","1930","Level","6",5080,"T11400","2026-06-11T11:27:46-0400"
"NIPA","T11400","A438RC",2,"Consumption of fixed capital","Current Dollars","1931","Level","6",4752,"T11400","2026-06-11T11:27:46-0400"
"NIPA","T11400","A438RC",2,"Consumption of fixed capital","Current Dollars","1932","Level","6",4240,"T11400","2026-06-11T11:27:46-0400"
"NIPA","T11400","A438RC",2,"Consumption of fixed capital","Current Dollars","1933","Level","6",4008,"T11400","2026-06-11T11:27:46-0400"
"NIPA","T11400","A438RC",2,"Consumption of fixed capital","Current Dollars","1934","Level","6",4104,"T11400","2026-06-11T11:27:46-0400"
"NIPA","T11400","A438RC",2,"Consumption of fixed capital","Current Dollars","1935","Level","6",4184,"T11400","2026-06-11T11:27:46-0400"
"NIPA","T11400","A438RC",2,"Consumption of fixed capital","Current Dollars","1936","Level","6",4248,"T11400","2026-06-11T11:27:46-0400"
"NIPA","T11400","A438RC",2,"Consumption of fixed capital","Current Dollars","1937","Level","6",4744,"T11400","2026-06-11T11:27:46-0400"
"NIPA","T11400","A438RC",2,"Consumption of fixed capital","Current Dollars","1938","Level","6",4820,"T11400","2026-06-11T11:27:46-0400"
"NIPA","T11400","A438RC",2,"Consumption of fixed capital","Current Dollars","1939","Level","6",4824,"T11400","2026-06-11T11:27:46-0400"
"NIPA","T11400","A438RC",2,"Consumption of fixed capital","Current Dollars","1940","Level","6",5040,"T11400","2026-06-11T11:27:46-0400"
"NIPA","T11400","A438RC",2,"Consumption of fixed capital","Current Dollars","1941","Level","6",5584,"T11400","2026-06-11T11:27:46-0400"
"NIPA","T11400","A438RC",2,"Consumption of fixed capital","Current Dollars","1942","Level","6",6388,"T11400","2026-06-11T11:27:46-0400"
"NIPA","T11400","A438RC",2,"Consumption of fixed capital","Current Dollars","1943","Level","6",6552,"T11400","2026-06-11T11:27:46-0400"
"NIPA","T11400","A438RC",2,"Consumption of fixed capital","Current Dollars","1944","Level","6",6748,"T11400","2026-06-11T11:27:46-0400"
"NIPA","T11400","A438RC",2,"Consumption of fixed capital","Current Dollars","1945","Level","6",6968,"T11400","2026-06-11T11:27:46-0400"
"NIPA","T11400","A438RC",2,"Consumption of fixed capital","Current Dollars","1946","Level","6",8000,"T11400","2026-06-11T11:27:46-0400"
"NIPA","T11400","A438RC",2,"Consumption of fixed capital","Current Dollars","1947","Level","6",9796,"T11400","2026-06-11T11:27:46-0400"
"NIPA","T11400","A438RC",2,"Consumption of fixed capital","Current Dollars","1948","Level","6",11488,"T11400","2026-06-11T11:27:46-0400"
"NIPA","T11400","A438RC",2,"Consumption of fixed capital","Current Dollars","1949","Level","6",12412,"T11400","2026-06-11T11:27:46-0400"
"NIPA","T11400","A438RC",2,"Consumption of fixed capital","Current Dollars","1950","Level","6",13288,"T11400","2026-06-11T11:27:46-0400"
"NIPA","T11400","A438RC",2,"Consumption of fixed capital","Current Dollars","1951","Level","6",15136,"T11400","2026-06-11T11:27:46-0400"
"NIPA","T11400","A438RC",2,"Consumption of fixed capital","Current Dollars","1952","Level","6",16116,"T11400","2026-06-11T11:27:46-0400"
"NIPA","T11400","A438RC",2,"Consumption of fixed capital","Current Dollars","1953","Level","6",17300,"T11400","2026-06-11T11:27:46-0400"
"NIPA","T11400","A438RC",2,"Consumption of fixed capital","Current Dollars","1954","Level","6",18340,"T11400","2026-06-11T11:27:46-0400"
"NIPA","T11400","A438RC",2,"Consumption of fixed capital","Current Dollars","1955","Level","6",19560,"T11400","2026-06-11T11:27:46-0400"
"NIPA","T11400","A438RC",2,"Consumption of fixed capital","Current Dollars","1956","Level","6",22088,"T11400","2026-06-11T11:27:46-0400"
"NIPA","T11400","A438RC",2,"Consumption of fixed capital","Current Dollars","1957","Level","6",24564,"T11400","2026-06-11T11:27:46-0400"
"NIPA","T11400","A438RC",2,"Consumption of fixed capital","Current Dollars","1958","Level","6",26396,"T11400","2026-06-11T11:27:46-0400"
"NIPA","T11400","A438RC",2,"Consumption of fixed capital","Current Dollars","1959","Level","6",27620,"T11400","2026-06-11T11:27:46-0400"
"NIPA","T11400","A438RC",2,"Consumption of fixed capital","Current Dollars","1960","Level","6",28488,"T11400","2026-06-11T11:27:46-0400"
"NIPA","T11400","A438RC",2,"Consumption of fixed capital","Current Dollars","1961","Level","6",29524,"T11400","2026-06-11T11:27:46-0400"
"NIPA","T11400","A438RC",2,"Consumption of fixed capital","Current Dollars","1962","Level","6",30836,"T11400","2026-06-11T11:27:46-0400"
"NIPA","T11400","A438RC",2,"Consumption of fixed capital","Current Dollars","1963","Level","6",32416,"T11400","2026-06-11T11:27:46-0400"
"NIPA","T11400","A438RC",2,"Consumption of fixed capital","Current Dollars","1964","Level","6",34412,"T11400","2026-06-11T11:27:46-0400"
"NIPA","T11400","A438RC",2,"Consumption of fixed capital","Current Dollars","1965","Level","6",37140,"T11400","2026-06-11T11:27:46-0400"
"NIPA","T11400","A438RC",2,"Consumption of fixed capital","Current Dollars","1966","Level","6",40860,"T11400","2026-06-11T11:27:46-0400"
"NIPA","T11400","A438RC",2,"Consumption of fixed capital","Current Dollars","1967","Level","6",45096,"T11400","2026-06-11T11:27:46-0400"
"NIPA","T11400","A438RC",2,"Consumption of fixed capital","Current Dollars","1968","Level","6",49992,"T11400","2026-06-11T11:27:46-0400"
"NIPA","T11400","A438RC",2,"Consumption of fixed capital","Current Dollars","1969","Level","6",55704,"T11400","2026-06-11T11:27:46-0400"
"NIPA","T11400","A438RC",2,"Consumption of fixed capital","Current Dollars","1970","Level","6",61804,"T11400","2026-06-11T11:27:46-0400"
"NIPA","T11400","A438RC",2,"Consumption of fixed capital","Current Dollars","1971","Level","6",67620,"T11400","2026-06-11T11:27:46-0400"
"NIPA","T11400","A438RC",2,"Consumption of fixed capital","Current Dollars","1972","Level","6",73440,"T11400","2026-06-11T11:27:46-0400"
"NIPA","T11400","A438RC",2,"Consumption of fixed capital","Current Dollars","1973","Level","6",81980,"T11400","2026-06-11T11:27:46-0400"
"NIPA","T11400","A438RC",2,"Consumption of fixed capital","Current Dollars","1974","Level","6",96040,"T11400","2026-06-11T11:27:46-0400"
"NIPA","T11400","A438RC",2,"Consumption of fixed capital","Current Dollars","1975","Level","6",113516,"T11400","2026-06-11T11:27:46-0400"
"NIPA","T11400","A438RC",2,"Consumption of fixed capital","Current Dollars","1976","Level","6",125028,"T11400","2026-06-11T11:27:46-0400"
"NIPA","T11400","A438RC",2,"Consumption of fixed capital","Current Dollars","1977","Level","6",140456,"T11400","2026-06-11T11:27:46-0400"
"NIPA","T11400","A438RC",2,"Consumption of fixed capital","Current Dollars","1978","Level","6",159276,"T11400","2026-06-11T11:27:46-0400"
"NIPA","T11400","A438RC",2,"Consumption of fixed capital","Current Dollars","1979","Level","6",183352,"T11400","2026-06-11T11:27:46-0400"
"NIPA","T11400","A438RC",2,"Consumption of fixed capital","Current Dollars","1980","Level","6",212088,"T11400","2026-06-11T11:27:46-0400"
"NIPA","T11400","A438RC",2,"Consumption of fixed capital","Current Dollars","1981","Level","6",244880,"T11400","2026-06-11T11:27:46-0400"
"NIPA","T11400","A438RC",2,"Consumption of fixed capital","Current Dollars","1982","Level","6",272520,"T11400","2026-06-11T11:27:46-0400"
"NIPA","T11400","A438RC",2,"Consumption of fixed capital","Current Dollars","1983","Level","6",285876,"T11400","2026-06-11T11:27:46-0400"
"NIPA","T11400","A438RC",2,"Consumption of fixed capital","Current Dollars","1984","Level","6",303168,"T11400","2026-06-11T11:27:46-0400"
"NIPA","T11400","A438RC",2,"Consumption of fixed capital","Current Dollars","1985","Level","6",326864,"T11400","2026-06-11T11:27:46-0400"
"NIPA","T11400","A438RC",2,"Consumption of fixed capital","Current Dollars","1986","Level","6",349868,"T11400","2026-06-11T11:27:46-0400"
"NIPA","T11400","A438RC",2,"Consumption of fixed capital","Current Dollars","1987","Level","6",371292,"T11400","2026-06-11T11:27:46-0400"
"NIPA","T11400","A438RC",2,"Consumption of fixed capital","Current Dollars","1988","Level","6",399856,"T11400","2026-06-11T11:27:46-0400"
"NIPA","T11400","A438RC",2,"Consumption of fixed capital","Current Dollars","1989","Level","6",427148,"T11400","2026-06-11T11:27:46-0400"
"NIPA","T11400","A438RC",2,"Consumption of fixed capital","Current Dollars","1990","Level","6",454688,"T11400","2026-06-11T11:27:46-0400"
"NIPA","T11400","A438RC",2,"Consumption of fixed capital","Current Dollars","1991","Level","6",479628,"T11400","2026-06-11T11:27:46-0400"
"NIPA","T11400","A438RC",2,"Consumption of fixed capital","Current Dollars","1992","Level","6",494348,"T11400","2026-06-11T11:27:46-0400"
"NIPA","T11400","A438RC",2,"Consumption of fixed capital","Current Dollars","1993","Level","6",517188,"T11400","2026-06-11T11:27:46-0400"
"NIPA","T11400","A438RC",2,"Consumption of fixed capital","Current Dollars","1994","Level","6",547584,"T11400","2026-06-11T11:27:46-0400"
"NIPA","T11400","A438RC",2,"Consumption of fixed capital","Current Dollars","1995","Level","6",590428,"T11400","2026-06-11T11:27:46-0400"
"NIPA","T11400","A438RC",2,"Consumption of fixed capital","Current Dollars","1996","Level","6",626332,"T11400","2026-06-11T11:27:46-0400"
"NIPA","T11400","A438RC",2,"Consumption of fixed capital","Current Dollars","1997","Level","6",670056,"T11400","2026-06-11T11:27:46-0400"
"NIPA","T11400","A438RC",2,"Consumption of fixed capital","Current Dollars","1998","Level","6",714988,"T11400","2026-06-11T11:27:46-0400"
"NIPA","T11400","A438RC",2,"Consumption of fixed capital","Current Dollars","1999","Level","6",769632,"T11400","2026-06-11T11:27:46-0400"
"NIPA","T11400","A438RC",2,"Consumption of fixed capital","Current Dollars","2000","Level","6",838608,"T11400","2026-06-11T11:27:46-0400"
"NIPA","T11400","A438RC",2,"Consumption of fixed capital","Current Dollars","2001","Level","6",888584,"T11400","2026-06-11T11:27:46-0400"
"NIPA","T11400","A438RC",2,"Consumption of fixed capital","Current Dollars","2002","Level","6",914587,"T11400","2026-06-11T11:27:46-0400"
"NIPA","T11400","A438RC",2,"Consumption of fixed capital","Current Dollars","2003","Level","6",932541,"T11400","2026-06-11T11:27:46-0400"
"NIPA","T11400","A438RC",2,"Consumption of fixed capital","Current Dollars","2004","Level","6",973014,"T11400","2026-06-11T11:27:46-0400"
"NIPA","T11400","A438RC",2,"Consumption of fixed capital","Current Dollars","2005","Level","6",1042069,"T11400","2026-06-11T11:27:46-0400"
"NIPA","T11400","A438RC",2,"Consumption of fixed capital","Current Dollars","2006","Level","6",1119303,"T11400","2026-06-11T11:27:46-0400"
"NIPA","T11400","A438RC",2,"Consumption of fixed capital","Current Dollars","2007","Level","6",1188944,"T11400","2026-06-11T11:27:46-0400"
"NIPA","T11400","A438RC",2,"Consumption of fixed capital","Current Dollars","2008","Level","6",1256741,"T11400","2026-06-11T11:27:46-0400"
"NIPA","T11400","A438RC",2,"Consumption of fixed capital","Current Dollars","2009","Level","6",1263659,"T11400","2026-06-11T11:27:46-0400"
"NIPA","T11400","A438RC",2,"Consumption of fixed capital","Current Dollars","2010","Level","6",1270714,"T11400","2026-06-11T11:27:46-0400"
"NIPA","T11400","A438RC",2,"Consumption of fixed capital","Current Dollars","2011","Level","6",1324537,"T11400","2026-06-11T11:27:46-0400"
"NIPA","T11400","A438RC",2,"Consumption of fixed capital","Current Dollars","2012","Level","6",1392029,"T11400","2026-06-11T11:27:46-0400"
"NIPA","T11400","A438RC",2,"Consumption of fixed capital","Current Dollars","2013","Level","6",1447694,"T11400","2026-06-11T11:27:46-0400"
"NIPA","T11400","A438RC",2,"Consumption of fixed capital","Current Dollars","2014","Level","6",1524311,"T11400","2026-06-11T11:27:46-0400"
"NIPA","T11400","A438RC",2,"Consumption of fixed capital","Current Dollars","2015","Level","6",1587221,"T11400","2026-06-11T11:27:46-0400"
"NIPA","T11400","A438RC",2,"Consumption of fixed capital","Current Dollars","2016","Level","6",1629907,"T11400","2026-06-11T11:27:46-0400"
"NIPA","T11400","A438RC",2,"Consumption of fixed capital","Current Dollars","2017","Level","6",1709313,"T11400","2026-06-11T11:27:46-0400"
"NIPA","T11400","A438RC",2,"Consumption of fixed capital","Current Dollars","2018","Level","6",1793566,"T11400","2026-06-11T11:27:46-0400"
"NIPA","T11400","A438RC",2,"Consumption of fixed capital","Current Dollars","2019","Level","6",1891831,"T11400","2026-06-11T11:27:46-0400"
"NIPA","T11400","A438RC",2,"Consumption of fixed capital","Current Dollars","2020","Level","6",1968202,"T11400","2026-06-11T11:27:46-0400"
"NIPA","T11400","A438RC",2,"Consumption of fixed capital","Current Dollars","2021","Level","6",2070269,"T11400","2026-06-11T11:27:46-0400"
"NIPA","T11400","A438RC",2,"Consumption of fixed capital","Current Dollars","2022","Level","6",2287902,"T11400","2026-06-11T11:27:46-0400"
"NIPA","T11400","A438RC",2,"Consumption of fixed capital","Current Dollars","2023","Level","6",2447353,"T11400","2026-06-11T11:27:46-0400"
"NIPA","T11400","A438RC",2,"Consumption of fixed capital","Current Dollars","2024","Level","6",2583318,"T11400","2026-06-11T11:27:46-0400"
"NIPA","T11400","A438RC",2,"Consumption of fixed capital","Current Dollars","2025","Level","6",2742753,"T11400","2026-06-11T11:27:46-0400"
"NIPA","T11400","A439RC",3,"Net value added","Current Dollars","1929","Level","6",49578,"T11400","2026-06-11T11:27:46-0400"
"NIPA","T11400","A439RC",3,"Net value added","Current Dollars","1930","Level","6",43098,"T11400","2026-06-11T11:27:46-0400"
"NIPA","T11400","A439RC",3,"Net value added","Current Dollars","1931","Level","6",33094,"T11400","2026-06-11T11:27:46-0400"
"NIPA","T11400","A439RC",3,"Net value added","Current Dollars","1932","Level","6",23621,"T11400","2026-06-11T11:27:46-0400"
"NIPA","T11400","A439RC",3,"Net value added","Current Dollars","1933","Level","6",22868,"T11400","2026-06-11T11:27:46-0400"
"NIPA","T11400","A439RC",3,"Net value added","Current Dollars","1934","Level","6",29396,"T11400","2026-06-11T11:27:46-0400"
"NIPA","T11400","A439RC",3,"Net value added","Current Dollars","1935","Level","6",32963,"T11400","2026-06-11T11:27:46-0400"
"NIPA","T11400","A439RC",3,"Net value added","Current Dollars","1936","Level","6",38476,"T11400","2026-06-11T11:27:46-0400"
"NIPA","T11400","A439RC",3,"Net value added","Current Dollars","1937","Level","6",43595,"T11400","2026-06-11T11:27:46-0400"
"NIPA","T11400","A439RC",3,"Net value added","Current Dollars","1938","Level","6",38180,"T11400","2026-06-11T11:27:46-0400"
"NIPA","T11400","A439RC",3,"Net value added","Current Dollars","1939","Level","6",42499,"T11400","2026-06-11T11:27:46-0400"
"NIPA","T11400","A439RC",3,"Net value added","Current Dollars","1940","Level","6",49065,"T11400","2026-06-11T11:27:46-0400"
"NIPA","T11400","A439RC",3,"Net value added","Current Dollars","1941","Level","6",64371,"T11400","2026-06-11T11:27:46-0400"
"NIPA","T11400","A439RC",3,"Net value added","Current Dollars","1942","Level","6",81090,"T11400","2026-06-11T11:27:46-0400"
"NIPA","T11400","A439RC",3,"Net value added","Current Dollars","1943","Level","6",96930,"T11400","2026-06-11T11:27:46-0400"
"NIPA","T11400","A439RC",3,"Net value added","Current Dollars","1944","Level","6",100518,"T11400","2026-06-11T11:27:46-0400"
"NIPA","T11400","A439RC",3,"Net value added","Current Dollars","1945","Level","6",93853,"T11400","2026-06-11T11:27:46-0400"
"NIPA","T11400","A439RC",3,"Net value added","Current Dollars","1946","Level","6",97807,"T11400","2026-06-11T11:27:46-0400"
"NIPA","T11400","A439RC",3,"Net value added","Current Dollars","1947","Level","6",117707,"T11400","2026-06-11T11:27:46-0400"
"NIPA","T11400","A439RC",3,"Net value added","Current Dollars","1948","Level","6",134575,"T11400","2026-06-11T11:27:46-0400"
"NIPA","T11400","A439RC",3,"Net value added","Current Dollars","1949","Level","6",130610,"T11400","2026-06-11T11:27:46-0400"
"NIPA","T11400","A439RC",3,"Net value added","Current Dollars","1950","Level","6",148826,"T11400","2026-06-11T11:27:46-0400"
"NIPA","T11400","A439RC",3,"Net value added","Current Dollars","1951","Level","6",170655,"T11400","2026-06-11T11:27:46-0400"
"NIPA","T11400","A439RC",3,"Net value added","Current Dollars","1952","Level","6",178911,"T11400","2026-06-11T11:27:46-0400"
"NIPA","T11400","A439RC",3,"Net value added","Current Dollars","1953","Level","6",191884,"T11400","2026-06-11T11:27:46-0400"
"NIPA","T11400","A439RC",3,"Net value added","Current Dollars","1954","Level","6",188525,"T11400","2026-06-11T11:27:46-0400"
"NIPA","T11400","A439RC",3,"Net value added","Current Dollars","1955","Level","6",213491,"T11400","2026-06-11T11:27:46-0400"
"NIPA","T11400","A439RC",3,"Net value added","Current Dollars","1956","Level","6",227965,"T11400","2026-06-11T11:27:46-0400"
"NIPA","T11400","A439RC",3,"Net value added","Current Dollars","1957","Level","6",237097,"T11400","2026-06-11T11:27:46-0400"
"NIPA","T11400","A439RC",3,"Net value added","Current Dollars","1958","Level","6",230435,"T11400","2026-06-11T11:27:46-0400"
"NIPA","T11400","A439RC",3,"Net value added","Current Dollars","1959","Level","6",259826,"T11400","2026-06-11T11:27:46-0400"
"NIPA","T11400","A439RC",3,"Net value added","Current Dollars","1960","Level","6",271391,"T11400","2026-06-11T11:27:46-0400"
"NIPA","T11400","A439RC",3,"Net value added","Current Dollars","1961","Level","6",279205,"T11400","2026-06-11T11:27:46-0400"
"NIPA","T11400","A439RC",3,"Net value added","Current Dollars","1962","Level","6",305114,"T11400","2026-06-11T11:27:46-0400"
"NIPA","T11400","A439RC",3,"Net value added","Current Dollars","1963","Level","6",324946,"T11400","2026-06-11T11:27:46-0400"
"NIPA","T11400","A439RC",3,"Net value added","Current Dollars","1964","Level","6",351570,"T11400","2026-06-11T11:27:46-0400"
"NIPA","T11400","A439RC",3,"Net value added","Current Dollars","1965","Level","6",386637,"T11400","2026-06-11T11:27:46-0400"
"NIPA","T11400","A439RC",3,"Net value added","Current Dollars","1966","Level","6",424230,"T11400","2026-06-11T11:27:46-0400"
"NIPA","T11400","A439RC",3,"Net value added","Current Dollars","1967","Level","6",446076,"T11400","2026-06-11T11:27:46-0400"
"NIPA","T11400","A439RC",3,"Net value added","Current Dollars","1968","Level","6",492119,"T11400","2026-06-11T11:27:46-0400"
"NIPA","T11400","A439RC",3,"Net value added","Current Dollars","1969","Level","6",534949,"T11400","2026-06-11T11:27:46-0400"
"NIPA","T11400","A439RC",3,"Net value added","Current Dollars","1970","Level","6",550323,"T11400","2026-06-11T11:27:46-0400"
"NIPA","T11400","A439RC",3,"Net value added","Current Dollars","1971","Level","6",593302,"T11400","2026-06-11T11:27:46-0400"
"NIPA","T11400","A439RC",3,"Net value added","Current Dollars","1972","Level","6",659462,"T11400","2026-06-11T11:27:46-0400"
"NIPA","T11400","A439RC",3,"Net value added","Current Dollars","1973","Level","6",738228,"T11400","2026-06-11T11:27:46-0400"
"NIPA","T11400","A439RC",3,"Net value added","Current Dollars","1974","Level","6",793539,"T11400","2026-06-11T11:27:46-0400"
"NIPA","T11400","A439RC",3,"Net value added","Current Dollars","1975","Level","6",852029,"T11400","2026-06-11T11:27:46-0400"
"NIPA","T11400","A439RC",3,"Net value added","Current Dollars","1976","Level","6",962280,"T11400","2026-06-11T11:27:46-0400"
"NIPA","T11400","A439RC",3,"Net value added","Current Dollars","1977","Level","6",1092063,"T11400","2026-06-11T11:27:46-0400"
"NIPA","T11400","A439RC",3,"Net value added","Current Dollars","1978","Level","6",1247614,"T11400","2026-06-11T11:27:46-0400"
"NIPA","T11400","A439RC",3,"Net value added","Current Dollars","1979","Level","6",1381003,"T11400","2026-06-11T11:27:46-0400"
"NIPA","T11400","A439RC",3,"Net value added","Current Dollars","1980","Level","6",1490293,"T11400","2026-06-11T11:27:46-0400"
"NIPA","T11400","A439RC",3,"Net value added","Current Dollars","1981","Level","6",1690250,"T11400","2026-06-11T11:27:46-0400"
"NIPA","T11400","A439RC",3,"Net value added","Current Dollars","1982","Level","6",1746045,"T11400","2026-06-11T11:27:46-0400"
"NIPA","T11400","A439RC",3,"Net value added","Current Dollars","1983","Level","6",1886578,"T11400","2026-06-11T11:27:46-0400"
"NIPA","T11400","A439RC",3,"Net value added","Current Dollars","1984","Level","6",2131609,"T11400","2026-06-11T11:27:46-0400"
"NIPA","T11400","A439RC",3,"Net value added","Current Dollars","1985","Level","6",2274629,"T11400","2026-06-11T11:27:46-0400"
"NIPA","T11400","A439RC",3,"Net value added","Current Dollars","1986","Level","6",2356904,"T11400","2026-06-11T11:27:46-0400"
"NIPA","T11400","A439RC",3,"Net value added","Current Dollars","1987","Level","6",2523841,"T11400","2026-06-11T11:27:46-0400"
"NIPA","T11400","A439RC",3,"Net value added","Current Dollars","1988","Level","6",2742681,"T11400","2026-06-11T11:27:46-0400"
"NIPA","T11400","A439RC",3,"Net value added","Current Dollars","1989","Level","6",2892999,"T11400","2026-06-11T11:27:46-0400"
"NIPA","T11400","A439RC",3,"Net value added","Current Dollars","1990","Level","6",3012647,"T11400","2026-06-11T11:27:46-0400"
"NIPA","T11400","A439RC",3,"Net value added","Current Dollars","1991","Level","6",3075069,"T11400","2026-06-11T11:27:46-0400"
"NIPA","T11400","A439RC",3,"Net value added","Current Dollars","1992","Level","6",3248017,"T11400","2026-06-11T11:27:46-0400"
"NIPA","T11400","A439RC",3,"Net value added","Current Dollars","1993","Level","6",3401675,"T11400","2026-06-11T11:27:46-0400"
"NIPA","T11400","A439RC",3,"Net value added","Current Dollars","1994","Level","6",3662501,"T11400","2026-06-11T11:27:46-0400"
"NIPA","T11400","A439RC",3,"Net value added","Current Dollars","1995","Level","6",3883804,"T11400","2026-06-11T11:27:46-0400"
"NIPA","T11400","A439RC",3,"Net value added","Current Dollars","1996","Level","6",4143873,"T11400","2026-06-11T11:27:46-0400"
"NIPA","T11400","A439RC",3,"Net value added","Current Dollars","1997","Level","6",4473098,"T11400","2026-06-11T11:27:46-0400"
"NIPA","T11400","A439RC",3,"Net value added","Current Dollars","1998","Level","6",4759458,"T11400","2026-06-11T11:27:46-0400"
"NIPA","T11400","A439RC",3,"Net value added","Current Dollars","1999","Level","6",5032429,"T11400","2026-06-11T11:27:46-0400"
"NIPA","T11400","A439RC",3,"Net value added","Current Dollars","2000","Level","6",5377582,"T11400","2026-06-11T11:27:46-0400"
"NIPA","T11400","A439RC",3,"Net value added","Current Dollars","2001","Level","6",5314009,"T11400","2026-06-11T11:27:46-0400"
"NIPA","T11400","A439RC",3,"Net value added","Current Dollars","2002","Level","6",5383953,"T11400","2026-06-11T11:27:46-0400"
"NIPA","T11400","A439RC",3,"Net value added","Current Dollars","2003","Level","6",5592409,"T11400","2026-06-11T11:27:46-0400"
"NIPA","T11400","A439RC",3,"Net value added","Current Dollars","2004","Level","6",5986994,"T11400","2026-06-11T11:27:46-0400"
"NIPA","T11400","A439RC",3,"Net value added","Current Dollars","2005","Level","6",6443365,"T11400","2026-06-11T11:27:46-0400"
"NIPA","T11400","A439RC",3,"Net value added","Current Dollars","2006","Level","6",6910013,"T11400","2026-06-11T11:27:46-0400"
"NIPA","T11400","A439RC",3,"Net value added","Current Dollars","2007","Level","6",7010314,"T11400","2026-06-11T11:27:46-0400"
"NIPA","T11400","A439RC",3,"Net value added","Current Dollars","2008","Level","6",6852047,"T11400","2026-06-11T11:27:46-0400"
"NIPA","T11400","A439RC",3,"Net value added","Current Dollars","2009","Level","6",6553678,"T11400","2026-06-11T11:27:46-0400"
"NIPA","T11400","A439RC",3,"Net value added","Current Dollars","2010","Level","6",6966278,"T11400","2026-06-11T11:27:46-0400"
"NIPA","T11400","A439RC",3,"Net value added","Current Dollars","2011","Level","6",7298487,"T11400","2026-06-11T11:27:46-0400"
"NIPA","T11400","A439RC",3,"Net value added","Current Dollars","2012","Level","6",7781965,"T11400","2026-06-11T11:27:46-0400"
"NIPA","T11400","A439RC",3,"Net value added","Current Dollars","2013","Level","6",8009247,"T11400","2026-06-11T11:27:46-0400"
"NIPA","T11400","A439RC",3,"Net value added","Current Dollars","2014","Level","6",8522202,"T11400","2026-06-11T11:27:46-0400"
"NIPA","T11400","A439RC",3,"Net value added","Current Dollars","2015","Level","6",8902292,"T11400","2026-06-11T11:27:46-0400"
"NIPA","T11400","A439RC",3,"Net value added","Current Dollars","2016","Level","6",9054477,"T11400","2026-06-11T11:27:46-0400"
"NIPA","T11400","A439RC",3,"Net value added","Current Dollars","2017","Level","6",9423390,"T11400","2026-06-11T11:27:46-0400"
"NIPA","T11400","A439RC",3,"Net value added","Current Dollars","2018","Level","6",10002784,"T11400","2026-06-11T11:27:46-0400"
"NIPA","T11400","A439RC",3,"Net value added","Current Dollars","2019","Level","6",10440725,"T11400","2026-06-11T11:27:46-0400"
"NIPA","T11400","A439RC",3,"Net value added","Current Dollars","2020","Level","6",10127094,"T11400","2026-06-11T11:27:46-0400"
"NIPA","T11400","A439RC",3,"Net value added","Current Dollars","2021","Level","6",11748575,"T11400","2026-06-11T11:27:46-0400"
"NIPA","T11400","A439RC",3,"Net value added","Current Dollars","2022","Level","6",13034696,"T11400","2026-06-11T11:27:46-0400"
"NIPA","T11400","A439RC",3,"Net value added","Current Dollars","2023","Level","6",13678575,"T11400","2026-06-11T11:27:46-0400"
"NIPA","T11400","A439RC",3,"Net value added","Current Dollars","2024","Level","6",14377761,"T11400","2026-06-11T11:27:46-0400"
"NIPA","T11400","A439RC",3,"Net value added","Current Dollars","2025","Level","6",15142321,"T11400","2026-06-11T11:27:46-0400"
"NIPA","T11400","A442RC",4,"Compensation of employees","Current Dollars","1929","Level","6",34242,"T11400","2026-06-11T11:27:46-0400"
"NIPA","T11400","A442RC",4,"Compensation of employees","Current Dollars","1930","Level","6",30808,"T11400","2026-06-11T11:27:46-0400"
"NIPA","T11400","A442RC",4,"Compensation of employees","Current Dollars","1931","Level","6",25369,"T11400","2026-06-11T11:27:46-0400"
"NIPA","T11400","A442RC",4,"Compensation of employees","Current Dollars","1932","Level","6",19013,"T11400","2026-06-11T11:27:46-0400"
"NIPA","T11400","A442RC",4,"Compensation of employees","Current Dollars","1933","Level","6",18002,"T11400","2026-06-11T11:27:46-0400"
"NIPA","T11400","A442RC",4,"Compensation of employees","Current Dollars","1934","Level","6",21045,"T11400","2026-06-11T11:27:46-0400"
"NIPA","T11400","A442RC",4,"Compensation of employees","Current Dollars","1935","Level","6",23056,"T11400","2026-06-11T11:27:46-0400"
"NIPA","T11400","A442RC",4,"Compensation of employees","Current Dollars","1936","Level","6",26274,"T11400","2026-06-11T11:27:46-0400"
"NIPA","T11400","A442RC",4,"Compensation of employees","Current Dollars","1937","Level","6",30548,"T11400","2026-06-11T11:27:46-0400"
"NIPA","T11400","A442RC",4,"Compensation of employees","Current Dollars","1938","Level","6",27266,"T11400","2026-06-11T11:27:46-0400"
"NIPA","T11400","A442RC",4,"Compensation of employees","Current Dollars","1939","Level","6",29816,"T11400","2026-06-11T11:27:46-0400"
"NIPA","T11400","A442RC",4,"Compensation of employees","Current Dollars","1940","Level","6",32856,"T11400","2026-06-11T11:27:46-0400"
"NIPA","T11400","A442RC",4,"Compensation of employees","Current Dollars","1941","Level","6",41598,"T11400","2026-06-11T11:27:46-0400"
"NIPA","T11400","A442RC",4,"Compensation of employees","Current Dollars","1942","Level","6",52849,"T11400","2026-06-11T11:27:46-0400"
"NIPA","T11400","A442RC",4,"Compensation of employees","Current Dollars","1943","Level","6",64141,"T11400","2026-06-11T11:27:46-0400"
"NIPA","T11400","A442RC",4,"Compensation of employees","Current Dollars","1944","Level","6",67074,"T11400","2026-06-11T11:27:46-0400"
"NIPA","T11400","A442RC",4,"Compensation of employees","Current Dollars","1945","Level","6",64069,"T11400","2026-06-11T11:27:46-0400"
"NIPA","T11400","A442RC",4,"Compensation of employees","Current Dollars","1946","Level","6",69854,"T11400","2026-06-11T11:27:46-0400"
"NIPA","T11400","A442RC",4,"Compensation of employees","Current Dollars","1947","Level","6",82136,"T11400","2026-06-11T11:27:46-0400"
"NIPA","T11400","A442RC",4,"Compensation of employees","Current Dollars","1948","Level","6",91111,"T11400","2026-06-11T11:27:46-0400"
"NIPA","T11400","A442RC",4,"Compensation of employees","Current Dollars","1949","Level","6",88798,"T11400","2026-06-11T11:27:46-0400"
"NIPA","T11400","A442RC",4,"Compensation of employees","Current Dollars","1950","Level","6",98654,"T11400","2026-06-11T11:27:46-0400"
"NIPA","T11400","A442RC",4,"Compensation of employees","Current Dollars","1951","Level","6",114553,"T11400","2026-06-11T11:27:46-0400"
"NIPA","T11400","A442RC",4,"Compensation of employees","Current Dollars","1952","Level","6",123015,"T11400","2026-06-11T11:27:46-0400"
"NIPA","T11400","A442RC",4,"Compensation of employees","Current Dollars","1953","Level","6",133985,"T11400","2026-06-11T11:27:46-0400"
"NIPA","T11400","A442RC",4,"Compensation of employees","Current Dollars","1954","Level","6",132212,"T11400","2026-06-11T11:27:46-0400"
"NIPA","T11400","A442RC",4,"Compensation of employees","Current Dollars","1955","Level","6",144625,"T11400","2026-06-11T11:27:46-0400"
"NIPA","T11400","A442RC",4,"Compensation of employees","Current Dollars","1956","Level","6",158175,"T11400","2026-06-11T11:27:46-0400"
"NIPA","T11400","A442RC",4,"Compensation of employees","Current Dollars","1957","Level","6",166500,"T11400","2026-06-11T11:27:46-0400"
"NIPA","T11400","A442RC",4,"Compensation of employees","Current Dollars","1958","Level","6",163977,"T11400","2026-06-11T11:27:46-0400"
"NIPA","T11400","A442RC",4,"Compensation of employees","Current Dollars","1959","Level","6",180289,"T11400","2026-06-11T11:27:46-0400"
"NIPA","T11400","A442RC",4,"Compensation of employees","Current Dollars","1960","Level","6",190689,"T11400","2026-06-11T11:27:46-0400"
"NIPA","T11400","A442RC",4,"Compensation of employees","Current Dollars","1961","Level","6",195554,"T11400","2026-06-11T11:27:46-0400"
"NIPA","T11400","A442RC",4,"Compensation of employees","Current Dollars","1962","Level","6",210997,"T11400","2026-06-11T11:27:46-0400"
"NIPA","T11400","A442RC",4,"Compensation of employees","Current Dollars","1963","Level","6",222667,"T11400","2026-06-11T11:27:46-0400"
"NIPA","T11400","A442RC",4,"Compensation of employees","Current Dollars","1964","Level","6",239180,"T11400","2026-06-11T11:27:46-0400"
"NIPA","T11400","A442RC",4,"Compensation of employees","Current Dollars","1965","Level","6",259864,"T11400","2026-06-11T11:27:46-0400"
"NIPA","T11400","A442RC",4,"Compensation of employees","Current Dollars","1966","Level","6",288528,"T11400","2026-06-11T11:27:46-0400"
"NIPA","T11400","A442RC",4,"Compensation of employees","Current Dollars","1967","Level","6",308418,"T11400","2026-06-11T11:27:46-0400"
"NIPA","T11400","A442RC",4,"Compensation of employees","Current Dollars","1968","Level","6",340182,"T11400","2026-06-11T11:27:46-0400"
"NIPA","T11400","A442RC",4,"Compensation of employees","Current Dollars","1969","Level","6",377454,"T11400","2026-06-11T11:27:46-0400"
"NIPA","T11400","A442RC",4,"Compensation of employees","Current Dollars","1970","Level","6",398010,"T11400","2026-06-11T11:27:46-0400"
"NIPA","T11400","A442RC",4,"Compensation of employees","Current Dollars","1971","Level","6",421650,"T11400","2026-06-11T11:27:46-0400"
"NIPA","T11400","A442RC",4,"Compensation of employees","Current Dollars","1972","Level","6",468170,"T11400","2026-06-11T11:27:46-0400"
"NIPA","T11400","A442RC",4,"Compensation of employees","Current Dollars","1973","Level","6",526064,"T11400","2026-06-11T11:27:46-0400"
"NIPA","T11400","A442RC",4,"Compensation of employees","Current Dollars","1974","Level","6",577322,"T11400","2026-06-11T11:27:46-0400"
"NIPA","T11400","A442RC",4,"Compensation of employees","Current Dollars","1975","Level","6",607817,"T11400","2026-06-11T11:27:46-0400"
"NIPA","T11400","A442RC",4,"Compensation of employees","Current Dollars","1976","Level","6",682786,"T11400","2026-06-11T11:27:46-0400"
"NIPA","T11400","A442RC",4,"Compensation of employees","Current Dollars","1977","Level","6",771696,"T11400","2026-06-11T11:27:46-0400"
"NIPA","T11400","A442RC",4,"Compensation of employees","Current Dollars","1978","Level","6",884698,"T11400","2026-06-11T11:27:46-0400"
"NIPA","T11400","A442RC",4,"Compensation of employees","Current Dollars","1979","Level","6",1004441,"T11400","2026-06-11T11:27:46-0400"
"NIPA","T11400","A442RC",4,"Compensation of employees","Current Dollars","1980","Level","6",1102003,"T11400","2026-06-11T11:27:46-0400"
"NIPA","T11400","A442RC",4,"Compensation of employees","Current Dollars","1981","Level","6",1220566,"T11400","2026-06-11T11:27:46-0400"
"NIPA","T11400","A442RC",4,"Compensation of employees","Current Dollars","1982","Level","6",1275114,"T11400","2026-06-11T11:27:46-0400"
"NIPA","T11400","A442RC",4,"Compensation of employees","Current Dollars","1983","Level","6",1352980,"T11400","2026-06-11T11:27:46-0400"
"NIPA","T11400","A442RC",4,"Compensation of employees","Current Dollars","1984","Level","6",1501072,"T11400","2026-06-11T11:27:46-0400"
"NIPA","T11400","A442RC",4,"Compensation of employees","Current Dollars","1985","Level","6",1615931,"T11400","2026-06-11T11:27:46-0400"
"NIPA","T11400","A442RC",4,"Compensation of employees","Current Dollars","1986","Level","6",1723353,"T11400","2026-06-11T11:27:46-0400"
"NIPA","T11400","A442RC",4,"Compensation of employees","Current Dollars","1987","Level","6",1847640,"T11400","2026-06-11T11:27:46-0400"
"NIPA","T11400","A442RC",4,"Compensation of employees","Current Dollars","1988","Level","6",2002309,"T11400","2026-06-11T11:27:46-0400"
"NIPA","T11400","A442RC",4,"Compensation of employees","Current Dollars","1989","Level","6",2119332,"T11400","2026-06-11T11:27:46-0400"
"NIPA","T11400","A442RC",4,"Compensation of employees","Current Dollars","1990","Level","6",2234926,"T11400","2026-06-11T11:27:46-0400"
"NIPA","T11400","A442RC",4,"Compensation of employees","Current Dollars","1991","Level","6",2277820,"T11400","2026-06-11T11:27:46-0400"
"NIPA","T11400","A442RC",4,"Compensation of employees","Current Dollars","1992","Level","6",2420482,"T11400","2026-06-11T11:27:46-0400"
"NIPA","T11400","A442RC",4,"Compensation of employees","Current Dollars","1993","Level","6",2515738,"T11400","2026-06-11T11:27:46-0400"
"NIPA","T11400","A442RC",4,"Compensation of employees","Current Dollars","1994","Level","6",2649014,"T11400","2026-06-11T11:27:46-0400"
"NIPA","T11400","A442RC",4,"Compensation of employees","Current Dollars","1995","Level","6",2787890,"T11400","2026-06-11T11:27:46-0400"
"NIPA","T11400","A442RC",4,"Compensation of employees","Current Dollars","1996","Level","6",2953697,"T11400","2026-06-11T11:27:46-0400"
"NIPA","T11400","A442RC",4,"Compensation of employees","Current Dollars","1997","Level","6",3176578,"T11400","2026-06-11T11:27:46-0400"
"NIPA","T11400","A442RC",4,"Compensation of employees","Current Dollars","1998","Level","6",3447481,"T11400","2026-06-11T11:27:46-0400"
"NIPA","T11400","A442RC",4,"Compensation of employees","Current Dollars","1999","Level","6",3684312,"T11400","2026-06-11T11:27:46-0400"
"NIPA","T11400","A442RC",4,"Compensation of employees","Current Dollars","2000","Level","6",4008927,"T11400","2026-06-11T11:27:46-0400"
"NIPA","T11400","A442RC",4,"Compensation of employees","Current Dollars","2001","Level","6",4013811,"T11400","2026-06-11T11:27:46-0400"
"NIPA","T11400","A442RC",4,"Compensation of employees","Current Dollars","2002","Level","6",3972742,"T11400","2026-06-11T11:27:46-0400"
"NIPA","T11400","A442RC",4,"Compensation of employees","Current Dollars","2003","Level","6",4040875,"T11400","2026-06-11T11:27:46-0400"
"NIPA","T11400","A442RC",4,"Compensation of employees","Current Dollars","2004","Level","6",4240204,"T11400","2026-06-11T11:27:46-0400"
"NIPA","T11400","A442RC",4,"Compensation of employees","Current Dollars","2005","Level","6",4442988,"T11400","2026-06-11T11:27:46-0400"
"NIPA","T11400","A442RC",4,"Compensation of employees","Current Dollars","2006","Level","6",4681230,"T11400","2026-06-11T11:27:46-0400"
"NIPA","T11400","A442RC",4,"Compensation of employees","Current Dollars","2007","Level","6",4894238,"T11400","2026-06-11T11:27:46-0400"
"NIPA","T11400","A442RC",4,"Compensation of employees","Current Dollars","2008","Level","6",4940328,"T11400","2026-06-11T11:27:46-0400"
"NIPA","T11400","A442RC",4,"Compensation of employees","Current Dollars","2009","Level","6",4607471,"T11400","2026-06-11T11:27:46-0400"
"NIPA","T11400","A442RC",4,"Compensation of employees","Current Dollars","2010","Level","6",4700760,"T11400","2026-06-11T11:27:46-0400"
"NIPA","T11400","A442RC",4,"Compensation of employees","Current Dollars","2011","Level","6",4927979,"T11400","2026-06-11T11:27:46-0400"
"NIPA","T11400","A442RC",4,"Compensation of employees","Current Dollars","2012","Level","6",5182659,"T11400","2026-06-11T11:27:46-0400"
"NIPA","T11400","A442RC",4,"Compensation of employees","Current Dollars","2013","Level","6",5356731,"T11400","2026-06-11T11:27:46-0400"
"NIPA","T11400","A442RC",4,"Compensation of employees","Current Dollars","2014","Level","6",5648214,"T11400","2026-06-11T11:27:46-0400"
"NIPA","T11400","A442RC",4,"Compensation of employees","Current Dollars","2015","Level","6",5949841,"T11400","2026-06-11T11:27:46-0400"
"NIPA","T11400","A442RC",4,"Compensation of employees","Current Dollars","2016","Level","6",6109709,"T11400","2026-06-11T11:27:46-0400"
"NIPA","T11400","A442RC",4,"Compensation of employees","Current Dollars","2017","Level","6",6432103,"T11400","2026-06-11T11:27:46-0400"
"NIPA","T11400","A442RC",4,"Compensation of employees","Current Dollars","2018","Level","6",6780648,"T11400","2026-06-11T11:27:46-0400"
"NIPA","T11400","A442RC",4,"Compensation of employees","Current Dollars","2019","Level","6",7108215,"T11400","2026-06-11T11:27:46-0400"
"NIPA","T11400","A442RC",4,"Compensation of employees","Current Dollars","2020","Level","6",7167961,"T11400","2026-06-11T11:27:46-0400"
"NIPA","T11400","A442RC",4,"Compensation of employees","Current Dollars","2021","Level","6",7883565,"T11400","2026-06-11T11:27:46-0400"
"NIPA","T11400","A442RC",4,"Compensation of employees","Current Dollars","2022","Level","6",8504055,"T11400","2026-06-11T11:27:46-0400"
"NIPA","T11400","A442RC",4,"Compensation of employees","Current Dollars","2023","Level","6",8960619,"T11400","2026-06-11T11:27:46-0400"
"NIPA","T11400","A442RC",4,"Compensation of employees","Current Dollars","2024","Level","6",9443321,"T11400","2026-06-11T11:27:46-0400"
"NIPA","T11400","A442RC",4,"Compensation of employees","Current Dollars","2025","Level","6",9891479,"T11400","2026-06-11T11:27:46-0400"
"NIPA","T11400","A443RC",5,"Wages and salaries","Current Dollars","1929","Level","6",33818,"T11400","2026-06-11T11:27:46-0400"
"NIPA","T11400","A443RC",5,"Wages and salaries","Current Dollars","1930","Level","6",30399,"T11400","2026-06-11T11:27:46-0400"
"NIPA","T11400","A443RC",5,"Wages and salaries","Current Dollars","1931","Level","6",24996,"T11400","2026-06-11T11:27:46-0400"
"NIPA","T11400","A443RC",5,"Wages and salaries","Current Dollars","1932","Level","6",18690,"T11400","2026-06-11T11:27:46-0400"
"NIPA","T11400","A443RC",5,"Wages and salaries","Current Dollars","1933","Level","6",17706,"T11400","2026-06-11T11:27:46-0400"
"NIPA","T11400","A443RC",5,"Wages and salaries","Current Dollars","1934","Level","6",20714,"T11400","2026-06-11T11:27:46-0400"
"NIPA","T11400","A443RC",5,"Wages and salaries","Current Dollars","1935","Level","6",22697,"T11400","2026-06-11T11:27:46-0400"
"NIPA","T11400","A443RC",5,"Wages and salaries","Current Dollars","1936","Level","6",25645,"T11400","2026-06-11T11:27:46-0400"
"NIPA","T11400","A443RC",5,"Wages and salaries","Current Dollars","1937","Level","6",29256,"T11400","2026-06-11T11:27:46-0400"
"NIPA","T11400","A443RC",5,"Wages and salaries","Current Dollars","1938","Level","6",25848,"T11400","2026-06-11T11:27:46-0400"
"NIPA","T11400","A443RC",5,"Wages and salaries","Current Dollars","1939","Level","6",28288,"T11400","2026-06-11T11:27:46-0400"
"NIPA","T11400","A443RC",5,"Wages and salaries","Current Dollars","1940","Level","6",31218,"T11400","2026-06-11T11:27:46-0400"
"NIPA","T11400","A443RC",5,"Wages and salaries","Current Dollars","1941","Level","6",39612,"T11400","2026-06-11T11:27:46-0400"
"NIPA","T11400","A443RC",5,"Wages and salaries","Current Dollars","1942","Level","6",50520,"T11400","2026-06-11T11:27:46-0400"
"NIPA","T11400","A443RC",5,"Wages and salaries","Current Dollars","1943","Level","6",61311,"T11400","2026-06-11T11:27:46-0400"
"NIPA","T11400","A443RC",5,"Wages and salaries","Current Dollars","1944","Level","6",63907,"T11400","2026-06-11T11:27:46-0400"
"NIPA","T11400","A443RC",5,"Wages and salaries","Current Dollars","1945","Level","6",60916,"T11400","2026-06-11T11:27:46-0400"
"NIPA","T11400","A443RC",5,"Wages and salaries","Current Dollars","1946","Level","6",66473,"T11400","2026-06-11T11:27:46-0400"
"NIPA","T11400","A443RC",5,"Wages and salaries","Current Dollars","1947","Level","6",77991,"T11400","2026-06-11T11:27:46-0400"
"NIPA","T11400","A443RC",5,"Wages and salaries","Current Dollars","1948","Level","6",86899,"T11400","2026-06-11T11:27:46-0400"
"NIPA","T11400","A443RC",5,"Wages and salaries","Current Dollars","1949","Level","6",84390,"T11400","2026-06-11T11:27:46-0400"
"NIPA","T11400","A443RC",5,"Wages and salaries","Current Dollars","1950","Level","6",92989,"T11400","2026-06-11T11:27:46-0400"
"NIPA","T11400","A443RC",5,"Wages and salaries","Current Dollars","1951","Level","6",107533,"T11400","2026-06-11T11:27:46-0400"
"NIPA","T11400","A443RC",5,"Wages and salaries","Current Dollars","1952","Level","6",115490,"T11400","2026-06-11T11:27:46-0400"
"NIPA","T11400","A443RC",5,"Wages and salaries","Current Dollars","1953","Level","6",125801,"T11400","2026-06-11T11:27:46-0400"
"NIPA","T11400","A443RC",5,"Wages and salaries","Current Dollars","1954","Level","6",123600,"T11400","2026-06-11T11:27:46-0400"
"NIPA","T11400","A443RC",5,"Wages and salaries","Current Dollars","1955","Level","6",134819,"T11400","2026-06-11T11:27:46-0400"
"NIPA","T11400","A443RC",5,"Wages and salaries","Current Dollars","1956","Level","6",147005,"T11400","2026-06-11T11:27:46-0400"
"NIPA","T11400","A443RC",5,"Wages and salaries","Current Dollars","1957","Level","6",154027,"T11400","2026-06-11T11:27:46-0400"
"NIPA","T11400","A443RC",5,"Wages and salaries","Current Dollars","1958","Level","6",151393,"T11400","2026-06-11T11:27:46-0400"
"NIPA","T11400","A443RC",5,"Wages and salaries","Current Dollars","1959","Level","6",165640,"T11400","2026-06-11T11:27:46-0400"
"NIPA","T11400","A443RC",5,"Wages and salaries","Current Dollars","1960","Level","6",174456,"T11400","2026-06-11T11:27:46-0400"
"NIPA","T11400","A443RC",5,"Wages and salaries","Current Dollars","1961","Level","6",178685,"T11400","2026-06-11T11:27:46-0400"
"NIPA","T11400","A443RC",5,"Wages and salaries","Current Dollars","1962","Level","6",191821,"T11400","2026-06-11T11:27:46-0400"
"NIPA","T11400","A443RC",5,"Wages and salaries","Current Dollars","1963","Level","6",201917,"T11400","2026-06-11T11:27:46-0400"
"NIPA","T11400","A443RC",5,"Wages and salaries","Current Dollars","1964","Level","6",216750,"T11400","2026-06-11T11:27:46-0400"
"NIPA","T11400","A443RC",5,"Wages and salaries","Current Dollars","1965","Level","6",235153,"T11400","2026-06-11T11:27:46-0400"
"NIPA","T11400","A443RC",5,"Wages and salaries","Current Dollars","1966","Level","6",259249,"T11400","2026-06-11T11:27:46-0400"
"NIPA","T11400","A443RC",5,"Wages and salaries","Current Dollars","1967","Level","6",277066,"T11400","2026-06-11T11:27:46-0400"
"NIPA","T11400","A443RC",5,"Wages and salaries","Current Dollars","1968","Level","6",305414,"T11400","2026-06-11T11:27:46-0400"
"NIPA","T11400","A443RC",5,"Wages and salaries","Current Dollars","1969","Level","6",338028,"T11400","2026-06-11T11:27:46-0400"
"NIPA","T11400","A443RC",5,"Wages and salaries","Current Dollars","1970","Level","6",355982,"T11400","2026-06-11T11:27:46-0400"
"NIPA","T11400","A443RC",5,"Wages and salaries","Current Dollars","1971","Level","6",376191,"T11400","2026-06-11T11:27:46-0400"
"NIPA","T11400","A443RC",5,"Wages and salaries","Current Dollars","1972","Level","6",414773,"T11400","2026-06-11T11:27:46-0400"
"NIPA","T11400","A443RC",5,"Wages and salaries","Current Dollars","1973","Level","6",464577,"T11400","2026-06-11T11:27:46-0400"
"NIPA","T11400","A443RC",5,"Wages and salaries","Current Dollars","1974","Level","6",508899,"T11400","2026-06-11T11:27:46-0400"
"NIPA","T11400","A443RC",5,"Wages and salaries","Current Dollars","1975","Level","6",528426,"T11400","2026-06-11T11:27:46-0400"
"NIPA","T11400","A443RC",5,"Wages and salaries","Current Dollars","1976","Level","6",591170,"T11400","2026-06-11T11:27:46-0400"
"NIPA","T11400","A443RC",5,"Wages and salaries","Current Dollars","1977","Level","6",662696,"T11400","2026-06-11T11:27:46-0400"
"NIPA","T11400","A443RC",5,"Wages and salaries","Current Dollars","1978","Level","6",756219,"T11400","2026-06-11T11:27:46-0400"
"NIPA","T11400","A443RC",5,"Wages and salaries","Current Dollars","1979","Level","6",855631,"T11400","2026-06-11T11:27:46-0400"
"NIPA","T11400","A443RC",5,"Wages and salaries","Current Dollars","1980","Level","6",935607,"T11400","2026-06-11T11:27:46-0400"
"NIPA","T11400","A443RC",5,"Wages and salaries","Current Dollars","1981","Level","6",1033425,"T11400","2026-06-11T11:27:46-0400"
"NIPA","T11400","A443RC",5,"Wages and salaries","Current Dollars","1982","Level","6",1073098,"T11400","2026-06-11T11:27:46-0400"
"NIPA","T11400","A443RC",5,"Wages and salaries","Current Dollars","1983","Level","6",1132638,"T11400","2026-06-11T11:27:46-0400"
"NIPA","T11400","A443RC",5,"Wages and salaries","Current Dollars","1984","Level","6",1256796,"T11400","2026-06-11T11:27:46-0400"
"NIPA","T11400","A443RC",5,"Wages and salaries","Current Dollars","1985","Level","6",1351389,"T11400","2026-06-11T11:27:46-0400"
"NIPA","T11400","A443RC",5,"Wages and salaries","Current Dollars","1986","Level","6",1432276,"T11400","2026-06-11T11:27:46-0400"
"NIPA","T11400","A443RC",5,"Wages and salaries","Current Dollars","1987","Level","6",1536556,"T11400","2026-06-11T11:27:46-0400"
"NIPA","T11400","A443RC",5,"Wages and salaries","Current Dollars","1988","Level","6",1666051,"T11400","2026-06-11T11:27:46-0400"
"NIPA","T11400","A443RC",5,"Wages and salaries","Current Dollars","1989","Level","6",1756511,"T11400","2026-06-11T11:27:46-0400"
"NIPA","T11400","A443RC",5,"Wages and salaries","Current Dollars","1990","Level","6",1849276,"T11400","2026-06-11T11:27:46-0400"
"NIPA","T11400","A443RC",5,"Wages and salaries","Current Dollars","1991","Level","6",1875310,"T11400","2026-06-11T11:27:46-0400"
"NIPA","T11400","A443RC",5,"Wages and salaries","Current Dollars","1992","Level","6",1977815,"T11400","2026-06-11T11:27:46-0400"
"NIPA","T11400","A443RC",5,"Wages and salaries","Current Dollars","1993","Level","6",2049051,"T11400","2026-06-11T11:27:46-0400"
"NIPA","T11400","A443RC",5,"Wages and salaries","Current Dollars","1994","Level","6",2160314,"T11400","2026-06-11T11:27:46-0400"
"NIPA","T11400","A443RC",5,"Wages and salaries","Current Dollars","1995","Level","6",2296100,"T11400","2026-06-11T11:27:46-0400"
"NIPA","T11400","A443RC",5,"Wages and salaries","Current Dollars","1996","Level","6",2448245,"T11400","2026-06-11T11:27:46-0400"
"NIPA","T11400","A443RC",5,"Wages and salaries","Current Dollars","1997","Level","6",2650834,"T11400","2026-06-11T11:27:46-0400"
"NIPA","T11400","A443RC",5,"Wages and salaries","Current Dollars","1998","Level","6",2883173,"T11400","2026-06-11T11:27:46-0400"
"NIPA","T11400","A443RC",5,"Wages and salaries","Current Dollars","1999","Level","6",3092422,"T11400","2026-06-11T11:27:46-0400"
"NIPA","T11400","A443RC",5,"Wages and salaries","Current Dollars","2000","Level","6",3363793,"T11400","2026-06-11T11:27:46-0400"
"NIPA","T11400","A443RC",5,"Wages and salaries","Current Dollars","2001","Level","6",3352267,"T11400","2026-06-11T11:27:46-0400"
"NIPA","T11400","A443RC",5,"Wages and salaries","Current Dollars","2002","Level","6",3295427,"T11400","2026-06-11T11:27:46-0400"
"NIPA","T11400","A443RC",5,"Wages and salaries","Current Dollars","2003","Level","6",3335709,"T11400","2026-06-11T11:27:46-0400"
"NIPA","T11400","A443RC",5,"Wages and salaries","Current Dollars","2004","Level","6",3502114,"T11400","2026-06-11T11:27:46-0400"
"NIPA","T11400","A443RC",5,"Wages and salaries","Current Dollars","2005","Level","6",3663800,"T11400","2026-06-11T11:27:46-0400"
"NIPA","T11400","A443RC",5,"Wages and salaries","Current Dollars","2006","Level","6",3883943,"T11400","2026-06-11T11:27:46-0400"
"NIPA","T11400","A443RC",5,"Wages and salaries","Current Dollars","2007","Level","6",4069648,"T11400","2026-06-11T11:27:46-0400"
"NIPA","T11400","A443RC",5,"Wages and salaries","Current Dollars","2008","Level","6",4106365,"T11400","2026-06-11T11:27:46-0400"
"NIPA","T11400","A443RC",5,"Wages and salaries","Current Dollars","2009","Level","6",3813943,"T11400","2026-06-11T11:27:46-0400"
"NIPA","T11400","A443RC",5,"Wages and salaries","Current Dollars","2010","Level","6",3896781,"T11400","2026-06-11T11:27:46-0400"
"NIPA","T11400","A443RC",5,"Wages and salaries","Current Dollars","2011","Level","6",4095854,"T11400","2026-06-11T11:27:46-0400"
"NIPA","T11400","A443RC",5,"Wages and salaries","Current Dollars","2012","Level","6",4323265,"T11400","2026-06-11T11:27:46-0400"
"NIPA","T11400","A443RC",5,"Wages and salaries","Current Dollars","2013","Level","6",4461282,"T11400","2026-06-11T11:27:46-0400"
"NIPA","T11400","A443RC",5,"Wages and salaries","Current Dollars","2014","Level","6",4722332,"T11400","2026-06-11T11:27:46-0400"
"NIPA","T11400","A443RC",5,"Wages and salaries","Current Dollars","2015","Level","6",4984286,"T11400","2026-06-11T11:27:46-0400"
"NIPA","T11400","A443RC",5,"Wages and salaries","Current Dollars","2016","Level","6",5130665,"T11400","2026-06-11T11:27:46-0400"
"NIPA","T11400","A443RC",5,"Wages and salaries","Current Dollars","2017","Level","6",5395611,"T11400","2026-06-11T11:27:46-0400"
"NIPA","T11400","A443RC",5,"Wages and salaries","Current Dollars","2018","Level","6",5681782,"T11400","2026-06-11T11:27:46-0400"
"NIPA","T11400","A443RC",5,"Wages and salaries","Current Dollars","2019","Level","6",5967980,"T11400","2026-06-11T11:27:46-0400"
"NIPA","T11400","A443RC",5,"Wages and salaries","Current Dollars","2020","Level","6",6049783,"T11400","2026-06-11T11:27:46-0400"
"NIPA","T11400","A443RC",5,"Wages and salaries","Current Dollars","2021","Level","6",6678085,"T11400","2026-06-11T11:27:46-0400"
"NIPA","T11400","A443RC",5,"Wages and salaries","Current Dollars","2022","Level","6",7232466,"T11400","2026-06-11T11:27:46-0400"
"NIPA","T11400","A443RC",5,"Wages and salaries","Current Dollars","2023","Level","6",7599293,"T11400","2026-06-11T11:27:46-0400"
"NIPA","T11400","A443RC",5,"Wages and salaries","Current Dollars","2024","Level","6",7993400,"T11400","2026-06-11T11:27:46-0400"
"NIPA","T11400","A443RC",5,"Wages and salaries","Current Dollars","2025","Level","6",8364494,"T11400","2026-06-11T11:27:46-0400"
"NIPA","T11400","A444RC",6,"Supplements to wages and salaries","Current Dollars","1929","Level","6",424,"T11400","2026-06-11T11:27:46-0400"
"NIPA","T11400","A444RC",6,"Supplements to wages and salaries","Current Dollars","1930","Level","6",409,"T11400","2026-06-11T11:27:46-0400"
"NIPA","T11400","A444RC",6,"Supplements to wages and salaries","Current Dollars","1931","Level","6",373,"T11400","2026-06-11T11:27:46-0400"
"NIPA","T11400","A444RC",6,"Supplements to wages and salaries","Current Dollars","1932","Level","6",323,"T11400","2026-06-11T11:27:46-0400"
"NIPA","T11400","A444RC",6,"Supplements to wages and salaries","Current Dollars","1933","Level","6",296,"T11400","2026-06-11T11:27:46-0400"
"NIPA","T11400","A444RC",6,"Supplements to wages and salaries","Current Dollars","1934","Level","6",331,"T11400","2026-06-11T11:27:46-0400"
"NIPA","T11400","A444RC",6,"Supplements to wages and salaries","Current Dollars","1935","Level","6",359,"T11400","2026-06-11T11:27:46-0400"
"NIPA","T11400","A444RC",6,"Supplements to wages and salaries","Current Dollars","1936","Level","6",629,"T11400","2026-06-11T11:27:46-0400"
"NIPA","T11400","A444RC",6,"Supplements to wages and salaries","Current Dollars","1937","Level","6",1292,"T11400","2026-06-11T11:27:46-0400"
"NIPA","T11400","A444RC",6,"Supplements to wages and salaries","Current Dollars","1938","Level","6",1418,"T11400","2026-06-11T11:27:46-0400"
"NIPA","T11400","A444RC",6,"Supplements to wages and salaries","Current Dollars","1939","Level","6",1528,"T11400","2026-06-11T11:27:46-0400"
"NIPA","T11400","A444RC",6,"Supplements to wages and salaries","Current Dollars","1940","Level","6",1638,"T11400","2026-06-11T11:27:46-0400"
"NIPA","T11400","A444RC",6,"Supplements to wages and salaries","Current Dollars","1941","Level","6",1986,"T11400","2026-06-11T11:27:46-0400"
"NIPA","T11400","A444RC",6,"Supplements to wages and salaries","Current Dollars","1942","Level","6",2329,"T11400","2026-06-11T11:27:46-0400"
"NIPA","T11400","A444RC",6,"Supplements to wages and salaries","Current Dollars","1943","Level","6",2830,"T11400","2026-06-11T11:27:46-0400"
"NIPA","T11400","A444RC",6,"Supplements to wages and salaries","Current Dollars","1944","Level","6",3167,"T11400","2026-06-11T11:27:46-0400"
"NIPA","T11400","A444RC",6,"Supplements to wages and salaries","Current Dollars","1945","Level","6",3153,"T11400","2026-06-11T11:27:46-0400"
"NIPA","T11400","A444RC",6,"Supplements to wages and salaries","Current Dollars","1946","Level","6",3381,"T11400","2026-06-11T11:27:46-0400"
"NIPA","T11400","A444RC",6,"Supplements to wages and salaries","Current Dollars","1947","Level","6",4145,"T11400","2026-06-11T11:27:46-0400"
"NIPA","T11400","A444RC",6,"Supplements to wages and salaries","Current Dollars","1948","Level","6",4212,"T11400","2026-06-11T11:27:46-0400"
"NIPA","T11400","A444RC",6,"Supplements to wages and salaries","Current Dollars","1949","Level","6",4408,"T11400","2026-06-11T11:27:46-0400"
"NIPA","T11400","A444RC",6,"Supplements to wages and salaries","Current Dollars","1950","Level","6",5665,"T11400","2026-06-11T11:27:46-0400"
"NIPA","T11400","A444RC",6,"Supplements to wages and salaries","Current Dollars","1951","Level","6",7020,"T11400","2026-06-11T11:27:46-0400"
"NIPA","T11400","A444RC",6,"Supplements to wages and salaries","Current Dollars","1952","Level","6",7525,"T11400","2026-06-11T11:27:46-0400"
"NIPA","T11400","A444RC",6,"Supplements to wages and salaries","Current Dollars","1953","Level","6",8184,"T11400","2026-06-11T11:27:46-0400"
"NIPA","T11400","A444RC",6,"Supplements to wages and salaries","Current Dollars","1954","Level","6",8612,"T11400","2026-06-11T11:27:46-0400"
"NIPA","T11400","A444RC",6,"Supplements to wages and salaries","Current Dollars","1955","Level","6",9806,"T11400","2026-06-11T11:27:46-0400"
"NIPA","T11400","A444RC",6,"Supplements to wages and salaries","Current Dollars","1956","Level","6",11170,"T11400","2026-06-11T11:27:46-0400"
"NIPA","T11400","A444RC",6,"Supplements to wages and salaries","Current Dollars","1957","Level","6",12473,"T11400","2026-06-11T11:27:46-0400"
"NIPA","T11400","A444RC",6,"Supplements to wages and salaries","Current Dollars","1958","Level","6",12584,"T11400","2026-06-11T11:27:46-0400"
"NIPA","T11400","A444RC",6,"Supplements to wages and salaries","Current Dollars","1959","Level","6",14649,"T11400","2026-06-11T11:27:46-0400"
"NIPA","T11400","A444RC",6,"Supplements to wages and salaries","Current Dollars","1960","Level","6",16233,"T11400","2026-06-11T11:27:46-0400"
"NIPA","T11400","A444RC",6,"Supplements to wages and salaries","Current Dollars","1961","Level","6",16869,"T11400","2026-06-11T11:27:46-0400"
"NIPA","T11400","A444RC",6,"Supplements to wages and salaries","Current Dollars","1962","Level","6",19176,"T11400","2026-06-11T11:27:46-0400"
"NIPA","T11400","A444RC",6,"Supplements to wages and salaries","Current Dollars","1963","Level","6",20750,"T11400","2026-06-11T11:27:46-0400"
"NIPA","T11400","A444RC",6,"Supplements to wages and salaries","Current Dollars","1964","Level","6",22430,"T11400","2026-06-11T11:27:46-0400"
"NIPA","T11400","A444RC",6,"Supplements to wages and salaries","Current Dollars","1965","Level","6",24711,"T11400","2026-06-11T11:27:46-0400"
"NIPA","T11400","A444RC",6,"Supplements to wages and salaries","Current Dollars","1966","Level","6",29279,"T11400","2026-06-11T11:27:46-0400"
"NIPA","T11400","A444RC",6,"Supplements to wages and salaries","Current Dollars","1967","Level","6",31352,"T11400","2026-06-11T11:27:46-0400"
"NIPA","T11400","A444RC",6,"Supplements to wages and salaries","Current Dollars","1968","Level","6",34768,"T11400","2026-06-11T11:27:46-0400"
"NIPA","T11400","A444RC",6,"Supplements to wages and salaries","Current Dollars","1969","Level","6",39426,"T11400","2026-06-11T11:27:46-0400"
"NIPA","T11400","A444RC",6,"Supplements to wages and salaries","Current Dollars","1970","Level","6",42028,"T11400","2026-06-11T11:27:46-0400"
"NIPA","T11400","A444RC",6,"Supplements to wages and salaries","Current Dollars","1971","Level","6",45459,"T11400","2026-06-11T11:27:46-0400"
"NIPA","T11400","A444RC",6,"Supplements to wages and salaries","Current Dollars","1972","Level","6",53397,"T11400","2026-06-11T11:27:46-0400"
"NIPA","T11400","A444RC",6,"Supplements to wages and salaries","Current Dollars","1973","Level","6",61487,"T11400","2026-06-11T11:27:46-0400"
"NIPA","T11400","A444RC",6,"Supplements to wages and salaries","Current Dollars","1974","Level","6",68423,"T11400","2026-06-11T11:27:46-0400"
"NIPA","T11400","A444RC",6,"Supplements to wages and salaries","Current Dollars","1975","Level","6",79391,"T11400","2026-06-11T11:27:46-0400"
"NIPA","T11400","A444RC",6,"Supplements to wages and salaries","Current Dollars","1976","Level","6",91616,"T11400","2026-06-11T11:27:46-0400"
"NIPA","T11400","A444RC",6,"Supplements to wages and salaries","Current Dollars","1977","Level","6",109000,"T11400","2026-06-11T11:27:46-0400"
"NIPA","T11400","A444RC",6,"Supplements to wages and salaries","Current Dollars","1978","Level","6",128479,"T11400","2026-06-11T11:27:46-0400"
"NIPA","T11400","A444RC",6,"Supplements to wages and salaries","Current Dollars","1979","Level","6",148810,"T11400","2026-06-11T11:27:46-0400"
"NIPA","T11400","A444RC",6,"Supplements to wages and salaries","Current Dollars","1980","Level","6",166396,"T11400","2026-06-11T11:27:46-0400"
"NIPA","T11400","A444RC",6,"Supplements to wages and salaries","Current Dollars","1981","Level","6",187141,"T11400","2026-06-11T11:27:46-0400"
"NIPA","T11400","A444RC",6,"Supplements to wages and salaries","Current Dollars","1982","Level","6",202016,"T11400","2026-06-11T11:27:46-0400"
"NIPA","T11400","A444RC",6,"Supplements to wages and salaries","Current Dollars","1983","Level","6",220342,"T11400","2026-06-11T11:27:46-0400"
"NIPA","T11400","A444RC",6,"Supplements to wages and salaries","Current Dollars","1984","Level","6",244276,"T11400","2026-06-11T11:27:46-0400"
"NIPA","T11400","A444RC",6,"Supplements to wages and salaries","Current Dollars","1985","Level","6",264542,"T11400","2026-06-11T11:27:46-0400"
"NIPA","T11400","A444RC",6,"Supplements to wages and salaries","Current Dollars","1986","Level","6",291077,"T11400","2026-06-11T11:27:46-0400"
"NIPA","T11400","A444RC",6,"Supplements to wages and salaries","Current Dollars","1987","Level","6",311084,"T11400","2026-06-11T11:27:46-0400"
"NIPA","T11400","A444RC",6,"Supplements to wages and salaries","Current Dollars","1988","Level","6",336258,"T11400","2026-06-11T11:27:46-0400"
"NIPA","T11400","A444RC",6,"Supplements to wages and salaries","Current Dollars","1989","Level","6",362821,"T11400","2026-06-11T11:27:46-0400"
"NIPA","T11400","A444RC",6,"Supplements to wages and salaries","Current Dollars","1990","Level","6",385650,"T11400","2026-06-11T11:27:46-0400"
"NIPA","T11400","A444RC",6,"Supplements to wages and salaries","Current Dollars","1991","Level","6",402510,"T11400","2026-06-11T11:27:46-0400"
"NIPA","T11400","A444RC",6,"Supplements to wages and salaries","Current Dollars","1992","Level","6",442667,"T11400","2026-06-11T11:27:46-0400"
"NIPA","T11400","A444RC",6,"Supplements to wages and salaries","Current Dollars","1993","Level","6",466687,"T11400","2026-06-11T11:27:46-0400"
"NIPA","T11400","A444RC",6,"Supplements to wages and salaries","Current Dollars","1994","Level","6",488700,"T11400","2026-06-11T11:27:46-0400"
"NIPA","T11400","A444RC",6,"Supplements to wages and salaries","Current Dollars","1995","Level","6",491790,"T11400","2026-06-11T11:27:46-0400"
"NIPA","T11400","A444RC",6,"Supplements to wages and salaries","Current Dollars","1996","Level","6",505452,"T11400","2026-06-11T11:27:46-0400"
"NIPA","T11400","A444RC",6,"Supplements to wages and salaries","Current Dollars","1997","Level","6",525744,"T11400","2026-06-11T11:27:46-0400"
"NIPA","T11400","A444RC",6,"Supplements to wages and salaries","Current Dollars","1998","Level","6",564308,"T11400","2026-06-11T11:27:46-0400"
"NIPA","T11400","A444RC",6,"Supplements to wages and salaries","Current Dollars","1999","Level","6",591890,"T11400","2026-06-11T11:27:46-0400"
"NIPA","T11400","A444RC",6,"Supplements to wages and salaries","Current Dollars","2000","Level","6",645134,"T11400","2026-06-11T11:27:46-0400"
"NIPA","T11400","A444RC",6,"Supplements to wages and salaries","Current Dollars","2001","Level","6",661543,"T11400","2026-06-11T11:27:46-0400"
"NIPA","T11400","A444RC",6,"Supplements to wages and salaries","Current Dollars","2002","Level","6",677315,"T11400","2026-06-11T11:27:46-0400"
"NIPA","T11400","A444RC",6,"Supplements to wages and salaries","Current Dollars","2003","Level","6",705166,"T11400","2026-06-11T11:27:46-0400"
"NIPA","T11400","A444RC",6,"Supplements to wages and salaries","Current Dollars","2004","Level","6",738090,"T11400","2026-06-11T11:27:46-0400"
"NIPA","T11400","A444RC",6,"Supplements to wages and salaries","Current Dollars","2005","Level","6",779188,"T11400","2026-06-11T11:27:46-0400"
"NIPA","T11400","A444RC",6,"Supplements to wages and salaries","Current Dollars","2006","Level","6",797287,"T11400","2026-06-11T11:27:46-0400"
"NIPA","T11400","A444RC",6,"Supplements to wages and salaries","Current Dollars","2007","Level","6",824590,"T11400","2026-06-11T11:27:46-0400"
"NIPA","T11400","A444RC",6,"Supplements to wages and salaries","Current Dollars","2008","Level","6",833963,"T11400","2026-06-11T11:27:46-0400"
"NIPA","T11400","A444RC",6,"Supplements to wages and salaries","Current Dollars","2009","Level","6",793528,"T11400","2026-06-11T11:27:46-0400"
"NIPA","T11400","A444RC",6,"Supplements to wages and salaries","Current Dollars","2010","Level","6",803979,"T11400","2026-06-11T11:27:46-0400"
"NIPA","T11400","A444RC",6,"Supplements to wages and salaries","Current Dollars","2011","Level","6",832125,"T11400","2026-06-11T11:27:46-0400"
"NIPA","T11400","A444RC",6,"Supplements to wages and salaries","Current Dollars","2012","Level","6",859395,"T11400","2026-06-11T11:27:46-0400"
"NIPA","T11400","A444RC",6,"Supplements to wages and salaries","Current Dollars","2013","Level","6",895449,"T11400","2026-06-11T11:27:46-0400"
"NIPA","T11400","A444RC",6,"Supplements to wages and salaries","Current Dollars","2014","Level","6",925881,"T11400","2026-06-11T11:27:46-0400"
"NIPA","T11400","A444RC",6,"Supplements to wages and salaries","Current Dollars","2015","Level","6",965555,"T11400","2026-06-11T11:27:46-0400"
"NIPA","T11400","A444RC",6,"Supplements to wages and salaries","Current Dollars","2016","Level","6",979044,"T11400","2026-06-11T11:27:46-0400"
"NIPA","T11400","A444RC",6,"Supplements to wages and salaries","Current Dollars","2017","Level","6",1036492,"T11400","2026-06-11T11:27:46-0400"
"NIPA","T11400","A444RC",6,"Supplements to wages and salaries","Current Dollars","2018","Level","6",1098866,"T11400","2026-06-11T11:27:46-0400"
"NIPA","T11400","A444RC",6,"Supplements to wages and salaries","Current Dollars","2019","Level","6",1140236,"T11400","2026-06-11T11:27:46-0400"
"NIPA","T11400","A444RC",6,"Supplements to wages and salaries","Current Dollars","2020","Level","6",1118178,"T11400","2026-06-11T11:27:46-0400"
"NIPA","T11400","A444RC",6,"Supplements to wages and salaries","Current Dollars","2021","Level","6",1205480,"T11400","2026-06-11T11:27:46-0400"
"NIPA","T11400","A444RC",6,"Supplements to wages and salaries","Current Dollars","2022","Level","6",1271589,"T11400","2026-06-11T11:27:46-0400"
"NIPA","T11400","A444RC",6,"Supplements to wages and salaries","Current Dollars","2023","Level","6",1361327,"T11400","2026-06-11T11:27:46-0400"
"NIPA","T11400","A444RC",6,"Supplements to wages and salaries","Current Dollars","2024","Level","6",1449921,"T11400","2026-06-11T11:27:46-0400"
"NIPA","T11400","A444RC",6,"Supplements to wages and salaries","Current Dollars","2025","Level","6",1526985,"T11400","2026-06-11T11:27:46-0400"
"NIPA","T11400","W321RC",7,"Taxes on production and imports less subsidies","Current Dollars","1929","Level","6",2999,"T11400","2026-06-11T11:27:46-0400"
"NIPA","T11400","W321RC",7,"Taxes on production and imports less subsidies","Current Dollars","1930","Level","6",3037,"T11400","2026-06-11T11:27:46-0400"
"NIPA","T11400","W321RC",7,"Taxes on production and imports less subsidies","Current Dollars","1931","Level","6",2842,"T11400","2026-06-11T11:27:46-0400"
"NIPA","T11400","W321RC",7,"Taxes on production and imports less subsidies","Current Dollars","1932","Level","6",2942,"T11400","2026-06-11T11:27:46-0400"
"NIPA","T11400","W321RC",7,"Taxes on production and imports less subsidies","Current Dollars","1933","Level","6",3467,"T11400","2026-06-11T11:27:46-0400"
"NIPA","T11400","W321RC",7,"Taxes on production and imports less subsidies","Current Dollars","1934","Level","6",4090,"T11400","2026-06-11T11:27:46-0400"
"NIPA","T11400","W321RC",7,"Taxes on production and imports less subsidies","Current Dollars","1935","Level","6",4155,"T11400","2026-06-11T11:27:46-0400"
"NIPA","T11400","W321RC",7,"Taxes on production and imports less subsidies","Current Dollars","1936","Level","6",4364,"T11400","2026-06-11T11:27:46-0400"
"NIPA","T11400","W321RC",7,"Taxes on production and imports less subsidies","Current Dollars","1937","Level","6",4621,"T11400","2026-06-11T11:27:46-0400"
"NIPA","T11400","W321RC",7,"Taxes on production and imports less subsidies","Current Dollars","1938","Level","6",4575,"T11400","2026-06-11T11:27:46-0400"
"NIPA","T11400","W321RC",7,"Taxes on production and imports less subsidies","Current Dollars","1939","Level","6",4751,"T11400","2026-06-11T11:27:46-0400"
"NIPA","T11400","W321RC",7,"Taxes on production and imports less subsidies","Current Dollars","1940","Level","6",5136,"T11400","2026-06-11T11:27:46-0400"
"NIPA","T11400","W321RC",7,"Taxes on production and imports less subsidies","Current Dollars","1941","Level","6",6052,"T11400","2026-06-11T11:27:46-0400"
"NIPA","T11400","W321RC",7,"Taxes on production and imports less subsidies","Current Dollars","1942","Level","6",6421,"T11400","2026-06-11T11:27:46-0400"
"NIPA","T11400","W321RC",7,"Taxes on production and imports less subsidies","Current Dollars","1943","Level","6",6810,"T11400","2026-06-11T11:27:46-0400"
"NIPA","T11400","W321RC",7,"Taxes on production and imports less subsidies","Current Dollars","1944","Level","6",7531,"T11400","2026-06-11T11:27:46-0400"
"NIPA","T11400","W321RC",7,"Taxes on production and imports less subsidies","Current Dollars","1945","Level","6",8322,"T11400","2026-06-11T11:27:46-0400"
"NIPA","T11400","W321RC",7,"Taxes on production and imports less subsidies","Current Dollars","1946","Level","6",9774,"T11400","2026-06-11T11:27:46-0400"
"NIPA","T11400","W321RC",7,"Taxes on production and imports less subsidies","Current Dollars","1947","Level","6",11525,"T11400","2026-06-11T11:27:46-0400"
"NIPA","T11400","W321RC",7,"Taxes on production and imports less subsidies","Current Dollars","1948","Level","6",12749,"T11400","2026-06-11T11:27:46-0400"
"NIPA","T11400","W321RC",7,"Taxes on production and imports less subsidies","Current Dollars","1949","Level","6",13371,"T11400","2026-06-11T11:27:46-0400"
"NIPA","T11400","W321RC",7,"Taxes on production and imports less subsidies","Current Dollars","1950","Level","6",14821,"T11400","2026-06-11T11:27:46-0400"
"NIPA","T11400","W321RC",7,"Taxes on production and imports less subsidies","Current Dollars","1951","Level","6",15853,"T11400","2026-06-11T11:27:46-0400"
"NIPA","T11400","W321RC",7,"Taxes on production and imports less subsidies","Current Dollars","1952","Level","6",17331,"T11400","2026-06-11T11:27:46-0400"
"NIPA","T11400","W321RC",7,"Taxes on production and imports less subsidies","Current Dollars","1953","Level","6",18468,"T11400","2026-06-11T11:27:46-0400"
"NIPA","T11400","W321RC",7,"Taxes on production and imports less subsidies","Current Dollars","1954","Level","6",17937,"T11400","2026-06-11T11:27:46-0400"
"NIPA","T11400","W321RC",7,"Taxes on production and imports less subsidies","Current Dollars","1955","Level","6",19818,"T11400","2026-06-11T11:27:46-0400"
"NIPA","T11400","W321RC",7,"Taxes on production and imports less subsidies","Current Dollars","1956","Level","6",21518,"T11400","2026-06-11T11:27:46-0400"
"NIPA","T11400","W321RC",7,"Taxes on production and imports less subsidies","Current Dollars","1957","Level","6",22808,"T11400","2026-06-11T11:27:46-0400"
"NIPA","T11400","W321RC",7,"Taxes on production and imports less subsidies","Current Dollars","1958","Level","6",23137,"T11400","2026-06-11T11:27:46-0400"
"NIPA","T11400","W321RC",7,"Taxes on production and imports less subsidies","Current Dollars","1959","Level","6",25553,"T11400","2026-06-11T11:27:46-0400"
"NIPA","T11400","W321RC",7,"Taxes on production and imports less subsidies","Current Dollars","1960","Level","6",27844,"T11400","2026-06-11T11:27:46-0400"
"NIPA","T11400","W321RC",7,"Taxes on production and imports less subsidies","Current Dollars","1961","Level","6",28940,"T11400","2026-06-11T11:27:46-0400"
"NIPA","T11400","W321RC",7,"Taxes on production and imports less subsidies","Current Dollars","1962","Level","6",31234,"T11400","2026-06-11T11:27:46-0400"
"NIPA","T11400","W321RC",7,"Taxes on production and imports less subsidies","Current Dollars","1963","Level","6",33170,"T11400","2026-06-11T11:27:46-0400"
"NIPA","T11400","W321RC",7,"Taxes on production and imports less subsidies","Current Dollars","1964","Level","6",35588,"T11400","2026-06-11T11:27:46-0400"
"NIPA","T11400","W321RC",7,"Taxes on production and imports less subsidies","Current Dollars","1965","Level","6",37816,"T11400","2026-06-11T11:27:46-0400"
"NIPA","T11400","W321RC",7,"Taxes on production and imports less subsidies","Current Dollars","1966","Level","6",38913,"T11400","2026-06-11T11:27:46-0400"
"NIPA","T11400","W321RC",7,"Taxes on production and imports less subsidies","Current Dollars","1967","Level","6",41389,"T11400","2026-06-11T11:27:46-0400"
"NIPA","T11400","W321RC",7,"Taxes on production and imports less subsidies","Current Dollars","1968","Level","6",47847,"T11400","2026-06-11T11:27:46-0400"
"NIPA","T11400","W321RC",7,"Taxes on production and imports less subsidies","Current Dollars","1969","Level","6",52896,"T11400","2026-06-11T11:27:46-0400"
"NIPA","T11400","W321RC",7,"Taxes on production and imports less subsidies","Current Dollars","1970","Level","6",56965,"T11400","2026-06-11T11:27:46-0400"
"NIPA","T11400","W321RC",7,"Taxes on production and imports less subsidies","Current Dollars","1971","Level","6",62805,"T11400","2026-06-11T11:27:46-0400"
"NIPA","T11400","W321RC",7,"Taxes on production and imports less subsidies","Current Dollars","1972","Level","6",67290,"T11400","2026-06-11T11:27:46-0400"
"NIPA","T11400","W321RC",7,"Taxes on production and imports less subsidies","Current Dollars","1973","Level","6",74125,"T11400","2026-06-11T11:27:46-0400"
"NIPA","T11400","W321RC",7,"Taxes on production and imports less subsidies","Current Dollars","1974","Level","6",78624,"T11400","2026-06-11T11:27:46-0400"
"NIPA","T11400","W321RC",7,"Taxes on production and imports less subsidies","Current Dollars","1975","Level","6",84498,"T11400","2026-06-11T11:27:46-0400"
"NIPA","T11400","W321RC",7,"Taxes on production and imports less subsidies","Current Dollars","1976","Level","6",91413,"T11400","2026-06-11T11:27:46-0400"
"NIPA","T11400","W321RC",7,"Taxes on production and imports less subsidies","Current Dollars","1977","Level","6",100018,"T11400","2026-06-11T11:27:46-0400"
"NIPA","T11400","W321RC",7,"Taxes on production and imports less subsidies","Current Dollars","1978","Level","6",108702,"T11400","2026-06-11T11:27:46-0400"
"NIPA","T11400","W321RC",7,"Taxes on production and imports less subsidies","Current Dollars","1979","Level","6",115009,"T11400","2026-06-11T11:27:46-0400"
"NIPA","T11400","W321RC",7,"Taxes on production and imports less subsidies","Current Dollars","1980","Level","6",128574,"T11400","2026-06-11T11:27:46-0400"
"NIPA","T11400","W321RC",7,"Taxes on production and imports less subsidies","Current Dollars","1981","Level","6",154404,"T11400","2026-06-11T11:27:46-0400"
"NIPA","T11400","W321RC",7,"Taxes on production and imports less subsidies","Current Dollars","1982","Level","6",161301,"T11400","2026-06-11T11:27:46-0400"
"NIPA","T11400","W321RC",7,"Taxes on production and imports less subsidies","Current Dollars","1983","Level","6",177439,"T11400","2026-06-11T11:27:46-0400"
"NIPA","T11400","W321RC",7,"Taxes on production and imports less subsidies","Current Dollars","1984","Level","6",195621,"T11400","2026-06-11T11:27:46-0400"
"NIPA","T11400","W321RC",7,"Taxes on production and imports less subsidies","Current Dollars","1985","Level","6",209049,"T11400","2026-06-11T11:27:46-0400"
"NIPA","T11400","W321RC",7,"Taxes on production and imports less subsidies","Current Dollars","1986","Level","6",219623,"T11400","2026-06-11T11:27:46-0400"
"NIPA","T11400","W321RC",7,"Taxes on production and imports less subsidies","Current Dollars","1987","Level","6",233366,"T11400","2026-06-11T11:27:46-0400"
"NIPA","T11400","W321RC",7,"Taxes on production and imports less subsidies","Current Dollars","1988","Level","6",252014,"T11400","2026-06-11T11:27:46-0400"
"NIPA","T11400","W321RC",7,"Taxes on production and imports less subsidies","Current Dollars","1989","Level","6",267544,"T11400","2026-06-11T11:27:46-0400"
"NIPA","T11400","W321RC",7,"Taxes on production and imports less subsidies","Current Dollars","1990","Level","6",284469,"T11400","2026-06-11T11:27:46-0400"
"NIPA","T11400","W321RC",7,"Taxes on production and imports less subsidies","Current Dollars","1991","Level","6",307936,"T11400","2026-06-11T11:27:46-0400"
"NIPA","T11400","W321RC",7,"Taxes on production and imports less subsidies","Current Dollars","1992","Level","6",325895,"T11400","2026-06-11T11:27:46-0400"
"NIPA","T11400","W321RC",7,"Taxes on production and imports less subsidies","Current Dollars","1993","Level","6",343758,"T11400","2026-06-11T11:27:46-0400"
"NIPA","T11400","W321RC",7,"Taxes on production and imports less subsidies","Current Dollars","1994","Level","6",376108,"T11400","2026-06-11T11:27:46-0400"
"NIPA","T11400","W321RC",7,"Taxes on production and imports less subsidies","Current Dollars","1995","Level","6",384752,"T11400","2026-06-11T11:27:46-0400"
"NIPA","T11400","W321RC",7,"Taxes on production and imports less subsidies","Current Dollars","1996","Level","6",398416,"T11400","2026-06-11T11:27:46-0400"
"NIPA","T11400","W321RC",7,"Taxes on production and imports less subsidies","Current Dollars","1997","Level","6",416929,"T11400","2026-06-11T11:27:46-0400"
"NIPA","T11400","W321RC",7,"Taxes on production and imports less subsidies","Current Dollars","1998","Level","6",430775,"T11400","2026-06-11T11:27:46-0400"
"NIPA","T11400","W321RC",7,"Taxes on production and imports less subsidies","Current Dollars","1999","Level","6",453905,"T11400","2026-06-11T11:27:46-0400"
"NIPA","T11400","W321RC",7,"Taxes on production and imports less subsidies","Current Dollars","2000","Level","6",479695,"T11400","2026-06-11T11:27:46-0400"
"NIPA","T11400","W321RC",7,"Taxes on production and imports less subsidies","Current Dollars","2001","Level","6",469410,"T11400","2026-06-11T11:27:46-0400"
"NIPA","T11400","W321RC",7,"Taxes on production and imports less subsidies","Current Dollars","2002","Level","6",497529,"T11400","2026-06-11T11:27:46-0400"
"NIPA","T11400","W321RC",7,"Taxes on production and imports less subsidies","Current Dollars","2003","Level","6",524274,"T11400","2026-06-11T11:27:46-0400"
"NIPA","T11400","W321RC",7,"Taxes on production and imports less subsidies","Current Dollars","2004","Level","6",569371,"T11400","2026-06-11T11:27:46-0400"
"NIPA","T11400","W321RC",7,"Taxes on production and imports less subsidies","Current Dollars","2005","Level","6",616267,"T11400","2026-06-11T11:27:46-0400"
"NIPA","T11400","W321RC",7,"Taxes on production and imports less subsidies","Current Dollars","2006","Level","6",654523,"T11400","2026-06-11T11:27:46-0400"
"NIPA","T11400","W321RC",7,"Taxes on production and imports less subsidies","Current Dollars","2007","Level","6",676292,"T11400","2026-06-11T11:27:46-0400"
"NIPA","T11400","W321RC",7,"Taxes on production and imports less subsidies","Current Dollars","2008","Level","6",684959,"T11400","2026-06-11T11:27:46-0400"
"NIPA","T11400","W321RC",7,"Taxes on production and imports less subsidies","Current Dollars","2009","Level","6",655455,"T11400","2026-06-11T11:27:46-0400"
"NIPA","T11400","W321RC",7,"Taxes on production and imports less subsidies","Current Dollars","2010","Level","6",684947,"T11400","2026-06-11T11:27:46-0400"
"NIPA","T11400","W321RC",7,"Taxes on production and imports less subsidies","Current Dollars","2011","Level","6",718673,"T11400","2026-06-11T11:27:46-0400"
"NIPA","T11400","W321RC",7,"Taxes on production and imports less subsidies","Current Dollars","2012","Level","6",743190,"T11400","2026-06-11T11:27:46-0400"
"NIPA","T11400","W321RC",7,"Taxes on production and imports less subsidies","Current Dollars","2013","Level","6",776657,"T11400","2026-06-11T11:27:46-0400"
"NIPA","T11400","W321RC",7,"Taxes on production and imports less subsidies","Current Dollars","2014","Level","6",812932,"T11400","2026-06-11T11:27:46-0400"
"NIPA","T11400","W321RC",7,"Taxes on production and imports less subsidies","Current Dollars","2015","Level","6",834841,"T11400","2026-06-11T11:27:46-0400"
"NIPA","T11400","W321RC",7,"Taxes on production and imports less subsidies","Current Dollars","2016","Level","6",851727,"T11400","2026-06-11T11:27:46-0400"
"NIPA","T11400","W321RC",7,"Taxes on production and imports less subsidies","Current Dollars","2017","Level","6",884628,"T11400","2026-06-11T11:27:46-0400"
"NIPA","T11400","W321RC",7,"Taxes on production and imports less subsidies","Current Dollars","2018","Level","6",948175,"T11400","2026-06-11T11:27:46-0400"
"NIPA","T11400","W321RC",7,"Taxes on production and imports less subsidies","Current Dollars","2019","Level","6",993339,"T11400","2026-06-11T11:27:46-0400"
"NIPA","T11400","W321RC",7,"Taxes on production and imports less subsidies","Current Dollars","2020","Level","6",578408,"T11400","2026-06-11T11:27:46-0400"
"NIPA","T11400","W321RC",7,"Taxes on production and imports less subsidies","Current Dollars","2021","Level","6",764921,"T11400","2026-06-11T11:27:46-0400"
"NIPA","T11400","W321RC",7,"Taxes on production and imports less subsidies","Current Dollars","2022","Level","6",1179906,"T11400","2026-06-11T11:27:46-0400"
"NIPA","T11400","W321RC",7,"Taxes on production and imports less subsidies","Current Dollars","2023","Level","6",1194608,"T11400","2026-06-11T11:27:46-0400"
"NIPA","T11400","W321RC",7,"Taxes on production and imports less subsidies","Current Dollars","2024","Level","6",1250767,"T11400","2026-06-11T11:27:46-0400"
"NIPA","T11400","W321RC",7,"Taxes on production and imports less subsidies","Current Dollars","2025","Level","6",1412928,"T11400","2026-06-11T11:27:46-0400"
"NIPA","T11400","W322RC",8,"Net operating surplus","Current Dollars","1929","Level","6",12337,"T11400","2026-06-11T11:27:46-0400"
"NIPA","T11400","W322RC",8,"Net operating surplus","Current Dollars","1930","Level","6",9253,"T11400","2026-06-11T11:27:46-0400"
"NIPA","T11400","W322RC",8,"Net operating surplus","Current Dollars","1931","Level","6",4883,"T11400","2026-06-11T11:27:46-0400"
"NIPA","T11400","W322RC",8,"Net operating surplus","Current Dollars","1932","Level","6",1666,"T11400","2026-06-11T11:27:46-0400"
"NIPA","T11400","W322RC",8,"Net operating surplus","Current Dollars","1933","Level","6",1399,"T11400","2026-06-11T11:27:46-0400"
"NIPA","T11400","W322RC",8,"Net operating surplus","Current Dollars","1934","Level","6",4261,"T11400","2026-06-11T11:27:46-0400"
"NIPA","T11400","W322RC",8,"Net operating surplus","Current Dollars","1935","Level","6",5752,"T11400","2026-06-11T11:27:46-0400"
"NIPA","T11400","W322RC",8,"Net operating surplus","Current Dollars","1936","Level","6",7838,"T11400","2026-06-11T11:27:46-0400"
"NIPA","T11400","W322RC",8,"Net operating surplus","Current Dollars","1937","Level","6",8426,"T11400","2026-06-11T11:27:46-0400"
"NIPA","T11400","W322RC",8,"Net operating surplus","Current Dollars","1938","Level","6",6339,"T11400","2026-06-11T11:27:46-0400"
"NIPA","T11400","W322RC",8,"Net operating surplus","Current Dollars","1939","Level","6",7932,"T11400","2026-06-11T11:27:46-0400"
"NIPA","T11400","W322RC",8,"Net operating surplus","Current Dollars","1940","Level","6",11073,"T11400","2026-06-11T11:27:46-0400"
"NIPA","T11400","W322RC",8,"Net operating surplus","Current Dollars","1941","Level","6",16721,"T11400","2026-06-11T11:27:46-0400"
"NIPA","T11400","W322RC",8,"Net operating surplus","Current Dollars","1942","Level","6",21820,"T11400","2026-06-11T11:27:46-0400"
"NIPA","T11400","W322RC",8,"Net operating surplus","Current Dollars","1943","Level","6",25979,"T11400","2026-06-11T11:27:46-0400"
"NIPA","T11400","W322RC",8,"Net operating surplus","Current Dollars","1944","Level","6",25913,"T11400","2026-06-11T11:27:46-0400"
"NIPA","T11400","W322RC",8,"Net operating surplus","Current Dollars","1945","Level","6",21462,"T11400","2026-06-11T11:27:46-0400"
"NIPA","T11400","W322RC",8,"Net operating surplus","Current Dollars","1946","Level","6",18179,"T11400","2026-06-11T11:27:46-0400"
"NIPA","T11400","W322RC",8,"Net operating surplus","Current Dollars","1947","Level","6",24046,"T11400","2026-06-11T11:27:46-0400"
"NIPA","T11400","W322RC",8,"Net operating surplus","Current Dollars","1948","Level","6",30715,"T11400","2026-06-11T11:27:46-0400"
"NIPA","T11400","W322RC",8,"Net operating surplus","Current Dollars","1949","Level","6",28441,"T11400","2026-06-11T11:27:46-0400"
"NIPA","T11400","W322RC",8,"Net operating surplus","Current Dollars","1950","Level","6",35351,"T11400","2026-06-11T11:27:46-0400"
"NIPA","T11400","W322RC",8,"Net operating surplus","Current Dollars","1951","Level","6",40249,"T11400","2026-06-11T11:27:46-0400"
"NIPA","T11400","W322RC",8,"Net operating surplus","Current Dollars","1952","Level","6",38565,"T11400","2026-06-11T11:27:46-0400"
"NIPA","T11400","W322RC",8,"Net operating surplus","Current Dollars","1953","Level","6",39431,"T11400","2026-06-11T11:27:46-0400"
"NIPA","T11400","W322RC",8,"Net operating surplus","Current Dollars","1954","Level","6",38376,"T11400","2026-06-11T11:27:46-0400"
"NIPA","T11400","W322RC",8,"Net operating surplus","Current Dollars","1955","Level","6",49048,"T11400","2026-06-11T11:27:46-0400"
"NIPA","T11400","W322RC",8,"Net operating surplus","Current Dollars","1956","Level","6",48272,"T11400","2026-06-11T11:27:46-0400"
"NIPA","T11400","W322RC",8,"Net operating surplus","Current Dollars","1957","Level","6",47789,"T11400","2026-06-11T11:27:46-0400"
"NIPA","T11400","W322RC",8,"Net operating surplus","Current Dollars","1958","Level","6",43321,"T11400","2026-06-11T11:27:46-0400"
"NIPA","T11400","W322RC",8,"Net operating surplus","Current Dollars","1959","Level","6",53984,"T11400","2026-06-11T11:27:46-0400"
"NIPA","T11400","W322RC",8,"Net operating surplus","Current Dollars","1960","Level","6",52858,"T11400","2026-06-11T11:27:46-0400"
"NIPA","T11400","W322RC",8,"Net operating surplus","Current Dollars","1961","Level","6",54711,"T11400","2026-06-11T11:27:46-0400"
"NIPA","T11400","W322RC",8,"Net operating surplus","Current Dollars","1962","Level","6",62883,"T11400","2026-06-11T11:27:46-0400"
"NIPA","T11400","W322RC",8,"Net operating surplus","Current Dollars","1963","Level","6",69109,"T11400","2026-06-11T11:27:46-0400"
"NIPA","T11400","W322RC",8,"Net operating surplus","Current Dollars","1964","Level","6",76802,"T11400","2026-06-11T11:27:46-0400"
"NIPA","T11400","W322RC",8,"Net operating surplus","Current Dollars","1965","Level","6",88957,"T11400","2026-06-11T11:27:46-0400"
"NIPA","T11400","W322RC",8,"Net operating surplus","Current Dollars","1966","Level","6",96789,"T11400","2026-06-11T11:27:46-0400"
"NIPA","T11400","W322RC",8,"Net operating surplus","Current Dollars","1967","Level","6",96269,"T11400","2026-06-11T11:27:46-0400"
"NIPA","T11400","W322RC",8,"Net operating surplus","Current Dollars","1968","Level","6",104090,"T11400","2026-06-11T11:27:46-0400"
"NIPA","T11400","W322RC",8,"Net operating surplus","Current Dollars","1969","Level","6",104599,"T11400","2026-06-11T11:27:46-0400"
"NIPA","T11400","W322RC",8,"Net operating surplus","Current Dollars","1970","Level","6",95348,"T11400","2026-06-11T11:27:46-0400"
"NIPA","T11400","W322RC",8,"Net operating surplus","Current Dollars","1971","Level","6",108847,"T11400","2026-06-11T11:27:46-0400"
"NIPA","T11400","W322RC",8,"Net operating surplus","Current Dollars","1972","Level","6",124002,"T11400","2026-06-11T11:27:46-0400"
"NIPA","T11400","W322RC",8,"Net operating surplus","Current Dollars","1973","Level","6",138039,"T11400","2026-06-11T11:27:46-0400"
"NIPA","T11400","W322RC",8,"Net operating surplus","Current Dollars","1974","Level","6",137593,"T11400","2026-06-11T11:27:46-0400"
"NIPA","T11400","W322RC",8,"Net operating surplus","Current Dollars","1975","Level","6",159714,"T11400","2026-06-11T11:27:46-0400"
"NIPA","T11400","W322RC",8,"Net operating surplus","Current Dollars","1976","Level","6",188081,"T11400","2026-06-11T11:27:46-0400"
"NIPA","T11400","W322RC",8,"Net operating surplus","Current Dollars","1977","Level","6",220349,"T11400","2026-06-11T11:27:46-0400"
"NIPA","T11400","W322RC",8,"Net operating surplus","Current Dollars","1978","Level","6",254214,"T11400","2026-06-11T11:27:46-0400"
"NIPA","T11400","W322RC",8,"Net operating surplus","Current Dollars","1979","Level","6",261553,"T11400","2026-06-11T11:27:46-0400"
"NIPA","T11400","W322RC",8,"Net operating surplus","Current Dollars","1980","Level","6",259716,"T11400","2026-06-11T11:27:46-0400"
"NIPA","T11400","W322RC",8,"Net operating surplus","Current Dollars","1981","Level","6",315280,"T11400","2026-06-11T11:27:46-0400"
"NIPA","T11400","W322RC",8,"Net operating surplus","Current Dollars","1982","Level","6",309630,"T11400","2026-06-11T11:27:46-0400"
"NIPA","T11400","W322RC",8,"Net operating surplus","Current Dollars","1983","Level","6",356159,"T11400","2026-06-11T11:27:46-0400"
"NIPA","T11400","W322RC",8,"Net operating surplus","Current Dollars","1984","Level","6",434916,"T11400","2026-06-11T11:27:46-0400"
"NIPA","T11400","W322RC",8,"Net operating surplus","Current Dollars","1985","Level","6",449649,"T11400","2026-06-11T11:27:46-0400"
"NIPA","T11400","W322RC",8,"Net operating surplus","Current Dollars","1986","Level","6",413928,"T11400","2026-06-11T11:27:46-0400"
"NIPA","T11400","W322RC",8,"Net operating surplus","Current Dollars","1987","Level","6",442835,"T11400","2026-06-11T11:27:46-0400"
"NIPA","T11400","W322RC",8,"Net operating surplus","Current Dollars","1988","Level","6",488358,"T11400","2026-06-11T11:27:46-0400"
"NIPA","T11400","W322RC",8,"Net operating surplus","Current Dollars","1989","Level","6",506123,"T11400","2026-06-11T11:27:46-0400"
"NIPA","T11400","W322RC",8,"Net operating surplus","Current Dollars","1990","Level","6",493252,"T11400","2026-06-11T11:27:46-0400"
"NIPA","T11400","W322RC",8,"Net operating surplus","Current Dollars","1991","Level","6",489313,"T11400","2026-06-11T11:27:46-0400"
"NIPA","T11400","W322RC",8,"Net operating surplus","Current Dollars","1992","Level","6",501640,"T11400","2026-06-11T11:27:46-0400"
"NIPA","T11400","W322RC",8,"Net operating surplus","Current Dollars","1993","Level","6",542179,"T11400","2026-06-11T11:27:46-0400"
"NIPA","T11400","W322RC",8,"Net operating surplus","Current Dollars","1994","Level","6",637379,"T11400","2026-06-11T11:27:46-0400"
"NIPA","T11400","W322RC",8,"Net operating surplus","Current Dollars","1995","Level","6",711162,"T11400","2026-06-11T11:27:46-0400"
"NIPA","T11400","W322RC",8,"Net operating surplus","Current Dollars","1996","Level","6",791760,"T11400","2026-06-11T11:27:46-0400"
"NIPA","T11400","W322RC",8,"Net operating surplus","Current Dollars","1997","Level","6",879591,"T11400","2026-06-11T11:27:46-0400"
"NIPA","T11400","W322RC",8,"Net operating surplus","Current Dollars","1998","Level","6",881203,"T11400","2026-06-11T11:27:46-0400"
"NIPA","T11400","W322RC",8,"Net operating surplus","Current Dollars","1999","Level","6",894212,"T11400","2026-06-11T11:27:46-0400"
"NIPA","T11400","W322RC",8,"Net operating surplus","Current Dollars","2000","Level","6",888960,"T11400","2026-06-11T11:27:46-0400"
"NIPA","T11400","W322RC",8,"Net operating surplus","Current Dollars","2001","Level","6",830788,"T11400","2026-06-11T11:27:46-0400"
"NIPA","T11400","W322RC",8,"Net operating surplus","Current Dollars","2002","Level","6",913682,"T11400","2026-06-11T11:27:46-0400"
"NIPA","T11400","W322RC",8,"Net operating surplus","Current Dollars","2003","Level","6",1027260,"T11400","2026-06-11T11:27:46-0400"
"NIPA","T11400","W322RC",8,"Net operating surplus","Current Dollars","2004","Level","6",1177419,"T11400","2026-06-11T11:27:46-0400"
"NIPA","T11400","W322RC",8,"Net operating surplus","Current Dollars","2005","Level","6",1384109,"T11400","2026-06-11T11:27:46-0400"
"NIPA","T11400","W322RC",8,"Net operating surplus","Current Dollars","2006","Level","6",1574260,"T11400","2026-06-11T11:27:46-0400"
"NIPA","T11400","W322RC",8,"Net operating surplus","Current Dollars","2007","Level","6",1439784,"T11400","2026-06-11T11:27:46-0400"
"NIPA","T11400","W322RC",8,"Net operating surplus","Current Dollars","2008","Level","6",1226760,"T11400","2026-06-11T11:27:46-0400"
"NIPA","T11400","W322RC",8,"Net operating surplus","Current Dollars","2009","Level","6",1290752,"T11400","2026-06-11T11:27:46-0400"
"NIPA","T11400","W322RC",8,"Net operating surplus","Current Dollars","2010","Level","6",1580572,"T11400","2026-06-11T11:27:46-0400"
"NIPA","T11400","W322RC",8,"Net operating surplus","Current Dollars","2011","Level","6",1651835,"T11400","2026-06-11T11:27:46-0400"
"NIPA","T11400","W322RC",8,"Net operating surplus","Current Dollars","2012","Level","6",1856116,"T11400","2026-06-11T11:27:46-0400"
"NIPA","T11400","W322RC",8,"Net operating surplus","Current Dollars","2013","Level","6",1875859,"T11400","2026-06-11T11:27:46-0400"
"NIPA","T11400","W322RC",8,"Net operating surplus","Current Dollars","2014","Level","6",2061056,"T11400","2026-06-11T11:27:46-0400"
"NIPA","T11400","W322RC",8,"Net operating surplus","Current Dollars","2015","Level","6",2117610,"T11400","2026-06-11T11:27:46-0400"
"NIPA","T11400","W322RC",8,"Net operating surplus","Current Dollars","2016","Level","6",2093040,"T11400","2026-06-11T11:27:46-0400"
"NIPA","T11400","W322RC",8,"Net operating surplus","Current Dollars","2017","Level","6",2106659,"T11400","2026-06-11T11:27:46-0400"
"NIPA","T11400","W322RC",8,"Net operating surplus","Current Dollars","2018","Level","6",2273961,"T11400","2026-06-11T11:27:46-0400"
"NIPA","T11400","W322RC",8,"Net operating surplus","Current Dollars","2019","Level","6",2339171,"T11400","2026-06-11T11:27:46-0400"
"NIPA","T11400","W322RC",8,"Net operating surplus","Current Dollars","2020","Level","6",2380724,"T11400","2026-06-11T11:27:46-0400"
"NIPA","T11400","W322RC",8,"Net operating surplus","Current Dollars","2021","Level","6",3100089,"T11400","2026-06-11T11:27:46-0400"
"NIPA","T11400","W322RC",8,"Net operating surplus","Current Dollars","2022","Level","6",3350735,"T11400","2026-06-11T11:27:46-0400"
"NIPA","T11400","W322RC",8,"Net operating surplus","Current Dollars","2023","Level","6",3523348,"T11400","2026-06-11T11:27:46-0400"
"NIPA","T11400","W322RC",8,"Net operating surplus","Current Dollars","2024","Level","6",3683673,"T11400","2026-06-11T11:27:46-0400"
"NIPA","T11400","W322RC",8,"Net operating surplus","Current Dollars","2025","Level","6",3837914,"T11400","2026-06-11T11:27:46-0400"
"NIPA","T11400","A453RC",9,"Net interest and miscellaneous payments","Current Dollars","1929","Level","6",1381,"T11400","2026-06-11T11:27:46-0400"
"NIPA","T11400","A453RC",9,"Net interest and miscellaneous payments","Current Dollars","1930","Level","6",1538,"T11400","2026-06-11T11:27:46-0400"
"NIPA","T11400","A453RC",9,"Net interest and miscellaneous payments","Current Dollars","1931","Level","6",1522,"T11400","2026-06-11T11:27:46-0400"
"NIPA","T11400","A453RC",9,"Net interest and miscellaneous payments","Current Dollars","1932","Level","6",1397,"T11400","2026-06-11T11:27:46-0400"
"NIPA","T11400","A453RC",9,"Net interest and miscellaneous payments","Current Dollars","1933","Level","6",1168,"T11400","2026-06-11T11:27:46-0400"
"NIPA","T11400","A453RC",9,"Net interest and miscellaneous payments","Current Dollars","1934","Level","6",1414,"T11400","2026-06-11T11:27:46-0400"
"NIPA","T11400","A453RC",9,"Net interest and miscellaneous payments","Current Dollars","1935","Level","6",1525,"T11400","2026-06-11T11:27:46-0400"
"NIPA","T11400","A453RC",9,"Net interest and miscellaneous payments","Current Dollars","1936","Level","6",1359,"T11400","2026-06-11T11:27:46-0400"
"NIPA","T11400","A453RC",9,"Net interest and miscellaneous payments","Current Dollars","1937","Level","6",1304,"T11400","2026-06-11T11:27:46-0400"
"NIPA","T11400","A453RC",9,"Net interest and miscellaneous payments","Current Dollars","1938","Level","6",1321,"T11400","2026-06-11T11:27:46-0400"
"NIPA","T11400","A453RC",9,"Net interest and miscellaneous payments","Current Dollars","1939","Level","6",1336,"T11400","2026-06-11T11:27:46-0400"
"NIPA","T11400","A453RC",9,"Net interest and miscellaneous payments","Current Dollars","1940","Level","6",1120,"T11400","2026-06-11T11:27:46-0400"
"NIPA","T11400","A453RC",9,"Net interest and miscellaneous payments","Current Dollars","1941","Level","6",1000,"T11400","2026-06-11T11:27:46-0400"
"NIPA","T11400","A453RC",9,"Net interest and miscellaneous payments","Current Dollars","1942","Level","6",981,"T11400","2026-06-11T11:27:46-0400"
"NIPA","T11400","A453RC",9,"Net interest and miscellaneous payments","Current Dollars","1943","Level","6",925,"T11400","2026-06-11T11:27:46-0400"
"NIPA","T11400","A453RC",9,"Net interest and miscellaneous payments","Current Dollars","1944","Level","6",692,"T11400","2026-06-11T11:27:46-0400"
"NIPA","T11400","A453RC",9,"Net interest and miscellaneous payments","Current Dollars","1945","Level","6",603,"T11400","2026-06-11T11:27:46-0400"
"NIPA","T11400","A453RC",9,"Net interest and miscellaneous payments","Current Dollars","1946","Level","6",54,"T11400","2026-06-11T11:27:46-0400"
"NIPA","T11400","A453RC",9,"Net interest and miscellaneous payments","Current Dollars","1947","Level","6",277,"T11400","2026-06-11T11:27:46-0400"
"NIPA","T11400","A453RC",9,"Net interest and miscellaneous payments","Current Dollars","1948","Level","6",7,"T11400","2026-06-11T11:27:46-0400"
"NIPA","T11400","A453RC",9,"Net interest and miscellaneous payments","Current Dollars","1949","Level","6",-47,"T11400","2026-06-11T11:27:46-0400"
"NIPA","T11400","A453RC",9,"Net interest and miscellaneous payments","Current Dollars","1950","Level","6",-133,"T11400","2026-06-11T11:27:46-0400"
"NIPA","T11400","A453RC",9,"Net interest and miscellaneous payments","Current Dollars","1951","Level","6",-222,"T11400","2026-06-11T11:27:46-0400"
"NIPA","T11400","A453RC",9,"Net interest and miscellaneous payments","Current Dollars","1952","Level","6",-249,"T11400","2026-06-11T11:27:46-0400"
"NIPA","T11400","A453RC",9,"Net interest and miscellaneous payments","Current Dollars","1953","Level","6",-45,"T11400","2026-06-11T11:27:46-0400"
"NIPA","T11400","A453RC",9,"Net interest and miscellaneous payments","Current Dollars","1954","Level","6",160,"T11400","2026-06-11T11:27:46-0400"
"NIPA","T11400","A453RC",9,"Net interest and miscellaneous payments","Current Dollars","1955","Level","6",140,"T11400","2026-06-11T11:27:46-0400"
"NIPA","T11400","A453RC",9,"Net interest and miscellaneous payments","Current Dollars","1956","Level","6",18,"T11400","2026-06-11T11:27:46-0400"
"NIPA","T11400","A453RC",9,"Net interest and miscellaneous payments","Current Dollars","1957","Level","6",164,"T11400","2026-06-11T11:27:46-0400"
"NIPA","T11400","A453RC",9,"Net interest and miscellaneous payments","Current Dollars","1958","Level","6",555,"T11400","2026-06-11T11:27:46-0400"
"NIPA","T11400","A453RC",9,"Net interest and miscellaneous payments","Current Dollars","1959","Level","6",-193,"T11400","2026-06-11T11:27:46-0400"
"NIPA","T11400","A453RC",9,"Net interest and miscellaneous payments","Current Dollars","1960","Level","6",-187,"T11400","2026-06-11T11:27:46-0400"
"NIPA","T11400","A453RC",9,"Net interest and miscellaneous payments","Current Dollars","1961","Level","6",432,"T11400","2026-06-11T11:27:46-0400"
"NIPA","T11400","A453RC",9,"Net interest and miscellaneous payments","Current Dollars","1962","Level","6",760,"T11400","2026-06-11T11:27:46-0400"
"NIPA","T11400","A453RC",9,"Net interest and miscellaneous payments","Current Dollars","1963","Level","6",396,"T11400","2026-06-11T11:27:46-0400"
"NIPA","T11400","A453RC",9,"Net interest and miscellaneous payments","Current Dollars","1964","Level","6",817,"T11400","2026-06-11T11:27:46-0400"
"NIPA","T11400","A453RC",9,"Net interest and miscellaneous payments","Current Dollars","1965","Level","6",1237,"T11400","2026-06-11T11:27:46-0400"
"NIPA","T11400","A453RC",9,"Net interest and miscellaneous payments","Current Dollars","1966","Level","6",2321,"T11400","2026-06-11T11:27:46-0400"
"NIPA","T11400","A453RC",9,"Net interest and miscellaneous payments","Current Dollars","1967","Level","6",4041,"T11400","2026-06-11T11:27:46-0400"
"NIPA","T11400","A453RC",9,"Net interest and miscellaneous payments","Current Dollars","1968","Level","6",4266,"T11400","2026-06-11T11:27:46-0400"
"NIPA","T11400","A453RC",9,"Net interest and miscellaneous payments","Current Dollars","1969","Level","6",8491,"T11400","2026-06-11T11:27:46-0400"
"NIPA","T11400","A453RC",9,"Net interest and miscellaneous payments","Current Dollars","1970","Level","6",12459,"T11400","2026-06-11T11:27:46-0400"
"NIPA","T11400","A453RC",9,"Net interest and miscellaneous payments","Current Dollars","1971","Level","6",12642,"T11400","2026-06-11T11:27:46-0400"
"NIPA","T11400","A453RC",9,"Net interest and miscellaneous payments","Current Dollars","1972","Level","6",12434,"T11400","2026-06-11T11:27:46-0400"
"NIPA","T11400","A453RC",9,"Net interest and miscellaneous payments","Current Dollars","1973","Level","6",14744,"T11400","2026-06-11T11:27:46-0400"
"NIPA","T11400","A453RC",9,"Net interest and miscellaneous payments","Current Dollars","1974","Level","6",23076,"T11400","2026-06-11T11:27:46-0400"
"NIPA","T11400","A453RC",9,"Net interest and miscellaneous payments","Current Dollars","1975","Level","6",27239,"T11400","2026-06-11T11:27:46-0400"
"NIPA","T11400","A453RC",9,"Net interest and miscellaneous payments","Current Dollars","1976","Level","6",22707,"T11400","2026-06-11T11:27:46-0400"
"NIPA","T11400","A453RC",9,"Net interest and miscellaneous payments","Current Dollars","1977","Level","6",27672,"T11400","2026-06-11T11:27:46-0400"
"NIPA","T11400","A453RC",9,"Net interest and miscellaneous payments","Current Dollars","1978","Level","6",30608,"T11400","2026-06-11T11:27:46-0400"
"NIPA","T11400","A453RC",9,"Net interest and miscellaneous payments","Current Dollars","1979","Level","6",36126,"T11400","2026-06-11T11:27:46-0400"
"NIPA","T11400","A453RC",9,"Net interest and miscellaneous payments","Current Dollars","1980","Level","6",60018,"T11400","2026-06-11T11:27:46-0400"
"NIPA","T11400","A453RC",9,"Net interest and miscellaneous payments","Current Dollars","1981","Level","6",84794,"T11400","2026-06-11T11:27:46-0400"
"NIPA","T11400","A453RC",9,"Net interest and miscellaneous payments","Current Dollars","1982","Level","6",97829,"T11400","2026-06-11T11:27:46-0400"
"NIPA","T11400","A453RC",9,"Net interest and miscellaneous payments","Current Dollars","1983","Level","6",93826,"T11400","2026-06-11T11:27:46-0400"
"NIPA","T11400","A453RC",9,"Net interest and miscellaneous payments","Current Dollars","1984","Level","6",107313,"T11400","2026-06-11T11:27:46-0400"
"NIPA","T11400","A453RC",9,"Net interest and miscellaneous payments","Current Dollars","1985","Level","6",103791,"T11400","2026-06-11T11:27:46-0400"
"NIPA","T11400","A453RC",9,"Net interest and miscellaneous payments","Current Dollars","1986","Level","6",100551,"T11400","2026-06-11T11:27:46-0400"
"NIPA","T11400","A453RC",9,"Net interest and miscellaneous payments","Current Dollars","1987","Level","6",95117,"T11400","2026-06-11T11:27:46-0400"
"NIPA","T11400","A453RC",9,"Net interest and miscellaneous payments","Current Dollars","1988","Level","6",102750,"T11400","2026-06-11T11:27:46-0400"
"NIPA","T11400","A453RC",9,"Net interest and miscellaneous payments","Current Dollars","1989","Level","6",120906,"T11400","2026-06-11T11:27:46-0400"
"NIPA","T11400","A453RC",9,"Net interest and miscellaneous payments","Current Dollars","1990","Level","6",116018,"T11400","2026-06-11T11:27:46-0400"
"NIPA","T11400","A453RC",9,"Net interest and miscellaneous payments","Current Dollars","1991","Level","6",83390,"T11400","2026-06-11T11:27:46-0400"
"NIPA","T11400","A453RC",9,"Net interest and miscellaneous payments","Current Dollars","1992","Level","6",59484,"T11400","2026-06-11T11:27:46-0400"
"NIPA","T11400","A453RC",9,"Net interest and miscellaneous payments","Current Dollars","1993","Level","6",56643,"T11400","2026-06-11T11:27:46-0400"
"NIPA","T11400","A453RC",9,"Net interest and miscellaneous payments","Current Dollars","1994","Level","6",49055,"T11400","2026-06-11T11:27:46-0400"
"NIPA","T11400","A453RC",9,"Net interest and miscellaneous payments","Current Dollars","1995","Level","6",50534,"T11400","2026-06-11T11:27:46-0400"
"NIPA","T11400","A453RC",9,"Net interest and miscellaneous payments","Current Dollars","1996","Level","6",46413,"T11400","2026-06-11T11:27:46-0400"
"NIPA","T11400","A453RC",9,"Net interest and miscellaneous payments","Current Dollars","1997","Level","6",62911,"T11400","2026-06-11T11:27:46-0400"
"NIPA","T11400","A453RC",9,"Net interest and miscellaneous payments","Current Dollars","1998","Level","6",95975,"T11400","2026-06-11T11:27:46-0400"
"NIPA","T11400","A453RC",9,"Net interest and miscellaneous payments","Current Dollars","1999","Level","6",95329,"T11400","2026-06-11T11:27:46-0400"
"NIPA","T11400","A453RC",9,"Net interest and miscellaneous payments","Current Dollars","2000","Level","6",135807,"T11400","2026-06-11T11:27:46-0400"
"NIPA","T11400","A453RC",9,"Net interest and miscellaneous payments","Current Dollars","2001","Level","6",127588,"T11400","2026-06-11T11:27:46-0400"
"NIPA","T11400","A453RC",9,"Net interest and miscellaneous payments","Current Dollars","2002","Level","6",78483,"T11400","2026-06-11T11:27:46-0400"
"NIPA","T11400","A453RC",9,"Net interest and miscellaneous payments","Current Dollars","2003","Level","6",58798,"T11400","2026-06-11T11:27:46-0400"
"NIPA","T11400","A453RC",9,"Net interest and miscellaneous payments","Current Dollars","2004","Level","6",-2596,"T11400","2026-06-11T11:27:46-0400"
"NIPA","T11400","A453RC",9,"Net interest and miscellaneous payments","Current Dollars","2005","Level","6",24285,"T11400","2026-06-11T11:27:46-0400"
"NIPA","T11400","A453RC",9,"Net interest and miscellaneous payments","Current Dollars","2006","Level","6",71332,"T11400","2026-06-11T11:27:46-0400"
"NIPA","T11400","A453RC",9,"Net interest and miscellaneous payments","Current Dollars","2007","Level","6",113396,"T11400","2026-06-11T11:27:46-0400"
"NIPA","T11400","A453RC",9,"Net interest and miscellaneous payments","Current Dollars","2008","Level","6",176513,"T11400","2026-06-11T11:27:46-0400"
"NIPA","T11400","A453RC",9,"Net interest and miscellaneous payments","Current Dollars","2009","Level","6",117315,"T11400","2026-06-11T11:27:46-0400"
"NIPA","T11400","A453RC",9,"Net interest and miscellaneous payments","Current Dollars","2010","Level","6",93221,"T11400","2026-06-11T11:27:46-0400"
"NIPA","T11400","A453RC",9,"Net interest and miscellaneous payments","Current Dollars","2011","Level","6",95115,"T11400","2026-06-11T11:27:46-0400"
"NIPA","T11400","A453RC",9,"Net interest and miscellaneous payments","Current Dollars","2012","Level","6",150590,"T11400","2026-06-11T11:27:46-0400"
"NIPA","T11400","A453RC",9,"Net interest and miscellaneous payments","Current Dollars","2013","Level","6",128425,"T11400","2026-06-11T11:27:46-0400"
"NIPA","T11400","A453RC",9,"Net interest and miscellaneous payments","Current Dollars","2014","Level","6",156103,"T11400","2026-06-11T11:27:46-0400"
"NIPA","T11400","A453RC",9,"Net interest and miscellaneous payments","Current Dollars","2015","Level","6",218459,"T11400","2026-06-11T11:27:46-0400"
"NIPA","T11400","A453RC",9,"Net interest and miscellaneous payments","Current Dollars","2016","Level","6",231573,"T11400","2026-06-11T11:27:46-0400"
"NIPA","T11400","A453RC",9,"Net interest and miscellaneous payments","Current Dollars","2017","Level","6",268838,"T11400","2026-06-11T11:27:46-0400"
"NIPA","T11400","A453RC",9,"Net interest and miscellaneous payments","Current Dollars","2018","Level","6",302183,"T11400","2026-06-11T11:27:46-0400"
"NIPA","T11400","A453RC",9,"Net interest and miscellaneous payments","Current Dollars","2019","Level","6",264641,"T11400","2026-06-11T11:27:46-0400"
"NIPA","T11400","A453RC",9,"Net interest and miscellaneous payments","Current Dollars","2020","Level","6",288979,"T11400","2026-06-11T11:27:46-0400"
"NIPA","T11400","A453RC",9,"Net interest and miscellaneous payments","Current Dollars","2021","Level","6",250238,"T11400","2026-06-11T11:27:46-0400"
"NIPA","T11400","A453RC",9,"Net interest and miscellaneous payments","Current Dollars","2022","Level","6",240968,"T11400","2026-06-11T11:27:46-0400"
"NIPA","T11400","A453RC",9,"Net interest and miscellaneous payments","Current Dollars","2023","Level","6",168012,"T11400","2026-06-11T11:27:46-0400"
"NIPA","T11400","A453RC",9,"Net interest and miscellaneous payments","Current Dollars","2024","Level","6",88225,"T11400","2026-06-11T11:27:46-0400"
"NIPA","T11400","A453RC",9,"Net interest and miscellaneous payments","Current Dollars","2025","Level","6",43823,"T11400","2026-06-11T11:27:46-0400"
"NIPA","T11400","W323RC",10,"Business current transfer payments (net)","Current Dollars","1929","Level","6",355,"T11400","2026-06-11T11:27:46-0400"
"NIPA","T11400","W323RC",10,"Business current transfer payments (net)","Current Dollars","1930","Level","6",354,"T11400","2026-06-11T11:27:46-0400"
"NIPA","T11400","W323RC",10,"Business current transfer payments (net)","Current Dollars","1931","Level","6",406,"T11400","2026-06-11T11:27:46-0400"
"NIPA","T11400","W323RC",10,"Business current transfer payments (net)","Current Dollars","1932","Level","6",425,"T11400","2026-06-11T11:27:46-0400"
"NIPA","T11400","W323RC",10,"Business current transfer payments (net)","Current Dollars","1933","Level","6",404,"T11400","2026-06-11T11:27:46-0400"
"NIPA","T11400","W323RC",10,"Business current transfer payments (net)","Current Dollars","1934","Level","6",390,"T11400","2026-06-11T11:27:46-0400"
"NIPA","T11400","W323RC",10,"Business current transfer payments (net)","Current Dollars","1935","Level","6",368,"T11400","2026-06-11T11:27:46-0400"
"NIPA","T11400","W323RC",10,"Business current transfer payments (net)","Current Dollars","1936","Level","6",353,"T11400","2026-06-11T11:27:46-0400"
"NIPA","T11400","W323RC",10,"Business current transfer payments (net)","Current Dollars","1937","Level","6",342,"T11400","2026-06-11T11:27:46-0400"
"NIPA","T11400","W323RC",10,"Business current transfer payments (net)","Current Dollars","1938","Level","6",311,"T11400","2026-06-11T11:27:46-0400"
"NIPA","T11400","W323RC",10,"Business current transfer payments (net)","Current Dollars","1939","Level","6",328,"T11400","2026-06-11T11:27:46-0400"
"NIPA","T11400","W323RC",10,"Business current transfer payments (net)","Current Dollars","1940","Level","6",347,"T11400","2026-06-11T11:27:46-0400"
"NIPA","T11400","W323RC",10,"Business current transfer payments (net)","Current Dollars","1941","Level","6",419,"T11400","2026-06-11T11:27:46-0400"
"NIPA","T11400","W323RC",10,"Business current transfer payments (net)","Current Dollars","1942","Level","6",428,"T11400","2026-06-11T11:27:46-0400"
"NIPA","T11400","W323RC",10,"Business current transfer payments (net)","Current Dollars","1943","Level","6",526,"T11400","2026-06-11T11:27:46-0400"
"NIPA","T11400","W323RC",10,"Business current transfer payments (net)","Current Dollars","1944","Level","6",672,"T11400","2026-06-11T11:27:46-0400"
"NIPA","T11400","W323RC",10,"Business current transfer payments (net)","Current Dollars","1945","Level","6",749,"T11400","2026-06-11T11:27:46-0400"
"NIPA","T11400","W323RC",10,"Business current transfer payments (net)","Current Dollars","1946","Level","6",572,"T11400","2026-06-11T11:27:46-0400"
"NIPA","T11400","W323RC",10,"Business current transfer payments (net)","Current Dollars","1947","Level","6",591,"T11400","2026-06-11T11:27:46-0400"
"NIPA","T11400","W323RC",10,"Business current transfer payments (net)","Current Dollars","1948","Level","6",577,"T11400","2026-06-11T11:27:46-0400"
"NIPA","T11400","W323RC",10,"Business current transfer payments (net)","Current Dollars","1949","Level","6",555,"T11400","2026-06-11T11:27:46-0400"
"NIPA","T11400","W323RC",10,"Business current transfer payments (net)","Current Dollars","1950","Level","6",694,"T11400","2026-06-11T11:27:46-0400"
"NIPA","T11400","W323RC",10,"Business current transfer payments (net)","Current Dollars","1951","Level","6",1017,"T11400","2026-06-11T11:27:46-0400"
"NIPA","T11400","W323RC",10,"Business current transfer payments (net)","Current Dollars","1952","Level","6",1038,"T11400","2026-06-11T11:27:46-0400"
"NIPA","T11400","W323RC",10,"Business current transfer payments (net)","Current Dollars","1953","Level","6",981,"T11400","2026-06-11T11:27:46-0400"
"NIPA","T11400","W323RC",10,"Business current transfer payments (net)","Current Dollars","1954","Level","6",719,"T11400","2026-06-11T11:27:46-0400"
"NIPA","T11400","W323RC",10,"Business current transfer payments (net)","Current Dollars","1955","Level","6",1095,"T11400","2026-06-11T11:27:46-0400"
"NIPA","T11400","W323RC",10,"Business current transfer payments (net)","Current Dollars","1956","Level","6",1428,"T11400","2026-06-11T11:27:46-0400"
"NIPA","T11400","W323RC",10,"Business current transfer payments (net)","Current Dollars","1957","Level","6",1577,"T11400","2026-06-11T11:27:46-0400"
"NIPA","T11400","W323RC",10,"Business current transfer payments (net)","Current Dollars","1958","Level","6",1432,"T11400","2026-06-11T11:27:46-0400"
"NIPA","T11400","W323RC",10,"Business current transfer payments (net)","Current Dollars","1959","Level","6",1381,"T11400","2026-06-11T11:27:46-0400"
"NIPA","T11400","W323RC",10,"Business current transfer payments (net)","Current Dollars","1960","Level","6",1502,"T11400","2026-06-11T11:27:46-0400"
"NIPA","T11400","W323RC",10,"Business current transfer payments (net)","Current Dollars","1961","Level","6",1650,"T11400","2026-06-11T11:27:46-0400"
"NIPA","T11400","W323RC",10,"Business current transfer payments (net)","Current Dollars","1962","Level","6",1852,"T11400","2026-06-11T11:27:46-0400"
"NIPA","T11400","W323RC",10,"Business current transfer payments (net)","Current Dollars","1963","Level","6",2286,"T11400","2026-06-11T11:27:46-0400"
"NIPA","T11400","W323RC",10,"Business current transfer payments (net)","Current Dollars","1964","Level","6",2747,"T11400","2026-06-11T11:27:46-0400"
"NIPA","T11400","W323RC",10,"Business current transfer payments (net)","Current Dollars","1965","Level","6",3138,"T11400","2026-06-11T11:27:46-0400"
"NIPA","T11400","W323RC",10,"Business current transfer payments (net)","Current Dollars","1966","Level","6",2874,"T11400","2026-06-11T11:27:46-0400"
"NIPA","T11400","W323RC",10,"Business current transfer payments (net)","Current Dollars","1967","Level","6",3137,"T11400","2026-06-11T11:27:46-0400"
"NIPA","T11400","W323RC",10,"Business current transfer payments (net)","Current Dollars","1968","Level","6",3713,"T11400","2026-06-11T11:27:46-0400"
"NIPA","T11400","W323RC",10,"Business current transfer payments (net)","Current Dollars","1969","Level","6",4287,"T11400","2026-06-11T11:27:46-0400"
"NIPA","T11400","W323RC",10,"Business current transfer payments (net)","Current Dollars","1970","Level","6",3745,"T11400","2026-06-11T11:27:46-0400"
"NIPA","T11400","W323RC",10,"Business current transfer payments (net)","Current Dollars","1971","Level","6",3413,"T11400","2026-06-11T11:27:46-0400"
"NIPA","T11400","W323RC",10,"Business current transfer payments (net)","Current Dollars","1972","Level","6",3890,"T11400","2026-06-11T11:27:46-0400"
"NIPA","T11400","W323RC",10,"Business current transfer payments (net)","Current Dollars","1973","Level","6",4804,"T11400","2026-06-11T11:27:46-0400"
"NIPA","T11400","W323RC",10,"Business current transfer payments (net)","Current Dollars","1974","Level","6",6282,"T11400","2026-06-11T11:27:46-0400"
"NIPA","T11400","W323RC",10,"Business current transfer payments (net)","Current Dollars","1975","Level","6",8247,"T11400","2026-06-11T11:27:46-0400"
"NIPA","T11400","W323RC",10,"Business current transfer payments (net)","Current Dollars","1976","Level","6",7584,"T11400","2026-06-11T11:27:46-0400"
"NIPA","T11400","W323RC",10,"Business current transfer payments (net)","Current Dollars","1977","Level","6",6006,"T11400","2026-06-11T11:27:46-0400"
"NIPA","T11400","W323RC",10,"Business current transfer payments (net)","Current Dollars","1978","Level","6",7906,"T11400","2026-06-11T11:27:46-0400"
"NIPA","T11400","W323RC",10,"Business current transfer payments (net)","Current Dollars","1979","Level","6",10823,"T11400","2026-06-11T11:27:46-0400"
"NIPA","T11400","W323RC",10,"Business current transfer payments (net)","Current Dollars","1980","Level","6",12044,"T11400","2026-06-11T11:27:46-0400"
"NIPA","T11400","W323RC",10,"Business current transfer payments (net)","Current Dollars","1981","Level","6",14271,"T11400","2026-06-11T11:27:46-0400"
"NIPA","T11400","W323RC",10,"Business current transfer payments (net)","Current Dollars","1982","Level","6",16632,"T11400","2026-06-11T11:27:46-0400"
"NIPA","T11400","W323RC",10,"Business current transfer payments (net)","Current Dollars","1983","Level","6",19486,"T11400","2026-06-11T11:27:46-0400"
"NIPA","T11400","W323RC",10,"Business current transfer payments (net)","Current Dollars","1984","Level","6",26904,"T11400","2026-06-11T11:27:46-0400"
"NIPA","T11400","W323RC",10,"Business current transfer payments (net)","Current Dollars","1985","Level","6",30878,"T11400","2026-06-11T11:27:46-0400"
"NIPA","T11400","W323RC",10,"Business current transfer payments (net)","Current Dollars","1986","Level","6",29286,"T11400","2026-06-11T11:27:46-0400"
"NIPA","T11400","W323RC",10,"Business current transfer payments (net)","Current Dollars","1987","Level","6",24915,"T11400","2026-06-11T11:27:46-0400"
"NIPA","T11400","W323RC",10,"Business current transfer payments (net)","Current Dollars","1988","Level","6",26350,"T11400","2026-06-11T11:27:46-0400"
"NIPA","T11400","W323RC",10,"Business current transfer payments (net)","Current Dollars","1989","Level","6",33630,"T11400","2026-06-11T11:27:46-0400"
"NIPA","T11400","W323RC",10,"Business current transfer payments (net)","Current Dollars","1990","Level","6",33991,"T11400","2026-06-11T11:27:46-0400"
"NIPA","T11400","W323RC",10,"Business current transfer payments (net)","Current Dollars","1991","Level","6",33652,"T11400","2026-06-11T11:27:46-0400"
"NIPA","T11400","W323RC",10,"Business current transfer payments (net)","Current Dollars","1992","Level","6",33956,"T11400","2026-06-11T11:27:46-0400"
"NIPA","T11400","W323RC",10,"Business current transfer payments (net)","Current Dollars","1993","Level","6",31750,"T11400","2026-06-11T11:27:46-0400"
"NIPA","T11400","W323RC",10,"Business current transfer payments (net)","Current Dollars","1994","Level","6",32199,"T11400","2026-06-11T11:27:46-0400"
"NIPA","T11400","W323RC",10,"Business current transfer payments (net)","Current Dollars","1995","Level","6",36897,"T11400","2026-06-11T11:27:46-0400"
"NIPA","T11400","W323RC",10,"Business current transfer payments (net)","Current Dollars","1996","Level","6",43745,"T11400","2026-06-11T11:27:46-0400"
"NIPA","T11400","W323RC",10,"Business current transfer payments (net)","Current Dollars","1997","Level","6",34368,"T11400","2026-06-11T11:27:46-0400"
"NIPA","T11400","W323RC",10,"Business current transfer payments (net)","Current Dollars","1998","Level","6",52822,"T11400","2026-06-11T11:27:46-0400"
"NIPA","T11400","W323RC",10,"Business current transfer payments (net)","Current Dollars","1999","Level","6",53845,"T11400","2026-06-11T11:27:46-0400"
"NIPA","T11400","W323RC",10,"Business current transfer payments (net)","Current Dollars","2000","Level","6",72406,"T11400","2026-06-11T11:27:46-0400"
"NIPA","T11400","W323RC",10,"Business current transfer payments (net)","Current Dollars","2001","Level","6",84817,"T11400","2026-06-11T11:27:46-0400"
"NIPA","T11400","W323RC",10,"Business current transfer payments (net)","Current Dollars","2002","Level","6",61611,"T11400","2026-06-11T11:27:46-0400"
"NIPA","T11400","W323RC",10,"Business current transfer payments (net)","Current Dollars","2003","Level","6",50318,"T11400","2026-06-11T11:27:46-0400"
"NIPA","T11400","W323RC",10,"Business current transfer payments (net)","Current Dollars","2004","Level","6",54603,"T11400","2026-06-11T11:27:46-0400"
"NIPA","T11400","W323RC",10,"Business current transfer payments (net)","Current Dollars","2005","Level","6",55496,"T11400","2026-06-11T11:27:46-0400"
"NIPA","T11400","W323RC",10,"Business current transfer payments (net)","Current Dollars","2006","Level","6",46542,"T11400","2026-06-11T11:27:46-0400"
"NIPA","T11400","W323RC",10,"Business current transfer payments (net)","Current Dollars","2007","Level","6",68360,"T11400","2026-06-11T11:27:46-0400"
"NIPA","T11400","W323RC",10,"Business current transfer payments (net)","Current Dollars","2008","Level","6",94819,"T11400","2026-06-11T11:27:46-0400"
"NIPA","T11400","W323RC",10,"Business current transfer payments (net)","Current Dollars","2009","Level","6",96549,"T11400","2026-06-11T11:27:46-0400"
"NIPA","T11400","W323RC",10,"Business current transfer payments (net)","Current Dollars","2010","Level","6",98666,"T11400","2026-06-11T11:27:46-0400"
"NIPA","T11400","W323RC",10,"Business current transfer payments (net)","Current Dollars","2011","Level","6",106842,"T11400","2026-06-11T11:27:46-0400"
"NIPA","T11400","W323RC",10,"Business current transfer payments (net)","Current Dollars","2012","Level","6",53156,"T11400","2026-06-11T11:27:46-0400"
"NIPA","T11400","W323RC",10,"Business current transfer payments (net)","Current Dollars","2013","Level","6",65135,"T11400","2026-06-11T11:27:46-0400"
"NIPA","T11400","W323RC",10,"Business current transfer payments (net)","Current Dollars","2014","Level","6",96997,"T11400","2026-06-11T11:27:46-0400"
"NIPA","T11400","W323RC",10,"Business current transfer payments (net)","Current Dollars","2015","Level","6",121223,"T11400","2026-06-11T11:27:46-0400"
"NIPA","T11400","W323RC",10,"Business current transfer payments (net)","Current Dollars","2016","Level","6",137067,"T11400","2026-06-11T11:27:46-0400"
"NIPA","T11400","W323RC",10,"Business current transfer payments (net)","Current Dollars","2017","Level","6",111478,"T11400","2026-06-11T11:27:46-0400"
"NIPA","T11400","W323RC",10,"Business current transfer payments (net)","Current Dollars","2018","Level","6",127201,"T11400","2026-06-11T11:27:46-0400"
"NIPA","T11400","W323RC",10,"Business current transfer payments (net)","Current Dollars","2019","Level","6",136233,"T11400","2026-06-11T11:27:46-0400"
"NIPA","T11400","W323RC",10,"Business current transfer payments (net)","Current Dollars","2020","Level","6",125481,"T11400","2026-06-11T11:27:46-0400"
"NIPA","T11400","W323RC",10,"Business current transfer payments (net)","Current Dollars","2021","Level","6",152062,"T11400","2026-06-11T11:27:46-0400"
"NIPA","T11400","W323RC",10,"Business current transfer payments (net)","Current Dollars","2022","Level","6",196648,"T11400","2026-06-11T11:27:46-0400"
"NIPA","T11400","W323RC",10,"Business current transfer payments (net)","Current Dollars","2023","Level","6",211086,"T11400","2026-06-11T11:27:46-0400"
"NIPA","T11400","W323RC",10,"Business current transfer payments (net)","Current Dollars","2024","Level","6",251287,"T11400","2026-06-11T11:27:46-0400"
"NIPA","T11400","W323RC",10,"Business current transfer payments (net)","Current Dollars","2025","Level","6",243206,"T11400","2026-06-11T11:27:46-0400"
"NIPA","T11400","A445RC",11,"Corporate profits with IVA and CCAdj","Current Dollars","1929","Level","6",10601,"T11400","2026-06-11T11:27:46-0400"
"NIPA","T11400","A445RC",11,"Corporate profits with IVA and CCAdj","Current Dollars","1930","Level","6",7361,"T11400","2026-06-11T11:27:46-0400"
"NIPA","T11400","A445RC",11,"Corporate profits with IVA and CCAdj","Current Dollars","1931","Level","6",2955,"T11400","2026-06-11T11:27:46-0400"
"NIPA","T11400","A445RC",11,"Corporate profits with IVA and CCAdj","Current Dollars","1932","Level","6",-156,"T11400","2026-06-11T11:27:46-0400"
"NIPA","T11400","A445RC",11,"Corporate profits with IVA and CCAdj","Current Dollars","1933","Level","6",-173,"T11400","2026-06-11T11:27:46-0400"
"NIPA","T11400","A445RC",11,"Corporate profits with IVA and CCAdj","Current Dollars","1934","Level","6",2457,"T11400","2026-06-11T11:27:46-0400"
"NIPA","T11400","A445RC",11,"Corporate profits with IVA and CCAdj","Current Dollars","1935","Level","6",3859,"T11400","2026-06-11T11:27:46-0400"
"NIPA","T11400","A445RC",11,"Corporate profits with IVA and CCAdj","Current Dollars","1936","Level","6",6126,"T11400","2026-06-11T11:27:46-0400"
"NIPA","T11400","A445RC",11,"Corporate profits with IVA and CCAdj","Current Dollars","1937","Level","6",6780,"T11400","2026-06-11T11:27:46-0400"
"NIPA","T11400","A445RC",11,"Corporate profits with IVA and CCAdj","Current Dollars","1938","Level","6",4707,"T11400","2026-06-11T11:27:46-0400"
"NIPA","T11400","A445RC",11,"Corporate profits with IVA and CCAdj","Current Dollars","1939","Level","6",6268,"T11400","2026-06-11T11:27:46-0400"
"NIPA","T11400","A445RC",11,"Corporate profits with IVA and CCAdj","Current Dollars","1940","Level","6",9606,"T11400","2026-06-11T11:27:46-0400"
"NIPA","T11400","A445RC",11,"Corporate profits with IVA and CCAdj","Current Dollars","1941","Level","6",15302,"T11400","2026-06-11T11:27:46-0400"
"NIPA","T11400","A445RC",11,"Corporate profits with IVA and CCAdj","Current Dollars","1942","Level","6",20411,"T11400","2026-06-11T11:27:46-0400"
"NIPA","T11400","A445RC",11,"Corporate profits with IVA and CCAdj","Current Dollars","1943","Level","6",24528,"T11400","2026-06-11T11:27:46-0400"
"NIPA","T11400","A445RC",11,"Corporate profits with IVA and CCAdj","Current Dollars","1944","Level","6",24549,"T11400","2026-06-11T11:27:46-0400"
"NIPA","T11400","A445RC",11,"Corporate profits with IVA and CCAdj","Current Dollars","1945","Level","6",20110,"T11400","2026-06-11T11:27:46-0400"
"NIPA","T11400","A445RC",11,"Corporate profits with IVA and CCAdj","Current Dollars","1946","Level","6",17552,"T11400","2026-06-11T11:27:46-0400"
"NIPA","T11400","A445RC",11,"Corporate profits with IVA and CCAdj","Current Dollars","1947","Level","6",23178,"T11400","2026-06-11T11:27:46-0400"
"NIPA","T11400","A445RC",11,"Corporate profits with IVA and CCAdj","Current Dollars","1948","Level","6",30132,"T11400","2026-06-11T11:27:46-0400"
"NIPA","T11400","A445RC",11,"Corporate profits with IVA and CCAdj","Current Dollars","1949","Level","6",27933,"T11400","2026-06-11T11:27:46-0400"
"NIPA","T11400","A445RC",11,"Corporate profits with IVA and CCAdj","Current Dollars","1950","Level","6",34790,"T11400","2026-06-11T11:27:46-0400"
"NIPA","T11400","A445RC",11,"Corporate profits with IVA and CCAdj","Current Dollars","1951","Level","6",39454,"T11400","2026-06-11T11:27:46-0400"
"NIPA","T11400","A445RC",11,"Corporate profits with IVA and CCAdj","Current Dollars","1952","Level","6",37777,"T11400","2026-06-11T11:27:46-0400"
"NIPA","T11400","A445RC",11,"Corporate profits with IVA and CCAdj","Current Dollars","1953","Level","6",38496,"T11400","2026-06-11T11:27:46-0400"
"NIPA","T11400","A445RC",11,"Corporate profits with IVA and CCAdj","Current Dollars","1954","Level","6",37498,"T11400","2026-06-11T11:27:46-0400"
"NIPA","T11400","A445RC",11,"Corporate profits with IVA and CCAdj","Current Dollars","1955","Level","6",47814,"T11400","2026-06-11T11:27:46-0400"
"NIPA","T11400","A445RC",11,"Corporate profits with IVA and CCAdj","Current Dollars","1956","Level","6",46825,"T11400","2026-06-11T11:27:46-0400"
"NIPA","T11400","A445RC",11,"Corporate profits with IVA and CCAdj","Current Dollars","1957","Level","6",46048,"T11400","2026-06-11T11:27:46-0400"
"NIPA","T11400","A445RC",11,"Corporate profits with IVA and CCAdj","Current Dollars","1958","Level","6",41334,"T11400","2026-06-11T11:27:46-0400"
"NIPA","T11400","A445RC",11,"Corporate profits with IVA and CCAdj","Current Dollars","1959","Level","6",52796,"T11400","2026-06-11T11:27:46-0400"
"NIPA","T11400","A445RC",11,"Corporate profits with IVA and CCAdj","Current Dollars","1960","Level","6",51543,"T11400","2026-06-11T11:27:46-0400"
"NIPA","T11400","A445RC",11,"Corporate profits with IVA and CCAdj","Current Dollars","1961","Level","6",52629,"T11400","2026-06-11T11:27:46-0400"
"NIPA","T11400","A445RC",11,"Corporate profits with IVA and CCAdj","Current Dollars","1962","Level","6",60271,"T11400","2026-06-11T11:27:46-0400"
"NIPA","T11400","A445RC",11,"Corporate profits with IVA and CCAdj","Current Dollars","1963","Level","6",66427,"T11400","2026-06-11T11:27:46-0400"
"NIPA","T11400","A445RC",11,"Corporate profits with IVA and CCAdj","Current Dollars","1964","Level","6",73239,"T11400","2026-06-11T11:27:46-0400"
"NIPA","T11400","A445RC",11,"Corporate profits with IVA and CCAdj","Current Dollars","1965","Level","6",84583,"T11400","2026-06-11T11:27:46-0400"
"NIPA","T11400","A445RC",11,"Corporate profits with IVA and CCAdj","Current Dollars","1966","Level","6",91594,"T11400","2026-06-11T11:27:46-0400"
"NIPA","T11400","A445RC",11,"Corporate profits with IVA and CCAdj","Current Dollars","1967","Level","6",89091,"T11400","2026-06-11T11:27:46-0400"
"NIPA","T11400","A445RC",11,"Corporate profits with IVA and CCAdj","Current Dollars","1968","Level","6",96111,"T11400","2026-06-11T11:27:46-0400"
"NIPA","T11400","A445RC",11,"Corporate profits with IVA and CCAdj","Current Dollars","1969","Level","6",91821,"T11400","2026-06-11T11:27:46-0400"
"NIPA","T11400","A445RC",11,"Corporate profits with IVA and CCAdj","Current Dollars","1970","Level","6",79144,"T11400","2026-06-11T11:27:46-0400"
"NIPA","T11400","A445RC",11,"Corporate profits with IVA and CCAdj","Current Dollars","1971","Level","6",92792,"T11400","2026-06-11T11:27:46-0400"
"NIPA","T11400","A445RC",11,"Corporate profits with IVA and CCAdj","Current Dollars","1972","Level","6",107678,"T11400","2026-06-11T11:27:46-0400"
"NIPA","T11400","A445RC",11,"Corporate profits with IVA and CCAdj","Current Dollars","1973","Level","6",118492,"T11400","2026-06-11T11:27:46-0400"
"NIPA","T11400","A445RC",11,"Corporate profits with IVA and CCAdj","Current Dollars","1974","Level","6",108236,"T11400","2026-06-11T11:27:46-0400"
"NIPA","T11400","A445RC",11,"Corporate profits with IVA and CCAdj","Current Dollars","1975","Level","6",124228,"T11400","2026-06-11T11:27:46-0400"
"NIPA","T11400","A445RC",11,"Corporate profits with IVA and CCAdj","Current Dollars","1976","Level","6",157790,"T11400","2026-06-11T11:27:46-0400"
"NIPA","T11400","A445RC",11,"Corporate profits with IVA and CCAdj","Current Dollars","1977","Level","6",186670,"T11400","2026-06-11T11:27:46-0400"
"NIPA","T11400","A445RC",11,"Corporate profits with IVA and CCAdj","Current Dollars","1978","Level","6",215700,"T11400","2026-06-11T11:27:46-0400"
"NIPA","T11400","A445RC",11,"Corporate profits with IVA and CCAdj","Current Dollars","1979","Level","6",214605,"T11400","2026-06-11T11:27:46-0400"
"NIPA","T11400","A445RC",11,"Corporate profits with IVA and CCAdj","Current Dollars","1980","Level","6",187655,"T11400","2026-06-11T11:27:46-0400"
"NIPA","T11400","A445RC",11,"Corporate profits with IVA and CCAdj","Current Dollars","1981","Level","6",216215,"T11400","2026-06-11T11:27:46-0400"
"NIPA","T11400","A445RC",11,"Corporate profits with IVA and CCAdj","Current Dollars","1982","Level","6",195169,"T11400","2026-06-11T11:27:46-0400"
"NIPA","T11400","A445RC",11,"Corporate profits with IVA and CCAdj","Current Dollars","1983","Level","6",242847,"T11400","2026-06-11T11:27:46-0400"
"NIPA","T11400","A445RC",11,"Corporate profits with IVA and CCAdj","Current Dollars","1984","Level","6",300699,"T11400","2026-06-11T11:27:46-0400"
"NIPA","T11400","A445RC",11,"Corporate profits with IVA and CCAdj","Current Dollars","1985","Level","6",314980,"T11400","2026-06-11T11:27:46-0400"
"NIPA","T11400","A445RC",11,"Corporate profits with IVA and CCAdj","Current Dollars","1986","Level","6",284091,"T11400","2026-06-11T11:27:46-0400"
"NIPA","T11400","A445RC",11,"Corporate profits with IVA and CCAdj","Current Dollars","1987","Level","6",322803,"T11400","2026-06-11T11:27:46-0400"
"NIPA","T11400","A445RC",11,"Corporate profits with IVA and CCAdj","Current Dollars","1988","Level","6",359258,"T11400","2026-06-11T11:27:46-0400"
"NIPA","T11400","A445RC",11,"Corporate profits with IVA and CCAdj","Current Dollars","1989","Level","6",351587,"T11400","2026-06-11T11:27:46-0400"
"NIPA","T11400","A445RC",11,"Corporate profits with IVA and CCAdj","Current Dollars","1990","Level","6",343243,"T11400","2026-06-11T11:27:46-0400"
"NIPA","T11400","A445RC",11,"Corporate profits with IVA and CCAdj","Current Dollars","1991","Level","6",372271,"T11400","2026-06-11T11:27:46-0400"
"NIPA","T11400","A445RC",11,"Corporate profits with IVA and CCAdj","Current Dollars","1992","Level","6",408200,"T11400","2026-06-11T11:27:46-0400"
"NIPA","T11400","A445RC",11,"Corporate profits with IVA and CCAdj","Current Dollars","1993","Level","6",453787,"T11400","2026-06-11T11:27:46-0400"
"NIPA","T11400","A445RC",11,"Corporate profits with IVA and CCAdj","Current Dollars","1994","Level","6",556125,"T11400","2026-06-11T11:27:46-0400"
"NIPA","T11400","A445RC",11,"Corporate profits with IVA and CCAdj","Current Dollars","1995","Level","6",623730,"T11400","2026-06-11T11:27:46-0400"
"NIPA","T11400","A445RC",11,"Corporate profits with IVA and CCAdj","Current Dollars","1996","Level","6",701602,"T11400","2026-06-11T11:27:46-0400"
"NIPA","T11400","A445RC",11,"Corporate profits with IVA and CCAdj","Current Dollars","1997","Level","6",782312,"T11400","2026-06-11T11:27:46-0400"
"NIPA","T11400","A445RC",11,"Corporate profits with IVA and CCAdj","Current Dollars","1998","Level","6",732405,"T11400","2026-06-11T11:27:46-0400"
"NIPA","T11400","A445RC",11,"Corporate profits with IVA and CCAdj","Current Dollars","1999","Level","6",745039,"T11400","2026-06-11T11:27:46-0400"
"NIPA","T11400","A445RC",11,"Corporate profits with IVA and CCAdj","Current Dollars","2000","Level","6",680747,"T11400","2026-06-11T11:27:46-0400"
"NIPA","T11400","A445RC",11,"Corporate profits with IVA and CCAdj","Current Dollars","2001","Level","6",618384,"T11400","2026-06-11T11:27:46-0400"
"NIPA","T11400","A445RC",11,"Corporate profits with IVA and CCAdj","Current Dollars","2002","Level","6",773589,"T11400","2026-06-11T11:27:46-0400"
"NIPA","T11400","A445RC",11,"Corporate profits with IVA and CCAdj","Current Dollars","2003","Level","6",918145,"T11400","2026-06-11T11:27:46-0400"
"NIPA","T11400","A445RC",11,"Corporate profits with IVA and CCAdj","Current Dollars","2004","Level","6",1125412,"T11400","2026-06-11T11:27:46-0400"
"NIPA","T11400","A445RC",11,"Corporate profits with IVA and CCAdj","Current Dollars","2005","Level","6",1304329,"T11400","2026-06-11T11:27:46-0400"
"NIPA","T11400","A445RC",11,"Corporate profits with IVA and CCAdj","Current Dollars","2006","Level","6",1456385,"T11400","2026-06-11T11:27:46-0400"
"NIPA","T11400","A445RC",11,"Corporate profits with IVA and CCAdj","Current Dollars","2007","Level","6",1258028,"T11400","2026-06-11T11:27:46-0400"
"NIPA","T11400","A445RC",11,"Corporate profits with IVA and CCAdj","Current Dollars","2008","Level","6",955428,"T11400","2026-06-11T11:27:46-0400"
"NIPA","T11400","A445RC",11,"Corporate profits with IVA and CCAdj","Current Dollars","2009","Level","6",1076888,"T11400","2026-06-11T11:27:46-0400"
"NIPA","T11400","A445RC",11,"Corporate profits with IVA and CCAdj","Current Dollars","2010","Level","6",1388685,"T11400","2026-06-11T11:27:46-0400"
"NIPA","T11400","A445RC",11,"Corporate profits with IVA and CCAdj","Current Dollars","2011","Level","6",1449878,"T11400","2026-06-11T11:27:46-0400"
"NIPA","T11400","A445RC",11,"Corporate profits with IVA and CCAdj","Current Dollars","2012","Level","6",1652370,"T11400","2026-06-11T11:27:46-0400"
"NIPA","T11400","A445RC",11,"Corporate profits with IVA and CCAdj","Current Dollars","2013","Level","6",1682298,"T11400","2026-06-11T11:27:46-0400"
"NIPA","T11400","A445RC",11,"Corporate profits with IVA and CCAdj","Current Dollars","2014","Level","6",1807956,"T11400","2026-06-11T11:27:46-0400"
"NIPA","T11400","A445RC",11,"Corporate profits with IVA and CCAdj","Current Dollars","2015","Level","6",1777928,"T11400","2026-06-11T11:27:46-0400"
"NIPA","T11400","A445RC",11,"Corporate profits with IVA and CCAdj","Current Dollars","2016","Level","6",1724401,"T11400","2026-06-11T11:27:46-0400"
"NIPA","T11400","A445RC",11,"Corporate profits with IVA and CCAdj","Current Dollars","2017","Level","6",1726343,"T11400","2026-06-11T11:27:46-0400"
"NIPA","T11400","A445RC",11,"Corporate profits with IVA and CCAdj","Current Dollars","2018","Level","6",1844577,"T11400","2026-06-11T11:27:46-0400"
"NIPA","T11400","A445RC",11,"Corporate profits with IVA and CCAdj","Current Dollars","2019","Level","6",1938296,"T11400","2026-06-11T11:27:46-0400"
"NIPA","T11400","A445RC",11,"Corporate profits with IVA and CCAdj","Current Dollars","2020","Level","6",1966263,"T11400","2026-06-11T11:27:46-0400"
"NIPA","T11400","A445RC",11,"Corporate profits with IVA and CCAdj","Current Dollars","2021","Level","6",2697790,"T11400","2026-06-11T11:27:46-0400"
"NIPA","T11400","A445RC",11,"Corporate profits with IVA and CCAdj","Current Dollars","2022","Level","6",2913118,"T11400","2026-06-11T11:27:46-0400"
"NIPA","T11400","A445RC",11,"Corporate profits with IVA and CCAdj","Current Dollars","2023","Level","6",3144250,"T11400","2026-06-11T11:27:46-0400"
"NIPA","T11400","A445RC",11,"Corporate profits with IVA and CCAdj","Current Dollars","2024","Level","6",3344161,"T11400","2026-06-11T11:27:46-0400"
"NIPA","T11400","A445RC",11,"Corporate profits with IVA and CCAdj","Current Dollars","2025","Level","6",3550884,"T11400","2026-06-11T11:27:46-0400"
"NIPA","T11400","A054RC",12,"Taxes on corporate income","Current Dollars","1929","Level","6",1365,"T11400","2026-06-11T11:27:46-0400"
"NIPA","T11400","A054RC",12,"Taxes on corporate income","Current Dollars","1930","Level","6",842,"T11400","2026-06-11T11:27:46-0400"
"NIPA","T11400","A054RC",12,"Taxes on corporate income","Current Dollars","1931","Level","6",498,"T11400","2026-06-11T11:27:46-0400"
"NIPA","T11400","A054RC",12,"Taxes on corporate income","Current Dollars","1932","Level","6",383,"T11400","2026-06-11T11:27:46-0400"
"NIPA","T11400","A054RC",12,"Taxes on corporate income","Current Dollars","1933","Level","6",521,"T11400","2026-06-11T11:27:46-0400"
"NIPA","T11400","A054RC",12,"Taxes on corporate income","Current Dollars","1934","Level","6",744,"T11400","2026-06-11T11:27:46-0400"
"NIPA","T11400","A054RC",12,"Taxes on corporate income","Current Dollars","1935","Level","6",951,"T11400","2026-06-11T11:27:46-0400"
"NIPA","T11400","A054RC",12,"Taxes on corporate income","Current Dollars","1936","Level","6",1409,"T11400","2026-06-11T11:27:46-0400"
"NIPA","T11400","A054RC",12,"Taxes on corporate income","Current Dollars","1937","Level","6",1502,"T11400","2026-06-11T11:27:46-0400"
"NIPA","T11400","A054RC",12,"Taxes on corporate income","Current Dollars","1938","Level","6",1029,"T11400","2026-06-11T11:27:46-0400"
"NIPA","T11400","A054RC",12,"Taxes on corporate income","Current Dollars","1939","Level","6",1441,"T11400","2026-06-11T11:27:46-0400"
"NIPA","T11400","A054RC",12,"Taxes on corporate income","Current Dollars","1940","Level","6",2834,"T11400","2026-06-11T11:27:46-0400"
"NIPA","T11400","A054RC",12,"Taxes on corporate income","Current Dollars","1941","Level","6",7610,"T11400","2026-06-11T11:27:46-0400"
"NIPA","T11400","A054RC",12,"Taxes on corporate income","Current Dollars","1942","Level","6",11415,"T11400","2026-06-11T11:27:46-0400"
"NIPA","T11400","A054RC",12,"Taxes on corporate income","Current Dollars","1943","Level","6",14074,"T11400","2026-06-11T11:27:46-0400"
"NIPA","T11400","A054RC",12,"Taxes on corporate income","Current Dollars","1944","Level","6",12949,"T11400","2026-06-11T11:27:46-0400"
"NIPA","T11400","A054RC",12,"Taxes on corporate income","Current Dollars","1945","Level","6",10689,"T11400","2026-06-11T11:27:46-0400"
"NIPA","T11400","A054RC",12,"Taxes on corporate income","Current Dollars","1946","Level","6",9104,"T11400","2026-06-11T11:27:46-0400"
"NIPA","T11400","A054RC",12,"Taxes on corporate income","Current Dollars","1947","Level","6",11193,"T11400","2026-06-11T11:27:46-0400"
"NIPA","T11400","A054RC",12,"Taxes on corporate income","Current Dollars","1948","Level","6",12254,"T11400","2026-06-11T11:27:46-0400"
"NIPA","T11400","A054RC",12,"Taxes on corporate income","Current Dollars","1949","Level","6",10010,"T11400","2026-06-11T11:27:46-0400"
"NIPA","T11400","A054RC",12,"Taxes on corporate income","Current Dollars","1950","Level","6",17728,"T11400","2026-06-11T11:27:46-0400"
"NIPA","T11400","A054RC",12,"Taxes on corporate income","Current Dollars","1951","Level","6",22304,"T11400","2026-06-11T11:27:46-0400"
"NIPA","T11400","A054RC",12,"Taxes on corporate income","Current Dollars","1952","Level","6",19107,"T11400","2026-06-11T11:27:46-0400"
"NIPA","T11400","A054RC",12,"Taxes on corporate income","Current Dollars","1953","Level","6",19944,"T11400","2026-06-11T11:27:46-0400"
"NIPA","T11400","A054RC",12,"Taxes on corporate income","Current Dollars","1954","Level","6",17348,"T11400","2026-06-11T11:27:46-0400"
"NIPA","T11400","A054RC",12,"Taxes on corporate income","Current Dollars","1955","Level","6",21789,"T11400","2026-06-11T11:27:46-0400"
"NIPA","T11400","A054RC",12,"Taxes on corporate income","Current Dollars","1956","Level","6",21591,"T11400","2026-06-11T11:27:46-0400"
"NIPA","T11400","A054RC",12,"Taxes on corporate income","Current Dollars","1957","Level","6",20880,"T11400","2026-06-11T11:27:46-0400"
"NIPA","T11400","A054RC",12,"Taxes on corporate income","Current Dollars","1958","Level","6",18440,"T11400","2026-06-11T11:27:46-0400"
"NIPA","T11400","A054RC",12,"Taxes on corporate income","Current Dollars","1959","Level","6",22816,"T11400","2026-06-11T11:27:46-0400"
"NIPA","T11400","A054RC",12,"Taxes on corporate income","Current Dollars","1960","Level","6",21885,"T11400","2026-06-11T11:27:46-0400"
"NIPA","T11400","A054RC",12,"Taxes on corporate income","Current Dollars","1961","Level","6",22203,"T11400","2026-06-11T11:27:46-0400"
"NIPA","T11400","A054RC",12,"Taxes on corporate income","Current Dollars","1962","Level","6",23296,"T11400","2026-06-11T11:27:46-0400"
"NIPA","T11400","A054RC",12,"Taxes on corporate income","Current Dollars","1963","Level","6",25491,"T11400","2026-06-11T11:27:46-0400"
"NIPA","T11400","A054RC",12,"Taxes on corporate income","Current Dollars","1964","Level","6",26573,"T11400","2026-06-11T11:27:46-0400"
"NIPA","T11400","A054RC",12,"Taxes on corporate income","Current Dollars","1965","Level","6",29768,"T11400","2026-06-11T11:27:46-0400"
"NIPA","T11400","A054RC",12,"Taxes on corporate income","Current Dollars","1966","Level","6",32232,"T11400","2026-06-11T11:27:46-0400"
"NIPA","T11400","A054RC",12,"Taxes on corporate income","Current Dollars","1967","Level","6",30992,"T11400","2026-06-11T11:27:46-0400"
"NIPA","T11400","A054RC",12,"Taxes on corporate income","Current Dollars","1968","Level","6",37164,"T11400","2026-06-11T11:27:46-0400"
"NIPA","T11400","A054RC",12,"Taxes on corporate income","Current Dollars","1969","Level","6",36958,"T11400","2026-06-11T11:27:46-0400"
"NIPA","T11400","A054RC",12,"Taxes on corporate income","Current Dollars","1970","Level","6",31263,"T11400","2026-06-11T11:27:46-0400"
"NIPA","T11400","A054RC",12,"Taxes on corporate income","Current Dollars","1971","Level","6",34808,"T11400","2026-06-11T11:27:46-0400"
"NIPA","T11400","A054RC",12,"Taxes on corporate income","Current Dollars","1972","Level","6",39110,"T11400","2026-06-11T11:27:46-0400"
"NIPA","T11400","A054RC",12,"Taxes on corporate income","Current Dollars","1973","Level","6",45632,"T11400","2026-06-11T11:27:46-0400"
"NIPA","T11400","A054RC",12,"Taxes on corporate income","Current Dollars","1974","Level","6",47235,"T11400","2026-06-11T11:27:46-0400"
"NIPA","T11400","A054RC",12,"Taxes on corporate income","Current Dollars","1975","Level","6",46264,"T11400","2026-06-11T11:27:46-0400"
"NIPA","T11400","A054RC",12,"Taxes on corporate income","Current Dollars","1976","Level","6",59418,"T11400","2026-06-11T11:27:46-0400"
"NIPA","T11400","A054RC",12,"Taxes on corporate income","Current Dollars","1977","Level","6",68504,"T11400","2026-06-11T11:27:46-0400"
"NIPA","T11400","A054RC",12,"Taxes on corporate income","Current Dollars","1978","Level","6",77852,"T11400","2026-06-11T11:27:46-0400"
"NIPA","T11400","A054RC",12,"Taxes on corporate income","Current Dollars","1979","Level","6",80737,"T11400","2026-06-11T11:27:46-0400"
"NIPA","T11400","A054RC",12,"Taxes on corporate income","Current Dollars","1980","Level","6",75484,"T11400","2026-06-11T11:27:46-0400"
"NIPA","T11400","A054RC",12,"Taxes on corporate income","Current Dollars","1981","Level","6",70315,"T11400","2026-06-11T11:27:46-0400"
"NIPA","T11400","A054RC",12,"Taxes on corporate income","Current Dollars","1982","Level","6",51294,"T11400","2026-06-11T11:27:46-0400"
"NIPA","T11400","A054RC",12,"Taxes on corporate income","Current Dollars","1983","Level","6",66419,"T11400","2026-06-11T11:27:46-0400"
"NIPA","T11400","A054RC",12,"Taxes on corporate income","Current Dollars","1984","Level","6",81477,"T11400","2026-06-11T11:27:46-0400"
"NIPA","T11400","A054RC",12,"Taxes on corporate income","Current Dollars","1985","Level","6",81610,"T11400","2026-06-11T11:27:46-0400"
"NIPA","T11400","A054RC",12,"Taxes on corporate income","Current Dollars","1986","Level","6",91871,"T11400","2026-06-11T11:27:46-0400"
"NIPA","T11400","A054RC",12,"Taxes on corporate income","Current Dollars","1987","Level","6",112702,"T11400","2026-06-11T11:27:46-0400"
"NIPA","T11400","A054RC",12,"Taxes on corporate income","Current Dollars","1988","Level","6",124266,"T11400","2026-06-11T11:27:46-0400"
"NIPA","T11400","A054RC",12,"Taxes on corporate income","Current Dollars","1989","Level","6",124422,"T11400","2026-06-11T11:27:46-0400"
"NIPA","T11400","A054RC",12,"Taxes on corporate income","Current Dollars","1990","Level","6",121816,"T11400","2026-06-11T11:27:46-0400"
"NIPA","T11400","A054RC",12,"Taxes on corporate income","Current Dollars","1991","Level","6",117813,"T11400","2026-06-11T11:27:46-0400"
"NIPA","T11400","A054RC",12,"Taxes on corporate income","Current Dollars","1992","Level","6",131914,"T11400","2026-06-11T11:27:46-0400"
"NIPA","T11400","A054RC",12,"Taxes on corporate income","Current Dollars","1993","Level","6",155047,"T11400","2026-06-11T11:27:46-0400"
"NIPA","T11400","A054RC",12,"Taxes on corporate income","Current Dollars","1994","Level","6",172671,"T11400","2026-06-11T11:27:46-0400"
"NIPA","T11400","A054RC",12,"Taxes on corporate income","Current Dollars","1995","Level","6",194449,"T11400","2026-06-11T11:27:46-0400"
"NIPA","T11400","A054RC",12,"Taxes on corporate income","Current Dollars","1996","Level","6",211386,"T11400","2026-06-11T11:27:46-0400"
"NIPA","T11400","A054RC",12,"Taxes on corporate income","Current Dollars","1997","Level","6",224762,"T11400","2026-06-11T11:27:46-0400"
"NIPA","T11400","A054RC",12,"Taxes on corporate income","Current Dollars","1998","Level","6",221805,"T11400","2026-06-11T11:27:46-0400"
"NIPA","T11400","A054RC",12,"Taxes on corporate income","Current Dollars","1999","Level","6",227386,"T11400","2026-06-11T11:27:46-0400"
"NIPA","T11400","A054RC",12,"Taxes on corporate income","Current Dollars","2000","Level","6",233448,"T11400","2026-06-11T11:27:46-0400"
"NIPA","T11400","A054RC",12,"Taxes on corporate income","Current Dollars","2001","Level","6",170148,"T11400","2026-06-11T11:27:46-0400"
"NIPA","T11400","A054RC",12,"Taxes on corporate income","Current Dollars","2002","Level","6",160674,"T11400","2026-06-11T11:27:46-0400"
"NIPA","T11400","A054RC",12,"Taxes on corporate income","Current Dollars","2003","Level","6",213763,"T11400","2026-06-11T11:27:46-0400"
"NIPA","T11400","A054RC",12,"Taxes on corporate income","Current Dollars","2004","Level","6",278512,"T11400","2026-06-11T11:27:47-0400"
"NIPA","T11400","A054RC",12,"Taxes on corporate income","Current Dollars","2005","Level","6",379749,"T11400","2026-06-11T11:27:47-0400"
"NIPA","T11400","A054RC",12,"Taxes on corporate income","Current Dollars","2006","Level","6",430147,"T11400","2026-06-11T11:27:47-0400"
"NIPA","T11400","A054RC",12,"Taxes on corporate income","Current Dollars","2007","Level","6",391782,"T11400","2026-06-11T11:27:47-0400"
"NIPA","T11400","A054RC",12,"Taxes on corporate income","Current Dollars","2008","Level","6",255918,"T11400","2026-06-11T11:27:47-0400"
"NIPA","T11400","A054RC",12,"Taxes on corporate income","Current Dollars","2009","Level","6",203933,"T11400","2026-06-11T11:27:47-0400"
"NIPA","T11400","A054RC",12,"Taxes on corporate income","Current Dollars","2010","Level","6",272267,"T11400","2026-06-11T11:27:47-0400"
"NIPA","T11400","A054RC",12,"Taxes on corporate income","Current Dollars","2011","Level","6",280763,"T11400","2026-06-11T11:27:47-0400"
"NIPA","T11400","A054RC",12,"Taxes on corporate income","Current Dollars","2012","Level","6",334589,"T11400","2026-06-11T11:27:47-0400"
"NIPA","T11400","A054RC",12,"Taxes on corporate income","Current Dollars","2013","Level","6",362418,"T11400","2026-06-11T11:27:47-0400"
"NIPA","T11400","A054RC",12,"Taxes on corporate income","Current Dollars","2014","Level","6",406890,"T11400","2026-06-11T11:27:47-0400"
"NIPA","T11400","A054RC",12,"Taxes on corporate income","Current Dollars","2015","Level","6",396125,"T11400","2026-06-11T11:27:47-0400"
"NIPA","T11400","A054RC",12,"Taxes on corporate income","Current Dollars","2016","Level","6",376034,"T11400","2026-06-11T11:27:47-0400"
"NIPA","T11400","A054RC",12,"Taxes on corporate income","Current Dollars","2017","Level","6",297156,"T11400","2026-06-11T11:27:47-0400"
"NIPA","T11400","A054RC",12,"Taxes on corporate income","Current Dollars","2018","Level","6",297423,"T11400","2026-06-11T11:27:47-0400"
"NIPA","T11400","A054RC",12,"Taxes on corporate income","Current Dollars","2019","Level","6",297195,"T11400","2026-06-11T11:27:47-0400"
"NIPA","T11400","A054RC",12,"Taxes on corporate income","Current Dollars","2020","Level","6",311059,"T11400","2026-06-11T11:27:47-0400"
"NIPA","T11400","A054RC",12,"Taxes on corporate income","Current Dollars","2021","Level","6",468876,"T11400","2026-06-11T11:27:47-0400"
"NIPA","T11400","A054RC",12,"Taxes on corporate income","Current Dollars","2022","Level","6",600568,"T11400","2026-06-11T11:27:47-0400"
"NIPA","T11400","A054RC",12,"Taxes on corporate income","Current Dollars","2023","Level","6",613010,"T11400","2026-06-11T11:27:47-0400"
"NIPA","T11400","A054RC",12,"Taxes on corporate income","Current Dollars","2024","Level","6",680341,"T11400","2026-06-11T11:27:47-0400"
"NIPA","T11400","A054RC",12,"Taxes on corporate income","Current Dollars","2025","Level","6",695171,"T11400","2026-06-11T11:27:47-0400"
"NIPA","T11400","W273RC",13,"Profits after tax with IVA and CCAdj","Current Dollars","1929","Level","6",9236,"T11400","2026-06-11T11:27:47-0400"
"NIPA","T11400","W273RC",13,"Profits after tax with IVA and CCAdj","Current Dollars","1930","Level","6",6519,"T11400","2026-06-11T11:27:47-0400"
"NIPA","T11400","W273RC",13,"Profits after tax with IVA and CCAdj","Current Dollars","1931","Level","6",2457,"T11400","2026-06-11T11:27:47-0400"
"NIPA","T11400","W273RC",13,"Profits after tax with IVA and CCAdj","Current Dollars","1932","Level","6",-539,"T11400","2026-06-11T11:27:47-0400"
"NIPA","T11400","W273RC",13,"Profits after tax with IVA and CCAdj","Current Dollars","1933","Level","6",-694,"T11400","2026-06-11T11:27:47-0400"
"NIPA","T11400","W273RC",13,"Profits after tax with IVA and CCAdj","Current Dollars","1934","Level","6",1713,"T11400","2026-06-11T11:27:47-0400"
"NIPA","T11400","W273RC",13,"Profits after tax with IVA and CCAdj","Current Dollars","1935","Level","6",2908,"T11400","2026-06-11T11:27:47-0400"
"NIPA","T11400","W273RC",13,"Profits after tax with IVA and CCAdj","Current Dollars","1936","Level","6",4717,"T11400","2026-06-11T11:27:47-0400"
"NIPA","T11400","W273RC",13,"Profits after tax with IVA and CCAdj","Current Dollars","1937","Level","6",5278,"T11400","2026-06-11T11:27:47-0400"
"NIPA","T11400","W273RC",13,"Profits after tax with IVA and CCAdj","Current Dollars","1938","Level","6",3678,"T11400","2026-06-11T11:27:47-0400"
"NIPA","T11400","W273RC",13,"Profits after tax with IVA and CCAdj","Current Dollars","1939","Level","6",4827,"T11400","2026-06-11T11:27:47-0400"
"NIPA","T11400","W273RC",13,"Profits after tax with IVA and CCAdj","Current Dollars","1940","Level","6",6772,"T11400","2026-06-11T11:27:47-0400"
"NIPA","T11400","W273RC",13,"Profits after tax with IVA and CCAdj","Current Dollars","1941","Level","6",7692,"T11400","2026-06-11T11:27:47-0400"
"NIPA","T11400","W273RC",13,"Profits after tax with IVA and CCAdj","Current Dollars","1942","Level","6",8996,"T11400","2026-06-11T11:27:47-0400"
"NIPA","T11400","W273RC",13,"Profits after tax with IVA and CCAdj","Current Dollars","1943","Level","6",10454,"T11400","2026-06-11T11:27:47-0400"
"NIPA","T11400","W273RC",13,"Profits after tax with IVA and CCAdj","Current Dollars","1944","Level","6",11600,"T11400","2026-06-11T11:27:47-0400"
"NIPA","T11400","W273RC",13,"Profits after tax with IVA and CCAdj","Current Dollars","1945","Level","6",9421,"T11400","2026-06-11T11:27:47-0400"
"NIPA","T11400","W273RC",13,"Profits after tax with IVA and CCAdj","Current Dollars","1946","Level","6",8448,"T11400","2026-06-11T11:27:47-0400"
"NIPA","T11400","W273RC",13,"Profits after tax with IVA and CCAdj","Current Dollars","1947","Level","6",11985,"T11400","2026-06-11T11:27:47-0400"
"NIPA","T11400","W273RC",13,"Profits after tax with IVA and CCAdj","Current Dollars","1948","Level","6",17878,"T11400","2026-06-11T11:27:47-0400"
"NIPA","T11400","W273RC",13,"Profits after tax with IVA and CCAdj","Current Dollars","1949","Level","6",17923,"T11400","2026-06-11T11:27:47-0400"
"NIPA","T11400","W273RC",13,"Profits after tax with IVA and CCAdj","Current Dollars","1950","Level","6",17062,"T11400","2026-06-11T11:27:47-0400"
"NIPA","T11400","W273RC",13,"Profits after tax with IVA and CCAdj","Current Dollars","1951","Level","6",17150,"T11400","2026-06-11T11:27:47-0400"
"NIPA","T11400","W273RC",13,"Profits after tax with IVA and CCAdj","Current Dollars","1952","Level","6",18670,"T11400","2026-06-11T11:27:47-0400"
"NIPA","T11400","W273RC",13,"Profits after tax with IVA and CCAdj","Current Dollars","1953","Level","6",18552,"T11400","2026-06-11T11:27:47-0400"
"NIPA","T11400","W273RC",13,"Profits after tax with IVA and CCAdj","Current Dollars","1954","Level","6",20150,"T11400","2026-06-11T11:27:47-0400"
"NIPA","T11400","W273RC",13,"Profits after tax with IVA and CCAdj","Current Dollars","1955","Level","6",26025,"T11400","2026-06-11T11:27:47-0400"
"NIPA","T11400","W273RC",13,"Profits after tax with IVA and CCAdj","Current Dollars","1956","Level","6",25234,"T11400","2026-06-11T11:27:47-0400"
"NIPA","T11400","W273RC",13,"Profits after tax with IVA and CCAdj","Current Dollars","1957","Level","6",25168,"T11400","2026-06-11T11:27:47-0400"
"NIPA","T11400","W273RC",13,"Profits after tax with IVA and CCAdj","Current Dollars","1958","Level","6",22894,"T11400","2026-06-11T11:27:47-0400"
"NIPA","T11400","W273RC",13,"Profits after tax with IVA and CCAdj","Current Dollars","1959","Level","6",29980,"T11400","2026-06-11T11:27:47-0400"
"NIPA","T11400","W273RC",13,"Profits after tax with IVA and CCAdj","Current Dollars","1960","Level","6",29658,"T11400","2026-06-11T11:27:47-0400"
"NIPA","T11400","W273RC",13,"Profits after tax with IVA and CCAdj","Current Dollars","1961","Level","6",30426,"T11400","2026-06-11T11:27:47-0400"
"NIPA","T11400","W273RC",13,"Profits after tax with IVA and CCAdj","Current Dollars","1962","Level","6",36975,"T11400","2026-06-11T11:27:47-0400"
"NIPA","T11400","W273RC",13,"Profits after tax with IVA and CCAdj","Current Dollars","1963","Level","6",40936,"T11400","2026-06-11T11:27:47-0400"
"NIPA","T11400","W273RC",13,"Profits after tax with IVA and CCAdj","Current Dollars","1964","Level","6",46666,"T11400","2026-06-11T11:27:47-0400"
"NIPA","T11400","W273RC",13,"Profits after tax with IVA and CCAdj","Current Dollars","1965","Level","6",54815,"T11400","2026-06-11T11:27:47-0400"
"NIPA","T11400","W273RC",13,"Profits after tax with IVA and CCAdj","Current Dollars","1966","Level","6",59362,"T11400","2026-06-11T11:27:47-0400"
"NIPA","T11400","W273RC",13,"Profits after tax with IVA and CCAdj","Current Dollars","1967","Level","6",58099,"T11400","2026-06-11T11:27:47-0400"
"NIPA","T11400","W273RC",13,"Profits after tax with IVA and CCAdj","Current Dollars","1968","Level","6",58947,"T11400","2026-06-11T11:27:47-0400"
"NIPA","T11400","W273RC",13,"Profits after tax with IVA and CCAdj","Current Dollars","1969","Level","6",54863,"T11400","2026-06-11T11:27:47-0400"
"NIPA","T11400","W273RC",13,"Profits after tax with IVA and CCAdj","Current Dollars","1970","Level","6",47881,"T11400","2026-06-11T11:27:47-0400"
"NIPA","T11400","W273RC",13,"Profits after tax with IVA and CCAdj","Current Dollars","1971","Level","6",57984,"T11400","2026-06-11T11:27:47-0400"
"NIPA","T11400","W273RC",13,"Profits after tax with IVA and CCAdj","Current Dollars","1972","Level","6",68568,"T11400","2026-06-11T11:27:47-0400"
"NIPA","T11400","W273RC",13,"Profits after tax with IVA and CCAdj","Current Dollars","1973","Level","6",72860,"T11400","2026-06-11T11:27:47-0400"
"NIPA","T11400","W273RC",13,"Profits after tax with IVA and CCAdj","Current Dollars","1974","Level","6",61001,"T11400","2026-06-11T11:27:47-0400"
"NIPA","T11400","W273RC",13,"Profits after tax with IVA and CCAdj","Current Dollars","1975","Level","6",77964,"T11400","2026-06-11T11:27:47-0400"
"NIPA","T11400","W273RC",13,"Profits after tax with IVA and CCAdj","Current Dollars","1976","Level","6",98372,"T11400","2026-06-11T11:27:47-0400"
"NIPA","T11400","W273RC",13,"Profits after tax with IVA and CCAdj","Current Dollars","1977","Level","6",118166,"T11400","2026-06-11T11:27:47-0400"
"NIPA","T11400","W273RC",13,"Profits after tax with IVA and CCAdj","Current Dollars","1978","Level","6",137848,"T11400","2026-06-11T11:27:47-0400"
"NIPA","T11400","W273RC",13,"Profits after tax with IVA and CCAdj","Current Dollars","1979","Level","6",133868,"T11400","2026-06-11T11:27:47-0400"
"NIPA","T11400","W273RC",13,"Profits after tax with IVA and CCAdj","Current Dollars","1980","Level","6",112171,"T11400","2026-06-11T11:27:47-0400"
"NIPA","T11400","W273RC",13,"Profits after tax with IVA and CCAdj","Current Dollars","1981","Level","6",145900,"T11400","2026-06-11T11:27:47-0400"
"NIPA","T11400","W273RC",13,"Profits after tax with IVA and CCAdj","Current Dollars","1982","Level","6",143875,"T11400","2026-06-11T11:27:47-0400"
"NIPA","T11400","W273RC",13,"Profits after tax with IVA and CCAdj","Current Dollars","1983","Level","6",176428,"T11400","2026-06-11T11:27:47-0400"
"NIPA","T11400","W273RC",13,"Profits after tax with IVA and CCAdj","Current Dollars","1984","Level","6",219222,"T11400","2026-06-11T11:27:47-0400"
"NIPA","T11400","W273RC",13,"Profits after tax with IVA and CCAdj","Current Dollars","1985","Level","6",233370,"T11400","2026-06-11T11:27:47-0400"
"NIPA","T11400","W273RC",13,"Profits after tax with IVA and CCAdj","Current Dollars","1986","Level","6",192220,"T11400","2026-06-11T11:27:47-0400"
"NIPA","T11400","W273RC",13,"Profits after tax with IVA and CCAdj","Current Dollars","1987","Level","6",210101,"T11400","2026-06-11T11:27:47-0400"
"NIPA","T11400","W273RC",13,"Profits after tax with IVA and CCAdj","Current Dollars","1988","Level","6",234992,"T11400","2026-06-11T11:27:47-0400"
"NIPA","T11400","W273RC",13,"Profits after tax with IVA and CCAdj","Current Dollars","1989","Level","6",227165,"T11400","2026-06-11T11:27:47-0400"
"NIPA","T11400","W273RC",13,"Profits after tax with IVA and CCAdj","Current Dollars","1990","Level","6",221427,"T11400","2026-06-11T11:27:47-0400"
"NIPA","T11400","W273RC",13,"Profits after tax with IVA and CCAdj","Current Dollars","1991","Level","6",254458,"T11400","2026-06-11T11:27:47-0400"
"NIPA","T11400","W273RC",13,"Profits after tax with IVA and CCAdj","Current Dollars","1992","Level","6",276286,"T11400","2026-06-11T11:27:47-0400"
"NIPA","T11400","W273RC",13,"Profits after tax with IVA and CCAdj","Current Dollars","1993","Level","6",298740,"T11400","2026-06-11T11:27:47-0400"
"NIPA","T11400","W273RC",13,"Profits after tax with IVA and CCAdj","Current Dollars","1994","Level","6",383454,"T11400","2026-06-11T11:27:47-0400"
"NIPA","T11400","W273RC",13,"Profits after tax with IVA and CCAdj","Current Dollars","1995","Level","6",429281,"T11400","2026-06-11T11:27:47-0400"
"NIPA","T11400","W273RC",13,"Profits after tax with IVA and CCAdj","Current Dollars","1996","Level","6",490216,"T11400","2026-06-11T11:27:47-0400"
"NIPA","T11400","W273RC",13,"Profits after tax with IVA and CCAdj","Current Dollars","1997","Level","6",557550,"T11400","2026-06-11T11:27:47-0400"
"NIPA","T11400","W273RC",13,"Profits after tax with IVA and CCAdj","Current Dollars","1998","Level","6",510600,"T11400","2026-06-11T11:27:47-0400"
"NIPA","T11400","W273RC",13,"Profits after tax with IVA and CCAdj","Current Dollars","1999","Level","6",517653,"T11400","2026-06-11T11:27:47-0400"
"NIPA","T11400","W273RC",13,"Profits after tax with IVA and CCAdj","Current Dollars","2000","Level","6",447299,"T11400","2026-06-11T11:27:47-0400"
"NIPA","T11400","W273RC",13,"Profits after tax with IVA and CCAdj","Current Dollars","2001","Level","6",448236,"T11400","2026-06-11T11:27:47-0400"
"NIPA","T11400","W273RC",13,"Profits after tax with IVA and CCAdj","Current Dollars","2002","Level","6",612915,"T11400","2026-06-11T11:27:47-0400"
"NIPA","T11400","W273RC",13,"Profits after tax with IVA and CCAdj","Current Dollars","2003","Level","6",704381,"T11400","2026-06-11T11:27:47-0400"
"NIPA","T11400","W273RC",13,"Profits after tax with IVA and CCAdj","Current Dollars","2004","Level","6",846901,"T11400","2026-06-11T11:27:47-0400"
"NIPA","T11400","W273RC",13,"Profits after tax with IVA and CCAdj","Current Dollars","2005","Level","6",924580,"T11400","2026-06-11T11:27:47-0400"
"NIPA","T11400","W273RC",13,"Profits after tax with IVA and CCAdj","Current Dollars","2006","Level","6",1026238,"T11400","2026-06-11T11:27:47-0400"
"NIPA","T11400","W273RC",13,"Profits after tax with IVA and CCAdj","Current Dollars","2007","Level","6",866246,"T11400","2026-06-11T11:27:47-0400"
"NIPA","T11400","W273RC",13,"Profits after tax with IVA and CCAdj","Current Dollars","2008","Level","6",699509,"T11400","2026-06-11T11:27:47-0400"
"NIPA","T11400","W273RC",13,"Profits after tax with IVA and CCAdj","Current Dollars","2009","Level","6",872955,"T11400","2026-06-11T11:27:47-0400"
"NIPA","T11400","W273RC",13,"Profits after tax with IVA and CCAdj","Current Dollars","2010","Level","6",1116418,"T11400","2026-06-11T11:27:47-0400"
"NIPA","T11400","W273RC",13,"Profits after tax with IVA and CCAdj","Current Dollars","2011","Level","6",1169115,"T11400","2026-06-11T11:27:47-0400"
"NIPA","T11400","W273RC",13,"Profits after tax with IVA and CCAdj","Current Dollars","2012","Level","6",1317781,"T11400","2026-06-11T11:27:47-0400"
"NIPA","T11400","W273RC",13,"Profits after tax with IVA and CCAdj","Current Dollars","2013","Level","6",1319880,"T11400","2026-06-11T11:27:47-0400"
"NIPA","T11400","W273RC",13,"Profits after tax with IVA and CCAdj","Current Dollars","2014","Level","6",1401066,"T11400","2026-06-11T11:27:47-0400"
"NIPA","T11400","W273RC",13,"Profits after tax with IVA and CCAdj","Current Dollars","2015","Level","6",1381803,"T11400","2026-06-11T11:27:47-0400"
"NIPA","T11400","W273RC",13,"Profits after tax with IVA and CCAdj","Current Dollars","2016","Level","6",1348367,"T11400","2026-06-11T11:27:47-0400"
"NIPA","T11400","W273RC",13,"Profits after tax with IVA and CCAdj","Current Dollars","2017","Level","6",1429187,"T11400","2026-06-11T11:27:47-0400"
"NIPA","T11400","W273RC",13,"Profits after tax with IVA and CCAdj","Current Dollars","2018","Level","6",1547154,"T11400","2026-06-11T11:27:47-0400"
"NIPA","T11400","W273RC",13,"Profits after tax with IVA and CCAdj","Current Dollars","2019","Level","6",1641101,"T11400","2026-06-11T11:27:47-0400"
"NIPA","T11400","W273RC",13,"Profits after tax with IVA and CCAdj","Current Dollars","2020","Level","6",1655204,"T11400","2026-06-11T11:27:47-0400"
"NIPA","T11400","W273RC",13,"Profits after tax with IVA and CCAdj","Current Dollars","2021","Level","6",2228914,"T11400","2026-06-11T11:27:47-0400"
"NIPA","T11400","W273RC",13,"Profits after tax with IVA and CCAdj","Current Dollars","2022","Level","6",2312550,"T11400","2026-06-11T11:27:47-0400"
"NIPA","T11400","W273RC",13,"Profits after tax with IVA and CCAdj","Current Dollars","2023","Level","6",2531240,"T11400","2026-06-11T11:27:47-0400"
"NIPA","T11400","W273RC",13,"Profits after tax with IVA and CCAdj","Current Dollars","2024","Level","6",2663820,"T11400","2026-06-11T11:27:47-0400"
"NIPA","T11400","W273RC",13,"Profits after tax with IVA and CCAdj","Current Dollars","2025","Level","6",2855713,"T11400","2026-06-11T11:27:47-0400"
"NIPA","T11400","A449RC",14,"Net dividends","Current Dollars","1929","Level","6",5573,"T11400","2026-06-11T11:27:47-0400"
"NIPA","T11400","A449RC",14,"Net dividends","Current Dollars","1930","Level","6",5331,"T11400","2026-06-11T11:27:47-0400"
"NIPA","T11400","A449RC",14,"Net dividends","Current Dollars","1931","Level","6",4070,"T11400","2026-06-11T11:27:47-0400"
"NIPA","T11400","A449RC",14,"Net dividends","Current Dollars","1932","Level","6",2580,"T11400","2026-06-11T11:27:47-0400"
"NIPA","T11400","A449RC",14,"Net dividends","Current Dollars","1933","Level","6",2040,"T11400","2026-06-11T11:27:47-0400"
"NIPA","T11400","A449RC",14,"Net dividends","Current Dollars","1934","Level","6",2507,"T11400","2026-06-11T11:27:47-0400"
"NIPA","T11400","A449RC",14,"Net dividends","Current Dollars","1935","Level","6",2685,"T11400","2026-06-11T11:27:47-0400"
"NIPA","T11400","A449RC",14,"Net dividends","Current Dollars","1936","Level","6",4419,"T11400","2026-06-11T11:27:47-0400"
"NIPA","T11400","A449RC",14,"Net dividends","Current Dollars","1937","Level","6",4538,"T11400","2026-06-11T11:27:47-0400"
"NIPA","T11400","A449RC",14,"Net dividends","Current Dollars","1938","Level","6",2918,"T11400","2026-06-11T11:27:47-0400"
"NIPA","T11400","A449RC",14,"Net dividends","Current Dollars","1939","Level","6",3582,"T11400","2026-06-11T11:27:47-0400"
"NIPA","T11400","A449RC",14,"Net dividends","Current Dollars","1940","Level","6",3782,"T11400","2026-06-11T11:27:47-0400"
"NIPA","T11400","A449RC",14,"Net dividends","Current Dollars","1941","Level","6",4200,"T11400","2026-06-11T11:27:47-0400"
"NIPA","T11400","A449RC",14,"Net dividends","Current Dollars","1942","Level","6",4029,"T11400","2026-06-11T11:27:47-0400"
"NIPA","T11400","A449RC",14,"Net dividends","Current Dollars","1943","Level","6",4208,"T11400","2026-06-11T11:27:47-0400"
"NIPA","T11400","A449RC",14,"Net dividends","Current Dollars","1944","Level","6",4324,"T11400","2026-06-11T11:27:47-0400"
"NIPA","T11400","A449RC",14,"Net dividends","Current Dollars","1945","Level","6",4372,"T11400","2026-06-11T11:27:47-0400"
"NIPA","T11400","A449RC",14,"Net dividends","Current Dollars","1946","Level","6",5149,"T11400","2026-06-11T11:27:47-0400"
"NIPA","T11400","A449RC",14,"Net dividends","Current Dollars","1947","Level","6",5707,"T11400","2026-06-11T11:27:47-0400"
"NIPA","T11400","A449RC",14,"Net dividends","Current Dollars","1948","Level","6",6367,"T11400","2026-06-11T11:27:47-0400"
"NIPA","T11400","A449RC",14,"Net dividends","Current Dollars","1949","Level","6",6599,"T11400","2026-06-11T11:27:47-0400"
"NIPA","T11400","A449RC",14,"Net dividends","Current Dollars","1950","Level","6",8051,"T11400","2026-06-11T11:27:47-0400"
"NIPA","T11400","A449RC",14,"Net dividends","Current Dollars","1951","Level","6",7663,"T11400","2026-06-11T11:27:47-0400"
"NIPA","T11400","A449RC",14,"Net dividends","Current Dollars","1952","Level","6",7753,"T11400","2026-06-11T11:27:47-0400"
"NIPA","T11400","A449RC",14,"Net dividends","Current Dollars","1953","Level","6",8094,"T11400","2026-06-11T11:27:47-0400"
"NIPA","T11400","A449RC",14,"Net dividends","Current Dollars","1954","Level","6",8136,"T11400","2026-06-11T11:27:47-0400"
"NIPA","T11400","A449RC",14,"Net dividends","Current Dollars","1955","Level","6",9151,"T11400","2026-06-11T11:27:47-0400"
"NIPA","T11400","A449RC",14,"Net dividends","Current Dollars","1956","Level","6",9869,"T11400","2026-06-11T11:27:47-0400"
"NIPA","T11400","A449RC",14,"Net dividends","Current Dollars","1957","Level","6",10399,"T11400","2026-06-11T11:27:47-0400"
"NIPA","T11400","A449RC",14,"Net dividends","Current Dollars","1958","Level","6",10356,"T11400","2026-06-11T11:27:47-0400"
"NIPA","T11400","A449RC",14,"Net dividends","Current Dollars","1959","Level","6",11619,"T11400","2026-06-11T11:27:47-0400"
"NIPA","T11400","A449RC",14,"Net dividends","Current Dollars","1960","Level","6",12307,"T11400","2026-06-11T11:27:47-0400"
"NIPA","T11400","A449RC",14,"Net dividends","Current Dollars","1961","Level","6",12193,"T11400","2026-06-11T11:27:47-0400"
"NIPA","T11400","A449RC",14,"Net dividends","Current Dollars","1962","Level","6",13155,"T11400","2026-06-11T11:27:47-0400"
"NIPA","T11400","A449RC",14,"Net dividends","Current Dollars","1963","Level","6",14442,"T11400","2026-06-11T11:27:47-0400"
"NIPA","T11400","A449RC",14,"Net dividends","Current Dollars","1964","Level","6",16573,"T11400","2026-06-11T11:27:47-0400"
"NIPA","T11400","A449RC",14,"Net dividends","Current Dollars","1965","Level","6",18171,"T11400","2026-06-11T11:27:47-0400"
"NIPA","T11400","A449RC",14,"Net dividends","Current Dollars","1966","Level","6",19477,"T11400","2026-06-11T11:27:47-0400"
"NIPA","T11400","A449RC",14,"Net dividends","Current Dollars","1967","Level","6",20237,"T11400","2026-06-11T11:27:47-0400"
"NIPA","T11400","A449RC",14,"Net dividends","Current Dollars","1968","Level","6",22631,"T11400","2026-06-11T11:27:47-0400"
"NIPA","T11400","A449RC",14,"Net dividends","Current Dollars","1969","Level","6",23422,"T11400","2026-06-11T11:27:47-0400"
"NIPA","T11400","A449RC",14,"Net dividends","Current Dollars","1970","Level","6",23865,"T11400","2026-06-11T11:27:47-0400"
"NIPA","T11400","A449RC",14,"Net dividends","Current Dollars","1971","Level","6",23694,"T11400","2026-06-11T11:27:47-0400"
"NIPA","T11400","A449RC",14,"Net dividends","Current Dollars","1972","Level","6",25173,"T11400","2026-06-11T11:27:47-0400"
"NIPA","T11400","A449RC",14,"Net dividends","Current Dollars","1973","Level","6",27448,"T11400","2026-06-11T11:27:47-0400"
"NIPA","T11400","A449RC",14,"Net dividends","Current Dollars","1974","Level","6",29004,"T11400","2026-06-11T11:27:47-0400"
"NIPA","T11400","A449RC",14,"Net dividends","Current Dollars","1975","Level","6",31786,"T11400","2026-06-11T11:27:47-0400"
"NIPA","T11400","A449RC",14,"Net dividends","Current Dollars","1976","Level","6",35925,"T11400","2026-06-11T11:27:47-0400"
"NIPA","T11400","A449RC",14,"Net dividends","Current Dollars","1977","Level","6",39627,"T11400","2026-06-11T11:27:47-0400"
"NIPA","T11400","A449RC",14,"Net dividends","Current Dollars","1978","Level","6",46615,"T11400","2026-06-11T11:27:47-0400"
"NIPA","T11400","A449RC",14,"Net dividends","Current Dollars","1979","Level","6",50978,"T11400","2026-06-11T11:27:47-0400"
"NIPA","T11400","A449RC",14,"Net dividends","Current Dollars","1980","Level","6",59251,"T11400","2026-06-11T11:27:47-0400"
"NIPA","T11400","A449RC",14,"Net dividends","Current Dollars","1981","Level","6",68438,"T11400","2026-06-11T11:27:47-0400"
"NIPA","T11400","A449RC",14,"Net dividends","Current Dollars","1982","Level","6",72098,"T11400","2026-06-11T11:27:47-0400"
"NIPA","T11400","A449RC",14,"Net dividends","Current Dollars","1983","Level","6",84246,"T11400","2026-06-11T11:27:47-0400"
"NIPA","T11400","A449RC",14,"Net dividends","Current Dollars","1984","Level","6",89736,"T11400","2026-06-11T11:27:47-0400"
"NIPA","T11400","A449RC",14,"Net dividends","Current Dollars","1985","Level","6",99909,"T11400","2026-06-11T11:27:47-0400"
"NIPA","T11400","A449RC",14,"Net dividends","Current Dollars","1986","Level","6",103192,"T11400","2026-06-11T11:27:47-0400"
"NIPA","T11400","A449RC",14,"Net dividends","Current Dollars","1987","Level","6",103163,"T11400","2026-06-11T11:27:47-0400"
"NIPA","T11400","A449RC",14,"Net dividends","Current Dollars","1988","Level","6",113617,"T11400","2026-06-11T11:27:47-0400"
"NIPA","T11400","A449RC",14,"Net dividends","Current Dollars","1989","Level","6",147709,"T11400","2026-06-11T11:27:47-0400"
"NIPA","T11400","A449RC",14,"Net dividends","Current Dollars","1990","Level","6",168590,"T11400","2026-06-11T11:27:47-0400"
"NIPA","T11400","A449RC",14,"Net dividends","Current Dollars","1991","Level","6",177803,"T11400","2026-06-11T11:27:47-0400"
"NIPA","T11400","A449RC",14,"Net dividends","Current Dollars","1992","Level","6",178473,"T11400","2026-06-11T11:27:47-0400"
"NIPA","T11400","A449RC",14,"Net dividends","Current Dollars","1993","Level","6",201111,"T11400","2026-06-11T11:27:47-0400"
"NIPA","T11400","A449RC",14,"Net dividends","Current Dollars","1994","Level","6",220391,"T11400","2026-06-11T11:27:47-0400"
"NIPA","T11400","A449RC",14,"Net dividends","Current Dollars","1995","Level","6",250774,"T11400","2026-06-11T11:27:47-0400"
"NIPA","T11400","A449RC",14,"Net dividends","Current Dollars","1996","Level","6",283461,"T11400","2026-06-11T11:27:47-0400"
"NIPA","T11400","A449RC",14,"Net dividends","Current Dollars","1997","Level","6",312727,"T11400","2026-06-11T11:27:47-0400"
"NIPA","T11400","A449RC",14,"Net dividends","Current Dollars","1998","Level","6",344361,"T11400","2026-06-11T11:27:47-0400"
"NIPA","T11400","A449RC",14,"Net dividends","Current Dollars","1999","Level","6",333669,"T11400","2026-06-11T11:27:47-0400"
"NIPA","T11400","A449RC",14,"Net dividends","Current Dollars","2000","Level","6",383651,"T11400","2026-06-11T11:27:47-0400"
"NIPA","T11400","A449RC",14,"Net dividends","Current Dollars","2001","Level","6",362060,"T11400","2026-06-11T11:27:47-0400"
"NIPA","T11400","A449RC",14,"Net dividends","Current Dollars","2002","Level","6",379443,"T11400","2026-06-11T11:27:47-0400"
"NIPA","T11400","A449RC",14,"Net dividends","Current Dollars","2003","Level","6",422953,"T11400","2026-06-11T11:27:47-0400"
"NIPA","T11400","A449RC",14,"Net dividends","Current Dollars","2004","Level","6",517519,"T11400","2026-06-11T11:27:47-0400"
"NIPA","T11400","A449RC",14,"Net dividends","Current Dollars","2005","Level","6",318392,"T11400","2026-06-11T11:27:47-0400"
"NIPA","T11400","A449RC",14,"Net dividends","Current Dollars","2006","Level","6",637938,"T11400","2026-06-11T11:27:47-0400"
"NIPA","T11400","A449RC",14,"Net dividends","Current Dollars","2007","Level","6",677861,"T11400","2026-06-11T11:27:47-0400"
"NIPA","T11400","A449RC",14,"Net dividends","Current Dollars","2008","Level","6",660852,"T11400","2026-06-11T11:27:47-0400"
"NIPA","T11400","A449RC",14,"Net dividends","Current Dollars","2009","Level","6",516582,"T11400","2026-06-11T11:27:47-0400"
"NIPA","T11400","A449RC",14,"Net dividends","Current Dollars","2010","Level","6",514546,"T11400","2026-06-11T11:27:47-0400"
"NIPA","T11400","A449RC",14,"Net dividends","Current Dollars","2011","Level","6",633083,"T11400","2026-06-11T11:27:47-0400"
"NIPA","T11400","A449RC",14,"Net dividends","Current Dollars","2012","Level","6",765393,"T11400","2026-06-11T11:27:47-0400"
"NIPA","T11400","A449RC",14,"Net dividends","Current Dollars","2013","Level","6",858891,"T11400","2026-06-11T11:27:47-0400"
"NIPA","T11400","A449RC",14,"Net dividends","Current Dollars","2014","Level","6",898271,"T11400","2026-06-11T11:27:47-0400"
"NIPA","T11400","A449RC",14,"Net dividends","Current Dollars","2015","Level","6",965924,"T11400","2026-06-11T11:27:47-0400"
"NIPA","T11400","A449RC",14,"Net dividends","Current Dollars","2016","Level","6",953732,"T11400","2026-06-11T11:27:47-0400"
"NIPA","T11400","A449RC",14,"Net dividends","Current Dollars","2017","Level","6",1043492,"T11400","2026-06-11T11:27:47-0400"
"NIPA","T11400","A449RC",14,"Net dividends","Current Dollars","2018","Level","6",418955,"T11400","2026-06-11T11:27:47-0400"
"NIPA","T11400","A449RC",14,"Net dividends","Current Dollars","2019","Level","6",937773,"T11400","2026-06-11T11:27:47-0400"
"NIPA","T11400","A449RC",14,"Net dividends","Current Dollars","2020","Level","6",1167415,"T11400","2026-06-11T11:27:47-0400"
"NIPA","T11400","A449RC",14,"Net dividends","Current Dollars","2021","Level","6",1544530,"T11400","2026-06-11T11:27:47-0400"
"NIPA","T11400","A449RC",14,"Net dividends","Current Dollars","2022","Level","6",1644556,"T11400","2026-06-11T11:27:47-0400"
"NIPA","T11400","A449RC",14,"Net dividends","Current Dollars","2023","Level","6",1741153,"T11400","2026-06-11T11:27:47-0400"
"NIPA","T11400","A449RC",14,"Net dividends","Current Dollars","2024","Level","6",1880004,"T11400","2026-06-11T11:27:47-0400"
"NIPA","T11400","A449RC",14,"Net dividends","Current Dollars","2025","Level","6",1706853,"T11400","2026-06-11T11:27:47-0400"
"NIPA","T11400","W274RC",15,"Undistributed profits with IVA and CCAdj","Current Dollars","1929","Level","6",3663,"T11400","2026-06-11T11:27:47-0400"
"NIPA","T11400","W274RC",15,"Undistributed profits with IVA and CCAdj","Current Dollars","1930","Level","6",1188,"T11400","2026-06-11T11:27:47-0400"
"NIPA","T11400","W274RC",15,"Undistributed profits with IVA and CCAdj","Current Dollars","1931","Level","6",-1613,"T11400","2026-06-11T11:27:47-0400"
"NIPA","T11400","W274RC",15,"Undistributed profits with IVA and CCAdj","Current Dollars","1932","Level","6",-3119,"T11400","2026-06-11T11:27:47-0400"
"NIPA","T11400","W274RC",15,"Undistributed profits with IVA and CCAdj","Current Dollars","1933","Level","6",-2734,"T11400","2026-06-11T11:27:47-0400"
"NIPA","T11400","W274RC",15,"Undistributed profits with IVA and CCAdj","Current Dollars","1934","Level","6",-794,"T11400","2026-06-11T11:27:47-0400"
"NIPA","T11400","W274RC",15,"Undistributed profits with IVA and CCAdj","Current Dollars","1935","Level","6",223,"T11400","2026-06-11T11:27:47-0400"
"NIPA","T11400","W274RC",15,"Undistributed profits with IVA and CCAdj","Current Dollars","1936","Level","6",298,"T11400","2026-06-11T11:27:47-0400"
"NIPA","T11400","W274RC",15,"Undistributed profits with IVA and CCAdj","Current Dollars","1937","Level","6",740,"T11400","2026-06-11T11:27:47-0400"
"NIPA","T11400","W274RC",15,"Undistributed profits with IVA and CCAdj","Current Dollars","1938","Level","6",760,"T11400","2026-06-11T11:27:47-0400"
"NIPA","T11400","W274RC",15,"Undistributed profits with IVA and CCAdj","Current Dollars","1939","Level","6",1245,"T11400","2026-06-11T11:27:47-0400"
"NIPA","T11400","W274RC",15,"Undistributed profits with IVA and CCAdj","Current Dollars","1940","Level","6",2990,"T11400","2026-06-11T11:27:47-0400"
"NIPA","T11400","W274RC",15,"Undistributed profits with IVA and CCAdj","Current Dollars","1941","Level","6",3492,"T11400","2026-06-11T11:27:47-0400"
"NIPA","T11400","W274RC",15,"Undistributed profits with IVA and CCAdj","Current Dollars","1942","Level","6",4967,"T11400","2026-06-11T11:27:47-0400"
"NIPA","T11400","W274RC",15,"Undistributed profits with IVA and CCAdj","Current Dollars","1943","Level","6",6246,"T11400","2026-06-11T11:27:47-0400"
"NIPA","T11400","W274RC",15,"Undistributed profits with IVA and CCAdj","Current Dollars","1944","Level","6",7276,"T11400","2026-06-11T11:27:47-0400"
"NIPA","T11400","W274RC",15,"Undistributed profits with IVA and CCAdj","Current Dollars","1945","Level","6",5049,"T11400","2026-06-11T11:27:47-0400"
"NIPA","T11400","W274RC",15,"Undistributed profits with IVA and CCAdj","Current Dollars","1946","Level","6",3299,"T11400","2026-06-11T11:27:47-0400"
"NIPA","T11400","W274RC",15,"Undistributed profits with IVA and CCAdj","Current Dollars","1947","Level","6",6278,"T11400","2026-06-11T11:27:47-0400"
"NIPA","T11400","W274RC",15,"Undistributed profits with IVA and CCAdj","Current Dollars","1948","Level","6",11511,"T11400","2026-06-11T11:27:47-0400"
"NIPA","T11400","W274RC",15,"Undistributed profits with IVA and CCAdj","Current Dollars","1949","Level","6",11324,"T11400","2026-06-11T11:27:47-0400"
"NIPA","T11400","W274RC",15,"Undistributed profits with IVA and CCAdj","Current Dollars","1950","Level","6",9011,"T11400","2026-06-11T11:27:47-0400"
"NIPA","T11400","W274RC",15,"Undistributed profits with IVA and CCAdj","Current Dollars","1951","Level","6",9487,"T11400","2026-06-11T11:27:47-0400"
"NIPA","T11400","W274RC",15,"Undistributed profits with IVA and CCAdj","Current Dollars","1952","Level","6",10917,"T11400","2026-06-11T11:27:47-0400"
"NIPA","T11400","W274RC",15,"Undistributed profits with IVA and CCAdj","Current Dollars","1953","Level","6",10458,"T11400","2026-06-11T11:27:47-0400"
"NIPA","T11400","W274RC",15,"Undistributed profits with IVA and CCAdj","Current Dollars","1954","Level","6",12014,"T11400","2026-06-11T11:27:47-0400"
"NIPA","T11400","W274RC",15,"Undistributed profits with IVA and CCAdj","Current Dollars","1955","Level","6",16874,"T11400","2026-06-11T11:27:47-0400"
"NIPA","T11400","W274RC",15,"Undistributed profits with IVA and CCAdj","Current Dollars","1956","Level","6",15365,"T11400","2026-06-11T11:27:47-0400"
"NIPA","T11400","W274RC",15,"Undistributed profits with IVA and CCAdj","Current Dollars","1957","Level","6",14769,"T11400","2026-06-11T11:27:47-0400"
"NIPA","T11400","W274RC",15,"Undistributed profits with IVA and CCAdj","Current Dollars","1958","Level","6",12538,"T11400","2026-06-11T11:27:47-0400"
"NIPA","T11400","W274RC",15,"Undistributed profits with IVA and CCAdj","Current Dollars","1959","Level","6",18361,"T11400","2026-06-11T11:27:47-0400"
"NIPA","T11400","W274RC",15,"Undistributed profits with IVA and CCAdj","Current Dollars","1960","Level","6",17351,"T11400","2026-06-11T11:27:47-0400"
"NIPA","T11400","W274RC",15,"Undistributed profits with IVA and CCAdj","Current Dollars","1961","Level","6",18233,"T11400","2026-06-11T11:27:47-0400"
"NIPA","T11400","W274RC",15,"Undistributed profits with IVA and CCAdj","Current Dollars","1962","Level","6",23820,"T11400","2026-06-11T11:27:47-0400"
"NIPA","T11400","W274RC",15,"Undistributed profits with IVA and CCAdj","Current Dollars","1963","Level","6",26494,"T11400","2026-06-11T11:27:47-0400"
"NIPA","T11400","W274RC",15,"Undistributed profits with IVA and CCAdj","Current Dollars","1964","Level","6",30093,"T11400","2026-06-11T11:27:47-0400"
"NIPA","T11400","W274RC",15,"Undistributed profits with IVA and CCAdj","Current Dollars","1965","Level","6",36644,"T11400","2026-06-11T11:27:47-0400"
"NIPA","T11400","W274RC",15,"Undistributed profits with IVA and CCAdj","Current Dollars","1966","Level","6",39885,"T11400","2026-06-11T11:27:47-0400"
"NIPA","T11400","W274RC",15,"Undistributed profits with IVA and CCAdj","Current Dollars","1967","Level","6",37862,"T11400","2026-06-11T11:27:47-0400"
"NIPA","T11400","W274RC",15,"Undistributed profits with IVA and CCAdj","Current Dollars","1968","Level","6",36316,"T11400","2026-06-11T11:27:47-0400"
"NIPA","T11400","W274RC",15,"Undistributed profits with IVA and CCAdj","Current Dollars","1969","Level","6",31441,"T11400","2026-06-11T11:27:47-0400"
"NIPA","T11400","W274RC",15,"Undistributed profits with IVA and CCAdj","Current Dollars","1970","Level","6",24016,"T11400","2026-06-11T11:27:47-0400"
"NIPA","T11400","W274RC",15,"Undistributed profits with IVA and CCAdj","Current Dollars","1971","Level","6",34290,"T11400","2026-06-11T11:27:47-0400"
"NIPA","T11400","W274RC",15,"Undistributed profits with IVA and CCAdj","Current Dollars","1972","Level","6",43395,"T11400","2026-06-11T11:27:47-0400"
"NIPA","T11400","W274RC",15,"Undistributed profits with IVA and CCAdj","Current Dollars","1973","Level","6",45412,"T11400","2026-06-11T11:27:47-0400"
"NIPA","T11400","W274RC",15,"Undistributed profits with IVA and CCAdj","Current Dollars","1974","Level","6",31997,"T11400","2026-06-11T11:27:47-0400"
"NIPA","T11400","W274RC",15,"Undistributed profits with IVA and CCAdj","Current Dollars","1975","Level","6",46178,"T11400","2026-06-11T11:27:47-0400"
"NIPA","T11400","W274RC",15,"Undistributed profits with IVA and CCAdj","Current Dollars","1976","Level","6",62447,"T11400","2026-06-11T11:27:47-0400"
"NIPA","T11400","W274RC",15,"Undistributed profits with IVA and CCAdj","Current Dollars","1977","Level","6",78539,"T11400","2026-06-11T11:27:47-0400"
"NIPA","T11400","W274RC",15,"Undistributed profits with IVA and CCAdj","Current Dollars","1978","Level","6",91233,"T11400","2026-06-11T11:27:47-0400"
"NIPA","T11400","W274RC",15,"Undistributed profits with IVA and CCAdj","Current Dollars","1979","Level","6",82890,"T11400","2026-06-11T11:27:47-0400"
"NIPA","T11400","W274RC",15,"Undistributed profits with IVA and CCAdj","Current Dollars","1980","Level","6",52920,"T11400","2026-06-11T11:27:47-0400"
"NIPA","T11400","W274RC",15,"Undistributed profits with IVA and CCAdj","Current Dollars","1981","Level","6",77462,"T11400","2026-06-11T11:27:47-0400"
"NIPA","T11400","W274RC",15,"Undistributed profits with IVA and CCAdj","Current Dollars","1982","Level","6",71777,"T11400","2026-06-11T11:27:47-0400"
"NIPA","T11400","W274RC",15,"Undistributed profits with IVA and CCAdj","Current Dollars","1983","Level","6",92182,"T11400","2026-06-11T11:27:47-0400"
"NIPA","T11400","W274RC",15,"Undistributed profits with IVA and CCAdj","Current Dollars","1984","Level","6",129486,"T11400","2026-06-11T11:27:47-0400"
"NIPA","T11400","W274RC",15,"Undistributed profits with IVA and CCAdj","Current Dollars","1985","Level","6",133461,"T11400","2026-06-11T11:27:47-0400"
"NIPA","T11400","W274RC",15,"Undistributed profits with IVA and CCAdj","Current Dollars","1986","Level","6",89028,"T11400","2026-06-11T11:27:47-0400"
"NIPA","T11400","W274RC",15,"Undistributed profits with IVA and CCAdj","Current Dollars","1987","Level","6",106938,"T11400","2026-06-11T11:27:47-0400"
"NIPA","T11400","W274RC",15,"Undistributed profits with IVA and CCAdj","Current Dollars","1988","Level","6",121375,"T11400","2026-06-11T11:27:47-0400"
"NIPA","T11400","W274RC",15,"Undistributed profits with IVA and CCAdj","Current Dollars","1989","Level","6",79456,"T11400","2026-06-11T11:27:47-0400"
"NIPA","T11400","W274RC",15,"Undistributed profits with IVA and CCAdj","Current Dollars","1990","Level","6",52837,"T11400","2026-06-11T11:27:47-0400"
"NIPA","T11400","W274RC",15,"Undistributed profits with IVA and CCAdj","Current Dollars","1991","Level","6",76655,"T11400","2026-06-11T11:27:47-0400"
"NIPA","T11400","W274RC",15,"Undistributed profits with IVA and CCAdj","Current Dollars","1992","Level","6",97813,"T11400","2026-06-11T11:27:47-0400"
"NIPA","T11400","W274RC",15,"Undistributed profits with IVA and CCAdj","Current Dollars","1993","Level","6",97629,"T11400","2026-06-11T11:27:47-0400"
"NIPA","T11400","W274RC",15,"Undistributed profits with IVA and CCAdj","Current Dollars","1994","Level","6",163063,"T11400","2026-06-11T11:27:47-0400"
"NIPA","T11400","W274RC",15,"Undistributed profits with IVA and CCAdj","Current Dollars","1995","Level","6",178507,"T11400","2026-06-11T11:27:47-0400"
"NIPA","T11400","W274RC",15,"Undistributed profits with IVA and CCAdj","Current Dollars","1996","Level","6",206755,"T11400","2026-06-11T11:27:47-0400"
"NIPA","T11400","W274RC",15,"Undistributed profits with IVA and CCAdj","Current Dollars","1997","Level","6",244823,"T11400","2026-06-11T11:27:47-0400"
"NIPA","T11400","W274RC",15,"Undistributed profits with IVA and CCAdj","Current Dollars","1998","Level","6",166239,"T11400","2026-06-11T11:27:47-0400"
"NIPA","T11400","W274RC",15,"Undistributed profits with IVA and CCAdj","Current Dollars","1999","Level","6",183984,"T11400","2026-06-11T11:27:47-0400"
"NIPA","T11400","W274RC",15,"Undistributed profits with IVA and CCAdj","Current Dollars","2000","Level","6",63648,"T11400","2026-06-11T11:27:47-0400"
"NIPA","T11400","W274RC",15,"Undistributed profits with IVA and CCAdj","Current Dollars","2001","Level","6",86176,"T11400","2026-06-11T11:27:47-0400"
"NIPA","T11400","W274RC",15,"Undistributed profits with IVA and CCAdj","Current Dollars","2002","Level","6",233472,"T11400","2026-06-11T11:27:47-0400"
"NIPA","T11400","W274RC",15,"Undistributed profits with IVA and CCAdj","Current Dollars","2003","Level","6",281428,"T11400","2026-06-11T11:27:47-0400"
"NIPA","T11400","W274RC",15,"Undistributed profits with IVA and CCAdj","Current Dollars","2004","Level","6",329382,"T11400","2026-06-11T11:27:47-0400"
"NIPA","T11400","W274RC",15,"Undistributed profits with IVA and CCAdj","Current Dollars","2005","Level","6",606188,"T11400","2026-06-11T11:27:47-0400"
"NIPA","T11400","W274RC",15,"Undistributed profits with IVA and CCAdj","Current Dollars","2006","Level","6",388300,"T11400","2026-06-11T11:27:47-0400"
"NIPA","T11400","W274RC",15,"Undistributed profits with IVA and CCAdj","Current Dollars","2007","Level","6",188385,"T11400","2026-06-11T11:27:47-0400"
"NIPA","T11400","W274RC",15,"Undistributed profits with IVA and CCAdj","Current Dollars","2008","Level","6",38657,"T11400","2026-06-11T11:27:47-0400"
"NIPA","T11400","W274RC",15,"Undistributed profits with IVA and CCAdj","Current Dollars","2009","Level","6",356373,"T11400","2026-06-11T11:27:47-0400"
"NIPA","T11400","W274RC",15,"Undistributed profits with IVA and CCAdj","Current Dollars","2010","Level","6",601872,"T11400","2026-06-11T11:27:47-0400"
"NIPA","T11400","W274RC",15,"Undistributed profits with IVA and CCAdj","Current Dollars","2011","Level","6",536032,"T11400","2026-06-11T11:27:47-0400"
"NIPA","T11400","W274RC",15,"Undistributed profits with IVA and CCAdj","Current Dollars","2012","Level","6",552388,"T11400","2026-06-11T11:27:47-0400"
"NIPA","T11400","W274RC",15,"Undistributed profits with IVA and CCAdj","Current Dollars","2013","Level","6",460989,"T11400","2026-06-11T11:27:47-0400"
"NIPA","T11400","W274RC",15,"Undistributed profits with IVA and CCAdj","Current Dollars","2014","Level","6",502795,"T11400","2026-06-11T11:27:47-0400"
"NIPA","T11400","W274RC",15,"Undistributed profits with IVA and CCAdj","Current Dollars","2015","Level","6",415878,"T11400","2026-06-11T11:27:47-0400"
"NIPA","T11400","W274RC",15,"Undistributed profits with IVA and CCAdj","Current Dollars","2016","Level","6",394636,"T11400","2026-06-11T11:27:47-0400"
"NIPA","T11400","W274RC",15,"Undistributed profits with IVA and CCAdj","Current Dollars","2017","Level","6",385695,"T11400","2026-06-11T11:27:47-0400"
"NIPA","T11400","W274RC",15,"Undistributed profits with IVA and CCAdj","Current Dollars","2018","Level","6",1128198,"T11400","2026-06-11T11:27:47-0400"
"NIPA","T11400","W274RC",15,"Undistributed profits with IVA and CCAdj","Current Dollars","2019","Level","6",703328,"T11400","2026-06-11T11:27:47-0400"
"NIPA","T11400","W274RC",15,"Undistributed profits with IVA and CCAdj","Current Dollars","2020","Level","6",487789,"T11400","2026-06-11T11:27:47-0400"
"NIPA","T11400","W274RC",15,"Undistributed profits with IVA and CCAdj","Current Dollars","2021","Level","6",684384,"T11400","2026-06-11T11:27:47-0400"
"NIPA","T11400","W274RC",15,"Undistributed profits with IVA and CCAdj","Current Dollars","2022","Level","6",667994,"T11400","2026-06-11T11:27:47-0400"
"NIPA","T11400","W274RC",15,"Undistributed profits with IVA and CCAdj","Current Dollars","2023","Level","6",790086,"T11400","2026-06-11T11:27:47-0400"
"NIPA","T11400","W274RC",15,"Undistributed profits with IVA and CCAdj","Current Dollars","2024","Level","6",783816,"T11400","2026-06-11T11:27:47-0400"
"NIPA","T11400","W274RC",15,"Undistributed profits with IVA and CCAdj","Current Dollars","2025","Level","6",1148860,"T11400","2026-06-11T11:27:47-0400"
"NIPA","T11400","A454RC",16,"Gross value added of financial corporate business","Current Dollars","1929","Level","6",3980,"T11400,T11400.1","2026-06-11T11:27:47-0400"
"NIPA","T11400","A454RC",16,"Gross value added of financial corporate business","Current Dollars","1930","Level","6",2918,"T11400,T11400.1","2026-06-11T11:27:47-0400"
"NIPA","T11400","A454RC",16,"Gross value added of financial corporate business","Current Dollars","1931","Level","6",2415,"T11400,T11400.1","2026-06-11T11:27:47-0400"
"NIPA","T11400","A454RC",16,"Gross value added of financial corporate business","Current Dollars","1932","Level","6",2139,"T11400,T11400.1","2026-06-11T11:27:47-0400"
"NIPA","T11400","A454RC",16,"Gross value added of financial corporate business","Current Dollars","1933","Level","6",1899,"T11400,T11400.1","2026-06-11T11:27:47-0400"
"NIPA","T11400","A454RC",16,"Gross value added of financial corporate business","Current Dollars","1934","Level","6",2015,"T11400,T11400.1","2026-06-11T11:27:47-0400"
"NIPA","T11400","A454RC",16,"Gross value added of financial corporate business","Current Dollars","1935","Level","6",2216,"T11400,T11400.1","2026-06-11T11:27:47-0400"
"NIPA","T11400","A454RC",16,"Gross value added of financial corporate business","Current Dollars","1936","Level","6",2541,"T11400,T11400.1","2026-06-11T11:27:47-0400"
"NIPA","T11400","A454RC",16,"Gross value added of financial corporate business","Current Dollars","1937","Level","6",2589,"T11400,T11400.1","2026-06-11T11:27:47-0400"
"NIPA","T11400","A454RC",16,"Gross value added of financial corporate business","Current Dollars","1938","Level","6",2758,"T11400,T11400.1","2026-06-11T11:27:47-0400"
"NIPA","T11400","A454RC",16,"Gross value added of financial corporate business","Current Dollars","1939","Level","6",2880,"T11400,T11400.1","2026-06-11T11:27:47-0400"
"NIPA","T11400","A454RC",16,"Gross value added of financial corporate business","Current Dollars","1940","Level","6",3027,"T11400,T11400.1","2026-06-11T11:27:47-0400"
"NIPA","T11400","A454RC",16,"Gross value added of financial corporate business","Current Dollars","1941","Level","6",3275,"T11400,T11400.1","2026-06-11T11:27:47-0400"
"NIPA","T11400","A454RC",16,"Gross value added of financial corporate business","Current Dollars","1942","Level","6",3445,"T11400,T11400.1","2026-06-11T11:27:47-0400"
"NIPA","T11400","A454RC",16,"Gross value added of financial corporate business","Current Dollars","1943","Level","6",3802,"T11400,T11400.1","2026-06-11T11:27:47-0400"
"NIPA","T11400","A454RC",16,"Gross value added of financial corporate business","Current Dollars","1944","Level","6",4022,"T11400,T11400.1","2026-06-11T11:27:47-0400"
"NIPA","T11400","A454RC",16,"Gross value added of financial corporate business","Current Dollars","1945","Level","6",4245,"T11400,T11400.1","2026-06-11T11:27:47-0400"
"NIPA","T11400","A454RC",16,"Gross value added of financial corporate business","Current Dollars","1946","Level","6",5036,"T11400,T11400.1","2026-06-11T11:27:47-0400"
"NIPA","T11400","A454RC",16,"Gross value added of financial corporate business","Current Dollars","1947","Level","6",5292,"T11400,T11400.1","2026-06-11T11:27:47-0400"
"NIPA","T11400","A454RC",16,"Gross value added of financial corporate business","Current Dollars","1948","Level","6",6022,"T11400,T11400.1","2026-06-11T11:27:47-0400"
"NIPA","T11400","A454RC",16,"Gross value added of financial corporate business","Current Dollars","1949","Level","6",6730,"T11400,T11400.1","2026-06-11T11:27:47-0400"
"NIPA","T11400","A454RC",16,"Gross value added of financial corporate business","Current Dollars","1950","Level","6",7248,"T11400,T11400.1","2026-06-11T11:27:47-0400"
"NIPA","T11400","A454RC",16,"Gross value added of financial corporate business","Current Dollars","1951","Level","6",8148,"T11400,T11400.1","2026-06-11T11:27:47-0400"
"NIPA","T11400","A454RC",16,"Gross value added of financial corporate business","Current Dollars","1952","Level","6",9144,"T11400,T11400.1","2026-06-11T11:27:47-0400"
"NIPA","T11400","A454RC",16,"Gross value added of financial corporate business","Current Dollars","1953","Level","6",10141,"T11400,T11400.1","2026-06-11T11:27:47-0400"
"NIPA","T11400","A454RC",16,"Gross value added of financial corporate business","Current Dollars","1954","Level","6",10702,"T11400,T11400.1","2026-06-11T11:27:47-0400"
"NIPA","T11400","A454RC",16,"Gross value added of financial corporate business","Current Dollars","1955","Level","6",11675,"T11400,T11400.1","2026-06-11T11:27:47-0400"
"NIPA","T11400","A454RC",16,"Gross value added of financial corporate business","Current Dollars","1956","Level","6",12820,"T11400,T11400.1","2026-06-11T11:27:47-0400"
"NIPA","T11400","A454RC",16,"Gross value added of financial corporate business","Current Dollars","1957","Level","6",13740,"T11400,T11400.1","2026-06-11T11:27:47-0400"
"NIPA","T11400","A454RC",16,"Gross value added of financial corporate business","Current Dollars","1958","Level","6",14582,"T11400,T11400.1","2026-06-11T11:27:47-0400"
"NIPA","T11400","A454RC",16,"Gross value added of financial corporate business","Current Dollars","1959","Level","6",15791,"T11400,T11400.1","2026-06-11T11:27:47-0400"
"NIPA","T11400","A454RC",16,"Gross value added of financial corporate business","Current Dollars","1960","Level","6",17396,"T11400,T11400.1","2026-06-11T11:27:47-0400"
"NIPA","T11400","A454RC",16,"Gross value added of financial corporate business","Current Dollars","1961","Level","6",18306,"T11400,T11400.1","2026-06-11T11:27:47-0400"
"NIPA","T11400","A454RC",16,"Gross value added of financial corporate business","Current Dollars","1962","Level","6",19143,"T11400,T11400.1","2026-06-11T11:27:47-0400"
"NIPA","T11400","A454RC",16,"Gross value added of financial corporate business","Current Dollars","1963","Level","6",19534,"T11400,T11400.1","2026-06-11T11:27:47-0400"
"NIPA","T11400","A454RC",16,"Gross value added of financial corporate business","Current Dollars","1964","Level","6",21459,"T11400,T11400.1","2026-06-11T11:27:47-0400"
"NIPA","T11400","A454RC",16,"Gross value added of financial corporate business","Current Dollars","1965","Level","6",23036,"T11400,T11400.1","2026-06-11T11:27:47-0400"
"NIPA","T11400","A454RC",16,"Gross value added of financial corporate business","Current Dollars","1966","Level","6",25010,"T11400,T11400.1","2026-06-11T11:27:47-0400"
"NIPA","T11400","A454RC",16,"Gross value added of financial corporate business","Current Dollars","1967","Level","6",27980,"T11400,T11400.1","2026-06-11T11:27:47-0400"
"NIPA","T11400","A454RC",16,"Gross value added of financial corporate business","Current Dollars","1968","Level","6",31166,"T11400,T11400.1","2026-06-11T11:27:47-0400"
"NIPA","T11400","A454RC",16,"Gross value added of financial corporate business","Current Dollars","1969","Level","6",36028,"T11400,T11400.1","2026-06-11T11:27:47-0400"
"NIPA","T11400","A454RC",16,"Gross value added of financial corporate business","Current Dollars","1970","Level","6",39237,"T11400,T11400.1","2026-06-11T11:27:47-0400"
"NIPA","T11400","A454RC",16,"Gross value added of financial corporate business","Current Dollars","1971","Level","6",42825,"T11400,T11400.1","2026-06-11T11:27:47-0400"
"NIPA","T11400","A454RC",16,"Gross value added of financial corporate business","Current Dollars","1972","Level","6",46953,"T11400,T11400.1","2026-06-11T11:27:47-0400"
"NIPA","T11400","A454RC",16,"Gross value added of financial corporate business","Current Dollars","1973","Level","6",51370,"T11400,T11400.1","2026-06-11T11:27:47-0400"
"NIPA","T11400","A454RC",16,"Gross value added of financial corporate business","Current Dollars","1974","Level","6",59539,"T11400,T11400.1","2026-06-11T11:27:47-0400"
"NIPA","T11400","A454RC",16,"Gross value added of financial corporate business","Current Dollars","1975","Level","6",67265,"T11400,T11400.1","2026-06-11T11:27:47-0400"
"NIPA","T11400","A454RC",16,"Gross value added of financial corporate business","Current Dollars","1976","Level","6",72642,"T11400,T11400.1","2026-06-11T11:27:47-0400"
"NIPA","T11400","A454RC",16,"Gross value added of financial corporate business","Current Dollars","1977","Level","6",85117,"T11400,T11400.1","2026-06-11T11:27:47-0400"
"NIPA","T11400","A454RC",16,"Gross value added of financial corporate business","Current Dollars","1978","Level","6",102959,"T11400,T11400.1","2026-06-11T11:27:47-0400"
"NIPA","T11400","A454RC",16,"Gross value added of financial corporate business","Current Dollars","1979","Level","6",114030,"T11400,T11400.1","2026-06-11T11:27:47-0400"
"NIPA","T11400","A454RC",16,"Gross value added of financial corporate business","Current Dollars","1980","Level","6",127854,"T11400,T11400.1","2026-06-11T11:27:47-0400"
"NIPA","T11400","A454RC",16,"Gross value added of financial corporate business","Current Dollars","1981","Level","6",146063,"T11400,T11400.1","2026-06-11T11:27:47-0400"
"NIPA","T11400","A454RC",16,"Gross value added of financial corporate business","Current Dollars","1982","Level","6",163704,"T11400,T11400.1","2026-06-11T11:27:47-0400"
"NIPA","T11400","A454RC",16,"Gross value added of financial corporate business","Current Dollars","1983","Level","6",186555,"T11400,T11400.1","2026-06-11T11:27:47-0400"
"NIPA","T11400","A454RC",16,"Gross value added of financial corporate business","Current Dollars","1984","Level","6",208777,"T11400,T11400.1","2026-06-11T11:27:47-0400"
"NIPA","T11400","A454RC",16,"Gross value added of financial corporate business","Current Dollars","1985","Level","6",232328,"T11400,T11400.1","2026-06-11T11:27:47-0400"
"NIPA","T11400","A454RC",16,"Gross value added of financial corporate business","Current Dollars","1986","Level","6",241865,"T11400,T11400.1","2026-06-11T11:27:47-0400"
"NIPA","T11400","A454RC",16,"Gross value added of financial corporate business","Current Dollars","1987","Level","6",253231,"T11400,T11400.1","2026-06-11T11:27:47-0400"
"NIPA","T11400","A454RC",16,"Gross value added of financial corporate business","Current Dollars","1988","Level","6",268629,"T11400,T11400.1","2026-06-11T11:27:47-0400"
"NIPA","T11400","A454RC",16,"Gross value added of financial corporate business","Current Dollars","1989","Level","6",299933,"T11400,T11400.1","2026-06-11T11:27:47-0400"
"NIPA","T11400","A454RC",16,"Gross value added of financial corporate business","Current Dollars","1990","Level","6",306638,"T11400,T11400.1","2026-06-11T11:27:47-0400"
"NIPA","T11400","A454RC",16,"Gross value added of financial corporate business","Current Dollars","1991","Level","6",323459,"T11400,T11400.1","2026-06-11T11:27:47-0400"
"NIPA","T11400","A454RC",16,"Gross value added of financial corporate business","Current Dollars","1992","Level","6",365868,"T11400,T11400.1","2026-06-11T11:27:47-0400"
"NIPA","T11400","A454RC",16,"Gross value added of financial corporate business","Current Dollars","1993","Level","6",383927,"T11400,T11400.1","2026-06-11T11:27:47-0400"
"NIPA","T11400","A454RC",16,"Gross value added of financial corporate business","Current Dollars","1994","Level","6",393510,"T11400,T11400.1","2026-06-11T11:27:47-0400"
"NIPA","T11400","A454RC",16,"Gross value added of financial corporate business","Current Dollars","1995","Level","6",432745,"T11400,T11400.1","2026-06-11T11:27:47-0400"
"NIPA","T11400","A454RC",16,"Gross value added of financial corporate business","Current Dollars","1996","Level","6",473849,"T11400,T11400.1","2026-06-11T11:27:47-0400"
"NIPA","T11400","A454RC",16,"Gross value added of financial corporate business","Current Dollars","1997","Level","6",533801,"T11400,T11400.1","2026-06-11T11:27:47-0400"
"NIPA","T11400","A454RC",16,"Gross value added of financial corporate business","Current Dollars","1998","Level","6",599270,"T11400,T11400.1","2026-06-11T11:27:47-0400"
"NIPA","T11400","A454RC",16,"Gross value added of financial corporate business","Current Dollars","1999","Level","6",633881,"T11400,T11400.1","2026-06-11T11:27:47-0400"
"NIPA","T11400","A454RC",16,"Gross value added of financial corporate business","Current Dollars","2000","Level","6",705515,"T11400,T11400.1","2026-06-11T11:27:47-0400"
"NIPA","T11400","A454RC",16,"Gross value added of financial corporate business","Current Dollars","2001","Level","6",732436,"T11400,T11400.1","2026-06-11T11:27:47-0400"
"NIPA","T11400","A454RC",16,"Gross value added of financial corporate business","Current Dollars","2002","Level","6",754988,"T11400,T11400.1","2026-06-11T11:27:47-0400"
"NIPA","T11400","A454RC",16,"Gross value added of financial corporate business","Current Dollars","2003","Level","6",791207,"T11400,T11400.1","2026-06-11T11:27:47-0400"
"NIPA","T11400","A454RC",16,"Gross value added of financial corporate business","Current Dollars","2004","Level","6",826366,"T11400,T11400.1","2026-06-11T11:27:47-0400"
"NIPA","T11400","A454RC",16,"Gross value added of financial corporate business","Current Dollars","2005","Level","6",909905,"T11400,T11400.1","2026-06-11T11:27:47-0400"
"NIPA","T11400","A454RC",16,"Gross value added of financial corporate business","Current Dollars","2006","Level","6",1007744,"T11400,T11400.1","2026-06-11T11:27:47-0400"
"NIPA","T11400","A454RC",16,"Gross value added of financial corporate business","Current Dollars","2007","Level","6",941891,"T11400,T11400.1","2026-06-11T11:27:47-0400"
"NIPA","T11400","A454RC",16,"Gross value added of financial corporate business","Current Dollars","2008","Level","6",781085,"T11400,T11400.1","2026-06-11T11:27:47-0400"
"NIPA","T11400","A454RC",16,"Gross value added of financial corporate business","Current Dollars","2009","Level","6",913302,"T11400,T11400.1","2026-06-11T11:27:47-0400"
"NIPA","T11400","A454RC",16,"Gross value added of financial corporate business","Current Dollars","2010","Level","6",949802,"T11400,T11400.1","2026-06-11T11:27:47-0400"
"NIPA","T11400","A454RC",16,"Gross value added of financial corporate business","Current Dollars","2011","Level","6",961961,"T11400,T11400.1","2026-06-11T11:27:47-0400"
"NIPA","T11400","A454RC",16,"Gross value added of financial corporate business","Current Dollars","2012","Level","6",1063050,"T11400,T11400.1","2026-06-11T11:27:47-0400"
"NIPA","T11400","A454RC",16,"Gross value added of financial corporate business","Current Dollars","2013","Level","6",1039178,"T11400,T11400.1","2026-06-11T11:27:47-0400"
"NIPA","T11400","A454RC",16,"Gross value added of financial corporate business","Current Dollars","2014","Level","6",1194813,"T11400,T11400.1","2026-06-11T11:27:47-0400"
"NIPA","T11400","A454RC",16,"Gross value added of financial corporate business","Current Dollars","2015","Level","6",1267184,"T11400,T11400.1","2026-06-11T11:27:47-0400"
"NIPA","T11400","A454RC",16,"Gross value added of financial corporate business","Current Dollars","2016","Level","6",1337996,"T11400,T11400.1","2026-06-11T11:27:47-0400"
"NIPA","T11400","A454RC",16,"Gross value added of financial corporate business","Current Dollars","2017","Level","6",1361255,"T11400,T11400.1","2026-06-11T11:27:47-0400"
"NIPA","T11400","A454RC",16,"Gross value added of financial corporate business","Current Dollars","2018","Level","6",1458545,"T11400,T11400.1","2026-06-11T11:27:47-0400"
"NIPA","T11400","A454RC",16,"Gross value added of financial corporate business","Current Dollars","2019","Level","6",1532744,"T11400,T11400.1","2026-06-11T11:27:47-0400"
"NIPA","T11400","A454RC",16,"Gross value added of financial corporate business","Current Dollars","2020","Level","6",1596633,"T11400,T11400.1","2026-06-11T11:27:47-0400"
"NIPA","T11400","A454RC",16,"Gross value added of financial corporate business","Current Dollars","2021","Level","6",1746120,"T11400,T11400.1","2026-06-11T11:27:47-0400"
"NIPA","T11400","A454RC",16,"Gross value added of financial corporate business","Current Dollars","2022","Level","6",1877170,"T11400,T11400.1","2026-06-11T11:27:47-0400"
"NIPA","T11400","A454RC",16,"Gross value added of financial corporate business","Current Dollars","2023","Level","6",1962570,"T11400,T11400.1","2026-06-11T11:27:47-0400"
"NIPA","T11400","A454RC",16,"Gross value added of financial corporate business","Current Dollars","2024","Level","6",2111882,"T11400,T11400.1","2026-06-11T11:27:47-0400"
"NIPA","T11400","A454RC",16,"Gross value added of financial corporate business","Current Dollars","2025","Level","6",2283055,"T11400,T11400.1","2026-06-11T11:27:47-0400"
"NIPA","T11400","A455RC",17,"Gross value added of nonfinancial corporate business","Current Dollars","1929","Level","6",50825,"T11400,T11400.1","2026-06-11T11:27:47-0400"
"NIPA","T11400","A455RC",17,"Gross value added of nonfinancial corporate business","Current Dollars","1930","Level","6",45259,"T11400,T11400.1","2026-06-11T11:27:47-0400"
"NIPA","T11400","A455RC",17,"Gross value added of nonfinancial corporate business","Current Dollars","1931","Level","6",35431,"T11400,T11400.1","2026-06-11T11:27:47-0400"
"NIPA","T11400","A455RC",17,"Gross value added of nonfinancial corporate business","Current Dollars","1932","Level","6",25721,"T11400,T11400.1","2026-06-11T11:27:47-0400"
"NIPA","T11400","A455RC",17,"Gross value added of nonfinancial corporate business","Current Dollars","1933","Level","6",24976,"T11400,T11400.1","2026-06-11T11:27:47-0400"
"NIPA","T11400","A455RC",17,"Gross value added of nonfinancial corporate business","Current Dollars","1934","Level","6",31484,"T11400,T11400.1","2026-06-11T11:27:47-0400"
"NIPA","T11400","A455RC",17,"Gross value added of nonfinancial corporate business","Current Dollars","1935","Level","6",34931,"T11400,T11400.1","2026-06-11T11:27:47-0400"
"NIPA","T11400","A455RC",17,"Gross value added of nonfinancial corporate business","Current Dollars","1936","Level","6",40184,"T11400,T11400.1","2026-06-11T11:27:47-0400"
"NIPA","T11400","A455RC",17,"Gross value added of nonfinancial corporate business","Current Dollars","1937","Level","6",45751,"T11400,T11400.1","2026-06-11T11:27:47-0400"
"NIPA","T11400","A455RC",17,"Gross value added of nonfinancial corporate business","Current Dollars","1938","Level","6",40242,"T11400,T11400.1","2026-06-11T11:27:47-0400"
"NIPA","T11400","A455RC",17,"Gross value added of nonfinancial corporate business","Current Dollars","1939","Level","6",44443,"T11400,T11400.1","2026-06-11T11:27:47-0400"
"NIPA","T11400","A455RC",17,"Gross value added of nonfinancial corporate business","Current Dollars","1940","Level","6",51078,"T11400,T11400.1","2026-06-11T11:27:47-0400"
"NIPA","T11400","A455RC",17,"Gross value added of nonfinancial corporate business","Current Dollars","1941","Level","6",66680,"T11400,T11400.1","2026-06-11T11:27:47-0400"
"NIPA","T11400","A455RC",17,"Gross value added of nonfinancial corporate business","Current Dollars","1942","Level","6",84033,"T11400,T11400.1","2026-06-11T11:27:47-0400"
"NIPA","T11400","A455RC",17,"Gross value added of nonfinancial corporate business","Current Dollars","1943","Level","6",99680,"T11400,T11400.1","2026-06-11T11:27:47-0400"
"NIPA","T11400","A455RC",17,"Gross value added of nonfinancial corporate business","Current Dollars","1944","Level","6",103244,"T11400,T11400.1","2026-06-11T11:27:47-0400"
"NIPA","T11400","A455RC",17,"Gross value added of nonfinancial corporate business","Current Dollars","1945","Level","6",96576,"T11400,T11400.1","2026-06-11T11:27:47-0400"
"NIPA","T11400","A455RC",17,"Gross value added of nonfinancial corporate business","Current Dollars","1946","Level","6",100771,"T11400,T11400.1","2026-06-11T11:27:47-0400"
"NIPA","T11400","A455RC",17,"Gross value added of nonfinancial corporate business","Current Dollars","1947","Level","6",122211,"T11400,T11400.1","2026-06-11T11:27:47-0400"
"NIPA","T11400","A455RC",17,"Gross value added of nonfinancial corporate business","Current Dollars","1948","Level","6",140041,"T11400,T11400.1","2026-06-11T11:27:47-0400"
"NIPA","T11400","A455RC",17,"Gross value added of nonfinancial corporate business","Current Dollars","1949","Level","6",136291,"T11400,T11400.1","2026-06-11T11:27:47-0400"
"NIPA","T11400","A455RC",17,"Gross value added of nonfinancial corporate business","Current Dollars","1950","Level","6",154866,"T11400,T11400.1","2026-06-11T11:27:47-0400"
"NIPA","T11400","A455RC",17,"Gross value added of nonfinancial corporate business","Current Dollars","1951","Level","6",177643,"T11400,T11400.1","2026-06-11T11:27:47-0400"
"NIPA","T11400","A455RC",17,"Gross value added of nonfinancial corporate business","Current Dollars","1952","Level","6",185883,"T11400,T11400.1","2026-06-11T11:27:47-0400"
"NIPA","T11400","A455RC",17,"Gross value added of nonfinancial corporate business","Current Dollars","1953","Level","6",199043,"T11400,T11400.1","2026-06-11T11:27:47-0400"
"NIPA","T11400","A455RC",17,"Gross value added of nonfinancial corporate business","Current Dollars","1954","Level","6",196164,"T11400,T11400.1","2026-06-11T11:27:47-0400"
"NIPA","T11400","A455RC",17,"Gross value added of nonfinancial corporate business","Current Dollars","1955","Level","6",221376,"T11400,T11400.1","2026-06-11T11:27:47-0400"
"NIPA","T11400","A455RC",17,"Gross value added of nonfinancial corporate business","Current Dollars","1956","Level","6",237233,"T11400,T11400.1","2026-06-11T11:27:47-0400"
"NIPA","T11400","A455RC",17,"Gross value added of nonfinancial corporate business","Current Dollars","1957","Level","6",247921,"T11400,T11400.1","2026-06-11T11:27:47-0400"
"NIPA","T11400","A455RC",17,"Gross value added of nonfinancial corporate business","Current Dollars","1958","Level","6",242248,"T11400,T11400.1","2026-06-11T11:27:47-0400"
"NIPA","T11400","A455RC",17,"Gross value added of nonfinancial corporate business","Current Dollars","1959","Level","6",271655,"T11400,T11400.1","2026-06-11T11:27:47-0400"
"NIPA","T11400","A455RC",17,"Gross value added of nonfinancial corporate business","Current Dollars","1960","Level","6",282484,"T11400,T11400.1","2026-06-11T11:27:47-0400"
"NIPA","T11400","A455RC",17,"Gross value added of nonfinancial corporate business","Current Dollars","1961","Level","6",290423,"T11400,T11400.1","2026-06-11T11:27:47-0400"
"NIPA","T11400","A455RC",17,"Gross value added of nonfinancial corporate business","Current Dollars","1962","Level","6",316808,"T11400,T11400.1","2026-06-11T11:27:47-0400"
"NIPA","T11400","A455RC",17,"Gross value added of nonfinancial corporate business","Current Dollars","1963","Level","6",337829,"T11400,T11400.1","2026-06-11T11:27:47-0400"
"NIPA","T11400","A455RC",17,"Gross value added of nonfinancial corporate business","Current Dollars","1964","Level","6",364523,"T11400,T11400.1","2026-06-11T11:27:47-0400"
"NIPA","T11400","A455RC",17,"Gross value added of nonfinancial corporate business","Current Dollars","1965","Level","6",400741,"T11400,T11400.1","2026-06-11T11:27:47-0400"
"NIPA","T11400","A455RC",17,"Gross value added of nonfinancial corporate business","Current Dollars","1966","Level","6",440080,"T11400,T11400.1","2026-06-11T11:27:47-0400"
"NIPA","T11400","A455RC",17,"Gross value added of nonfinancial corporate business","Current Dollars","1967","Level","6",463191,"T11400,T11400.1","2026-06-11T11:27:47-0400"
"NIPA","T11400","A455RC",17,"Gross value added of nonfinancial corporate business","Current Dollars","1968","Level","6",510944,"T11400,T11400.1","2026-06-11T11:27:47-0400"
"NIPA","T11400","A455RC",17,"Gross value added of nonfinancial corporate business","Current Dollars","1969","Level","6",554625,"T11400,T11400.1","2026-06-11T11:27:47-0400"
"NIPA","T11400","A455RC",17,"Gross value added of nonfinancial corporate business","Current Dollars","1970","Level","6",572890,"T11400,T11400.1","2026-06-11T11:27:47-0400"
"NIPA","T11400","A455RC",17,"Gross value added of nonfinancial corporate business","Current Dollars","1971","Level","6",618097,"T11400,T11400.1","2026-06-11T11:27:47-0400"
"NIPA","T11400","A455RC",17,"Gross value added of nonfinancial corporate business","Current Dollars","1972","Level","6",685949,"T11400,T11400.1","2026-06-11T11:27:47-0400"
"NIPA","T11400","A455RC",17,"Gross value added of nonfinancial corporate business","Current Dollars","1973","Level","6",768838,"T11400,T11400.1","2026-06-11T11:27:47-0400"
"NIPA","T11400","A455RC",17,"Gross value added of nonfinancial corporate business","Current Dollars","1974","Level","6",830040,"T11400,T11400.1","2026-06-11T11:27:47-0400"
"NIPA","T11400","A455RC",17,"Gross value added of nonfinancial corporate business","Current Dollars","1975","Level","6",898280,"T11400,T11400.1","2026-06-11T11:27:47-0400"
"NIPA","T11400","A455RC",17,"Gross value added of nonfinancial corporate business","Current Dollars","1976","Level","6",1014666,"T11400,T11400.1","2026-06-11T11:27:47-0400"
"NIPA","T11400","A455RC",17,"Gross value added of nonfinancial corporate business","Current Dollars","1977","Level","6",1147401,"T11400,T11400.1","2026-06-11T11:27:47-0400"
"NIPA","T11400","A455RC",17,"Gross value added of nonfinancial corporate business","Current Dollars","1978","Level","6",1303931,"T11400,T11400.1","2026-06-11T11:27:47-0400"
"NIPA","T11400","A455RC",17,"Gross value added of nonfinancial corporate business","Current Dollars","1979","Level","6",1450326,"T11400,T11400.1","2026-06-11T11:27:47-0400"
"NIPA","T11400","A455RC",17,"Gross value added of nonfinancial corporate business","Current Dollars","1980","Level","6",1574527,"T11400,T11400.1","2026-06-11T11:27:47-0400"
"NIPA","T11400","A455RC",17,"Gross value added of nonfinancial corporate business","Current Dollars","1981","Level","6",1789067,"T11400,T11400.1","2026-06-11T11:27:47-0400"
"NIPA","T11400","A455RC",17,"Gross value added of nonfinancial corporate business","Current Dollars","1982","Level","6",1854861,"T11400,T11400.1","2026-06-11T11:27:47-0400"
"NIPA","T11400","A455RC",17,"Gross value added of nonfinancial corporate business","Current Dollars","1983","Level","6",1985899,"T11400,T11400.1","2026-06-11T11:27:47-0400"
"NIPA","T11400","A455RC",17,"Gross value added of nonfinancial corporate business","Current Dollars","1984","Level","6",2226000,"T11400,T11400.1","2026-06-11T11:27:47-0400"
"NIPA","T11400","A455RC",17,"Gross value added of nonfinancial corporate business","Current Dollars","1985","Level","6",2369165,"T11400,T11400.1","2026-06-11T11:27:47-0400"
"NIPA","T11400","A455RC",17,"Gross value added of nonfinancial corporate business","Current Dollars","1986","Level","6",2464907,"T11400,T11400.1","2026-06-11T11:27:47-0400"
"NIPA","T11400","A455RC",17,"Gross value added of nonfinancial corporate business","Current Dollars","1987","Level","6",2641902,"T11400,T11400.1","2026-06-11T11:27:47-0400"
"NIPA","T11400","A455RC",17,"Gross value added of nonfinancial corporate business","Current Dollars","1988","Level","6",2873908,"T11400,T11400.1","2026-06-11T11:27:47-0400"
"NIPA","T11400","A455RC",17,"Gross value added of nonfinancial corporate business","Current Dollars","1989","Level","6",3020213,"T11400,T11400.1","2026-06-11T11:27:47-0400"
"NIPA","T11400","A455RC",17,"Gross value added of nonfinancial corporate business","Current Dollars","1990","Level","6",3160697,"T11400,T11400.1","2026-06-11T11:27:47-0400"
"NIPA","T11400","A455RC",17,"Gross value added of nonfinancial corporate business","Current Dollars","1991","Level","6",3231237,"T11400,T11400.1","2026-06-11T11:27:47-0400"
"NIPA","T11400","A455RC",17,"Gross value added of nonfinancial corporate business","Current Dollars","1992","Level","6",3376497,"T11400,T11400.1","2026-06-11T11:27:47-0400"
"NIPA","T11400","A455RC",17,"Gross value added of nonfinancial corporate business","Current Dollars","1993","Level","6",3534936,"T11400,T11400.1","2026-06-11T11:27:47-0400"
"NIPA","T11400","A455RC",17,"Gross value added of nonfinancial corporate business","Current Dollars","1994","Level","6",3816575,"T11400,T11400.1","2026-06-11T11:27:47-0400"
"NIPA","T11400","A455RC",17,"Gross value added of nonfinancial corporate business","Current Dollars","1995","Level","6",4041486,"T11400,T11400.1","2026-06-11T11:27:47-0400"
"NIPA","T11400","A455RC",17,"Gross value added of nonfinancial corporate business","Current Dollars","1996","Level","6",4296356,"T11400,T11400.1","2026-06-11T11:27:47-0400"
"NIPA","T11400","A455RC",17,"Gross value added of nonfinancial corporate business","Current Dollars","1997","Level","6",4609353,"T11400,T11400.1","2026-06-11T11:27:47-0400"
"NIPA","T11400","A455RC",17,"Gross value added of nonfinancial corporate business","Current Dollars","1998","Level","6",4875176,"T11400,T11400.1","2026-06-11T11:27:47-0400"
"NIPA","T11400","A455RC",17,"Gross value added of nonfinancial corporate business","Current Dollars","1999","Level","6",5168284,"T11400,T11400.1","2026-06-11T11:27:47-0400"
"NIPA","T11400","A455RC",17,"Gross value added of nonfinancial corporate business","Current Dollars","2000","Level","6",5510787,"T11400,T11400.1","2026-06-11T11:27:47-0400"
"NIPA","T11400","A455RC",17,"Gross value added of nonfinancial corporate business","Current Dollars","2001","Level","6",5470157,"T11400,T11400.1","2026-06-11T11:27:47-0400"
"NIPA","T11400","A455RC",17,"Gross value added of nonfinancial corporate business","Current Dollars","2002","Level","6",5543551,"T11400,T11400.1","2026-06-11T11:27:47-0400"
"NIPA","T11400","A455RC",17,"Gross value added of nonfinancial corporate business","Current Dollars","2003","Level","6",5733743,"T11400,T11400.1","2026-06-11T11:27:47-0400"
"NIPA","T11400","A455RC",17,"Gross value added of nonfinancial corporate business","Current Dollars","2004","Level","6",6133641,"T11400,T11400.1","2026-06-11T11:27:47-0400"
"NIPA","T11400","A455RC",17,"Gross value added of nonfinancial corporate business","Current Dollars","2005","Level","6",6575529,"T11400,T11400.1","2026-06-11T11:27:47-0400"
"NIPA","T11400","A455RC",17,"Gross value added of nonfinancial corporate business","Current Dollars","2006","Level","6",7021572,"T11400,T11400.1","2026-06-11T11:27:47-0400"
"NIPA","T11400","A455RC",17,"Gross value added of nonfinancial corporate business","Current Dollars","2007","Level","6",7257367,"T11400,T11400.1","2026-06-11T11:27:47-0400"
"NIPA","T11400","A455RC",17,"Gross value added of nonfinancial corporate business","Current Dollars","2008","Level","6",7327703,"T11400,T11400.1","2026-06-11T11:27:47-0400"
"NIPA","T11400","A455RC",17,"Gross value added of nonfinancial corporate business","Current Dollars","2009","Level","6",6904035,"T11400,T11400.1","2026-06-11T11:27:47-0400"
"NIPA","T11400","A455RC",17,"Gross value added of nonfinancial corporate business","Current Dollars","2010","Level","6",7287190,"T11400,T11400.1","2026-06-11T11:27:47-0400"
"NIPA","T11400","A455RC",17,"Gross value added of nonfinancial corporate business","Current Dollars","2011","Level","6",7661063,"T11400,T11400.1","2026-06-11T11:27:47-0400"
"NIPA","T11400","A455RC",17,"Gross value added of nonfinancial corporate business","Current Dollars","2012","Level","6",8110944,"T11400,T11400.1","2026-06-11T11:27:47-0400"
"NIPA","T11400","A455RC",17,"Gross value added of nonfinancial corporate business","Current Dollars","2013","Level","6",8417763,"T11400,T11400.1","2026-06-11T11:27:47-0400"
"NIPA","T11400","A455RC",17,"Gross value added of nonfinancial corporate business","Current Dollars","2014","Level","6",8851699,"T11400,T11400.1","2026-06-11T11:27:47-0400"
"NIPA","T11400","A455RC",17,"Gross value added of nonfinancial corporate business","Current Dollars","2015","Level","6",9222330,"T11400,T11400.1","2026-06-11T11:27:47-0400"
"NIPA","T11400","A455RC",17,"Gross value added of nonfinancial corporate business","Current Dollars","2016","Level","6",9346389,"T11400,T11400.1","2026-06-11T11:27:47-0400"
"NIPA","T11400","A455RC",17,"Gross value added of nonfinancial corporate business","Current Dollars","2017","Level","6",9771449,"T11400,T11400.1","2026-06-11T11:27:47-0400"
"NIPA","T11400","A455RC",17,"Gross value added of nonfinancial corporate business","Current Dollars","2018","Level","6",10337804,"T11400,T11400.1","2026-06-11T11:27:47-0400"
"NIPA","T11400","A455RC",17,"Gross value added of nonfinancial corporate business","Current Dollars","2019","Level","6",10799812,"T11400,T11400.1","2026-06-11T11:27:47-0400"
"NIPA","T11400","A455RC",17,"Gross value added of nonfinancial corporate business","Current Dollars","2020","Level","6",10498662,"T11400,T11400.1","2026-06-11T11:27:47-0400"
"NIPA","T11400","A455RC",17,"Gross value added of nonfinancial corporate business","Current Dollars","2021","Level","6",12072724,"T11400,T11400.1","2026-06-11T11:27:47-0400"
"NIPA","T11400","A455RC",17,"Gross value added of nonfinancial corporate business","Current Dollars","2022","Level","6",13445428,"T11400,T11400.1","2026-06-11T11:27:47-0400"
"NIPA","T11400","A455RC",17,"Gross value added of nonfinancial corporate business","Current Dollars","2023","Level","6",14163359,"T11400,T11400.1","2026-06-11T11:27:47-0400"
"NIPA","T11400","A455RC",17,"Gross value added of nonfinancial corporate business","Current Dollars","2024","Level","6",14849197,"T11400,T11400.1","2026-06-11T11:27:47-0400"
"NIPA","T11400","A455RC",17,"Gross value added of nonfinancial corporate business","Current Dollars","2025","Level","6",15602020,"T11400,T11400.1","2026-06-11T11:27:47-0400"
"NIPA","T11400","B456RC",18,"Consumption of fixed capital","Current Dollars","1929","Level","6",5016,"T11400","2026-06-11T11:27:47-0400"
"NIPA","T11400","B456RC",18,"Consumption of fixed capital","Current Dollars","1930","Level","6",4872,"T11400","2026-06-11T11:27:47-0400"
"NIPA","T11400","B456RC",18,"Consumption of fixed capital","Current Dollars","1931","Level","6",4560,"T11400","2026-06-11T11:27:47-0400"
"NIPA","T11400","B456RC",18,"Consumption of fixed capital","Current Dollars","1932","Level","6",4076,"T11400","2026-06-11T11:27:47-0400"
"NIPA","T11400","B456RC",18,"Consumption of fixed capital","Current Dollars","1933","Level","6",3860,"T11400","2026-06-11T11:27:47-0400"
"NIPA","T11400","B456RC",18,"Consumption of fixed capital","Current Dollars","1934","Level","6",3944,"T11400","2026-06-11T11:27:47-0400"
"NIPA","T11400","B456RC",18,"Consumption of fixed capital","Current Dollars","1935","Level","6",4020,"T11400","2026-06-11T11:27:47-0400"
"NIPA","T11400","B456RC",18,"Consumption of fixed capital","Current Dollars","1936","Level","6",4080,"T11400","2026-06-11T11:27:47-0400"
"NIPA","T11400","B456RC",18,"Consumption of fixed capital","Current Dollars","1937","Level","6",4556,"T11400","2026-06-11T11:27:47-0400"
"NIPA","T11400","B456RC",18,"Consumption of fixed capital","Current Dollars","1938","Level","6",4632,"T11400","2026-06-11T11:27:47-0400"
"NIPA","T11400","B456RC",18,"Consumption of fixed capital","Current Dollars","1939","Level","6",4636,"T11400","2026-06-11T11:27:47-0400"
"NIPA","T11400","B456RC",18,"Consumption of fixed capital","Current Dollars","1940","Level","6",4844,"T11400","2026-06-11T11:27:47-0400"
"NIPA","T11400","B456RC",18,"Consumption of fixed capital","Current Dollars","1941","Level","6",5364,"T11400","2026-06-11T11:27:47-0400"
"NIPA","T11400","B456RC",18,"Consumption of fixed capital","Current Dollars","1942","Level","6",6124,"T11400","2026-06-11T11:27:47-0400"
"NIPA","T11400","B456RC",18,"Consumption of fixed capital","Current Dollars","1943","Level","6",6304,"T11400","2026-06-11T11:27:47-0400"
"NIPA","T11400","B456RC",18,"Consumption of fixed capital","Current Dollars","1944","Level","6",6496,"T11400","2026-06-11T11:27:47-0400"
"NIPA","T11400","B456RC",18,"Consumption of fixed capital","Current Dollars","1945","Level","6",6736,"T11400","2026-06-11T11:27:47-0400"
"NIPA","T11400","B456RC",18,"Consumption of fixed capital","Current Dollars","1946","Level","6",7752,"T11400","2026-06-11T11:27:47-0400"
"NIPA","T11400","B456RC",18,"Consumption of fixed capital","Current Dollars","1947","Level","6",9476,"T11400","2026-06-11T11:27:47-0400"
"NIPA","T11400","B456RC",18,"Consumption of fixed capital","Current Dollars","1948","Level","6",11120,"T11400","2026-06-11T11:27:47-0400"
"NIPA","T11400","B456RC",18,"Consumption of fixed capital","Current Dollars","1949","Level","6",12008,"T11400","2026-06-11T11:27:47-0400"
"NIPA","T11400","B456RC",18,"Consumption of fixed capital","Current Dollars","1950","Level","6",12848,"T11400","2026-06-11T11:27:47-0400"
"NIPA","T11400","B456RC",18,"Consumption of fixed capital","Current Dollars","1951","Level","6",14636,"T11400","2026-06-11T11:27:47-0400"
"NIPA","T11400","B456RC",18,"Consumption of fixed capital","Current Dollars","1952","Level","6",15580,"T11400","2026-06-11T11:27:47-0400"
"NIPA","T11400","B456RC",18,"Consumption of fixed capital","Current Dollars","1953","Level","6",16728,"T11400","2026-06-11T11:27:47-0400"
"NIPA","T11400","B456RC",18,"Consumption of fixed capital","Current Dollars","1954","Level","6",17724,"T11400","2026-06-11T11:27:47-0400"
"NIPA","T11400","B456RC",18,"Consumption of fixed capital","Current Dollars","1955","Level","6",18912,"T11400","2026-06-11T11:27:47-0400"
"NIPA","T11400","B456RC",18,"Consumption of fixed capital","Current Dollars","1956","Level","6",21356,"T11400","2026-06-11T11:27:47-0400"
"NIPA","T11400","B456RC",18,"Consumption of fixed capital","Current Dollars","1957","Level","6",23756,"T11400","2026-06-11T11:27:47-0400"
"NIPA","T11400","B456RC",18,"Consumption of fixed capital","Current Dollars","1958","Level","6",25496,"T11400","2026-06-11T11:27:47-0400"
"NIPA","T11400","B456RC",18,"Consumption of fixed capital","Current Dollars","1959","Level","6",26688,"T11400","2026-06-11T11:27:47-0400"
"NIPA","T11400","B456RC",18,"Consumption of fixed capital","Current Dollars","1960","Level","6",27560,"T11400","2026-06-11T11:27:47-0400"
"NIPA","T11400","B456RC",18,"Consumption of fixed capital","Current Dollars","1961","Level","6",28564,"T11400","2026-06-11T11:27:47-0400"
"NIPA","T11400","B456RC",18,"Consumption of fixed capital","Current Dollars","1962","Level","6",29824,"T11400","2026-06-11T11:27:47-0400"
"NIPA","T11400","B456RC",18,"Consumption of fixed capital","Current Dollars","1963","Level","6",31340,"T11400","2026-06-11T11:27:47-0400"
"NIPA","T11400","B456RC",18,"Consumption of fixed capital","Current Dollars","1964","Level","6",33252,"T11400","2026-06-11T11:27:47-0400"
"NIPA","T11400","B456RC",18,"Consumption of fixed capital","Current Dollars","1965","Level","6",35828,"T11400","2026-06-11T11:27:47-0400"
"NIPA","T11400","B456RC",18,"Consumption of fixed capital","Current Dollars","1966","Level","6",39392,"T11400","2026-06-11T11:27:47-0400"
"NIPA","T11400","B456RC",18,"Consumption of fixed capital","Current Dollars","1967","Level","6",43452,"T11400","2026-06-11T11:27:47-0400"
"NIPA","T11400","B456RC",18,"Consumption of fixed capital","Current Dollars","1968","Level","6",48092,"T11400","2026-06-11T11:27:47-0400"
"NIPA","T11400","B456RC",18,"Consumption of fixed capital","Current Dollars","1969","Level","6",53484,"T11400","2026-06-11T11:27:47-0400"
"NIPA","T11400","B456RC",18,"Consumption of fixed capital","Current Dollars","1970","Level","6",59260,"T11400","2026-06-11T11:27:47-0400"
"NIPA","T11400","B456RC",18,"Consumption of fixed capital","Current Dollars","1971","Level","6",64732,"T11400","2026-06-11T11:27:47-0400"
"NIPA","T11400","B456RC",18,"Consumption of fixed capital","Current Dollars","1972","Level","6",70188,"T11400","2026-06-11T11:27:47-0400"
"NIPA","T11400","B456RC",18,"Consumption of fixed capital","Current Dollars","1973","Level","6",78180,"T11400","2026-06-11T11:27:47-0400"
"NIPA","T11400","B456RC",18,"Consumption of fixed capital","Current Dollars","1974","Level","6",91384,"T11400","2026-06-11T11:27:47-0400"
"NIPA","T11400","B456RC",18,"Consumption of fixed capital","Current Dollars","1975","Level","6",107724,"T11400","2026-06-11T11:27:47-0400"
"NIPA","T11400","B456RC",18,"Consumption of fixed capital","Current Dollars","1976","Level","6",118272,"T11400","2026-06-11T11:27:47-0400"
"NIPA","T11400","B456RC",18,"Consumption of fixed capital","Current Dollars","1977","Level","6",132560,"T11400","2026-06-11T11:27:47-0400"
"NIPA","T11400","B456RC",18,"Consumption of fixed capital","Current Dollars","1978","Level","6",150152,"T11400","2026-06-11T11:27:47-0400"
"NIPA","T11400","B456RC",18,"Consumption of fixed capital","Current Dollars","1979","Level","6",172444,"T11400","2026-06-11T11:27:47-0400"
"NIPA","T11400","B456RC",18,"Consumption of fixed capital","Current Dollars","1980","Level","6",198860,"T11400","2026-06-11T11:27:47-0400"
"NIPA","T11400","B456RC",18,"Consumption of fixed capital","Current Dollars","1981","Level","6",229084,"T11400","2026-06-11T11:27:47-0400"
"NIPA","T11400","B456RC",18,"Consumption of fixed capital","Current Dollars","1982","Level","6",253880,"T11400","2026-06-11T11:27:47-0400"
"NIPA","T11400","B456RC",18,"Consumption of fixed capital","Current Dollars","1983","Level","6",264616,"T11400","2026-06-11T11:27:47-0400"
"NIPA","T11400","B456RC",18,"Consumption of fixed capital","Current Dollars","1984","Level","6",278952,"T11400","2026-06-11T11:27:47-0400"
"NIPA","T11400","B456RC",18,"Consumption of fixed capital","Current Dollars","1985","Level","6",298976,"T11400","2026-06-11T11:27:47-0400"
"NIPA","T11400","B456RC",18,"Consumption of fixed capital","Current Dollars","1986","Level","6",317872,"T11400","2026-06-11T11:27:47-0400"
"NIPA","T11400","B456RC",18,"Consumption of fixed capital","Current Dollars","1987","Level","6",334692,"T11400","2026-06-11T11:27:47-0400"
"NIPA","T11400","B456RC",18,"Consumption of fixed capital","Current Dollars","1988","Level","6",358200,"T11400","2026-06-11T11:27:47-0400"
"NIPA","T11400","B456RC",18,"Consumption of fixed capital","Current Dollars","1989","Level","6",380160,"T11400","2026-06-11T11:27:47-0400"
"NIPA","T11400","B456RC",18,"Consumption of fixed capital","Current Dollars","1990","Level","6",402624,"T11400","2026-06-11T11:27:47-0400"
"NIPA","T11400","B456RC",18,"Consumption of fixed capital","Current Dollars","1991","Level","6",423556,"T11400","2026-06-11T11:27:47-0400"
"NIPA","T11400","B456RC",18,"Consumption of fixed capital","Current Dollars","1992","Level","6",436252,"T11400","2026-06-11T11:27:47-0400"
"NIPA","T11400","B456RC",18,"Consumption of fixed capital","Current Dollars","1993","Level","6",455844,"T11400","2026-06-11T11:27:47-0400"
"NIPA","T11400","B456RC",18,"Consumption of fixed capital","Current Dollars","1994","Level","6",482344,"T11400","2026-06-11T11:27:47-0400"
"NIPA","T11400","B456RC",18,"Consumption of fixed capital","Current Dollars","1995","Level","6",520836,"T11400","2026-06-11T11:27:47-0400"
"NIPA","T11400","B456RC",18,"Consumption of fixed capital","Current Dollars","1996","Level","6",554164,"T11400","2026-06-11T11:27:47-0400"
"NIPA","T11400","B456RC",18,"Consumption of fixed capital","Current Dollars","1997","Level","6",594612,"T11400","2026-06-11T11:27:47-0400"
"NIPA","T11400","B456RC",18,"Consumption of fixed capital","Current Dollars","1998","Level","6",634096,"T11400","2026-06-11T11:27:47-0400"
"NIPA","T11400","B456RC",18,"Consumption of fixed capital","Current Dollars","1999","Level","6",679076,"T11400","2026-06-11T11:27:47-0400"
"NIPA","T11400","B456RC",18,"Consumption of fixed capital","Current Dollars","2000","Level","6",737452,"T11400","2026-06-11T11:27:47-0400"
"NIPA","T11400","B456RC",18,"Consumption of fixed capital","Current Dollars","2001","Level","6",781460,"T11400","2026-06-11T11:27:47-0400"
"NIPA","T11400","B456RC",18,"Consumption of fixed capital","Current Dollars","2002","Level","6",805024,"T11400","2026-06-11T11:27:47-0400"
"NIPA","T11400","B456RC",18,"Consumption of fixed capital","Current Dollars","2003","Level","6",818191,"T11400","2026-06-11T11:27:47-0400"
"NIPA","T11400","B456RC",18,"Consumption of fixed capital","Current Dollars","2004","Level","6",851954,"T11400","2026-06-11T11:27:47-0400"
"NIPA","T11400","B456RC",18,"Consumption of fixed capital","Current Dollars","2005","Level","6",913610,"T11400","2026-06-11T11:27:47-0400"
"NIPA","T11400","B456RC",18,"Consumption of fixed capital","Current Dollars","2006","Level","6",984445,"T11400","2026-06-11T11:27:47-0400"
"NIPA","T11400","B456RC",18,"Consumption of fixed capital","Current Dollars","2007","Level","6",1047219,"T11400","2026-06-11T11:27:47-0400"
"NIPA","T11400","B456RC",18,"Consumption of fixed capital","Current Dollars","2008","Level","6",1108750,"T11400","2026-06-11T11:27:47-0400"
"NIPA","T11400","B456RC",18,"Consumption of fixed capital","Current Dollars","2009","Level","6",1114626,"T11400","2026-06-11T11:27:47-0400"
"NIPA","T11400","B456RC",18,"Consumption of fixed capital","Current Dollars","2010","Level","6",1123495,"T11400","2026-06-11T11:27:47-0400"
"NIPA","T11400","B456RC",18,"Consumption of fixed capital","Current Dollars","2011","Level","6",1173463,"T11400","2026-06-11T11:27:47-0400"
"NIPA","T11400","B456RC",18,"Consumption of fixed capital","Current Dollars","2012","Level","6",1234809,"T11400","2026-06-11T11:27:47-0400"
"NIPA","T11400","B456RC",18,"Consumption of fixed capital","Current Dollars","2013","Level","6",1282795,"T11400","2026-06-11T11:27:47-0400"
"NIPA","T11400","B456RC",18,"Consumption of fixed capital","Current Dollars","2014","Level","6",1352680,"T11400","2026-06-11T11:27:47-0400"
"NIPA","T11400","B456RC",18,"Consumption of fixed capital","Current Dollars","2015","Level","6",1408263,"T11400","2026-06-11T11:27:47-0400"
"NIPA","T11400","B456RC",18,"Consumption of fixed capital","Current Dollars","2016","Level","6",1441019,"T11400","2026-06-11T11:27:47-0400"
"NIPA","T11400","B456RC",18,"Consumption of fixed capital","Current Dollars","2017","Level","6",1509413,"T11400","2026-06-11T11:27:47-0400"
"NIPA","T11400","B456RC",18,"Consumption of fixed capital","Current Dollars","2018","Level","6",1582147,"T11400","2026-06-11T11:27:47-0400"
"NIPA","T11400","B456RC",18,"Consumption of fixed capital","Current Dollars","2019","Level","6",1664696,"T11400","2026-06-11T11:27:47-0400"
"NIPA","T11400","B456RC",18,"Consumption of fixed capital","Current Dollars","2020","Level","6",1728115,"T11400","2026-06-11T11:27:47-0400"
"NIPA","T11400","B456RC",18,"Consumption of fixed capital","Current Dollars","2021","Level","6",1815454,"T11400","2026-06-11T11:27:47-0400"
"NIPA","T11400","B456RC",18,"Consumption of fixed capital","Current Dollars","2022","Level","6",2010486,"T11400","2026-06-11T11:27:47-0400"
"NIPA","T11400","B456RC",18,"Consumption of fixed capital","Current Dollars","2023","Level","6",2154291,"T11400","2026-06-11T11:27:47-0400"
"NIPA","T11400","B456RC",18,"Consumption of fixed capital","Current Dollars","2024","Level","6",2274356,"T11400","2026-06-11T11:27:47-0400"
"NIPA","T11400","B456RC",18,"Consumption of fixed capital","Current Dollars","2025","Level","6",2413879,"T11400","2026-06-11T11:27:47-0400"
"NIPA","T11400","A457RC",19,"Net value added","Current Dollars","1929","Level","6",45809,"T11400","2026-06-11T11:27:47-0400"
"NIPA","T11400","A457RC",19,"Net value added","Current Dollars","1930","Level","6",40387,"T11400","2026-06-11T11:27:47-0400"
"NIPA","T11400","A457RC",19,"Net value added","Current Dollars","1931","Level","6",30871,"T11400","2026-06-11T11:27:47-0400"
"NIPA","T11400","A457RC",19,"Net value added","Current Dollars","1932","Level","6",21645,"T11400","2026-06-11T11:27:47-0400"
"NIPA","T11400","A457RC",19,"Net value added","Current Dollars","1933","Level","6",21116,"T11400","2026-06-11T11:27:47-0400"
"NIPA","T11400","A457RC",19,"Net value added","Current Dollars","1934","Level","6",27540,"T11400","2026-06-11T11:27:47-0400"
"NIPA","T11400","A457RC",19,"Net value added","Current Dollars","1935","Level","6",30911,"T11400","2026-06-11T11:27:47-0400"
"NIPA","T11400","A457RC",19,"Net value added","Current Dollars","1936","Level","6",36104,"T11400","2026-06-11T11:27:47-0400"
"NIPA","T11400","A457RC",19,"Net value added","Current Dollars","1937","Level","6",41195,"T11400","2026-06-11T11:27:47-0400"
"NIPA","T11400","A457RC",19,"Net value added","Current Dollars","1938","Level","6",35610,"T11400","2026-06-11T11:27:47-0400"
"NIPA","T11400","A457RC",19,"Net value added","Current Dollars","1939","Level","6",39807,"T11400","2026-06-11T11:27:47-0400"
"NIPA","T11400","A457RC",19,"Net value added","Current Dollars","1940","Level","6",46234,"T11400","2026-06-11T11:27:47-0400"
"NIPA","T11400","A457RC",19,"Net value added","Current Dollars","1941","Level","6",61316,"T11400","2026-06-11T11:27:47-0400"
"NIPA","T11400","A457RC",19,"Net value added","Current Dollars","1942","Level","6",77909,"T11400","2026-06-11T11:27:47-0400"
"NIPA","T11400","A457RC",19,"Net value added","Current Dollars","1943","Level","6",93376,"T11400","2026-06-11T11:27:47-0400"
"NIPA","T11400","A457RC",19,"Net value added","Current Dollars","1944","Level","6",96748,"T11400","2026-06-11T11:27:47-0400"
"NIPA","T11400","A457RC",19,"Net value added","Current Dollars","1945","Level","6",89840,"T11400","2026-06-11T11:27:47-0400"
"NIPA","T11400","A457RC",19,"Net value added","Current Dollars","1946","Level","6",93019,"T11400","2026-06-11T11:27:47-0400"
"NIPA","T11400","A457RC",19,"Net value added","Current Dollars","1947","Level","6",112735,"T11400","2026-06-11T11:27:47-0400"
"NIPA","T11400","A457RC",19,"Net value added","Current Dollars","1948","Level","6",128921,"T11400","2026-06-11T11:27:47-0400"
"NIPA","T11400","A457RC",19,"Net value added","Current Dollars","1949","Level","6",124283,"T11400","2026-06-11T11:27:47-0400"
"NIPA","T11400","A457RC",19,"Net value added","Current Dollars","1950","Level","6",142018,"T11400","2026-06-11T11:27:47-0400"
"NIPA","T11400","A457RC",19,"Net value added","Current Dollars","1951","Level","6",163007,"T11400","2026-06-11T11:27:47-0400"
"NIPA","T11400","A457RC",19,"Net value added","Current Dollars","1952","Level","6",170303,"T11400","2026-06-11T11:27:47-0400"
"NIPA","T11400","A457RC",19,"Net value added","Current Dollars","1953","Level","6",182315,"T11400","2026-06-11T11:27:47-0400"
"NIPA","T11400","A457RC",19,"Net value added","Current Dollars","1954","Level","6",178440,"T11400","2026-06-11T11:27:47-0400"
"NIPA","T11400","A457RC",19,"Net value added","Current Dollars","1955","Level","6",202464,"T11400","2026-06-11T11:27:47-0400"
"NIPA","T11400","A457RC",19,"Net value added","Current Dollars","1956","Level","6",215877,"T11400","2026-06-11T11:27:47-0400"
"NIPA","T11400","A457RC",19,"Net value added","Current Dollars","1957","Level","6",224165,"T11400","2026-06-11T11:27:47-0400"
"NIPA","T11400","A457RC",19,"Net value added","Current Dollars","1958","Level","6",216752,"T11400","2026-06-11T11:27:47-0400"
"NIPA","T11400","A457RC",19,"Net value added","Current Dollars","1959","Level","6",244967,"T11400","2026-06-11T11:27:47-0400"
"NIPA","T11400","A457RC",19,"Net value added","Current Dollars","1960","Level","6",254924,"T11400","2026-06-11T11:27:47-0400"
"NIPA","T11400","A457RC",19,"Net value added","Current Dollars","1961","Level","6",261859,"T11400","2026-06-11T11:27:47-0400"
"NIPA","T11400","A457RC",19,"Net value added","Current Dollars","1962","Level","6",286984,"T11400","2026-06-11T11:27:47-0400"
"NIPA","T11400","A457RC",19,"Net value added","Current Dollars","1963","Level","6",306489,"T11400","2026-06-11T11:27:47-0400"
"NIPA","T11400","A457RC",19,"Net value added","Current Dollars","1964","Level","6",331271,"T11400","2026-06-11T11:27:47-0400"
"NIPA","T11400","A457RC",19,"Net value added","Current Dollars","1965","Level","6",364913,"T11400","2026-06-11T11:27:47-0400"
"NIPA","T11400","A457RC",19,"Net value added","Current Dollars","1966","Level","6",400688,"T11400","2026-06-11T11:27:47-0400"
"NIPA","T11400","A457RC",19,"Net value added","Current Dollars","1967","Level","6",419739,"T11400","2026-06-11T11:27:47-0400"
"NIPA","T11400","A457RC",19,"Net value added","Current Dollars","1968","Level","6",462852,"T11400","2026-06-11T11:27:47-0400"
"NIPA","T11400","A457RC",19,"Net value added","Current Dollars","1969","Level","6",501141,"T11400","2026-06-11T11:27:47-0400"
"NIPA","T11400","A457RC",19,"Net value added","Current Dollars","1970","Level","6",513630,"T11400","2026-06-11T11:27:47-0400"
"NIPA","T11400","A457RC",19,"Net value added","Current Dollars","1971","Level","6",553365,"T11400","2026-06-11T11:27:47-0400"
"NIPA","T11400","A457RC",19,"Net value added","Current Dollars","1972","Level","6",615761,"T11400","2026-06-11T11:27:47-0400"
"NIPA","T11400","A457RC",19,"Net value added","Current Dollars","1973","Level","6",690658,"T11400","2026-06-11T11:27:47-0400"
"NIPA","T11400","A457RC",19,"Net value added","Current Dollars","1974","Level","6",738656,"T11400","2026-06-11T11:27:47-0400"
"NIPA","T11400","A457RC",19,"Net value added","Current Dollars","1975","Level","6",790556,"T11400","2026-06-11T11:27:47-0400"
"NIPA","T11400","A457RC",19,"Net value added","Current Dollars","1976","Level","6",896394,"T11400","2026-06-11T11:27:47-0400"
"NIPA","T11400","A457RC",19,"Net value added","Current Dollars","1977","Level","6",1014841,"T11400","2026-06-11T11:27:47-0400"
"NIPA","T11400","A457RC",19,"Net value added","Current Dollars","1978","Level","6",1153779,"T11400","2026-06-11T11:27:47-0400"
"NIPA","T11400","A457RC",19,"Net value added","Current Dollars","1979","Level","6",1277882,"T11400","2026-06-11T11:27:47-0400"
"NIPA","T11400","A457RC",19,"Net value added","Current Dollars","1980","Level","6",1375667,"T11400","2026-06-11T11:27:47-0400"
"NIPA","T11400","A457RC",19,"Net value added","Current Dollars","1981","Level","6",1559983,"T11400","2026-06-11T11:27:47-0400"
"NIPA","T11400","A457RC",19,"Net value added","Current Dollars","1982","Level","6",1600981,"T11400","2026-06-11T11:27:47-0400"
"NIPA","T11400","A457RC",19,"Net value added","Current Dollars","1983","Level","6",1721283,"T11400","2026-06-11T11:27:47-0400"
"NIPA","T11400","A457RC",19,"Net value added","Current Dollars","1984","Level","6",1947048,"T11400","2026-06-11T11:27:47-0400"
"NIPA","T11400","A457RC",19,"Net value added","Current Dollars","1985","Level","6",2070189,"T11400","2026-06-11T11:27:47-0400"
"NIPA","T11400","A457RC",19,"Net value added","Current Dollars","1986","Level","6",2147035,"T11400","2026-06-11T11:27:47-0400"
"NIPA","T11400","A457RC",19,"Net value added","Current Dollars","1987","Level","6",2307210,"T11400","2026-06-11T11:27:47-0400"
"NIPA","T11400","A457RC",19,"Net value added","Current Dollars","1988","Level","6",2515708,"T11400","2026-06-11T11:27:47-0400"
"NIPA","T11400","A457RC",19,"Net value added","Current Dollars","1989","Level","6",2640053,"T11400","2026-06-11T11:27:47-0400"
"NIPA","T11400","A457RC",19,"Net value added","Current Dollars","1990","Level","6",2758073,"T11400","2026-06-11T11:27:47-0400"
"NIPA","T11400","A457RC",19,"Net value added","Current Dollars","1991","Level","6",2807681,"T11400","2026-06-11T11:27:47-0400"
"NIPA","T11400","A457RC",19,"Net value added","Current Dollars","1992","Level","6",2940245,"T11400","2026-06-11T11:27:47-0400"
"NIPA","T11400","A457RC",19,"Net value added","Current Dollars","1993","Level","6",3079092,"T11400","2026-06-11T11:27:47-0400"
"NIPA","T11400","A457RC",19,"Net value added","Current Dollars","1994","Level","6",3334231,"T11400","2026-06-11T11:27:47-0400"
"NIPA","T11400","A457RC",19,"Net value added","Current Dollars","1995","Level","6",3520650,"T11400","2026-06-11T11:27:47-0400"
"NIPA","T11400","A457RC",19,"Net value added","Current Dollars","1996","Level","6",3742192,"T11400","2026-06-11T11:27:47-0400"
"NIPA","T11400","A457RC",19,"Net value added","Current Dollars","1997","Level","6",4014741,"T11400","2026-06-11T11:27:47-0400"
"NIPA","T11400","A457RC",19,"Net value added","Current Dollars","1998","Level","6",4241080,"T11400","2026-06-11T11:27:47-0400"
"NIPA","T11400","A457RC",19,"Net value added","Current Dollars","1999","Level","6",4489208,"T11400","2026-06-11T11:27:47-0400"
"NIPA","T11400","A457RC",19,"Net value added","Current Dollars","2000","Level","6",4773335,"T11400","2026-06-11T11:27:47-0400"
"NIPA","T11400","A457RC",19,"Net value added","Current Dollars","2001","Level","6",4688697,"T11400","2026-06-11T11:27:47-0400"
"NIPA","T11400","A457RC",19,"Net value added","Current Dollars","2002","Level","6",4738528,"T11400","2026-06-11T11:27:47-0400"
"NIPA","T11400","A457RC",19,"Net value added","Current Dollars","2003","Level","6",4915552,"T11400","2026-06-11T11:27:47-0400"
"NIPA","T11400","A457RC",19,"Net value added","Current Dollars","2004","Level","6",5281688,"T11400","2026-06-11T11:27:47-0400"
"NIPA","T11400","A457RC",19,"Net value added","Current Dollars","2005","Level","6",5661919,"T11400","2026-06-11T11:27:47-0400"
"NIPA","T11400","A457RC",19,"Net value added","Current Dollars","2006","Level","6",6037127,"T11400","2026-06-11T11:27:47-0400"
"NIPA","T11400","A457RC",19,"Net value added","Current Dollars","2007","Level","6",6210148,"T11400","2026-06-11T11:27:47-0400"
"NIPA","T11400","A457RC",19,"Net value added","Current Dollars","2008","Level","6",6218953,"T11400","2026-06-11T11:27:47-0400"
"NIPA","T11400","A457RC",19,"Net value added","Current Dollars","2009","Level","6",5789409,"T11400","2026-06-11T11:27:47-0400"
"NIPA","T11400","A457RC",19,"Net value added","Current Dollars","2010","Level","6",6163695,"T11400","2026-06-11T11:27:47-0400"
"NIPA","T11400","A457RC",19,"Net value added","Current Dollars","2011","Level","6",6487600,"T11400","2026-06-11T11:27:47-0400"
"NIPA","T11400","A457RC",19,"Net value added","Current Dollars","2012","Level","6",6876136,"T11400","2026-06-11T11:27:47-0400"
"NIPA","T11400","A457RC",19,"Net value added","Current Dollars","2013","Level","6",7134968,"T11400","2026-06-11T11:27:47-0400"
"NIPA","T11400","A457RC",19,"Net value added","Current Dollars","2014","Level","6",7499019,"T11400","2026-06-11T11:27:47-0400"
"NIPA","T11400","A457RC",19,"Net value added","Current Dollars","2015","Level","6",7814067,"T11400","2026-06-11T11:27:47-0400"
"NIPA","T11400","A457RC",19,"Net value added","Current Dollars","2016","Level","6",7905370,"T11400","2026-06-11T11:27:47-0400"
"NIPA","T11400","A457RC",19,"Net value added","Current Dollars","2017","Level","6",8262036,"T11400","2026-06-11T11:27:47-0400"
"NIPA","T11400","A457RC",19,"Net value added","Current Dollars","2018","Level","6",8755657,"T11400","2026-06-11T11:27:47-0400"
"NIPA","T11400","A457RC",19,"Net value added","Current Dollars","2019","Level","6",9135116,"T11400","2026-06-11T11:27:47-0400"
"NIPA","T11400","A457RC",19,"Net value added","Current Dollars","2020","Level","6",8770547,"T11400","2026-06-11T11:27:47-0400"
"NIPA","T11400","A457RC",19,"Net value added","Current Dollars","2021","Level","6",10257270,"T11400","2026-06-11T11:27:47-0400"
"NIPA","T11400","A457RC",19,"Net value added","Current Dollars","2022","Level","6",11434942,"T11400","2026-06-11T11:27:47-0400"
"NIPA","T11400","A457RC",19,"Net value added","Current Dollars","2023","Level","6",12009068,"T11400","2026-06-11T11:27:47-0400"
"NIPA","T11400","A457RC",19,"Net value added","Current Dollars","2024","Level","6",12574841,"T11400","2026-06-11T11:27:47-0400"
"NIPA","T11400","A457RC",19,"Net value added","Current Dollars","2025","Level","6",13188141,"T11400","2026-06-11T11:27:47-0400"
"NIPA","T11400","A460RC",20,"Compensation of employees","Current Dollars","1929","Level","6",32147,"T11400","2026-06-11T11:27:47-0400"
"NIPA","T11400","A460RC",20,"Compensation of employees","Current Dollars","1930","Level","6",28791,"T11400","2026-06-11T11:27:47-0400"
"NIPA","T11400","A460RC",20,"Compensation of employees","Current Dollars","1931","Level","6",23522,"T11400","2026-06-11T11:27:47-0400"
"NIPA","T11400","A460RC",20,"Compensation of employees","Current Dollars","1932","Level","6",17432,"T11400","2026-06-11T11:27:47-0400"
"NIPA","T11400","A460RC",20,"Compensation of employees","Current Dollars","1933","Level","6",16597,"T11400","2026-06-11T11:27:47-0400"
"NIPA","T11400","A460RC",20,"Compensation of employees","Current Dollars","1934","Level","6",19585,"T11400","2026-06-11T11:27:47-0400"
"NIPA","T11400","A460RC",20,"Compensation of employees","Current Dollars","1935","Level","6",21537,"T11400","2026-06-11T11:27:47-0400"
"NIPA","T11400","A460RC",20,"Compensation of employees","Current Dollars","1936","Level","6",24641,"T11400","2026-06-11T11:27:47-0400"
"NIPA","T11400","A460RC",20,"Compensation of employees","Current Dollars","1937","Level","6",28781,"T11400","2026-06-11T11:27:47-0400"
"NIPA","T11400","A460RC",20,"Compensation of employees","Current Dollars","1938","Level","6",25513,"T11400","2026-06-11T11:27:47-0400"
"NIPA","T11400","A460RC",20,"Compensation of employees","Current Dollars","1939","Level","6",28023,"T11400","2026-06-11T11:27:47-0400"
"NIPA","T11400","A460RC",20,"Compensation of employees","Current Dollars","1940","Level","6",31010,"T11400","2026-06-11T11:27:47-0400"
"NIPA","T11400","A460RC",20,"Compensation of employees","Current Dollars","1941","Level","6",39642,"T11400","2026-06-11T11:27:47-0400"
"NIPA","T11400","A460RC",20,"Compensation of employees","Current Dollars","1942","Level","6",50790,"T11400","2026-06-11T11:27:47-0400"
"NIPA","T11400","A460RC",20,"Compensation of employees","Current Dollars","1943","Level","6",61991,"T11400","2026-06-11T11:27:47-0400"
"NIPA","T11400","A460RC",20,"Compensation of employees","Current Dollars","1944","Level","6",64833,"T11400","2026-06-11T11:27:47-0400"
"NIPA","T11400","A460RC",20,"Compensation of employees","Current Dollars","1945","Level","6",61658,"T11400","2026-06-11T11:27:47-0400"
"NIPA","T11400","A460RC",20,"Compensation of employees","Current Dollars","1946","Level","6",66853,"T11400","2026-06-11T11:27:47-0400"
"NIPA","T11400","A460RC",20,"Compensation of employees","Current Dollars","1947","Level","6",78763,"T11400","2026-06-11T11:27:47-0400"
"NIPA","T11400","A460RC",20,"Compensation of employees","Current Dollars","1948","Level","6",87467,"T11400","2026-06-11T11:27:47-0400"
"NIPA","T11400","A460RC",20,"Compensation of employees","Current Dollars","1949","Level","6",84902,"T11400","2026-06-11T11:27:47-0400"
"NIPA","T11400","A460RC",20,"Compensation of employees","Current Dollars","1950","Level","6",94387,"T11400","2026-06-11T11:27:47-0400"
"NIPA","T11400","A460RC",20,"Compensation of employees","Current Dollars","1951","Level","6",109808,"T11400","2026-06-11T11:27:47-0400"
"NIPA","T11400","A460RC",20,"Compensation of employees","Current Dollars","1952","Level","6",117770,"T11400","2026-06-11T11:27:47-0400"
"NIPA","T11400","A460RC",20,"Compensation of employees","Current Dollars","1953","Level","6",128198,"T11400","2026-06-11T11:27:47-0400"
"NIPA","T11400","A460RC",20,"Compensation of employees","Current Dollars","1954","Level","6",125945,"T11400","2026-06-11T11:27:47-0400"
"NIPA","T11400","A460RC",20,"Compensation of employees","Current Dollars","1955","Level","6",137886,"T11400","2026-06-11T11:27:47-0400"
"NIPA","T11400","A460RC",20,"Compensation of employees","Current Dollars","1956","Level","6",150770,"T11400","2026-06-11T11:27:47-0400"
"NIPA","T11400","A460RC",20,"Compensation of employees","Current Dollars","1957","Level","6",158411,"T11400","2026-06-11T11:27:47-0400"
"NIPA","T11400","A460RC",20,"Compensation of employees","Current Dollars","1958","Level","6",155209,"T11400","2026-06-11T11:27:47-0400"
"NIPA","T11400","A460RC",20,"Compensation of employees","Current Dollars","1959","Level","6",170794,"T11400","2026-06-11T11:27:47-0400"
"NIPA","T11400","A460RC",20,"Compensation of employees","Current Dollars","1960","Level","6",180409,"T11400","2026-06-11T11:27:47-0400"
"NIPA","T11400","A460RC",20,"Compensation of employees","Current Dollars","1961","Level","6",184516,"T11400","2026-06-11T11:27:47-0400"
"NIPA","T11400","A460RC",20,"Compensation of employees","Current Dollars","1962","Level","6",199256,"T11400","2026-06-11T11:27:47-0400"
"NIPA","T11400","A460RC",20,"Compensation of employees","Current Dollars","1963","Level","6",210106,"T11400","2026-06-11T11:27:47-0400"
"NIPA","T11400","A460RC",20,"Compensation of employees","Current Dollars","1964","Level","6",225657,"T11400","2026-06-11T11:27:47-0400"
"NIPA","T11400","A460RC",20,"Compensation of employees","Current Dollars","1965","Level","6",245400,"T11400","2026-06-11T11:27:47-0400"
"NIPA","T11400","A460RC",20,"Compensation of employees","Current Dollars","1966","Level","6",272851,"T11400","2026-06-11T11:27:47-0400"
"NIPA","T11400","A460RC",20,"Compensation of employees","Current Dollars","1967","Level","6",291064,"T11400","2026-06-11T11:27:47-0400"
"NIPA","T11400","A460RC",20,"Compensation of employees","Current Dollars","1968","Level","6",320869,"T11400","2026-06-11T11:27:47-0400"
"NIPA","T11400","A460RC",20,"Compensation of employees","Current Dollars","1969","Level","6",356064,"T11400","2026-06-11T11:27:47-0400"
"NIPA","T11400","A460RC",20,"Compensation of employees","Current Dollars","1970","Level","6",374485,"T11400","2026-06-11T11:27:47-0400"
"NIPA","T11400","A460RC",20,"Compensation of employees","Current Dollars","1971","Level","6",396190,"T11400","2026-06-11T11:27:47-0400"
"NIPA","T11400","A460RC",20,"Compensation of employees","Current Dollars","1972","Level","6",439924,"T11400","2026-06-11T11:27:47-0400"
"NIPA","T11400","A460RC",20,"Compensation of employees","Current Dollars","1973","Level","6",495100,"T11400","2026-06-11T11:27:47-0400"
"NIPA","T11400","A460RC",20,"Compensation of employees","Current Dollars","1974","Level","6",542933,"T11400","2026-06-11T11:27:47-0400"
"NIPA","T11400","A460RC",20,"Compensation of employees","Current Dollars","1975","Level","6",569021,"T11400","2026-06-11T11:27:47-0400"
"NIPA","T11400","A460RC",20,"Compensation of employees","Current Dollars","1976","Level","6",640004,"T11400","2026-06-11T11:27:47-0400"
"NIPA","T11400","A460RC",20,"Compensation of employees","Current Dollars","1977","Level","6",723326,"T11400","2026-06-11T11:27:47-0400"
"NIPA","T11400","A460RC",20,"Compensation of employees","Current Dollars","1978","Level","6",829499,"T11400","2026-06-11T11:27:47-0400"
"NIPA","T11400","A460RC",20,"Compensation of employees","Current Dollars","1979","Level","6",942400,"T11400","2026-06-11T11:27:47-0400"
"NIPA","T11400","A460RC",20,"Compensation of employees","Current Dollars","1980","Level","6",1030690,"T11400","2026-06-11T11:27:47-0400"
"NIPA","T11400","A460RC",20,"Compensation of employees","Current Dollars","1981","Level","6",1139850,"T11400","2026-06-11T11:27:47-0400"
"NIPA","T11400","A460RC",20,"Compensation of employees","Current Dollars","1982","Level","6",1183260,"T11400","2026-06-11T11:27:47-0400"
"NIPA","T11400","A460RC",20,"Compensation of employees","Current Dollars","1983","Level","6",1250110,"T11400","2026-06-11T11:27:47-0400"
"NIPA","T11400","A460RC",20,"Compensation of employees","Current Dollars","1984","Level","6",1388207,"T11400","2026-06-11T11:27:47-0400"
"NIPA","T11400","A460RC",20,"Compensation of employees","Current Dollars","1985","Level","6",1490088,"T11400","2026-06-11T11:27:47-0400"
"NIPA","T11400","A460RC",20,"Compensation of employees","Current Dollars","1986","Level","6",1578176,"T11400","2026-06-11T11:27:47-0400"
"NIPA","T11400","A460RC",20,"Compensation of employees","Current Dollars","1987","Level","6",1685458,"T11400","2026-06-11T11:27:47-0400"
"NIPA","T11400","A460RC",20,"Compensation of employees","Current Dollars","1988","Level","6",1825308,"T11400","2026-06-11T11:27:47-0400"
"NIPA","T11400","A460RC",20,"Compensation of employees","Current Dollars","1989","Level","6",1934822,"T11400","2026-06-11T11:27:47-0400"
"NIPA","T11400","A460RC",20,"Compensation of employees","Current Dollars","1990","Level","6",2037523,"T11400","2026-06-11T11:27:47-0400"
"NIPA","T11400","A460RC",20,"Compensation of employees","Current Dollars","1991","Level","6",2071121,"T11400","2026-06-11T11:27:47-0400"
"NIPA","T11400","A460RC",20,"Compensation of employees","Current Dollars","1992","Level","6",2188674,"T11400","2026-06-11T11:27:47-0400"
"NIPA","T11400","A460RC",20,"Compensation of employees","Current Dollars","1993","Level","6",2271015,"T11400","2026-06-11T11:27:47-0400"
"NIPA","T11400","A460RC",20,"Compensation of employees","Current Dollars","1994","Level","6",2398673,"T11400","2026-06-11T11:27:47-0400"
"NIPA","T11400","A460RC",20,"Compensation of employees","Current Dollars","1995","Level","6",2524557,"T11400","2026-06-11T11:27:47-0400"
"NIPA","T11400","A460RC",20,"Compensation of employees","Current Dollars","1996","Level","6",2667703,"T11400","2026-06-11T11:27:47-0400"
"NIPA","T11400","A460RC",20,"Compensation of employees","Current Dollars","1997","Level","6",2862551,"T11400","2026-06-11T11:27:47-0400"
"NIPA","T11400","A460RC",20,"Compensation of employees","Current Dollars","1998","Level","6",3093832,"T11400","2026-06-11T11:27:47-0400"
"NIPA","T11400","A460RC",20,"Compensation of employees","Current Dollars","1999","Level","6",3309975,"T11400","2026-06-11T11:27:47-0400"
"NIPA","T11400","A460RC",20,"Compensation of employees","Current Dollars","2000","Level","6",3597328,"T11400","2026-06-11T11:27:47-0400"
"NIPA","T11400","A460RC",20,"Compensation of employees","Current Dollars","2001","Level","6",3582304,"T11400","2026-06-11T11:27:47-0400"
"NIPA","T11400","A460RC",20,"Compensation of employees","Current Dollars","2002","Level","6",3540451,"T11400","2026-06-11T11:27:47-0400"
"NIPA","T11400","A460RC",20,"Compensation of employees","Current Dollars","2003","Level","6",3594306,"T11400","2026-06-11T11:27:47-0400"
"NIPA","T11400","A460RC",20,"Compensation of employees","Current Dollars","2004","Level","6",3761333,"T11400","2026-06-11T11:27:47-0400"
"NIPA","T11400","A460RC",20,"Compensation of employees","Current Dollars","2005","Level","6",3928746,"T11400","2026-06-11T11:27:47-0400"
"NIPA","T11400","A460RC",20,"Compensation of employees","Current Dollars","2006","Level","6",4127501,"T11400","2026-06-11T11:27:47-0400"
"NIPA","T11400","A460RC",20,"Compensation of employees","Current Dollars","2007","Level","6",4307101,"T11400","2026-06-11T11:27:47-0400"
"NIPA","T11400","A460RC",20,"Compensation of employees","Current Dollars","2008","Level","6",4364267,"T11400","2026-06-11T11:27:47-0400"
"NIPA","T11400","A460RC",20,"Compensation of employees","Current Dollars","2009","Level","6",4094885,"T11400","2026-06-11T11:27:47-0400"
"NIPA","T11400","A460RC",20,"Compensation of employees","Current Dollars","2010","Level","6",4166597,"T11400","2026-06-11T11:27:47-0400"
"NIPA","T11400","A460RC",20,"Compensation of employees","Current Dollars","2011","Level","6",4372725,"T11400","2026-06-11T11:27:47-0400"
"NIPA","T11400","A460RC",20,"Compensation of employees","Current Dollars","2012","Level","6",4608338,"T11400","2026-06-11T11:27:47-0400"
"NIPA","T11400","A460RC",20,"Compensation of employees","Current Dollars","2013","Level","6",4773788,"T11400","2026-06-11T11:27:47-0400"
"NIPA","T11400","A460RC",20,"Compensation of employees","Current Dollars","2014","Level","6",5032917,"T11400","2026-06-11T11:27:47-0400"
"NIPA","T11400","A460RC",20,"Compensation of employees","Current Dollars","2015","Level","6",5303853,"T11400","2026-06-11T11:27:47-0400"
"NIPA","T11400","A460RC",20,"Compensation of employees","Current Dollars","2016","Level","6",5448417,"T11400","2026-06-11T11:27:47-0400"
"NIPA","T11400","A460RC",20,"Compensation of employees","Current Dollars","2017","Level","6",5727599,"T11400","2026-06-11T11:27:47-0400"
"NIPA","T11400","A460RC",20,"Compensation of employees","Current Dollars","2018","Level","6",6047036,"T11400","2026-06-11T11:27:47-0400"
"NIPA","T11400","A460RC",20,"Compensation of employees","Current Dollars","2019","Level","6",6344263,"T11400","2026-06-11T11:27:47-0400"
"NIPA","T11400","A460RC",20,"Compensation of employees","Current Dollars","2020","Level","6",6350094,"T11400","2026-06-11T11:27:47-0400"
"NIPA","T11400","A460RC",20,"Compensation of employees","Current Dollars","2021","Level","6",6998733,"T11400","2026-06-11T11:27:47-0400"
"NIPA","T11400","A460RC",20,"Compensation of employees","Current Dollars","2022","Level","6",7593396,"T11400","2026-06-11T11:27:47-0400"
"NIPA","T11400","A460RC",20,"Compensation of employees","Current Dollars","2023","Level","6",8015626,"T11400","2026-06-11T11:27:47-0400"
"NIPA","T11400","A460RC",20,"Compensation of employees","Current Dollars","2024","Level","6",8451105,"T11400","2026-06-11T11:27:47-0400"
"NIPA","T11400","A460RC",20,"Compensation of employees","Current Dollars","2025","Level","6",8837921,"T11400","2026-06-11T11:27:47-0400"
"NIPA","T11400","B461RC",21,"Wages and salaries","Current Dollars","1929","Level","6",31763,"T11400","2026-06-11T11:27:47-0400"
"NIPA","T11400","B461RC",21,"Wages and salaries","Current Dollars","1930","Level","6",28419,"T11400","2026-06-11T11:27:47-0400"
"NIPA","T11400","B461RC",21,"Wages and salaries","Current Dollars","1931","Level","6",23183,"T11400","2026-06-11T11:27:47-0400"
"NIPA","T11400","B461RC",21,"Wages and salaries","Current Dollars","1932","Level","6",17139,"T11400","2026-06-11T11:27:47-0400"
"NIPA","T11400","B461RC",21,"Wages and salaries","Current Dollars","1933","Level","6",16324,"T11400","2026-06-11T11:27:47-0400"
"NIPA","T11400","B461RC",21,"Wages and salaries","Current Dollars","1934","Level","6",19277,"T11400","2026-06-11T11:27:47-0400"
"NIPA","T11400","B461RC",21,"Wages and salaries","Current Dollars","1935","Level","6",21207,"T11400","2026-06-11T11:27:47-0400"
"NIPA","T11400","B461RC",21,"Wages and salaries","Current Dollars","1936","Level","6",24059,"T11400","2026-06-11T11:27:47-0400"
"NIPA","T11400","B461RC",21,"Wages and salaries","Current Dollars","1937","Level","6",27562,"T11400","2026-06-11T11:27:47-0400"
"NIPA","T11400","B461RC",21,"Wages and salaries","Current Dollars","1938","Level","6",24183,"T11400","2026-06-11T11:27:47-0400"
"NIPA","T11400","B461RC",21,"Wages and salaries","Current Dollars","1939","Level","6",26588,"T11400","2026-06-11T11:27:47-0400"
"NIPA","T11400","B461RC",21,"Wages and salaries","Current Dollars","1940","Level","6",29469,"T11400","2026-06-11T11:27:47-0400"
"NIPA","T11400","B461RC",21,"Wages and salaries","Current Dollars","1941","Level","6",37755,"T11400","2026-06-11T11:27:47-0400"
"NIPA","T11400","B461RC",21,"Wages and salaries","Current Dollars","1942","Level","6",48561,"T11400","2026-06-11T11:27:47-0400"
"NIPA","T11400","B461RC",21,"Wages and salaries","Current Dollars","1943","Level","6",59278,"T11400","2026-06-11T11:27:47-0400"
"NIPA","T11400","B461RC",21,"Wages and salaries","Current Dollars","1944","Level","6",61781,"T11400","2026-06-11T11:27:47-0400"
"NIPA","T11400","B461RC",21,"Wages and salaries","Current Dollars","1945","Level","6",58611,"T11400","2026-06-11T11:27:47-0400"
"NIPA","T11400","B461RC",21,"Wages and salaries","Current Dollars","1946","Level","6",63608,"T11400","2026-06-11T11:27:47-0400"
"NIPA","T11400","B461RC",21,"Wages and salaries","Current Dollars","1947","Level","6",74759,"T11400","2026-06-11T11:27:47-0400"
"NIPA","T11400","B461RC",21,"Wages and salaries","Current Dollars","1948","Level","6",83441,"T11400","2026-06-11T11:27:47-0400"
"NIPA","T11400","B461RC",21,"Wages and salaries","Current Dollars","1949","Level","6",80689,"T11400","2026-06-11T11:27:47-0400"
"NIPA","T11400","B461RC",21,"Wages and salaries","Current Dollars","1950","Level","6",88948,"T11400","2026-06-11T11:27:47-0400"
"NIPA","T11400","B461RC",21,"Wages and salaries","Current Dollars","1951","Level","6",103053,"T11400","2026-06-11T11:27:47-0400"
"NIPA","T11400","B461RC",21,"Wages and salaries","Current Dollars","1952","Level","6",110547,"T11400","2026-06-11T11:27:47-0400"
"NIPA","T11400","B461RC",21,"Wages and salaries","Current Dollars","1953","Level","6",120353,"T11400","2026-06-11T11:27:47-0400"
"NIPA","T11400","B461RC",21,"Wages and salaries","Current Dollars","1954","Level","6",117730,"T11400","2026-06-11T11:27:47-0400"
"NIPA","T11400","B461RC",21,"Wages and salaries","Current Dollars","1955","Level","6",128511,"T11400","2026-06-11T11:27:47-0400"
"NIPA","T11400","B461RC",21,"Wages and salaries","Current Dollars","1956","Level","6",140085,"T11400","2026-06-11T11:27:47-0400"
"NIPA","T11400","B461RC",21,"Wages and salaries","Current Dollars","1957","Level","6",146487,"T11400","2026-06-11T11:27:47-0400"
"NIPA","T11400","B461RC",21,"Wages and salaries","Current Dollars","1958","Level","6",143301,"T11400","2026-06-11T11:27:47-0400"
"NIPA","T11400","B461RC",21,"Wages and salaries","Current Dollars","1959","Level","6",156935,"T11400","2026-06-11T11:27:47-0400"
"NIPA","T11400","B461RC",21,"Wages and salaries","Current Dollars","1960","Level","6",165053,"T11400","2026-06-11T11:27:47-0400"
"NIPA","T11400","B461RC",21,"Wages and salaries","Current Dollars","1961","Level","6",168575,"T11400","2026-06-11T11:27:47-0400"
"NIPA","T11400","B461RC",21,"Wages and salaries","Current Dollars","1962","Level","6",181160,"T11400","2026-06-11T11:27:47-0400"
"NIPA","T11400","B461RC",21,"Wages and salaries","Current Dollars","1963","Level","6",190566,"T11400","2026-06-11T11:27:47-0400"
"NIPA","T11400","B461RC",21,"Wages and salaries","Current Dollars","1964","Level","6",204546,"T11400","2026-06-11T11:27:47-0400"
"NIPA","T11400","B461RC",21,"Wages and salaries","Current Dollars","1965","Level","6",222158,"T11400","2026-06-11T11:27:47-0400"
"NIPA","T11400","B461RC",21,"Wages and salaries","Current Dollars","1966","Level","6",245240,"T11400","2026-06-11T11:27:47-0400"
"NIPA","T11400","B461RC",21,"Wages and salaries","Current Dollars","1967","Level","6",261618,"T11400","2026-06-11T11:27:47-0400"
"NIPA","T11400","B461RC",21,"Wages and salaries","Current Dollars","1968","Level","6",288123,"T11400","2026-06-11T11:27:47-0400"
"NIPA","T11400","B461RC",21,"Wages and salaries","Current Dollars","1969","Level","6",318844,"T11400","2026-06-11T11:27:47-0400"
"NIPA","T11400","B461RC",21,"Wages and salaries","Current Dollars","1970","Level","6",334938,"T11400","2026-06-11T11:27:47-0400"
"NIPA","T11400","B461RC",21,"Wages and salaries","Current Dollars","1971","Level","6",353485,"T11400","2026-06-11T11:27:47-0400"
"NIPA","T11400","B461RC",21,"Wages and salaries","Current Dollars","1972","Level","6",389878,"T11400","2026-06-11T11:27:47-0400"
"NIPA","T11400","B461RC",21,"Wages and salaries","Current Dollars","1973","Level","6",437318,"T11400","2026-06-11T11:27:47-0400"
"NIPA","T11400","B461RC",21,"Wages and salaries","Current Dollars","1974","Level","6",478533,"T11400","2026-06-11T11:27:47-0400"
"NIPA","T11400","B461RC",21,"Wages and salaries","Current Dollars","1975","Level","6",495060,"T11400","2026-06-11T11:27:47-0400"
"NIPA","T11400","B461RC",21,"Wages and salaries","Current Dollars","1976","Level","6",554586,"T11400","2026-06-11T11:27:47-0400"
"NIPA","T11400","B461RC",21,"Wages and salaries","Current Dollars","1977","Level","6",621569,"T11400","2026-06-11T11:27:47-0400"
"NIPA","T11400","B461RC",21,"Wages and salaries","Current Dollars","1978","Level","6",708962,"T11400","2026-06-11T11:27:47-0400"
"NIPA","T11400","B461RC",21,"Wages and salaries","Current Dollars","1979","Level","6",802507,"T11400","2026-06-11T11:27:47-0400"
"NIPA","T11400","B461RC",21,"Wages and salaries","Current Dollars","1980","Level","6",874674,"T11400","2026-06-11T11:27:47-0400"
"NIPA","T11400","B461RC",21,"Wages and salaries","Current Dollars","1981","Level","6",964258,"T11400","2026-06-11T11:27:47-0400"
"NIPA","T11400","B461RC",21,"Wages and salaries","Current Dollars","1982","Level","6",994953,"T11400","2026-06-11T11:27:47-0400"
"NIPA","T11400","B461RC",21,"Wages and salaries","Current Dollars","1983","Level","6",1044744,"T11400","2026-06-11T11:27:47-0400"
"NIPA","T11400","B461RC",21,"Wages and salaries","Current Dollars","1984","Level","6",1160091,"T11400","2026-06-11T11:27:47-0400"
"NIPA","T11400","B461RC",21,"Wages and salaries","Current Dollars","1985","Level","6",1243009,"T11400","2026-06-11T11:27:47-0400"
"NIPA","T11400","B461RC",21,"Wages and salaries","Current Dollars","1986","Level","6",1307314,"T11400","2026-06-11T11:27:47-0400"
"NIPA","T11400","B461RC",21,"Wages and salaries","Current Dollars","1987","Level","6",1397010,"T11400","2026-06-11T11:27:47-0400"
"NIPA","T11400","B461RC",21,"Wages and salaries","Current Dollars","1988","Level","6",1514866,"T11400","2026-06-11T11:27:47-0400"
"NIPA","T11400","B461RC",21,"Wages and salaries","Current Dollars","1989","Level","6",1600102,"T11400","2026-06-11T11:27:47-0400"
"NIPA","T11400","B461RC",21,"Wages and salaries","Current Dollars","1990","Level","6",1682877,"T11400","2026-06-11T11:27:47-0400"
"NIPA","T11400","B461RC",21,"Wages and salaries","Current Dollars","1991","Level","6",1701726,"T11400","2026-06-11T11:27:47-0400"
"NIPA","T11400","B461RC",21,"Wages and salaries","Current Dollars","1992","Level","6",1783873,"T11400","2026-06-11T11:27:47-0400"
"NIPA","T11400","B461RC",21,"Wages and salaries","Current Dollars","1993","Level","6",1845450,"T11400","2026-06-11T11:27:47-0400"
"NIPA","T11400","B461RC",21,"Wages and salaries","Current Dollars","1994","Level","6",1952818,"T11400","2026-06-11T11:27:47-0400"
"NIPA","T11400","B461RC",21,"Wages and salaries","Current Dollars","1995","Level","6",2076881,"T11400","2026-06-11T11:27:47-0400"
"NIPA","T11400","B461RC",21,"Wages and salaries","Current Dollars","1996","Level","6",2206889,"T11400","2026-06-11T11:27:47-0400"
"NIPA","T11400","B461RC",21,"Wages and salaries","Current Dollars","1997","Level","6",2384239,"T11400","2026-06-11T11:27:47-0400"
"NIPA","T11400","B461RC",21,"Wages and salaries","Current Dollars","1998","Level","6",2582623,"T11400","2026-06-11T11:27:47-0400"
"NIPA","T11400","B461RC",21,"Wages and salaries","Current Dollars","1999","Level","6",2771099,"T11400","2026-06-11T11:27:47-0400"
"NIPA","T11400","B461RC",21,"Wages and salaries","Current Dollars","2000","Level","6",3008384,"T11400","2026-06-11T11:27:47-0400"
"NIPA","T11400","B461RC",21,"Wages and salaries","Current Dollars","2001","Level","6",2991458,"T11400","2026-06-11T11:27:47-0400"
"NIPA","T11400","B461RC",21,"Wages and salaries","Current Dollars","2002","Level","6",2937442,"T11400","2026-06-11T11:27:47-0400"
"NIPA","T11400","B461RC",21,"Wages and salaries","Current Dollars","2003","Level","6",2960800,"T11400","2026-06-11T11:27:47-0400"
"NIPA","T11400","B461RC",21,"Wages and salaries","Current Dollars","2004","Level","6",3098330,"T11400","2026-06-11T11:27:47-0400"
"NIPA","T11400","B461RC",21,"Wages and salaries","Current Dollars","2005","Level","6",3236296,"T11400","2026-06-11T11:27:47-0400"
"NIPA","T11400","B461RC",21,"Wages and salaries","Current Dollars","2006","Level","6",3418905,"T11400","2026-06-11T11:27:47-0400"
"NIPA","T11400","B461RC",21,"Wages and salaries","Current Dollars","2007","Level","6",3573381,"T11400","2026-06-11T11:27:47-0400"
"NIPA","T11400","B461RC",21,"Wages and salaries","Current Dollars","2008","Level","6",3624655,"T11400","2026-06-11T11:27:47-0400"
"NIPA","T11400","B461RC",21,"Wages and salaries","Current Dollars","2009","Level","6",3382810,"T11400","2026-06-11T11:27:47-0400"
"NIPA","T11400","B461RC",21,"Wages and salaries","Current Dollars","2010","Level","6",3452256,"T11400","2026-06-11T11:27:47-0400"
"NIPA","T11400","B461RC",21,"Wages and salaries","Current Dollars","2011","Level","6",3630646,"T11400","2026-06-11T11:27:47-0400"
"NIPA","T11400","B461RC",21,"Wages and salaries","Current Dollars","2012","Level","6",3839249,"T11400","2026-06-11T11:27:47-0400"
"NIPA","T11400","B461RC",21,"Wages and salaries","Current Dollars","2013","Level","6",3971081,"T11400","2026-06-11T11:27:47-0400"
"NIPA","T11400","B461RC",21,"Wages and salaries","Current Dollars","2014","Level","6",4202500,"T11400","2026-06-11T11:27:47-0400"
"NIPA","T11400","B461RC",21,"Wages and salaries","Current Dollars","2015","Level","6",4439667,"T11400","2026-06-11T11:27:47-0400"
"NIPA","T11400","B461RC",21,"Wages and salaries","Current Dollars","2016","Level","6",4574390,"T11400","2026-06-11T11:27:47-0400"
"NIPA","T11400","B461RC",21,"Wages and salaries","Current Dollars","2017","Level","6",4804918,"T11400","2026-06-11T11:27:47-0400"
"NIPA","T11400","B461RC",21,"Wages and salaries","Current Dollars","2018","Level","6",5068451,"T11400","2026-06-11T11:27:47-0400"
"NIPA","T11400","B461RC",21,"Wages and salaries","Current Dollars","2019","Level","6",5323469,"T11400","2026-06-11T11:27:47-0400"
"NIPA","T11400","B461RC",21,"Wages and salaries","Current Dollars","2020","Level","6",5351749,"T11400","2026-06-11T11:27:47-0400"
"NIPA","T11400","B461RC",21,"Wages and salaries","Current Dollars","2021","Level","6",5919114,"T11400","2026-06-11T11:27:47-0400"
"NIPA","T11400","B461RC",21,"Wages and salaries","Current Dollars","2022","Level","6",6451907,"T11400","2026-06-11T11:27:47-0400"
"NIPA","T11400","B461RC",21,"Wages and salaries","Current Dollars","2023","Level","6",6796351,"T11400","2026-06-11T11:27:47-0400"
"NIPA","T11400","B461RC",21,"Wages and salaries","Current Dollars","2024","Level","6",7152832,"T11400","2026-06-11T11:27:47-0400"
"NIPA","T11400","B461RC",21,"Wages and salaries","Current Dollars","2025","Level","6",7471878,"T11400","2026-06-11T11:27:47-0400"
"NIPA","T11400","B462RC",22,"Supplements to wages and salaries","Current Dollars","1929","Level","6",384,"T11400","2026-06-11T11:27:47-0400"
"NIPA","T11400","B462RC",22,"Supplements to wages and salaries","Current Dollars","1930","Level","6",372,"T11400","2026-06-11T11:27:47-0400"
"NIPA","T11400","B462RC",22,"Supplements to wages and salaries","Current Dollars","1931","Level","6",339,"T11400","2026-06-11T11:27:47-0400"
"NIPA","T11400","B462RC",22,"Supplements to wages and salaries","Current Dollars","1932","Level","6",293,"T11400","2026-06-11T11:27:47-0400"
"NIPA","T11400","B462RC",22,"Supplements to wages and salaries","Current Dollars","1933","Level","6",273,"T11400","2026-06-11T11:27:47-0400"
"NIPA","T11400","B462RC",22,"Supplements to wages and salaries","Current Dollars","1934","Level","6",308,"T11400","2026-06-11T11:27:47-0400"
"NIPA","T11400","B462RC",22,"Supplements to wages and salaries","Current Dollars","1935","Level","6",330,"T11400","2026-06-11T11:27:47-0400"
"NIPA","T11400","B462RC",22,"Supplements to wages and salaries","Current Dollars","1936","Level","6",582,"T11400","2026-06-11T11:27:47-0400"
"NIPA","T11400","B462RC",22,"Supplements to wages and salaries","Current Dollars","1937","Level","6",1219,"T11400","2026-06-11T11:27:47-0400"
"NIPA","T11400","B462RC",22,"Supplements to wages and salaries","Current Dollars","1938","Level","6",1330,"T11400","2026-06-11T11:27:47-0400"
"NIPA","T11400","B462RC",22,"Supplements to wages and salaries","Current Dollars","1939","Level","6",1435,"T11400","2026-06-11T11:27:47-0400"
"NIPA","T11400","B462RC",22,"Supplements to wages and salaries","Current Dollars","1940","Level","6",1541,"T11400","2026-06-11T11:27:47-0400"
"NIPA","T11400","B462RC",22,"Supplements to wages and salaries","Current Dollars","1941","Level","6",1887,"T11400","2026-06-11T11:27:47-0400"
"NIPA","T11400","B462RC",22,"Supplements to wages and salaries","Current Dollars","1942","Level","6",2229,"T11400","2026-06-11T11:27:47-0400"
"NIPA","T11400","B462RC",22,"Supplements to wages and salaries","Current Dollars","1943","Level","6",2713,"T11400","2026-06-11T11:27:47-0400"
"NIPA","T11400","B462RC",22,"Supplements to wages and salaries","Current Dollars","1944","Level","6",3052,"T11400","2026-06-11T11:27:47-0400"
"NIPA","T11400","B462RC",22,"Supplements to wages and salaries","Current Dollars","1945","Level","6",3047,"T11400","2026-06-11T11:27:47-0400"
"NIPA","T11400","B462RC",22,"Supplements to wages and salaries","Current Dollars","1946","Level","6",3245,"T11400","2026-06-11T11:27:47-0400"
"NIPA","T11400","B462RC",22,"Supplements to wages and salaries","Current Dollars","1947","Level","6",4004,"T11400","2026-06-11T11:27:47-0400"
"NIPA","T11400","B462RC",22,"Supplements to wages and salaries","Current Dollars","1948","Level","6",4026,"T11400","2026-06-11T11:27:47-0400"
"NIPA","T11400","B462RC",22,"Supplements to wages and salaries","Current Dollars","1949","Level","6",4213,"T11400","2026-06-11T11:27:47-0400"
"NIPA","T11400","B462RC",22,"Supplements to wages and salaries","Current Dollars","1950","Level","6",5439,"T11400","2026-06-11T11:27:47-0400"
"NIPA","T11400","B462RC",22,"Supplements to wages and salaries","Current Dollars","1951","Level","6",6755,"T11400","2026-06-11T11:27:47-0400"
"NIPA","T11400","B462RC",22,"Supplements to wages and salaries","Current Dollars","1952","Level","6",7223,"T11400","2026-06-11T11:27:47-0400"
"NIPA","T11400","B462RC",22,"Supplements to wages and salaries","Current Dollars","1953","Level","6",7845,"T11400","2026-06-11T11:27:47-0400"
"NIPA","T11400","B462RC",22,"Supplements to wages and salaries","Current Dollars","1954","Level","6",8215,"T11400","2026-06-11T11:27:47-0400"
"NIPA","T11400","B462RC",22,"Supplements to wages and salaries","Current Dollars","1955","Level","6",9375,"T11400","2026-06-11T11:27:47-0400"
"NIPA","T11400","B462RC",22,"Supplements to wages and salaries","Current Dollars","1956","Level","6",10685,"T11400","2026-06-11T11:27:47-0400"
"NIPA","T11400","B462RC",22,"Supplements to wages and salaries","Current Dollars","1957","Level","6",11924,"T11400","2026-06-11T11:27:47-0400"
"NIPA","T11400","B462RC",22,"Supplements to wages and salaries","Current Dollars","1958","Level","6",11908,"T11400","2026-06-11T11:27:47-0400"
"NIPA","T11400","B462RC",22,"Supplements to wages and salaries","Current Dollars","1959","Level","6",13859,"T11400","2026-06-11T11:27:47-0400"
"NIPA","T11400","B462RC",22,"Supplements to wages and salaries","Current Dollars","1960","Level","6",15356,"T11400","2026-06-11T11:27:47-0400"
"NIPA","T11400","B462RC",22,"Supplements to wages and salaries","Current Dollars","1961","Level","6",15941,"T11400","2026-06-11T11:27:47-0400"
"NIPA","T11400","B462RC",22,"Supplements to wages and salaries","Current Dollars","1962","Level","6",18096,"T11400","2026-06-11T11:27:47-0400"
"NIPA","T11400","B462RC",22,"Supplements to wages and salaries","Current Dollars","1963","Level","6",19540,"T11400","2026-06-11T11:27:47-0400"
"NIPA","T11400","B462RC",22,"Supplements to wages and salaries","Current Dollars","1964","Level","6",21111,"T11400","2026-06-11T11:27:47-0400"
"NIPA","T11400","B462RC",22,"Supplements to wages and salaries","Current Dollars","1965","Level","6",23242,"T11400","2026-06-11T11:27:47-0400"
"NIPA","T11400","B462RC",22,"Supplements to wages and salaries","Current Dollars","1966","Level","6",27611,"T11400","2026-06-11T11:27:47-0400"
"NIPA","T11400","B462RC",22,"Supplements to wages and salaries","Current Dollars","1967","Level","6",29446,"T11400","2026-06-11T11:27:47-0400"
"NIPA","T11400","B462RC",22,"Supplements to wages and salaries","Current Dollars","1968","Level","6",32746,"T11400","2026-06-11T11:27:47-0400"
"NIPA","T11400","B462RC",22,"Supplements to wages and salaries","Current Dollars","1969","Level","6",37220,"T11400","2026-06-11T11:27:47-0400"
"NIPA","T11400","B462RC",22,"Supplements to wages and salaries","Current Dollars","1970","Level","6",39547,"T11400","2026-06-11T11:27:47-0400"
"NIPA","T11400","B462RC",22,"Supplements to wages and salaries","Current Dollars","1971","Level","6",42705,"T11400","2026-06-11T11:27:47-0400"
"NIPA","T11400","B462RC",22,"Supplements to wages and salaries","Current Dollars","1972","Level","6",50046,"T11400","2026-06-11T11:27:47-0400"
"NIPA","T11400","B462RC",22,"Supplements to wages and salaries","Current Dollars","1973","Level","6",57782,"T11400","2026-06-11T11:27:47-0400"
"NIPA","T11400","B462RC",22,"Supplements to wages and salaries","Current Dollars","1974","Level","6",64400,"T11400","2026-06-11T11:27:47-0400"
"NIPA","T11400","B462RC",22,"Supplements to wages and salaries","Current Dollars","1975","Level","6",73961,"T11400","2026-06-11T11:27:47-0400"
"NIPA","T11400","B462RC",22,"Supplements to wages and salaries","Current Dollars","1976","Level","6",85418,"T11400","2026-06-11T11:27:47-0400"
"NIPA","T11400","B462RC",22,"Supplements to wages and salaries","Current Dollars","1977","Level","6",101757,"T11400","2026-06-11T11:27:47-0400"
"NIPA","T11400","B462RC",22,"Supplements to wages and salaries","Current Dollars","1978","Level","6",120537,"T11400","2026-06-11T11:27:47-0400"
"NIPA","T11400","B462RC",22,"Supplements to wages and salaries","Current Dollars","1979","Level","6",139893,"T11400","2026-06-11T11:27:47-0400"
"NIPA","T11400","B462RC",22,"Supplements to wages and salaries","Current Dollars","1980","Level","6",156016,"T11400","2026-06-11T11:27:47-0400"
"NIPA","T11400","B462RC",22,"Supplements to wages and salaries","Current Dollars","1981","Level","6",175592,"T11400","2026-06-11T11:27:47-0400"
"NIPA","T11400","B462RC",22,"Supplements to wages and salaries","Current Dollars","1982","Level","6",188307,"T11400","2026-06-11T11:27:47-0400"
"NIPA","T11400","B462RC",22,"Supplements to wages and salaries","Current Dollars","1983","Level","6",205366,"T11400","2026-06-11T11:27:47-0400"
"NIPA","T11400","B462RC",22,"Supplements to wages and salaries","Current Dollars","1984","Level","6",228116,"T11400","2026-06-11T11:27:47-0400"
"NIPA","T11400","B462RC",22,"Supplements to wages and salaries","Current Dollars","1985","Level","6",247079,"T11400","2026-06-11T11:27:47-0400"
"NIPA","T11400","B462RC",22,"Supplements to wages and salaries","Current Dollars","1986","Level","6",270862,"T11400","2026-06-11T11:27:47-0400"
"NIPA","T11400","B462RC",22,"Supplements to wages and salaries","Current Dollars","1987","Level","6",288448,"T11400","2026-06-11T11:27:47-0400"
"NIPA","T11400","B462RC",22,"Supplements to wages and salaries","Current Dollars","1988","Level","6",310442,"T11400","2026-06-11T11:27:47-0400"
"NIPA","T11400","B462RC",22,"Supplements to wages and salaries","Current Dollars","1989","Level","6",334720,"T11400","2026-06-11T11:27:47-0400"
"NIPA","T11400","B462RC",22,"Supplements to wages and salaries","Current Dollars","1990","Level","6",354646,"T11400","2026-06-11T11:27:47-0400"
"NIPA","T11400","B462RC",22,"Supplements to wages and salaries","Current Dollars","1991","Level","6",369395,"T11400","2026-06-11T11:27:47-0400"
"NIPA","T11400","B462RC",22,"Supplements to wages and salaries","Current Dollars","1992","Level","6",404801,"T11400","2026-06-11T11:27:47-0400"
"NIPA","T11400","B462RC",22,"Supplements to wages and salaries","Current Dollars","1993","Level","6",425565,"T11400","2026-06-11T11:27:47-0400"
"NIPA","T11400","B462RC",22,"Supplements to wages and salaries","Current Dollars","1994","Level","6",445855,"T11400","2026-06-11T11:27:47-0400"
"NIPA","T11400","B462RC",22,"Supplements to wages and salaries","Current Dollars","1995","Level","6",447676,"T11400","2026-06-11T11:27:47-0400"
"NIPA","T11400","B462RC",22,"Supplements to wages and salaries","Current Dollars","1996","Level","6",460814,"T11400","2026-06-11T11:27:47-0400"
"NIPA","T11400","B462RC",22,"Supplements to wages and salaries","Current Dollars","1997","Level","6",478312,"T11400","2026-06-11T11:27:47-0400"
"NIPA","T11400","B462RC",22,"Supplements to wages and salaries","Current Dollars","1998","Level","6",511209,"T11400","2026-06-11T11:27:47-0400"
"NIPA","T11400","B462RC",22,"Supplements to wages and salaries","Current Dollars","1999","Level","6",538876,"T11400","2026-06-11T11:27:47-0400"
"NIPA","T11400","B462RC",22,"Supplements to wages and salaries","Current Dollars","2000","Level","6",588944,"T11400","2026-06-11T11:27:47-0400"
"NIPA","T11400","B462RC",22,"Supplements to wages and salaries","Current Dollars","2001","Level","6",590846,"T11400","2026-06-11T11:27:47-0400"
"NIPA","T11400","B462RC",22,"Supplements to wages and salaries","Current Dollars","2002","Level","6",603009,"T11400","2026-06-11T11:27:47-0400"
"NIPA","T11400","B462RC",22,"Supplements to wages and salaries","Current Dollars","2003","Level","6",633506,"T11400","2026-06-11T11:27:47-0400"
"NIPA","T11400","B462RC",22,"Supplements to wages and salaries","Current Dollars","2004","Level","6",663003,"T11400","2026-06-11T11:27:47-0400"
"NIPA","T11400","B462RC",22,"Supplements to wages and salaries","Current Dollars","2005","Level","6",692450,"T11400","2026-06-11T11:27:47-0400"
"NIPA","T11400","B462RC",22,"Supplements to wages and salaries","Current Dollars","2006","Level","6",708596,"T11400","2026-06-11T11:27:47-0400"
"NIPA","T11400","B462RC",22,"Supplements to wages and salaries","Current Dollars","2007","Level","6",733720,"T11400","2026-06-11T11:27:47-0400"
"NIPA","T11400","B462RC",22,"Supplements to wages and salaries","Current Dollars","2008","Level","6",739611,"T11400","2026-06-11T11:27:47-0400"
"NIPA","T11400","B462RC",22,"Supplements to wages and salaries","Current Dollars","2009","Level","6",712075,"T11400","2026-06-11T11:27:47-0400"
"NIPA","T11400","B462RC",22,"Supplements to wages and salaries","Current Dollars","2010","Level","6",714341,"T11400","2026-06-11T11:27:47-0400"
"NIPA","T11400","B462RC",22,"Supplements to wages and salaries","Current Dollars","2011","Level","6",742079,"T11400","2026-06-11T11:27:47-0400"
"NIPA","T11400","B462RC",22,"Supplements to wages and salaries","Current Dollars","2012","Level","6",769089,"T11400","2026-06-11T11:27:47-0400"
"NIPA","T11400","B462RC",22,"Supplements to wages and salaries","Current Dollars","2013","Level","6",802707,"T11400","2026-06-11T11:27:47-0400"
"NIPA","T11400","B462RC",22,"Supplements to wages and salaries","Current Dollars","2014","Level","6",830417,"T11400","2026-06-11T11:27:47-0400"
"NIPA","T11400","B462RC",22,"Supplements to wages and salaries","Current Dollars","2015","Level","6",864186,"T11400","2026-06-11T11:27:47-0400"
"NIPA","T11400","B462RC",22,"Supplements to wages and salaries","Current Dollars","2016","Level","6",874027,"T11400","2026-06-11T11:27:47-0400"
"NIPA","T11400","B462RC",22,"Supplements to wages and salaries","Current Dollars","2017","Level","6",922681,"T11400","2026-06-11T11:27:47-0400"
"NIPA","T11400","B462RC",22,"Supplements to wages and salaries","Current Dollars","2018","Level","6",978585,"T11400","2026-06-11T11:27:47-0400"
"NIPA","T11400","B462RC",22,"Supplements to wages and salaries","Current Dollars","2019","Level","6",1020794,"T11400","2026-06-11T11:27:47-0400"
"NIPA","T11400","B462RC",22,"Supplements to wages and salaries","Current Dollars","2020","Level","6",998344,"T11400","2026-06-11T11:27:47-0400"
"NIPA","T11400","B462RC",22,"Supplements to wages and salaries","Current Dollars","2021","Level","6",1079619,"T11400","2026-06-11T11:27:47-0400"
"NIPA","T11400","B462RC",22,"Supplements to wages and salaries","Current Dollars","2022","Level","6",1141490,"T11400","2026-06-11T11:27:47-0400"
"NIPA","T11400","B462RC",22,"Supplements to wages and salaries","Current Dollars","2023","Level","6",1219275,"T11400","2026-06-11T11:27:47-0400"
"NIPA","T11400","B462RC",22,"Supplements to wages and salaries","Current Dollars","2024","Level","6",1298274,"T11400","2026-06-11T11:27:47-0400"
"NIPA","T11400","B462RC",22,"Supplements to wages and salaries","Current Dollars","2025","Level","6",1366043,"T11400","2026-06-11T11:27:47-0400"
"NIPA","T11400","W325RC",23,"Taxes on production and imports less subsidies","Current Dollars","1929","Level","6",2953,"T11400","2026-06-11T11:27:47-0400"
"NIPA","T11400","W325RC",23,"Taxes on production and imports less subsidies","Current Dollars","1930","Level","6",2991,"T11400","2026-06-11T11:27:47-0400"
"NIPA","T11400","W325RC",23,"Taxes on production and imports less subsidies","Current Dollars","1931","Level","6",2796,"T11400","2026-06-11T11:27:47-0400"
"NIPA","T11400","W325RC",23,"Taxes on production and imports less subsidies","Current Dollars","1932","Level","6",2894,"T11400","2026-06-11T11:27:47-0400"
"NIPA","T11400","W325RC",23,"Taxes on production and imports less subsidies","Current Dollars","1933","Level","6",3405,"T11400","2026-06-11T11:27:47-0400"
"NIPA","T11400","W325RC",23,"Taxes on production and imports less subsidies","Current Dollars","1934","Level","6",4017,"T11400","2026-06-11T11:27:47-0400"
"NIPA","T11400","W325RC",23,"Taxes on production and imports less subsidies","Current Dollars","1935","Level","6",4076,"T11400","2026-06-11T11:27:47-0400"
"NIPA","T11400","W325RC",23,"Taxes on production and imports less subsidies","Current Dollars","1936","Level","6",4282,"T11400","2026-06-11T11:27:47-0400"
"NIPA","T11400","W325RC",23,"Taxes on production and imports less subsidies","Current Dollars","1937","Level","6",4529,"T11400","2026-06-11T11:27:47-0400"
"NIPA","T11400","W325RC",23,"Taxes on production and imports less subsidies","Current Dollars","1938","Level","6",4484,"T11400","2026-06-11T11:27:47-0400"
"NIPA","T11400","W325RC",23,"Taxes on production and imports less subsidies","Current Dollars","1939","Level","6",4652,"T11400","2026-06-11T11:27:47-0400"
"NIPA","T11400","W325RC",23,"Taxes on production and imports less subsidies","Current Dollars","1940","Level","6",5027,"T11400","2026-06-11T11:27:47-0400"
"NIPA","T11400","W325RC",23,"Taxes on production and imports less subsidies","Current Dollars","1941","Level","6",5918,"T11400","2026-06-11T11:27:47-0400"
"NIPA","T11400","W325RC",23,"Taxes on production and imports less subsidies","Current Dollars","1942","Level","6",6277,"T11400","2026-06-11T11:27:47-0400"
"NIPA","T11400","W325RC",23,"Taxes on production and imports less subsidies","Current Dollars","1943","Level","6",6641,"T11400","2026-06-11T11:27:47-0400"
"NIPA","T11400","W325RC",23,"Taxes on production and imports less subsidies","Current Dollars","1944","Level","6",7338,"T11400","2026-06-11T11:27:47-0400"
"NIPA","T11400","W325RC",23,"Taxes on production and imports less subsidies","Current Dollars","1945","Level","6",8098,"T11400","2026-06-11T11:27:47-0400"
"NIPA","T11400","W325RC",23,"Taxes on production and imports less subsidies","Current Dollars","1946","Level","6",9525,"T11400","2026-06-11T11:27:47-0400"
"NIPA","T11400","W325RC",23,"Taxes on production and imports less subsidies","Current Dollars","1947","Level","6",11192,"T11400","2026-06-11T11:27:47-0400"
"NIPA","T11400","W325RC",23,"Taxes on production and imports less subsidies","Current Dollars","1948","Level","6",12378,"T11400","2026-06-11T11:27:47-0400"
"NIPA","T11400","W325RC",23,"Taxes on production and imports less subsidies","Current Dollars","1949","Level","6",12955,"T11400","2026-06-11T11:27:47-0400"
"NIPA","T11400","W325RC",23,"Taxes on production and imports less subsidies","Current Dollars","1950","Level","6",14363,"T11400","2026-06-11T11:27:47-0400"
"NIPA","T11400","W325RC",23,"Taxes on production and imports less subsidies","Current Dollars","1951","Level","6",15365,"T11400","2026-06-11T11:27:47-0400"
"NIPA","T11400","W325RC",23,"Taxes on production and imports less subsidies","Current Dollars","1952","Level","6",16797,"T11400","2026-06-11T11:27:47-0400"
"NIPA","T11400","W325RC",23,"Taxes on production and imports less subsidies","Current Dollars","1953","Level","6",17885,"T11400","2026-06-11T11:27:47-0400"
"NIPA","T11400","W325RC",23,"Taxes on production and imports less subsidies","Current Dollars","1954","Level","6",17317,"T11400","2026-06-11T11:27:47-0400"
"NIPA","T11400","W325RC",23,"Taxes on production and imports less subsidies","Current Dollars","1955","Level","6",19160,"T11400","2026-06-11T11:27:47-0400"
"NIPA","T11400","W325RC",23,"Taxes on production and imports less subsidies","Current Dollars","1956","Level","6",20803,"T11400","2026-06-11T11:27:47-0400"
"NIPA","T11400","W325RC",23,"Taxes on production and imports less subsidies","Current Dollars","1957","Level","6",22049,"T11400","2026-06-11T11:27:47-0400"
"NIPA","T11400","W325RC",23,"Taxes on production and imports less subsidies","Current Dollars","1958","Level","6",22306,"T11400","2026-06-11T11:27:47-0400"
"NIPA","T11400","W325RC",23,"Taxes on production and imports less subsidies","Current Dollars","1959","Level","6",24397,"T11400","2026-06-11T11:27:47-0400"
"NIPA","T11400","W325RC",23,"Taxes on production and imports less subsidies","Current Dollars","1960","Level","6",26600,"T11400","2026-06-11T11:27:47-0400"
"NIPA","T11400","W325RC",23,"Taxes on production and imports less subsidies","Current Dollars","1961","Level","6",27620,"T11400","2026-06-11T11:27:47-0400"
"NIPA","T11400","W325RC",23,"Taxes on production and imports less subsidies","Current Dollars","1962","Level","6",29869,"T11400","2026-06-11T11:27:47-0400"
"NIPA","T11400","W325RC",23,"Taxes on production and imports less subsidies","Current Dollars","1963","Level","6",31667,"T11400","2026-06-11T11:27:47-0400"
"NIPA","T11400","W325RC",23,"Taxes on production and imports less subsidies","Current Dollars","1964","Level","6",33878,"T11400","2026-06-11T11:27:47-0400"
"NIPA","T11400","W325RC",23,"Taxes on production and imports less subsidies","Current Dollars","1965","Level","6",36022,"T11400","2026-06-11T11:27:47-0400"
"NIPA","T11400","W325RC",23,"Taxes on production and imports less subsidies","Current Dollars","1966","Level","6",36973,"T11400","2026-06-11T11:27:47-0400"
"NIPA","T11400","W325RC",23,"Taxes on production and imports less subsidies","Current Dollars","1967","Level","6",39311,"T11400","2026-06-11T11:27:47-0400"
"NIPA","T11400","W325RC",23,"Taxes on production and imports less subsidies","Current Dollars","1968","Level","6",45535,"T11400","2026-06-11T11:27:47-0400"
"NIPA","T11400","W325RC",23,"Taxes on production and imports less subsidies","Current Dollars","1969","Level","6",50181,"T11400","2026-06-11T11:27:47-0400"
"NIPA","T11400","W325RC",23,"Taxes on production and imports less subsidies","Current Dollars","1970","Level","6",54249,"T11400","2026-06-11T11:27:47-0400"
"NIPA","T11400","W325RC",23,"Taxes on production and imports less subsidies","Current Dollars","1971","Level","6",59516,"T11400","2026-06-11T11:27:47-0400"
"NIPA","T11400","W325RC",23,"Taxes on production and imports less subsidies","Current Dollars","1972","Level","6",63665,"T11400","2026-06-11T11:27:47-0400"
"NIPA","T11400","W325RC",23,"Taxes on production and imports less subsidies","Current Dollars","1973","Level","6",70075,"T11400","2026-06-11T11:27:47-0400"
"NIPA","T11400","W325RC",23,"Taxes on production and imports less subsidies","Current Dollars","1974","Level","6",74430,"T11400","2026-06-11T11:27:47-0400"
"NIPA","T11400","W325RC",23,"Taxes on production and imports less subsidies","Current Dollars","1975","Level","6",80194,"T11400","2026-06-11T11:27:47-0400"
"NIPA","T11400","W325RC",23,"Taxes on production and imports less subsidies","Current Dollars","1976","Level","6",86668,"T11400","2026-06-11T11:27:47-0400"
"NIPA","T11400","W325RC",23,"Taxes on production and imports less subsidies","Current Dollars","1977","Level","6",94631,"T11400","2026-06-11T11:27:47-0400"
"NIPA","T11400","W325RC",23,"Taxes on production and imports less subsidies","Current Dollars","1978","Level","6",102726,"T11400","2026-06-11T11:27:47-0400"
"NIPA","T11400","W325RC",23,"Taxes on production and imports less subsidies","Current Dollars","1979","Level","6",108757,"T11400","2026-06-11T11:27:47-0400"
"NIPA","T11400","W325RC",23,"Taxes on production and imports less subsidies","Current Dollars","1980","Level","6",121536,"T11400","2026-06-11T11:27:47-0400"
"NIPA","T11400","W325RC",23,"Taxes on production and imports less subsidies","Current Dollars","1981","Level","6",146651,"T11400","2026-06-11T11:27:47-0400"
"NIPA","T11400","W325RC",23,"Taxes on production and imports less subsidies","Current Dollars","1982","Level","6",152915,"T11400","2026-06-11T11:27:47-0400"
"NIPA","T11400","W325RC",23,"Taxes on production and imports less subsidies","Current Dollars","1983","Level","6",168018,"T11400","2026-06-11T11:27:47-0400"
"NIPA","T11400","W325RC",23,"Taxes on production and imports less subsidies","Current Dollars","1984","Level","6",185003,"T11400","2026-06-11T11:27:47-0400"
"NIPA","T11400","W325RC",23,"Taxes on production and imports less subsidies","Current Dollars","1985","Level","6",196579,"T11400","2026-06-11T11:27:47-0400"
"NIPA","T11400","W325RC",23,"Taxes on production and imports less subsidies","Current Dollars","1986","Level","6",204565,"T11400","2026-06-11T11:27:47-0400"
"NIPA","T11400","W325RC",23,"Taxes on production and imports less subsidies","Current Dollars","1987","Level","6",216840,"T11400","2026-06-11T11:27:47-0400"
"NIPA","T11400","W325RC",23,"Taxes on production and imports less subsidies","Current Dollars","1988","Level","6",233839,"T11400","2026-06-11T11:27:47-0400"
"NIPA","T11400","W325RC",23,"Taxes on production and imports less subsidies","Current Dollars","1989","Level","6",248156,"T11400","2026-06-11T11:27:47-0400"
"NIPA","T11400","W325RC",23,"Taxes on production and imports less subsidies","Current Dollars","1990","Level","6",263528,"T11400","2026-06-11T11:27:47-0400"
"NIPA","T11400","W325RC",23,"Taxes on production and imports less subsidies","Current Dollars","1991","Level","6",285729,"T11400","2026-06-11T11:27:47-0400"
"NIPA","T11400","W325RC",23,"Taxes on production and imports less subsidies","Current Dollars","1992","Level","6",302501,"T11400","2026-06-11T11:27:47-0400"
"NIPA","T11400","W325RC",23,"Taxes on production and imports less subsidies","Current Dollars","1993","Level","6",319322,"T11400","2026-06-11T11:27:47-0400"
"NIPA","T11400","W325RC",23,"Taxes on production and imports less subsidies","Current Dollars","1994","Level","6",350747,"T11400","2026-06-11T11:27:47-0400"
"NIPA","T11400","W325RC",23,"Taxes on production and imports less subsidies","Current Dollars","1995","Level","6",358667,"T11400","2026-06-11T11:27:47-0400"
"NIPA","T11400","W325RC",23,"Taxes on production and imports less subsidies","Current Dollars","1996","Level","6",371681,"T11400","2026-06-11T11:27:47-0400"
"NIPA","T11400","W325RC",23,"Taxes on production and imports less subsidies","Current Dollars","1997","Level","6",388899,"T11400","2026-06-11T11:27:47-0400"
"NIPA","T11400","W325RC",23,"Taxes on production and imports less subsidies","Current Dollars","1998","Level","6",402904,"T11400","2026-06-11T11:27:47-0400"
"NIPA","T11400","W325RC",23,"Taxes on production and imports less subsidies","Current Dollars","1999","Level","6",424636,"T11400","2026-06-11T11:27:47-0400"
"NIPA","T11400","W325RC",23,"Taxes on production and imports less subsidies","Current Dollars","2000","Level","6",449868,"T11400","2026-06-11T11:27:47-0400"
"NIPA","T11400","W325RC",23,"Taxes on production and imports less subsidies","Current Dollars","2001","Level","6",441507,"T11400","2026-06-11T11:27:47-0400"
"NIPA","T11400","W325RC",23,"Taxes on production and imports less subsidies","Current Dollars","2002","Level","6",467032,"T11400","2026-06-11T11:27:47-0400"
"NIPA","T11400","W325RC",23,"Taxes on production and imports less subsidies","Current Dollars","2003","Level","6",491120,"T11400","2026-06-11T11:27:47-0400"
"NIPA","T11400","W325RC",23,"Taxes on production and imports less subsidies","Current Dollars","2004","Level","6",531742,"T11400","2026-06-11T11:27:47-0400"
"NIPA","T11400","W325RC",23,"Taxes on production and imports less subsidies","Current Dollars","2005","Level","6",575663,"T11400","2026-06-11T11:27:47-0400"
"NIPA","T11400","W325RC",23,"Taxes on production and imports less subsidies","Current Dollars","2006","Level","6",611790,"T11400","2026-06-11T11:27:47-0400"
"NIPA","T11400","W325RC",23,"Taxes on production and imports less subsidies","Current Dollars","2007","Level","6",631279,"T11400","2026-06-11T11:27:47-0400"
"NIPA","T11400","W325RC",23,"Taxes on production and imports less subsidies","Current Dollars","2008","Level","6",637442,"T11400","2026-06-11T11:27:47-0400"
"NIPA","T11400","W325RC",23,"Taxes on production and imports less subsidies","Current Dollars","2009","Level","6",608503,"T11400","2026-06-11T11:27:47-0400"
"NIPA","T11400","W325RC",23,"Taxes on production and imports less subsidies","Current Dollars","2010","Level","6",638215,"T11400","2026-06-11T11:27:47-0400"
"NIPA","T11400","W325RC",23,"Taxes on production and imports less subsidies","Current Dollars","2011","Level","6",670848,"T11400","2026-06-11T11:27:47-0400"
"NIPA","T11400","W325RC",23,"Taxes on production and imports less subsidies","Current Dollars","2012","Level","6",695082,"T11400","2026-06-11T11:27:47-0400"
"NIPA","T11400","W325RC",23,"Taxes on production and imports less subsidies","Current Dollars","2013","Level","6",726674,"T11400","2026-06-11T11:27:47-0400"
"NIPA","T11400","W325RC",23,"Taxes on production and imports less subsidies","Current Dollars","2014","Level","6",754668,"T11400","2026-06-11T11:27:47-0400"
"NIPA","T11400","W325RC",23,"Taxes on production and imports less subsidies","Current Dollars","2015","Level","6",771216,"T11400","2026-06-11T11:27:47-0400"
"NIPA","T11400","W325RC",23,"Taxes on production and imports less subsidies","Current Dollars","2016","Level","6",785159,"T11400","2026-06-11T11:27:47-0400"
"NIPA","T11400","W325RC",23,"Taxes on production and imports less subsidies","Current Dollars","2017","Level","6",825905,"T11400","2026-06-11T11:27:47-0400"
"NIPA","T11400","W325RC",23,"Taxes on production and imports less subsidies","Current Dollars","2018","Level","6",873481,"T11400","2026-06-11T11:27:47-0400"
"NIPA","T11400","W325RC",23,"Taxes on production and imports less subsidies","Current Dollars","2019","Level","6",928990,"T11400","2026-06-11T11:27:47-0400"
"NIPA","T11400","W325RC",23,"Taxes on production and imports less subsidies","Current Dollars","2020","Level","6",507876,"T11400","2026-06-11T11:27:47-0400"
"NIPA","T11400","W325RC",23,"Taxes on production and imports less subsidies","Current Dollars","2021","Level","6",702594,"T11400","2026-06-11T11:27:47-0400"
"NIPA","T11400","W325RC",23,"Taxes on production and imports less subsidies","Current Dollars","2022","Level","6",1104840,"T11400","2026-06-11T11:27:47-0400"
"NIPA","T11400","W325RC",23,"Taxes on production and imports less subsidies","Current Dollars","2023","Level","6",1115707,"T11400","2026-06-11T11:27:47-0400"
"NIPA","T11400","W325RC",23,"Taxes on production and imports less subsidies","Current Dollars","2024","Level","6",1165975,"T11400","2026-06-11T11:27:47-0400"
"NIPA","T11400","W325RC",23,"Taxes on production and imports less subsidies","Current Dollars","2025","Level","6",1317153,"T11400","2026-06-11T11:27:47-0400"
"NIPA","T11400","W326RC",24,"Net operating surplus","Current Dollars","1929","Level","6",10709,"T11400","2026-06-11T11:27:47-0400"
"NIPA","T11400","W326RC",24,"Net operating surplus","Current Dollars","1930","Level","6",8605,"T11400","2026-06-11T11:27:47-0400"
"NIPA","T11400","W326RC",24,"Net operating surplus","Current Dollars","1931","Level","6",4553,"T11400","2026-06-11T11:27:47-0400"
"NIPA","T11400","W326RC",24,"Net operating surplus","Current Dollars","1932","Level","6",1319,"T11400","2026-06-11T11:27:47-0400"
"NIPA","T11400","W326RC",24,"Net operating surplus","Current Dollars","1933","Level","6",1114,"T11400","2026-06-11T11:27:47-0400"
"NIPA","T11400","W326RC",24,"Net operating surplus","Current Dollars","1934","Level","6",3938,"T11400","2026-06-11T11:27:47-0400"
"NIPA","T11400","W326RC",24,"Net operating surplus","Current Dollars","1935","Level","6",5298,"T11400","2026-06-11T11:27:47-0400"
"NIPA","T11400","W326RC",24,"Net operating surplus","Current Dollars","1936","Level","6",7181,"T11400","2026-06-11T11:27:47-0400"
"NIPA","T11400","W326RC",24,"Net operating surplus","Current Dollars","1937","Level","6",7885,"T11400","2026-06-11T11:27:47-0400"
"NIPA","T11400","W326RC",24,"Net operating surplus","Current Dollars","1938","Level","6",5613,"T11400","2026-06-11T11:27:47-0400"
"NIPA","T11400","W326RC",24,"Net operating surplus","Current Dollars","1939","Level","6",7132,"T11400","2026-06-11T11:27:47-0400"
"NIPA","T11400","W326RC",24,"Net operating surplus","Current Dollars","1940","Level","6",10197,"T11400","2026-06-11T11:27:47-0400"
"NIPA","T11400","W326RC",24,"Net operating surplus","Current Dollars","1941","Level","6",15756,"T11400","2026-06-11T11:27:47-0400"
"NIPA","T11400","W326RC",24,"Net operating surplus","Current Dollars","1942","Level","6",20842,"T11400","2026-06-11T11:27:47-0400"
"NIPA","T11400","W326RC",24,"Net operating surplus","Current Dollars","1943","Level","6",24744,"T11400","2026-06-11T11:27:47-0400"
"NIPA","T11400","W326RC",24,"Net operating surplus","Current Dollars","1944","Level","6",24577,"T11400","2026-06-11T11:27:47-0400"
"NIPA","T11400","W326RC",24,"Net operating surplus","Current Dollars","1945","Level","6",20084,"T11400","2026-06-11T11:27:47-0400"
"NIPA","T11400","W326RC",24,"Net operating surplus","Current Dollars","1946","Level","6",16641,"T11400","2026-06-11T11:27:47-0400"
"NIPA","T11400","W326RC",24,"Net operating surplus","Current Dollars","1947","Level","6",22780,"T11400","2026-06-11T11:27:47-0400"
"NIPA","T11400","W326RC",24,"Net operating surplus","Current Dollars","1948","Level","6",29076,"T11400","2026-06-11T11:27:47-0400"
"NIPA","T11400","W326RC",24,"Net operating surplus","Current Dollars","1949","Level","6",26426,"T11400","2026-06-11T11:27:47-0400"
"NIPA","T11400","W326RC",24,"Net operating surplus","Current Dollars","1950","Level","6",33268,"T11400","2026-06-11T11:27:47-0400"
"NIPA","T11400","W326RC",24,"Net operating surplus","Current Dollars","1951","Level","6",37834,"T11400","2026-06-11T11:27:47-0400"
"NIPA","T11400","W326RC",24,"Net operating surplus","Current Dollars","1952","Level","6",35736,"T11400","2026-06-11T11:27:47-0400"
"NIPA","T11400","W326RC",24,"Net operating surplus","Current Dollars","1953","Level","6",36232,"T11400","2026-06-11T11:27:47-0400"
"NIPA","T11400","W326RC",24,"Net operating surplus","Current Dollars","1954","Level","6",35178,"T11400","2026-06-11T11:27:47-0400"
"NIPA","T11400","W326RC",24,"Net operating surplus","Current Dollars","1955","Level","6",45418,"T11400","2026-06-11T11:27:47-0400"
"NIPA","T11400","W326RC",24,"Net operating surplus","Current Dollars","1956","Level","6",44304,"T11400","2026-06-11T11:27:47-0400"
"NIPA","T11400","W326RC",24,"Net operating surplus","Current Dollars","1957","Level","6",43705,"T11400","2026-06-11T11:27:47-0400"
"NIPA","T11400","W326RC",24,"Net operating surplus","Current Dollars","1958","Level","6",39237,"T11400","2026-06-11T11:27:47-0400"
"NIPA","T11400","W326RC",24,"Net operating surplus","Current Dollars","1959","Level","6",49776,"T11400","2026-06-11T11:27:47-0400"
"NIPA","T11400","W326RC",24,"Net operating surplus","Current Dollars","1960","Level","6",47915,"T11400","2026-06-11T11:27:47-0400"
"NIPA","T11400","W326RC",24,"Net operating surplus","Current Dollars","1961","Level","6",49723,"T11400","2026-06-11T11:27:47-0400"
"NIPA","T11400","W326RC",24,"Net operating surplus","Current Dollars","1962","Level","6",57859,"T11400","2026-06-11T11:27:47-0400"
"NIPA","T11400","W326RC",24,"Net operating surplus","Current Dollars","1963","Level","6",64716,"T11400","2026-06-11T11:27:47-0400"
"NIPA","T11400","W326RC",24,"Net operating surplus","Current Dollars","1964","Level","6",71736,"T11400","2026-06-11T11:27:47-0400"
"NIPA","T11400","W326RC",24,"Net operating surplus","Current Dollars","1965","Level","6",83491,"T11400","2026-06-11T11:27:47-0400"
"NIPA","T11400","W326RC",24,"Net operating surplus","Current Dollars","1966","Level","6",90864,"T11400","2026-06-11T11:27:47-0400"
"NIPA","T11400","W326RC",24,"Net operating surplus","Current Dollars","1967","Level","6",89364,"T11400","2026-06-11T11:27:47-0400"
"NIPA","T11400","W326RC",24,"Net operating surplus","Current Dollars","1968","Level","6",96448,"T11400","2026-06-11T11:27:47-0400"
"NIPA","T11400","W326RC",24,"Net operating surplus","Current Dollars","1969","Level","6",94896,"T11400","2026-06-11T11:27:47-0400"
"NIPA","T11400","W326RC",24,"Net operating surplus","Current Dollars","1970","Level","6",84896,"T11400","2026-06-11T11:27:47-0400"
"NIPA","T11400","W326RC",24,"Net operating surplus","Current Dollars","1971","Level","6",97659,"T11400","2026-06-11T11:27:47-0400"
"NIPA","T11400","W326RC",24,"Net operating surplus","Current Dollars","1972","Level","6",112172,"T11400","2026-06-11T11:27:48-0400"
"NIPA","T11400","W326RC",24,"Net operating surplus","Current Dollars","1973","Level","6",125483,"T11400","2026-06-11T11:27:48-0400"
"NIPA","T11400","W326RC",24,"Net operating surplus","Current Dollars","1974","Level","6",121293,"T11400","2026-06-11T11:27:48-0400"
"NIPA","T11400","W326RC",24,"Net operating surplus","Current Dollars","1975","Level","6",141341,"T11400","2026-06-11T11:27:48-0400"
"NIPA","T11400","W326RC",24,"Net operating surplus","Current Dollars","1976","Level","6",169722,"T11400","2026-06-11T11:27:48-0400"
"NIPA","T11400","W326RC",24,"Net operating surplus","Current Dollars","1977","Level","6",196884,"T11400","2026-06-11T11:27:48-0400"
"NIPA","T11400","W326RC",24,"Net operating surplus","Current Dollars","1978","Level","6",221554,"T11400","2026-06-11T11:27:48-0400"
"NIPA","T11400","W326RC",24,"Net operating surplus","Current Dollars","1979","Level","6",226725,"T11400","2026-06-11T11:27:48-0400"
"NIPA","T11400","W326RC",24,"Net operating surplus","Current Dollars","1980","Level","6",223441,"T11400","2026-06-11T11:27:48-0400"
"NIPA","T11400","W326RC",24,"Net operating surplus","Current Dollars","1981","Level","6",273482,"T11400","2026-06-11T11:27:48-0400"
"NIPA","T11400","W326RC",24,"Net operating surplus","Current Dollars","1982","Level","6",264806,"T11400","2026-06-11T11:27:48-0400"
"NIPA","T11400","W326RC",24,"Net operating surplus","Current Dollars","1983","Level","6",303155,"T11400","2026-06-11T11:27:48-0400"
"NIPA","T11400","W326RC",24,"Net operating surplus","Current Dollars","1984","Level","6",373838,"T11400","2026-06-11T11:27:48-0400"
"NIPA","T11400","W326RC",24,"Net operating surplus","Current Dollars","1985","Level","6",383522,"T11400","2026-06-11T11:27:48-0400"
"NIPA","T11400","W326RC",24,"Net operating surplus","Current Dollars","1986","Level","6",364294,"T11400","2026-06-11T11:27:48-0400"
"NIPA","T11400","W326RC",24,"Net operating surplus","Current Dollars","1987","Level","6",404912,"T11400","2026-06-11T11:27:48-0400"
"NIPA","T11400","W326RC",24,"Net operating surplus","Current Dollars","1988","Level","6",456561,"T11400","2026-06-11T11:27:48-0400"
"NIPA","T11400","W326RC",24,"Net operating surplus","Current Dollars","1989","Level","6",457075,"T11400","2026-06-11T11:27:48-0400"
"NIPA","T11400","W326RC",24,"Net operating surplus","Current Dollars","1990","Level","6",457022,"T11400","2026-06-11T11:27:48-0400"
"NIPA","T11400","W326RC",24,"Net operating surplus","Current Dollars","1991","Level","6",450831,"T11400","2026-06-11T11:27:48-0400"
"NIPA","T11400","W326RC",24,"Net operating surplus","Current Dollars","1992","Level","6",449070,"T11400","2026-06-11T11:27:48-0400"
"NIPA","T11400","W326RC",24,"Net operating surplus","Current Dollars","1993","Level","6",488755,"T11400","2026-06-11T11:27:48-0400"
"NIPA","T11400","W326RC",24,"Net operating surplus","Current Dollars","1994","Level","6",584811,"T11400","2026-06-11T11:27:48-0400"
"NIPA","T11400","W326RC",24,"Net operating surplus","Current Dollars","1995","Level","6",637426,"T11400","2026-06-11T11:27:48-0400"
"NIPA","T11400","W326RC",24,"Net operating surplus","Current Dollars","1996","Level","6",702808,"T11400","2026-06-11T11:27:48-0400"
"NIPA","T11400","W326RC",24,"Net operating surplus","Current Dollars","1997","Level","6",763291,"T11400","2026-06-11T11:27:48-0400"
"NIPA","T11400","W326RC",24,"Net operating surplus","Current Dollars","1998","Level","6",744345,"T11400","2026-06-11T11:27:48-0400"
"NIPA","T11400","W326RC",24,"Net operating surplus","Current Dollars","1999","Level","6",754597,"T11400","2026-06-11T11:27:48-0400"
"NIPA","T11400","W326RC",24,"Net operating surplus","Current Dollars","2000","Level","6",726139,"T11400","2026-06-11T11:27:48-0400"
"NIPA","T11400","W326RC",24,"Net operating surplus","Current Dollars","2001","Level","6",664885,"T11400","2026-06-11T11:27:48-0400"
"NIPA","T11400","W326RC",24,"Net operating surplus","Current Dollars","2002","Level","6",731045,"T11400","2026-06-11T11:27:48-0400"
"NIPA","T11400","W326RC",24,"Net operating surplus","Current Dollars","2003","Level","6",830127,"T11400","2026-06-11T11:27:48-0400"
"NIPA","T11400","W326RC",24,"Net operating surplus","Current Dollars","2004","Level","6",988613,"T11400","2026-06-11T11:27:48-0400"
"NIPA","T11400","W326RC",24,"Net operating surplus","Current Dollars","2005","Level","6",1157510,"T11400","2026-06-11T11:27:48-0400"
"NIPA","T11400","W326RC",24,"Net operating surplus","Current Dollars","2006","Level","6",1297836,"T11400","2026-06-11T11:27:48-0400"
"NIPA","T11400","W326RC",24,"Net operating surplus","Current Dollars","2007","Level","6",1271768,"T11400","2026-06-11T11:27:48-0400"
"NIPA","T11400","W326RC",24,"Net operating surplus","Current Dollars","2008","Level","6",1217245,"T11400","2026-06-11T11:27:48-0400"
"NIPA","T11400","W326RC",24,"Net operating surplus","Current Dollars","2009","Level","6",1086020,"T11400","2026-06-11T11:27:48-0400"
"NIPA","T11400","W326RC",24,"Net operating surplus","Current Dollars","2010","Level","6",1358883,"T11400","2026-06-11T11:27:48-0400"
"NIPA","T11400","W326RC",24,"Net operating surplus","Current Dollars","2011","Level","6",1444027,"T11400","2026-06-11T11:27:48-0400"
"NIPA","T11400","W326RC",24,"Net operating surplus","Current Dollars","2012","Level","6",1572715,"T11400","2026-06-11T11:27:48-0400"
"NIPA","T11400","W326RC",24,"Net operating surplus","Current Dollars","2013","Level","6",1634506,"T11400","2026-06-11T11:27:48-0400"
"NIPA","T11400","W326RC",24,"Net operating surplus","Current Dollars","2014","Level","6",1711433,"T11400","2026-06-11T11:27:48-0400"
"NIPA","T11400","W326RC",24,"Net operating surplus","Current Dollars","2015","Level","6",1738998,"T11400","2026-06-11T11:27:48-0400"
"NIPA","T11400","W326RC",24,"Net operating surplus","Current Dollars","2016","Level","6",1671794,"T11400","2026-06-11T11:27:48-0400"
"NIPA","T11400","W326RC",24,"Net operating surplus","Current Dollars","2017","Level","6",1708532,"T11400","2026-06-11T11:27:48-0400"
"NIPA","T11400","W326RC",24,"Net operating surplus","Current Dollars","2018","Level","6",1835141,"T11400","2026-06-11T11:27:48-0400"
"NIPA","T11400","W326RC",24,"Net operating surplus","Current Dollars","2019","Level","6",1861862,"T11400","2026-06-11T11:27:48-0400"
"NIPA","T11400","W326RC",24,"Net operating surplus","Current Dollars","2020","Level","6",1912578,"T11400","2026-06-11T11:27:48-0400"
"NIPA","T11400","W326RC",24,"Net operating surplus","Current Dollars","2021","Level","6",2555943,"T11400","2026-06-11T11:27:48-0400"
"NIPA","T11400","W326RC",24,"Net operating surplus","Current Dollars","2022","Level","6",2736706,"T11400","2026-06-11T11:27:48-0400"
"NIPA","T11400","W326RC",24,"Net operating surplus","Current Dollars","2023","Level","6",2877736,"T11400","2026-06-11T11:27:48-0400"
"NIPA","T11400","W326RC",24,"Net operating surplus","Current Dollars","2024","Level","6",2957761,"T11400","2026-06-11T11:27:48-0400"
"NIPA","T11400","W326RC",24,"Net operating surplus","Current Dollars","2025","Level","6",3033067,"T11400","2026-06-11T11:27:48-0400"
"NIPA","T11400","B471RC",25,"Net interest and miscellaneous payments","Current Dollars","1929","Level","6",1358,"T11400","2026-06-11T11:27:48-0400"
"NIPA","T11400","B471RC",25,"Net interest and miscellaneous payments","Current Dollars","1930","Level","6",1606,"T11400","2026-06-11T11:27:48-0400"
"NIPA","T11400","B471RC",25,"Net interest and miscellaneous payments","Current Dollars","1931","Level","6",1778,"T11400","2026-06-11T11:27:48-0400"
"NIPA","T11400","B471RC",25,"Net interest and miscellaneous payments","Current Dollars","1932","Level","6",1765,"T11400","2026-06-11T11:27:48-0400"
"NIPA","T11400","B471RC",25,"Net interest and miscellaneous payments","Current Dollars","1933","Level","6",1738,"T11400","2026-06-11T11:27:48-0400"
"NIPA","T11400","B471RC",25,"Net interest and miscellaneous payments","Current Dollars","1934","Level","6",1684,"T11400","2026-06-11T11:27:48-0400"
"NIPA","T11400","B471RC",25,"Net interest and miscellaneous payments","Current Dollars","1935","Level","6",1670,"T11400","2026-06-11T11:27:48-0400"
"NIPA","T11400","B471RC",25,"Net interest and miscellaneous payments","Current Dollars","1936","Level","6",1600,"T11400","2026-06-11T11:27:48-0400"
"NIPA","T11400","B471RC",25,"Net interest and miscellaneous payments","Current Dollars","1937","Level","6",1590,"T11400","2026-06-11T11:27:48-0400"
"NIPA","T11400","B471RC",25,"Net interest and miscellaneous payments","Current Dollars","1938","Level","6",1524,"T11400","2026-06-11T11:27:48-0400"
"NIPA","T11400","B471RC",25,"Net interest and miscellaneous payments","Current Dollars","1939","Level","6",1476,"T11400","2026-06-11T11:27:48-0400"
"NIPA","T11400","B471RC",25,"Net interest and miscellaneous payments","Current Dollars","1940","Level","6",1335,"T11400","2026-06-11T11:27:48-0400"
"NIPA","T11400","B471RC",25,"Net interest and miscellaneous payments","Current Dollars","1941","Level","6",1237,"T11400","2026-06-11T11:27:48-0400"
"NIPA","T11400","B471RC",25,"Net interest and miscellaneous payments","Current Dollars","1942","Level","6",1220,"T11400","2026-06-11T11:27:48-0400"
"NIPA","T11400","B471RC",25,"Net interest and miscellaneous payments","Current Dollars","1943","Level","6",1060,"T11400","2026-06-11T11:27:48-0400"
"NIPA","T11400","B471RC",25,"Net interest and miscellaneous payments","Current Dollars","1944","Level","6",990,"T11400","2026-06-11T11:27:48-0400"
"NIPA","T11400","B471RC",25,"Net interest and miscellaneous payments","Current Dollars","1945","Level","6",942,"T11400","2026-06-11T11:27:48-0400"
"NIPA","T11400","B471RC",25,"Net interest and miscellaneous payments","Current Dollars","1946","Level","6",660,"T11400","2026-06-11T11:27:48-0400"
"NIPA","T11400","B471RC",25,"Net interest and miscellaneous payments","Current Dollars","1947","Level","6",768,"T11400","2026-06-11T11:27:48-0400"
"NIPA","T11400","B471RC",25,"Net interest and miscellaneous payments","Current Dollars","1948","Level","6",857,"T11400","2026-06-11T11:27:48-0400"
"NIPA","T11400","B471RC",25,"Net interest and miscellaneous payments","Current Dollars","1949","Level","6",999,"T11400","2026-06-11T11:27:48-0400"
"NIPA","T11400","B471RC",25,"Net interest and miscellaneous payments","Current Dollars","1950","Level","6",932,"T11400","2026-06-11T11:27:48-0400"
"NIPA","T11400","B471RC",25,"Net interest and miscellaneous payments","Current Dollars","1951","Level","6",1096,"T11400","2026-06-11T11:27:48-0400"
"NIPA","T11400","B471RC",25,"Net interest and miscellaneous payments","Current Dollars","1952","Level","6",1258,"T11400","2026-06-11T11:27:48-0400"
"NIPA","T11400","B471RC",25,"Net interest and miscellaneous payments","Current Dollars","1953","Level","6",1334,"T11400","2026-06-11T11:27:48-0400"
"NIPA","T11400","B471RC",25,"Net interest and miscellaneous payments","Current Dollars","1954","Level","6",1650,"T11400","2026-06-11T11:27:48-0400"
"NIPA","T11400","B471RC",25,"Net interest and miscellaneous payments","Current Dollars","1955","Level","6",1700,"T11400","2026-06-11T11:27:48-0400"
"NIPA","T11400","B471RC",25,"Net interest and miscellaneous payments","Current Dollars","1956","Level","6",1832,"T11400","2026-06-11T11:27:48-0400"
"NIPA","T11400","B471RC",25,"Net interest and miscellaneous payments","Current Dollars","1957","Level","6",2262,"T11400","2026-06-11T11:27:48-0400"
"NIPA","T11400","B471RC",25,"Net interest and miscellaneous payments","Current Dollars","1958","Level","6",2846,"T11400","2026-06-11T11:27:48-0400"
"NIPA","T11400","B471RC",25,"Net interest and miscellaneous payments","Current Dollars","1959","Level","6",3018,"T11400","2026-06-11T11:27:48-0400"
"NIPA","T11400","B471RC",25,"Net interest and miscellaneous payments","Current Dollars","1960","Level","6",3313,"T11400","2026-06-11T11:27:48-0400"
"NIPA","T11400","B471RC",25,"Net interest and miscellaneous payments","Current Dollars","1961","Level","6",3818,"T11400","2026-06-11T11:27:48-0400"
"NIPA","T11400","B471RC",25,"Net interest and miscellaneous payments","Current Dollars","1962","Level","6",4470,"T11400","2026-06-11T11:27:48-0400"
"NIPA","T11400","B471RC",25,"Net interest and miscellaneous payments","Current Dollars","1963","Level","6",4828,"T11400","2026-06-11T11:27:48-0400"
"NIPA","T11400","B471RC",25,"Net interest and miscellaneous payments","Current Dollars","1964","Level","6",5299,"T11400","2026-06-11T11:27:48-0400"
"NIPA","T11400","B471RC",25,"Net interest and miscellaneous payments","Current Dollars","1965","Level","6",5966,"T11400","2026-06-11T11:27:48-0400"
"NIPA","T11400","B471RC",25,"Net interest and miscellaneous payments","Current Dollars","1966","Level","6",7184,"T11400","2026-06-11T11:27:48-0400"
"NIPA","T11400","B471RC",25,"Net interest and miscellaneous payments","Current Dollars","1967","Level","6",8594,"T11400","2026-06-11T11:27:48-0400"
"NIPA","T11400","B471RC",25,"Net interest and miscellaneous payments","Current Dollars","1968","Level","6",10148,"T11400","2026-06-11T11:27:48-0400"
"NIPA","T11400","B471RC",25,"Net interest and miscellaneous payments","Current Dollars","1969","Level","6",13544,"T11400","2026-06-11T11:27:48-0400"
"NIPA","T11400","B471RC",25,"Net interest and miscellaneous payments","Current Dollars","1970","Level","6",17851,"T11400","2026-06-11T11:27:48-0400"
"NIPA","T11400","B471RC",25,"Net interest and miscellaneous payments","Current Dollars","1971","Level","6",18915,"T11400","2026-06-11T11:27:48-0400"
"NIPA","T11400","B471RC",25,"Net interest and miscellaneous payments","Current Dollars","1972","Level","6",19976,"T11400","2026-06-11T11:27:48-0400"
"NIPA","T11400","B471RC",25,"Net interest and miscellaneous payments","Current Dollars","1973","Level","6",23733,"T11400","2026-06-11T11:27:48-0400"
"NIPA","T11400","B471RC",25,"Net interest and miscellaneous payments","Current Dollars","1974","Level","6",30142,"T11400","2026-06-11T11:27:48-0400"
"NIPA","T11400","B471RC",25,"Net interest and miscellaneous payments","Current Dollars","1975","Level","6",32355,"T11400","2026-06-11T11:27:48-0400"
"NIPA","T11400","B471RC",25,"Net interest and miscellaneous payments","Current Dollars","1976","Level","6",29977,"T11400","2026-06-11T11:27:48-0400"
"NIPA","T11400","B471RC",25,"Net interest and miscellaneous payments","Current Dollars","1977","Level","6",33041,"T11400","2026-06-11T11:27:48-0400"
"NIPA","T11400","B471RC",25,"Net interest and miscellaneous payments","Current Dollars","1978","Level","6",36599,"T11400","2026-06-11T11:27:48-0400"
"NIPA","T11400","B471RC",25,"Net interest and miscellaneous payments","Current Dollars","1979","Level","6",43665,"T11400","2026-06-11T11:27:48-0400"
"NIPA","T11400","B471RC",25,"Net interest and miscellaneous payments","Current Dollars","1980","Level","6",58147,"T11400","2026-06-11T11:27:48-0400"
"NIPA","T11400","B471RC",25,"Net interest and miscellaneous payments","Current Dollars","1981","Level","6",72914,"T11400","2026-06-11T11:27:48-0400"
"NIPA","T11400","B471RC",25,"Net interest and miscellaneous payments","Current Dollars","1982","Level","6",83413,"T11400","2026-06-11T11:27:48-0400"
"NIPA","T11400","B471RC",25,"Net interest and miscellaneous payments","Current Dollars","1983","Level","6",82656,"T11400","2026-06-11T11:27:48-0400"
"NIPA","T11400","B471RC",25,"Net interest and miscellaneous payments","Current Dollars","1984","Level","6",93991,"T11400","2026-06-11T11:27:48-0400"
"NIPA","T11400","B471RC",25,"Net interest and miscellaneous payments","Current Dollars","1985","Level","6",97093,"T11400","2026-06-11T11:27:48-0400"
"NIPA","T11400","B471RC",25,"Net interest and miscellaneous payments","Current Dollars","1986","Level","6",107170,"T11400","2026-06-11T11:27:48-0400"
"NIPA","T11400","B471RC",25,"Net interest and miscellaneous payments","Current Dollars","1987","Level","6",115901,"T11400","2026-06-11T11:27:48-0400"
"NIPA","T11400","B471RC",25,"Net interest and miscellaneous payments","Current Dollars","1988","Level","6",135568,"T11400","2026-06-11T11:27:48-0400"
"NIPA","T11400","B471RC",25,"Net interest and miscellaneous payments","Current Dollars","1989","Level","6",159563,"T11400","2026-06-11T11:27:48-0400"
"NIPA","T11400","B471RC",25,"Net interest and miscellaneous payments","Current Dollars","1990","Level","6",169679,"T11400","2026-06-11T11:27:48-0400"
"NIPA","T11400","B471RC",25,"Net interest and miscellaneous payments","Current Dollars","1991","Level","6",156685,"T11400","2026-06-11T11:27:48-0400"
"NIPA","T11400","B471RC",25,"Net interest and miscellaneous payments","Current Dollars","1992","Level","6",131318,"T11400","2026-06-11T11:27:48-0400"
"NIPA","T11400","B471RC",25,"Net interest and miscellaneous payments","Current Dollars","1993","Level","6",117538,"T11400","2026-06-11T11:27:48-0400"
"NIPA","T11400","B471RC",25,"Net interest and miscellaneous payments","Current Dollars","1994","Level","6",116971,"T11400","2026-06-11T11:27:48-0400"
"NIPA","T11400","B471RC",25,"Net interest and miscellaneous payments","Current Dollars","1995","Level","6",126463,"T11400","2026-06-11T11:27:48-0400"
"NIPA","T11400","B471RC",25,"Net interest and miscellaneous payments","Current Dollars","1996","Level","6",119960,"T11400","2026-06-11T11:27:48-0400"
"NIPA","T11400","B471RC",25,"Net interest and miscellaneous payments","Current Dollars","1997","Level","6",127945,"T11400","2026-06-11T11:27:48-0400"
"NIPA","T11400","B471RC",25,"Net interest and miscellaneous payments","Current Dollars","1998","Level","6",148275,"T11400","2026-06-11T11:27:48-0400"
"NIPA","T11400","B471RC",25,"Net interest and miscellaneous payments","Current Dollars","1999","Level","6",158279,"T11400","2026-06-11T11:27:48-0400"
"NIPA","T11400","B471RC",25,"Net interest and miscellaneous payments","Current Dollars","2000","Level","6",196220,"T11400","2026-06-11T11:27:48-0400"
"NIPA","T11400","B471RC",25,"Net interest and miscellaneous payments","Current Dollars","2001","Level","6",224069,"T11400","2026-06-11T11:27:48-0400"
"NIPA","T11400","B471RC",25,"Net interest and miscellaneous payments","Current Dollars","2002","Level","6",200347,"T11400","2026-06-11T11:27:48-0400"
"NIPA","T11400","B471RC",25,"Net interest and miscellaneous payments","Current Dollars","2003","Level","6",174198,"T11400","2026-06-11T11:27:48-0400"
"NIPA","T11400","B471RC",25,"Net interest and miscellaneous payments","Current Dollars","2004","Level","6",162335,"T11400","2026-06-11T11:27:48-0400"
"NIPA","T11400","B471RC",25,"Net interest and miscellaneous payments","Current Dollars","2005","Level","6",174978,"T11400","2026-06-11T11:27:48-0400"
"NIPA","T11400","B471RC",25,"Net interest and miscellaneous payments","Current Dollars","2006","Level","6",183070,"T11400","2026-06-11T11:27:48-0400"
"NIPA","T11400","B471RC",25,"Net interest and miscellaneous payments","Current Dollars","2007","Level","6",261873,"T11400","2026-06-11T11:27:48-0400"
"NIPA","T11400","B471RC",25,"Net interest and miscellaneous payments","Current Dollars","2008","Level","6",325645,"T11400","2026-06-11T11:27:48-0400"
"NIPA","T11400","B471RC",25,"Net interest and miscellaneous payments","Current Dollars","2009","Level","6",301527,"T11400","2026-06-11T11:27:48-0400"
"NIPA","T11400","B471RC",25,"Net interest and miscellaneous payments","Current Dollars","2010","Level","6",303977,"T11400","2026-06-11T11:27:48-0400"
"NIPA","T11400","B471RC",25,"Net interest and miscellaneous payments","Current Dollars","2011","Level","6",301801,"T11400","2026-06-11T11:27:48-0400"
"NIPA","T11400","B471RC",25,"Net interest and miscellaneous payments","Current Dollars","2012","Level","6",307917,"T11400","2026-06-11T11:27:48-0400"
"NIPA","T11400","B471RC",25,"Net interest and miscellaneous payments","Current Dollars","2013","Level","6",301337,"T11400","2026-06-11T11:27:48-0400"
"NIPA","T11400","B471RC",25,"Net interest and miscellaneous payments","Current Dollars","2014","Level","6",310655,"T11400","2026-06-11T11:27:48-0400"
"NIPA","T11400","B471RC",25,"Net interest and miscellaneous payments","Current Dollars","2015","Level","6",324537,"T11400","2026-06-11T11:27:48-0400"
"NIPA","T11400","B471RC",25,"Net interest and miscellaneous payments","Current Dollars","2016","Level","6",343885,"T11400","2026-06-11T11:27:48-0400"
"NIPA","T11400","B471RC",25,"Net interest and miscellaneous payments","Current Dollars","2017","Level","6",351963,"T11400","2026-06-11T11:27:48-0400"
"NIPA","T11400","B471RC",25,"Net interest and miscellaneous payments","Current Dollars","2018","Level","6",358281,"T11400","2026-06-11T11:27:48-0400"
"NIPA","T11400","B471RC",25,"Net interest and miscellaneous payments","Current Dollars","2019","Level","6",372810,"T11400","2026-06-11T11:27:48-0400"
"NIPA","T11400","B471RC",25,"Net interest and miscellaneous payments","Current Dollars","2020","Level","6",324369,"T11400","2026-06-11T11:27:48-0400"
"NIPA","T11400","B471RC",25,"Net interest and miscellaneous payments","Current Dollars","2021","Level","6",326392,"T11400","2026-06-11T11:27:48-0400"
"NIPA","T11400","B471RC",25,"Net interest and miscellaneous payments","Current Dollars","2022","Level","6",307810,"T11400","2026-06-11T11:27:48-0400"
"NIPA","T11400","B471RC",25,"Net interest and miscellaneous payments","Current Dollars","2023","Level","6",218873,"T11400","2026-06-11T11:27:48-0400"
"NIPA","T11400","B471RC",25,"Net interest and miscellaneous payments","Current Dollars","2024","Level","6",199330,"T11400","2026-06-11T11:27:48-0400"
"NIPA","T11400","B471RC",25,"Net interest and miscellaneous payments","Current Dollars","2025","Level","6",201022,"T11400","2026-06-11T11:27:48-0400"
"NIPA","T11400","W327RC",26,"Business current transfer payments (net)","Current Dollars","1929","Level","6",310,"T11400","2026-06-11T11:27:48-0400"
"NIPA","T11400","W327RC",26,"Business current transfer payments (net)","Current Dollars","1930","Level","6",306,"T11400","2026-06-11T11:27:48-0400"
"NIPA","T11400","W327RC",26,"Business current transfer payments (net)","Current Dollars","1931","Level","6",337,"T11400","2026-06-11T11:27:48-0400"
"NIPA","T11400","W327RC",26,"Business current transfer payments (net)","Current Dollars","1932","Level","6",352,"T11400","2026-06-11T11:27:48-0400"
"NIPA","T11400","W327RC",26,"Business current transfer payments (net)","Current Dollars","1933","Level","6",331,"T11400","2026-06-11T11:27:48-0400"
"NIPA","T11400","W327RC",26,"Business current transfer payments (net)","Current Dollars","1934","Level","6",319,"T11400","2026-06-11T11:27:48-0400"
"NIPA","T11400","W327RC",26,"Business current transfer payments (net)","Current Dollars","1935","Level","6",312,"T11400","2026-06-11T11:27:48-0400"
"NIPA","T11400","W327RC",26,"Business current transfer payments (net)","Current Dollars","1936","Level","6",318,"T11400","2026-06-11T11:27:48-0400"
"NIPA","T11400","W327RC",26,"Business current transfer payments (net)","Current Dollars","1937","Level","6",326,"T11400","2026-06-11T11:27:48-0400"
"NIPA","T11400","W327RC",26,"Business current transfer payments (net)","Current Dollars","1938","Level","6",297,"T11400","2026-06-11T11:27:48-0400"
"NIPA","T11400","W327RC",26,"Business current transfer payments (net)","Current Dollars","1939","Level","6",306,"T11400","2026-06-11T11:27:48-0400"
"NIPA","T11400","W327RC",26,"Business current transfer payments (net)","Current Dollars","1940","Level","6",317,"T11400","2026-06-11T11:27:48-0400"
"NIPA","T11400","W327RC",26,"Business current transfer payments (net)","Current Dollars","1941","Level","6",367,"T11400","2026-06-11T11:27:48-0400"
"NIPA","T11400","W327RC",26,"Business current transfer payments (net)","Current Dollars","1942","Level","6",419,"T11400","2026-06-11T11:27:48-0400"
"NIPA","T11400","W327RC",26,"Business current transfer payments (net)","Current Dollars","1943","Level","6",494,"T11400","2026-06-11T11:27:48-0400"
"NIPA","T11400","W327RC",26,"Business current transfer payments (net)","Current Dollars","1944","Level","6",630,"T11400","2026-06-11T11:27:48-0400"
"NIPA","T11400","W327RC",26,"Business current transfer payments (net)","Current Dollars","1945","Level","6",667,"T11400","2026-06-11T11:27:48-0400"
"NIPA","T11400","W327RC",26,"Business current transfer payments (net)","Current Dollars","1946","Level","6",475,"T11400","2026-06-11T11:27:48-0400"
"NIPA","T11400","W327RC",26,"Business current transfer payments (net)","Current Dollars","1947","Level","6",572,"T11400","2026-06-11T11:27:48-0400"
"NIPA","T11400","W327RC",26,"Business current transfer payments (net)","Current Dollars","1948","Level","6",605,"T11400","2026-06-11T11:27:48-0400"
"NIPA","T11400","W327RC",26,"Business current transfer payments (net)","Current Dollars","1949","Level","6",588,"T11400","2026-06-11T11:27:48-0400"
"NIPA","T11400","W327RC",26,"Business current transfer payments (net)","Current Dollars","1950","Level","6",601,"T11400","2026-06-11T11:27:48-0400"
"NIPA","T11400","W327RC",26,"Business current transfer payments (net)","Current Dollars","1951","Level","6",727,"T11400","2026-06-11T11:27:48-0400"
"NIPA","T11400","W327RC",26,"Business current transfer payments (net)","Current Dollars","1952","Level","6",824,"T11400","2026-06-11T11:27:48-0400"
"NIPA","T11400","W327RC",26,"Business current transfer payments (net)","Current Dollars","1953","Level","6",959,"T11400","2026-06-11T11:27:48-0400"
"NIPA","T11400","W327RC",26,"Business current transfer payments (net)","Current Dollars","1954","Level","6",851,"T11400","2026-06-11T11:27:48-0400"
"NIPA","T11400","W327RC",26,"Business current transfer payments (net)","Current Dollars","1955","Level","6",979,"T11400","2026-06-11T11:27:48-0400"
"NIPA","T11400","W327RC",26,"Business current transfer payments (net)","Current Dollars","1956","Level","6",1035,"T11400","2026-06-11T11:27:48-0400"
"NIPA","T11400","W327RC",26,"Business current transfer payments (net)","Current Dollars","1957","Level","6",1098,"T11400","2026-06-11T11:27:48-0400"
"NIPA","T11400","W327RC",26,"Business current transfer payments (net)","Current Dollars","1958","Level","6",1173,"T11400","2026-06-11T11:27:48-0400"
"NIPA","T11400","W327RC",26,"Business current transfer payments (net)","Current Dollars","1959","Level","6",1255,"T11400","2026-06-11T11:27:48-0400"
"NIPA","T11400","W327RC",26,"Business current transfer payments (net)","Current Dollars","1960","Level","6",1266,"T11400","2026-06-11T11:27:48-0400"
"NIPA","T11400","W327RC",26,"Business current transfer payments (net)","Current Dollars","1961","Level","6",1421,"T11400","2026-06-11T11:27:48-0400"
"NIPA","T11400","W327RC",26,"Business current transfer payments (net)","Current Dollars","1962","Level","6",1579,"T11400","2026-06-11T11:27:48-0400"
"NIPA","T11400","W327RC",26,"Business current transfer payments (net)","Current Dollars","1963","Level","6",1595,"T11400","2026-06-11T11:27:48-0400"
"NIPA","T11400","W327RC",26,"Business current transfer payments (net)","Current Dollars","1964","Level","6",1871,"T11400","2026-06-11T11:27:48-0400"
"NIPA","T11400","W327RC",26,"Business current transfer payments (net)","Current Dollars","1965","Level","6",2102,"T11400","2026-06-11T11:27:48-0400"
"NIPA","T11400","W327RC",26,"Business current transfer payments (net)","Current Dollars","1966","Level","6",2617,"T11400","2026-06-11T11:27:48-0400"
"NIPA","T11400","W327RC",26,"Business current transfer payments (net)","Current Dollars","1967","Level","6",2703,"T11400","2026-06-11T11:27:48-0400"
"NIPA","T11400","W327RC",26,"Business current transfer payments (net)","Current Dollars","1968","Level","6",2937,"T11400","2026-06-11T11:27:48-0400"
"NIPA","T11400","W327RC",26,"Business current transfer payments (net)","Current Dollars","1969","Level","6",3047,"T11400","2026-06-11T11:27:48-0400"
"NIPA","T11400","W327RC",26,"Business current transfer payments (net)","Current Dollars","1970","Level","6",3182,"T11400","2026-06-11T11:27:48-0400"
"NIPA","T11400","W327RC",26,"Business current transfer payments (net)","Current Dollars","1971","Level","6",3592,"T11400","2026-06-11T11:27:48-0400"
"NIPA","T11400","W327RC",26,"Business current transfer payments (net)","Current Dollars","1972","Level","6",3885,"T11400","2026-06-11T11:27:48-0400"
"NIPA","T11400","W327RC",26,"Business current transfer payments (net)","Current Dollars","1973","Level","6",4504,"T11400","2026-06-11T11:27:48-0400"
"NIPA","T11400","W327RC",26,"Business current transfer payments (net)","Current Dollars","1974","Level","6",3739,"T11400","2026-06-11T11:27:48-0400"
"NIPA","T11400","W327RC",26,"Business current transfer payments (net)","Current Dollars","1975","Level","6",4716,"T11400","2026-06-11T11:27:48-0400"
"NIPA","T11400","W327RC",26,"Business current transfer payments (net)","Current Dollars","1976","Level","6",6700,"T11400","2026-06-11T11:27:48-0400"
"NIPA","T11400","W327RC",26,"Business current transfer payments (net)","Current Dollars","1977","Level","6",8706,"T11400","2026-06-11T11:27:48-0400"
"NIPA","T11400","W327RC",26,"Business current transfer payments (net)","Current Dollars","1978","Level","6",9203,"T11400","2026-06-11T11:27:48-0400"
"NIPA","T11400","W327RC",26,"Business current transfer payments (net)","Current Dollars","1979","Level","6",9028,"T11400","2026-06-11T11:27:48-0400"
"NIPA","T11400","W327RC",26,"Business current transfer payments (net)","Current Dollars","1980","Level","6",9636,"T11400","2026-06-11T11:27:48-0400"
"NIPA","T11400","W327RC",26,"Business current transfer payments (net)","Current Dollars","1981","Level","6",10659,"T11400","2026-06-11T11:27:48-0400"
"NIPA","T11400","W327RC",26,"Business current transfer payments (net)","Current Dollars","1982","Level","6",8119,"T11400","2026-06-11T11:27:48-0400"
"NIPA","T11400","W327RC",26,"Business current transfer payments (net)","Current Dollars","1983","Level","6",9953,"T11400","2026-06-11T11:27:48-0400"
"NIPA","T11400","W327RC",26,"Business current transfer payments (net)","Current Dollars","1984","Level","6",10934,"T11400","2026-06-11T11:27:48-0400"
"NIPA","T11400","W327RC",26,"Business current transfer payments (net)","Current Dollars","1985","Level","6",15362,"T11400","2026-06-11T11:27:48-0400"
"NIPA","T11400","W327RC",26,"Business current transfer payments (net)","Current Dollars","1986","Level","6",26919,"T11400","2026-06-11T11:27:48-0400"
"NIPA","T11400","W327RC",26,"Business current transfer payments (net)","Current Dollars","1987","Level","6",29655,"T11400","2026-06-11T11:27:48-0400"
"NIPA","T11400","W327RC",26,"Business current transfer payments (net)","Current Dollars","1988","Level","6",27036,"T11400","2026-06-11T11:27:48-0400"
"NIPA","T11400","W327RC",26,"Business current transfer payments (net)","Current Dollars","1989","Level","6",23481,"T11400","2026-06-11T11:27:48-0400"
"NIPA","T11400","W327RC",26,"Business current transfer payments (net)","Current Dollars","1990","Level","6",24867,"T11400","2026-06-11T11:27:48-0400"
"NIPA","T11400","W327RC",26,"Business current transfer payments (net)","Current Dollars","1991","Level","6",26093,"T11400","2026-06-11T11:27:48-0400"
"NIPA","T11400","W327RC",26,"Business current transfer payments (net)","Current Dollars","1992","Level","6",30693,"T11400","2026-06-11T11:27:48-0400"
"NIPA","T11400","W327RC",26,"Business current transfer payments (net)","Current Dollars","1993","Level","6",29521,"T11400","2026-06-11T11:27:48-0400"
"NIPA","T11400","W327RC",26,"Business current transfer payments (net)","Current Dollars","1994","Level","6",34651,"T11400","2026-06-11T11:27:48-0400"
"NIPA","T11400","W327RC",26,"Business current transfer payments (net)","Current Dollars","1995","Level","6",30162,"T11400","2026-06-11T11:27:48-0400"
"NIPA","T11400","W327RC",26,"Business current transfer payments (net)","Current Dollars","1996","Level","6",37319,"T11400","2026-06-11T11:27:48-0400"
"NIPA","T11400","W327RC",26,"Business current transfer payments (net)","Current Dollars","1997","Level","6",38487,"T11400","2026-06-11T11:27:48-0400"
"NIPA","T11400","W327RC",26,"Business current transfer payments (net)","Current Dollars","1998","Level","6",34106,"T11400","2026-06-11T11:27:48-0400"
"NIPA","T11400","W327RC",26,"Business current transfer payments (net)","Current Dollars","1999","Level","6",45602,"T11400","2026-06-11T11:27:48-0400"
"NIPA","T11400","W327RC",26,"Business current transfer payments (net)","Current Dollars","2000","Level","6",45439,"T11400","2026-06-11T11:27:48-0400"
"NIPA","T11400","W327RC",26,"Business current transfer payments (net)","Current Dollars","2001","Level","6",55199,"T11400","2026-06-11T11:27:48-0400"
"NIPA","T11400","W327RC",26,"Business current transfer payments (net)","Current Dollars","2002","Level","6",51994,"T11400","2026-06-11T11:27:48-0400"
"NIPA","T11400","W327RC",26,"Business current transfer payments (net)","Current Dollars","2003","Level","6",61635,"T11400","2026-06-11T11:27:48-0400"
"NIPA","T11400","W327RC",26,"Business current transfer payments (net)","Current Dollars","2004","Level","6",62538,"T11400","2026-06-11T11:27:48-0400"
"NIPA","T11400","W327RC",26,"Business current transfer payments (net)","Current Dollars","2005","Level","6",79314,"T11400","2026-06-11T11:27:48-0400"
"NIPA","T11400","W327RC",26,"Business current transfer payments (net)","Current Dollars","2006","Level","6",68525,"T11400","2026-06-11T11:27:48-0400"
"NIPA","T11400","W327RC",26,"Business current transfer payments (net)","Current Dollars","2007","Level","6",59077,"T11400","2026-06-11T11:27:48-0400"
"NIPA","T11400","W327RC",26,"Business current transfer payments (net)","Current Dollars","2008","Level","6",46320,"T11400","2026-06-11T11:27:48-0400"
"NIPA","T11400","W327RC",26,"Business current transfer payments (net)","Current Dollars","2009","Level","6",60532,"T11400","2026-06-11T11:27:48-0400"
"NIPA","T11400","W327RC",26,"Business current transfer payments (net)","Current Dollars","2010","Level","6",71808,"T11400","2026-06-11T11:27:48-0400"
"NIPA","T11400","W327RC",26,"Business current transfer payments (net)","Current Dollars","2011","Level","6",79885,"T11400","2026-06-11T11:27:48-0400"
"NIPA","T11400","W327RC",26,"Business current transfer payments (net)","Current Dollars","2012","Level","6",82372,"T11400","2026-06-11T11:27:48-0400"
"NIPA","T11400","W327RC",26,"Business current transfer payments (net)","Current Dollars","2013","Level","6",84166,"T11400","2026-06-11T11:27:48-0400"
"NIPA","T11400","W327RC",26,"Business current transfer payments (net)","Current Dollars","2014","Level","6",82241,"T11400","2026-06-11T11:27:48-0400"
"NIPA","T11400","W327RC",26,"Business current transfer payments (net)","Current Dollars","2015","Level","6",99763,"T11400","2026-06-11T11:27:48-0400"
"NIPA","T11400","W327RC",26,"Business current transfer payments (net)","Current Dollars","2016","Level","6",73341,"T11400","2026-06-11T11:27:48-0400"
"NIPA","T11400","W327RC",26,"Business current transfer payments (net)","Current Dollars","2017","Level","6",92900,"T11400","2026-06-11T11:27:48-0400"
"NIPA","T11400","W327RC",26,"Business current transfer payments (net)","Current Dollars","2018","Level","6",97765,"T11400","2026-06-11T11:27:48-0400"
"NIPA","T11400","W327RC",26,"Business current transfer payments (net)","Current Dollars","2019","Level","6",89471,"T11400","2026-06-11T11:27:48-0400"
"NIPA","T11400","W327RC",26,"Business current transfer payments (net)","Current Dollars","2020","Level","6",90877,"T11400","2026-06-11T11:27:48-0400"
"NIPA","T11400","W327RC",26,"Business current transfer payments (net)","Current Dollars","2021","Level","6",122876,"T11400","2026-06-11T11:27:48-0400"
"NIPA","T11400","W327RC",26,"Business current transfer payments (net)","Current Dollars","2022","Level","6",119058,"T11400","2026-06-11T11:27:48-0400"
"NIPA","T11400","W327RC",26,"Business current transfer payments (net)","Current Dollars","2023","Level","6",97823,"T11400","2026-06-11T11:27:48-0400"
"NIPA","T11400","W327RC",26,"Business current transfer payments (net)","Current Dollars","2024","Level","6",111445,"T11400","2026-06-11T11:27:48-0400"
"NIPA","T11400","W327RC",26,"Business current transfer payments (net)","Current Dollars","2025","Level","6",98264,"T11400","2026-06-11T11:27:48-0400"
"NIPA","T11400","A463RC",27,"Corporate profits with IVA and CCAdj","Current Dollars","1929","Level","6",9041,"T11400","2026-06-11T11:27:48-0400"
"NIPA","T11400","A463RC",27,"Corporate profits with IVA and CCAdj","Current Dollars","1930","Level","6",6693,"T11400","2026-06-11T11:27:48-0400"
"NIPA","T11400","A463RC",27,"Corporate profits with IVA and CCAdj","Current Dollars","1931","Level","6",2438,"T11400","2026-06-11T11:27:48-0400"
"NIPA","T11400","A463RC",27,"Corporate profits with IVA and CCAdj","Current Dollars","1932","Level","6",-798,"T11400","2026-06-11T11:27:48-0400"
"NIPA","T11400","A463RC",27,"Corporate profits with IVA and CCAdj","Current Dollars","1933","Level","6",-955,"T11400","2026-06-11T11:27:48-0400"
"NIPA","T11400","A463RC",27,"Corporate profits with IVA and CCAdj","Current Dollars","1934","Level","6",1935,"T11400","2026-06-11T11:27:48-0400"
"NIPA","T11400","A463RC",27,"Corporate profits with IVA and CCAdj","Current Dollars","1935","Level","6",3316,"T11400","2026-06-11T11:27:48-0400"
"NIPA","T11400","A463RC",27,"Corporate profits with IVA and CCAdj","Current Dollars","1936","Level","6",5263,"T11400","2026-06-11T11:27:48-0400"
"NIPA","T11400","A463RC",27,"Corporate profits with IVA and CCAdj","Current Dollars","1937","Level","6",5969,"T11400","2026-06-11T11:27:48-0400"
"NIPA","T11400","A463RC",27,"Corporate profits with IVA and CCAdj","Current Dollars","1938","Level","6",3792,"T11400","2026-06-11T11:27:48-0400"
"NIPA","T11400","A463RC",27,"Corporate profits with IVA and CCAdj","Current Dollars","1939","Level","6",5350,"T11400","2026-06-11T11:27:48-0400"
"NIPA","T11400","A463RC",27,"Corporate profits with IVA and CCAdj","Current Dollars","1940","Level","6",8545,"T11400","2026-06-11T11:27:48-0400"
"NIPA","T11400","A463RC",27,"Corporate profits with IVA and CCAdj","Current Dollars","1941","Level","6",14152,"T11400","2026-06-11T11:27:48-0400"
"NIPA","T11400","A463RC",27,"Corporate profits with IVA and CCAdj","Current Dollars","1942","Level","6",19203,"T11400","2026-06-11T11:27:48-0400"
"NIPA","T11400","A463RC",27,"Corporate profits with IVA and CCAdj","Current Dollars","1943","Level","6",23190,"T11400","2026-06-11T11:27:48-0400"
"NIPA","T11400","A463RC",27,"Corporate profits with IVA and CCAdj","Current Dollars","1944","Level","6",22957,"T11400","2026-06-11T11:27:48-0400"
"NIPA","T11400","A463RC",27,"Corporate profits with IVA and CCAdj","Current Dollars","1945","Level","6",18475,"T11400","2026-06-11T11:27:48-0400"
"NIPA","T11400","A463RC",27,"Corporate profits with IVA and CCAdj","Current Dollars","1946","Level","6",15506,"T11400","2026-06-11T11:27:48-0400"
"NIPA","T11400","A463RC",27,"Corporate profits with IVA and CCAdj","Current Dollars","1947","Level","6",21441,"T11400","2026-06-11T11:27:48-0400"
"NIPA","T11400","A463RC",27,"Corporate profits with IVA and CCAdj","Current Dollars","1948","Level","6",27614,"T11400","2026-06-11T11:27:48-0400"
"NIPA","T11400","A463RC",27,"Corporate profits with IVA and CCAdj","Current Dollars","1949","Level","6",24840,"T11400","2026-06-11T11:27:48-0400"
"NIPA","T11400","A463RC",27,"Corporate profits with IVA and CCAdj","Current Dollars","1950","Level","6",31735,"T11400","2026-06-11T11:27:48-0400"
"NIPA","T11400","A463RC",27,"Corporate profits with IVA and CCAdj","Current Dollars","1951","Level","6",36011,"T11400","2026-06-11T11:27:48-0400"
"NIPA","T11400","A463RC",27,"Corporate profits with IVA and CCAdj","Current Dollars","1952","Level","6",33654,"T11400","2026-06-11T11:27:48-0400"
"NIPA","T11400","A463RC",27,"Corporate profits with IVA and CCAdj","Current Dollars","1953","Level","6",33939,"T11400","2026-06-11T11:27:48-0400"
"NIPA","T11400","A463RC",27,"Corporate profits with IVA and CCAdj","Current Dollars","1954","Level","6",32676,"T11400","2026-06-11T11:27:48-0400"
"NIPA","T11400","A463RC",27,"Corporate profits with IVA and CCAdj","Current Dollars","1955","Level","6",42739,"T11400","2026-06-11T11:27:48-0400"
"NIPA","T11400","A463RC",27,"Corporate profits with IVA and CCAdj","Current Dollars","1956","Level","6",41437,"T11400","2026-06-11T11:27:48-0400"
"NIPA","T11400","A463RC",27,"Corporate profits with IVA and CCAdj","Current Dollars","1957","Level","6",40345,"T11400","2026-06-11T11:27:48-0400"
"NIPA","T11400","A463RC",27,"Corporate profits with IVA and CCAdj","Current Dollars","1958","Level","6",35217,"T11400","2026-06-11T11:27:48-0400"
"NIPA","T11400","A463RC",27,"Corporate profits with IVA and CCAdj","Current Dollars","1959","Level","6",45503,"T11400","2026-06-11T11:27:48-0400"
"NIPA","T11400","A463RC",27,"Corporate profits with IVA and CCAdj","Current Dollars","1960","Level","6",43335,"T11400","2026-06-11T11:27:48-0400"
"NIPA","T11400","A463RC",27,"Corporate profits with IVA and CCAdj","Current Dollars","1961","Level","6",44484,"T11400","2026-06-11T11:27:48-0400"
"NIPA","T11400","A463RC",27,"Corporate profits with IVA and CCAdj","Current Dollars","1962","Level","6",51810,"T11400","2026-06-11T11:27:48-0400"
"NIPA","T11400","A463RC",27,"Corporate profits with IVA and CCAdj","Current Dollars","1963","Level","6",58293,"T11400","2026-06-11T11:27:48-0400"
"NIPA","T11400","A463RC",27,"Corporate profits with IVA and CCAdj","Current Dollars","1964","Level","6",64566,"T11400","2026-06-11T11:27:48-0400"
"NIPA","T11400","A463RC",27,"Corporate profits with IVA and CCAdj","Current Dollars","1965","Level","6",75423,"T11400","2026-06-11T11:27:48-0400"
"NIPA","T11400","A463RC",27,"Corporate profits with IVA and CCAdj","Current Dollars","1966","Level","6",81063,"T11400","2026-06-11T11:27:48-0400"
"NIPA","T11400","A463RC",27,"Corporate profits with IVA and CCAdj","Current Dollars","1967","Level","6",78068,"T11400","2026-06-11T11:27:48-0400"
"NIPA","T11400","A463RC",27,"Corporate profits with IVA and CCAdj","Current Dollars","1968","Level","6",83364,"T11400","2026-06-11T11:27:48-0400"
"NIPA","T11400","A463RC",27,"Corporate profits with IVA and CCAdj","Current Dollars","1969","Level","6",78306,"T11400","2026-06-11T11:27:48-0400"
"NIPA","T11400","A463RC",27,"Corporate profits with IVA and CCAdj","Current Dollars","1970","Level","6",63863,"T11400","2026-06-11T11:27:48-0400"
"NIPA","T11400","A463RC",27,"Corporate profits with IVA and CCAdj","Current Dollars","1971","Level","6",75152,"T11400","2026-06-11T11:27:48-0400"
"NIPA","T11400","A463RC",27,"Corporate profits with IVA and CCAdj","Current Dollars","1972","Level","6",88311,"T11400","2026-06-11T11:27:48-0400"
"NIPA","T11400","A463RC",27,"Corporate profits with IVA and CCAdj","Current Dollars","1973","Level","6",97246,"T11400","2026-06-11T11:27:48-0400"
"NIPA","T11400","A463RC",27,"Corporate profits with IVA and CCAdj","Current Dollars","1974","Level","6",87413,"T11400","2026-06-11T11:27:48-0400"
"NIPA","T11400","A463RC",27,"Corporate profits with IVA and CCAdj","Current Dollars","1975","Level","6",104270,"T11400","2026-06-11T11:27:48-0400"
"NIPA","T11400","A463RC",27,"Corporate profits with IVA and CCAdj","Current Dollars","1976","Level","6",133045,"T11400","2026-06-11T11:27:48-0400"
"NIPA","T11400","A463RC",27,"Corporate profits with IVA and CCAdj","Current Dollars","1977","Level","6",155137,"T11400","2026-06-11T11:27:48-0400"
"NIPA","T11400","A463RC",27,"Corporate profits with IVA and CCAdj","Current Dollars","1978","Level","6",175752,"T11400","2026-06-11T11:27:48-0400"
"NIPA","T11400","A463RC",27,"Corporate profits with IVA and CCAdj","Current Dollars","1979","Level","6",174032,"T11400","2026-06-11T11:27:48-0400"
"NIPA","T11400","A463RC",27,"Corporate profits with IVA and CCAdj","Current Dollars","1980","Level","6",155658,"T11400","2026-06-11T11:27:48-0400"
"NIPA","T11400","A463RC",27,"Corporate profits with IVA and CCAdj","Current Dollars","1981","Level","6",189910,"T11400","2026-06-11T11:27:48-0400"
"NIPA","T11400","A463RC",27,"Corporate profits with IVA and CCAdj","Current Dollars","1982","Level","6",173273,"T11400","2026-06-11T11:27:48-0400"
"NIPA","T11400","A463RC",27,"Corporate profits with IVA and CCAdj","Current Dollars","1983","Level","6",210547,"T11400","2026-06-11T11:27:48-0400"
"NIPA","T11400","A463RC",27,"Corporate profits with IVA and CCAdj","Current Dollars","1984","Level","6",268913,"T11400","2026-06-11T11:27:48-0400"
"NIPA","T11400","A463RC",27,"Corporate profits with IVA and CCAdj","Current Dollars","1985","Level","6",271067,"T11400","2026-06-11T11:27:48-0400"
"NIPA","T11400","A463RC",27,"Corporate profits with IVA and CCAdj","Current Dollars","1986","Level","6",230205,"T11400","2026-06-11T11:27:48-0400"
"NIPA","T11400","A463RC",27,"Corporate profits with IVA and CCAdj","Current Dollars","1987","Level","6",259356,"T11400","2026-06-11T11:27:48-0400"
"NIPA","T11400","A463RC",27,"Corporate profits with IVA and CCAdj","Current Dollars","1988","Level","6",293957,"T11400","2026-06-11T11:27:48-0400"
"NIPA","T11400","A463RC",27,"Corporate profits with IVA and CCAdj","Current Dollars","1989","Level","6",274031,"T11400","2026-06-11T11:27:48-0400"
"NIPA","T11400","A463RC",27,"Corporate profits with IVA and CCAdj","Current Dollars","1990","Level","6",262476,"T11400","2026-06-11T11:27:48-0400"
"NIPA","T11400","A463RC",27,"Corporate profits with IVA and CCAdj","Current Dollars","1991","Level","6",268053,"T11400","2026-06-11T11:27:48-0400"
"NIPA","T11400","A463RC",27,"Corporate profits with IVA and CCAdj","Current Dollars","1992","Level","6",287059,"T11400","2026-06-11T11:27:48-0400"
"NIPA","T11400","A463RC",27,"Corporate profits with IVA and CCAdj","Current Dollars","1993","Level","6",341696,"T11400","2026-06-11T11:27:48-0400"
"NIPA","T11400","A463RC",27,"Corporate profits with IVA and CCAdj","Current Dollars","1994","Level","6",433190,"T11400","2026-06-11T11:27:48-0400"
"NIPA","T11400","A463RC",27,"Corporate profits with IVA and CCAdj","Current Dollars","1995","Level","6",480800,"T11400","2026-06-11T11:27:48-0400"
"NIPA","T11400","A463RC",27,"Corporate profits with IVA and CCAdj","Current Dollars","1996","Level","6",545529,"T11400","2026-06-11T11:27:48-0400"
"NIPA","T11400","A463RC",27,"Corporate profits with IVA and CCAdj","Current Dollars","1997","Level","6",596858,"T11400","2026-06-11T11:27:48-0400"
"NIPA","T11400","A463RC",27,"Corporate profits with IVA and CCAdj","Current Dollars","1998","Level","6",561964,"T11400","2026-06-11T11:27:48-0400"
"NIPA","T11400","A463RC",27,"Corporate profits with IVA and CCAdj","Current Dollars","1999","Level","6",550717,"T11400","2026-06-11T11:27:48-0400"
"NIPA","T11400","A463RC",27,"Corporate profits with IVA and CCAdj","Current Dollars","2000","Level","6",484479,"T11400","2026-06-11T11:27:48-0400"
"NIPA","T11400","A463RC",27,"Corporate profits with IVA and CCAdj","Current Dollars","2001","Level","6",385618,"T11400","2026-06-11T11:27:48-0400"
"NIPA","T11400","A463RC",27,"Corporate profits with IVA and CCAdj","Current Dollars","2002","Level","6",478705,"T11400","2026-06-11T11:27:48-0400"
"NIPA","T11400","A463RC",27,"Corporate profits with IVA and CCAdj","Current Dollars","2003","Level","6",594294,"T11400","2026-06-11T11:27:48-0400"
"NIPA","T11400","A463RC",27,"Corporate profits with IVA and CCAdj","Current Dollars","2004","Level","6",763740,"T11400","2026-06-11T11:27:48-0400"
"NIPA","T11400","A463RC",27,"Corporate profits with IVA and CCAdj","Current Dollars","2005","Level","6",903218,"T11400","2026-06-11T11:27:48-0400"
"NIPA","T11400","A463RC",27,"Corporate profits with IVA and CCAdj","Current Dollars","2006","Level","6",1046240,"T11400","2026-06-11T11:27:48-0400"
"NIPA","T11400","A463RC",27,"Corporate profits with IVA and CCAdj","Current Dollars","2007","Level","6",950818,"T11400","2026-06-11T11:27:48-0400"
"NIPA","T11400","A463RC",27,"Corporate profits with IVA and CCAdj","Current Dollars","2008","Level","6",845280,"T11400","2026-06-11T11:27:48-0400"
"NIPA","T11400","A463RC",27,"Corporate profits with IVA and CCAdj","Current Dollars","2009","Level","6",723962,"T11400","2026-06-11T11:27:48-0400"
"NIPA","T11400","A463RC",27,"Corporate profits with IVA and CCAdj","Current Dollars","2010","Level","6",983098,"T11400","2026-06-11T11:27:48-0400"
"NIPA","T11400","A463RC",27,"Corporate profits with IVA and CCAdj","Current Dollars","2011","Level","6",1062341,"T11400","2026-06-11T11:27:48-0400"
"NIPA","T11400","A463RC",27,"Corporate profits with IVA and CCAdj","Current Dollars","2012","Level","6",1182426,"T11400","2026-06-11T11:27:48-0400"
"NIPA","T11400","A463RC",27,"Corporate profits with IVA and CCAdj","Current Dollars","2013","Level","6",1249003,"T11400","2026-06-11T11:27:48-0400"
"NIPA","T11400","A463RC",27,"Corporate profits with IVA and CCAdj","Current Dollars","2014","Level","6",1318538,"T11400","2026-06-11T11:27:48-0400"
"NIPA","T11400","A463RC",27,"Corporate profits with IVA and CCAdj","Current Dollars","2015","Level","6",1314698,"T11400","2026-06-11T11:27:48-0400"
"NIPA","T11400","A463RC",27,"Corporate profits with IVA and CCAdj","Current Dollars","2016","Level","6",1254568,"T11400","2026-06-11T11:27:48-0400"
"NIPA","T11400","A463RC",27,"Corporate profits with IVA and CCAdj","Current Dollars","2017","Level","6",1263670,"T11400","2026-06-11T11:27:48-0400"
"NIPA","T11400","A463RC",27,"Corporate profits with IVA and CCAdj","Current Dollars","2018","Level","6",1379096,"T11400","2026-06-11T11:27:48-0400"
"NIPA","T11400","A463RC",27,"Corporate profits with IVA and CCAdj","Current Dollars","2019","Level","6",1399581,"T11400","2026-06-11T11:27:48-0400"
"NIPA","T11400","A463RC",27,"Corporate profits with IVA and CCAdj","Current Dollars","2020","Level","6",1497331,"T11400","2026-06-11T11:27:48-0400"
"NIPA","T11400","A463RC",27,"Corporate profits with IVA and CCAdj","Current Dollars","2021","Level","6",2106675,"T11400","2026-06-11T11:27:48-0400"
"NIPA","T11400","A463RC",27,"Corporate profits with IVA and CCAdj","Current Dollars","2022","Level","6",2309838,"T11400","2026-06-11T11:27:48-0400"
"NIPA","T11400","A463RC",27,"Corporate profits with IVA and CCAdj","Current Dollars","2023","Level","6",2561040,"T11400","2026-06-11T11:27:48-0400"
"NIPA","T11400","A463RC",27,"Corporate profits with IVA and CCAdj","Current Dollars","2024","Level","6",2646986,"T11400","2026-06-11T11:27:48-0400"
"NIPA","T11400","A463RC",27,"Corporate profits with IVA and CCAdj","Current Dollars","2025","Level","6",2733781,"T11400","2026-06-11T11:27:48-0400"
"NIPA","T11400","B465RC",28,"Taxes on corporate income","Current Dollars","1929","Level","6",1149,"T11400","2026-06-11T11:27:48-0400"
"NIPA","T11400","B465RC",28,"Taxes on corporate income","Current Dollars","1930","Level","6",740,"T11400","2026-06-11T11:27:48-0400"
"NIPA","T11400","B465RC",28,"Taxes on corporate income","Current Dollars","1931","Level","6",450,"T11400","2026-06-11T11:27:48-0400"
"NIPA","T11400","B465RC",28,"Taxes on corporate income","Current Dollars","1932","Level","6",345,"T11400","2026-06-11T11:27:48-0400"
"NIPA","T11400","B465RC",28,"Taxes on corporate income","Current Dollars","1933","Level","6",488,"T11400","2026-06-11T11:27:48-0400"
"NIPA","T11400","B465RC",28,"Taxes on corporate income","Current Dollars","1934","Level","6",681,"T11400","2026-06-11T11:27:48-0400"
"NIPA","T11400","B465RC",28,"Taxes on corporate income","Current Dollars","1935","Level","6",863,"T11400","2026-06-11T11:27:48-0400"
"NIPA","T11400","B465RC",28,"Taxes on corporate income","Current Dollars","1936","Level","6",1257,"T11400","2026-06-11T11:27:48-0400"
"NIPA","T11400","B465RC",28,"Taxes on corporate income","Current Dollars","1937","Level","6",1359,"T11400","2026-06-11T11:27:48-0400"
"NIPA","T11400","B465RC",28,"Taxes on corporate income","Current Dollars","1938","Level","6",912,"T11400","2026-06-11T11:27:48-0400"
"NIPA","T11400","B465RC",28,"Taxes on corporate income","Current Dollars","1939","Level","6",1330,"T11400","2026-06-11T11:27:48-0400"
"NIPA","T11400","B465RC",28,"Taxes on corporate income","Current Dollars","1940","Level","6",2675,"T11400","2026-06-11T11:27:48-0400"
"NIPA","T11400","B465RC",28,"Taxes on corporate income","Current Dollars","1941","Level","6",7352,"T11400","2026-06-11T11:27:48-0400"
"NIPA","T11400","B465RC",28,"Taxes on corporate income","Current Dollars","1942","Level","6",11112,"T11400","2026-06-11T11:27:48-0400"
"NIPA","T11400","B465RC",28,"Taxes on corporate income","Current Dollars","1943","Level","6",13732,"T11400","2026-06-11T11:27:48-0400"
"NIPA","T11400","B465RC",28,"Taxes on corporate income","Current Dollars","1944","Level","6",12557,"T11400","2026-06-11T11:27:48-0400"
"NIPA","T11400","B465RC",28,"Taxes on corporate income","Current Dollars","1945","Level","6",10184,"T11400","2026-06-11T11:27:48-0400"
"NIPA","T11400","B465RC",28,"Taxes on corporate income","Current Dollars","1946","Level","6",8573,"T11400","2026-06-11T11:27:48-0400"
"NIPA","T11400","B465RC",28,"Taxes on corporate income","Current Dollars","1947","Level","6",10777,"T11400","2026-06-11T11:27:48-0400"
"NIPA","T11400","B465RC",28,"Taxes on corporate income","Current Dollars","1948","Level","6",11681,"T11400","2026-06-11T11:27:48-0400"
"NIPA","T11400","B465RC",28,"Taxes on corporate income","Current Dollars","1949","Level","6",9262,"T11400","2026-06-11T11:27:48-0400"
"NIPA","T11400","B465RC",28,"Taxes on corporate income","Current Dollars","1950","Level","6",16764,"T11400","2026-06-11T11:27:48-0400"
"NIPA","T11400","B465RC",28,"Taxes on corporate income","Current Dollars","1951","Level","6",21104,"T11400","2026-06-11T11:27:48-0400"
"NIPA","T11400","B465RC",28,"Taxes on corporate income","Current Dollars","1952","Level","6",17677,"T11400","2026-06-11T11:27:48-0400"
"NIPA","T11400","B465RC",28,"Taxes on corporate income","Current Dollars","1953","Level","6",18369,"T11400","2026-06-11T11:27:48-0400"
"NIPA","T11400","B465RC",28,"Taxes on corporate income","Current Dollars","1954","Level","6",15528,"T11400","2026-06-11T11:27:48-0400"
"NIPA","T11400","B465RC",28,"Taxes on corporate income","Current Dollars","1955","Level","6",20115,"T11400","2026-06-11T11:27:48-0400"
"NIPA","T11400","B465RC",28,"Taxes on corporate income","Current Dollars","1956","Level","6",19919,"T11400","2026-06-11T11:27:48-0400"
"NIPA","T11400","B465RC",28,"Taxes on corporate income","Current Dollars","1957","Level","6",18981,"T11400","2026-06-11T11:27:48-0400"
"NIPA","T11400","B465RC",28,"Taxes on corporate income","Current Dollars","1958","Level","6",16064,"T11400","2026-06-11T11:27:48-0400"
"NIPA","T11400","B465RC",28,"Taxes on corporate income","Current Dollars","1959","Level","6",20682,"T11400","2026-06-11T11:27:48-0400"
"NIPA","T11400","B465RC",28,"Taxes on corporate income","Current Dollars","1960","Level","6",19142,"T11400","2026-06-11T11:27:48-0400"
"NIPA","T11400","B465RC",28,"Taxes on corporate income","Current Dollars","1961","Level","6",19419,"T11400","2026-06-11T11:27:48-0400"
"NIPA","T11400","B465RC",28,"Taxes on corporate income","Current Dollars","1962","Level","6",20591,"T11400","2026-06-11T11:27:48-0400"
"NIPA","T11400","B465RC",28,"Taxes on corporate income","Current Dollars","1963","Level","6",22754,"T11400","2026-06-11T11:27:48-0400"
"NIPA","T11400","B465RC",28,"Taxes on corporate income","Current Dollars","1964","Level","6",23888,"T11400","2026-06-11T11:27:48-0400"
"NIPA","T11400","B465RC",28,"Taxes on corporate income","Current Dollars","1965","Level","6",27137,"T11400","2026-06-11T11:27:48-0400"
"NIPA","T11400","B465RC",28,"Taxes on corporate income","Current Dollars","1966","Level","6",29492,"T11400","2026-06-11T11:27:48-0400"
"NIPA","T11400","B465RC",28,"Taxes on corporate income","Current Dollars","1967","Level","6",27828,"T11400","2026-06-11T11:27:48-0400"
"NIPA","T11400","B465RC",28,"Taxes on corporate income","Current Dollars","1968","Level","6",33534,"T11400","2026-06-11T11:27:48-0400"
"NIPA","T11400","B465RC",28,"Taxes on corporate income","Current Dollars","1969","Level","6",33344,"T11400","2026-06-11T11:27:48-0400"
"NIPA","T11400","B465RC",28,"Taxes on corporate income","Current Dollars","1970","Level","6",27286,"T11400","2026-06-11T11:27:48-0400"
"NIPA","T11400","B465RC",28,"Taxes on corporate income","Current Dollars","1971","Level","6",29995,"T11400","2026-06-11T11:27:48-0400"
"NIPA","T11400","B465RC",28,"Taxes on corporate income","Current Dollars","1972","Level","6",33795,"T11400","2026-06-11T11:27:48-0400"
"NIPA","T11400","B465RC",28,"Taxes on corporate income","Current Dollars","1973","Level","6",40409,"T11400","2026-06-11T11:27:48-0400"
"NIPA","T11400","B465RC",28,"Taxes on corporate income","Current Dollars","1974","Level","6",42849,"T11400","2026-06-11T11:27:48-0400"
"NIPA","T11400","B465RC",28,"Taxes on corporate income","Current Dollars","1975","Level","6",41908,"T11400","2026-06-11T11:27:48-0400"
"NIPA","T11400","B465RC",28,"Taxes on corporate income","Current Dollars","1976","Level","6",53495,"T11400","2026-06-11T11:27:48-0400"
"NIPA","T11400","B465RC",28,"Taxes on corporate income","Current Dollars","1977","Level","6",60578,"T11400","2026-06-11T11:27:48-0400"
"NIPA","T11400","B465RC",28,"Taxes on corporate income","Current Dollars","1978","Level","6",67556,"T11400","2026-06-11T11:27:48-0400"
"NIPA","T11400","B465RC",28,"Taxes on corporate income","Current Dollars","1979","Level","6",70619,"T11400","2026-06-11T11:27:48-0400"
"NIPA","T11400","B465RC",28,"Taxes on corporate income","Current Dollars","1980","Level","6",68203,"T11400","2026-06-11T11:27:48-0400"
"NIPA","T11400","B465RC",28,"Taxes on corporate income","Current Dollars","1981","Level","6",65994,"T11400","2026-06-11T11:27:48-0400"
"NIPA","T11400","B465RC",28,"Taxes on corporate income","Current Dollars","1982","Level","6",48763,"T11400","2026-06-11T11:27:48-0400"
"NIPA","T11400","B465RC",28,"Taxes on corporate income","Current Dollars","1983","Level","6",61721,"T11400","2026-06-11T11:27:48-0400"
"NIPA","T11400","B465RC",28,"Taxes on corporate income","Current Dollars","1984","Level","6",75940,"T11400","2026-06-11T11:27:48-0400"
"NIPA","T11400","B465RC",28,"Taxes on corporate income","Current Dollars","1985","Level","6",71083,"T11400","2026-06-11T11:27:48-0400"
"NIPA","T11400","B465RC",28,"Taxes on corporate income","Current Dollars","1986","Level","6",76238,"T11400","2026-06-11T11:27:48-0400"
"NIPA","T11400","B465RC",28,"Taxes on corporate income","Current Dollars","1987","Level","6",94230,"T11400","2026-06-11T11:27:48-0400"
"NIPA","T11400","B465RC",28,"Taxes on corporate income","Current Dollars","1988","Level","6",103953,"T11400","2026-06-11T11:27:48-0400"
"NIPA","T11400","B465RC",28,"Taxes on corporate income","Current Dollars","1989","Level","6",101208,"T11400","2026-06-11T11:27:48-0400"
"NIPA","T11400","B465RC",28,"Taxes on corporate income","Current Dollars","1990","Level","6",98453,"T11400","2026-06-11T11:27:48-0400"
"NIPA","T11400","B465RC",28,"Taxes on corporate income","Current Dollars","1991","Level","6",88598,"T11400","2026-06-11T11:27:48-0400"
"NIPA","T11400","B465RC",28,"Taxes on corporate income","Current Dollars","1992","Level","6",94429,"T11400","2026-06-11T11:27:48-0400"
"NIPA","T11400","B465RC",28,"Taxes on corporate income","Current Dollars","1993","Level","6",108041,"T11400","2026-06-11T11:27:48-0400"
"NIPA","T11400","B465RC",28,"Taxes on corporate income","Current Dollars","1994","Level","6",132356,"T11400","2026-06-11T11:27:48-0400"
"NIPA","T11400","B465RC",28,"Taxes on corporate income","Current Dollars","1995","Level","6",140323,"T11400","2026-06-11T11:27:48-0400"
"NIPA","T11400","B465RC",28,"Taxes on corporate income","Current Dollars","1996","Level","6",152928,"T11400","2026-06-11T11:27:48-0400"
"NIPA","T11400","B465RC",28,"Taxes on corporate income","Current Dollars","1997","Level","6",161359,"T11400","2026-06-11T11:27:48-0400"
"NIPA","T11400","B465RC",28,"Taxes on corporate income","Current Dollars","1998","Level","6",158668,"T11400","2026-06-11T11:27:48-0400"
"NIPA","T11400","B465RC",28,"Taxes on corporate income","Current Dollars","1999","Level","6",166463,"T11400","2026-06-11T11:27:48-0400"
"NIPA","T11400","B465RC",28,"Taxes on corporate income","Current Dollars","2000","Level","6",165085,"T11400","2026-06-11T11:27:48-0400"
"NIPA","T11400","B465RC",28,"Taxes on corporate income","Current Dollars","2001","Level","6",106211,"T11400","2026-06-11T11:27:48-0400"
"NIPA","T11400","B465RC",28,"Taxes on corporate income","Current Dollars","2002","Level","6",91076,"T11400","2026-06-11T11:27:48-0400"
"NIPA","T11400","B465RC",28,"Taxes on corporate income","Current Dollars","2003","Level","6",126492,"T11400","2026-06-11T11:27:48-0400"
"NIPA","T11400","B465RC",28,"Taxes on corporate income","Current Dollars","2004","Level","6",179234,"T11400","2026-06-11T11:27:48-0400"
"NIPA","T11400","B465RC",28,"Taxes on corporate income","Current Dollars","2005","Level","6",262541,"T11400","2026-06-11T11:27:48-0400"
"NIPA","T11400","B465RC",28,"Taxes on corporate income","Current Dollars","2006","Level","6",296082,"T11400","2026-06-11T11:27:48-0400"
"NIPA","T11400","B465RC",28,"Taxes on corporate income","Current Dollars","2007","Level","6",277620,"T11400","2026-06-11T11:27:48-0400"
"NIPA","T11400","B465RC",28,"Taxes on corporate income","Current Dollars","2008","Level","6",207206,"T11400","2026-06-11T11:27:48-0400"
"NIPA","T11400","B465RC",28,"Taxes on corporate income","Current Dollars","2009","Level","6",161436,"T11400","2026-06-11T11:27:48-0400"
"NIPA","T11400","B465RC",28,"Taxes on corporate income","Current Dollars","2010","Level","6",203784,"T11400","2026-06-11T11:27:48-0400"
"NIPA","T11400","B465RC",28,"Taxes on corporate income","Current Dollars","2011","Level","6",209219,"T11400","2026-06-11T11:27:48-0400"
"NIPA","T11400","B465RC",28,"Taxes on corporate income","Current Dollars","2012","Level","6",245803,"T11400","2026-06-11T11:27:48-0400"
"NIPA","T11400","B465RC",28,"Taxes on corporate income","Current Dollars","2013","Level","6",263956,"T11400","2026-06-11T11:27:48-0400"
"NIPA","T11400","B465RC",28,"Taxes on corporate income","Current Dollars","2014","Level","6",290629,"T11400","2026-06-11T11:27:48-0400"
"NIPA","T11400","B465RC",28,"Taxes on corporate income","Current Dollars","2015","Level","6",283948,"T11400","2026-06-11T11:27:48-0400"
"NIPA","T11400","B465RC",28,"Taxes on corporate income","Current Dollars","2016","Level","6",262059,"T11400","2026-06-11T11:27:48-0400"
"NIPA","T11400","B465RC",28,"Taxes on corporate income","Current Dollars","2017","Level","6",213815,"T11400","2026-06-11T11:27:48-0400"
"NIPA","T11400","B465RC",28,"Taxes on corporate income","Current Dollars","2018","Level","6",212944,"T11400","2026-06-11T11:27:48-0400"
"NIPA","T11400","B465RC",28,"Taxes on corporate income","Current Dollars","2019","Level","6",196788,"T11400","2026-06-11T11:27:48-0400"
"NIPA","T11400","B465RC",28,"Taxes on corporate income","Current Dollars","2020","Level","6",211997,"T11400","2026-06-11T11:27:48-0400"
"NIPA","T11400","B465RC",28,"Taxes on corporate income","Current Dollars","2021","Level","6",343781,"T11400","2026-06-11T11:27:48-0400"
"NIPA","T11400","B465RC",28,"Taxes on corporate income","Current Dollars","2022","Level","6",471821,"T11400","2026-06-11T11:27:48-0400"
"NIPA","T11400","B465RC",28,"Taxes on corporate income","Current Dollars","2023","Level","6",486859,"T11400","2026-06-11T11:27:48-0400"
"NIPA","T11400","B465RC",28,"Taxes on corporate income","Current Dollars","2024","Level","6",540201,"T11400","2026-06-11T11:27:48-0400"
"NIPA","T11400","B465RC",28,"Taxes on corporate income","Current Dollars","2025","Level","6",536966,"T11400","2026-06-11T11:27:48-0400"
"NIPA","T11400","W328RC",29,"Profits after tax with IVA and CCAdj","Current Dollars","1929","Level","6",7892,"T11400","2026-06-11T11:27:48-0400"
"NIPA","T11400","W328RC",29,"Profits after tax with IVA and CCAdj","Current Dollars","1930","Level","6",5953,"T11400","2026-06-11T11:27:48-0400"
"NIPA","T11400","W328RC",29,"Profits after tax with IVA and CCAdj","Current Dollars","1931","Level","6",1988,"T11400","2026-06-11T11:27:48-0400"
"NIPA","T11400","W328RC",29,"Profits after tax with IVA and CCAdj","Current Dollars","1932","Level","6",-1143,"T11400","2026-06-11T11:27:48-0400"
"NIPA","T11400","W328RC",29,"Profits after tax with IVA and CCAdj","Current Dollars","1933","Level","6",-1443,"T11400","2026-06-11T11:27:48-0400"
"NIPA","T11400","W328RC",29,"Profits after tax with IVA and CCAdj","Current Dollars","1934","Level","6",1254,"T11400","2026-06-11T11:27:48-0400"
"NIPA","T11400","W328RC",29,"Profits after tax with IVA and CCAdj","Current Dollars","1935","Level","6",2453,"T11400","2026-06-11T11:27:48-0400"
"NIPA","T11400","W328RC",29,"Profits after tax with IVA and CCAdj","Current Dollars","1936","Level","6",4006,"T11400","2026-06-11T11:27:48-0400"
"NIPA","T11400","W328RC",29,"Profits after tax with IVA and CCAdj","Current Dollars","1937","Level","6",4610,"T11400","2026-06-11T11:27:48-0400"
"NIPA","T11400","W328RC",29,"Profits after tax with IVA and CCAdj","Current Dollars","1938","Level","6",2880,"T11400","2026-06-11T11:27:48-0400"
"NIPA","T11400","W328RC",29,"Profits after tax with IVA and CCAdj","Current Dollars","1939","Level","6",4020,"T11400","2026-06-11T11:27:48-0400"
"NIPA","T11400","W328RC",29,"Profits after tax with IVA and CCAdj","Current Dollars","1940","Level","6",5870,"T11400","2026-06-11T11:27:48-0400"
"NIPA","T11400","W328RC",29,"Profits after tax with IVA and CCAdj","Current Dollars","1941","Level","6",6800,"T11400","2026-06-11T11:27:48-0400"
"NIPA","T11400","W328RC",29,"Profits after tax with IVA and CCAdj","Current Dollars","1942","Level","6",8091,"T11400","2026-06-11T11:27:48-0400"
"NIPA","T11400","W328RC",29,"Profits after tax with IVA and CCAdj","Current Dollars","1943","Level","6",9458,"T11400","2026-06-11T11:27:48-0400"
"NIPA","T11400","W328RC",29,"Profits after tax with IVA and CCAdj","Current Dollars","1944","Level","6",10400,"T11400","2026-06-11T11:27:48-0400"
"NIPA","T11400","W328RC",29,"Profits after tax with IVA and CCAdj","Current Dollars","1945","Level","6",8291,"T11400","2026-06-11T11:27:48-0400"
"NIPA","T11400","W328RC",29,"Profits after tax with IVA and CCAdj","Current Dollars","1946","Level","6",6933,"T11400","2026-06-11T11:27:48-0400"
"NIPA","T11400","W328RC",29,"Profits after tax with IVA and CCAdj","Current Dollars","1947","Level","6",10664,"T11400","2026-06-11T11:27:48-0400"
"NIPA","T11400","W328RC",29,"Profits after tax with IVA and CCAdj","Current Dollars","1948","Level","6",15933,"T11400","2026-06-11T11:27:48-0400"
"NIPA","T11400","W328RC",29,"Profits after tax with IVA and CCAdj","Current Dollars","1949","Level","6",15578,"T11400","2026-06-11T11:27:48-0400"
"NIPA","T11400","W328RC",29,"Profits after tax with IVA and CCAdj","Current Dollars","1950","Level","6",14971,"T11400","2026-06-11T11:27:48-0400"
"NIPA","T11400","W328RC",29,"Profits after tax with IVA and CCAdj","Current Dollars","1951","Level","6",14907,"T11400","2026-06-11T11:27:48-0400"
"NIPA","T11400","W328RC",29,"Profits after tax with IVA and CCAdj","Current Dollars","1952","Level","6",15977,"T11400","2026-06-11T11:27:48-0400"
"NIPA","T11400","W328RC",29,"Profits after tax with IVA and CCAdj","Current Dollars","1953","Level","6",15570,"T11400","2026-06-11T11:27:48-0400"
"NIPA","T11400","W328RC",29,"Profits after tax with IVA and CCAdj","Current Dollars","1954","Level","6",17148,"T11400","2026-06-11T11:27:48-0400"
"NIPA","T11400","W328RC",29,"Profits after tax with IVA and CCAdj","Current Dollars","1955","Level","6",22624,"T11400","2026-06-11T11:27:48-0400"
"NIPA","T11400","W328RC",29,"Profits after tax with IVA and CCAdj","Current Dollars","1956","Level","6",21518,"T11400","2026-06-11T11:27:48-0400"
"NIPA","T11400","W328RC",29,"Profits after tax with IVA and CCAdj","Current Dollars","1957","Level","6",21364,"T11400","2026-06-11T11:27:48-0400"
"NIPA","T11400","W328RC",29,"Profits after tax with IVA and CCAdj","Current Dollars","1958","Level","6",19153,"T11400","2026-06-11T11:27:48-0400"
"NIPA","T11400","W328RC",29,"Profits after tax with IVA and CCAdj","Current Dollars","1959","Level","6",24821,"T11400","2026-06-11T11:27:48-0400"
"NIPA","T11400","W328RC",29,"Profits after tax with IVA and CCAdj","Current Dollars","1960","Level","6",24193,"T11400","2026-06-11T11:27:48-0400"
"NIPA","T11400","W328RC",29,"Profits after tax with IVA and CCAdj","Current Dollars","1961","Level","6",25065,"T11400","2026-06-11T11:27:48-0400"
"NIPA","T11400","W328RC",29,"Profits after tax with IVA and CCAdj","Current Dollars","1962","Level","6",31219,"T11400","2026-06-11T11:27:48-0400"
"NIPA","T11400","W328RC",29,"Profits after tax with IVA and CCAdj","Current Dollars","1963","Level","6",35539,"T11400","2026-06-11T11:27:48-0400"
"NIPA","T11400","W328RC",29,"Profits after tax with IVA and CCAdj","Current Dollars","1964","Level","6",40678,"T11400","2026-06-11T11:27:48-0400"
"NIPA","T11400","W328RC",29,"Profits after tax with IVA and CCAdj","Current Dollars","1965","Level","6",48286,"T11400","2026-06-11T11:27:48-0400"
"NIPA","T11400","W328RC",29,"Profits after tax with IVA and CCAdj","Current Dollars","1966","Level","6",51571,"T11400","2026-06-11T11:27:48-0400"
"NIPA","T11400","W328RC",29,"Profits after tax with IVA and CCAdj","Current Dollars","1967","Level","6",50240,"T11400","2026-06-11T11:27:48-0400"
"NIPA","T11400","W328RC",29,"Profits after tax with IVA and CCAdj","Current Dollars","1968","Level","6",49830,"T11400","2026-06-11T11:27:48-0400"
"NIPA","T11400","W328RC",29,"Profits after tax with IVA and CCAdj","Current Dollars","1969","Level","6",44962,"T11400","2026-06-11T11:27:48-0400"
"NIPA","T11400","W328RC",29,"Profits after tax with IVA and CCAdj","Current Dollars","1970","Level","6",36577,"T11400","2026-06-11T11:27:48-0400"
"NIPA","T11400","W328RC",29,"Profits after tax with IVA and CCAdj","Current Dollars","1971","Level","6",45157,"T11400","2026-06-11T11:27:48-0400"
"NIPA","T11400","W328RC",29,"Profits after tax with IVA and CCAdj","Current Dollars","1972","Level","6",54516,"T11400","2026-06-11T11:27:48-0400"
"NIPA","T11400","W328RC",29,"Profits after tax with IVA and CCAdj","Current Dollars","1973","Level","6",56837,"T11400","2026-06-11T11:27:48-0400"
"NIPA","T11400","W328RC",29,"Profits after tax with IVA and CCAdj","Current Dollars","1974","Level","6",44564,"T11400","2026-06-11T11:27:48-0400"
"NIPA","T11400","W328RC",29,"Profits after tax with IVA and CCAdj","Current Dollars","1975","Level","6",62362,"T11400","2026-06-11T11:27:48-0400"
"NIPA","T11400","W328RC",29,"Profits after tax with IVA and CCAdj","Current Dollars","1976","Level","6",79550,"T11400","2026-06-11T11:27:48-0400"
"NIPA","T11400","W328RC",29,"Profits after tax with IVA and CCAdj","Current Dollars","1977","Level","6",94559,"T11400","2026-06-11T11:27:48-0400"
"NIPA","T11400","W328RC",29,"Profits after tax with IVA and CCAdj","Current Dollars","1978","Level","6",108196,"T11400","2026-06-11T11:27:48-0400"
"NIPA","T11400","W328RC",29,"Profits after tax with IVA and CCAdj","Current Dollars","1979","Level","6",103413,"T11400","2026-06-11T11:27:48-0400"
"NIPA","T11400","W328RC",29,"Profits after tax with IVA and CCAdj","Current Dollars","1980","Level","6",87455,"T11400","2026-06-11T11:27:48-0400"
"NIPA","T11400","W328RC",29,"Profits after tax with IVA and CCAdj","Current Dollars","1981","Level","6",123916,"T11400","2026-06-11T11:27:48-0400"
"NIPA","T11400","W328RC",29,"Profits after tax with IVA and CCAdj","Current Dollars","1982","Level","6",124510,"T11400","2026-06-11T11:27:48-0400"
"NIPA","T11400","W328RC",29,"Profits after tax with IVA and CCAdj","Current Dollars","1983","Level","6",148826,"T11400","2026-06-11T11:27:48-0400"
"NIPA","T11400","W328RC",29,"Profits after tax with IVA and CCAdj","Current Dollars","1984","Level","6",192973,"T11400","2026-06-11T11:27:48-0400"
"NIPA","T11400","W328RC",29,"Profits after tax with IVA and CCAdj","Current Dollars","1985","Level","6",199984,"T11400","2026-06-11T11:27:48-0400"
"NIPA","T11400","W328RC",29,"Profits after tax with IVA and CCAdj","Current Dollars","1986","Level","6",153967,"T11400","2026-06-11T11:27:48-0400"
"NIPA","T11400","W328RC",29,"Profits after tax with IVA and CCAdj","Current Dollars","1987","Level","6",165126,"T11400","2026-06-11T11:27:48-0400"
"NIPA","T11400","W328RC",29,"Profits after tax with IVA and CCAdj","Current Dollars","1988","Level","6",190004,"T11400","2026-06-11T11:27:48-0400"
"NIPA","T11400","W328RC",29,"Profits after tax with IVA and CCAdj","Current Dollars","1989","Level","6",172823,"T11400","2026-06-11T11:27:48-0400"
"NIPA","T11400","W328RC",29,"Profits after tax with IVA and CCAdj","Current Dollars","1990","Level","6",164023,"T11400","2026-06-11T11:27:48-0400"
"NIPA","T11400","W328RC",29,"Profits after tax with IVA and CCAdj","Current Dollars","1991","Level","6",179455,"T11400","2026-06-11T11:27:48-0400"
"NIPA","T11400","W328RC",29,"Profits after tax with IVA and CCAdj","Current Dollars","1992","Level","6",192629,"T11400","2026-06-11T11:27:48-0400"
"NIPA","T11400","W328RC",29,"Profits after tax with IVA and CCAdj","Current Dollars","1993","Level","6",233655,"T11400","2026-06-11T11:27:48-0400"
"NIPA","T11400","W328RC",29,"Profits after tax with IVA and CCAdj","Current Dollars","1994","Level","6",300834,"T11400","2026-06-11T11:27:48-0400"
"NIPA","T11400","W328RC",29,"Profits after tax with IVA and CCAdj","Current Dollars","1995","Level","6",340477,"T11400","2026-06-11T11:27:48-0400"
"NIPA","T11400","W328RC",29,"Profits after tax with IVA and CCAdj","Current Dollars","1996","Level","6",392601,"T11400","2026-06-11T11:27:48-0400"
"NIPA","T11400","W328RC",29,"Profits after tax with IVA and CCAdj","Current Dollars","1997","Level","6",435499,"T11400","2026-06-11T11:27:48-0400"
"NIPA","T11400","W328RC",29,"Profits after tax with IVA and CCAdj","Current Dollars","1998","Level","6",403296,"T11400","2026-06-11T11:27:48-0400"
"NIPA","T11400","W328RC",29,"Profits after tax with IVA and CCAdj","Current Dollars","1999","Level","6",384253,"T11400","2026-06-11T11:27:48-0400"
"NIPA","T11400","W328RC",29,"Profits after tax with IVA and CCAdj","Current Dollars","2000","Level","6",319394,"T11400","2026-06-11T11:27:48-0400"
"NIPA","T11400","W328RC",29,"Profits after tax with IVA and CCAdj","Current Dollars","2001","Level","6",279407,"T11400","2026-06-11T11:27:48-0400"
"NIPA","T11400","W328RC",29,"Profits after tax with IVA and CCAdj","Current Dollars","2002","Level","6",387629,"T11400","2026-06-11T11:27:48-0400"
"NIPA","T11400","W328RC",29,"Profits after tax with IVA and CCAdj","Current Dollars","2003","Level","6",467801,"T11400","2026-06-11T11:27:48-0400"
"NIPA","T11400","W328RC",29,"Profits after tax with IVA and CCAdj","Current Dollars","2004","Level","6",584506,"T11400","2026-06-11T11:27:48-0400"
"NIPA","T11400","W328RC",29,"Profits after tax with IVA and CCAdj","Current Dollars","2005","Level","6",640677,"T11400","2026-06-11T11:27:48-0400"
"NIPA","T11400","W328RC",29,"Profits after tax with IVA and CCAdj","Current Dollars","2006","Level","6",750159,"T11400","2026-06-11T11:27:48-0400"
"NIPA","T11400","W328RC",29,"Profits after tax with IVA and CCAdj","Current Dollars","2007","Level","6",673199,"T11400","2026-06-11T11:27:48-0400"
"NIPA","T11400","W328RC",29,"Profits after tax with IVA and CCAdj","Current Dollars","2008","Level","6",638075,"T11400","2026-06-11T11:27:48-0400"
"NIPA","T11400","W328RC",29,"Profits after tax with IVA and CCAdj","Current Dollars","2009","Level","6",562526,"T11400","2026-06-11T11:27:48-0400"
"NIPA","T11400","W328RC",29,"Profits after tax with IVA and CCAdj","Current Dollars","2010","Level","6",779315,"T11400","2026-06-11T11:27:48-0400"
"NIPA","T11400","W328RC",29,"Profits after tax with IVA and CCAdj","Current Dollars","2011","Level","6",853122,"T11400","2026-06-11T11:27:48-0400"
"NIPA","T11400","W328RC",29,"Profits after tax with IVA and CCAdj","Current Dollars","2012","Level","6",936623,"T11400","2026-06-11T11:27:48-0400"
"NIPA","T11400","W328RC",29,"Profits after tax with IVA and CCAdj","Current Dollars","2013","Level","6",985047,"T11400","2026-06-11T11:27:48-0400"
"NIPA","T11400","W328RC",29,"Profits after tax with IVA and CCAdj","Current Dollars","2014","Level","6",1027909,"T11400","2026-06-11T11:27:48-0400"
"NIPA","T11400","W328RC",29,"Profits after tax with IVA and CCAdj","Current Dollars","2015","Level","6",1030750,"T11400","2026-06-11T11:27:48-0400"
"NIPA","T11400","W328RC",29,"Profits after tax with IVA and CCAdj","Current Dollars","2016","Level","6",992509,"T11400","2026-06-11T11:27:48-0400"
"NIPA","T11400","W328RC",29,"Profits after tax with IVA and CCAdj","Current Dollars","2017","Level","6",1049855,"T11400","2026-06-11T11:27:48-0400"
"NIPA","T11400","W328RC",29,"Profits after tax with IVA and CCAdj","Current Dollars","2018","Level","6",1166151,"T11400","2026-06-11T11:27:48-0400"
"NIPA","T11400","W328RC",29,"Profits after tax with IVA and CCAdj","Current Dollars","2019","Level","6",1202793,"T11400","2026-06-11T11:27:48-0400"
"NIPA","T11400","W328RC",29,"Profits after tax with IVA and CCAdj","Current Dollars","2020","Level","6",1285334,"T11400","2026-06-11T11:27:48-0400"
"NIPA","T11400","W328RC",29,"Profits after tax with IVA and CCAdj","Current Dollars","2021","Level","6",1762893,"T11400","2026-06-11T11:27:48-0400"
"NIPA","T11400","W328RC",29,"Profits after tax with IVA and CCAdj","Current Dollars","2022","Level","6",1838017,"T11400","2026-06-11T11:27:48-0400"
"NIPA","T11400","W328RC",29,"Profits after tax with IVA and CCAdj","Current Dollars","2023","Level","6",2074181,"T11400","2026-06-11T11:27:48-0400"
"NIPA","T11400","W328RC",29,"Profits after tax with IVA and CCAdj","Current Dollars","2024","Level","6",2106785,"T11400","2026-06-11T11:27:48-0400"
"NIPA","T11400","W328RC",29,"Profits after tax with IVA and CCAdj","Current Dollars","2025","Level","6",2196815,"T11400","2026-06-11T11:27:48-0400"
"NIPA","T11400","B467RC",30,"Net dividends","Current Dollars","1929","Level","6",5077,"T11400","2026-06-11T11:27:48-0400"
"NIPA","T11400","B467RC",30,"Net dividends","Current Dollars","1930","Level","6",4957,"T11400","2026-06-11T11:27:48-0400"
"NIPA","T11400","B467RC",30,"Net dividends","Current Dollars","1931","Level","6",3757,"T11400","2026-06-11T11:27:48-0400"
"NIPA","T11400","B467RC",30,"Net dividends","Current Dollars","1932","Level","6",2396,"T11400","2026-06-11T11:27:48-0400"
"NIPA","T11400","B467RC",30,"Net dividends","Current Dollars","1933","Level","6",1981,"T11400","2026-06-11T11:27:48-0400"
"NIPA","T11400","B467RC",30,"Net dividends","Current Dollars","1934","Level","6",2677,"T11400","2026-06-11T11:27:48-0400"
"NIPA","T11400","B467RC",30,"Net dividends","Current Dollars","1935","Level","6",3170,"T11400","2026-06-11T11:27:48-0400"
"NIPA","T11400","B467RC",30,"Net dividends","Current Dollars","1936","Level","6",4298,"T11400","2026-06-11T11:27:48-0400"
"NIPA","T11400","B467RC",30,"Net dividends","Current Dollars","1937","Level","6",4424,"T11400","2026-06-11T11:27:48-0400"
"NIPA","T11400","B467RC",30,"Net dividends","Current Dollars","1938","Level","6",2745,"T11400","2026-06-11T11:27:48-0400"
"NIPA","T11400","B467RC",30,"Net dividends","Current Dollars","1939","Level","6",3425,"T11400","2026-06-11T11:27:48-0400"
"NIPA","T11400","B467RC",30,"Net dividends","Current Dollars","1940","Level","6",3710,"T11400","2026-06-11T11:27:48-0400"
"NIPA","T11400","B467RC",30,"Net dividends","Current Dollars","1941","Level","6",4144,"T11400","2026-06-11T11:27:48-0400"
"NIPA","T11400","B467RC",30,"Net dividends","Current Dollars","1942","Level","6",3761,"T11400","2026-06-11T11:27:48-0400"
"NIPA","T11400","B467RC",30,"Net dividends","Current Dollars","1943","Level","6",3943,"T11400","2026-06-11T11:27:48-0400"
"NIPA","T11400","B467RC",30,"Net dividends","Current Dollars","1944","Level","6",4055,"T11400","2026-06-11T11:27:48-0400"
"NIPA","T11400","B467RC",30,"Net dividends","Current Dollars","1945","Level","6",4068,"T11400","2026-06-11T11:27:48-0400"
"NIPA","T11400","B467RC",30,"Net dividends","Current Dollars","1946","Level","6",4856,"T11400","2026-06-11T11:27:48-0400"
"NIPA","T11400","B467RC",30,"Net dividends","Current Dollars","1947","Level","6",5359,"T11400","2026-06-11T11:27:48-0400"
"NIPA","T11400","B467RC",30,"Net dividends","Current Dollars","1948","Level","6",5877,"T11400","2026-06-11T11:27:48-0400"
"NIPA","T11400","B467RC",30,"Net dividends","Current Dollars","1949","Level","6",6040,"T11400","2026-06-11T11:27:48-0400"
"NIPA","T11400","B467RC",30,"Net dividends","Current Dollars","1950","Level","6",7375,"T11400","2026-06-11T11:27:48-0400"
"NIPA","T11400","B467RC",30,"Net dividends","Current Dollars","1951","Level","6",7042,"T11400","2026-06-11T11:27:48-0400"
"NIPA","T11400","B467RC",30,"Net dividends","Current Dollars","1952","Level","6",7053,"T11400","2026-06-11T11:27:48-0400"
"NIPA","T11400","B467RC",30,"Net dividends","Current Dollars","1953","Level","6",7243,"T11400","2026-06-11T11:27:48-0400"
"NIPA","T11400","B467RC",30,"Net dividends","Current Dollars","1954","Level","6",7357,"T11400","2026-06-11T11:27:48-0400"
"NIPA","T11400","B467RC",30,"Net dividends","Current Dollars","1955","Level","6",8415,"T11400","2026-06-11T11:27:48-0400"
"NIPA","T11400","B467RC",30,"Net dividends","Current Dollars","1956","Level","6",9007,"T11400","2026-06-11T11:27:48-0400"
"NIPA","T11400","B467RC",30,"Net dividends","Current Dollars","1957","Level","6",9226,"T11400","2026-06-11T11:27:48-0400"
"NIPA","T11400","B467RC",30,"Net dividends","Current Dollars","1958","Level","6",9115,"T11400","2026-06-11T11:27:48-0400"
"NIPA","T11400","B467RC",30,"Net dividends","Current Dollars","1959","Level","6",9816,"T11400","2026-06-11T11:27:48-0400"
"NIPA","T11400","B467RC",30,"Net dividends","Current Dollars","1960","Level","6",10455,"T11400","2026-06-11T11:27:48-0400"
"NIPA","T11400","B467RC",30,"Net dividends","Current Dollars","1961","Level","6",10576,"T11400","2026-06-11T11:27:48-0400"
"NIPA","T11400","B467RC",30,"Net dividends","Current Dollars","1962","Level","6",11590,"T11400","2026-06-11T11:27:48-0400"
"NIPA","T11400","B467RC",30,"Net dividends","Current Dollars","1963","Level","6",12444,"T11400","2026-06-11T11:27:48-0400"
"NIPA","T11400","B467RC",30,"Net dividends","Current Dollars","1964","Level","6",13996,"T11400","2026-06-11T11:27:48-0400"
"NIPA","T11400","B467RC",30,"Net dividends","Current Dollars","1965","Level","6",16195,"T11400","2026-06-11T11:27:48-0400"
"NIPA","T11400","B467RC",30,"Net dividends","Current Dollars","1966","Level","6",16751,"T11400","2026-06-11T11:27:48-0400"
"NIPA","T11400","B467RC",30,"Net dividends","Current Dollars","1967","Level","6",17273,"T11400","2026-06-11T11:27:48-0400"
"NIPA","T11400","B467RC",30,"Net dividends","Current Dollars","1968","Level","6",19038,"T11400","2026-06-11T11:27:48-0400"
"NIPA","T11400","B467RC",30,"Net dividends","Current Dollars","1969","Level","6",19026,"T11400","2026-06-11T11:27:48-0400"
"NIPA","T11400","B467RC",30,"Net dividends","Current Dollars","1970","Level","6",18295,"T11400","2026-06-11T11:27:48-0400"
"NIPA","T11400","B467RC",30,"Net dividends","Current Dollars","1971","Level","6",18145,"T11400","2026-06-11T11:27:48-0400"
"NIPA","T11400","B467RC",30,"Net dividends","Current Dollars","1972","Level","6",19672,"T11400","2026-06-11T11:27:48-0400"
"NIPA","T11400","B467RC",30,"Net dividends","Current Dollars","1973","Level","6",20750,"T11400","2026-06-11T11:27:48-0400"
"NIPA","T11400","B467RC",30,"Net dividends","Current Dollars","1974","Level","6",21532,"T11400","2026-06-11T11:27:48-0400"
"NIPA","T11400","B467RC",30,"Net dividends","Current Dollars","1975","Level","6",24571,"T11400","2026-06-11T11:27:48-0400"
"NIPA","T11400","B467RC",30,"Net dividends","Current Dollars","1976","Level","6",27775,"T11400","2026-06-11T11:27:48-0400"
"NIPA","T11400","B467RC",30,"Net dividends","Current Dollars","1977","Level","6",30911,"T11400","2026-06-11T11:27:48-0400"
"NIPA","T11400","B467RC",30,"Net dividends","Current Dollars","1978","Level","6",35926,"T11400","2026-06-11T11:27:48-0400"
"NIPA","T11400","B467RC",30,"Net dividends","Current Dollars","1979","Level","6",37639,"T11400","2026-06-11T11:27:48-0400"
"NIPA","T11400","B467RC",30,"Net dividends","Current Dollars","1980","Level","6",44651,"T11400","2026-06-11T11:27:48-0400"
"NIPA","T11400","B467RC",30,"Net dividends","Current Dollars","1981","Level","6",52502,"T11400","2026-06-11T11:27:48-0400"
"NIPA","T11400","B467RC",30,"Net dividends","Current Dollars","1982","Level","6",54057,"T11400","2026-06-11T11:27:48-0400"
"NIPA","T11400","B467RC",30,"Net dividends","Current Dollars","1983","Level","6",63249,"T11400","2026-06-11T11:27:48-0400"
"NIPA","T11400","B467RC",30,"Net dividends","Current Dollars","1984","Level","6",67204,"T11400","2026-06-11T11:27:48-0400"
"NIPA","T11400","B467RC",30,"Net dividends","Current Dollars","1985","Level","6",72006,"T11400","2026-06-11T11:27:48-0400"
"NIPA","T11400","B467RC",30,"Net dividends","Current Dollars","1986","Level","6",72854,"T11400","2026-06-11T11:27:48-0400"
"NIPA","T11400","B467RC",30,"Net dividends","Current Dollars","1987","Level","6",76251,"T11400","2026-06-11T11:27:48-0400"
"NIPA","T11400","B467RC",30,"Net dividends","Current Dollars","1988","Level","6",82165,"T11400","2026-06-11T11:27:48-0400"
"NIPA","T11400","B467RC",30,"Net dividends","Current Dollars","1989","Level","6",105361,"T11400","2026-06-11T11:27:48-0400"
"NIPA","T11400","B467RC",30,"Net dividends","Current Dollars","1990","Level","6",118299,"T11400","2026-06-11T11:27:48-0400"
"NIPA","T11400","B467RC",30,"Net dividends","Current Dollars","1991","Level","6",125492,"T11400","2026-06-11T11:27:48-0400"
"NIPA","T11400","B467RC",30,"Net dividends","Current Dollars","1992","Level","6",134266,"T11400","2026-06-11T11:27:48-0400"
"NIPA","T11400","B467RC",30,"Net dividends","Current Dollars","1993","Level","6",149182,"T11400","2026-06-11T11:27:48-0400"
"NIPA","T11400","B467RC",30,"Net dividends","Current Dollars","1994","Level","6",157976,"T11400","2026-06-11T11:27:48-0400"
"NIPA","T11400","B467RC",30,"Net dividends","Current Dollars","1995","Level","6",178025,"T11400","2026-06-11T11:27:48-0400"
"NIPA","T11400","B467RC",30,"Net dividends","Current Dollars","1996","Level","6",197550,"T11400","2026-06-11T11:27:48-0400"
"NIPA","T11400","B467RC",30,"Net dividends","Current Dollars","1997","Level","6",215946,"T11400","2026-06-11T11:27:48-0400"
"NIPA","T11400","B467RC",30,"Net dividends","Current Dollars","1998","Level","6",241033,"T11400","2026-06-11T11:27:48-0400"
"NIPA","T11400","B467RC",30,"Net dividends","Current Dollars","1999","Level","6",224667,"T11400","2026-06-11T11:27:48-0400"
"NIPA","T11400","B467RC",30,"Net dividends","Current Dollars","2000","Level","6",251327,"T11400","2026-06-11T11:27:48-0400"
"NIPA","T11400","B467RC",30,"Net dividends","Current Dollars","2001","Level","6",245419,"T11400","2026-06-11T11:27:48-0400"
"NIPA","T11400","B467RC",30,"Net dividends","Current Dollars","2002","Level","6",254719,"T11400","2026-06-11T11:27:48-0400"
"NIPA","T11400","B467RC",30,"Net dividends","Current Dollars","2003","Level","6",294880,"T11400","2026-06-11T11:27:48-0400"
"NIPA","T11400","B467RC",30,"Net dividends","Current Dollars","2004","Level","6",367055,"T11400","2026-06-11T11:27:48-0400"
"NIPA","T11400","B467RC",30,"Net dividends","Current Dollars","2005","Level","6",175995,"T11400","2026-06-11T11:27:48-0400"
"NIPA","T11400","B467RC",30,"Net dividends","Current Dollars","2006","Level","6",472789,"T11400","2026-06-11T11:27:48-0400"
"NIPA","T11400","B467RC",30,"Net dividends","Current Dollars","2007","Level","6",483318,"T11400","2026-06-11T11:27:48-0400"
"NIPA","T11400","B467RC",30,"Net dividends","Current Dollars","2008","Level","6",491168,"T11400","2026-06-11T11:27:48-0400"
"NIPA","T11400","B467RC",30,"Net dividends","Current Dollars","2009","Level","6",367793,"T11400","2026-06-11T11:27:48-0400"
"NIPA","T11400","B467RC",30,"Net dividends","Current Dollars","2010","Level","6",382167,"T11400","2026-06-11T11:27:48-0400"
"NIPA","T11400","B467RC",30,"Net dividends","Current Dollars","2011","Level","6",460831,"T11400","2026-06-11T11:27:48-0400"
"NIPA","T11400","B467RC",30,"Net dividends","Current Dollars","2012","Level","6",539890,"T11400","2026-06-11T11:27:48-0400"
"NIPA","T11400","B467RC",30,"Net dividends","Current Dollars","2013","Level","6",550095,"T11400","2026-06-11T11:27:48-0400"
"NIPA","T11400","B467RC",30,"Net dividends","Current Dollars","2014","Level","6",626369,"T11400","2026-06-11T11:27:48-0400"
"NIPA","T11400","B467RC",30,"Net dividends","Current Dollars","2015","Level","6",683656,"T11400","2026-06-11T11:27:48-0400"
"NIPA","T11400","B467RC",30,"Net dividends","Current Dollars","2016","Level","6",729527,"T11400","2026-06-11T11:27:48-0400"
"NIPA","T11400","B467RC",30,"Net dividends","Current Dollars","2017","Level","6",769578,"T11400","2026-06-11T11:27:48-0400"
"NIPA","T11400","B467RC",30,"Net dividends","Current Dollars","2018","Level","6",282406,"T11400","2026-06-11T11:27:48-0400"
"NIPA","T11400","B467RC",30,"Net dividends","Current Dollars","2019","Level","6",667792,"T11400","2026-06-11T11:27:48-0400"
"NIPA","T11400","B467RC",30,"Net dividends","Current Dollars","2020","Level","6",828245,"T11400","2026-06-11T11:27:48-0400"
"NIPA","T11400","B467RC",30,"Net dividends","Current Dollars","2021","Level","6",1158014,"T11400","2026-06-11T11:27:48-0400"
"NIPA","T11400","B467RC",30,"Net dividends","Current Dollars","2022","Level","6",1268698,"T11400","2026-06-11T11:27:48-0400"
"NIPA","T11400","B467RC",30,"Net dividends","Current Dollars","2023","Level","6",1385640,"T11400","2026-06-11T11:27:48-0400"
"NIPA","T11400","B467RC",30,"Net dividends","Current Dollars","2024","Level","6",1539583,"T11400","2026-06-11T11:27:48-0400"
"NIPA","T11400","B467RC",30,"Net dividends","Current Dollars","2025","Level","6",1401020,"T11400","2026-06-11T11:27:48-0400"
"NIPA","T11400","W332RC",31,"Undistributed profits with IVA and CCAdj","Current Dollars","1929","Level","6",2815,"T11400","2026-06-11T11:27:48-0400"
"NIPA","T11400","W332RC",31,"Undistributed profits with IVA and CCAdj","Current Dollars","1930","Level","6",996,"T11400","2026-06-11T11:27:48-0400"
"NIPA","T11400","W332RC",31,"Undistributed profits with IVA and CCAdj","Current Dollars","1931","Level","6",-1769,"T11400","2026-06-11T11:27:48-0400"
"NIPA","T11400","W332RC",31,"Undistributed profits with IVA and CCAdj","Current Dollars","1932","Level","6",-3539,"T11400","2026-06-11T11:27:48-0400"
"NIPA","T11400","W332RC",31,"Undistributed profits with IVA and CCAdj","Current Dollars","1933","Level","6",-3424,"T11400","2026-06-11T11:27:48-0400"
"NIPA","T11400","W332RC",31,"Undistributed profits with IVA and CCAdj","Current Dollars","1934","Level","6",-1423,"T11400","2026-06-11T11:27:48-0400"
"NIPA","T11400","W332RC",31,"Undistributed profits with IVA and CCAdj","Current Dollars","1935","Level","6",-717,"T11400","2026-06-11T11:27:48-0400"
"NIPA","T11400","W332RC",31,"Undistributed profits with IVA and CCAdj","Current Dollars","1936","Level","6",-292,"T11400","2026-06-11T11:27:48-0400"
"NIPA","T11400","W332RC",31,"Undistributed profits with IVA and CCAdj","Current Dollars","1937","Level","6",186,"T11400","2026-06-11T11:27:48-0400"
"NIPA","T11400","W332RC",31,"Undistributed profits with IVA and CCAdj","Current Dollars","1938","Level","6",135,"T11400","2026-06-11T11:27:48-0400"
"NIPA","T11400","W332RC",31,"Undistributed profits with IVA and CCAdj","Current Dollars","1939","Level","6",595,"T11400","2026-06-11T11:27:48-0400"
"NIPA","T11400","W332RC",31,"Undistributed profits with IVA and CCAdj","Current Dollars","1940","Level","6",2160,"T11400","2026-06-11T11:27:48-0400"
"NIPA","T11400","W332RC",31,"Undistributed profits with IVA and CCAdj","Current Dollars","1941","Level","6",2656,"T11400","2026-06-11T11:27:48-0400"
"NIPA","T11400","W332RC",31,"Undistributed profits with IVA and CCAdj","Current Dollars","1942","Level","6",4330,"T11400","2026-06-11T11:27:48-0400"
"NIPA","T11400","W332RC",31,"Undistributed profits with IVA and CCAdj","Current Dollars","1943","Level","6",5515,"T11400","2026-06-11T11:27:48-0400"
"NIPA","T11400","W332RC",31,"Undistributed profits with IVA and CCAdj","Current Dollars","1944","Level","6",6345,"T11400","2026-06-11T11:27:48-0400"
"NIPA","T11400","W332RC",31,"Undistributed profits with IVA and CCAdj","Current Dollars","1945","Level","6",4223,"T11400","2026-06-11T11:27:48-0400"
"NIPA","T11400","W332RC",31,"Undistributed profits with IVA and CCAdj","Current Dollars","1946","Level","6",2077,"T11400","2026-06-11T11:27:48-0400"
"NIPA","T11400","W332RC",31,"Undistributed profits with IVA and CCAdj","Current Dollars","1947","Level","6",5305,"T11400","2026-06-11T11:27:48-0400"
"NIPA","T11400","W332RC",31,"Undistributed profits with IVA and CCAdj","Current Dollars","1948","Level","6",10056,"T11400","2026-06-11T11:27:48-0400"
"NIPA","T11400","W332RC",31,"Undistributed profits with IVA and CCAdj","Current Dollars","1949","Level","6",9538,"T11400","2026-06-11T11:27:48-0400"
"NIPA","T11400","W332RC",31,"Undistributed profits with IVA and CCAdj","Current Dollars","1950","Level","6",7596,"T11400","2026-06-11T11:27:48-0400"
"NIPA","T11400","W332RC",31,"Undistributed profits with IVA and CCAdj","Current Dollars","1951","Level","6",7865,"T11400","2026-06-11T11:27:48-0400"
"NIPA","T11400","W332RC",31,"Undistributed profits with IVA and CCAdj","Current Dollars","1952","Level","6",8924,"T11400","2026-06-11T11:27:48-0400"
"NIPA","T11400","W332RC",31,"Undistributed profits with IVA and CCAdj","Current Dollars","1953","Level","6",8327,"T11400","2026-06-11T11:27:48-0400"
"NIPA","T11400","W332RC",31,"Undistributed profits with IVA and CCAdj","Current Dollars","1954","Level","6",9791,"T11400","2026-06-11T11:27:48-0400"
"NIPA","T11400","W332RC",31,"Undistributed profits with IVA and CCAdj","Current Dollars","1955","Level","6",14209,"T11400","2026-06-11T11:27:48-0400"
"NIPA","T11400","W332RC",31,"Undistributed profits with IVA and CCAdj","Current Dollars","1956","Level","6",12511,"T11400","2026-06-11T11:27:48-0400"
"NIPA","T11400","W332RC",31,"Undistributed profits with IVA and CCAdj","Current Dollars","1957","Level","6",12138,"T11400","2026-06-11T11:27:48-0400"
"NIPA","T11400","W332RC",31,"Undistributed profits with IVA and CCAdj","Current Dollars","1958","Level","6",10038,"T11400","2026-06-11T11:27:48-0400"
"NIPA","T11400","W332RC",31,"Undistributed profits with IVA and CCAdj","Current Dollars","1959","Level","6",15005,"T11400","2026-06-11T11:27:48-0400"
"NIPA","T11400","W332RC",31,"Undistributed profits with IVA and CCAdj","Current Dollars","1960","Level","6",13738,"T11400","2026-06-11T11:27:48-0400"
"NIPA","T11400","W332RC",31,"Undistributed profits with IVA and CCAdj","Current Dollars","1961","Level","6",14489,"T11400","2026-06-11T11:27:48-0400"
"NIPA","T11400","W332RC",31,"Undistributed profits with IVA and CCAdj","Current Dollars","1962","Level","6",19629,"T11400","2026-06-11T11:27:48-0400"
"NIPA","T11400","W332RC",31,"Undistributed profits with IVA and CCAdj","Current Dollars","1963","Level","6",23095,"T11400","2026-06-11T11:27:48-0400"
"NIPA","T11400","W332RC",31,"Undistributed profits with IVA and CCAdj","Current Dollars","1964","Level","6",26682,"T11400","2026-06-11T11:27:48-0400"
"NIPA","T11400","W332RC",31,"Undistributed profits with IVA and CCAdj","Current Dollars","1965","Level","6",32091,"T11400","2026-06-11T11:27:48-0400"
"NIPA","T11400","W332RC",31,"Undistributed profits with IVA and CCAdj","Current Dollars","1966","Level","6",34820,"T11400","2026-06-11T11:27:48-0400"
"NIPA","T11400","W332RC",31,"Undistributed profits with IVA and CCAdj","Current Dollars","1967","Level","6",32967,"T11400","2026-06-11T11:27:48-0400"
"NIPA","T11400","W332RC",31,"Undistributed profits with IVA and CCAdj","Current Dollars","1968","Level","6",30792,"T11400","2026-06-11T11:27:48-0400"
"NIPA","T11400","W332RC",31,"Undistributed profits with IVA and CCAdj","Current Dollars","1969","Level","6",25936,"T11400","2026-06-11T11:27:48-0400"
"NIPA","T11400","W332RC",31,"Undistributed profits with IVA and CCAdj","Current Dollars","1970","Level","6",18282,"T11400","2026-06-11T11:27:48-0400"
"NIPA","T11400","W332RC",31,"Undistributed profits with IVA and CCAdj","Current Dollars","1971","Level","6",27012,"T11400","2026-06-11T11:27:48-0400"
"NIPA","T11400","W332RC",31,"Undistributed profits with IVA and CCAdj","Current Dollars","1972","Level","6",34844,"T11400","2026-06-11T11:27:48-0400"
"NIPA","T11400","W332RC",31,"Undistributed profits with IVA and CCAdj","Current Dollars","1973","Level","6",36087,"T11400","2026-06-11T11:27:48-0400"
"NIPA","T11400","W332RC",31,"Undistributed profits with IVA and CCAdj","Current Dollars","1974","Level","6",23032,"T11400","2026-06-11T11:27:48-0400"
"NIPA","T11400","W332RC",31,"Undistributed profits with IVA and CCAdj","Current Dollars","1975","Level","6",37791,"T11400","2026-06-11T11:27:48-0400"
"NIPA","T11400","W332RC",31,"Undistributed profits with IVA and CCAdj","Current Dollars","1976","Level","6",51775,"T11400","2026-06-11T11:27:48-0400"
"NIPA","T11400","W332RC",31,"Undistributed profits with IVA and CCAdj","Current Dollars","1977","Level","6",63648,"T11400","2026-06-11T11:27:48-0400"
"NIPA","T11400","W332RC",31,"Undistributed profits with IVA and CCAdj","Current Dollars","1978","Level","6",72270,"T11400","2026-06-11T11:27:48-0400"
"NIPA","T11400","W332RC",31,"Undistributed profits with IVA and CCAdj","Current Dollars","1979","Level","6",65774,"T11400","2026-06-11T11:27:48-0400"
"NIPA","T11400","W332RC",31,"Undistributed profits with IVA and CCAdj","Current Dollars","1980","Level","6",42804,"T11400","2026-06-11T11:27:48-0400"
"NIPA","T11400","W332RC",31,"Undistributed profits with IVA and CCAdj","Current Dollars","1981","Level","6",71414,"T11400","2026-06-11T11:27:48-0400"
"NIPA","T11400","W332RC",31,"Undistributed profits with IVA and CCAdj","Current Dollars","1982","Level","6",70453,"T11400","2026-06-11T11:27:48-0400"
"NIPA","T11400","W332RC",31,"Undistributed profits with IVA and CCAdj","Current Dollars","1983","Level","6",85577,"T11400","2026-06-11T11:27:48-0400"
"NIPA","T11400","W332RC",31,"Undistributed profits with IVA and CCAdj","Current Dollars","1984","Level","6",125769,"T11400","2026-06-11T11:27:48-0400"
"NIPA","T11400","W332RC",31,"Undistributed profits with IVA and CCAdj","Current Dollars","1985","Level","6",127978,"T11400","2026-06-11T11:27:48-0400"
"NIPA","T11400","W332RC",31,"Undistributed profits with IVA and CCAdj","Current Dollars","1986","Level","6",81112,"T11400","2026-06-11T11:27:48-0400"
"NIPA","T11400","W332RC",31,"Undistributed profits with IVA and CCAdj","Current Dollars","1987","Level","6",88875,"T11400","2026-06-11T11:27:48-0400"
"NIPA","T11400","W332RC",31,"Undistributed profits with IVA and CCAdj","Current Dollars","1988","Level","6",107839,"T11400","2026-06-11T11:27:48-0400"
"NIPA","T11400","W332RC",31,"Undistributed profits with IVA and CCAdj","Current Dollars","1989","Level","6",67461,"T11400","2026-06-11T11:27:48-0400"
"NIPA","T11400","W332RC",31,"Undistributed profits with IVA and CCAdj","Current Dollars","1990","Level","6",45724,"T11400","2026-06-11T11:27:48-0400"
"NIPA","T11400","W332RC",31,"Undistributed profits with IVA and CCAdj","Current Dollars","1991","Level","6",53963,"T11400","2026-06-11T11:27:48-0400"
"NIPA","T11400","W332RC",31,"Undistributed profits with IVA and CCAdj","Current Dollars","1992","Level","6",58363,"T11400","2026-06-11T11:27:48-0400"
"NIPA","T11400","W332RC",31,"Undistributed profits with IVA and CCAdj","Current Dollars","1993","Level","6",84474,"T11400","2026-06-11T11:27:48-0400"
"NIPA","T11400","W332RC",31,"Undistributed profits with IVA and CCAdj","Current Dollars","1994","Level","6",142858,"T11400","2026-06-11T11:27:48-0400"
"NIPA","T11400","W332RC",31,"Undistributed profits with IVA and CCAdj","Current Dollars","1995","Level","6",162453,"T11400","2026-06-11T11:27:48-0400"
"NIPA","T11400","W332RC",31,"Undistributed profits with IVA and CCAdj","Current Dollars","1996","Level","6",195052,"T11400","2026-06-11T11:27:48-0400"
"NIPA","T11400","W332RC",31,"Undistributed profits with IVA and CCAdj","Current Dollars","1997","Level","6",219553,"T11400","2026-06-11T11:27:48-0400"
"NIPA","T11400","W332RC",31,"Undistributed profits with IVA and CCAdj","Current Dollars","1998","Level","6",162263,"T11400","2026-06-11T11:27:48-0400"
"NIPA","T11400","W332RC",31,"Undistributed profits with IVA and CCAdj","Current Dollars","1999","Level","6",159586,"T11400","2026-06-11T11:27:48-0400"
"NIPA","T11400","W332RC",31,"Undistributed profits with IVA and CCAdj","Current Dollars","2000","Level","6",68067,"T11400","2026-06-11T11:27:48-0400"
"NIPA","T11400","W332RC",31,"Undistributed profits with IVA and CCAdj","Current Dollars","2001","Level","6",33988,"T11400","2026-06-11T11:27:48-0400"
"NIPA","T11400","W332RC",31,"Undistributed profits with IVA and CCAdj","Current Dollars","2002","Level","6",132910,"T11400","2026-06-11T11:27:48-0400"
"NIPA","T11400","W332RC",31,"Undistributed profits with IVA and CCAdj","Current Dollars","2003","Level","6",172921,"T11400","2026-06-11T11:27:48-0400"
"NIPA","T11400","W332RC",31,"Undistributed profits with IVA and CCAdj","Current Dollars","2004","Level","6",217451,"T11400","2026-06-11T11:27:48-0400"
"NIPA","T11400","W332RC",31,"Undistributed profits with IVA and CCAdj","Current Dollars","2005","Level","6",464682,"T11400","2026-06-11T11:27:48-0400"
"NIPA","T11400","W332RC",31,"Undistributed profits with IVA and CCAdj","Current Dollars","2006","Level","6",277370,"T11400","2026-06-11T11:27:48-0400"
"NIPA","T11400","W332RC",31,"Undistributed profits with IVA and CCAdj","Current Dollars","2007","Level","6",189881,"T11400","2026-06-11T11:27:48-0400"
"NIPA","T11400","W332RC",31,"Undistributed profits with IVA and CCAdj","Current Dollars","2008","Level","6",146906,"T11400","2026-06-11T11:27:48-0400"
"NIPA","T11400","W332RC",31,"Undistributed profits with IVA and CCAdj","Current Dollars","2009","Level","6",194733,"T11400","2026-06-11T11:27:48-0400"
"NIPA","T11400","W332RC",31,"Undistributed profits with IVA and CCAdj","Current Dollars","2010","Level","6",397148,"T11400","2026-06-11T11:27:48-0400"
"NIPA","T11400","W332RC",31,"Undistributed profits with IVA and CCAdj","Current Dollars","2011","Level","6",392291,"T11400","2026-06-11T11:27:48-0400"
"NIPA","T11400","W332RC",31,"Undistributed profits with IVA and CCAdj","Current Dollars","2012","Level","6",396733,"T11400","2026-06-11T11:27:48-0400"
"NIPA","T11400","W332RC",31,"Undistributed profits with IVA and CCAdj","Current Dollars","2013","Level","6",434953,"T11400","2026-06-11T11:27:48-0400"
"NIPA","T11400","W332RC",31,"Undistributed profits with IVA and CCAdj","Current Dollars","2014","Level","6",401539,"T11400","2026-06-11T11:27:48-0400"
"NIPA","T11400","W332RC",31,"Undistributed profits with IVA and CCAdj","Current Dollars","2015","Level","6",347094,"T11400","2026-06-11T11:27:48-0400"
"NIPA","T11400","W332RC",31,"Undistributed profits with IVA and CCAdj","Current Dollars","2016","Level","6",262982,"T11400","2026-06-11T11:27:48-0400"
"NIPA","T11400","W332RC",31,"Undistributed profits with IVA and CCAdj","Current Dollars","2017","Level","6",280276,"T11400","2026-06-11T11:27:48-0400"
"NIPA","T11400","W332RC",31,"Undistributed profits with IVA and CCAdj","Current Dollars","2018","Level","6",883746,"T11400","2026-06-11T11:27:48-0400"
"NIPA","T11400","W332RC",31,"Undistributed profits with IVA and CCAdj","Current Dollars","2019","Level","6",535001,"T11400","2026-06-11T11:27:48-0400"
"NIPA","T11400","W332RC",31,"Undistributed profits with IVA and CCAdj","Current Dollars","2020","Level","6",457089,"T11400","2026-06-11T11:27:48-0400"
"NIPA","T11400","W332RC",31,"Undistributed profits with IVA and CCAdj","Current Dollars","2021","Level","6",604880,"T11400","2026-06-11T11:27:48-0400"
"NIPA","T11400","W332RC",31,"Undistributed profits with IVA and CCAdj","Current Dollars","2022","Level","6",569319,"T11400","2026-06-11T11:27:48-0400"
"NIPA","T11400","W332RC",31,"Undistributed profits with IVA and CCAdj","Current Dollars","2023","Level","6",688541,"T11400","2026-06-11T11:27:48-0400"
"NIPA","T11400","W332RC",31,"Undistributed profits with IVA and CCAdj","Current Dollars","2024","Level","6",567202,"T11400","2026-06-11T11:27:48-0400"
"NIPA","T11400","W332RC",31,"Undistributed profits with IVA and CCAdj","Current Dollars","2025","Level","6",795795,"T11400","2026-06-11T11:27:48-0400"
"NIPA","T11400","A446RC",32,"Profits before tax (without IVA and CCAdj)","Current Dollars","1929","Level","6",10679,"T11400","2026-06-11T11:27:48-0400"
"NIPA","T11400","A446RC",32,"Profits before tax (without IVA and CCAdj)","Current Dollars","1930","Level","6",4422,"T11400","2026-06-11T11:27:48-0400"
"NIPA","T11400","A446RC",32,"Profits before tax (without IVA and CCAdj)","Current Dollars","1931","Level","6",566,"T11400","2026-06-11T11:27:48-0400"
"NIPA","T11400","A446RC",32,"Profits before tax (without IVA and CCAdj)","Current Dollars","1932","Level","6",-1312,"T11400","2026-06-11T11:27:48-0400"
"NIPA","T11400","A446RC",32,"Profits before tax (without IVA and CCAdj)","Current Dollars","1933","Level","6",1834,"T11400","2026-06-11T11:27:48-0400"
"NIPA","T11400","A446RC",32,"Profits before tax (without IVA and CCAdj)","Current Dollars","1934","Level","6",3155,"T11400","2026-06-11T11:27:48-0400"
"NIPA","T11400","A446RC",32,"Profits before tax (without IVA and CCAdj)","Current Dollars","1935","Level","6",4212,"T11400","2026-06-11T11:27:48-0400"
"NIPA","T11400","A446RC",32,"Profits before tax (without IVA and CCAdj)","Current Dollars","1936","Level","6",7003,"T11400","2026-06-11T11:27:48-0400"
"NIPA","T11400","A446RC",32,"Profits before tax (without IVA and CCAdj)","Current Dollars","1937","Level","6",7357,"T11400","2026-06-11T11:27:48-0400"
"NIPA","T11400","A446RC",32,"Profits before tax (without IVA and CCAdj)","Current Dollars","1938","Level","6",4302,"T11400","2026-06-11T11:27:48-0400"
"NIPA","T11400","A446RC",32,"Profits before tax (without IVA and CCAdj)","Current Dollars","1939","Level","6",7454,"T11400","2026-06-11T11:27:48-0400"
"NIPA","T11400","A446RC",32,"Profits before tax (without IVA and CCAdj)","Current Dollars","1940","Level","6",10370,"T11400","2026-06-11T11:27:48-0400"
"NIPA","T11400","A446RC",32,"Profits before tax (without IVA and CCAdj)","Current Dollars","1941","Level","6",18371,"T11400","2026-06-11T11:27:48-0400"
"NIPA","T11400","A446RC",32,"Profits before tax (without IVA and CCAdj)","Current Dollars","1942","Level","6",22098,"T11400","2026-06-11T11:27:48-0400"
"NIPA","T11400","A446RC",32,"Profits before tax (without IVA and CCAdj)","Current Dollars","1943","Level","6",25474,"T11400","2026-06-11T11:27:48-0400"
"NIPA","T11400","A446RC",32,"Profits before tax (without IVA and CCAdj)","Current Dollars","1944","Level","6",24363,"T11400","2026-06-11T11:27:48-0400"
"NIPA","T11400","A446RC",32,"Profits before tax (without IVA and CCAdj)","Current Dollars","1945","Level","6",20051,"T11400","2026-06-11T11:27:48-0400"
"NIPA","T11400","A446RC",32,"Profits before tax (without IVA and CCAdj)","Current Dollars","1946","Level","6",24872,"T11400","2026-06-11T11:27:48-0400"
"NIPA","T11400","A446RC",32,"Profits before tax (without IVA and CCAdj)","Current Dollars","1947","Level","6",31650,"T11400","2026-06-11T11:27:48-0400"
"NIPA","T11400","A446RC",32,"Profits before tax (without IVA and CCAdj)","Current Dollars","1948","Level","6",35241,"T11400","2026-06-11T11:27:48-0400"
"NIPA","T11400","A446RC",32,"Profits before tax (without IVA and CCAdj)","Current Dollars","1949","Level","6",28917,"T11400","2026-06-11T11:27:48-0400"
"NIPA","T11400","A446RC",32,"Profits before tax (without IVA and CCAdj)","Current Dollars","1950","Level","6",42512,"T11400","2026-06-11T11:27:48-0400"
"NIPA","T11400","A446RC",32,"Profits before tax (without IVA and CCAdj)","Current Dollars","1951","Level","6",43636,"T11400","2026-06-11T11:27:48-0400"
"NIPA","T11400","A446RC",32,"Profits before tax (without IVA and CCAdj)","Current Dollars","1952","Level","6",39394,"T11400","2026-06-11T11:27:48-0400"
"NIPA","T11400","A446RC",32,"Profits before tax (without IVA and CCAdj)","Current Dollars","1953","Level","6",41351,"T11400","2026-06-11T11:27:48-0400"
"NIPA","T11400","A446RC",32,"Profits before tax (without IVA and CCAdj)","Current Dollars","1954","Level","6",38831,"T11400","2026-06-11T11:27:48-0400"
"NIPA","T11400","A446RC",32,"Profits before tax (without IVA and CCAdj)","Current Dollars","1955","Level","6",49087,"T11400","2026-06-11T11:27:48-0400"
"NIPA","T11400","A446RC",32,"Profits before tax (without IVA and CCAdj)","Current Dollars","1956","Level","6",49804,"T11400","2026-06-11T11:27:48-0400"
"NIPA","T11400","A446RC",32,"Profits before tax (without IVA and CCAdj)","Current Dollars","1957","Level","6",48102,"T11400","2026-06-11T11:27:48-0400"
"NIPA","T11400","A446RC",32,"Profits before tax (without IVA and CCAdj)","Current Dollars","1958","Level","6",42507,"T11400","2026-06-11T11:27:48-0400"
"NIPA","T11400","A446RC",32,"Profits before tax (without IVA and CCAdj)","Current Dollars","1959","Level","6",53236,"T11400","2026-06-11T11:27:48-0400"
"NIPA","T11400","A446RC",32,"Profits before tax (without IVA and CCAdj)","Current Dollars","1960","Level","6",50716,"T11400","2026-06-11T11:27:48-0400"
"NIPA","T11400","A446RC",32,"Profits before tax (without IVA and CCAdj)","Current Dollars","1961","Level","6",50588,"T11400","2026-06-11T11:27:48-0400"
"NIPA","T11400","A446RC",32,"Profits before tax (without IVA and CCAdj)","Current Dollars","1962","Level","6",55432,"T11400","2026-06-11T11:27:48-0400"
"NIPA","T11400","A446RC",32,"Profits before tax (without IVA and CCAdj)","Current Dollars","1963","Level","6",60335,"T11400","2026-06-11T11:27:48-0400"
"NIPA","T11400","A446RC",32,"Profits before tax (without IVA and CCAdj)","Current Dollars","1964","Level","6",66977,"T11400","2026-06-11T11:27:48-0400"
"NIPA","T11400","A446RC",32,"Profits before tax (without IVA and CCAdj)","Current Dollars","1965","Level","6",78404,"T11400","2026-06-11T11:27:48-0400"
"NIPA","T11400","A446RC",32,"Profits before tax (without IVA and CCAdj)","Current Dollars","1966","Level","6",85856,"T11400","2026-06-11T11:27:48-0400"
"NIPA","T11400","A446RC",32,"Profits before tax (without IVA and CCAdj)","Current Dollars","1967","Level","6",82829,"T11400","2026-06-11T11:27:48-0400"
"NIPA","T11400","A446RC",32,"Profits before tax (without IVA and CCAdj)","Current Dollars","1968","Level","6",92270,"T11400","2026-06-11T11:27:48-0400"
"NIPA","T11400","A446RC",32,"Profits before tax (without IVA and CCAdj)","Current Dollars","1969","Level","6",90057,"T11400","2026-06-11T11:27:48-0400"
"NIPA","T11400","A446RC",32,"Profits before tax (without IVA and CCAdj)","Current Dollars","1970","Level","6",79163,"T11400","2026-06-11T11:27:48-0400"
"NIPA","T11400","A446RC",32,"Profits before tax (without IVA and CCAdj)","Current Dollars","1971","Level","6",91416,"T11400","2026-06-11T11:27:48-0400"
"NIPA","T11400","A446RC",32,"Profits before tax (without IVA and CCAdj)","Current Dollars","1972","Level","6",106351,"T11400","2026-06-11T11:27:48-0400"
"NIPA","T11400","A446RC",32,"Profits before tax (without IVA and CCAdj)","Current Dollars","1973","Level","6",131233,"T11400","2026-06-11T11:27:48-0400"
"NIPA","T11400","A446RC",32,"Profits before tax (without IVA and CCAdj)","Current Dollars","1974","Level","6",144058,"T11400","2026-06-11T11:27:48-0400"
"NIPA","T11400","A446RC",32,"Profits before tax (without IVA and CCAdj)","Current Dollars","1975","Level","6",140142,"T11400","2026-06-11T11:27:48-0400"
"NIPA","T11400","A446RC",32,"Profits before tax (without IVA and CCAdj)","Current Dollars","1976","Level","6",179666,"T11400","2026-06-11T11:27:48-0400"
"NIPA","T11400","A446RC",32,"Profits before tax (without IVA and CCAdj)","Current Dollars","1977","Level","6",209380,"T11400","2026-06-11T11:27:48-0400"
"NIPA","T11400","A446RC",32,"Profits before tax (without IVA and CCAdj)","Current Dollars","1978","Level","6",247541,"T11400","2026-06-11T11:27:48-0400"
"NIPA","T11400","A446RC",32,"Profits before tax (without IVA and CCAdj)","Current Dollars","1979","Level","6",266767,"T11400","2026-06-11T11:27:48-0400"
"NIPA","T11400","A446RC",32,"Profits before tax (without IVA and CCAdj)","Current Dollars","1980","Level","6",246853,"T11400","2026-06-11T11:27:48-0400"
"NIPA","T11400","A446RC",32,"Profits before tax (without IVA and CCAdj)","Current Dollars","1981","Level","6",245346,"T11400","2026-06-11T11:27:48-0400"
"NIPA","T11400","A446RC",32,"Profits before tax (without IVA and CCAdj)","Current Dollars","1982","Level","6",197639,"T11400","2026-06-11T11:27:48-0400"
"NIPA","T11400","A446RC",32,"Profits before tax (without IVA and CCAdj)","Current Dollars","1983","Level","6",226967,"T11400","2026-06-11T11:27:48-0400"
"NIPA","T11400","A446RC",32,"Profits before tax (without IVA and CCAdj)","Current Dollars","1984","Level","6",261058,"T11400","2026-06-11T11:27:48-0400"
"NIPA","T11400","A446RC",32,"Profits before tax (without IVA and CCAdj)","Current Dollars","1985","Level","6",250141,"T11400","2026-06-11T11:27:48-0400"
"NIPA","T11400","A446RC",32,"Profits before tax (without IVA and CCAdj)","Current Dollars","1986","Level","6",225911,"T11400","2026-06-11T11:27:48-0400"
"NIPA","T11400","A446RC",32,"Profits before tax (without IVA and CCAdj)","Current Dollars","1987","Level","6",287611,"T11400","2026-06-11T11:27:48-0400"
"NIPA","T11400","A446RC",32,"Profits before tax (without IVA and CCAdj)","Current Dollars","1988","Level","6",333159,"T11400","2026-06-11T11:27:48-0400"
"NIPA","T11400","A446RC",32,"Profits before tax (without IVA and CCAdj)","Current Dollars","1989","Level","6",326694,"T11400","2026-06-11T11:27:48-0400"
"NIPA","T11400","A446RC",32,"Profits before tax (without IVA and CCAdj)","Current Dollars","1990","Level","6",329566,"T11400","2026-06-11T11:27:48-0400"
"NIPA","T11400","A446RC",32,"Profits before tax (without IVA and CCAdj)","Current Dollars","1991","Level","6",348999,"T11400","2026-06-11T11:27:48-0400"
"NIPA","T11400","A446RC",32,"Profits before tax (without IVA and CCAdj)","Current Dollars","1992","Level","6",393590,"T11400","2026-06-11T11:27:48-0400"
"NIPA","T11400","A446RC",32,"Profits before tax (without IVA and CCAdj)","Current Dollars","1993","Level","6",435165,"T11400","2026-06-11T11:27:48-0400"
"NIPA","T11400","A446RC",32,"Profits before tax (without IVA and CCAdj)","Current Dollars","1994","Level","6",533055,"T11400","2026-06-11T11:27:48-0400"
"NIPA","T11400","A446RC",32,"Profits before tax (without IVA and CCAdj)","Current Dollars","1995","Level","6",602781,"T11400","2026-06-11T11:27:48-0400"
"NIPA","T11400","A446RC",32,"Profits before tax (without IVA and CCAdj)","Current Dollars","1996","Level","6",650845,"T11400","2026-06-11T11:27:48-0400"
"NIPA","T11400","A446RC",32,"Profits before tax (without IVA and CCAdj)","Current Dollars","1997","Level","6",709474,"T11400","2026-06-11T11:27:48-0400"
"NIPA","T11400","A446RC",32,"Profits before tax (without IVA and CCAdj)","Current Dollars","1998","Level","6",652032,"T11400","2026-06-11T11:27:48-0400"
"NIPA","T11400","A446RC",32,"Profits before tax (without IVA and CCAdj)","Current Dollars","1999","Level","6",675993,"T11400","2026-06-11T11:27:48-0400"
"NIPA","T11400","A446RC",32,"Profits before tax (without IVA and CCAdj)","Current Dollars","2000","Level","6",640759,"T11400","2026-06-11T11:27:48-0400"
"NIPA","T11400","A446RC",32,"Profits before tax (without IVA and CCAdj)","Current Dollars","2001","Level","6",548712,"T11400","2026-06-11T11:27:48-0400"
"NIPA","T11400","A446RC",32,"Profits before tax (without IVA and CCAdj)","Current Dollars","2002","Level","6",650099,"T11400","2026-06-11T11:27:48-0400"
"NIPA","T11400","A446RC",32,"Profits before tax (without IVA and CCAdj)","Current Dollars","2003","Level","6",831661,"T11400","2026-06-11T11:27:48-0400"
"NIPA","T11400","A446RC",32,"Profits before tax (without IVA and CCAdj)","Current Dollars","2004","Level","6",1093422,"T11400","2026-06-11T11:27:48-0400"
"NIPA","T11400","A446RC",32,"Profits before tax (without IVA and CCAdj)","Current Dollars","2005","Level","6",1480504,"T11400","2026-06-11T11:27:48-0400"
"NIPA","T11400","A446RC",32,"Profits before tax (without IVA and CCAdj)","Current Dollars","2006","Level","6",1653895,"T11400","2026-06-11T11:27:48-0400"
"NIPA","T11400","A446RC",32,"Profits before tax (without IVA and CCAdj)","Current Dollars","2007","Level","6",1476382,"T11400","2026-06-11T11:27:48-0400"
"NIPA","T11400","A446RC",32,"Profits before tax (without IVA and CCAdj)","Current Dollars","2008","Level","6",1048553,"T11400","2026-06-11T11:27:48-0400"
"NIPA","T11400","A446RC",32,"Profits before tax (without IVA and CCAdj)","Current Dollars","2009","Level","6",1156900,"T11400","2026-06-11T11:27:48-0400"
"NIPA","T11400","A446RC",32,"Profits before tax (without IVA and CCAdj)","Current Dollars","2010","Level","6",1492920,"T11400","2026-06-11T11:27:48-0400"
"NIPA","T11400","A446RC",32,"Profits before tax (without IVA and CCAdj)","Current Dollars","2011","Level","6",1457645,"T11400","2026-06-11T11:27:48-0400"
"NIPA","T11400","A446RC",32,"Profits before tax (without IVA and CCAdj)","Current Dollars","2012","Level","6",1810004,"T11400","2026-06-11T11:27:48-0400"
"NIPA","T11400","A446RC",32,"Profits before tax (without IVA and CCAdj)","Current Dollars","2013","Level","6",1821323,"T11400","2026-06-11T11:27:48-0400"
"NIPA","T11400","A446RC",32,"Profits before tax (without IVA and CCAdj)","Current Dollars","2014","Level","6",1949376,"T11400","2026-06-11T11:27:48-0400"
"NIPA","T11400","A446RC",32,"Profits before tax (without IVA and CCAdj)","Current Dollars","2015","Level","6",1842345,"T11400","2026-06-11T11:27:48-0400"
"NIPA","T11400","A446RC",32,"Profits before tax (without IVA and CCAdj)","Current Dollars","2016","Level","6",1820049,"T11400","2026-06-11T11:27:48-0400"
"NIPA","T11400","A446RC",32,"Profits before tax (without IVA and CCAdj)","Current Dollars","2017","Level","6",1796221,"T11400","2026-06-11T11:27:48-0400"
"NIPA","T11400","A446RC",32,"Profits before tax (without IVA and CCAdj)","Current Dollars","2018","Level","6",1796977,"T11400","2026-06-11T11:27:48-0400"
"NIPA","T11400","A446RC",32,"Profits before tax (without IVA and CCAdj)","Current Dollars","2019","Level","6",1842457,"T11400","2026-06-11T11:27:48-0400"
"NIPA","T11400","A446RC",32,"Profits before tax (without IVA and CCAdj)","Current Dollars","2020","Level","6",2077667,"T11400","2026-06-11T11:27:48-0400"
"NIPA","T11400","A446RC",32,"Profits before tax (without IVA and CCAdj)","Current Dollars","2021","Level","6",2966585,"T11400","2026-06-11T11:27:48-0400"
"NIPA","T11400","A446RC",32,"Profits before tax (without IVA and CCAdj)","Current Dollars","2022","Level","6",3157852,"T11400","2026-06-11T11:27:48-0400"
"NIPA","T11400","A446RC",32,"Profits before tax (without IVA and CCAdj)","Current Dollars","2023","Level","6",3382161,"T11400","2026-06-11T11:27:48-0400"
"NIPA","T11400","A446RC",32,"Profits before tax (without IVA and CCAdj)","Current Dollars","2024","Level","6",3721570,"T11400","2026-06-11T11:27:48-0400"
"NIPA","T11400","A446RC",32,"Profits before tax (without IVA and CCAdj)","Current Dollars","2025","Level","6",3687399,"T11400","2026-06-11T11:27:48-0400"
"NIPA","T11400","A448RC",33,"Profits after tax (without IVA and CCAdj)","Current Dollars","1929","Level","6",9314,"T11400","2026-06-11T11:27:48-0400"
"NIPA","T11400","A448RC",33,"Profits after tax (without IVA and CCAdj)","Current Dollars","1930","Level","6",3580,"T11400","2026-06-11T11:27:48-0400"
"NIPA","T11400","A448RC",33,"Profits after tax (without IVA and CCAdj)","Current Dollars","1931","Level","6",68,"T11400","2026-06-11T11:27:48-0400"
"NIPA","T11400","A448RC",33,"Profits after tax (without IVA and CCAdj)","Current Dollars","1932","Level","6",-1695,"T11400","2026-06-11T11:27:48-0400"
"NIPA","T11400","A448RC",33,"Profits after tax (without IVA and CCAdj)","Current Dollars","1933","Level","6",1313,"T11400","2026-06-11T11:27:48-0400"
"NIPA","T11400","A448RC",33,"Profits after tax (without IVA and CCAdj)","Current Dollars","1934","Level","6",2411,"T11400","2026-06-11T11:27:48-0400"
"NIPA","T11400","A448RC",33,"Profits after tax (without IVA and CCAdj)","Current Dollars","1935","Level","6",3261,"T11400","2026-06-11T11:27:48-0400"
"NIPA","T11400","A448RC",33,"Profits after tax (without IVA and CCAdj)","Current Dollars","1936","Level","6",5594,"T11400","2026-06-11T11:27:48-0400"
"NIPA","T11400","A448RC",33,"Profits after tax (without IVA and CCAdj)","Current Dollars","1937","Level","6",5855,"T11400","2026-06-11T11:27:48-0400"
"NIPA","T11400","A448RC",33,"Profits after tax (without IVA and CCAdj)","Current Dollars","1938","Level","6",3273,"T11400","2026-06-11T11:27:48-0400"
"NIPA","T11400","A448RC",33,"Profits after tax (without IVA and CCAdj)","Current Dollars","1939","Level","6",6013,"T11400","2026-06-11T11:27:48-0400"
"NIPA","T11400","A448RC",33,"Profits after tax (without IVA and CCAdj)","Current Dollars","1940","Level","6",7536,"T11400","2026-06-11T11:27:48-0400"
"NIPA","T11400","A448RC",33,"Profits after tax (without IVA and CCAdj)","Current Dollars","1941","Level","6",10761,"T11400","2026-06-11T11:27:48-0400"
"NIPA","T11400","A448RC",33,"Profits after tax (without IVA and CCAdj)","Current Dollars","1942","Level","6",10683,"T11400","2026-06-11T11:27:48-0400"
"NIPA","T11400","A448RC",33,"Profits after tax (without IVA and CCAdj)","Current Dollars","1943","Level","6",11400,"T11400","2026-06-11T11:27:48-0400"
"NIPA","T11400","A448RC",33,"Profits after tax (without IVA and CCAdj)","Current Dollars","1944","Level","6",11414,"T11400","2026-06-11T11:27:48-0400"
"NIPA","T11400","A448RC",33,"Profits after tax (without IVA and CCAdj)","Current Dollars","1945","Level","6",9362,"T11400","2026-06-11T11:27:48-0400"
"NIPA","T11400","A448RC",33,"Profits after tax (without IVA and CCAdj)","Current Dollars","1946","Level","6",15768,"T11400","2026-06-11T11:27:48-0400"
"NIPA","T11400","A448RC",33,"Profits after tax (without IVA and CCAdj)","Current Dollars","1947","Level","6",20457,"T11400","2026-06-11T11:27:48-0400"
"NIPA","T11400","A448RC",33,"Profits after tax (without IVA and CCAdj)","Current Dollars","1948","Level","6",22987,"T11400","2026-06-11T11:27:48-0400"
"NIPA","T11400","A448RC",33,"Profits after tax (without IVA and CCAdj)","Current Dollars","1949","Level","6",18907,"T11400","2026-06-11T11:27:48-0400"
"NIPA","T11400","A448RC",33,"Profits after tax (without IVA and CCAdj)","Current Dollars","1950","Level","6",24784,"T11400","2026-06-11T11:27:48-0400"
"NIPA","T11400","A448RC",33,"Profits after tax (without IVA and CCAdj)","Current Dollars","1951","Level","6",21332,"T11400","2026-06-11T11:27:48-0400"
"NIPA","T11400","A448RC",33,"Profits after tax (without IVA and CCAdj)","Current Dollars","1952","Level","6",20287,"T11400","2026-06-11T11:27:48-0400"
"NIPA","T11400","A448RC",33,"Profits after tax (without IVA and CCAdj)","Current Dollars","1953","Level","6",21407,"T11400","2026-06-11T11:27:48-0400"
"NIPA","T11400","A448RC",33,"Profits after tax (without IVA and CCAdj)","Current Dollars","1954","Level","6",21483,"T11400","2026-06-11T11:27:48-0400"
"NIPA","T11400","A448RC",33,"Profits after tax (without IVA and CCAdj)","Current Dollars","1955","Level","6",27298,"T11400","2026-06-11T11:27:48-0400"
"NIPA","T11400","A448RC",33,"Profits after tax (without IVA and CCAdj)","Current Dollars","1956","Level","6",28213,"T11400","2026-06-11T11:27:48-0400"
"NIPA","T11400","A448RC",33,"Profits after tax (without IVA and CCAdj)","Current Dollars","1957","Level","6",27222,"T11400","2026-06-11T11:27:48-0400"
"NIPA","T11400","A448RC",33,"Profits after tax (without IVA and CCAdj)","Current Dollars","1958","Level","6",24067,"T11400","2026-06-11T11:27:48-0400"
"NIPA","T11400","A448RC",33,"Profits after tax (without IVA and CCAdj)","Current Dollars","1959","Level","6",30420,"T11400","2026-06-11T11:27:48-0400"
"NIPA","T11400","A448RC",33,"Profits after tax (without IVA and CCAdj)","Current Dollars","1960","Level","6",28831,"T11400","2026-06-11T11:27:48-0400"
"NIPA","T11400","A448RC",33,"Profits after tax (without IVA and CCAdj)","Current Dollars","1961","Level","6",28385,"T11400","2026-06-11T11:27:48-0400"
"NIPA","T11400","A448RC",33,"Profits after tax (without IVA and CCAdj)","Current Dollars","1962","Level","6",32136,"T11400","2026-06-11T11:27:48-0400"
"NIPA","T11400","A448RC",33,"Profits after tax (without IVA and CCAdj)","Current Dollars","1963","Level","6",34844,"T11400","2026-06-11T11:27:48-0400"
"NIPA","T11400","A448RC",33,"Profits after tax (without IVA and CCAdj)","Current Dollars","1964","Level","6",40404,"T11400","2026-06-11T11:27:48-0400"
"NIPA","T11400","A448RC",33,"Profits after tax (without IVA and CCAdj)","Current Dollars","1965","Level","6",48636,"T11400","2026-06-11T11:27:48-0400"
"NIPA","T11400","A448RC",33,"Profits after tax (without IVA and CCAdj)","Current Dollars","1966","Level","6",53624,"T11400","2026-06-11T11:27:48-0400"
"NIPA","T11400","A448RC",33,"Profits after tax (without IVA and CCAdj)","Current Dollars","1967","Level","6",51837,"T11400","2026-06-11T11:27:48-0400"
"NIPA","T11400","A448RC",33,"Profits after tax (without IVA and CCAdj)","Current Dollars","1968","Level","6",55106,"T11400","2026-06-11T11:27:48-0400"
"NIPA","T11400","A448RC",33,"Profits after tax (without IVA and CCAdj)","Current Dollars","1969","Level","6",53099,"T11400","2026-06-11T11:27:48-0400"
"NIPA","T11400","A448RC",33,"Profits after tax (without IVA and CCAdj)","Current Dollars","1970","Level","6",47900,"T11400","2026-06-11T11:27:48-0400"
"NIPA","T11400","A448RC",33,"Profits after tax (without IVA and CCAdj)","Current Dollars","1971","Level","6",56608,"T11400","2026-06-11T11:27:48-0400"
"NIPA","T11400","A448RC",33,"Profits after tax (without IVA and CCAdj)","Current Dollars","1972","Level","6",67241,"T11400","2026-06-11T11:27:48-0400"
"NIPA","T11400","A448RC",33,"Profits after tax (without IVA and CCAdj)","Current Dollars","1973","Level","6",85601,"T11400","2026-06-11T11:27:49-0400"
"NIPA","T11400","A448RC",33,"Profits after tax (without IVA and CCAdj)","Current Dollars","1974","Level","6",96823,"T11400","2026-06-11T11:27:49-0400"
"NIPA","T11400","A448RC",33,"Profits after tax (without IVA and CCAdj)","Current Dollars","1975","Level","6",93878,"T11400","2026-06-11T11:27:49-0400"
"NIPA","T11400","A448RC",33,"Profits after tax (without IVA and CCAdj)","Current Dollars","1976","Level","6",120248,"T11400","2026-06-11T11:27:49-0400"
"NIPA","T11400","A448RC",33,"Profits after tax (without IVA and CCAdj)","Current Dollars","1977","Level","6",140876,"T11400","2026-06-11T11:27:49-0400"
"NIPA","T11400","A448RC",33,"Profits after tax (without IVA and CCAdj)","Current Dollars","1978","Level","6",169689,"T11400","2026-06-11T11:27:49-0400"
"NIPA","T11400","A448RC",33,"Profits after tax (without IVA and CCAdj)","Current Dollars","1979","Level","6",186030,"T11400","2026-06-11T11:27:49-0400"
"NIPA","T11400","A448RC",33,"Profits after tax (without IVA and CCAdj)","Current Dollars","1980","Level","6",171369,"T11400","2026-06-11T11:27:49-0400"
"NIPA","T11400","A448RC",33,"Profits after tax (without IVA and CCAdj)","Current Dollars","1981","Level","6",175031,"T11400","2026-06-11T11:27:49-0400"
"NIPA","T11400","A448RC",33,"Profits after tax (without IVA and CCAdj)","Current Dollars","1982","Level","6",146345,"T11400","2026-06-11T11:27:49-0400"
"NIPA","T11400","A448RC",33,"Profits after tax (without IVA and CCAdj)","Current Dollars","1983","Level","6",160548,"T11400","2026-06-11T11:27:49-0400"
"NIPA","T11400","A448RC",33,"Profits after tax (without IVA and CCAdj)","Current Dollars","1984","Level","6",179581,"T11400","2026-06-11T11:27:49-0400"
"NIPA","T11400","A448RC",33,"Profits after tax (without IVA and CCAdj)","Current Dollars","1985","Level","6",168531,"T11400","2026-06-11T11:27:49-0400"
"NIPA","T11400","A448RC",33,"Profits after tax (without IVA and CCAdj)","Current Dollars","1986","Level","6",134040,"T11400","2026-06-11T11:27:49-0400"
"NIPA","T11400","A448RC",33,"Profits after tax (without IVA and CCAdj)","Current Dollars","1987","Level","6",174909,"T11400","2026-06-11T11:27:49-0400"
"NIPA","T11400","A448RC",33,"Profits after tax (without IVA and CCAdj)","Current Dollars","1988","Level","6",208893,"T11400","2026-06-11T11:27:49-0400"
"NIPA","T11400","A448RC",33,"Profits after tax (without IVA and CCAdj)","Current Dollars","1989","Level","6",202272,"T11400","2026-06-11T11:27:49-0400"
"NIPA","T11400","A448RC",33,"Profits after tax (without IVA and CCAdj)","Current Dollars","1990","Level","6",207750,"T11400","2026-06-11T11:27:49-0400"
"NIPA","T11400","A448RC",33,"Profits after tax (without IVA and CCAdj)","Current Dollars","1991","Level","6",231186,"T11400","2026-06-11T11:27:49-0400"
"NIPA","T11400","A448RC",33,"Profits after tax (without IVA and CCAdj)","Current Dollars","1992","Level","6",261676,"T11400","2026-06-11T11:27:49-0400"
"NIPA","T11400","A448RC",33,"Profits after tax (without IVA and CCAdj)","Current Dollars","1993","Level","6",280118,"T11400","2026-06-11T11:27:49-0400"
"NIPA","T11400","A448RC",33,"Profits after tax (without IVA and CCAdj)","Current Dollars","1994","Level","6",360384,"T11400","2026-06-11T11:27:49-0400"
"NIPA","T11400","A448RC",33,"Profits after tax (without IVA and CCAdj)","Current Dollars","1995","Level","6",408332,"T11400","2026-06-11T11:27:49-0400"
"NIPA","T11400","A448RC",33,"Profits after tax (without IVA and CCAdj)","Current Dollars","1996","Level","6",439459,"T11400","2026-06-11T11:27:49-0400"
"NIPA","T11400","A448RC",33,"Profits after tax (without IVA and CCAdj)","Current Dollars","1997","Level","6",484712,"T11400","2026-06-11T11:27:49-0400"
"NIPA","T11400","A448RC",33,"Profits after tax (without IVA and CCAdj)","Current Dollars","1998","Level","6",430227,"T11400","2026-06-11T11:27:49-0400"
"NIPA","T11400","A448RC",33,"Profits after tax (without IVA and CCAdj)","Current Dollars","1999","Level","6",448607,"T11400","2026-06-11T11:27:49-0400"
"NIPA","T11400","A448RC",33,"Profits after tax (without IVA and CCAdj)","Current Dollars","2000","Level","6",407311,"T11400","2026-06-11T11:27:49-0400"
"NIPA","T11400","A448RC",33,"Profits after tax (without IVA and CCAdj)","Current Dollars","2001","Level","6",378564,"T11400","2026-06-11T11:27:49-0400"
"NIPA","T11400","A448RC",33,"Profits after tax (without IVA and CCAdj)","Current Dollars","2002","Level","6",489425,"T11400","2026-06-11T11:27:49-0400"
"NIPA","T11400","A448RC",33,"Profits after tax (without IVA and CCAdj)","Current Dollars","2003","Level","6",617898,"T11400","2026-06-11T11:27:49-0400"
"NIPA","T11400","A448RC",33,"Profits after tax (without IVA and CCAdj)","Current Dollars","2004","Level","6",814910,"T11400","2026-06-11T11:27:49-0400"
"NIPA","T11400","A448RC",33,"Profits after tax (without IVA and CCAdj)","Current Dollars","2005","Level","6",1100756,"T11400","2026-06-11T11:27:49-0400"
"NIPA","T11400","A448RC",33,"Profits after tax (without IVA and CCAdj)","Current Dollars","2006","Level","6",1223747,"T11400","2026-06-11T11:27:49-0400"
"NIPA","T11400","A448RC",33,"Profits after tax (without IVA and CCAdj)","Current Dollars","2007","Level","6",1084600,"T11400","2026-06-11T11:27:49-0400"
"NIPA","T11400","A448RC",33,"Profits after tax (without IVA and CCAdj)","Current Dollars","2008","Level","6",792634,"T11400","2026-06-11T11:27:49-0400"
"NIPA","T11400","A448RC",33,"Profits after tax (without IVA and CCAdj)","Current Dollars","2009","Level","6",952967,"T11400","2026-06-11T11:27:49-0400"
"NIPA","T11400","A448RC",33,"Profits after tax (without IVA and CCAdj)","Current Dollars","2010","Level","6",1220653,"T11400","2026-06-11T11:27:49-0400"
"NIPA","T11400","A448RC",33,"Profits after tax (without IVA and CCAdj)","Current Dollars","2011","Level","6",1176882,"T11400","2026-06-11T11:27:49-0400"
"NIPA","T11400","A448RC",33,"Profits after tax (without IVA and CCAdj)","Current Dollars","2012","Level","6",1475416,"T11400","2026-06-11T11:27:49-0400"
"NIPA","T11400","A448RC",33,"Profits after tax (without IVA and CCAdj)","Current Dollars","2013","Level","6",1458906,"T11400","2026-06-11T11:27:49-0400"
"NIPA","T11400","A448RC",33,"Profits after tax (without IVA and CCAdj)","Current Dollars","2014","Level","6",1542486,"T11400","2026-06-11T11:27:49-0400"
"NIPA","T11400","A448RC",33,"Profits after tax (without IVA and CCAdj)","Current Dollars","2015","Level","6",1446219,"T11400","2026-06-11T11:27:49-0400"
"NIPA","T11400","A448RC",33,"Profits after tax (without IVA and CCAdj)","Current Dollars","2016","Level","6",1444015,"T11400","2026-06-11T11:27:49-0400"
"NIPA","T11400","A448RC",33,"Profits after tax (without IVA and CCAdj)","Current Dollars","2017","Level","6",1499065,"T11400","2026-06-11T11:27:49-0400"
"NIPA","T11400","A448RC",33,"Profits after tax (without IVA and CCAdj)","Current Dollars","2018","Level","6",1499553,"T11400","2026-06-11T11:27:49-0400"
"NIPA","T11400","A448RC",33,"Profits after tax (without IVA and CCAdj)","Current Dollars","2019","Level","6",1545262,"T11400","2026-06-11T11:27:49-0400"
"NIPA","T11400","A448RC",33,"Profits after tax (without IVA and CCAdj)","Current Dollars","2020","Level","6",1766607,"T11400","2026-06-11T11:27:49-0400"
"NIPA","T11400","A448RC",33,"Profits after tax (without IVA and CCAdj)","Current Dollars","2021","Level","6",2497709,"T11400","2026-06-11T11:27:49-0400"
"NIPA","T11400","A448RC",33,"Profits after tax (without IVA and CCAdj)","Current Dollars","2022","Level","6",2557284,"T11400","2026-06-11T11:27:49-0400"
"NIPA","T11400","A448RC",33,"Profits after tax (without IVA and CCAdj)","Current Dollars","2023","Level","6",2769151,"T11400","2026-06-11T11:27:49-0400"
"NIPA","T11400","A448RC",33,"Profits after tax (without IVA and CCAdj)","Current Dollars","2024","Level","6",3041229,"T11400","2026-06-11T11:27:49-0400"
"NIPA","T11400","A448RC",33,"Profits after tax (without IVA and CCAdj)","Current Dollars","2025","Level","6",2992228,"T11400","2026-06-11T11:27:49-0400"
"NIPA","T11400","A450RC",34,"Undistributed profits after tax (without IVA and CCAdj)","Current Dollars","1929","Level","6",3741,"T11400","2026-06-11T11:27:49-0400"
"NIPA","T11400","A450RC",34,"Undistributed profits after tax (without IVA and CCAdj)","Current Dollars","1930","Level","6",-1751,"T11400","2026-06-11T11:27:49-0400"
"NIPA","T11400","A450RC",34,"Undistributed profits after tax (without IVA and CCAdj)","Current Dollars","1931","Level","6",-4002,"T11400","2026-06-11T11:27:49-0400"
"NIPA","T11400","A450RC",34,"Undistributed profits after tax (without IVA and CCAdj)","Current Dollars","1932","Level","6",-4275,"T11400","2026-06-11T11:27:49-0400"
"NIPA","T11400","A450RC",34,"Undistributed profits after tax (without IVA and CCAdj)","Current Dollars","1933","Level","6",-727,"T11400","2026-06-11T11:27:49-0400"
"NIPA","T11400","A450RC",34,"Undistributed profits after tax (without IVA and CCAdj)","Current Dollars","1934","Level","6",-96,"T11400","2026-06-11T11:27:49-0400"
"NIPA","T11400","A450RC",34,"Undistributed profits after tax (without IVA and CCAdj)","Current Dollars","1935","Level","6",576,"T11400","2026-06-11T11:27:49-0400"
"NIPA","T11400","A450RC",34,"Undistributed profits after tax (without IVA and CCAdj)","Current Dollars","1936","Level","6",1175,"T11400","2026-06-11T11:27:49-0400"
"NIPA","T11400","A450RC",34,"Undistributed profits after tax (without IVA and CCAdj)","Current Dollars","1937","Level","6",1317,"T11400","2026-06-11T11:27:49-0400"
"NIPA","T11400","A450RC",34,"Undistributed profits after tax (without IVA and CCAdj)","Current Dollars","1938","Level","6",355,"T11400","2026-06-11T11:27:49-0400"
"NIPA","T11400","A450RC",34,"Undistributed profits after tax (without IVA and CCAdj)","Current Dollars","1939","Level","6",2431,"T11400","2026-06-11T11:27:49-0400"
"NIPA","T11400","A450RC",34,"Undistributed profits after tax (without IVA and CCAdj)","Current Dollars","1940","Level","6",3754,"T11400","2026-06-11T11:27:49-0400"
"NIPA","T11400","A450RC",34,"Undistributed profits after tax (without IVA and CCAdj)","Current Dollars","1941","Level","6",6561,"T11400","2026-06-11T11:27:49-0400"
"NIPA","T11400","A450RC",34,"Undistributed profits after tax (without IVA and CCAdj)","Current Dollars","1942","Level","6",6654,"T11400","2026-06-11T11:27:49-0400"
"NIPA","T11400","A450RC",34,"Undistributed profits after tax (without IVA and CCAdj)","Current Dollars","1943","Level","6",7192,"T11400","2026-06-11T11:27:49-0400"
"NIPA","T11400","A450RC",34,"Undistributed profits after tax (without IVA and CCAdj)","Current Dollars","1944","Level","6",7090,"T11400","2026-06-11T11:27:49-0400"
"NIPA","T11400","A450RC",34,"Undistributed profits after tax (without IVA and CCAdj)","Current Dollars","1945","Level","6",4990,"T11400","2026-06-11T11:27:49-0400"
"NIPA","T11400","A450RC",34,"Undistributed profits after tax (without IVA and CCAdj)","Current Dollars","1946","Level","6",10619,"T11400","2026-06-11T11:27:49-0400"
"NIPA","T11400","A450RC",34,"Undistributed profits after tax (without IVA and CCAdj)","Current Dollars","1947","Level","6",14750,"T11400","2026-06-11T11:27:49-0400"
"NIPA","T11400","A450RC",34,"Undistributed profits after tax (without IVA and CCAdj)","Current Dollars","1948","Level","6",16620,"T11400","2026-06-11T11:27:49-0400"
"NIPA","T11400","A450RC",34,"Undistributed profits after tax (without IVA and CCAdj)","Current Dollars","1949","Level","6",12308,"T11400","2026-06-11T11:27:49-0400"
"NIPA","T11400","A450RC",34,"Undistributed profits after tax (without IVA and CCAdj)","Current Dollars","1950","Level","6",16733,"T11400","2026-06-11T11:27:49-0400"
"NIPA","T11400","A450RC",34,"Undistributed profits after tax (without IVA and CCAdj)","Current Dollars","1951","Level","6",13669,"T11400","2026-06-11T11:27:49-0400"
"NIPA","T11400","A450RC",34,"Undistributed profits after tax (without IVA and CCAdj)","Current Dollars","1952","Level","6",12534,"T11400","2026-06-11T11:27:49-0400"
"NIPA","T11400","A450RC",34,"Undistributed profits after tax (without IVA and CCAdj)","Current Dollars","1953","Level","6",13313,"T11400","2026-06-11T11:27:49-0400"
"NIPA","T11400","A450RC",34,"Undistributed profits after tax (without IVA and CCAdj)","Current Dollars","1954","Level","6",13347,"T11400","2026-06-11T11:27:49-0400"
"NIPA","T11400","A450RC",34,"Undistributed profits after tax (without IVA and CCAdj)","Current Dollars","1955","Level","6",18147,"T11400","2026-06-11T11:27:49-0400"
"NIPA","T11400","A450RC",34,"Undistributed profits after tax (without IVA and CCAdj)","Current Dollars","1956","Level","6",18344,"T11400","2026-06-11T11:27:49-0400"
"NIPA","T11400","A450RC",34,"Undistributed profits after tax (without IVA and CCAdj)","Current Dollars","1957","Level","6",16823,"T11400","2026-06-11T11:27:49-0400"
"NIPA","T11400","A450RC",34,"Undistributed profits after tax (without IVA and CCAdj)","Current Dollars","1958","Level","6",13711,"T11400","2026-06-11T11:27:49-0400"
"NIPA","T11400","A450RC",34,"Undistributed profits after tax (without IVA and CCAdj)","Current Dollars","1959","Level","6",18801,"T11400","2026-06-11T11:27:49-0400"
"NIPA","T11400","A450RC",34,"Undistributed profits after tax (without IVA and CCAdj)","Current Dollars","1960","Level","6",16524,"T11400","2026-06-11T11:27:49-0400"
"NIPA","T11400","A450RC",34,"Undistributed profits after tax (without IVA and CCAdj)","Current Dollars","1961","Level","6",16192,"T11400","2026-06-11T11:27:49-0400"
"NIPA","T11400","A450RC",34,"Undistributed profits after tax (without IVA and CCAdj)","Current Dollars","1962","Level","6",18981,"T11400","2026-06-11T11:27:49-0400"
"NIPA","T11400","A450RC",34,"Undistributed profits after tax (without IVA and CCAdj)","Current Dollars","1963","Level","6",20402,"T11400","2026-06-11T11:27:49-0400"
"NIPA","T11400","A450RC",34,"Undistributed profits after tax (without IVA and CCAdj)","Current Dollars","1964","Level","6",23831,"T11400","2026-06-11T11:27:49-0400"
"NIPA","T11400","A450RC",34,"Undistributed profits after tax (without IVA and CCAdj)","Current Dollars","1965","Level","6",30465,"T11400","2026-06-11T11:27:49-0400"
"NIPA","T11400","A450RC",34,"Undistributed profits after tax (without IVA and CCAdj)","Current Dollars","1966","Level","6",34147,"T11400","2026-06-11T11:27:49-0400"
"NIPA","T11400","A450RC",34,"Undistributed profits after tax (without IVA and CCAdj)","Current Dollars","1967","Level","6",31600,"T11400","2026-06-11T11:27:49-0400"
"NIPA","T11400","A450RC",34,"Undistributed profits after tax (without IVA and CCAdj)","Current Dollars","1968","Level","6",32475,"T11400","2026-06-11T11:27:49-0400"
"NIPA","T11400","A450RC",34,"Undistributed profits after tax (without IVA and CCAdj)","Current Dollars","1969","Level","6",29677,"T11400","2026-06-11T11:27:49-0400"
"NIPA","T11400","A450RC",34,"Undistributed profits after tax (without IVA and CCAdj)","Current Dollars","1970","Level","6",24035,"T11400","2026-06-11T11:27:49-0400"
"NIPA","T11400","A450RC",34,"Undistributed profits after tax (without IVA and CCAdj)","Current Dollars","1971","Level","6",32914,"T11400","2026-06-11T11:27:49-0400"
"NIPA","T11400","A450RC",34,"Undistributed profits after tax (without IVA and CCAdj)","Current Dollars","1972","Level","6",42068,"T11400","2026-06-11T11:27:49-0400"
"NIPA","T11400","A450RC",34,"Undistributed profits after tax (without IVA and CCAdj)","Current Dollars","1973","Level","6",58153,"T11400","2026-06-11T11:27:49-0400"
"NIPA","T11400","A450RC",34,"Undistributed profits after tax (without IVA and CCAdj)","Current Dollars","1974","Level","6",67819,"T11400","2026-06-11T11:27:49-0400"
"NIPA","T11400","A450RC",34,"Undistributed profits after tax (without IVA and CCAdj)","Current Dollars","1975","Level","6",62092,"T11400","2026-06-11T11:27:49-0400"
"NIPA","T11400","A450RC",34,"Undistributed profits after tax (without IVA and CCAdj)","Current Dollars","1976","Level","6",84323,"T11400","2026-06-11T11:27:49-0400"
"NIPA","T11400","A450RC",34,"Undistributed profits after tax (without IVA and CCAdj)","Current Dollars","1977","Level","6",101249,"T11400","2026-06-11T11:27:49-0400"
"NIPA","T11400","A450RC",34,"Undistributed profits after tax (without IVA and CCAdj)","Current Dollars","1978","Level","6",123074,"T11400","2026-06-11T11:27:49-0400"
"NIPA","T11400","A450RC",34,"Undistributed profits after tax (without IVA and CCAdj)","Current Dollars","1979","Level","6",135052,"T11400","2026-06-11T11:27:49-0400"
"NIPA","T11400","A450RC",34,"Undistributed profits after tax (without IVA and CCAdj)","Current Dollars","1980","Level","6",112118,"T11400","2026-06-11T11:27:49-0400"
"NIPA","T11400","A450RC",34,"Undistributed profits after tax (without IVA and CCAdj)","Current Dollars","1981","Level","6",106593,"T11400","2026-06-11T11:27:49-0400"
"NIPA","T11400","A450RC",34,"Undistributed profits after tax (without IVA and CCAdj)","Current Dollars","1982","Level","6",74247,"T11400","2026-06-11T11:27:49-0400"
"NIPA","T11400","A450RC",34,"Undistributed profits after tax (without IVA and CCAdj)","Current Dollars","1983","Level","6",76302,"T11400","2026-06-11T11:27:49-0400"
"NIPA","T11400","A450RC",34,"Undistributed profits after tax (without IVA and CCAdj)","Current Dollars","1984","Level","6",89845,"T11400","2026-06-11T11:27:49-0400"
"NIPA","T11400","A450RC",34,"Undistributed profits after tax (without IVA and CCAdj)","Current Dollars","1985","Level","6",68622,"T11400","2026-06-11T11:27:49-0400"
"NIPA","T11400","A450RC",34,"Undistributed profits after tax (without IVA and CCAdj)","Current Dollars","1986","Level","6",30848,"T11400","2026-06-11T11:27:49-0400"
"NIPA","T11400","A450RC",34,"Undistributed profits after tax (without IVA and CCAdj)","Current Dollars","1987","Level","6",71746,"T11400","2026-06-11T11:27:49-0400"
"NIPA","T11400","A450RC",34,"Undistributed profits after tax (without IVA and CCAdj)","Current Dollars","1988","Level","6",95276,"T11400","2026-06-11T11:27:49-0400"
"NIPA","T11400","A450RC",34,"Undistributed profits after tax (without IVA and CCAdj)","Current Dollars","1989","Level","6",54563,"T11400","2026-06-11T11:27:49-0400"
"NIPA","T11400","A450RC",34,"Undistributed profits after tax (without IVA and CCAdj)","Current Dollars","1990","Level","6",39160,"T11400","2026-06-11T11:27:49-0400"
"NIPA","T11400","A450RC",34,"Undistributed profits after tax (without IVA and CCAdj)","Current Dollars","1991","Level","6",53383,"T11400","2026-06-11T11:27:49-0400"
"NIPA","T11400","A450RC",34,"Undistributed profits after tax (without IVA and CCAdj)","Current Dollars","1992","Level","6",83203,"T11400","2026-06-11T11:27:49-0400"
"NIPA","T11400","A450RC",34,"Undistributed profits after tax (without IVA and CCAdj)","Current Dollars","1993","Level","6",79007,"T11400","2026-06-11T11:27:49-0400"
"NIPA","T11400","A450RC",34,"Undistributed profits after tax (without IVA and CCAdj)","Current Dollars","1994","Level","6",139993,"T11400","2026-06-11T11:27:49-0400"
"NIPA","T11400","A450RC",34,"Undistributed profits after tax (without IVA and CCAdj)","Current Dollars","1995","Level","6",157558,"T11400","2026-06-11T11:27:49-0400"
"NIPA","T11400","A450RC",34,"Undistributed profits after tax (without IVA and CCAdj)","Current Dollars","1996","Level","6",155998,"T11400","2026-06-11T11:27:49-0400"
"NIPA","T11400","A450RC",34,"Undistributed profits after tax (without IVA and CCAdj)","Current Dollars","1997","Level","6",171985,"T11400","2026-06-11T11:27:49-0400"
"NIPA","T11400","A450RC",34,"Undistributed profits after tax (without IVA and CCAdj)","Current Dollars","1998","Level","6",85866,"T11400","2026-06-11T11:27:49-0400"
"NIPA","T11400","A450RC",34,"Undistributed profits after tax (without IVA and CCAdj)","Current Dollars","1999","Level","6",114938,"T11400","2026-06-11T11:27:49-0400"
"NIPA","T11400","A450RC",34,"Undistributed profits after tax (without IVA and CCAdj)","Current Dollars","2000","Level","6",23660,"T11400","2026-06-11T11:27:49-0400"
"NIPA","T11400","A450RC",34,"Undistributed profits after tax (without IVA and CCAdj)","Current Dollars","2001","Level","6",16504,"T11400","2026-06-11T11:27:49-0400"
"NIPA","T11400","A450RC",34,"Undistributed profits after tax (without IVA and CCAdj)","Current Dollars","2002","Level","6",109981,"T11400","2026-06-11T11:27:49-0400"
"NIPA","T11400","A450RC",34,"Undistributed profits after tax (without IVA and CCAdj)","Current Dollars","2003","Level","6",194945,"T11400","2026-06-11T11:27:49-0400"
"NIPA","T11400","A450RC",34,"Undistributed profits after tax (without IVA and CCAdj)","Current Dollars","2004","Level","6",297391,"T11400","2026-06-11T11:27:49-0400"
"NIPA","T11400","A450RC",34,"Undistributed profits after tax (without IVA and CCAdj)","Current Dollars","2005","Level","6",782364,"T11400","2026-06-11T11:27:49-0400"
"NIPA","T11400","A450RC",34,"Undistributed profits after tax (without IVA and CCAdj)","Current Dollars","2006","Level","6",585809,"T11400","2026-06-11T11:27:49-0400"
"NIPA","T11400","A450RC",34,"Undistributed profits after tax (without IVA and CCAdj)","Current Dollars","2007","Level","6",406740,"T11400","2026-06-11T11:27:49-0400"
"NIPA","T11400","A450RC",34,"Undistributed profits after tax (without IVA and CCAdj)","Current Dollars","2008","Level","6",131782,"T11400","2026-06-11T11:27:49-0400"
"NIPA","T11400","A450RC",34,"Undistributed profits after tax (without IVA and CCAdj)","Current Dollars","2009","Level","6",436385,"T11400","2026-06-11T11:27:49-0400"
"NIPA","T11400","A450RC",34,"Undistributed profits after tax (without IVA and CCAdj)","Current Dollars","2010","Level","6",706107,"T11400","2026-06-11T11:27:49-0400"
"NIPA","T11400","A450RC",34,"Undistributed profits after tax (without IVA and CCAdj)","Current Dollars","2011","Level","6",543799,"T11400","2026-06-11T11:27:49-0400"
"NIPA","T11400","A450RC",34,"Undistributed profits after tax (without IVA and CCAdj)","Current Dollars","2012","Level","6",710023,"T11400","2026-06-11T11:27:49-0400"
"NIPA","T11400","A450RC",34,"Undistributed profits after tax (without IVA and CCAdj)","Current Dollars","2013","Level","6",600014,"T11400","2026-06-11T11:27:49-0400"
"NIPA","T11400","A450RC",34,"Undistributed profits after tax (without IVA and CCAdj)","Current Dollars","2014","Level","6",644215,"T11400","2026-06-11T11:27:49-0400"
"NIPA","T11400","A450RC",34,"Undistributed profits after tax (without IVA and CCAdj)","Current Dollars","2015","Level","6",480295,"T11400","2026-06-11T11:27:49-0400"
"NIPA","T11400","A450RC",34,"Undistributed profits after tax (without IVA and CCAdj)","Current Dollars","2016","Level","6",490284,"T11400","2026-06-11T11:27:49-0400"
"NIPA","T11400","A450RC",34,"Undistributed profits after tax (without IVA and CCAdj)","Current Dollars","2017","Level","6",455573,"T11400","2026-06-11T11:27:49-0400"
"NIPA","T11400","A450RC",34,"Undistributed profits after tax (without IVA and CCAdj)","Current Dollars","2018","Level","6",1080598,"T11400","2026-06-11T11:27:49-0400"
"NIPA","T11400","A450RC",34,"Undistributed profits after tax (without IVA and CCAdj)","Current Dollars","2019","Level","6",607490,"T11400","2026-06-11T11:27:49-0400"
"NIPA","T11400","A450RC",34,"Undistributed profits after tax (without IVA and CCAdj)","Current Dollars","2020","Level","6",599192,"T11400","2026-06-11T11:27:49-0400"
"NIPA","T11400","A450RC",34,"Undistributed profits after tax (without IVA and CCAdj)","Current Dollars","2021","Level","6",953179,"T11400","2026-06-11T11:27:49-0400"
"NIPA","T11400","A450RC",34,"Undistributed profits after tax (without IVA and CCAdj)","Current Dollars","2022","Level","6",912728,"T11400","2026-06-11T11:27:49-0400"
"NIPA","T11400","A450RC",34,"Undistributed profits after tax (without IVA and CCAdj)","Current Dollars","2023","Level","6",1027997,"T11400","2026-06-11T11:27:49-0400"
"NIPA","T11400","A450RC",34,"Undistributed profits after tax (without IVA and CCAdj)","Current Dollars","2024","Level","6",1161225,"T11400","2026-06-11T11:27:49-0400"
"NIPA","T11400","A450RC",34,"Undistributed profits after tax (without IVA and CCAdj)","Current Dollars","2025","Level","6",1285375,"T11400","2026-06-11T11:27:49-0400"
"NIPA","T11400","B058RC",35,"Inventory valuation adjustment","Current Dollars","1929","Level","6",472,"T11400","2026-06-11T11:27:49-0400"
"NIPA","T11400","B058RC",35,"Inventory valuation adjustment","Current Dollars","1930","Level","6",3260,"T11400","2026-06-11T11:27:49-0400"
"NIPA","T11400","B058RC",35,"Inventory valuation adjustment","Current Dollars","1931","Level","6",2414,"T11400","2026-06-11T11:27:49-0400"
"NIPA","T11400","B058RC",35,"Inventory valuation adjustment","Current Dollars","1932","Level","6",1047,"T11400","2026-06-11T11:27:49-0400"
"NIPA","T11400","B058RC",35,"Inventory valuation adjustment","Current Dollars","1933","Level","6",-2143,"T11400","2026-06-11T11:27:49-0400"
"NIPA","T11400","B058RC",35,"Inventory valuation adjustment","Current Dollars","1934","Level","6",-625,"T11400","2026-06-11T11:27:49-0400"
"NIPA","T11400","B058RC",35,"Inventory valuation adjustment","Current Dollars","1935","Level","6",-227,"T11400","2026-06-11T11:27:49-0400"
"NIPA","T11400","B058RC",35,"Inventory valuation adjustment","Current Dollars","1936","Level","6",-738,"T11400","2026-06-11T11:27:49-0400"
"NIPA","T11400","B058RC",35,"Inventory valuation adjustment","Current Dollars","1937","Level","6",-31,"T11400","2026-06-11T11:27:49-0400"
"NIPA","T11400","B058RC",35,"Inventory valuation adjustment","Current Dollars","1938","Level","6",963,"T11400","2026-06-11T11:27:49-0400"
"NIPA","T11400","B058RC",35,"Inventory valuation adjustment","Current Dollars","1939","Level","6",-714,"T11400","2026-06-11T11:27:49-0400"
"NIPA","T11400","B058RC",35,"Inventory valuation adjustment","Current Dollars","1940","Level","6",-200,"T11400","2026-06-11T11:27:49-0400"
"NIPA","T11400","B058RC",35,"Inventory valuation adjustment","Current Dollars","1941","Level","6",-2471,"T11400","2026-06-11T11:27:49-0400"
"NIPA","T11400","B058RC",35,"Inventory valuation adjustment","Current Dollars","1942","Level","6",-1204,"T11400","2026-06-11T11:27:49-0400"
"NIPA","T11400","B058RC",35,"Inventory valuation adjustment","Current Dollars","1943","Level","6",-773,"T11400","2026-06-11T11:27:49-0400"
"NIPA","T11400","B058RC",35,"Inventory valuation adjustment","Current Dollars","1944","Level","6",-287,"T11400","2026-06-11T11:27:49-0400"
"NIPA","T11400","B058RC",35,"Inventory valuation adjustment","Current Dollars","1945","Level","6",-564,"T11400","2026-06-11T11:27:49-0400"
"NIPA","T11400","B058RC",35,"Inventory valuation adjustment","Current Dollars","1946","Level","6",-5263,"T11400","2026-06-11T11:27:49-0400"
"NIPA","T11400","B058RC",35,"Inventory valuation adjustment","Current Dollars","1947","Level","6",-5899,"T11400","2026-06-11T11:27:49-0400"
"NIPA","T11400","B058RC",35,"Inventory valuation adjustment","Current Dollars","1948","Level","6",-2152,"T11400","2026-06-11T11:27:49-0400"
"NIPA","T11400","B058RC",35,"Inventory valuation adjustment","Current Dollars","1949","Level","6",1856,"T11400","2026-06-11T11:27:49-0400"
"NIPA","T11400","B058RC",35,"Inventory valuation adjustment","Current Dollars","1950","Level","6",-4965,"T11400","2026-06-11T11:27:49-0400"
"NIPA","T11400","B058RC",35,"Inventory valuation adjustment","Current Dollars","1951","Level","6",-1199,"T11400","2026-06-11T11:27:49-0400"
"NIPA","T11400","B058RC",35,"Inventory valuation adjustment","Current Dollars","1952","Level","6",981,"T11400","2026-06-11T11:27:49-0400"
"NIPA","T11400","B058RC",35,"Inventory valuation adjustment","Current Dollars","1953","Level","6",-997,"T11400","2026-06-11T11:27:49-0400"
"NIPA","T11400","B058RC",35,"Inventory valuation adjustment","Current Dollars","1954","Level","6",-318,"T11400","2026-06-11T11:27:49-0400"
"NIPA","T11400","B058RC",35,"Inventory valuation adjustment","Current Dollars","1955","Level","6",-1736,"T11400","2026-06-11T11:27:49-0400"
"NIPA","T11400","B058RC",35,"Inventory valuation adjustment","Current Dollars","1956","Level","6",-2693,"T11400","2026-06-11T11:27:49-0400"
"NIPA","T11400","B058RC",35,"Inventory valuation adjustment","Current Dollars","1957","Level","6",-1539,"T11400","2026-06-11T11:27:49-0400"
"NIPA","T11400","B058RC",35,"Inventory valuation adjustment","Current Dollars","1958","Level","6",-255,"T11400","2026-06-11T11:27:49-0400"
"NIPA","T11400","B058RC",35,"Inventory valuation adjustment","Current Dollars","1959","Level","6",-277,"T11400","2026-06-11T11:27:49-0400"
"NIPA","T11400","B058RC",35,"Inventory valuation adjustment","Current Dollars","1960","Level","6",-173,"T11400","2026-06-11T11:27:49-0400"
"NIPA","T11400","B058RC",35,"Inventory valuation adjustment","Current Dollars","1961","Level","6",271,"T11400","2026-06-11T11:27:49-0400"
"NIPA","T11400","B058RC",35,"Inventory valuation adjustment","Current Dollars","1962","Level","6",26,"T11400","2026-06-11T11:27:49-0400"
"NIPA","T11400","B058RC",35,"Inventory valuation adjustment","Current Dollars","1963","Level","6",54,"T11400","2026-06-11T11:27:49-0400"
"NIPA","T11400","B058RC",35,"Inventory valuation adjustment","Current Dollars","1964","Level","6",-494,"T11400","2026-06-11T11:27:49-0400"
"NIPA","T11400","B058RC",35,"Inventory valuation adjustment","Current Dollars","1965","Level","6",-1245,"T11400","2026-06-11T11:27:49-0400"
"NIPA","T11400","B058RC",35,"Inventory valuation adjustment","Current Dollars","1966","Level","6",-2107,"T11400","2026-06-11T11:27:49-0400"
"NIPA","T11400","B058RC",35,"Inventory valuation adjustment","Current Dollars","1967","Level","6",-1554,"T11400","2026-06-11T11:27:49-0400"
"NIPA","T11400","B058RC",35,"Inventory valuation adjustment","Current Dollars","1968","Level","6",-3651,"T11400","2026-06-11T11:27:49-0400"
"NIPA","T11400","B058RC",35,"Inventory valuation adjustment","Current Dollars","1969","Level","6",-5870,"T11400","2026-06-11T11:27:49-0400"
"NIPA","T11400","B058RC",35,"Inventory valuation adjustment","Current Dollars","1970","Level","6",-6552,"T11400","2026-06-11T11:27:49-0400"
"NIPA","T11400","B058RC",35,"Inventory valuation adjustment","Current Dollars","1971","Level","6",-4584,"T11400","2026-06-11T11:27:49-0400"
"NIPA","T11400","B058RC",35,"Inventory valuation adjustment","Current Dollars","1972","Level","6",-6610,"T11400","2026-06-11T11:27:49-0400"
"NIPA","T11400","B058RC",35,"Inventory valuation adjustment","Current Dollars","1973","Level","6",-19569,"T11400","2026-06-11T11:27:49-0400"
"NIPA","T11400","B058RC",35,"Inventory valuation adjustment","Current Dollars","1974","Level","6",-38221,"T11400","2026-06-11T11:27:49-0400"
"NIPA","T11400","B058RC",35,"Inventory valuation adjustment","Current Dollars","1975","Level","6",-10544,"T11400","2026-06-11T11:27:49-0400"
"NIPA","T11400","B058RC",35,"Inventory valuation adjustment","Current Dollars","1976","Level","6",-14113,"T11400","2026-06-11T11:27:49-0400"
"NIPA","T11400","B058RC",35,"Inventory valuation adjustment","Current Dollars","1977","Level","6",-15698,"T11400","2026-06-11T11:27:49-0400"
"NIPA","T11400","B058RC",35,"Inventory valuation adjustment","Current Dollars","1978","Level","6",-23709,"T11400","2026-06-11T11:27:49-0400"
"NIPA","T11400","B058RC",35,"Inventory valuation adjustment","Current Dollars","1979","Level","6",-40138,"T11400","2026-06-11T11:27:49-0400"
"NIPA","T11400","B058RC",35,"Inventory valuation adjustment","Current Dollars","1980","Level","6",-42133,"T11400","2026-06-11T11:27:49-0400"
"NIPA","T11400","B058RC",35,"Inventory valuation adjustment","Current Dollars","1981","Level","6",-24626,"T11400","2026-06-11T11:27:49-0400"
"NIPA","T11400","B058RC",35,"Inventory valuation adjustment","Current Dollars","1982","Level","6",-7505,"T11400","2026-06-11T11:27:49-0400"
"NIPA","T11400","B058RC",35,"Inventory valuation adjustment","Current Dollars","1983","Level","6",-7445,"T11400","2026-06-11T11:27:49-0400"
"NIPA","T11400","B058RC",35,"Inventory valuation adjustment","Current Dollars","1984","Level","6",-3979,"T11400","2026-06-11T11:27:49-0400"
"NIPA","T11400","B058RC",35,"Inventory valuation adjustment","Current Dollars","1985","Level","6",21,"T11400","2026-06-11T11:27:49-0400"
"NIPA","T11400","B058RC",35,"Inventory valuation adjustment","Current Dollars","1986","Level","6",7061,"T11400","2026-06-11T11:27:49-0400"
"NIPA","T11400","B058RC",35,"Inventory valuation adjustment","Current Dollars","1987","Level","6",-16239,"T11400","2026-06-11T11:27:49-0400"
"NIPA","T11400","B058RC",35,"Inventory valuation adjustment","Current Dollars","1988","Level","6",-22174,"T11400","2026-06-11T11:27:49-0400"
"NIPA","T11400","B058RC",35,"Inventory valuation adjustment","Current Dollars","1989","Level","6",-16348,"T11400","2026-06-11T11:27:49-0400"
"NIPA","T11400","B058RC",35,"Inventory valuation adjustment","Current Dollars","1990","Level","6",-12892,"T11400","2026-06-11T11:27:49-0400"
"NIPA","T11400","B058RC",35,"Inventory valuation adjustment","Current Dollars","1991","Level","6",4927,"T11400","2026-06-11T11:27:49-0400"
"NIPA","T11400","B058RC",35,"Inventory valuation adjustment","Current Dollars","1992","Level","6",-2821,"T11400","2026-06-11T11:27:49-0400"
"NIPA","T11400","B058RC",35,"Inventory valuation adjustment","Current Dollars","1993","Level","6",-4021,"T11400","2026-06-11T11:27:49-0400"
"NIPA","T11400","B058RC",35,"Inventory valuation adjustment","Current Dollars","1994","Level","6",-12436,"T11400","2026-06-11T11:27:49-0400"
"NIPA","T11400","B058RC",35,"Inventory valuation adjustment","Current Dollars","1995","Level","6",-18284,"T11400","2026-06-11T11:27:49-0400"
"NIPA","T11400","B058RC",35,"Inventory valuation adjustment","Current Dollars","1996","Level","6",3071,"T11400","2026-06-11T11:27:49-0400"
"NIPA","T11400","B058RC",35,"Inventory valuation adjustment","Current Dollars","1997","Level","6",14090,"T11400","2026-06-11T11:27:49-0400"
"NIPA","T11400","B058RC",35,"Inventory valuation adjustment","Current Dollars","1998","Level","6",15743,"T11400","2026-06-11T11:27:49-0400"
"NIPA","T11400","B058RC",35,"Inventory valuation adjustment","Current Dollars","1999","Level","6",-3954,"T11400","2026-06-11T11:27:49-0400"
"NIPA","T11400","B058RC",35,"Inventory valuation adjustment","Current Dollars","2000","Level","6",-16809,"T11400","2026-06-11T11:27:49-0400"
"NIPA","T11400","B058RC",35,"Inventory valuation adjustment","Current Dollars","2001","Level","6",8044,"T11400","2026-06-11T11:27:49-0400"
"NIPA","T11400","B058RC",35,"Inventory valuation adjustment","Current Dollars","2002","Level","6",8866,"T11400","2026-06-11T11:27:49-0400"
"NIPA","T11400","B058RC",35,"Inventory valuation adjustment","Current Dollars","2003","Level","6",-14471,"T11400","2026-06-11T11:27:49-0400"
"NIPA","T11400","B058RC",35,"Inventory valuation adjustment","Current Dollars","2004","Level","6",-40211,"T11400","2026-06-11T11:27:49-0400"
"NIPA","T11400","B058RC",35,"Inventory valuation adjustment","Current Dollars","2005","Level","6",-36030,"T11400","2026-06-11T11:27:49-0400"
"NIPA","T11400","B058RC",35,"Inventory valuation adjustment","Current Dollars","2006","Level","6",-31941,"T11400","2026-06-11T11:27:49-0400"
"NIPA","T11400","B058RC",35,"Inventory valuation adjustment","Current Dollars","2007","Level","6",-43630,"T11400","2026-06-11T11:27:49-0400"
"NIPA","T11400","B058RC",35,"Inventory valuation adjustment","Current Dollars","2008","Level","6",-34830,"T11400","2026-06-11T11:27:49-0400"
"NIPA","T11400","B058RC",35,"Inventory valuation adjustment","Current Dollars","2009","Level","6",2617,"T11400","2026-06-11T11:27:49-0400"
"NIPA","T11400","B058RC",35,"Inventory valuation adjustment","Current Dollars","2010","Level","6",-47593,"T11400","2026-06-11T11:27:49-0400"
"NIPA","T11400","B058RC",35,"Inventory valuation adjustment","Current Dollars","2011","Level","6",-68008,"T11400","2026-06-11T11:27:49-0400"
"NIPA","T11400","B058RC",35,"Inventory valuation adjustment","Current Dollars","2012","Level","6",-11449,"T11400","2026-06-11T11:27:49-0400"
"NIPA","T11400","B058RC",35,"Inventory valuation adjustment","Current Dollars","2013","Level","6",13894,"T11400","2026-06-11T11:27:49-0400"
"NIPA","T11400","B058RC",35,"Inventory valuation adjustment","Current Dollars","2014","Level","6",1830,"T11400","2026-06-11T11:27:49-0400"
"NIPA","T11400","B058RC",35,"Inventory valuation adjustment","Current Dollars","2015","Level","6",57911,"T11400","2026-06-11T11:27:49-0400"
"NIPA","T11400","B058RC",35,"Inventory valuation adjustment","Current Dollars","2016","Level","6",5227,"T11400","2026-06-11T11:27:49-0400"
"NIPA","T11400","B058RC",35,"Inventory valuation adjustment","Current Dollars","2017","Level","6",-47588,"T11400","2026-06-11T11:27:49-0400"
"NIPA","T11400","B058RC",35,"Inventory valuation adjustment","Current Dollars","2018","Level","6",-51012,"T11400","2026-06-11T11:27:49-0400"
"NIPA","T11400","B058RC",35,"Inventory valuation adjustment","Current Dollars","2019","Level","6",540,"T11400","2026-06-11T11:27:49-0400"
"NIPA","T11400","B058RC",35,"Inventory valuation adjustment","Current Dollars","2020","Level","6",-19127,"T11400","2026-06-11T11:27:49-0400"
"NIPA","T11400","B058RC",35,"Inventory valuation adjustment","Current Dollars","2021","Level","6",-256375,"T11400","2026-06-11T11:27:49-0400"
"NIPA","T11400","B058RC",35,"Inventory valuation adjustment","Current Dollars","2022","Level","6",-161468,"T11400","2026-06-11T11:27:49-0400"
"NIPA","T11400","B058RC",35,"Inventory valuation adjustment","Current Dollars","2023","Level","6",32987,"T11400","2026-06-11T11:27:49-0400"
"NIPA","T11400","B058RC",35,"Inventory valuation adjustment","Current Dollars","2024","Level","6",-8915,"T11400","2026-06-11T11:27:49-0400"
"NIPA","T11400","B058RC",35,"Inventory valuation adjustment","Current Dollars","2025","Level","6",-56794,"T11400","2026-06-11T11:27:49-0400"
"NIPA","T11400","A059RC",36,"Capital consumption adjustment","Current Dollars","1929","Level","6",-550,"T11400","2026-06-11T11:27:49-0400"
"NIPA","T11400","A059RC",36,"Capital consumption adjustment","Current Dollars","1930","Level","6",-321,"T11400","2026-06-11T11:27:49-0400"
"NIPA","T11400","A059RC",36,"Capital consumption adjustment","Current Dollars","1931","Level","6",-25,"T11400","2026-06-11T11:27:49-0400"
"NIPA","T11400","A059RC",36,"Capital consumption adjustment","Current Dollars","1932","Level","6",109,"T11400","2026-06-11T11:27:49-0400"
"NIPA","T11400","A059RC",36,"Capital consumption adjustment","Current Dollars","1933","Level","6",136,"T11400","2026-06-11T11:27:49-0400"
"NIPA","T11400","A059RC",36,"Capital consumption adjustment","Current Dollars","1934","Level","6",-73,"T11400","2026-06-11T11:27:49-0400"
"NIPA","T11400","A059RC",36,"Capital consumption adjustment","Current Dollars","1935","Level","6",-126,"T11400","2026-06-11T11:27:49-0400"
"NIPA","T11400","A059RC",36,"Capital consumption adjustment","Current Dollars","1936","Level","6",-139,"T11400","2026-06-11T11:27:49-0400"
"NIPA","T11400","A059RC",36,"Capital consumption adjustment","Current Dollars","1937","Level","6",-546,"T11400","2026-06-11T11:27:49-0400"
"NIPA","T11400","A059RC",36,"Capital consumption adjustment","Current Dollars","1938","Level","6",-558,"T11400","2026-06-11T11:27:49-0400"
"NIPA","T11400","A059RC",36,"Capital consumption adjustment","Current Dollars","1939","Level","6",-472,"T11400","2026-06-11T11:27:49-0400"
"NIPA","T11400","A059RC",36,"Capital consumption adjustment","Current Dollars","1940","Level","6",-564,"T11400","2026-06-11T11:27:49-0400"
"NIPA","T11400","A059RC",36,"Capital consumption adjustment","Current Dollars","1941","Level","6",-598,"T11400","2026-06-11T11:27:49-0400"
"NIPA","T11400","A059RC",36,"Capital consumption adjustment","Current Dollars","1942","Level","6",-483,"T11400","2026-06-11T11:27:49-0400"
"NIPA","T11400","A059RC",36,"Capital consumption adjustment","Current Dollars","1943","Level","6",-173,"T11400","2026-06-11T11:27:49-0400"
"NIPA","T11400","A059RC",36,"Capital consumption adjustment","Current Dollars","1944","Level","6",473,"T11400","2026-06-11T11:27:49-0400"
"NIPA","T11400","A059RC",36,"Capital consumption adjustment","Current Dollars","1945","Level","6",623,"T11400","2026-06-11T11:27:49-0400"
"NIPA","T11400","A059RC",36,"Capital consumption adjustment","Current Dollars","1946","Level","6",-2057,"T11400","2026-06-11T11:27:49-0400"
"NIPA","T11400","A059RC",36,"Capital consumption adjustment","Current Dollars","1947","Level","6",-2573,"T11400","2026-06-11T11:27:49-0400"
"NIPA","T11400","A059RC",36,"Capital consumption adjustment","Current Dollars","1948","Level","6",-2957,"T11400","2026-06-11T11:27:49-0400"
"NIPA","T11400","A059RC",36,"Capital consumption adjustment","Current Dollars","1949","Level","6",-2840,"T11400","2026-06-11T11:27:49-0400"
"NIPA","T11400","A059RC",36,"Capital consumption adjustment","Current Dollars","1950","Level","6",-2757,"T11400","2026-06-11T11:27:49-0400"
"NIPA","T11400","A059RC",36,"Capital consumption adjustment","Current Dollars","1951","Level","6",-2983,"T11400","2026-06-11T11:27:49-0400"
"NIPA","T11400","A059RC",36,"Capital consumption adjustment","Current Dollars","1952","Level","6",-2598,"T11400","2026-06-11T11:27:49-0400"
"NIPA","T11400","A059RC",36,"Capital consumption adjustment","Current Dollars","1953","Level","6",-1858,"T11400","2026-06-11T11:27:49-0400"
"NIPA","T11400","A059RC",36,"Capital consumption adjustment","Current Dollars","1954","Level","6",-1015,"T11400","2026-06-11T11:27:49-0400"
"NIPA","T11400","A059RC",36,"Capital consumption adjustment","Current Dollars","1955","Level","6",463,"T11400","2026-06-11T11:27:49-0400"
"NIPA","T11400","A059RC",36,"Capital consumption adjustment","Current Dollars","1956","Level","6",-286,"T11400","2026-06-11T11:27:49-0400"
"NIPA","T11400","A059RC",36,"Capital consumption adjustment","Current Dollars","1957","Level","6",-515,"T11400","2026-06-11T11:27:49-0400"
"NIPA","T11400","A059RC",36,"Capital consumption adjustment","Current Dollars","1958","Level","6",-918,"T11400","2026-06-11T11:27:49-0400"
"NIPA","T11400","A059RC",36,"Capital consumption adjustment","Current Dollars","1959","Level","6",-163,"T11400","2026-06-11T11:27:49-0400"
"NIPA","T11400","A059RC",36,"Capital consumption adjustment","Current Dollars","1960","Level","6",1000,"T11400","2026-06-11T11:27:49-0400"
"NIPA","T11400","A059RC",36,"Capital consumption adjustment","Current Dollars","1961","Level","6",1770,"T11400","2026-06-11T11:27:49-0400"
"NIPA","T11400","A059RC",36,"Capital consumption adjustment","Current Dollars","1962","Level","6",4813,"T11400","2026-06-11T11:27:49-0400"
"NIPA","T11400","A059RC",36,"Capital consumption adjustment","Current Dollars","1963","Level","6",6038,"T11400","2026-06-11T11:27:49-0400"
"NIPA","T11400","A059RC",36,"Capital consumption adjustment","Current Dollars","1964","Level","6",6756,"T11400","2026-06-11T11:27:49-0400"
"NIPA","T11400","A059RC",36,"Capital consumption adjustment","Current Dollars","1965","Level","6",7424,"T11400","2026-06-11T11:27:49-0400"
"NIPA","T11400","A059RC",36,"Capital consumption adjustment","Current Dollars","1966","Level","6",7845,"T11400","2026-06-11T11:27:49-0400"
"NIPA","T11400","A059RC",36,"Capital consumption adjustment","Current Dollars","1967","Level","6",7816,"T11400","2026-06-11T11:27:49-0400"
"NIPA","T11400","A059RC",36,"Capital consumption adjustment","Current Dollars","1968","Level","6",7492,"T11400","2026-06-11T11:27:49-0400"
"NIPA","T11400","A059RC",36,"Capital consumption adjustment","Current Dollars","1969","Level","6",7634,"T11400","2026-06-11T11:27:49-0400"
"NIPA","T11400","A059RC",36,"Capital consumption adjustment","Current Dollars","1970","Level","6",6533,"T11400","2026-06-11T11:27:49-0400"
"NIPA","T11400","A059RC",36,"Capital consumption adjustment","Current Dollars","1971","Level","6",5960,"T11400","2026-06-11T11:27:49-0400"
"NIPA","T11400","A059RC",36,"Capital consumption adjustment","Current Dollars","1972","Level","6",7937,"T11400","2026-06-11T11:27:49-0400"
"NIPA","T11400","A059RC",36,"Capital consumption adjustment","Current Dollars","1973","Level","6",6828,"T11400","2026-06-11T11:27:49-0400"
"NIPA","T11400","A059RC",36,"Capital consumption adjustment","Current Dollars","1974","Level","6",2399,"T11400","2026-06-11T11:27:49-0400"
"NIPA","T11400","A059RC",36,"Capital consumption adjustment","Current Dollars","1975","Level","6",-5370,"T11400","2026-06-11T11:27:49-0400"
"NIPA","T11400","A059RC",36,"Capital consumption adjustment","Current Dollars","1976","Level","6",-7763,"T11400","2026-06-11T11:27:49-0400"
"NIPA","T11400","A059RC",36,"Capital consumption adjustment","Current Dollars","1977","Level","6",-7012,"T11400","2026-06-11T11:27:49-0400"
"NIPA","T11400","A059RC",36,"Capital consumption adjustment","Current Dollars","1978","Level","6",-8132,"T11400","2026-06-11T11:27:49-0400"
"NIPA","T11400","A059RC",36,"Capital consumption adjustment","Current Dollars","1979","Level","6",-12024,"T11400","2026-06-11T11:27:49-0400"
"NIPA","T11400","A059RC",36,"Capital consumption adjustment","Current Dollars","1980","Level","6",-17065,"T11400","2026-06-11T11:27:49-0400"
"NIPA","T11400","A059RC",36,"Capital consumption adjustment","Current Dollars","1981","Level","6",-4505,"T11400","2026-06-11T11:27:49-0400"
"NIPA","T11400","A059RC",36,"Capital consumption adjustment","Current Dollars","1982","Level","6",5035,"T11400","2026-06-11T11:27:49-0400"
"NIPA","T11400","A059RC",36,"Capital consumption adjustment","Current Dollars","1983","Level","6",23325,"T11400","2026-06-11T11:27:49-0400"
"NIPA","T11400","A059RC",36,"Capital consumption adjustment","Current Dollars","1984","Level","6",43620,"T11400","2026-06-11T11:27:49-0400"
"NIPA","T11400","A059RC",36,"Capital consumption adjustment","Current Dollars","1985","Level","6",64818,"T11400","2026-06-11T11:27:49-0400"
"NIPA","T11400","A059RC",36,"Capital consumption adjustment","Current Dollars","1986","Level","6",51119,"T11400","2026-06-11T11:27:49-0400"
"NIPA","T11400","A059RC",36,"Capital consumption adjustment","Current Dollars","1987","Level","6",51431,"T11400","2026-06-11T11:27:49-0400"
"NIPA","T11400","A059RC",36,"Capital consumption adjustment","Current Dollars","1988","Level","6",48273,"T11400","2026-06-11T11:27:49-0400"
"NIPA","T11400","A059RC",36,"Capital consumption adjustment","Current Dollars","1989","Level","6",41241,"T11400","2026-06-11T11:27:49-0400"
"NIPA","T11400","A059RC",36,"Capital consumption adjustment","Current Dollars","1990","Level","6",26569,"T11400","2026-06-11T11:27:49-0400"
"NIPA","T11400","A059RC",36,"Capital consumption adjustment","Current Dollars","1991","Level","6",18345,"T11400","2026-06-11T11:27:49-0400"
"NIPA","T11400","A059RC",36,"Capital consumption adjustment","Current Dollars","1992","Level","6",17431,"T11400","2026-06-11T11:27:49-0400"
"NIPA","T11400","A059RC",36,"Capital consumption adjustment","Current Dollars","1993","Level","6",22643,"T11400","2026-06-11T11:27:49-0400"
"NIPA","T11400","A059RC",36,"Capital consumption adjustment","Current Dollars","1994","Level","6",35506,"T11400","2026-06-11T11:27:49-0400"
"NIPA","T11400","A059RC",36,"Capital consumption adjustment","Current Dollars","1995","Level","6",39233,"T11400","2026-06-11T11:27:49-0400"
"NIPA","T11400","A059RC",36,"Capital consumption adjustment","Current Dollars","1996","Level","6",47686,"T11400","2026-06-11T11:27:49-0400"
"NIPA","T11400","A059RC",36,"Capital consumption adjustment","Current Dollars","1997","Level","6",58748,"T11400","2026-06-11T11:27:49-0400"
"NIPA","T11400","A059RC",36,"Capital consumption adjustment","Current Dollars","1998","Level","6",64630,"T11400","2026-06-11T11:27:49-0400"
"NIPA","T11400","A059RC",36,"Capital consumption adjustment","Current Dollars","1999","Level","6",73000,"T11400","2026-06-11T11:27:49-0400"
"NIPA","T11400","A059RC",36,"Capital consumption adjustment","Current Dollars","2000","Level","6",56797,"T11400","2026-06-11T11:27:49-0400"
"NIPA","T11400","A059RC",36,"Capital consumption adjustment","Current Dollars","2001","Level","6",61628,"T11400","2026-06-11T11:27:49-0400"
"NIPA","T11400","A059RC",36,"Capital consumption adjustment","Current Dollars","2002","Level","6",114625,"T11400","2026-06-11T11:27:49-0400"
"NIPA","T11400","A059RC",36,"Capital consumption adjustment","Current Dollars","2003","Level","6",100955,"T11400","2026-06-11T11:27:49-0400"
"NIPA","T11400","A059RC",36,"Capital consumption adjustment","Current Dollars","2004","Level","6",72202,"T11400","2026-06-11T11:27:49-0400"
"NIPA","T11400","A059RC",36,"Capital consumption adjustment","Current Dollars","2005","Level","6",-140145,"T11400","2026-06-11T11:27:49-0400"
"NIPA","T11400","A059RC",36,"Capital consumption adjustment","Current Dollars","2006","Level","6",-165568,"T11400","2026-06-11T11:27:49-0400"
"NIPA","T11400","A059RC",36,"Capital consumption adjustment","Current Dollars","2007","Level","6",-174725,"T11400","2026-06-11T11:27:49-0400"
"NIPA","T11400","A059RC",36,"Capital consumption adjustment","Current Dollars","2008","Level","6",-58295,"T11400","2026-06-11T11:27:49-0400"
"NIPA","T11400","A059RC",36,"Capital consumption adjustment","Current Dollars","2009","Level","6",-82629,"T11400","2026-06-11T11:27:49-0400"
"NIPA","T11400","A059RC",36,"Capital consumption adjustment","Current Dollars","2010","Level","6",-56642,"T11400","2026-06-11T11:27:49-0400"
"NIPA","T11400","A059RC",36,"Capital consumption adjustment","Current Dollars","2011","Level","6",60241,"T11400","2026-06-11T11:27:49-0400"
"NIPA","T11400","A059RC",36,"Capital consumption adjustment","Current Dollars","2012","Level","6",-146186,"T11400","2026-06-11T11:27:49-0400"
"NIPA","T11400","A059RC",36,"Capital consumption adjustment","Current Dollars","2013","Level","6",-152919,"T11400","2026-06-11T11:27:49-0400"
"NIPA","T11400","A059RC",36,"Capital consumption adjustment","Current Dollars","2014","Level","6",-143250,"T11400","2026-06-11T11:27:49-0400"
"NIPA","T11400","A059RC",36,"Capital consumption adjustment","Current Dollars","2015","Level","6",-122327,"T11400","2026-06-11T11:27:49-0400"
"NIPA","T11400","A059RC",36,"Capital consumption adjustment","Current Dollars","2016","Level","6",-100875,"T11400","2026-06-11T11:27:49-0400"
"NIPA","T11400","A059RC",36,"Capital consumption adjustment","Current Dollars","2017","Level","6",-22290,"T11400","2026-06-11T11:27:49-0400"
"NIPA","T11400","A059RC",36,"Capital consumption adjustment","Current Dollars","2018","Level","6",98612,"T11400","2026-06-11T11:27:49-0400"
"NIPA","T11400","A059RC",36,"Capital consumption adjustment","Current Dollars","2019","Level","6",95299,"T11400","2026-06-11T11:27:49-0400"
"NIPA","T11400","A059RC",36,"Capital consumption adjustment","Current Dollars","2020","Level","6",-92276,"T11400","2026-06-11T11:27:49-0400"
"NIPA","T11400","A059RC",36,"Capital consumption adjustment","Current Dollars","2021","Level","6",-12420,"T11400","2026-06-11T11:27:49-0400"
"NIPA","T11400","A059RC",36,"Capital consumption adjustment","Current Dollars","2022","Level","6",-83266,"T11400","2026-06-11T11:27:49-0400"
"NIPA","T11400","A059RC",36,"Capital consumption adjustment","Current Dollars","2023","Level","6",-270898,"T11400","2026-06-11T11:27:49-0400"
"NIPA","T11400","A059RC",36,"Capital consumption adjustment","Current Dollars","2024","Level","6",-368494,"T11400","2026-06-11T11:27:49-0400"
"NIPA","T11400","A059RC",36,"Capital consumption adjustment","Current Dollars","2025","Level","6",-79721,"T11400","2026-06-11T11:27:49-0400"
"NIPA","T11400","A464RC",37,"Profits before tax (without IVA and CCAdj)","Current Dollars","1929","Level","6",9027,"T11400","2026-06-11T11:27:49-0400"
"NIPA","T11400","A464RC",37,"Profits before tax (without IVA and CCAdj)","Current Dollars","1930","Level","6",3671,"T11400","2026-06-11T11:27:49-0400"
"NIPA","T11400","A464RC",37,"Profits before tax (without IVA and CCAdj)","Current Dollars","1931","Level","6",-17,"T11400","2026-06-11T11:27:49-0400"
"NIPA","T11400","A464RC",37,"Profits before tax (without IVA and CCAdj)","Current Dollars","1932","Level","6",-2000,"T11400","2026-06-11T11:27:49-0400"
"NIPA","T11400","A464RC",37,"Profits before tax (without IVA and CCAdj)","Current Dollars","1933","Level","6",1021,"T11400","2026-06-11T11:27:49-0400"
"NIPA","T11400","A464RC",37,"Profits before tax (without IVA and CCAdj)","Current Dollars","1934","Level","6",2589,"T11400","2026-06-11T11:27:49-0400"
"NIPA","T11400","A464RC",37,"Profits before tax (without IVA and CCAdj)","Current Dollars","1935","Level","6",3631,"T11400","2026-06-11T11:27:49-0400"
"NIPA","T11400","A464RC",37,"Profits before tax (without IVA and CCAdj)","Current Dollars","1936","Level","6",6108,"T11400","2026-06-11T11:27:49-0400"
"NIPA","T11400","A464RC",37,"Profits before tax (without IVA and CCAdj)","Current Dollars","1937","Level","6",6488,"T11400","2026-06-11T11:27:49-0400"
"NIPA","T11400","A464RC",37,"Profits before tax (without IVA and CCAdj)","Current Dollars","1938","Level","6",3331,"T11400","2026-06-11T11:27:49-0400"
"NIPA","T11400","A464RC",37,"Profits before tax (without IVA and CCAdj)","Current Dollars","1939","Level","6",6473,"T11400","2026-06-11T11:27:49-0400"
"NIPA","T11400","A464RC",37,"Profits before tax (without IVA and CCAdj)","Current Dollars","1940","Level","6",9252,"T11400","2026-06-11T11:27:49-0400"
"NIPA","T11400","A464RC",37,"Profits before tax (without IVA and CCAdj)","Current Dollars","1941","Level","6",17139,"T11400","2026-06-11T11:27:49-0400"
"NIPA","T11400","A464RC",37,"Profits before tax (without IVA and CCAdj)","Current Dollars","1942","Level","6",20739,"T11400","2026-06-11T11:27:49-0400"
"NIPA","T11400","A464RC",37,"Profits before tax (without IVA and CCAdj)","Current Dollars","1943","Level","6",23990,"T11400","2026-06-11T11:27:49-0400"
"NIPA","T11400","A464RC",37,"Profits before tax (without IVA and CCAdj)","Current Dollars","1944","Level","6",22616,"T11400","2026-06-11T11:27:49-0400"
"NIPA","T11400","A464RC",37,"Profits before tax (without IVA and CCAdj)","Current Dollars","1945","Level","6",18278,"T11400","2026-06-11T11:27:49-0400"
"NIPA","T11400","A464RC",37,"Profits before tax (without IVA and CCAdj)","Current Dollars","1946","Level","6",22678,"T11400","2026-06-11T11:27:49-0400"
"NIPA","T11400","A464RC",37,"Profits before tax (without IVA and CCAdj)","Current Dollars","1947","Level","6",29709,"T11400","2026-06-11T11:27:49-0400"
"NIPA","T11400","A464RC",37,"Profits before tax (without IVA and CCAdj)","Current Dollars","1948","Level","6",32493,"T11400","2026-06-11T11:27:49-0400"
"NIPA","T11400","A464RC",37,"Profits before tax (without IVA and CCAdj)","Current Dollars","1949","Level","6",25616,"T11400","2026-06-11T11:27:49-0400"
"NIPA","T11400","A464RC",37,"Profits before tax (without IVA and CCAdj)","Current Dollars","1950","Level","6",39202,"T11400","2026-06-11T11:27:49-0400"
"NIPA","T11400","A464RC",37,"Profits before tax (without IVA and CCAdj)","Current Dollars","1951","Level","6",39909,"T11400","2026-06-11T11:27:49-0400"
"NIPA","T11400","A464RC",37,"Profits before tax (without IVA and CCAdj)","Current Dollars","1952","Level","6",34978,"T11400","2026-06-11T11:27:49-0400"
"NIPA","T11400","A464RC",37,"Profits before tax (without IVA and CCAdj)","Current Dollars","1953","Level","6",36504,"T11400","2026-06-11T11:27:49-0400"
"NIPA","T11400","A464RC",37,"Profits before tax (without IVA and CCAdj)","Current Dollars","1954","Level","6",33717,"T11400","2026-06-11T11:27:49-0400"
"NIPA","T11400","A464RC",37,"Profits before tax (without IVA and CCAdj)","Current Dollars","1955","Level","6",43753,"T11400","2026-06-11T11:27:49-0400"
"NIPA","T11400","A464RC",37,"Profits before tax (without IVA and CCAdj)","Current Dollars","1956","Level","6",44125,"T11400","2026-06-11T11:27:49-0400"
"NIPA","T11400","A464RC",37,"Profits before tax (without IVA and CCAdj)","Current Dollars","1957","Level","6",42101,"T11400","2026-06-11T11:27:49-0400"
"NIPA","T11400","A464RC",37,"Profits before tax (without IVA and CCAdj)","Current Dollars","1958","Level","6",36055,"T11400","2026-06-11T11:27:49-0400"
"NIPA","T11400","A464RC",37,"Profits before tax (without IVA and CCAdj)","Current Dollars","1959","Level","6",45628,"T11400","2026-06-11T11:27:49-0400"
"NIPA","T11400","A464RC",37,"Profits before tax (without IVA and CCAdj)","Current Dollars","1960","Level","6",42283,"T11400","2026-06-11T11:27:49-0400"
"NIPA","T11400","A464RC",37,"Profits before tax (without IVA and CCAdj)","Current Dollars","1961","Level","6",42260,"T11400","2026-06-11T11:27:49-0400"
"NIPA","T11400","A464RC",37,"Profits before tax (without IVA and CCAdj)","Current Dollars","1962","Level","6",46837,"T11400","2026-06-11T11:27:49-0400"
"NIPA","T11400","A464RC",37,"Profits before tax (without IVA and CCAdj)","Current Dollars","1963","Level","6",52039,"T11400","2026-06-11T11:27:49-0400"
"NIPA","T11400","A464RC",37,"Profits before tax (without IVA and CCAdj)","Current Dollars","1964","Level","6",58222,"T11400","2026-06-11T11:27:49-0400"
"NIPA","T11400","A464RC",37,"Profits before tax (without IVA and CCAdj)","Current Dollars","1965","Level","6",69100,"T11400","2026-06-11T11:27:49-0400"
"NIPA","T11400","A464RC",37,"Profits before tax (without IVA and CCAdj)","Current Dollars","1966","Level","6",75117,"T11400","2026-06-11T11:27:49-0400"
"NIPA","T11400","A464RC",37,"Profits before tax (without IVA and CCAdj)","Current Dollars","1967","Level","6",71634,"T11400","2026-06-11T11:27:49-0400"
"NIPA","T11400","A464RC",37,"Profits before tax (without IVA and CCAdj)","Current Dollars","1968","Level","6",79383,"T11400","2026-06-11T11:27:49-0400"
"NIPA","T11400","A464RC",37,"Profits before tax (without IVA and CCAdj)","Current Dollars","1969","Level","6",76421,"T11400","2026-06-11T11:27:49-0400"
"NIPA","T11400","A464RC",37,"Profits before tax (without IVA and CCAdj)","Current Dollars","1970","Level","6",63672,"T11400","2026-06-11T11:27:49-0400"
"NIPA","T11400","A464RC",37,"Profits before tax (without IVA and CCAdj)","Current Dollars","1971","Level","6",73533,"T11400","2026-06-11T11:27:49-0400"
"NIPA","T11400","A464RC",37,"Profits before tax (without IVA and CCAdj)","Current Dollars","1972","Level","6",86899,"T11400","2026-06-11T11:27:49-0400"
"NIPA","T11400","A464RC",37,"Profits before tax (without IVA and CCAdj)","Current Dollars","1973","Level","6",110136,"T11400","2026-06-11T11:27:49-0400"
"NIPA","T11400","A464RC",37,"Profits before tax (without IVA and CCAdj)","Current Dollars","1974","Level","6",123275,"T11400","2026-06-11T11:27:49-0400"
"NIPA","T11400","A464RC",37,"Profits before tax (without IVA and CCAdj)","Current Dollars","1975","Level","6",119716,"T11400","2026-06-11T11:27:49-0400"
"NIPA","T11400","A464RC",37,"Profits before tax (without IVA and CCAdj)","Current Dollars","1976","Level","6",154066,"T11400","2026-06-11T11:27:49-0400"
"NIPA","T11400","A464RC",37,"Profits before tax (without IVA and CCAdj)","Current Dollars","1977","Level","6",176780,"T11400","2026-06-11T11:27:49-0400"
"NIPA","T11400","A464RC",37,"Profits before tax (without IVA and CCAdj)","Current Dollars","1978","Level","6",206780,"T11400","2026-06-11T11:27:49-0400"
"NIPA","T11400","A464RC",37,"Profits before tax (without IVA and CCAdj)","Current Dollars","1979","Level","6",224767,"T11400","2026-06-11T11:27:49-0400"
"NIPA","T11400","A464RC",37,"Profits before tax (without IVA and CCAdj)","Current Dollars","1980","Level","6",212037,"T11400","2026-06-11T11:27:49-0400"
"NIPA","T11400","A464RC",37,"Profits before tax (without IVA and CCAdj)","Current Dollars","1981","Level","6",216645,"T11400","2026-06-11T11:27:49-0400"
"NIPA","T11400","A464RC",37,"Profits before tax (without IVA and CCAdj)","Current Dollars","1982","Level","6",172540,"T11400","2026-06-11T11:27:49-0400"
"NIPA","T11400","A464RC",37,"Profits before tax (without IVA and CCAdj)","Current Dollars","1983","Level","6",192632,"T11400","2026-06-11T11:27:49-0400"
"NIPA","T11400","A464RC",37,"Profits before tax (without IVA and CCAdj)","Current Dollars","1984","Level","6",226972,"T11400","2026-06-11T11:27:49-0400"
"NIPA","T11400","A464RC",37,"Profits before tax (without IVA and CCAdj)","Current Dollars","1985","Level","6",205045,"T11400","2026-06-11T11:27:49-0400"
"NIPA","T11400","A464RC",37,"Profits before tax (without IVA and CCAdj)","Current Dollars","1986","Level","6",170365,"T11400","2026-06-11T11:27:49-0400"
"NIPA","T11400","A464RC",37,"Profits before tax (without IVA and CCAdj)","Current Dollars","1987","Level","6",222478,"T11400","2026-06-11T11:27:49-0400"
"NIPA","T11400","A464RC",37,"Profits before tax (without IVA and CCAdj)","Current Dollars","1988","Level","6",264470,"T11400","2026-06-11T11:27:49-0400"
"NIPA","T11400","A464RC",37,"Profits before tax (without IVA and CCAdj)","Current Dollars","1989","Level","6",243982,"T11400","2026-06-11T11:27:49-0400"
"NIPA","T11400","A464RC",37,"Profits before tax (without IVA and CCAdj)","Current Dollars","1990","Level","6",238347,"T11400","2026-06-11T11:27:49-0400"
"NIPA","T11400","A464RC",37,"Profits before tax (without IVA and CCAdj)","Current Dollars","1991","Level","6",232413,"T11400","2026-06-11T11:27:49-0400"
"NIPA","T11400","A464RC",37,"Profits before tax (without IVA and CCAdj)","Current Dollars","1992","Level","6",257058,"T11400","2026-06-11T11:27:49-0400"
"NIPA","T11400","A464RC",37,"Profits before tax (without IVA and CCAdj)","Current Dollars","1993","Level","6",309098,"T11400","2026-06-11T11:27:49-0400"
"NIPA","T11400","A464RC",37,"Profits before tax (without IVA and CCAdj)","Current Dollars","1994","Level","6",397865,"T11400","2026-06-11T11:27:49-0400"
"NIPA","T11400","A464RC",37,"Profits before tax (without IVA and CCAdj)","Current Dollars","1995","Level","6",452020,"T11400","2026-06-11T11:27:49-0400"
"NIPA","T11400","A464RC",37,"Profits before tax (without IVA and CCAdj)","Current Dollars","1996","Level","6",488919,"T11400","2026-06-11T11:27:49-0400"
"NIPA","T11400","A464RC",37,"Profits before tax (without IVA and CCAdj)","Current Dollars","1997","Level","6",527104,"T11400","2026-06-11T11:27:49-0400"
"NIPA","T11400","A464RC",37,"Profits before tax (without IVA and CCAdj)","Current Dollars","1998","Level","6",486404,"T11400","2026-06-11T11:27:49-0400"
"NIPA","T11400","A464RC",37,"Profits before tax (without IVA and CCAdj)","Current Dollars","1999","Level","6",489554,"T11400","2026-06-11T11:27:49-0400"
"NIPA","T11400","A464RC",37,"Profits before tax (without IVA and CCAdj)","Current Dollars","2000","Level","6",451199,"T11400","2026-06-11T11:27:49-0400"
"NIPA","T11400","A464RC",37,"Profits before tax (without IVA and CCAdj)","Current Dollars","2001","Level","6",325044,"T11400","2026-06-11T11:27:49-0400"
"NIPA","T11400","A464RC",37,"Profits before tax (without IVA and CCAdj)","Current Dollars","2002","Level","6",369703,"T11400","2026-06-11T11:27:49-0400"
"NIPA","T11400","A464RC",37,"Profits before tax (without IVA and CCAdj)","Current Dollars","2003","Level","6",513769,"T11400","2026-06-11T11:27:49-0400"
"NIPA","T11400","A464RC",37,"Profits before tax (without IVA and CCAdj)","Current Dollars","2004","Level","6",725099,"T11400","2026-06-11T11:27:49-0400"
"NIPA","T11400","A464RC",37,"Profits before tax (without IVA and CCAdj)","Current Dollars","2005","Level","6",1044392,"T11400","2026-06-11T11:27:49-0400"
"NIPA","T11400","A464RC",37,"Profits before tax (without IVA and CCAdj)","Current Dollars","2006","Level","6",1210550,"T11400","2026-06-11T11:27:49-0400"
"NIPA","T11400","A464RC",37,"Profits before tax (without IVA and CCAdj)","Current Dollars","2007","Level","6",1130620,"T11400","2026-06-11T11:27:49-0400"
"NIPA","T11400","A464RC",37,"Profits before tax (without IVA and CCAdj)","Current Dollars","2008","Level","6",910245,"T11400","2026-06-11T11:27:49-0400"
"NIPA","T11400","A464RC",37,"Profits before tax (without IVA and CCAdj)","Current Dollars","2009","Level","6",767354,"T11400","2026-06-11T11:27:49-0400"
"NIPA","T11400","A464RC",37,"Profits before tax (without IVA and CCAdj)","Current Dollars","2010","Level","6",1055410,"T11400","2026-06-11T11:27:49-0400"
"NIPA","T11400","A464RC",37,"Profits before tax (without IVA and CCAdj)","Current Dollars","2011","Level","6",1043392,"T11400","2026-06-11T11:27:49-0400"
"NIPA","T11400","A464RC",37,"Profits before tax (without IVA and CCAdj)","Current Dollars","2012","Level","6",1291012,"T11400","2026-06-11T11:27:49-0400"
"NIPA","T11400","A464RC",37,"Profits before tax (without IVA and CCAdj)","Current Dollars","2013","Level","6",1340643,"T11400","2026-06-11T11:27:49-0400"
"NIPA","T11400","A464RC",37,"Profits before tax (without IVA and CCAdj)","Current Dollars","2014","Level","6",1413247,"T11400","2026-06-11T11:27:49-0400"
"NIPA","T11400","A464RC",37,"Profits before tax (without IVA and CCAdj)","Current Dollars","2015","Level","6",1329945,"T11400","2026-06-11T11:27:49-0400"
"NIPA","T11400","A464RC",37,"Profits before tax (without IVA and CCAdj)","Current Dollars","2016","Level","6",1308258,"T11400","2026-06-11T11:27:49-0400"
"NIPA","T11400","A464RC",37,"Profits before tax (without IVA and CCAdj)","Current Dollars","2017","Level","6",1304589,"T11400","2026-06-11T11:27:49-0400"
"NIPA","T11400","A464RC",37,"Profits before tax (without IVA and CCAdj)","Current Dollars","2018","Level","6",1318110,"T11400","2026-06-11T11:27:49-0400"
"NIPA","T11400","A464RC",37,"Profits before tax (without IVA and CCAdj)","Current Dollars","2019","Level","6",1267438,"T11400","2026-06-11T11:27:49-0400"
"NIPA","T11400","A464RC",37,"Profits before tax (without IVA and CCAdj)","Current Dollars","2020","Level","6",1541796,"T11400","2026-06-11T11:27:49-0400"
"NIPA","T11400","A464RC",37,"Profits before tax (without IVA and CCAdj)","Current Dollars","2021","Level","6",2322728,"T11400","2026-06-11T11:27:49-0400"
"NIPA","T11400","A464RC",37,"Profits before tax (without IVA and CCAdj)","Current Dollars","2022","Level","6",2475707,"T11400","2026-06-11T11:27:49-0400"
"NIPA","T11400","A464RC",37,"Profits before tax (without IVA and CCAdj)","Current Dollars","2023","Level","6",2704112,"T11400","2026-06-11T11:27:49-0400"
"NIPA","T11400","A464RC",37,"Profits before tax (without IVA and CCAdj)","Current Dollars","2024","Level","6",2920184,"T11400","2026-06-11T11:27:49-0400"
"NIPA","T11400","A464RC",37,"Profits before tax (without IVA and CCAdj)","Current Dollars","2025","Level","6",2784220,"T11400","2026-06-11T11:27:49-0400"
"NIPA","T11400","A466RC",38,"Profits after tax (without IVA and CCAdj)","Current Dollars","1929","Level","6",7878,"T11400","2026-06-11T11:27:49-0400"
"NIPA","T11400","A466RC",38,"Profits after tax (without IVA and CCAdj)","Current Dollars","1930","Level","6",2931,"T11400","2026-06-11T11:27:49-0400"
"NIPA","T11400","A466RC",38,"Profits after tax (without IVA and CCAdj)","Current Dollars","1931","Level","6",-467,"T11400","2026-06-11T11:27:49-0400"
"NIPA","T11400","A466RC",38,"Profits after tax (without IVA and CCAdj)","Current Dollars","1932","Level","6",-2345,"T11400","2026-06-11T11:27:49-0400"
"NIPA","T11400","A466RC",38,"Profits after tax (without IVA and CCAdj)","Current Dollars","1933","Level","6",533,"T11400","2026-06-11T11:27:49-0400"
"NIPA","T11400","A466RC",38,"Profits after tax (without IVA and CCAdj)","Current Dollars","1934","Level","6",1908,"T11400","2026-06-11T11:27:49-0400"
"NIPA","T11400","A466RC",38,"Profits after tax (without IVA and CCAdj)","Current Dollars","1935","Level","6",2768,"T11400","2026-06-11T11:27:49-0400"
"NIPA","T11400","A466RC",38,"Profits after tax (without IVA and CCAdj)","Current Dollars","1936","Level","6",4851,"T11400","2026-06-11T11:27:49-0400"
"NIPA","T11400","A466RC",38,"Profits after tax (without IVA and CCAdj)","Current Dollars","1937","Level","6",5129,"T11400","2026-06-11T11:27:49-0400"
"NIPA","T11400","A466RC",38,"Profits after tax (without IVA and CCAdj)","Current Dollars","1938","Level","6",2419,"T11400","2026-06-11T11:27:49-0400"
"NIPA","T11400","A466RC",38,"Profits after tax (without IVA and CCAdj)","Current Dollars","1939","Level","6",5143,"T11400","2026-06-11T11:27:49-0400"
"NIPA","T11400","A466RC",38,"Profits after tax (without IVA and CCAdj)","Current Dollars","1940","Level","6",6577,"T11400","2026-06-11T11:27:49-0400"
"NIPA","T11400","A466RC",38,"Profits after tax (without IVA and CCAdj)","Current Dollars","1941","Level","6",9787,"T11400","2026-06-11T11:27:49-0400"
"NIPA","T11400","A466RC",38,"Profits after tax (without IVA and CCAdj)","Current Dollars","1942","Level","6",9627,"T11400","2026-06-11T11:27:49-0400"
"NIPA","T11400","A466RC",38,"Profits after tax (without IVA and CCAdj)","Current Dollars","1943","Level","6",10258,"T11400","2026-06-11T11:27:49-0400"
"NIPA","T11400","A466RC",38,"Profits after tax (without IVA and CCAdj)","Current Dollars","1944","Level","6",10059,"T11400","2026-06-11T11:27:49-0400"
"NIPA","T11400","A466RC",38,"Profits after tax (without IVA and CCAdj)","Current Dollars","1945","Level","6",8094,"T11400","2026-06-11T11:27:49-0400"
"NIPA","T11400","A466RC",38,"Profits after tax (without IVA and CCAdj)","Current Dollars","1946","Level","6",14105,"T11400","2026-06-11T11:27:49-0400"
"NIPA","T11400","A466RC",38,"Profits after tax (without IVA and CCAdj)","Current Dollars","1947","Level","6",18932,"T11400","2026-06-11T11:27:49-0400"
"NIPA","T11400","A466RC",38,"Profits after tax (without IVA and CCAdj)","Current Dollars","1948","Level","6",20812,"T11400","2026-06-11T11:27:49-0400"
"NIPA","T11400","A466RC",38,"Profits after tax (without IVA and CCAdj)","Current Dollars","1949","Level","6",16354,"T11400","2026-06-11T11:27:49-0400"
"NIPA","T11400","A466RC",38,"Profits after tax (without IVA and CCAdj)","Current Dollars","1950","Level","6",22438,"T11400","2026-06-11T11:27:49-0400"
"NIPA","T11400","A466RC",38,"Profits after tax (without IVA and CCAdj)","Current Dollars","1951","Level","6",18805,"T11400","2026-06-11T11:27:49-0400"
"NIPA","T11400","A466RC",38,"Profits after tax (without IVA and CCAdj)","Current Dollars","1952","Level","6",17301,"T11400","2026-06-11T11:27:49-0400"
"NIPA","T11400","A466RC",38,"Profits after tax (without IVA and CCAdj)","Current Dollars","1953","Level","6",18135,"T11400","2026-06-11T11:27:49-0400"
"NIPA","T11400","A466RC",38,"Profits after tax (without IVA and CCAdj)","Current Dollars","1954","Level","6",18189,"T11400","2026-06-11T11:27:49-0400"
"NIPA","T11400","A466RC",38,"Profits after tax (without IVA and CCAdj)","Current Dollars","1955","Level","6",23638,"T11400","2026-06-11T11:27:49-0400"
"NIPA","T11400","A466RC",38,"Profits after tax (without IVA and CCAdj)","Current Dollars","1956","Level","6",24206,"T11400","2026-06-11T11:27:49-0400"
"NIPA","T11400","A466RC",38,"Profits after tax (without IVA and CCAdj)","Current Dollars","1957","Level","6",23120,"T11400","2026-06-11T11:27:49-0400"
"NIPA","T11400","A466RC",38,"Profits after tax (without IVA and CCAdj)","Current Dollars","1958","Level","6",19991,"T11400","2026-06-11T11:27:49-0400"
"NIPA","T11400","A466RC",38,"Profits after tax (without IVA and CCAdj)","Current Dollars","1959","Level","6",24946,"T11400","2026-06-11T11:27:49-0400"
"NIPA","T11400","A466RC",38,"Profits after tax (without IVA and CCAdj)","Current Dollars","1960","Level","6",23141,"T11400","2026-06-11T11:27:49-0400"
"NIPA","T11400","A466RC",38,"Profits after tax (without IVA and CCAdj)","Current Dollars","1961","Level","6",22841,"T11400","2026-06-11T11:27:49-0400"
"NIPA","T11400","A466RC",38,"Profits after tax (without IVA and CCAdj)","Current Dollars","1962","Level","6",26246,"T11400","2026-06-11T11:27:49-0400"
"NIPA","T11400","A466RC",38,"Profits after tax (without IVA and CCAdj)","Current Dollars","1963","Level","6",29285,"T11400","2026-06-11T11:27:49-0400"
"NIPA","T11400","A466RC",38,"Profits after tax (without IVA and CCAdj)","Current Dollars","1964","Level","6",34334,"T11400","2026-06-11T11:27:49-0400"
"NIPA","T11400","A466RC",38,"Profits after tax (without IVA and CCAdj)","Current Dollars","1965","Level","6",41963,"T11400","2026-06-11T11:27:49-0400"
"NIPA","T11400","A466RC",38,"Profits after tax (without IVA and CCAdj)","Current Dollars","1966","Level","6",45625,"T11400","2026-06-11T11:27:49-0400"
"NIPA","T11400","A466RC",38,"Profits after tax (without IVA and CCAdj)","Current Dollars","1967","Level","6",43806,"T11400","2026-06-11T11:27:49-0400"
"NIPA","T11400","A466RC",38,"Profits after tax (without IVA and CCAdj)","Current Dollars","1968","Level","6",45849,"T11400","2026-06-11T11:27:49-0400"
"NIPA","T11400","A466RC",38,"Profits after tax (without IVA and CCAdj)","Current Dollars","1969","Level","6",43077,"T11400","2026-06-11T11:27:49-0400"
"NIPA","T11400","A466RC",38,"Profits after tax (without IVA and CCAdj)","Current Dollars","1970","Level","6",36386,"T11400","2026-06-11T11:27:49-0400"
"NIPA","T11400","A466RC",38,"Profits after tax (without IVA and CCAdj)","Current Dollars","1971","Level","6",43538,"T11400","2026-06-11T11:27:49-0400"
"NIPA","T11400","A466RC",38,"Profits after tax (without IVA and CCAdj)","Current Dollars","1972","Level","6",53104,"T11400","2026-06-11T11:27:49-0400"
"NIPA","T11400","A466RC",38,"Profits after tax (without IVA and CCAdj)","Current Dollars","1973","Level","6",69727,"T11400","2026-06-11T11:27:49-0400"
"NIPA","T11400","A466RC",38,"Profits after tax (without IVA and CCAdj)","Current Dollars","1974","Level","6",80426,"T11400","2026-06-11T11:27:49-0400"
"NIPA","T11400","A466RC",38,"Profits after tax (without IVA and CCAdj)","Current Dollars","1975","Level","6",77808,"T11400","2026-06-11T11:27:49-0400"
"NIPA","T11400","A466RC",38,"Profits after tax (without IVA and CCAdj)","Current Dollars","1976","Level","6",100571,"T11400","2026-06-11T11:27:49-0400"
"NIPA","T11400","A466RC",38,"Profits after tax (without IVA and CCAdj)","Current Dollars","1977","Level","6",116202,"T11400","2026-06-11T11:27:49-0400"
"NIPA","T11400","A466RC",38,"Profits after tax (without IVA and CCAdj)","Current Dollars","1978","Level","6",139224,"T11400","2026-06-11T11:27:49-0400"
"NIPA","T11400","A466RC",38,"Profits after tax (without IVA and CCAdj)","Current Dollars","1979","Level","6",154148,"T11400","2026-06-11T11:27:49-0400"
"NIPA","T11400","A466RC",38,"Profits after tax (without IVA and CCAdj)","Current Dollars","1980","Level","6",143834,"T11400","2026-06-11T11:27:49-0400"
"NIPA","T11400","A466RC",38,"Profits after tax (without IVA and CCAdj)","Current Dollars","1981","Level","6",150651,"T11400","2026-06-11T11:27:49-0400"
"NIPA","T11400","A466RC",38,"Profits after tax (without IVA and CCAdj)","Current Dollars","1982","Level","6",123777,"T11400","2026-06-11T11:27:49-0400"
"NIPA","T11400","A466RC",38,"Profits after tax (without IVA and CCAdj)","Current Dollars","1983","Level","6",130911,"T11400","2026-06-11T11:27:49-0400"
"NIPA","T11400","A466RC",38,"Profits after tax (without IVA and CCAdj)","Current Dollars","1984","Level","6",151032,"T11400","2026-06-11T11:27:49-0400"
"NIPA","T11400","A466RC",38,"Profits after tax (without IVA and CCAdj)","Current Dollars","1985","Level","6",133962,"T11400","2026-06-11T11:27:49-0400"
"NIPA","T11400","A466RC",38,"Profits after tax (without IVA and CCAdj)","Current Dollars","1986","Level","6",94127,"T11400","2026-06-11T11:27:49-0400"
"NIPA","T11400","A466RC",38,"Profits after tax (without IVA and CCAdj)","Current Dollars","1987","Level","6",128248,"T11400","2026-06-11T11:27:49-0400"
"NIPA","T11400","A466RC",38,"Profits after tax (without IVA and CCAdj)","Current Dollars","1988","Level","6",160517,"T11400","2026-06-11T11:27:49-0400"
"NIPA","T11400","A466RC",38,"Profits after tax (without IVA and CCAdj)","Current Dollars","1989","Level","6",142774,"T11400","2026-06-11T11:27:49-0400"
"NIPA","T11400","A466RC",38,"Profits after tax (without IVA and CCAdj)","Current Dollars","1990","Level","6",139894,"T11400","2026-06-11T11:27:49-0400"
"NIPA","T11400","A466RC",38,"Profits after tax (without IVA and CCAdj)","Current Dollars","1991","Level","6",143815,"T11400","2026-06-11T11:27:49-0400"
"NIPA","T11400","A466RC",38,"Profits after tax (without IVA and CCAdj)","Current Dollars","1992","Level","6",162628,"T11400","2026-06-11T11:27:49-0400"
"NIPA","T11400","A466RC",38,"Profits after tax (without IVA and CCAdj)","Current Dollars","1993","Level","6",201057,"T11400","2026-06-11T11:27:49-0400"
"NIPA","T11400","A466RC",38,"Profits after tax (without IVA and CCAdj)","Current Dollars","1994","Level","6",265509,"T11400","2026-06-11T11:27:49-0400"
"NIPA","T11400","A466RC",38,"Profits after tax (without IVA and CCAdj)","Current Dollars","1995","Level","6",311697,"T11400","2026-06-11T11:27:49-0400"
"NIPA","T11400","A466RC",38,"Profits after tax (without IVA and CCAdj)","Current Dollars","1996","Level","6",335991,"T11400","2026-06-11T11:27:49-0400"
"NIPA","T11400","A466RC",38,"Profits after tax (without IVA and CCAdj)","Current Dollars","1997","Level","6",365745,"T11400","2026-06-11T11:27:49-0400"
"NIPA","T11400","A466RC",38,"Profits after tax (without IVA and CCAdj)","Current Dollars","1998","Level","6",327736,"T11400","2026-06-11T11:27:49-0400"
"NIPA","T11400","A466RC",38,"Profits after tax (without IVA and CCAdj)","Current Dollars","1999","Level","6",323090,"T11400","2026-06-11T11:27:49-0400"
"NIPA","T11400","A466RC",38,"Profits after tax (without IVA and CCAdj)","Current Dollars","2000","Level","6",286114,"T11400","2026-06-11T11:27:49-0400"
"NIPA","T11400","A466RC",38,"Profits after tax (without IVA and CCAdj)","Current Dollars","2001","Level","6",218833,"T11400","2026-06-11T11:27:49-0400"
"NIPA","T11400","A466RC",38,"Profits after tax (without IVA and CCAdj)","Current Dollars","2002","Level","6",278627,"T11400","2026-06-11T11:27:49-0400"
"NIPA","T11400","A466RC",38,"Profits after tax (without IVA and CCAdj)","Current Dollars","2003","Level","6",387276,"T11400","2026-06-11T11:27:49-0400"
"NIPA","T11400","A466RC",38,"Profits after tax (without IVA and CCAdj)","Current Dollars","2004","Level","6",545865,"T11400","2026-06-11T11:27:49-0400"
"NIPA","T11400","A466RC",38,"Profits after tax (without IVA and CCAdj)","Current Dollars","2005","Level","6",781851,"T11400","2026-06-11T11:27:49-0400"
"NIPA","T11400","A466RC",38,"Profits after tax (without IVA and CCAdj)","Current Dollars","2006","Level","6",914468,"T11400","2026-06-11T11:27:49-0400"
"NIPA","T11400","A466RC",38,"Profits after tax (without IVA and CCAdj)","Current Dollars","2007","Level","6",853000,"T11400","2026-06-11T11:27:49-0400"
"NIPA","T11400","A466RC",38,"Profits after tax (without IVA and CCAdj)","Current Dollars","2008","Level","6",703039,"T11400","2026-06-11T11:27:49-0400"
"NIPA","T11400","A466RC",38,"Profits after tax (without IVA and CCAdj)","Current Dollars","2009","Level","6",605918,"T11400","2026-06-11T11:27:49-0400"
"NIPA","T11400","A466RC",38,"Profits after tax (without IVA and CCAdj)","Current Dollars","2010","Level","6",851626,"T11400","2026-06-11T11:27:49-0400"
"NIPA","T11400","A466RC",38,"Profits after tax (without IVA and CCAdj)","Current Dollars","2011","Level","6",834174,"T11400","2026-06-11T11:27:49-0400"
"NIPA","T11400","A466RC",38,"Profits after tax (without IVA and CCAdj)","Current Dollars","2012","Level","6",1045208,"T11400","2026-06-11T11:27:49-0400"
"NIPA","T11400","A466RC",38,"Profits after tax (without IVA and CCAdj)","Current Dollars","2013","Level","6",1076687,"T11400","2026-06-11T11:27:49-0400"
"NIPA","T11400","A466RC",38,"Profits after tax (without IVA and CCAdj)","Current Dollars","2014","Level","6",1122618,"T11400","2026-06-11T11:27:49-0400"
"NIPA","T11400","A466RC",38,"Profits after tax (without IVA and CCAdj)","Current Dollars","2015","Level","6",1045997,"T11400","2026-06-11T11:27:49-0400"
"NIPA","T11400","A466RC",38,"Profits after tax (without IVA and CCAdj)","Current Dollars","2016","Level","6",1046198,"T11400","2026-06-11T11:27:49-0400"
"NIPA","T11400","A466RC",38,"Profits after tax (without IVA and CCAdj)","Current Dollars","2017","Level","6",1090774,"T11400","2026-06-11T11:27:49-0400"
"NIPA","T11400","A466RC",38,"Profits after tax (without IVA and CCAdj)","Current Dollars","2018","Level","6",1105166,"T11400","2026-06-11T11:27:49-0400"
"NIPA","T11400","A466RC",38,"Profits after tax (without IVA and CCAdj)","Current Dollars","2019","Level","6",1070649,"T11400","2026-06-11T11:27:49-0400"
"NIPA","T11400","A466RC",38,"Profits after tax (without IVA and CCAdj)","Current Dollars","2020","Level","6",1329798,"T11400","2026-06-11T11:27:49-0400"
"NIPA","T11400","A466RC",38,"Profits after tax (without IVA and CCAdj)","Current Dollars","2021","Level","6",1978947,"T11400","2026-06-11T11:27:49-0400"
"NIPA","T11400","A466RC",38,"Profits after tax (without IVA and CCAdj)","Current Dollars","2022","Level","6",2003885,"T11400","2026-06-11T11:27:49-0400"
"NIPA","T11400","A466RC",38,"Profits after tax (without IVA and CCAdj)","Current Dollars","2023","Level","6",2217253,"T11400","2026-06-11T11:27:49-0400"
"NIPA","T11400","A466RC",38,"Profits after tax (without IVA and CCAdj)","Current Dollars","2024","Level","6",2379983,"T11400","2026-06-11T11:27:49-0400"
"NIPA","T11400","A466RC",38,"Profits after tax (without IVA and CCAdj)","Current Dollars","2025","Level","6",2247254,"T11400","2026-06-11T11:27:49-0400"
"NIPA","T11400","B058RC",39,"Inventory valuation adjustment","Current Dollars","1929","Level","6",472,"T11400","2026-06-11T11:27:49-0400"
"NIPA","T11400","B058RC",39,"Inventory valuation adjustment","Current Dollars","1930","Level","6",3260,"T11400","2026-06-11T11:27:49-0400"
"NIPA","T11400","B058RC",39,"Inventory valuation adjustment","Current Dollars","1931","Level","6",2414,"T11400","2026-06-11T11:27:49-0400"
"NIPA","T11400","B058RC",39,"Inventory valuation adjustment","Current Dollars","1932","Level","6",1047,"T11400","2026-06-11T11:27:49-0400"
"NIPA","T11400","B058RC",39,"Inventory valuation adjustment","Current Dollars","1933","Level","6",-2143,"T11400","2026-06-11T11:27:49-0400"
"NIPA","T11400","B058RC",39,"Inventory valuation adjustment","Current Dollars","1934","Level","6",-625,"T11400","2026-06-11T11:27:49-0400"
"NIPA","T11400","B058RC",39,"Inventory valuation adjustment","Current Dollars","1935","Level","6",-227,"T11400","2026-06-11T11:27:49-0400"
"NIPA","T11400","B058RC",39,"Inventory valuation adjustment","Current Dollars","1936","Level","6",-738,"T11400","2026-06-11T11:27:49-0400"
"NIPA","T11400","B058RC",39,"Inventory valuation adjustment","Current Dollars","1937","Level","6",-31,"T11400","2026-06-11T11:27:49-0400"
"NIPA","T11400","B058RC",39,"Inventory valuation adjustment","Current Dollars","1938","Level","6",963,"T11400","2026-06-11T11:27:49-0400"
"NIPA","T11400","B058RC",39,"Inventory valuation adjustment","Current Dollars","1939","Level","6",-714,"T11400","2026-06-11T11:27:49-0400"
"NIPA","T11400","B058RC",39,"Inventory valuation adjustment","Current Dollars","1940","Level","6",-200,"T11400","2026-06-11T11:27:49-0400"
"NIPA","T11400","B058RC",39,"Inventory valuation adjustment","Current Dollars","1941","Level","6",-2471,"T11400","2026-06-11T11:27:49-0400"
"NIPA","T11400","B058RC",39,"Inventory valuation adjustment","Current Dollars","1942","Level","6",-1204,"T11400","2026-06-11T11:27:49-0400"
"NIPA","T11400","B058RC",39,"Inventory valuation adjustment","Current Dollars","1943","Level","6",-773,"T11400","2026-06-11T11:27:49-0400"
"NIPA","T11400","B058RC",39,"Inventory valuation adjustment","Current Dollars","1944","Level","6",-287,"T11400","2026-06-11T11:27:49-0400"
"NIPA","T11400","B058RC",39,"Inventory valuation adjustment","Current Dollars","1945","Level","6",-564,"T11400","2026-06-11T11:27:49-0400"
"NIPA","T11400","B058RC",39,"Inventory valuation adjustment","Current Dollars","1946","Level","6",-5263,"T11400","2026-06-11T11:27:49-0400"
"NIPA","T11400","B058RC",39,"Inventory valuation adjustment","Current Dollars","1947","Level","6",-5899,"T11400","2026-06-11T11:27:49-0400"
"NIPA","T11400","B058RC",39,"Inventory valuation adjustment","Current Dollars","1948","Level","6",-2152,"T11400","2026-06-11T11:27:49-0400"
"NIPA","T11400","B058RC",39,"Inventory valuation adjustment","Current Dollars","1949","Level","6",1856,"T11400","2026-06-11T11:27:49-0400"
"NIPA","T11400","B058RC",39,"Inventory valuation adjustment","Current Dollars","1950","Level","6",-4965,"T11400","2026-06-11T11:27:49-0400"
"NIPA","T11400","B058RC",39,"Inventory valuation adjustment","Current Dollars","1951","Level","6",-1199,"T11400","2026-06-11T11:27:49-0400"
"NIPA","T11400","B058RC",39,"Inventory valuation adjustment","Current Dollars","1952","Level","6",981,"T11400","2026-06-11T11:27:49-0400"
"NIPA","T11400","B058RC",39,"Inventory valuation adjustment","Current Dollars","1953","Level","6",-997,"T11400","2026-06-11T11:27:49-0400"
"NIPA","T11400","B058RC",39,"Inventory valuation adjustment","Current Dollars","1954","Level","6",-318,"T11400","2026-06-11T11:27:49-0400"
"NIPA","T11400","B058RC",39,"Inventory valuation adjustment","Current Dollars","1955","Level","6",-1736,"T11400","2026-06-11T11:27:49-0400"
"NIPA","T11400","B058RC",39,"Inventory valuation adjustment","Current Dollars","1956","Level","6",-2693,"T11400","2026-06-11T11:27:49-0400"
"NIPA","T11400","B058RC",39,"Inventory valuation adjustment","Current Dollars","1957","Level","6",-1539,"T11400","2026-06-11T11:27:49-0400"
"NIPA","T11400","B058RC",39,"Inventory valuation adjustment","Current Dollars","1958","Level","6",-255,"T11400","2026-06-11T11:27:49-0400"
"NIPA","T11400","B058RC",39,"Inventory valuation adjustment","Current Dollars","1959","Level","6",-277,"T11400","2026-06-11T11:27:49-0400"
"NIPA","T11400","B058RC",39,"Inventory valuation adjustment","Current Dollars","1960","Level","6",-173,"T11400","2026-06-11T11:27:49-0400"
"NIPA","T11400","B058RC",39,"Inventory valuation adjustment","Current Dollars","1961","Level","6",271,"T11400","2026-06-11T11:27:49-0400"
"NIPA","T11400","B058RC",39,"Inventory valuation adjustment","Current Dollars","1962","Level","6",26,"T11400","2026-06-11T11:27:49-0400"
"NIPA","T11400","B058RC",39,"Inventory valuation adjustment","Current Dollars","1963","Level","6",54,"T11400","2026-06-11T11:27:49-0400"
"NIPA","T11400","B058RC",39,"Inventory valuation adjustment","Current Dollars","1964","Level","6",-494,"T11400","2026-06-11T11:27:49-0400"
"NIPA","T11400","B058RC",39,"Inventory valuation adjustment","Current Dollars","1965","Level","6",-1245,"T11400","2026-06-11T11:27:49-0400"
"NIPA","T11400","B058RC",39,"Inventory valuation adjustment","Current Dollars","1966","Level","6",-2107,"T11400","2026-06-11T11:27:49-0400"
"NIPA","T11400","B058RC",39,"Inventory valuation adjustment","Current Dollars","1967","Level","6",-1554,"T11400","2026-06-11T11:27:49-0400"
"NIPA","T11400","B058RC",39,"Inventory valuation adjustment","Current Dollars","1968","Level","6",-3651,"T11400","2026-06-11T11:27:49-0400"
"NIPA","T11400","B058RC",39,"Inventory valuation adjustment","Current Dollars","1969","Level","6",-5870,"T11400","2026-06-11T11:27:49-0400"
"NIPA","T11400","B058RC",39,"Inventory valuation adjustment","Current Dollars","1970","Level","6",-6552,"T11400","2026-06-11T11:27:49-0400"
"NIPA","T11400","B058RC",39,"Inventory valuation adjustment","Current Dollars","1971","Level","6",-4584,"T11400","2026-06-11T11:27:49-0400"
"NIPA","T11400","B058RC",39,"Inventory valuation adjustment","Current Dollars","1972","Level","6",-6610,"T11400","2026-06-11T11:27:49-0400"
"NIPA","T11400","B058RC",39,"Inventory valuation adjustment","Current Dollars","1973","Level","6",-19569,"T11400","2026-06-11T11:27:49-0400"
"NIPA","T11400","B058RC",39,"Inventory valuation adjustment","Current Dollars","1974","Level","6",-38221,"T11400","2026-06-11T11:27:49-0400"
"NIPA","T11400","B058RC",39,"Inventory valuation adjustment","Current Dollars","1975","Level","6",-10544,"T11400","2026-06-11T11:27:49-0400"
"NIPA","T11400","B058RC",39,"Inventory valuation adjustment","Current Dollars","1976","Level","6",-14113,"T11400","2026-06-11T11:27:49-0400"
"NIPA","T11400","B058RC",39,"Inventory valuation adjustment","Current Dollars","1977","Level","6",-15698,"T11400","2026-06-11T11:27:49-0400"
"NIPA","T11400","B058RC",39,"Inventory valuation adjustment","Current Dollars","1978","Level","6",-23709,"T11400","2026-06-11T11:27:49-0400"
"NIPA","T11400","B058RC",39,"Inventory valuation adjustment","Current Dollars","1979","Level","6",-40138,"T11400","2026-06-11T11:27:49-0400"
"NIPA","T11400","B058RC",39,"Inventory valuation adjustment","Current Dollars","1980","Level","6",-42133,"T11400","2026-06-11T11:27:49-0400"
"NIPA","T11400","B058RC",39,"Inventory valuation adjustment","Current Dollars","1981","Level","6",-24626,"T11400","2026-06-11T11:27:49-0400"
"NIPA","T11400","B058RC",39,"Inventory valuation adjustment","Current Dollars","1982","Level","6",-7505,"T11400","2026-06-11T11:27:49-0400"
"NIPA","T11400","B058RC",39,"Inventory valuation adjustment","Current Dollars","1983","Level","6",-7445,"T11400","2026-06-11T11:27:49-0400"
"NIPA","T11400","B058RC",39,"Inventory valuation adjustment","Current Dollars","1984","Level","6",-3979,"T11400","2026-06-11T11:27:49-0400"
"NIPA","T11400","B058RC",39,"Inventory valuation adjustment","Current Dollars","1985","Level","6",21,"T11400","2026-06-11T11:27:49-0400"
"NIPA","T11400","B058RC",39,"Inventory valuation adjustment","Current Dollars","1986","Level","6",7061,"T11400","2026-06-11T11:27:49-0400"
"NIPA","T11400","B058RC",39,"Inventory valuation adjustment","Current Dollars","1987","Level","6",-16239,"T11400","2026-06-11T11:27:49-0400"
"NIPA","T11400","B058RC",39,"Inventory valuation adjustment","Current Dollars","1988","Level","6",-22174,"T11400","2026-06-11T11:27:49-0400"
"NIPA","T11400","B058RC",39,"Inventory valuation adjustment","Current Dollars","1989","Level","6",-16348,"T11400","2026-06-11T11:27:49-0400"
"NIPA","T11400","B058RC",39,"Inventory valuation adjustment","Current Dollars","1990","Level","6",-12892,"T11400","2026-06-11T11:27:49-0400"
"NIPA","T11400","B058RC",39,"Inventory valuation adjustment","Current Dollars","1991","Level","6",4927,"T11400","2026-06-11T11:27:49-0400"
"NIPA","T11400","B058RC",39,"Inventory valuation adjustment","Current Dollars","1992","Level","6",-2821,"T11400","2026-06-11T11:27:49-0400"
"NIPA","T11400","B058RC",39,"Inventory valuation adjustment","Current Dollars","1993","Level","6",-4021,"T11400","2026-06-11T11:27:49-0400"
"NIPA","T11400","B058RC",39,"Inventory valuation adjustment","Current Dollars","1994","Level","6",-12436,"T11400","2026-06-11T11:27:49-0400"
"NIPA","T11400","B058RC",39,"Inventory valuation adjustment","Current Dollars","1995","Level","6",-18284,"T11400","2026-06-11T11:27:49-0400"
"NIPA","T11400","B058RC",39,"Inventory valuation adjustment","Current Dollars","1996","Level","6",3071,"T11400","2026-06-11T11:27:49-0400"
"NIPA","T11400","B058RC",39,"Inventory valuation adjustment","Current Dollars","1997","Level","6",14090,"T11400","2026-06-11T11:27:49-0400"
"NIPA","T11400","B058RC",39,"Inventory valuation adjustment","Current Dollars","1998","Level","6",15743,"T11400","2026-06-11T11:27:49-0400"
"NIPA","T11400","B058RC",39,"Inventory valuation adjustment","Current Dollars","1999","Level","6",-3954,"T11400","2026-06-11T11:27:49-0400"
"NIPA","T11400","B058RC",39,"Inventory valuation adjustment","Current Dollars","2000","Level","6",-16809,"T11400","2026-06-11T11:27:49-0400"
"NIPA","T11400","B058RC",39,"Inventory valuation adjustment","Current Dollars","2001","Level","6",8044,"T11400","2026-06-11T11:27:49-0400"
"NIPA","T11400","B058RC",39,"Inventory valuation adjustment","Current Dollars","2002","Level","6",8866,"T11400","2026-06-11T11:27:49-0400"
"NIPA","T11400","B058RC",39,"Inventory valuation adjustment","Current Dollars","2003","Level","6",-14471,"T11400","2026-06-11T11:27:49-0400"
"NIPA","T11400","B058RC",39,"Inventory valuation adjustment","Current Dollars","2004","Level","6",-40211,"T11400","2026-06-11T11:27:49-0400"
"NIPA","T11400","B058RC",39,"Inventory valuation adjustment","Current Dollars","2005","Level","6",-36030,"T11400","2026-06-11T11:27:49-0400"
"NIPA","T11400","B058RC",39,"Inventory valuation adjustment","Current Dollars","2006","Level","6",-31941,"T11400","2026-06-11T11:27:49-0400"
"NIPA","T11400","B058RC",39,"Inventory valuation adjustment","Current Dollars","2007","Level","6",-43630,"T11400","2026-06-11T11:27:49-0400"
"NIPA","T11400","B058RC",39,"Inventory valuation adjustment","Current Dollars","2008","Level","6",-34830,"T11400","2026-06-11T11:27:49-0400"
"NIPA","T11400","B058RC",39,"Inventory valuation adjustment","Current Dollars","2009","Level","6",2617,"T11400","2026-06-11T11:27:49-0400"
"NIPA","T11400","B058RC",39,"Inventory valuation adjustment","Current Dollars","2010","Level","6",-47593,"T11400","2026-06-11T11:27:49-0400"
"NIPA","T11400","B058RC",39,"Inventory valuation adjustment","Current Dollars","2011","Level","6",-68008,"T11400","2026-06-11T11:27:49-0400"
"NIPA","T11400","B058RC",39,"Inventory valuation adjustment","Current Dollars","2012","Level","6",-11449,"T11400","2026-06-11T11:27:49-0400"
"NIPA","T11400","B058RC",39,"Inventory valuation adjustment","Current Dollars","2013","Level","6",13894,"T11400","2026-06-11T11:27:49-0400"
"NIPA","T11400","B058RC",39,"Inventory valuation adjustment","Current Dollars","2014","Level","6",1830,"T11400","2026-06-11T11:27:49-0400"
"NIPA","T11400","B058RC",39,"Inventory valuation adjustment","Current Dollars","2015","Level","6",57911,"T11400","2026-06-11T11:27:49-0400"
"NIPA","T11400","B058RC",39,"Inventory valuation adjustment","Current Dollars","2016","Level","6",5227,"T11400","2026-06-11T11:27:49-0400"
"NIPA","T11400","B058RC",39,"Inventory valuation adjustment","Current Dollars","2017","Level","6",-47588,"T11400","2026-06-11T11:27:49-0400"
"NIPA","T11400","B058RC",39,"Inventory valuation adjustment","Current Dollars","2018","Level","6",-51012,"T11400","2026-06-11T11:27:49-0400"
"NIPA","T11400","B058RC",39,"Inventory valuation adjustment","Current Dollars","2019","Level","6",540,"T11400","2026-06-11T11:27:49-0400"
"NIPA","T11400","B058RC",39,"Inventory valuation adjustment","Current Dollars","2020","Level","6",-19127,"T11400","2026-06-11T11:27:49-0400"
"NIPA","T11400","B058RC",39,"Inventory valuation adjustment","Current Dollars","2021","Level","6",-256375,"T11400","2026-06-11T11:27:49-0400"
"NIPA","T11400","B058RC",39,"Inventory valuation adjustment","Current Dollars","2022","Level","6",-161468,"T11400","2026-06-11T11:27:49-0400"
"NIPA","T11400","B058RC",39,"Inventory valuation adjustment","Current Dollars","2023","Level","6",32987,"T11400","2026-06-11T11:27:49-0400"
"NIPA","T11400","B058RC",39,"Inventory valuation adjustment","Current Dollars","2024","Level","6",-8915,"T11400","2026-06-11T11:27:49-0400"
"NIPA","T11400","B058RC",39,"Inventory valuation adjustment","Current Dollars","2025","Level","6",-56794,"T11400","2026-06-11T11:27:49-0400"
"NIPA","T11400","B470RC",40,"Capital consumption adjustment","Current Dollars","1929","Level","6",-458,"T11400","2026-06-11T11:27:49-0400"
"NIPA","T11400","B470RC",40,"Capital consumption adjustment","Current Dollars","1930","Level","6",-238,"T11400","2026-06-11T11:27:49-0400"
"NIPA","T11400","B470RC",40,"Capital consumption adjustment","Current Dollars","1931","Level","6",41,"T11400","2026-06-11T11:27:49-0400"
"NIPA","T11400","B470RC",40,"Capital consumption adjustment","Current Dollars","1932","Level","6",155,"T11400","2026-06-11T11:27:49-0400"
"NIPA","T11400","B470RC",40,"Capital consumption adjustment","Current Dollars","1933","Level","6",167,"T11400","2026-06-11T11:27:49-0400"
"NIPA","T11400","B470RC",40,"Capital consumption adjustment","Current Dollars","1934","Level","6",-29,"T11400","2026-06-11T11:27:49-0400"
"NIPA","T11400","B470RC",40,"Capital consumption adjustment","Current Dollars","1935","Level","6",-88,"T11400","2026-06-11T11:27:49-0400"
"NIPA","T11400","B470RC",40,"Capital consumption adjustment","Current Dollars","1936","Level","6",-107,"T11400","2026-06-11T11:27:49-0400"
"NIPA","T11400","B470RC",40,"Capital consumption adjustment","Current Dollars","1937","Level","6",-488,"T11400","2026-06-11T11:27:49-0400"
"NIPA","T11400","B470RC",40,"Capital consumption adjustment","Current Dollars","1938","Level","6",-502,"T11400","2026-06-11T11:27:49-0400"
"NIPA","T11400","B470RC",40,"Capital consumption adjustment","Current Dollars","1939","Level","6",-409,"T11400","2026-06-11T11:27:49-0400"
"NIPA","T11400","B470RC",40,"Capital consumption adjustment","Current Dollars","1940","Level","6",-507,"T11400","2026-06-11T11:27:49-0400"
"NIPA","T11400","B470RC",40,"Capital consumption adjustment","Current Dollars","1941","Level","6",-516,"T11400","2026-06-11T11:27:49-0400"
"NIPA","T11400","B470RC",40,"Capital consumption adjustment","Current Dollars","1942","Level","6",-332,"T11400","2026-06-11T11:27:49-0400"
"NIPA","T11400","B470RC",40,"Capital consumption adjustment","Current Dollars","1943","Level","6",-27,"T11400","2026-06-11T11:27:49-0400"
"NIPA","T11400","B470RC",40,"Capital consumption adjustment","Current Dollars","1944","Level","6",628,"T11400","2026-06-11T11:27:49-0400"
"NIPA","T11400","B470RC",40,"Capital consumption adjustment","Current Dollars","1945","Level","6",761,"T11400","2026-06-11T11:27:49-0400"
"NIPA","T11400","B470RC",40,"Capital consumption adjustment","Current Dollars","1946","Level","6",-1909,"T11400","2026-06-11T11:27:49-0400"
"NIPA","T11400","B470RC",40,"Capital consumption adjustment","Current Dollars","1947","Level","6",-2369,"T11400","2026-06-11T11:27:49-0400"
"NIPA","T11400","B470RC",40,"Capital consumption adjustment","Current Dollars","1948","Level","6",-2727,"T11400","2026-06-11T11:27:49-0400"
"NIPA","T11400","B470RC",40,"Capital consumption adjustment","Current Dollars","1949","Level","6",-2632,"T11400","2026-06-11T11:27:49-0400"
"NIPA","T11400","B470RC",40,"Capital consumption adjustment","Current Dollars","1950","Level","6",-2502,"T11400","2026-06-11T11:27:49-0400"
"NIPA","T11400","B470RC",40,"Capital consumption adjustment","Current Dollars","1951","Level","6",-2699,"T11400","2026-06-11T11:27:49-0400"
"NIPA","T11400","B470RC",40,"Capital consumption adjustment","Current Dollars","1952","Level","6",-2305,"T11400","2026-06-11T11:27:49-0400"
"NIPA","T11400","B470RC",40,"Capital consumption adjustment","Current Dollars","1953","Level","6",-1568,"T11400","2026-06-11T11:27:49-0400"
"NIPA","T11400","B470RC",40,"Capital consumption adjustment","Current Dollars","1954","Level","6",-723,"T11400","2026-06-11T11:27:49-0400"
"NIPA","T11400","B470RC",40,"Capital consumption adjustment","Current Dollars","1955","Level","6",722,"T11400","2026-06-11T11:27:49-0400"
"NIPA","T11400","B470RC",40,"Capital consumption adjustment","Current Dollars","1956","Level","6",5,"T11400","2026-06-11T11:27:49-0400"
"NIPA","T11400","B470RC",40,"Capital consumption adjustment","Current Dollars","1957","Level","6",-217,"T11400","2026-06-11T11:27:49-0400"
"NIPA","T11400","B470RC",40,"Capital consumption adjustment","Current Dollars","1958","Level","6",-583,"T11400","2026-06-11T11:27:49-0400"
"NIPA","T11400","B470RC",40,"Capital consumption adjustment","Current Dollars","1959","Level","6",152,"T11400","2026-06-11T11:27:49-0400"
"NIPA","T11400","B470RC",40,"Capital consumption adjustment","Current Dollars","1960","Level","6",1225,"T11400","2026-06-11T11:27:49-0400"
"NIPA","T11400","B470RC",40,"Capital consumption adjustment","Current Dollars","1961","Level","6",1953,"T11400","2026-06-11T11:27:49-0400"
"NIPA","T11400","B470RC",40,"Capital consumption adjustment","Current Dollars","1962","Level","6",4947,"T11400","2026-06-11T11:27:49-0400"
"NIPA","T11400","B470RC",40,"Capital consumption adjustment","Current Dollars","1963","Level","6",6200,"T11400","2026-06-11T11:27:49-0400"
"NIPA","T11400","B470RC",40,"Capital consumption adjustment","Current Dollars","1964","Level","6",6838,"T11400","2026-06-11T11:27:49-0400"
"NIPA","T11400","B470RC",40,"Capital consumption adjustment","Current Dollars","1965","Level","6",7568,"T11400","2026-06-11T11:27:49-0400"
"NIPA","T11400","B470RC",40,"Capital consumption adjustment","Current Dollars","1966","Level","6",8053,"T11400","2026-06-11T11:27:49-0400"
"NIPA","T11400","B470RC",40,"Capital consumption adjustment","Current Dollars","1967","Level","6",7988,"T11400","2026-06-11T11:27:49-0400"
"NIPA","T11400","B470RC",40,"Capital consumption adjustment","Current Dollars","1968","Level","6",7632,"T11400","2026-06-11T11:27:49-0400"
"NIPA","T11400","B470RC",40,"Capital consumption adjustment","Current Dollars","1969","Level","6",7755,"T11400","2026-06-11T11:27:49-0400"
"NIPA","T11400","B470RC",40,"Capital consumption adjustment","Current Dollars","1970","Level","6",6743,"T11400","2026-06-11T11:27:49-0400"
"NIPA","T11400","B470RC",40,"Capital consumption adjustment","Current Dollars","1971","Level","6",6203,"T11400","2026-06-11T11:27:49-0400"
"NIPA","T11400","B470RC",40,"Capital consumption adjustment","Current Dollars","1972","Level","6",8022,"T11400","2026-06-11T11:27:49-0400"
"NIPA","T11400","B470RC",40,"Capital consumption adjustment","Current Dollars","1973","Level","6",6679,"T11400","2026-06-11T11:27:49-0400"
"NIPA","T11400","B470RC",40,"Capital consumption adjustment","Current Dollars","1974","Level","6",2359,"T11400","2026-06-11T11:27:49-0400"
"NIPA","T11400","B470RC",40,"Capital consumption adjustment","Current Dollars","1975","Level","6",-4902,"T11400","2026-06-11T11:27:49-0400"
"NIPA","T11400","B470RC",40,"Capital consumption adjustment","Current Dollars","1976","Level","6",-6908,"T11400","2026-06-11T11:27:49-0400"
"NIPA","T11400","B470RC",40,"Capital consumption adjustment","Current Dollars","1977","Level","6",-5945,"T11400","2026-06-11T11:27:49-0400"
"NIPA","T11400","B470RC",40,"Capital consumption adjustment","Current Dollars","1978","Level","6",-7319,"T11400","2026-06-11T11:27:49-0400"
"NIPA","T11400","B470RC",40,"Capital consumption adjustment","Current Dollars","1979","Level","6",-10597,"T11400","2026-06-11T11:27:49-0400"
"NIPA","T11400","B470RC",40,"Capital consumption adjustment","Current Dollars","1980","Level","6",-14246,"T11400","2026-06-11T11:27:49-0400"
"NIPA","T11400","B470RC",40,"Capital consumption adjustment","Current Dollars","1981","Level","6",-2109,"T11400","2026-06-11T11:27:49-0400"
"NIPA","T11400","B470RC",40,"Capital consumption adjustment","Current Dollars","1982","Level","6",8238,"T11400","2026-06-11T11:27:49-0400"
"NIPA","T11400","B470RC",40,"Capital consumption adjustment","Current Dollars","1983","Level","6",25360,"T11400","2026-06-11T11:27:49-0400"
"NIPA","T11400","B470RC",40,"Capital consumption adjustment","Current Dollars","1984","Level","6",45920,"T11400","2026-06-11T11:27:49-0400"
"NIPA","T11400","B470RC",40,"Capital consumption adjustment","Current Dollars","1985","Level","6",66001,"T11400","2026-06-11T11:27:49-0400"
"NIPA","T11400","B470RC",40,"Capital consumption adjustment","Current Dollars","1986","Level","6",52779,"T11400","2026-06-11T11:27:49-0400"
"NIPA","T11400","B470RC",40,"Capital consumption adjustment","Current Dollars","1987","Level","6",53117,"T11400","2026-06-11T11:27:49-0400"
"NIPA","T11400","B470RC",40,"Capital consumption adjustment","Current Dollars","1988","Level","6",51661,"T11400","2026-06-11T11:27:49-0400"
"NIPA","T11400","B470RC",40,"Capital consumption adjustment","Current Dollars","1989","Level","6",46397,"T11400","2026-06-11T11:27:49-0400"
"NIPA","T11400","B470RC",40,"Capital consumption adjustment","Current Dollars","1990","Level","6",37021,"T11400","2026-06-11T11:27:49-0400"
"NIPA","T11400","B470RC",40,"Capital consumption adjustment","Current Dollars","1991","Level","6",30713,"T11400","2026-06-11T11:27:49-0400"
"NIPA","T11400","B470RC",40,"Capital consumption adjustment","Current Dollars","1992","Level","6",32822,"T11400","2026-06-11T11:27:49-0400"
"NIPA","T11400","B470RC",40,"Capital consumption adjustment","Current Dollars","1993","Level","6",36619,"T11400","2026-06-11T11:27:49-0400"
"NIPA","T11400","B470RC",40,"Capital consumption adjustment","Current Dollars","1994","Level","6",47761,"T11400","2026-06-11T11:27:49-0400"
"NIPA","T11400","B470RC",40,"Capital consumption adjustment","Current Dollars","1995","Level","6",47064,"T11400","2026-06-11T11:27:49-0400"
"NIPA","T11400","B470RC",40,"Capital consumption adjustment","Current Dollars","1996","Level","6",53539,"T11400","2026-06-11T11:27:49-0400"
"NIPA","T11400","B470RC",40,"Capital consumption adjustment","Current Dollars","1997","Level","6",55664,"T11400","2026-06-11T11:27:49-0400"
"NIPA","T11400","B470RC",40,"Capital consumption adjustment","Current Dollars","1998","Level","6",59817,"T11400","2026-06-11T11:27:49-0400"
"NIPA","T11400","B470RC",40,"Capital consumption adjustment","Current Dollars","1999","Level","6",65117,"T11400","2026-06-11T11:27:49-0400"
"NIPA","T11400","B470RC",40,"Capital consumption adjustment","Current Dollars","2000","Level","6",50089,"T11400","2026-06-11T11:27:49-0400"
"NIPA","T11400","B470RC",40,"Capital consumption adjustment","Current Dollars","2001","Level","6",52530,"T11400","2026-06-11T11:27:49-0400"
"NIPA","T11400","B470RC",40,"Capital consumption adjustment","Current Dollars","2002","Level","6",100136,"T11400","2026-06-11T11:27:49-0400"
"NIPA","T11400","B470RC",40,"Capital consumption adjustment","Current Dollars","2003","Level","6",94996,"T11400","2026-06-11T11:27:49-0400"
"NIPA","T11400","B470RC",40,"Capital consumption adjustment","Current Dollars","2004","Level","6",78852,"T11400","2026-06-11T11:27:49-0400"
"NIPA","T11400","B470RC",40,"Capital consumption adjustment","Current Dollars","2005","Level","6",-105144,"T11400","2026-06-11T11:27:49-0400"
"NIPA","T11400","B470RC",40,"Capital consumption adjustment","Current Dollars","2006","Level","6",-132369,"T11400","2026-06-11T11:27:49-0400"
"NIPA","T11400","B470RC",40,"Capital consumption adjustment","Current Dollars","2007","Level","6",-136171,"T11400","2026-06-11T11:27:49-0400"
"NIPA","T11400","B470RC",40,"Capital consumption adjustment","Current Dollars","2008","Level","6",-30135,"T11400","2026-06-11T11:27:49-0400"
"NIPA","T11400","B470RC",40,"Capital consumption adjustment","Current Dollars","2009","Level","6",-46009,"T11400","2026-06-11T11:27:49-0400"
"NIPA","T11400","B470RC",40,"Capital consumption adjustment","Current Dollars","2010","Level","6",-24718,"T11400","2026-06-11T11:27:49-0400"
"NIPA","T11400","B470RC",40,"Capital consumption adjustment","Current Dollars","2011","Level","6",86957,"T11400","2026-06-11T11:27:49-0400"
"NIPA","T11400","B470RC",40,"Capital consumption adjustment","Current Dollars","2012","Level","6",-97136,"T11400","2026-06-11T11:27:49-0400"
"NIPA","T11400","B470RC",40,"Capital consumption adjustment","Current Dollars","2013","Level","6",-105534,"T11400","2026-06-11T11:27:49-0400"
"NIPA","T11400","B470RC",40,"Capital consumption adjustment","Current Dollars","2014","Level","6",-96539,"T11400","2026-06-11T11:27:49-0400"
"NIPA","T11400","B470RC",40,"Capital consumption adjustment","Current Dollars","2015","Level","6",-73158,"T11400","2026-06-11T11:27:49-0400"
"NIPA","T11400","B470RC",40,"Capital consumption adjustment","Current Dollars","2016","Level","6",-58916,"T11400","2026-06-11T11:27:49-0400"
"NIPA","T11400","B470RC",40,"Capital consumption adjustment","Current Dollars","2017","Level","6",6669,"T11400","2026-06-11T11:27:49-0400"
"NIPA","T11400","B470RC",40,"Capital consumption adjustment","Current Dollars","2018","Level","6",111997,"T11400","2026-06-11T11:27:49-0400"
"NIPA","T11400","B470RC",40,"Capital consumption adjustment","Current Dollars","2019","Level","6",131604,"T11400","2026-06-11T11:27:49-0400"
"NIPA","T11400","B470RC",40,"Capital consumption adjustment","Current Dollars","2020","Level","6",-25338,"T11400","2026-06-11T11:27:49-0400"
"NIPA","T11400","B470RC",40,"Capital consumption adjustment","Current Dollars","2021","Level","6",40322,"T11400","2026-06-11T11:27:49-0400"
"NIPA","T11400","B470RC",40,"Capital consumption adjustment","Current Dollars","2022","Level","6",-4401,"T11400","2026-06-11T11:27:49-0400"
"NIPA","T11400","B470RC",40,"Capital consumption adjustment","Current Dollars","2023","Level","6",-176059,"T11400","2026-06-11T11:27:49-0400"
"NIPA","T11400","B470RC",40,"Capital consumption adjustment","Current Dollars","2024","Level","6",-264284,"T11400","2026-06-11T11:27:49-0400"
"NIPA","T11400","B470RC",40,"Capital consumption adjustment","Current Dollars","2025","Level","6",6355,"T11400","2026-06-11T11:27:49-0400"
"NIPA","T11400","B455RX",41,"Gross value added of nonfinancial corporate business","Chained Dollars","1929","Level","6",379518,"T11400,T11400.2","2026-06-11T11:27:49-0400"
"NIPA","T11400","B455RX",41,"Gross value added of nonfinancial corporate business","Chained Dollars","1930","Level","6",353276,"T11400,T11400.2","2026-06-11T11:27:49-0400"
"NIPA","T11400","B455RX",41,"Gross value added of nonfinancial corporate business","Chained Dollars","1931","Level","6",319385,"T11400,T11400.2","2026-06-11T11:27:49-0400"
"NIPA","T11400","B455RX",41,"Gross value added of nonfinancial corporate business","Chained Dollars","1932","Level","6",271204,"T11400,T11400.2","2026-06-11T11:27:49-0400"
"NIPA","T11400","B455RX",41,"Gross value added of nonfinancial corporate business","Chained Dollars","1933","Level","6",264338,"T11400,T11400.2","2026-06-11T11:27:49-0400"
"NIPA","T11400","B455RX",41,"Gross value added of nonfinancial corporate business","Chained Dollars","1934","Level","6",301216,"T11400,T11400.2","2026-06-11T11:27:49-0400"
"NIPA","T11400","B455RX",41,"Gross value added of nonfinancial corporate business","Chained Dollars","1935","Level","6",327713,"T11400,T11400.2","2026-06-11T11:27:49-0400"
"NIPA","T11400","B455RX",41,"Gross value added of nonfinancial corporate business","Chained Dollars","1936","Level","6",374488,"T11400,T11400.2","2026-06-11T11:27:49-0400"
"NIPA","T11400","B455RX",41,"Gross value added of nonfinancial corporate business","Chained Dollars","1937","Level","6",405694,"T11400,T11400.2","2026-06-11T11:27:49-0400"
"NIPA","T11400","B455RX",41,"Gross value added of nonfinancial corporate business","Chained Dollars","1938","Level","6",376207,"T11400,T11400.2","2026-06-11T11:27:49-0400"
"NIPA","T11400","B455RX",41,"Gross value added of nonfinancial corporate business","Chained Dollars","1939","Level","6",420183,"T11400,T11400.2","2026-06-11T11:27:49-0400"
"NIPA","T11400","B455RX",41,"Gross value added of nonfinancial corporate business","Chained Dollars","1940","Level","6",474124,"T11400,T11400.2","2026-06-11T11:27:49-0400"
"NIPA","T11400","B455RX",41,"Gross value added of nonfinancial corporate business","Chained Dollars","1941","Level","6",570642,"T11400,T11400.2","2026-06-11T11:27:49-0400"
"NIPA","T11400","B455RX",41,"Gross value added of nonfinancial corporate business","Chained Dollars","1942","Level","6",647653,"T11400,T11400.2","2026-06-11T11:27:49-0400"
"NIPA","T11400","B455RX",41,"Gross value added of nonfinancial corporate business","Chained Dollars","1943","Level","6",720413,"T11400,T11400.2","2026-06-11T11:27:49-0400"
"NIPA","T11400","B455RX",41,"Gross value added of nonfinancial corporate business","Chained Dollars","1944","Level","6",732875,"T11400,T11400.2","2026-06-11T11:27:49-0400"
"NIPA","T11400","B455RX",41,"Gross value added of nonfinancial corporate business","Chained Dollars","1945","Level","6",679342,"T11400,T11400.2","2026-06-11T11:27:49-0400"
"NIPA","T11400","B455RX",41,"Gross value added of nonfinancial corporate business","Chained Dollars","1946","Level","6",658573,"T11400,T11400.2","2026-06-11T11:27:49-0400"
"NIPA","T11400","B455RX",41,"Gross value added of nonfinancial corporate business","Chained Dollars","1947","Level","6",703904,"T11400,T11400.2","2026-06-11T11:27:49-0400"
"NIPA","T11400","B455RX",41,"Gross value added of nonfinancial corporate business","Chained Dollars","1948","Level","6",758556,"T11400,T11400.2","2026-06-11T11:27:49-0400"
"NIPA","T11400","B455RX",41,"Gross value added of nonfinancial corporate business","Chained Dollars","1949","Level","6",751642,"T11400,T11400.2","2026-06-11T11:27:49-0400"
"NIPA","T11400","B455RX",41,"Gross value added of nonfinancial corporate business","Chained Dollars","1950","Level","6",848936,"T11400,T11400.2","2026-06-11T11:27:49-0400"
"NIPA","T11400","B455RX",41,"Gross value added of nonfinancial corporate business","Chained Dollars","1951","Level","6",896303,"T11400,T11400.2","2026-06-11T11:27:49-0400"
"NIPA","T11400","B455RX",41,"Gross value added of nonfinancial corporate business","Chained Dollars","1952","Level","6",930356,"T11400,T11400.2","2026-06-11T11:27:49-0400"
"NIPA","T11400","B455RX",41,"Gross value added of nonfinancial corporate business","Chained Dollars","1953","Level","6",999235,"T11400,T11400.2","2026-06-11T11:27:49-0400"
"NIPA","T11400","B455RX",41,"Gross value added of nonfinancial corporate business","Chained Dollars","1954","Level","6",989290,"T11400,T11400.2","2026-06-11T11:27:49-0400"
"NIPA","T11400","B455RX",41,"Gross value added of nonfinancial corporate business","Chained Dollars","1955","Level","6",1107804,"T11400,T11400.2","2026-06-11T11:27:49-0400"
"NIPA","T11400","B455RX",41,"Gross value added of nonfinancial corporate business","Chained Dollars","1956","Level","6",1146054,"T11400,T11400.2","2026-06-11T11:27:49-0400"
"NIPA","T11400","B455RX",41,"Gross value added of nonfinancial corporate business","Chained Dollars","1957","Level","6",1161542,"T11400,T11400.2","2026-06-11T11:27:49-0400"
"NIPA","T11400","B455RX",41,"Gross value added of nonfinancial corporate business","Chained Dollars","1958","Level","6",1117530,"T11400,T11400.2","2026-06-11T11:27:49-0400"
"NIPA","T11400","B455RX",41,"Gross value added of nonfinancial corporate business","Chained Dollars","1959","Level","6",1243327,"T11400,T11400.2","2026-06-11T11:27:49-0400"
"NIPA","T11400","B455RX",41,"Gross value added of nonfinancial corporate business","Chained Dollars","1960","Level","6",1285478,"T11400,T11400.2","2026-06-11T11:27:49-0400"
"NIPA","T11400","B455RX",41,"Gross value added of nonfinancial corporate business","Chained Dollars","1961","Level","6",1316239,"T11400,T11400.2","2026-06-11T11:27:49-0400"
"NIPA","T11400","B455RX",41,"Gross value added of nonfinancial corporate business","Chained Dollars","1962","Level","6",1427784,"T11400,T11400.2","2026-06-11T11:27:49-0400"
"NIPA","T11400","B455RX",41,"Gross value added of nonfinancial corporate business","Chained Dollars","1963","Level","6",1515745,"T11400,T11400.2","2026-06-11T11:27:49-0400"
"NIPA","T11400","B455RX",41,"Gross value added of nonfinancial corporate business","Chained Dollars","1964","Level","6",1622045,"T11400,T11400.2","2026-06-11T11:27:49-0400"
"NIPA","T11400","B455RX",41,"Gross value added of nonfinancial corporate business","Chained Dollars","1965","Level","6",1758279,"T11400,T11400.2","2026-06-11T11:27:49-0400"
"NIPA","T11400","B455RX",41,"Gross value added of nonfinancial corporate business","Chained Dollars","1966","Level","6",1888178,"T11400,T11400.2","2026-06-11T11:27:49-0400"
"NIPA","T11400","B455RX",41,"Gross value added of nonfinancial corporate business","Chained Dollars","1967","Level","6",1942223,"T11400,T11400.2","2026-06-11T11:27:49-0400"
"NIPA","T11400","B455RX",41,"Gross value added of nonfinancial corporate business","Chained Dollars","1968","Level","6",2068281,"T11400,T11400.2","2026-06-11T11:27:49-0400"
"NIPA","T11400","B455RX",41,"Gross value added of nonfinancial corporate business","Chained Dollars","1969","Level","6",2150996,"T11400,T11400.2","2026-06-11T11:27:49-0400"
"NIPA","T11400","B455RX",41,"Gross value added of nonfinancial corporate business","Chained Dollars","1970","Level","6",2132246,"T11400,T11400.2","2026-06-11T11:27:49-0400"
"NIPA","T11400","B455RX",41,"Gross value added of nonfinancial corporate business","Chained Dollars","1971","Level","6",2216302,"T11400,T11400.2","2026-06-11T11:27:49-0400"
"NIPA","T11400","B455RX",41,"Gross value added of nonfinancial corporate business","Chained Dollars","1972","Level","6",2384020,"T11400,T11400.2","2026-06-11T11:27:49-0400"
"NIPA","T11400","B455RX",41,"Gross value added of nonfinancial corporate business","Chained Dollars","1973","Level","6",2529343,"T11400,T11400.2","2026-06-11T11:27:49-0400"
"NIPA","T11400","B455RX",41,"Gross value added of nonfinancial corporate business","Chained Dollars","1974","Level","6",2491175,"T11400,T11400.2","2026-06-11T11:27:49-0400"
"NIPA","T11400","B455RX",41,"Gross value added of nonfinancial corporate business","Chained Dollars","1975","Level","6",2456693,"T11400,T11400.2","2026-06-11T11:27:49-0400"
"NIPA","T11400","B455RX",41,"Gross value added of nonfinancial corporate business","Chained Dollars","1976","Level","6",2657867,"T11400,T11400.2","2026-06-11T11:27:49-0400"
"NIPA","T11400","B455RX",41,"Gross value added of nonfinancial corporate business","Chained Dollars","1977","Level","6",2854488,"T11400,T11400.2","2026-06-11T11:27:49-0400"
"NIPA","T11400","B455RX",41,"Gross value added of nonfinancial corporate business","Chained Dollars","1978","Level","6",3038745,"T11400,T11400.2","2026-06-11T11:27:49-0400"
"NIPA","T11400","B455RX",41,"Gross value added of nonfinancial corporate business","Chained Dollars","1979","Level","6",3118975,"T11400,T11400.2","2026-06-11T11:27:49-0400"
"NIPA","T11400","B455RX",41,"Gross value added of nonfinancial corporate business","Chained Dollars","1980","Level","6",3140096,"T11400,T11400.2","2026-06-11T11:27:49-0400"
"NIPA","T11400","B455RX",41,"Gross value added of nonfinancial corporate business","Chained Dollars","1981","Level","6",3283888,"T11400,T11400.2","2026-06-11T11:27:49-0400"
"NIPA","T11400","B455RX",41,"Gross value added of nonfinancial corporate business","Chained Dollars","1982","Level","6",3253862,"T11400,T11400.2","2026-06-11T11:27:49-0400"
"NIPA","T11400","B455RX",41,"Gross value added of nonfinancial corporate business","Chained Dollars","1983","Level","6",3415215,"T11400,T11400.2","2026-06-11T11:27:49-0400"
"NIPA","T11400","B455RX",41,"Gross value added of nonfinancial corporate business","Chained Dollars","1984","Level","6",3757179,"T11400,T11400.2","2026-06-11T11:27:49-0400"
"NIPA","T11400","B455RX",41,"Gross value added of nonfinancial corporate business","Chained Dollars","1985","Level","6",3937620,"T11400,T11400.2","2026-06-11T11:27:49-0400"
"NIPA","T11400","B455RX",41,"Gross value added of nonfinancial corporate business","Chained Dollars","1986","Level","6",4071203,"T11400,T11400.2","2026-06-11T11:27:49-0400"
"NIPA","T11400","B455RX",41,"Gross value added of nonfinancial corporate business","Chained Dollars","1987","Level","6",4287736,"T11400,T11400.2","2026-06-11T11:27:49-0400"
"NIPA","T11400","B455RX",41,"Gross value added of nonfinancial corporate business","Chained Dollars","1988","Level","6",4545230,"T11400,T11400.2","2026-06-11T11:27:49-0400"
"NIPA","T11400","B455RX",41,"Gross value added of nonfinancial corporate business","Chained Dollars","1989","Level","6",4636114,"T11400,T11400.2","2026-06-11T11:27:49-0400"
"NIPA","T11400","B455RX",41,"Gross value added of nonfinancial corporate business","Chained Dollars","1990","Level","6",4719096,"T11400,T11400.2","2026-06-11T11:27:49-0400"
"NIPA","T11400","B455RX",41,"Gross value added of nonfinancial corporate business","Chained Dollars","1991","Level","6",4702624,"T11400,T11400.2","2026-06-11T11:27:49-0400"
"NIPA","T11400","B455RX",41,"Gross value added of nonfinancial corporate business","Chained Dollars","1992","Level","6",4884039,"T11400,T11400.2","2026-06-11T11:27:49-0400"
"NIPA","T11400","B455RX",41,"Gross value added of nonfinancial corporate business","Chained Dollars","1993","Level","6",5047961,"T11400,T11400.2","2026-06-11T11:27:49-0400"
"NIPA","T11400","B455RX",41,"Gross value added of nonfinancial corporate business","Chained Dollars","1994","Level","6",5373895,"T11400,T11400.2","2026-06-11T11:27:49-0400"
"NIPA","T11400","B455RX",41,"Gross value added of nonfinancial corporate business","Chained Dollars","1995","Level","6",5619403,"T11400,T11400.2","2026-06-11T11:27:49-0400"
"NIPA","T11400","B455RX",41,"Gross value added of nonfinancial corporate business","Chained Dollars","1996","Level","6",5924143,"T11400,T11400.2","2026-06-11T11:27:49-0400"
"NIPA","T11400","B455RX",41,"Gross value added of nonfinancial corporate business","Chained Dollars","1997","Level","6",6322882,"T11400,T11400.2","2026-06-11T11:27:49-0400"
"NIPA","T11400","B455RX",41,"Gross value added of nonfinancial corporate business","Chained Dollars","1998","Level","6",6667650,"T11400,T11400.2","2026-06-11T11:27:49-0400"
"NIPA","T11400","B455RX",41,"Gross value added of nonfinancial corporate business","Chained Dollars","1999","Level","6",7003623,"T11400,T11400.2","2026-06-11T11:27:49-0400"
"NIPA","T11400","B455RX",41,"Gross value added of nonfinancial corporate business","Chained Dollars","2000","Level","6",7340205,"T11400,T11400.2","2026-06-11T11:27:49-0400"
"NIPA","T11400","B455RX",41,"Gross value added of nonfinancial corporate business","Chained Dollars","2001","Level","6",7164251,"T11400,T11400.2","2026-06-11T11:27:49-0400"
"NIPA","T11400","B455RX",41,"Gross value added of nonfinancial corporate business","Chained Dollars","2002","Level","6",7237884,"T11400,T11400.2","2026-06-11T11:27:49-0400"
"NIPA","T11400","B455RX",41,"Gross value added of nonfinancial corporate business","Chained Dollars","2003","Level","6",7402525,"T11400,T11400.2","2026-06-11T11:27:49-0400"
"NIPA","T11400","B455RX",41,"Gross value added of nonfinancial corporate business","Chained Dollars","2004","Level","6",7768745,"T11400,T11400.2","2026-06-11T11:27:49-0400"
"NIPA","T11400","B455RX",41,"Gross value added of nonfinancial corporate business","Chained Dollars","2005","Level","6",8055939,"T11400,T11400.2","2026-06-11T11:27:49-0400"
"NIPA","T11400","B455RX",41,"Gross value added of nonfinancial corporate business","Chained Dollars","2006","Level","6",8367204,"T11400,T11400.2","2026-06-11T11:27:49-0400"
"NIPA","T11400","B455RX",41,"Gross value added of nonfinancial corporate business","Chained Dollars","2007","Level","6",8463493,"T11400,T11400.2","2026-06-11T11:27:49-0400"
"NIPA","T11400","B455RX",41,"Gross value added of nonfinancial corporate business","Chained Dollars","2008","Level","6",8373691,"T11400,T11400.2","2026-06-11T11:27:49-0400"
"NIPA","T11400","B455RX",41,"Gross value added of nonfinancial corporate business","Chained Dollars","2009","Level","6",7780498,"T11400,T11400.2","2026-06-11T11:27:49-0400"
"NIPA","T11400","B455RX",41,"Gross value added of nonfinancial corporate business","Chained Dollars","2010","Level","6",8118731,"T11400,T11400.2","2026-06-11T11:27:49-0400"
"NIPA","T11400","B455RX",41,"Gross value added of nonfinancial corporate business","Chained Dollars","2011","Level","6",8339193,"T11400,T11400.2","2026-06-11T11:27:49-0400"
"NIPA","T11400","B455RX",41,"Gross value added of nonfinancial corporate business","Chained Dollars","2012","Level","6",8648610,"T11400,T11400.2","2026-06-11T11:27:49-0400"
"NIPA","T11400","B455RX",41,"Gross value added of nonfinancial corporate business","Chained Dollars","2013","Level","6",8855091,"T11400,T11400.2","2026-06-11T11:27:49-0400"
"NIPA","T11400","B455RX",41,"Gross value added of nonfinancial corporate business","Chained Dollars","2014","Level","6",9155687,"T11400,T11400.2","2026-06-11T11:27:49-0400"
"NIPA","T11400","B455RX",41,"Gross value added of nonfinancial corporate business","Chained Dollars","2015","Level","6",9453733,"T11400,T11400.2","2026-06-11T11:27:49-0400"
"NIPA","T11400","B455RX",41,"Gross value added of nonfinancial corporate business","Chained Dollars","2016","Level","6",9514298,"T11400,T11400.2","2026-06-11T11:27:49-0400"
"NIPA","T11400","B455RX",41,"Gross value added of nonfinancial corporate business","Chained Dollars","2017","Level","6",9771449,"T11400,T11400.2","2026-06-11T11:27:49-0400"
"NIPA","T11400","B455RX",41,"Gross value added of nonfinancial corporate business","Chained Dollars","2018","Level","6",10136297,"T11400,T11400.2","2026-06-11T11:27:49-0400"
"NIPA","T11400","B455RX",41,"Gross value added of nonfinancial corporate business","Chained Dollars","2019","Level","6",10406488,"T11400,T11400.2","2026-06-11T11:27:49-0400"
"NIPA","T11400","B455RX",41,"Gross value added of nonfinancial corporate business","Chained Dollars","2020","Level","6",9979518,"T11400,T11400.2","2026-06-11T11:27:49-0400"
"NIPA","T11400","B455RX",41,"Gross value added of nonfinancial corporate business","Chained Dollars","2021","Level","6",10945065,"T11400,T11400.2","2026-06-11T11:27:49-0400"
"NIPA","T11400","B455RX",41,"Gross value added of nonfinancial corporate business","Chained Dollars","2022","Level","6",11350816,"T11400,T11400.2","2026-06-11T11:27:49-0400"
"NIPA","T11400","B455RX",41,"Gross value added of nonfinancial corporate business","Chained Dollars","2023","Level","6",11550328,"T11400,T11400.2","2026-06-11T11:27:49-0400"
"NIPA","T11400","B455RX",41,"Gross value added of nonfinancial corporate business","Chained Dollars","2024","Level","6",11864210,"T11400,T11400.2","2026-06-11T11:27:49-0400"
"NIPA","T11400","B455RX",41,"Gross value added of nonfinancial corporate business","Chained Dollars","2025","Level","6",12229586,"T11400,T11400.2","2026-06-11T11:27:49-0400"
"NIPA","T11400","N456RX",42,"Consumption of fixed capital","Chained Dollars","1929","Level","6",50989,"T11400,T11400.3","2026-06-11T11:27:49-0400"
"NIPA","T11400","N456RX",42,"Consumption of fixed capital","Chained Dollars","1930","Level","6",52049,"T11400,T11400.3","2026-06-11T11:27:49-0400"
"NIPA","T11400","N456RX",42,"Consumption of fixed capital","Chained Dollars","1931","Level","6",51809,"T11400,T11400.3","2026-06-11T11:27:49-0400"
"NIPA","T11400","N456RX",42,"Consumption of fixed capital","Chained Dollars","1932","Level","6",50272,"T11400,T11400.3","2026-06-11T11:27:49-0400"
"NIPA","T11400","N456RX",42,"Consumption of fixed capital","Chained Dollars","1933","Level","6",48825,"T11400,T11400.3","2026-06-11T11:27:49-0400"
"NIPA","T11400","N456RX",42,"Consumption of fixed capital","Chained Dollars","1934","Level","6",47795,"T11400,T11400.3","2026-06-11T11:27:49-0400"
"NIPA","T11400","N456RX",42,"Consumption of fixed capital","Chained Dollars","1935","Level","6",47743,"T11400,T11400.3","2026-06-11T11:27:49-0400"
"NIPA","T11400","N456RX",42,"Consumption of fixed capital","Chained Dollars","1936","Level","6",48227,"T11400,T11400.3","2026-06-11T11:27:49-0400"
"NIPA","T11400","N456RX",42,"Consumption of fixed capital","Chained Dollars","1937","Level","6",49648,"T11400,T11400.3","2026-06-11T11:27:49-0400"
"NIPA","T11400","N456RX",42,"Consumption of fixed capital","Chained Dollars","1938","Level","6",50230,"T11400,T11400.3","2026-06-11T11:27:49-0400"
"NIPA","T11400","N456RX",42,"Consumption of fixed capital","Chained Dollars","1939","Level","6",50522,"T11400,T11400.3","2026-06-11T11:27:49-0400"
"NIPA","T11400","N456RX",42,"Consumption of fixed capital","Chained Dollars","1940","Level","6",51565,"T11400,T11400.3","2026-06-11T11:27:49-0400"
"NIPA","T11400","N456RX",42,"Consumption of fixed capital","Chained Dollars","1941","Level","6",53518,"T11400,T11400.3","2026-06-11T11:27:49-0400"
"NIPA","T11400","N456RX",42,"Consumption of fixed capital","Chained Dollars","1942","Level","6",54391,"T11400,T11400.3","2026-06-11T11:27:49-0400"
"NIPA","T11400","N456RX",42,"Consumption of fixed capital","Chained Dollars","1943","Level","6",53451,"T11400,T11400.3","2026-06-11T11:27:49-0400"
"NIPA","T11400","N456RX",42,"Consumption of fixed capital","Chained Dollars","1944","Level","6",52949,"T11400,T11400.3","2026-06-11T11:27:49-0400"
"NIPA","T11400","N456RX",42,"Consumption of fixed capital","Chained Dollars","1945","Level","6",53827,"T11400,T11400.3","2026-06-11T11:27:49-0400"
"NIPA","T11400","N456RX",42,"Consumption of fixed capital","Chained Dollars","1946","Level","6",57011,"T11400,T11400.3","2026-06-11T11:27:49-0400"
"NIPA","T11400","N456RX",42,"Consumption of fixed capital","Chained Dollars","1947","Level","6",61963,"T11400,T11400.3","2026-06-11T11:27:49-0400"
"NIPA","T11400","N456RX",42,"Consumption of fixed capital","Chained Dollars","1948","Level","6",66778,"T11400,T11400.3","2026-06-11T11:27:49-0400"
"NIPA","T11400","N456RX",42,"Consumption of fixed capital","Chained Dollars","1949","Level","6",70329,"T11400,T11400.3","2026-06-11T11:27:49-0400"
"NIPA","T11400","N456RX",42,"Consumption of fixed capital","Chained Dollars","1950","Level","6",73313,"T11400,T11400.3","2026-06-11T11:27:49-0400"
"NIPA","T11400","N456RX",42,"Consumption of fixed capital","Chained Dollars","1951","Level","6",76474,"T11400,T11400.3","2026-06-11T11:27:49-0400"
"NIPA","T11400","N456RX",42,"Consumption of fixed capital","Chained Dollars","1952","Level","6",79635,"T11400,T11400.3","2026-06-11T11:27:49-0400"
"NIPA","T11400","N456RX",42,"Consumption of fixed capital","Chained Dollars","1953","Level","6",83829,"T11400,T11400.3","2026-06-11T11:27:49-0400"
"NIPA","T11400","N456RX",42,"Consumption of fixed capital","Chained Dollars","1954","Level","6",88103,"T11400,T11400.3","2026-06-11T11:27:49-0400"
"NIPA","T11400","N456RX",42,"Consumption of fixed capital","Chained Dollars","1955","Level","6",92512,"T11400,T11400.3","2026-06-11T11:27:49-0400"
"NIPA","T11400","N456RX",42,"Consumption of fixed capital","Chained Dollars","1956","Level","6",97556,"T11400,T11400.3","2026-06-11T11:27:49-0400"
"NIPA","T11400","N456RX",42,"Consumption of fixed capital","Chained Dollars","1957","Level","6",103015,"T11400,T11400.3","2026-06-11T11:27:49-0400"
"NIPA","T11400","N456RX",42,"Consumption of fixed capital","Chained Dollars","1958","Level","6",108725,"T11400,T11400.3","2026-06-11T11:27:49-0400"
"NIPA","T11400","N456RX",42,"Consumption of fixed capital","Chained Dollars","1959","Level","6",111688,"T11400,T11400.3","2026-06-11T11:27:49-0400"
"NIPA","T11400","N456RX",42,"Consumption of fixed capital","Chained Dollars","1960","Level","6",114397,"T11400,T11400.3","2026-06-11T11:27:49-0400"
"NIPA","T11400","N456RX",42,"Consumption of fixed capital","Chained Dollars","1961","Level","6",118803,"T11400,T11400.3","2026-06-11T11:27:49-0400"
"NIPA","T11400","N456RX",42,"Consumption of fixed capital","Chained Dollars","1962","Level","6",123789,"T11400,T11400.3","2026-06-11T11:27:49-0400"
"NIPA","T11400","N456RX",42,"Consumption of fixed capital","Chained Dollars","1963","Level","6",129886,"T11400,T11400.3","2026-06-11T11:27:49-0400"
"NIPA","T11400","N456RX",42,"Consumption of fixed capital","Chained Dollars","1964","Level","6",136685,"T11400,T11400.3","2026-06-11T11:27:49-0400"
"NIPA","T11400","N456RX",42,"Consumption of fixed capital","Chained Dollars","1965","Level","6",145805,"T11400,T11400.3","2026-06-11T11:27:49-0400"
"NIPA","T11400","N456RX",42,"Consumption of fixed capital","Chained Dollars","1966","Level","6",157433,"T11400,T11400.3","2026-06-11T11:27:49-0400"
"NIPA","T11400","N456RX",42,"Consumption of fixed capital","Chained Dollars","1967","Level","6",169145,"T11400,T11400.3","2026-06-11T11:27:49-0400"
"NIPA","T11400","N456RX",42,"Consumption of fixed capital","Chained Dollars","1968","Level","6",180532,"T11400,T11400.3","2026-06-11T11:27:49-0400"
"NIPA","T11400","N456RX",42,"Consumption of fixed capital","Chained Dollars","1969","Level","6",192877,"T11400,T11400.3","2026-06-11T11:27:49-0400"
"NIPA","T11400","N456RX",42,"Consumption of fixed capital","Chained Dollars","1970","Level","6",203844,"T11400,T11400.3","2026-06-11T11:27:49-0400"
"NIPA","T11400","N456RX",42,"Consumption of fixed capital","Chained Dollars","1971","Level","6",212949,"T11400,T11400.3","2026-06-11T11:27:49-0400"
"NIPA","T11400","N456RX",42,"Consumption of fixed capital","Chained Dollars","1972","Level","6",223423,"T11400,T11400.3","2026-06-11T11:27:49-0400"
"NIPA","T11400","N456RX",42,"Consumption of fixed capital","Chained Dollars","1973","Level","6",239115,"T11400,T11400.3","2026-06-11T11:27:49-0400"
"NIPA","T11400","N456RX",42,"Consumption of fixed capital","Chained Dollars","1974","Level","6",252378,"T11400,T11400.3","2026-06-11T11:27:49-0400"
"NIPA","T11400","N456RX",42,"Consumption of fixed capital","Chained Dollars","1975","Level","6",261847,"T11400,T11400.3","2026-06-11T11:27:49-0400"
"NIPA","T11400","N456RX",42,"Consumption of fixed capital","Chained Dollars","1976","Level","6",270336,"T11400,T11400.3","2026-06-11T11:27:49-0400"
"NIPA","T11400","N456RX",42,"Consumption of fixed capital","Chained Dollars","1977","Level","6",282564,"T11400,T11400.3","2026-06-11T11:27:50-0400"
"NIPA","T11400","N456RX",42,"Consumption of fixed capital","Chained Dollars","1978","Level","6",297533,"T11400,T11400.3","2026-06-11T11:27:50-0400"
"NIPA","T11400","N456RX",42,"Consumption of fixed capital","Chained Dollars","1979","Level","6",314895,"T11400,T11400.3","2026-06-11T11:27:50-0400"
"NIPA","T11400","N456RX",42,"Consumption of fixed capital","Chained Dollars","1980","Level","6",331368,"T11400,T11400.3","2026-06-11T11:27:50-0400"
"NIPA","T11400","N456RX",42,"Consumption of fixed capital","Chained Dollars","1981","Level","6",346547,"T11400,T11400.3","2026-06-11T11:27:50-0400"
"NIPA","T11400","N456RX",42,"Consumption of fixed capital","Chained Dollars","1982","Level","6",362677,"T11400,T11400.3","2026-06-11T11:27:50-0400"
"NIPA","T11400","N456RX",42,"Consumption of fixed capital","Chained Dollars","1983","Level","6",375554,"T11400,T11400.3","2026-06-11T11:27:50-0400"
"NIPA","T11400","N456RX",42,"Consumption of fixed capital","Chained Dollars","1984","Level","6",392011,"T11400,T11400.3","2026-06-11T11:27:50-0400"
"NIPA","T11400","N456RX",42,"Consumption of fixed capital","Chained Dollars","1985","Level","6",414936,"T11400,T11400.3","2026-06-11T11:27:50-0400"
"NIPA","T11400","N456RX",42,"Consumption of fixed capital","Chained Dollars","1986","Level","6",434531,"T11400,T11400.3","2026-06-11T11:27:50-0400"
"NIPA","T11400","N456RX",42,"Consumption of fixed capital","Chained Dollars","1987","Level","6",452906,"T11400,T11400.3","2026-06-11T11:27:50-0400"
"NIPA","T11400","N456RX",42,"Consumption of fixed capital","Chained Dollars","1988","Level","6",469701,"T11400,T11400.3","2026-06-11T11:27:50-0400"
"NIPA","T11400","N456RX",42,"Consumption of fixed capital","Chained Dollars","1989","Level","6",486027,"T11400,T11400.3","2026-06-11T11:27:50-0400"
"NIPA","T11400","N456RX",42,"Consumption of fixed capital","Chained Dollars","1990","Level","6",503504,"T11400,T11400.3","2026-06-11T11:27:50-0400"
"NIPA","T11400","N456RX",42,"Consumption of fixed capital","Chained Dollars","1991","Level","6",518856,"T11400,T11400.3","2026-06-11T11:27:50-0400"
"NIPA","T11400","N456RX",42,"Consumption of fixed capital","Chained Dollars","1992","Level","6",533558,"T11400,T11400.3","2026-06-11T11:27:50-0400"
"NIPA","T11400","N456RX",42,"Consumption of fixed capital","Chained Dollars","1993","Level","6",553439,"T11400,T11400.3","2026-06-11T11:27:50-0400"
"NIPA","T11400","N456RX",42,"Consumption of fixed capital","Chained Dollars","1994","Level","6",578893,"T11400,T11400.3","2026-06-11T11:27:50-0400"
"NIPA","T11400","N456RX",42,"Consumption of fixed capital","Chained Dollars","1995","Level","6",612348,"T11400,T11400.3","2026-06-11T11:27:50-0400"
"NIPA","T11400","N456RX",42,"Consumption of fixed capital","Chained Dollars","1996","Level","6",650883,"T11400,T11400.3","2026-06-11T11:27:50-0400"
"NIPA","T11400","N456RX",42,"Consumption of fixed capital","Chained Dollars","1997","Level","6",697449,"T11400,T11400.3","2026-06-11T11:27:50-0400"
"NIPA","T11400","N456RX",42,"Consumption of fixed capital","Chained Dollars","1998","Level","6",749460,"T11400,T11400.3","2026-06-11T11:27:50-0400"
"NIPA","T11400","N456RX",42,"Consumption of fixed capital","Chained Dollars","1999","Level","6",805468,"T11400,T11400.3","2026-06-11T11:27:50-0400"
"NIPA","T11400","N456RX",42,"Consumption of fixed capital","Chained Dollars","2000","Level","6",866074,"T11400,T11400.3","2026-06-11T11:27:50-0400"
"NIPA","T11400","N456RX",42,"Consumption of fixed capital","Chained Dollars","2001","Level","6",916435,"T11400,T11400.3","2026-06-11T11:27:50-0400"
"NIPA","T11400","N456RX",42,"Consumption of fixed capital","Chained Dollars","2002","Level","6",947589,"T11400,T11400.3","2026-06-11T11:27:50-0400"
"NIPA","T11400","N456RX",42,"Consumption of fixed capital","Chained Dollars","2003","Level","6",967733,"T11400,T11400.3","2026-06-11T11:27:50-0400"
"NIPA","T11400","N456RX",42,"Consumption of fixed capital","Chained Dollars","2004","Level","6",993478,"T11400,T11400.3","2026-06-11T11:27:50-0400"
"NIPA","T11400","N456RX",42,"Consumption of fixed capital","Chained Dollars","2005","Level","6",1028328,"T11400,T11400.3","2026-06-11T11:27:50-0400"
"NIPA","T11400","N456RX",42,"Consumption of fixed capital","Chained Dollars","2006","Level","6",1072244,"T11400,T11400.3","2026-06-11T11:27:50-0400"
"NIPA","T11400","N456RX",42,"Consumption of fixed capital","Chained Dollars","2007","Level","6",1118112,"T11400,T11400.3","2026-06-11T11:27:50-0400"
"NIPA","T11400","N456RX",42,"Consumption of fixed capital","Chained Dollars","2008","Level","6",1157714,"T11400,T11400.3","2026-06-11T11:27:50-0400"
"NIPA","T11400","N456RX",42,"Consumption of fixed capital","Chained Dollars","2009","Level","6",1176561,"T11400,T11400.3","2026-06-11T11:27:50-0400"
"NIPA","T11400","N456RX",42,"Consumption of fixed capital","Chained Dollars","2010","Level","6",1188680,"T11400,T11400.3","2026-06-11T11:27:50-0400"
"NIPA","T11400","N456RX",42,"Consumption of fixed capital","Chained Dollars","2011","Level","6",1218420,"T11400,T11400.3","2026-06-11T11:27:50-0400"
"NIPA","T11400","N456RX",42,"Consumption of fixed capital","Chained Dollars","2012","Level","6",1259927,"T11400,T11400.3","2026-06-11T11:27:50-0400"
"NIPA","T11400","N456RX",42,"Consumption of fixed capital","Chained Dollars","2013","Level","6",1304834,"T11400,T11400.3","2026-06-11T11:27:50-0400"
"NIPA","T11400","N456RX",42,"Consumption of fixed capital","Chained Dollars","2014","Level","6",1354831,"T11400,T11400.3","2026-06-11T11:27:50-0400"
"NIPA","T11400","N456RX",42,"Consumption of fixed capital","Chained Dollars","2015","Level","6",1406385,"T11400,T11400.3","2026-06-11T11:27:50-0400"
"NIPA","T11400","N456RX",42,"Consumption of fixed capital","Chained Dollars","2016","Level","6",1456087,"T11400,T11400.3","2026-06-11T11:27:50-0400"
"NIPA","T11400","N456RX",42,"Consumption of fixed capital","Chained Dollars","2017","Level","6",1509413,"T11400,T11400.3","2026-06-11T11:27:50-0400"
"NIPA","T11400","N456RX",42,"Consumption of fixed capital","Chained Dollars","2018","Level","6",1572496,"T11400,T11400.3","2026-06-11T11:27:50-0400"
"NIPA","T11400","N456RX",42,"Consumption of fixed capital","Chained Dollars","2019","Level","6",1636719,"T11400,T11400.3","2026-06-11T11:27:50-0400"
"NIPA","T11400","N456RX",42,"Consumption of fixed capital","Chained Dollars","2020","Level","6",1686158,"T11400,T11400.3","2026-06-11T11:27:50-0400"
"NIPA","T11400","N456RX",42,"Consumption of fixed capital","Chained Dollars","2021","Level","6",1739065,"T11400,T11400.3","2026-06-11T11:27:50-0400"
"NIPA","T11400","N456RX",42,"Consumption of fixed capital","Chained Dollars","2022","Level","6",1810667,"T11400,T11400.3","2026-06-11T11:27:50-0400"
"NIPA","T11400","N456RX",42,"Consumption of fixed capital","Chained Dollars","2023","Level","6",1888753,"T11400,T11400.3","2026-06-11T11:27:50-0400"
"NIPA","T11400","N456RX",42,"Consumption of fixed capital","Chained Dollars","2024","Level","6",1964076,"T11400,T11400.3","2026-06-11T11:27:50-0400"
"NIPA","T11400","N456RX",42,"Consumption of fixed capital","Chained Dollars","2025","Level","6",2054885,"T11400,T11400.3","2026-06-11T11:27:50-0400"
"NIPA","T11400","A457RX",43,"Net value added","Chained Dollars","1929","Level","6",328529,"T11400,T11400.4","2026-06-11T11:27:50-0400"
"NIPA","T11400","A457RX",43,"Net value added","Chained Dollars","1930","Level","6",301227,"T11400,T11400.4","2026-06-11T11:27:50-0400"
"NIPA","T11400","A457RX",43,"Net value added","Chained Dollars","1931","Level","6",267576,"T11400,T11400.4","2026-06-11T11:27:50-0400"
"NIPA","T11400","A457RX",43,"Net value added","Chained Dollars","1932","Level","6",220933,"T11400,T11400.4","2026-06-11T11:27:50-0400"
"NIPA","T11400","A457RX",43,"Net value added","Chained Dollars","1933","Level","6",215512,"T11400,T11400.4","2026-06-11T11:27:50-0400"
"NIPA","T11400","A457RX",43,"Net value added","Chained Dollars","1934","Level","6",253422,"T11400,T11400.4","2026-06-11T11:27:50-0400"
"NIPA","T11400","A457RX",43,"Net value added","Chained Dollars","1935","Level","6",279970,"T11400,T11400.4","2026-06-11T11:27:50-0400"
"NIPA","T11400","A457RX",43,"Net value added","Chained Dollars","1936","Level","6",326261,"T11400,T11400.4","2026-06-11T11:27:50-0400"
"NIPA","T11400","A457RX",43,"Net value added","Chained Dollars","1937","Level","6",356046,"T11400,T11400.4","2026-06-11T11:27:50-0400"
"NIPA","T11400","A457RX",43,"Net value added","Chained Dollars","1938","Level","6",325977,"T11400,T11400.4","2026-06-11T11:27:50-0400"
"NIPA","T11400","A457RX",43,"Net value added","Chained Dollars","1939","Level","6",369661,"T11400,T11400.4","2026-06-11T11:27:50-0400"
"NIPA","T11400","A457RX",43,"Net value added","Chained Dollars","1940","Level","6",422559,"T11400,T11400.4","2026-06-11T11:27:50-0400"
"NIPA","T11400","A457RX",43,"Net value added","Chained Dollars","1941","Level","6",517124,"T11400,T11400.4","2026-06-11T11:27:50-0400"
"NIPA","T11400","A457RX",43,"Net value added","Chained Dollars","1942","Level","6",593262,"T11400,T11400.4","2026-06-11T11:27:50-0400"
"NIPA","T11400","A457RX",43,"Net value added","Chained Dollars","1943","Level","6",666962,"T11400,T11400.4","2026-06-11T11:27:50-0400"
"NIPA","T11400","A457RX",43,"Net value added","Chained Dollars","1944","Level","6",679926,"T11400,T11400.4","2026-06-11T11:27:50-0400"
"NIPA","T11400","A457RX",43,"Net value added","Chained Dollars","1945","Level","6",625515,"T11400,T11400.4","2026-06-11T11:27:50-0400"
"NIPA","T11400","A457RX",43,"Net value added","Chained Dollars","1946","Level","6",601562,"T11400,T11400.4","2026-06-11T11:27:50-0400"
"NIPA","T11400","A457RX",43,"Net value added","Chained Dollars","1947","Level","6",641941,"T11400,T11400.4","2026-06-11T11:27:50-0400"
"NIPA","T11400","A457RX",43,"Net value added","Chained Dollars","1948","Level","6",691778,"T11400,T11400.4","2026-06-11T11:27:50-0400"
"NIPA","T11400","A457RX",43,"Net value added","Chained Dollars","1949","Level","6",681313,"T11400,T11400.4","2026-06-11T11:27:50-0400"
"NIPA","T11400","A457RX",43,"Net value added","Chained Dollars","1950","Level","6",775624,"T11400,T11400.4","2026-06-11T11:27:50-0400"
"NIPA","T11400","A457RX",43,"Net value added","Chained Dollars","1951","Level","6",819830,"T11400,T11400.4","2026-06-11T11:27:50-0400"
"NIPA","T11400","A457RX",43,"Net value added","Chained Dollars","1952","Level","6",850721,"T11400,T11400.4","2026-06-11T11:27:50-0400"
"NIPA","T11400","A457RX",43,"Net value added","Chained Dollars","1953","Level","6",915406,"T11400,T11400.4","2026-06-11T11:27:50-0400"
"NIPA","T11400","A457RX",43,"Net value added","Chained Dollars","1954","Level","6",901187,"T11400,T11400.4","2026-06-11T11:27:50-0400"
"NIPA","T11400","A457RX",43,"Net value added","Chained Dollars","1955","Level","6",1015293,"T11400,T11400.4","2026-06-11T11:27:50-0400"
"NIPA","T11400","A457RX",43,"Net value added","Chained Dollars","1956","Level","6",1048498,"T11400,T11400.4","2026-06-11T11:27:50-0400"
"NIPA","T11400","A457RX",43,"Net value added","Chained Dollars","1957","Level","6",1058528,"T11400,T11400.4","2026-06-11T11:27:50-0400"
"NIPA","T11400","A457RX",43,"Net value added","Chained Dollars","1958","Level","6",1008806,"T11400,T11400.4","2026-06-11T11:27:50-0400"
"NIPA","T11400","A457RX",43,"Net value added","Chained Dollars","1959","Level","6",1131639,"T11400,T11400.4","2026-06-11T11:27:50-0400"
"NIPA","T11400","A457RX",43,"Net value added","Chained Dollars","1960","Level","6",1171082,"T11400,T11400.4","2026-06-11T11:27:50-0400"
"NIPA","T11400","A457RX",43,"Net value added","Chained Dollars","1961","Level","6",1197436,"T11400,T11400.4","2026-06-11T11:27:50-0400"
"NIPA","T11400","A457RX",43,"Net value added","Chained Dollars","1962","Level","6",1303995,"T11400,T11400.4","2026-06-11T11:27:50-0400"
"NIPA","T11400","A457RX",43,"Net value added","Chained Dollars","1963","Level","6",1385859,"T11400,T11400.4","2026-06-11T11:27:50-0400"
"NIPA","T11400","A457RX",43,"Net value added","Chained Dollars","1964","Level","6",1485360,"T11400,T11400.4","2026-06-11T11:27:50-0400"
"NIPA","T11400","A457RX",43,"Net value added","Chained Dollars","1965","Level","6",1612475,"T11400,T11400.4","2026-06-11T11:27:50-0400"
"NIPA","T11400","A457RX",43,"Net value added","Chained Dollars","1966","Level","6",1730745,"T11400,T11400.4","2026-06-11T11:27:50-0400"
"NIPA","T11400","A457RX",43,"Net value added","Chained Dollars","1967","Level","6",1773078,"T11400,T11400.4","2026-06-11T11:27:50-0400"
"NIPA","T11400","A457RX",43,"Net value added","Chained Dollars","1968","Level","6",1887749,"T11400,T11400.4","2026-06-11T11:27:50-0400"
"NIPA","T11400","A457RX",43,"Net value added","Chained Dollars","1969","Level","6",1958119,"T11400,T11400.4","2026-06-11T11:27:50-0400"
"NIPA","T11400","A457RX",43,"Net value added","Chained Dollars","1970","Level","6",1928402,"T11400,T11400.4","2026-06-11T11:27:50-0400"
"NIPA","T11400","A457RX",43,"Net value added","Chained Dollars","1971","Level","6",2003353,"T11400,T11400.4","2026-06-11T11:27:50-0400"
"NIPA","T11400","A457RX",43,"Net value added","Chained Dollars","1972","Level","6",2160597,"T11400,T11400.4","2026-06-11T11:27:50-0400"
"NIPA","T11400","A457RX",43,"Net value added","Chained Dollars","1973","Level","6",2290228,"T11400,T11400.4","2026-06-11T11:27:50-0400"
"NIPA","T11400","A457RX",43,"Net value added","Chained Dollars","1974","Level","6",2238797,"T11400,T11400.4","2026-06-11T11:27:50-0400"
"NIPA","T11400","A457RX",43,"Net value added","Chained Dollars","1975","Level","6",2194845,"T11400,T11400.4","2026-06-11T11:27:50-0400"
"NIPA","T11400","A457RX",43,"Net value added","Chained Dollars","1976","Level","6",2387531,"T11400,T11400.4","2026-06-11T11:27:50-0400"
"NIPA","T11400","A457RX",43,"Net value added","Chained Dollars","1977","Level","6",2571924,"T11400,T11400.4","2026-06-11T11:27:50-0400"
"NIPA","T11400","A457RX",43,"Net value added","Chained Dollars","1978","Level","6",2741211,"T11400,T11400.4","2026-06-11T11:27:50-0400"
"NIPA","T11400","A457RX",43,"Net value added","Chained Dollars","1979","Level","6",2804080,"T11400,T11400.4","2026-06-11T11:27:50-0400"
"NIPA","T11400","A457RX",43,"Net value added","Chained Dollars","1980","Level","6",2808728,"T11400,T11400.4","2026-06-11T11:27:50-0400"
"NIPA","T11400","A457RX",43,"Net value added","Chained Dollars","1981","Level","6",2937341,"T11400,T11400.4","2026-06-11T11:27:50-0400"
"NIPA","T11400","A457RX",43,"Net value added","Chained Dollars","1982","Level","6",2891185,"T11400,T11400.4","2026-06-11T11:27:50-0400"
"NIPA","T11400","A457RX",43,"Net value added","Chained Dollars","1983","Level","6",3039661,"T11400,T11400.4","2026-06-11T11:27:50-0400"
"NIPA","T11400","A457RX",43,"Net value added","Chained Dollars","1984","Level","6",3365169,"T11400,T11400.4","2026-06-11T11:27:50-0400"
"NIPA","T11400","A457RX",43,"Net value added","Chained Dollars","1985","Level","6",3522684,"T11400,T11400.4","2026-06-11T11:27:50-0400"
"NIPA","T11400","A457RX",43,"Net value added","Chained Dollars","1986","Level","6",3636671,"T11400,T11400.4","2026-06-11T11:27:50-0400"
"NIPA","T11400","A457RX",43,"Net value added","Chained Dollars","1987","Level","6",3834830,"T11400,T11400.4","2026-06-11T11:27:50-0400"
"NIPA","T11400","A457RX",43,"Net value added","Chained Dollars","1988","Level","6",4075529,"T11400,T11400.4","2026-06-11T11:27:50-0400"
"NIPA","T11400","A457RX",43,"Net value added","Chained Dollars","1989","Level","6",4150087,"T11400,T11400.4","2026-06-11T11:27:50-0400"
"NIPA","T11400","A457RX",43,"Net value added","Chained Dollars","1990","Level","6",4215592,"T11400,T11400.4","2026-06-11T11:27:50-0400"
"NIPA","T11400","A457RX",43,"Net value added","Chained Dollars","1991","Level","6",4183767,"T11400,T11400.4","2026-06-11T11:27:50-0400"
"NIPA","T11400","A457RX",43,"Net value added","Chained Dollars","1992","Level","6",4350481,"T11400,T11400.4","2026-06-11T11:27:50-0400"
"NIPA","T11400","A457RX",43,"Net value added","Chained Dollars","1993","Level","6",4494523,"T11400,T11400.4","2026-06-11T11:27:50-0400"
"NIPA","T11400","A457RX",43,"Net value added","Chained Dollars","1994","Level","6",4795002,"T11400,T11400.4","2026-06-11T11:27:50-0400"
"NIPA","T11400","A457RX",43,"Net value added","Chained Dollars","1995","Level","6",5007055,"T11400,T11400.4","2026-06-11T11:27:50-0400"
"NIPA","T11400","A457RX",43,"Net value added","Chained Dollars","1996","Level","6",5273260,"T11400,T11400.4","2026-06-11T11:27:50-0400"
"NIPA","T11400","A457RX",43,"Net value added","Chained Dollars","1997","Level","6",5625433,"T11400,T11400.4","2026-06-11T11:27:50-0400"
"NIPA","T11400","A457RX",43,"Net value added","Chained Dollars","1998","Level","6",5918191,"T11400,T11400.4","2026-06-11T11:27:50-0400"
"NIPA","T11400","A457RX",43,"Net value added","Chained Dollars","1999","Level","6",6198155,"T11400,T11400.4","2026-06-11T11:27:50-0400"
"NIPA","T11400","A457RX",43,"Net value added","Chained Dollars","2000","Level","6",6474131,"T11400,T11400.4","2026-06-11T11:27:50-0400"
"NIPA","T11400","A457RX",43,"Net value added","Chained Dollars","2001","Level","6",6247816,"T11400,T11400.4","2026-06-11T11:27:50-0400"
"NIPA","T11400","A457RX",43,"Net value added","Chained Dollars","2002","Level","6",6290295,"T11400,T11400.4","2026-06-11T11:27:50-0400"
"NIPA","T11400","A457RX",43,"Net value added","Chained Dollars","2003","Level","6",6434793,"T11400,T11400.4","2026-06-11T11:27:50-0400"
"NIPA","T11400","A457RX",43,"Net value added","Chained Dollars","2004","Level","6",6775267,"T11400,T11400.4","2026-06-11T11:27:50-0400"
"NIPA","T11400","A457RX",43,"Net value added","Chained Dollars","2005","Level","6",7027611,"T11400,T11400.4","2026-06-11T11:27:50-0400"
"NIPA","T11400","A457RX",43,"Net value added","Chained Dollars","2006","Level","6",7294960,"T11400,T11400.4","2026-06-11T11:27:50-0400"
"NIPA","T11400","A457RX",43,"Net value added","Chained Dollars","2007","Level","6",7345381,"T11400,T11400.4","2026-06-11T11:27:50-0400"
"NIPA","T11400","A457RX",43,"Net value added","Chained Dollars","2008","Level","6",7215977,"T11400,T11400.4","2026-06-11T11:27:50-0400"
"NIPA","T11400","A457RX",43,"Net value added","Chained Dollars","2009","Level","6",6603937,"T11400,T11400.4","2026-06-11T11:27:50-0400"
"NIPA","T11400","A457RX",43,"Net value added","Chained Dollars","2010","Level","6",6930051,"T11400,T11400.4","2026-06-11T11:27:50-0400"
"NIPA","T11400","A457RX",43,"Net value added","Chained Dollars","2011","Level","6",7120773,"T11400,T11400.4","2026-06-11T11:27:50-0400"
"NIPA","T11400","A457RX",43,"Net value added","Chained Dollars","2012","Level","6",7388683,"T11400,T11400.4","2026-06-11T11:27:50-0400"
"NIPA","T11400","A457RX",43,"Net value added","Chained Dollars","2013","Level","6",7550258,"T11400,T11400.4","2026-06-11T11:27:50-0400"
"NIPA","T11400","A457RX",43,"Net value added","Chained Dollars","2014","Level","6",7800855,"T11400,T11400.4","2026-06-11T11:27:50-0400"
"NIPA","T11400","A457RX",43,"Net value added","Chained Dollars","2015","Level","6",8047347,"T11400,T11400.4","2026-06-11T11:27:50-0400"
"NIPA","T11400","A457RX",43,"Net value added","Chained Dollars","2016","Level","6",8058211,"T11400,T11400.4","2026-06-11T11:27:50-0400"
"NIPA","T11400","A457RX",43,"Net value added","Chained Dollars","2017","Level","6",8262036,"T11400,T11400.4","2026-06-11T11:27:50-0400"
"NIPA","T11400","A457RX",43,"Net value added","Chained Dollars","2018","Level","6",8563801,"T11400,T11400.4","2026-06-11T11:27:50-0400"
"NIPA","T11400","A457RX",43,"Net value added","Chained Dollars","2019","Level","6",8769769,"T11400,T11400.4","2026-06-11T11:27:50-0400"
"NIPA","T11400","A457RX",43,"Net value added","Chained Dollars","2020","Level","6",8293360,"T11400,T11400.4","2026-06-11T11:27:50-0400"
"NIPA","T11400","A457RX",43,"Net value added","Chained Dollars","2021","Level","6",9205999,"T11400,T11400.4","2026-06-11T11:27:50-0400"
"NIPA","T11400","A457RX",43,"Net value added","Chained Dollars","2022","Level","6",9540149,"T11400,T11400.4","2026-06-11T11:27:50-0400"
"NIPA","T11400","A457RX",43,"Net value added","Chained Dollars","2023","Level","6",9661575,"T11400,T11400.4","2026-06-11T11:27:50-0400"
"NIPA","T11400","A457RX",43,"Net value added","Chained Dollars","2024","Level","6",9900133,"T11400,T11400.4","2026-06-11T11:27:50-0400"
"NIPA","T11400","A457RX",43,"Net value added","Chained Dollars","2025","Level","6",10174701,"T11400,T11400.4","2026-06-11T11:27:50-0400"
