"year","line_number","line_desc","value","series_code","unit","table_name","source"
1925,1,"Government fixed assets",897,"m1gtotl1es00","6","FAAt703","BEA_API"
1926,1,"Government fixed assets",916,"m1gtotl1es00","6","FAAt703","BEA_API"
1927,1,"Government fixed assets",949,"m1gtotl1es00","6","FAAt703","BEA_API"
1928,1,"Government fixed assets",964,"m1gtotl1es00","6","FAAt703","BEA_API"
1929,1,"Government fixed assets",998,"m1gtotl1es00","6","FAAt703","BEA_API"
1930,1,"Government fixed assets",996,"m1gtotl1es00","6","FAAt703","BEA_API"
1931,1,"Government fixed assets",964,"m1gtotl1es00","6","FAAt703","BEA_API"
1932,1,"Government fixed assets",873,"m1gtotl1es00","6","FAAt703","BEA_API"
1933,1,"Government fixed assets",970,"m1gtotl1es00","6","FAAt703","BEA_API"
1934,1,"Government fixed assets",1142,"m1gtotl1es00","6","FAAt703","BEA_API"
1935,1,"Government fixed assets",1156,"m1gtotl1es00","6","FAAt703","BEA_API"
1936,1,"Government fixed assets",1293,"m1gtotl1es00","6","FAAt703","BEA_API"
1937,1,"Government fixed assets",1396,"m1gtotl1es00","6","FAAt703","BEA_API"
1938,1,"Government fixed assets",1462,"m1gtotl1es00","6","FAAt703","BEA_API"
1939,1,"Government fixed assets",1513,"m1gtotl1es00","6","FAAt703","BEA_API"
1940,1,"Government fixed assets",1601,"m1gtotl1es00","6","FAAt703","BEA_API"
1941,1,"Government fixed assets",2112,"m1gtotl1es00","6","FAAt703","BEA_API"
1942,1,"Government fixed assets",3665,"m1gtotl1es00","6","FAAt703","BEA_API"
1943,1,"Government fixed assets",6492,"m1gtotl1es00","6","FAAt703","BEA_API"
1944,1,"Government fixed assets",9303,"m1gtotl1es00","6","FAAt703","BEA_API"
1945,1,"Government fixed assets",10600,"m1gtotl1es00","6","FAAt703","BEA_API"
1946,1,"Government fixed assets",11444,"m1gtotl1es00","6","FAAt703","BEA_API"
1947,1,"Government fixed assets",11405,"m1gtotl1es00","6","FAAt703","BEA_API"
1948,1,"Government fixed assets",10521,"m1gtotl1es00","6","FAAt703","BEA_API"
1949,1,"Government fixed assets",9686,"m1gtotl1es00","6","FAAt703","BEA_API"
1950,1,"Government fixed assets",9082,"m1gtotl1es00","6","FAAt703","BEA_API"
1951,1,"Government fixed assets",10079,"m1gtotl1es00","6","FAAt703","BEA_API"
1952,1,"Government fixed assets",11147,"m1gtotl1es00","6","FAAt703","BEA_API"
1953,1,"Government fixed assets",12256,"m1gtotl1es00","6","FAAt703","BEA_API"
1954,1,"Government fixed assets",13017,"m1gtotl1es00","6","FAAt703","BEA_API"
1955,1,"Government fixed assets",13861,"m1gtotl1es00","6","FAAt703","BEA_API"
1956,1,"Government fixed assets",15312,"m1gtotl1es00","6","FAAt703","BEA_API"
1957,1,"Government fixed assets",16651,"m1gtotl1es00","6","FAAt703","BEA_API"
1958,1,"Government fixed assets",17542,"m1gtotl1es00","6","FAAt703","BEA_API"
1959,1,"Government fixed assets",18620,"m1gtotl1es00","6","FAAt703","BEA_API"
1960,1,"Government fixed assets",19686,"m1gtotl1es00","6","FAAt703","BEA_API"
1961,1,"Government fixed assets",20820,"m1gtotl1es00","6","FAAt703","BEA_API"
1962,1,"Government fixed assets",22291,"m1gtotl1es00","6","FAAt703","BEA_API"
1963,1,"Government fixed assets",23860,"m1gtotl1es00","6","FAAt703","BEA_API"
1964,1,"Government fixed assets",25118,"m1gtotl1es00","6","FAAt703","BEA_API"
1965,1,"Government fixed assets",26434,"m1gtotl1es00","6","FAAt703","BEA_API"
1966,1,"Government fixed assets",28138,"m1gtotl1es00","6","FAAt703","BEA_API"
1967,1,"Government fixed assets",30226,"m1gtotl1es00","6","FAAt703","BEA_API"
1968,1,"Government fixed assets",32745,"m1gtotl1es00","6","FAAt703","BEA_API"
1969,1,"Government fixed assets",35430,"m1gtotl1es00","6","FAAt703","BEA_API"
1970,1,"Government fixed assets",38564,"m1gtotl1es00","6","FAAt703","BEA_API"
1971,1,"Government fixed assets",41286,"m1gtotl1es00","6","FAAt703","BEA_API"
1972,1,"Government fixed assets",43490,"m1gtotl1es00","6","FAAt703","BEA_API"
1973,1,"Government fixed assets",47010,"m1gtotl1es00","6","FAAt703","BEA_API"
1974,1,"Government fixed assets",53681,"m1gtotl1es00","6","FAAt703","BEA_API"
1975,1,"Government fixed assets",59741,"m1gtotl1es00","6","FAAt703","BEA_API"
1976,1,"Government fixed assets",63757,"m1gtotl1es00","6","FAAt703","BEA_API"
1977,1,"Government fixed assets",68656,"m1gtotl1es00","6","FAAt703","BEA_API"
1978,1,"Government fixed assets",74959,"m1gtotl1es00","6","FAAt703","BEA_API"
1979,1,"Government fixed assets",83106,"m1gtotl1es00","6","FAAt703","BEA_API"
1980,1,"Government fixed assets",93380,"m1gtotl1es00","6","FAAt703","BEA_API"
1981,1,"Government fixed assets",105237,"m1gtotl1es00","6","FAAt703","BEA_API"
1982,1,"Government fixed assets",116611,"m1gtotl1es00","6","FAAt703","BEA_API"
1983,1,"Government fixed assets",124328,"m1gtotl1es00","6","FAAt703","BEA_API"
1984,1,"Government fixed assets",135189,"m1gtotl1es00","6","FAAt703","BEA_API"
1985,1,"Government fixed assets",143832,"m1gtotl1es00","6","FAAt703","BEA_API"
1986,1,"Government fixed assets",153531,"m1gtotl1es00","6","FAAt703","BEA_API"
1987,1,"Government fixed assets",164074,"m1gtotl1es00","6","FAAt703","BEA_API"
1988,1,"Government fixed assets",176482,"m1gtotl1es00","6","FAAt703","BEA_API"
1989,1,"Government fixed assets",188604,"m1gtotl1es00","6","FAAt703","BEA_API"
1990,1,"Government fixed assets",200111,"m1gtotl1es00","6","FAAt703","BEA_API"
1991,1,"Government fixed assets",210901,"m1gtotl1es00","6","FAAt703","BEA_API"
1992,1,"Government fixed assets",217349,"m1gtotl1es00","6","FAAt703","BEA_API"
1993,1,"Government fixed assets",225055,"m1gtotl1es00","6","FAAt703","BEA_API"
1994,1,"Government fixed assets",233012,"m1gtotl1es00","6","FAAt703","BEA_API"
1995,1,"Government fixed assets",241571,"m1gtotl1es00","6","FAAt703","BEA_API"
1996,1,"Government fixed assets",246177,"m1gtotl1es00","6","FAAt703","BEA_API"
1997,1,"Government fixed assets",251294,"m1gtotl1es00","6","FAAt703","BEA_API"
1998,1,"Government fixed assets",257510,"m1gtotl1es00","6","FAAt703","BEA_API"
1999,1,"Government fixed assets",266747,"m1gtotl1es00","6","FAAt703","BEA_API"
2000,1,"Government fixed assets",279350,"m1gtotl1es00","6","FAAt703","BEA_API"
2001,1,"Government fixed assets",288086,"m1gtotl1es00","6","FAAt703","BEA_API"
2002,1,"Government fixed assets",296253,"m1gtotl1es00","6","FAAt703","BEA_API"
2003,1,"Government fixed assets",307186,"m1gtotl1es00","6","FAAt703","BEA_API"
2004,1,"Government fixed assets",324472,"m1gtotl1es00","6","FAAt703","BEA_API"
2005,1,"Government fixed assets",348298,"m1gtotl1es00","6","FAAt703","BEA_API"
2006,1,"Government fixed assets",372136,"m1gtotl1es00","6","FAAt703","BEA_API"
2007,1,"Government fixed assets",399415,"m1gtotl1es00","6","FAAt703","BEA_API"
2008,1,"Government fixed assets",426962,"m1gtotl1es00","6","FAAt703","BEA_API"
2009,1,"Government fixed assets",442754,"m1gtotl1es00","6","FAAt703","BEA_API"
2010,1,"Government fixed assets",457105,"m1gtotl1es00","6","FAAt703","BEA_API"
2011,1,"Government fixed assets",477047,"m1gtotl1es00","6","FAAt703","BEA_API"
2012,1,"Government fixed assets",493485,"m1gtotl1es00","6","FAAt703","BEA_API"
2013,1,"Government fixed assets",504936,"m1gtotl1es00","6","FAAt703","BEA_API"
2014,1,"Government fixed assets",518278,"m1gtotl1es00","6","FAAt703","BEA_API"
2015,1,"Government fixed assets",524994,"m1gtotl1es00","6","FAAt703","BEA_API"
2016,1,"Government fixed assets",532571,"m1gtotl1es00","6","FAAt703","BEA_API"
2017,1,"Government fixed assets",549942,"m1gtotl1es00","6","FAAt703","BEA_API"
2018,1,"Government fixed assets",575317,"m1gtotl1es00","6","FAAt703","BEA_API"
2019,1,"Government fixed assets",597649,"m1gtotl1es00","6","FAAt703","BEA_API"
2020,1,"Government fixed assets",616997,"m1gtotl1es00","6","FAAt703","BEA_API"
2021,1,"Government fixed assets",658406,"m1gtotl1es00","6","FAAt703","BEA_API"
2022,1,"Government fixed assets",728768,"m1gtotl1es00","6","FAAt703","BEA_API"
2023,1,"Government fixed assets",770341,"m1gtotl1es00","6","FAAt703","BEA_API"
2024,1,"Government fixed assets",816686,"m1gtotl1es00","6","FAAt703","BEA_API"
1925,2,"Equipment",226,"m1gtotl1eq00","6","FAAt703","BEA_API"
1926,2,"Equipment",233,"m1gtotl1eq00","6","FAAt703","BEA_API"
1927,2,"Equipment",239,"m1gtotl1eq00","6","FAAt703","BEA_API"
1928,2,"Equipment",248,"m1gtotl1eq00","6","FAAt703","BEA_API"
1929,2,"Equipment",254,"m1gtotl1eq00","6","FAAt703","BEA_API"
1930,2,"Equipment",254,"m1gtotl1eq00","6","FAAt703","BEA_API"
1931,2,"Equipment",251,"m1gtotl1eq00","6","FAAt703","BEA_API"
1932,2,"Equipment",255,"m1gtotl1eq00","6","FAAt703","BEA_API"
1933,2,"Equipment",252,"m1gtotl1eq00","6","FAAt703","BEA_API"
1934,2,"Equipment",272,"m1gtotl1eq00","6","FAAt703","BEA_API"
1935,2,"Equipment",292,"m1gtotl1eq00","6","FAAt703","BEA_API"
1936,2,"Equipment",307,"m1gtotl1eq00","6","FAAt703","BEA_API"
1937,2,"Equipment",341,"m1gtotl1eq00","6","FAAt703","BEA_API"
1938,2,"Equipment",359,"m1gtotl1eq00","6","FAAt703","BEA_API"
1939,2,"Equipment",383,"m1gtotl1eq00","6","FAAt703","BEA_API"
1940,2,"Equipment",421,"m1gtotl1eq00","6","FAAt703","BEA_API"
1941,2,"Equipment",720,"m1gtotl1eq00","6","FAAt703","BEA_API"
1942,2,"Equipment",1824,"m1gtotl1eq00","6","FAAt703","BEA_API"
1943,2,"Equipment",4222,"m1gtotl1eq00","6","FAAt703","BEA_API"
1944,2,"Equipment",6796,"m1gtotl1eq00","6","FAAt703","BEA_API"
1945,2,"Equipment",7905,"m1gtotl1eq00","6","FAAt703","BEA_API"
1946,2,"Equipment",8312,"m1gtotl1eq00","6","FAAt703","BEA_API"
1947,2,"Equipment",7673,"m1gtotl1eq00","6","FAAt703","BEA_API"
1948,2,"Equipment",6402,"m1gtotl1eq00","6","FAAt703","BEA_API"
1949,2,"Equipment",5449,"m1gtotl1eq00","6","FAAt703","BEA_API"
1950,2,"Equipment",4810,"m1gtotl1eq00","6","FAAt703","BEA_API"
1951,2,"Equipment",4938,"m1gtotl1eq00","6","FAAt703","BEA_API"
1952,2,"Equipment",5623,"m1gtotl1eq00","6","FAAt703","BEA_API"
1953,2,"Equipment",6385,"m1gtotl1eq00","6","FAAt703","BEA_API"
1954,2,"Equipment",7062,"m1gtotl1eq00","6","FAAt703","BEA_API"
1955,2,"Equipment",7464,"m1gtotl1eq00","6","FAAt703","BEA_API"
1956,2,"Equipment",7961,"m1gtotl1eq00","6","FAAt703","BEA_API"
1957,2,"Equipment",8358,"m1gtotl1eq00","6","FAAt703","BEA_API"
1958,2,"Equipment",8444,"m1gtotl1eq00","6","FAAt703","BEA_API"
1959,2,"Equipment",8802,"m1gtotl1eq00","6","FAAt703","BEA_API"
1960,2,"Equipment",9197,"m1gtotl1eq00","6","FAAt703","BEA_API"
1961,2,"Equipment",9534,"m1gtotl1eq00","6","FAAt703","BEA_API"
1962,2,"Equipment",10108,"m1gtotl1eq00","6","FAAt703","BEA_API"
1963,2,"Equipment",10688,"m1gtotl1eq00","6","FAAt703","BEA_API"
1964,2,"Equipment",10867,"m1gtotl1eq00","6","FAAt703","BEA_API"
1965,2,"Equipment",11111,"m1gtotl1eq00","6","FAAt703","BEA_API"
1966,2,"Equipment",11466,"m1gtotl1eq00","6","FAAt703","BEA_API"
1967,2,"Equipment",12142,"m1gtotl1eq00","6","FAAt703","BEA_API"
1968,2,"Equipment",12867,"m1gtotl1eq00","6","FAAt703","BEA_API"
1969,2,"Equipment",13406,"m1gtotl1eq00","6","FAAt703","BEA_API"
1970,2,"Equipment",13933,"m1gtotl1eq00","6","FAAt703","BEA_API"
1971,2,"Equipment",14133,"m1gtotl1eq00","6","FAAt703","BEA_API"
1972,2,"Equipment",14241,"m1gtotl1eq00","6","FAAt703","BEA_API"
1973,2,"Equipment",14648,"m1gtotl1eq00","6","FAAt703","BEA_API"
1974,2,"Equipment",15780,"m1gtotl1eq00","6","FAAt703","BEA_API"
1975,2,"Equipment",17545,"m1gtotl1eq00","6","FAAt703","BEA_API"
1976,2,"Equipment",19442,"m1gtotl1eq00","6","FAAt703","BEA_API"
1977,2,"Equipment",21315,"m1gtotl1eq00","6","FAAt703","BEA_API"
1978,2,"Equipment",23723,"m1gtotl1eq00","6","FAAt703","BEA_API"
1979,2,"Equipment",25930,"m1gtotl1eq00","6","FAAt703","BEA_API"
1980,2,"Equipment",28251,"m1gtotl1eq00","6","FAAt703","BEA_API"
1981,2,"Equipment",31437,"m1gtotl1eq00","6","FAAt703","BEA_API"
1982,2,"Equipment",35478,"m1gtotl1eq00","6","FAAt703","BEA_API"
1983,2,"Equipment",38662,"m1gtotl1eq00","6","FAAt703","BEA_API"
1984,2,"Equipment",43860,"m1gtotl1eq00","6","FAAt703","BEA_API"
1985,2,"Equipment",46321,"m1gtotl1eq00","6","FAAt703","BEA_API"
1986,2,"Equipment",49257,"m1gtotl1eq00","6","FAAt703","BEA_API"
1987,2,"Equipment",52227,"m1gtotl1eq00","6","FAAt703","BEA_API"
1988,2,"Equipment",55994,"m1gtotl1eq00","6","FAAt703","BEA_API"
1989,2,"Equipment",60503,"m1gtotl1eq00","6","FAAt703","BEA_API"
1990,2,"Equipment",64850,"m1gtotl1eq00","6","FAAt703","BEA_API"
1991,2,"Equipment",69193,"m1gtotl1eq00","6","FAAt703","BEA_API"
1992,2,"Equipment",71854,"m1gtotl1eq00","6","FAAt703","BEA_API"
1993,2,"Equipment",74555,"m1gtotl1eq00","6","FAAt703","BEA_API"
1994,2,"Equipment",77933,"m1gtotl1eq00","6","FAAt703","BEA_API"
1995,2,"Equipment",79411,"m1gtotl1eq00","6","FAAt703","BEA_API"
1996,2,"Equipment",79912,"m1gtotl1eq00","6","FAAt703","BEA_API"
1997,2,"Equipment",79268,"m1gtotl1eq00","6","FAAt703","BEA_API"
1998,2,"Equipment",80107,"m1gtotl1eq00","6","FAAt703","BEA_API"
1999,2,"Equipment",81553,"m1gtotl1eq00","6","FAAt703","BEA_API"
2000,2,"Equipment",84141,"m1gtotl1eq00","6","FAAt703","BEA_API"
2001,2,"Equipment",85384,"m1gtotl1eq00","6","FAAt703","BEA_API"
2002,2,"Equipment",86583,"m1gtotl1eq00","6","FAAt703","BEA_API"
2003,2,"Equipment",88700,"m1gtotl1eq00","6","FAAt703","BEA_API"
2004,2,"Equipment",92137,"m1gtotl1eq00","6","FAAt703","BEA_API"
2005,2,"Equipment",95901,"m1gtotl1eq00","6","FAAt703","BEA_API"
2006,2,"Equipment",99899,"m1gtotl1eq00","6","FAAt703","BEA_API"
2007,2,"Equipment",104940,"m1gtotl1eq00","6","FAAt703","BEA_API"
2008,2,"Equipment",111923,"m1gtotl1eq00","6","FAAt703","BEA_API"
2009,2,"Equipment",118346,"m1gtotl1eq00","6","FAAt703","BEA_API"
2010,2,"Equipment",123156,"m1gtotl1eq00","6","FAAt703","BEA_API"
2011,2,"Equipment",127948,"m1gtotl1eq00","6","FAAt703","BEA_API"
2012,2,"Equipment",130917,"m1gtotl1eq00","6","FAAt703","BEA_API"
2013,2,"Equipment",131493,"m1gtotl1eq00","6","FAAt703","BEA_API"
2014,2,"Equipment",131856,"m1gtotl1eq00","6","FAAt703","BEA_API"
2015,2,"Equipment",131321,"m1gtotl1eq00","6","FAAt703","BEA_API"
2016,2,"Equipment",131106,"m1gtotl1eq00","6","FAAt703","BEA_API"
2017,2,"Equipment",132427,"m1gtotl1eq00","6","FAAt703","BEA_API"
2018,2,"Equipment",135508,"m1gtotl1eq00","6","FAAt703","BEA_API"
2019,2,"Equipment",138686,"m1gtotl1eq00","6","FAAt703","BEA_API"
2020,2,"Equipment",142594,"m1gtotl1eq00","6","FAAt703","BEA_API"
2021,2,"Equipment",150379,"m1gtotl1eq00","6","FAAt703","BEA_API"
2022,2,"Equipment",163178,"m1gtotl1eq00","6","FAAt703","BEA_API"
2023,2,"Equipment",170213,"m1gtotl1eq00","6","FAAt703","BEA_API"
2024,2,"Equipment",189974,"m1gtotl1eq00","6","FAAt703","BEA_API"
1925,3,"Structures",658,"m1gtotl1st00","6","FAAt703","BEA_API"
1926,3,"Structures",668,"m1gtotl1st00","6","FAAt703","BEA_API"
1927,3,"Structures",694,"m1gtotl1st00","6","FAAt703","BEA_API"
1928,3,"Structures",698,"m1gtotl1st00","6","FAAt703","BEA_API"
1929,3,"Structures",722,"m1gtotl1st00","6","FAAt703","BEA_API"
1930,3,"Structures",713,"m1gtotl1st00","6","FAAt703","BEA_API"
1931,3,"Structures",676,"m1gtotl1st00","6","FAAt703","BEA_API"
1932,3,"Structures",573,"m1gtotl1st00","6","FAAt703","BEA_API"
1933,3,"Structures",667,"m1gtotl1st00","6","FAAt703","BEA_API"
1934,3,"Structures",810,"m1gtotl1st00","6","FAAt703","BEA_API"
1935,3,"Structures",803,"m1gtotl1st00","6","FAAt703","BEA_API"
1936,3,"Structures",917,"m1gtotl1st00","6","FAAt703","BEA_API"
1937,3,"Structures",979,"m1gtotl1st00","6","FAAt703","BEA_API"
1938,3,"Structures",1021,"m1gtotl1st00","6","FAAt703","BEA_API"
1939,3,"Structures",1045,"m1gtotl1st00","6","FAAt703","BEA_API"
1940,3,"Structures",1090,"m1gtotl1st00","6","FAAt703","BEA_API"
1941,3,"Structures",1281,"m1gtotl1st00","6","FAAt703","BEA_API"
1942,3,"Structures",1663,"m1gtotl1st00","6","FAAt703","BEA_API"
1943,3,"Structures",1974,"m1gtotl1st00","6","FAAt703","BEA_API"
1944,3,"Structures",1993,"m1gtotl1st00","6","FAAt703","BEA_API"
1945,3,"Structures",2008,"m1gtotl1st00","6","FAAt703","BEA_API"
1946,3,"Structures",2301,"m1gtotl1st00","6","FAAt703","BEA_API"
1947,3,"Structures",2743,"m1gtotl1st00","6","FAAt703","BEA_API"
1948,3,"Structures",3033,"m1gtotl1st00","6","FAAt703","BEA_API"
1949,3,"Structures",3033,"m1gtotl1st00","6","FAAt703","BEA_API"
1950,3,"Structures",2951,"m1gtotl1st00","6","FAAt703","BEA_API"
1951,3,"Structures",3609,"m1gtotl1st00","6","FAAt703","BEA_API"
1952,3,"Structures",3850,"m1gtotl1st00","6","FAAt703","BEA_API"
1953,3,"Structures",4023,"m1gtotl1st00","6","FAAt703","BEA_API"
1954,3,"Structures",3924,"m1gtotl1st00","6","FAAt703","BEA_API"
1955,3,"Structures",4087,"m1gtotl1st00","6","FAAt703","BEA_API"
1956,3,"Structures",4614,"m1gtotl1st00","6","FAAt703","BEA_API"
1957,3,"Structures",5015,"m1gtotl1st00","6","FAAt703","BEA_API"
1958,3,"Structures",5223,"m1gtotl1st00","6","FAAt703","BEA_API"
1959,3,"Structures",5384,"m1gtotl1st00","6","FAAt703","BEA_API"
1960,3,"Structures",5516,"m1gtotl1st00","6","FAAt703","BEA_API"
1961,3,"Structures",5747,"m1gtotl1st00","6","FAAt703","BEA_API"
1962,3,"Structures",6063,"m1gtotl1st00","6","FAAt703","BEA_API"
1963,3,"Structures",6434,"m1gtotl1st00","6","FAAt703","BEA_API"
1964,3,"Structures",6778,"m1gtotl1st00","6","FAAt703","BEA_API"
1965,3,"Structures",7224,"m1gtotl1st00","6","FAAt703","BEA_API"
1966,3,"Structures",7844,"m1gtotl1st00","6","FAAt703","BEA_API"
1967,3,"Structures",8443,"m1gtotl1st00","6","FAAt703","BEA_API"
1968,3,"Structures",9210,"m1gtotl1st00","6","FAAt703","BEA_API"
1969,3,"Structures",10226,"m1gtotl1st00","6","FAAt703","BEA_API"
1970,3,"Structures",11497,"m1gtotl1st00","6","FAAt703","BEA_API"
1971,3,"Structures",12803,"m1gtotl1st00","6","FAAt703","BEA_API"
1972,3,"Structures",13882,"m1gtotl1st00","6","FAAt703","BEA_API"
1973,3,"Structures",15596,"m1gtotl1st00","6","FAAt703","BEA_API"
1974,3,"Structures",19046,"m1gtotl1st00","6","FAAt703","BEA_API"
1975,3,"Structures",21436,"m1gtotl1st00","6","FAAt703","BEA_API"
1976,3,"Structures",22128,"m1gtotl1st00","6","FAAt703","BEA_API"
1977,3,"Structures",23419,"m1gtotl1st00","6","FAAt703","BEA_API"
1978,3,"Structures",25200,"m1gtotl1st00","6","FAAt703","BEA_API"
1979,3,"Structures",28286,"m1gtotl1st00","6","FAAt703","BEA_API"
1980,3,"Structures",32370,"m1gtotl1st00","6","FAAt703","BEA_API"
1981,3,"Structures",36639,"m1gtotl1st00","6","FAAt703","BEA_API"
1982,3,"Structures",39565,"m1gtotl1st00","6","FAAt703","BEA_API"
1983,3,"Structures",40168,"m1gtotl1st00","6","FAAt703","BEA_API"
1984,3,"Structures",41175,"m1gtotl1st00","6","FAAt703","BEA_API"
1985,3,"Structures",42672,"m1gtotl1st00","6","FAAt703","BEA_API"
1986,3,"Structures",44896,"m1gtotl1st00","6","FAAt703","BEA_API"
1987,3,"Structures",47595,"m1gtotl1st00","6","FAAt703","BEA_API"
1988,3,"Structures",49857,"m1gtotl1st00","6","FAAt703","BEA_API"
1989,3,"Structures",52154,"m1gtotl1st00","6","FAAt703","BEA_API"
1990,3,"Structures",54865,"m1gtotl1st00","6","FAAt703","BEA_API"
1991,3,"Structures",56875,"m1gtotl1st00","6","FAAt703","BEA_API"
1992,3,"Structures",58454,"m1gtotl1st00","6","FAAt703","BEA_API"
1993,3,"Structures",61214,"m1gtotl1st00","6","FAAt703","BEA_API"
1994,3,"Structures",64237,"m1gtotl1st00","6","FAAt703","BEA_API"
1995,3,"Structures",68156,"m1gtotl1st00","6","FAAt703","BEA_API"
1996,3,"Structures",71608,"m1gtotl1st00","6","FAAt703","BEA_API"
1997,3,"Structures",75522,"m1gtotl1st00","6","FAAt703","BEA_API"
1998,3,"Structures",79191,"m1gtotl1st00","6","FAAt703","BEA_API"
1999,3,"Structures",83718,"m1gtotl1st00","6","FAAt703","BEA_API"
2000,3,"Structures",89222,"m1gtotl1st00","6","FAAt703","BEA_API"
2001,3,"Structures",94302,"m1gtotl1st00","6","FAAt703","BEA_API"
2002,3,"Structures",98909,"m1gtotl1st00","6","FAAt703","BEA_API"
2003,3,"Structures",103536,"m1gtotl1st00","6","FAAt703","BEA_API"
2004,3,"Structures",111697,"m1gtotl1st00","6","FAAt703","BEA_API"
2005,3,"Structures",124991,"m1gtotl1st00","6","FAAt703","BEA_API"
2006,3,"Structures",138044,"m1gtotl1st00","6","FAAt703","BEA_API"
2007,3,"Structures",152530,"m1gtotl1st00","6","FAAt703","BEA_API"
2008,3,"Structures",164491,"m1gtotl1st00","6","FAAt703","BEA_API"
2009,3,"Structures",169884,"m1gtotl1st00","6","FAAt703","BEA_API"
2010,3,"Structures",172850,"m1gtotl1st00","6","FAAt703","BEA_API"
2011,3,"Structures",181282,"m1gtotl1st00","6","FAAt703","BEA_API"
2012,3,"Structures",190060,"m1gtotl1st00","6","FAAt703","BEA_API"
2013,3,"Structures",196193,"m1gtotl1st00","6","FAAt703","BEA_API"
2014,3,"Structures",202729,"m1gtotl1st00","6","FAAt703","BEA_API"
2015,3,"Structures",206928,"m1gtotl1st00","6","FAAt703","BEA_API"
2016,3,"Structures",211052,"m1gtotl1st00","6","FAAt703","BEA_API"
2017,3,"Structures",219031,"m1gtotl1st00","6","FAAt703","BEA_API"
2018,3,"Structures",230656,"m1gtotl1st00","6","FAAt703","BEA_API"
2019,3,"Structures",241068,"m1gtotl1st00","6","FAAt703","BEA_API"
2020,3,"Structures",245962,"m1gtotl1st00","6","FAAt703","BEA_API"
2021,3,"Structures",266018,"m1gtotl1st00","6","FAAt703","BEA_API"
2022,3,"Structures",301779,"m1gtotl1st00","6","FAAt703","BEA_API"
2023,3,"Structures",318870,"m1gtotl1st00","6","FAAt703","BEA_API"
2024,3,"Structures",327106,"m1gtotl1st00","6","FAAt703","BEA_API"
1925,4,"Residential",0,"m1gtotl1sa00","6","FAAt703","BEA_API"
1926,4,"Residential",0,"m1gtotl1sa00","6","FAAt703","BEA_API"
1927,4,"Residential",0,"m1gtotl1sa00","6","FAAt703","BEA_API"
1928,4,"Residential",0,"m1gtotl1sa00","6","FAAt703","BEA_API"
1929,4,"Residential",0,"m1gtotl1sa00","6","FAAt703","BEA_API"
1930,4,"Residential",0,"m1gtotl1sa00","6","FAAt703","BEA_API"
1931,4,"Residential",0,"m1gtotl1sa00","6","FAAt703","BEA_API"
1932,4,"Residential",0,"m1gtotl1sa00","6","FAAt703","BEA_API"
1933,4,"Residential",0,"m1gtotl1sa00","6","FAAt703","BEA_API"
1934,4,"Residential",0,"m1gtotl1sa00","6","FAAt703","BEA_API"
1935,4,"Residential",0,"m1gtotl1sa00","6","FAAt703","BEA_API"
1936,4,"Residential",1,"m1gtotl1sa00","6","FAAt703","BEA_API"
1937,4,"Residential",2,"m1gtotl1sa00","6","FAAt703","BEA_API"
1938,4,"Residential",3,"m1gtotl1sa00","6","FAAt703","BEA_API"
1939,4,"Residential",4,"m1gtotl1sa00","6","FAAt703","BEA_API"
1940,4,"Residential",6,"m1gtotl1sa00","6","FAAt703","BEA_API"
1941,4,"Residential",10,"m1gtotl1sa00","6","FAAt703","BEA_API"
1942,4,"Residential",19,"m1gtotl1sa00","6","FAAt703","BEA_API"
1943,4,"Residential",29,"m1gtotl1sa00","6","FAAt703","BEA_API"
1944,4,"Residential",37,"m1gtotl1sa00","6","FAAt703","BEA_API"
1945,4,"Residential",40,"m1gtotl1sa00","6","FAAt703","BEA_API"
1946,4,"Residential",45,"m1gtotl1sa00","6","FAAt703","BEA_API"
1947,4,"Residential",66,"m1gtotl1sa00","6","FAAt703","BEA_API"
1948,4,"Residential",69,"m1gtotl1sa00","6","FAAt703","BEA_API"
1949,4,"Residential",71,"m1gtotl1sa00","6","FAAt703","BEA_API"
1950,4,"Residential",77,"m1gtotl1sa00","6","FAAt703","BEA_API"
1951,4,"Residential",90,"m1gtotl1sa00","6","FAAt703","BEA_API"
1952,4,"Residential",99,"m1gtotl1sa00","6","FAAt703","BEA_API"
1953,4,"Residential",105,"m1gtotl1sa00","6","FAAt703","BEA_API"
1954,4,"Residential",113,"m1gtotl1sa00","6","FAAt703","BEA_API"
1955,4,"Residential",125,"m1gtotl1sa00","6","FAAt703","BEA_API"
1956,4,"Residential",116,"m1gtotl1sa00","6","FAAt703","BEA_API"
1957,4,"Residential",125,"m1gtotl1sa00","6","FAAt703","BEA_API"
1958,4,"Residential",134,"m1gtotl1sa00","6","FAAt703","BEA_API"
1959,4,"Residential",145,"m1gtotl1sa00","6","FAAt703","BEA_API"
1960,4,"Residential",156,"m1gtotl1sa00","6","FAAt703","BEA_API"
1961,4,"Residential",166,"m1gtotl1sa00","6","FAAt703","BEA_API"
1962,4,"Residential",178,"m1gtotl1sa00","6","FAAt703","BEA_API"
1963,4,"Residential",186,"m1gtotl1sa00","6","FAAt703","BEA_API"
1964,4,"Residential",193,"m1gtotl1sa00","6","FAAt703","BEA_API"
1965,4,"Residential",203,"m1gtotl1sa00","6","FAAt703","BEA_API"
1966,4,"Residential",218,"m1gtotl1sa00","6","FAAt703","BEA_API"
1967,4,"Residential",226,"m1gtotl1sa00","6","FAAt703","BEA_API"
1968,4,"Residential",246,"m1gtotl1sa00","6","FAAt703","BEA_API"
1969,4,"Residential",281,"m1gtotl1sa00","6","FAAt703","BEA_API"
1970,4,"Residential",302,"m1gtotl1sa00","6","FAAt703","BEA_API"
1971,4,"Residential",333,"m1gtotl1sa00","6","FAAt703","BEA_API"
1972,4,"Residential",364,"m1gtotl1sa00","6","FAAt703","BEA_API"
1973,4,"Residential",418,"m1gtotl1sa00","6","FAAt703","BEA_API"
1974,4,"Residential",467,"m1gtotl1sa00","6","FAAt703","BEA_API"
1975,4,"Residential",522,"m1gtotl1sa00","6","FAAt703","BEA_API"
1976,4,"Residential",569,"m1gtotl1sa00","6","FAAt703","BEA_API"
1977,4,"Residential",652,"m1gtotl1sa00","6","FAAt703","BEA_API"
1978,4,"Residential",743,"m1gtotl1sa00","6","FAAt703","BEA_API"
1979,4,"Residential",913,"m1gtotl1sa00","6","FAAt703","BEA_API"
1980,4,"Residential",1004,"m1gtotl1sa00","6","FAAt703","BEA_API"
1981,4,"Residential",1092,"m1gtotl1sa00","6","FAAt703","BEA_API"
1982,4,"Residential",1200,"m1gtotl1sa00","6","FAAt703","BEA_API"
1983,4,"Residential",1257,"m1gtotl1sa00","6","FAAt703","BEA_API"
1984,4,"Residential",1387,"m1gtotl1sa00","6","FAAt703","BEA_API"
1985,4,"Residential",1428,"m1gtotl1sa00","6","FAAt703","BEA_API"
1986,4,"Residential",1439,"m1gtotl1sa00","6","FAAt703","BEA_API"
1987,4,"Residential",1553,"m1gtotl1sa00","6","FAAt703","BEA_API"
1988,4,"Residential",1699,"m1gtotl1sa00","6","FAAt703","BEA_API"
1989,4,"Residential",1888,"m1gtotl1sa00","6","FAAt703","BEA_API"
1990,4,"Residential",1984,"m1gtotl1sa00","6","FAAt703","BEA_API"
1991,4,"Residential",2045,"m1gtotl1sa00","6","FAAt703","BEA_API"
1992,4,"Residential",2067,"m1gtotl1sa00","6","FAAt703","BEA_API"
1993,4,"Residential",2217,"m1gtotl1sa00","6","FAAt703","BEA_API"
1994,4,"Residential",2366,"m1gtotl1sa00","6","FAAt703","BEA_API"
1995,4,"Residential",2500,"m1gtotl1sa00","6","FAAt703","BEA_API"
1996,4,"Residential",2592,"m1gtotl1sa00","6","FAAt703","BEA_API"
1997,4,"Residential",2709,"m1gtotl1sa00","6","FAAt703","BEA_API"
1998,4,"Residential",2824,"m1gtotl1sa00","6","FAAt703","BEA_API"
1999,4,"Residential",2997,"m1gtotl1sa00","6","FAAt703","BEA_API"
2000,4,"Residential",3177,"m1gtotl1sa00","6","FAAt703","BEA_API"
2001,4,"Residential",3377,"m1gtotl1sa00","6","FAAt703","BEA_API"
2002,4,"Residential",3515,"m1gtotl1sa00","6","FAAt703","BEA_API"
2003,4,"Residential",3756,"m1gtotl1sa00","6","FAAt703","BEA_API"
2004,4,"Residential",4129,"m1gtotl1sa00","6","FAAt703","BEA_API"
2005,4,"Residential",4486,"m1gtotl1sa00","6","FAAt703","BEA_API"
2006,4,"Residential",4829,"m1gtotl1sa00","6","FAAt703","BEA_API"
2007,4,"Residential",4920,"m1gtotl1sa00","6","FAAt703","BEA_API"
2008,4,"Residential",4814,"m1gtotl1sa00","6","FAAt703","BEA_API"
2009,4,"Residential",4687,"m1gtotl1sa00","6","FAAt703","BEA_API"
2010,4,"Residential",4671,"m1gtotl1sa00","6","FAAt703","BEA_API"
2011,4,"Residential",4756,"m1gtotl1sa00","6","FAAt703","BEA_API"
2012,4,"Residential",4824,"m1gtotl1sa00","6","FAAt703","BEA_API"
2013,4,"Residential",5079,"m1gtotl1sa00","6","FAAt703","BEA_API"
2014,4,"Residential",5385,"m1gtotl1sa00","6","FAAt703","BEA_API"
2015,4,"Residential",5507,"m1gtotl1sa00","6","FAAt703","BEA_API"
2016,4,"Residential",5739,"m1gtotl1sa00","6","FAAt703","BEA_API"
2017,4,"Residential",5980,"m1gtotl1sa00","6","FAAt703","BEA_API"
2018,4,"Residential",6242,"m1gtotl1sa00","6","FAAt703","BEA_API"
2019,4,"Residential",6453,"m1gtotl1sa00","6","FAAt703","BEA_API"
2020,4,"Residential",6588,"m1gtotl1sa00","6","FAAt703","BEA_API"
2021,4,"Residential",7060,"m1gtotl1sa00","6","FAAt703","BEA_API"
2022,4,"Residential",7744,"m1gtotl1sa00","6","FAAt703","BEA_API"
2023,4,"Residential",7940,"m1gtotl1sa00","6","FAAt703","BEA_API"
2024,4,"Residential",8199,"m1gtotl1sa00","6","FAAt703","BEA_API"
1925,5,"Industrial",0,"m1gtotl1sj00","6","FAAt703","BEA_API"
1926,5,"Industrial",0,"m1gtotl1sj00","6","FAAt703","BEA_API"
1927,5,"Industrial",0,"m1gtotl1sj00","6","FAAt703","BEA_API"
1928,5,"Industrial",0,"m1gtotl1sj00","6","FAAt703","BEA_API"
1929,5,"Industrial",0,"m1gtotl1sj00","6","FAAt703","BEA_API"
1930,5,"Industrial",0,"m1gtotl1sj00","6","FAAt703","BEA_API"
1931,5,"Industrial",0,"m1gtotl1sj00","6","FAAt703","BEA_API"
1932,5,"Industrial",0,"m1gtotl1sj00","6","FAAt703","BEA_API"
1933,5,"Industrial",0,"m1gtotl1sj00","6","FAAt703","BEA_API"
1934,5,"Industrial",0,"m1gtotl1sj00","6","FAAt703","BEA_API"
1935,5,"Industrial",0,"m1gtotl1sj00","6","FAAt703","BEA_API"
1936,5,"Industrial",1,"m1gtotl1sj00","6","FAAt703","BEA_API"
1937,5,"Industrial",3,"m1gtotl1sj00","6","FAAt703","BEA_API"
1938,5,"Industrial",5,"m1gtotl1sj00","6","FAAt703","BEA_API"
1939,5,"Industrial",7,"m1gtotl1sj00","6","FAAt703","BEA_API"
1940,5,"Industrial",9,"m1gtotl1sj00","6","FAAt703","BEA_API"
1941,5,"Industrial",29,"m1gtotl1sj00","6","FAAt703","BEA_API"
1942,5,"Industrial",102,"m1gtotl1sj00","6","FAAt703","BEA_API"
1943,5,"Industrial",184,"m1gtotl1sj00","6","FAAt703","BEA_API"
1944,5,"Industrial",214,"m1gtotl1sj00","6","FAAt703","BEA_API"
1945,5,"Industrial",240,"m1gtotl1sj00","6","FAAt703","BEA_API"
1946,5,"Industrial",299,"m1gtotl1sj00","6","FAAt703","BEA_API"
1947,5,"Industrial",347,"m1gtotl1sj00","6","FAAt703","BEA_API"
1948,5,"Industrial",376,"m1gtotl1sj00","6","FAAt703","BEA_API"
1949,5,"Industrial",375,"m1gtotl1sj00","6","FAAt703","BEA_API"
1950,5,"Industrial",346,"m1gtotl1sj00","6","FAAt703","BEA_API"
1951,5,"Industrial",432,"m1gtotl1sj00","6","FAAt703","BEA_API"
1952,5,"Industrial",473,"m1gtotl1sj00","6","FAAt703","BEA_API"
1953,5,"Industrial",539,"m1gtotl1sj00","6","FAAt703","BEA_API"
1954,5,"Industrial",499,"m1gtotl1sj00","6","FAAt703","BEA_API"
1955,5,"Industrial",525,"m1gtotl1sj00","6","FAAt703","BEA_API"
1956,5,"Industrial",572,"m1gtotl1sj00","6","FAAt703","BEA_API"
1957,5,"Industrial",619,"m1gtotl1sj00","6","FAAt703","BEA_API"
1958,5,"Industrial",663,"m1gtotl1sj00","6","FAAt703","BEA_API"
1959,5,"Industrial",594,"m1gtotl1sj00","6","FAAt703","BEA_API"
1960,5,"Industrial",578,"m1gtotl1sj00","6","FAAt703","BEA_API"
1961,5,"Industrial",571,"m1gtotl1sj00","6","FAAt703","BEA_API"
1962,5,"Industrial",551,"m1gtotl1sj00","6","FAAt703","BEA_API"
1963,5,"Industrial",560,"m1gtotl1sj00","6","FAAt703","BEA_API"
1964,5,"Industrial",575,"m1gtotl1sj00","6","FAAt703","BEA_API"
1965,5,"Industrial",583,"m1gtotl1sj00","6","FAAt703","BEA_API"
1966,5,"Industrial",617,"m1gtotl1sj00","6","FAAt703","BEA_API"
1967,5,"Industrial",639,"m1gtotl1sj00","6","FAAt703","BEA_API"
1968,5,"Industrial",650,"m1gtotl1sj00","6","FAAt703","BEA_API"
1969,5,"Industrial",678,"m1gtotl1sj00","6","FAAt703","BEA_API"
1970,5,"Industrial",722,"m1gtotl1sj00","6","FAAt703","BEA_API"
1971,5,"Industrial",796,"m1gtotl1sj00","6","FAAt703","BEA_API"
1972,5,"Industrial",789,"m1gtotl1sj00","6","FAAt703","BEA_API"
1973,5,"Industrial",839,"m1gtotl1sj00","6","FAAt703","BEA_API"
1974,5,"Industrial",971,"m1gtotl1sj00","6","FAAt703","BEA_API"
1975,5,"Industrial",1038,"m1gtotl1sj00","6","FAAt703","BEA_API"
1976,5,"Industrial",1001,"m1gtotl1sj00","6","FAAt703","BEA_API"
1977,5,"Industrial",1026,"m1gtotl1sj00","6","FAAt703","BEA_API"
1978,5,"Industrial",1056,"m1gtotl1sj00","6","FAAt703","BEA_API"
1979,5,"Industrial",1135,"m1gtotl1sj00","6","FAAt703","BEA_API"
1980,5,"Industrial",1258,"m1gtotl1sj00","6","FAAt703","BEA_API"
1981,5,"Industrial",1385,"m1gtotl1sj00","6","FAAt703","BEA_API"
1982,5,"Industrial",1459,"m1gtotl1sj00","6","FAAt703","BEA_API"
1983,5,"Industrial",1450,"m1gtotl1sj00","6","FAAt703","BEA_API"
1984,5,"Industrial",1444,"m1gtotl1sj00","6","FAAt703","BEA_API"
1985,5,"Industrial",1456,"m1gtotl1sj00","6","FAAt703","BEA_API"
1986,5,"Industrial",1489,"m1gtotl1sj00","6","FAAt703","BEA_API"
1987,5,"Industrial",1530,"m1gtotl1sj00","6","FAAt703","BEA_API"
1988,5,"Industrial",1567,"m1gtotl1sj00","6","FAAt703","BEA_API"
1989,5,"Industrial",1600,"m1gtotl1sj00","6","FAAt703","BEA_API"
1990,5,"Industrial",1647,"m1gtotl1sj00","6","FAAt703","BEA_API"
1991,5,"Industrial",1670,"m1gtotl1sj00","6","FAAt703","BEA_API"
1992,5,"Industrial",1653,"m1gtotl1sj00","6","FAAt703","BEA_API"
1993,5,"Industrial",1658,"m1gtotl1sj00","6","FAAt703","BEA_API"
1994,5,"Industrial",1656,"m1gtotl1sj00","6","FAAt703","BEA_API"
1995,5,"Industrial",1696,"m1gtotl1sj00","6","FAAt703","BEA_API"
1996,5,"Industrial",1721,"m1gtotl1sj00","6","FAAt703","BEA_API"
1997,5,"Industrial",1750,"m1gtotl1sj00","6","FAAt703","BEA_API"
1998,5,"Industrial",1778,"m1gtotl1sj00","6","FAAt703","BEA_API"
1999,5,"Industrial",1801,"m1gtotl1sj00","6","FAAt703","BEA_API"
2000,5,"Industrial",1836,"m1gtotl1sj00","6","FAAt703","BEA_API"
2001,5,"Industrial",1849,"m1gtotl1sj00","6","FAAt703","BEA_API"
2002,5,"Industrial",1866,"m1gtotl1sj00","6","FAAt703","BEA_API"
2003,5,"Industrial",1880,"m1gtotl1sj00","6","FAAt703","BEA_API"
2004,5,"Industrial",1958,"m1gtotl1sj00","6","FAAt703","BEA_API"
2005,5,"Industrial",2082,"m1gtotl1sj00","6","FAAt703","BEA_API"
2006,5,"Industrial",2209,"m1gtotl1sj00","6","FAAt703","BEA_API"
2007,5,"Industrial",2309,"m1gtotl1sj00","6","FAAt703","BEA_API"
2008,5,"Industrial",2341,"m1gtotl1sj00","6","FAAt703","BEA_API"
2009,5,"Industrial",2243,"m1gtotl1sj00","6","FAAt703","BEA_API"
2010,5,"Industrial",2146,"m1gtotl1sj00","6","FAAt703","BEA_API"
2011,5,"Industrial",2148,"m1gtotl1sj00","6","FAAt703","BEA_API"
2012,5,"Industrial",2158,"m1gtotl1sj00","6","FAAt703","BEA_API"
2013,5,"Industrial",2193,"m1gtotl1sj00","6","FAAt703","BEA_API"
2014,5,"Industrial",2235,"m1gtotl1sj00","6","FAAt703","BEA_API"
2015,5,"Industrial",2248,"m1gtotl1sj00","6","FAAt703","BEA_API"
2016,5,"Industrial",2278,"m1gtotl1sj00","6","FAAt703","BEA_API"
2017,5,"Industrial",2332,"m1gtotl1sj00","6","FAAt703","BEA_API"
2018,5,"Industrial",2413,"m1gtotl1sj00","6","FAAt703","BEA_API"
2019,5,"Industrial",2463,"m1gtotl1sj00","6","FAAt703","BEA_API"
2020,5,"Industrial",2495,"m1gtotl1sj00","6","FAAt703","BEA_API"
2021,5,"Industrial",2639,"m1gtotl1sj00","6","FAAt703","BEA_API"
2022,5,"Industrial",2897,"m1gtotl1sj00","6","FAAt703","BEA_API"
2023,5,"Industrial",3010,"m1gtotl1sj00","6","FAAt703","BEA_API"
2024,5,"Industrial",3106,"m1gtotl1sj00","6","FAAt703","BEA_API"
1925,6,"Office",11,"m1gtotl1sd00","6","FAAt703","BEA_API"
1926,6,"Office",11,"m1gtotl1sd00","6","FAAt703","BEA_API"
1927,6,"Office",12,"m1gtotl1sd00","6","FAAt703","BEA_API"
1928,6,"Office",12,"m1gtotl1sd00","6","FAAt703","BEA_API"
1929,6,"Office",13,"m1gtotl1sd00","6","FAAt703","BEA_API"
1930,6,"Office",13,"m1gtotl1sd00","6","FAAt703","BEA_API"
1931,6,"Office",12,"m1gtotl1sd00","6","FAAt703","BEA_API"
1932,6,"Office",11,"m1gtotl1sd00","6","FAAt703","BEA_API"
1933,6,"Office",11,"m1gtotl1sd00","6","FAAt703","BEA_API"
1934,6,"Office",13,"m1gtotl1sd00","6","FAAt703","BEA_API"
1935,6,"Office",14,"m1gtotl1sd00","6","FAAt703","BEA_API"
1936,6,"Office",16,"m1gtotl1sd00","6","FAAt703","BEA_API"
1937,6,"Office",21,"m1gtotl1sd00","6","FAAt703","BEA_API"
1938,6,"Office",24,"m1gtotl1sd00","6","FAAt703","BEA_API"
1939,6,"Office",24,"m1gtotl1sd00","6","FAAt703","BEA_API"
1940,6,"Office",26,"m1gtotl1sd00","6","FAAt703","BEA_API"
1941,6,"Office",29,"m1gtotl1sd00","6","FAAt703","BEA_API"
1942,6,"Office",31,"m1gtotl1sd00","6","FAAt703","BEA_API"
1943,6,"Office",32,"m1gtotl1sd00","6","FAAt703","BEA_API"
1944,6,"Office",33,"m1gtotl1sd00","6","FAAt703","BEA_API"
1945,6,"Office",33,"m1gtotl1sd00","6","FAAt703","BEA_API"
1946,6,"Office",37,"m1gtotl1sd00","6","FAAt703","BEA_API"
1947,6,"Office",44,"m1gtotl1sd00","6","FAAt703","BEA_API"
1948,6,"Office",47,"m1gtotl1sd00","6","FAAt703","BEA_API"
1949,6,"Office",48,"m1gtotl1sd00","6","FAAt703","BEA_API"
1950,6,"Office",52,"m1gtotl1sd00","6","FAAt703","BEA_API"
1951,6,"Office",76,"m1gtotl1sd00","6","FAAt703","BEA_API"
1952,6,"Office",78,"m1gtotl1sd00","6","FAAt703","BEA_API"
1953,6,"Office",82,"m1gtotl1sd00","6","FAAt703","BEA_API"
1954,6,"Office",76,"m1gtotl1sd00","6","FAAt703","BEA_API"
1955,6,"Office",79,"m1gtotl1sd00","6","FAAt703","BEA_API"
1956,6,"Office",83,"m1gtotl1sd00","6","FAAt703","BEA_API"
1957,6,"Office",87,"m1gtotl1sd00","6","FAAt703","BEA_API"
1958,6,"Office",95,"m1gtotl1sd00","6","FAAt703","BEA_API"
1959,6,"Office",104,"m1gtotl1sd00","6","FAAt703","BEA_API"
1960,6,"Office",112,"m1gtotl1sd00","6","FAAt703","BEA_API"
1961,6,"Office",123,"m1gtotl1sd00","6","FAAt703","BEA_API"
1962,6,"Office",134,"m1gtotl1sd00","6","FAAt703","BEA_API"
1963,6,"Office",159,"m1gtotl1sd00","6","FAAt703","BEA_API"
1964,6,"Office",172,"m1gtotl1sd00","6","FAAt703","BEA_API"
1965,6,"Office",191,"m1gtotl1sd00","6","FAAt703","BEA_API"
1966,6,"Office",225,"m1gtotl1sd00","6","FAAt703","BEA_API"
1967,6,"Office",244,"m1gtotl1sd00","6","FAAt703","BEA_API"
1968,6,"Office",279,"m1gtotl1sd00","6","FAAt703","BEA_API"
1969,6,"Office",335,"m1gtotl1sd00","6","FAAt703","BEA_API"
1970,6,"Office",380,"m1gtotl1sd00","6","FAAt703","BEA_API"
1971,6,"Office",431,"m1gtotl1sd00","6","FAAt703","BEA_API"
1972,6,"Office",480,"m1gtotl1sd00","6","FAAt703","BEA_API"
1973,6,"Office",530,"m1gtotl1sd00","6","FAAt703","BEA_API"
1974,6,"Office",612,"m1gtotl1sd00","6","FAAt703","BEA_API"
1975,6,"Office",698,"m1gtotl1sd00","6","FAAt703","BEA_API"
1976,6,"Office",752,"m1gtotl1sd00","6","FAAt703","BEA_API"
1977,6,"Office",891,"m1gtotl1sd00","6","FAAt703","BEA_API"
1978,6,"Office",1085,"m1gtotl1sd00","6","FAAt703","BEA_API"
1979,6,"Office",1249,"m1gtotl1sd00","6","FAAt703","BEA_API"
1980,6,"Office",1440,"m1gtotl1sd00","6","FAAt703","BEA_API"
1981,6,"Office",1643,"m1gtotl1sd00","6","FAAt703","BEA_API"
1982,6,"Office",1816,"m1gtotl1sd00","6","FAAt703","BEA_API"
1983,6,"Office",1837,"m1gtotl1sd00","6","FAAt703","BEA_API"
1984,6,"Office",2028,"m1gtotl1sd00","6","FAAt703","BEA_API"
1985,6,"Office",2148,"m1gtotl1sd00","6","FAAt703","BEA_API"
1986,6,"Office",2298,"m1gtotl1sd00","6","FAAt703","BEA_API"
1987,6,"Office",2470,"m1gtotl1sd00","6","FAAt703","BEA_API"
1988,6,"Office",2639,"m1gtotl1sd00","6","FAAt703","BEA_API"
1989,6,"Office",2806,"m1gtotl1sd00","6","FAAt703","BEA_API"
1990,6,"Office",2979,"m1gtotl1sd00","6","FAAt703","BEA_API"
1991,6,"Office",3123,"m1gtotl1sd00","6","FAAt703","BEA_API"
1992,6,"Office",3241,"m1gtotl1sd00","6","FAAt703","BEA_API"
1993,6,"Office",3466,"m1gtotl1sd00","6","FAAt703","BEA_API"
1994,6,"Office",3708,"m1gtotl1sd00","6","FAAt703","BEA_API"
1995,6,"Office",3976,"m1gtotl1sd00","6","FAAt703","BEA_API"
1996,6,"Office",4215,"m1gtotl1sd00","6","FAAt703","BEA_API"
1997,6,"Office",4556,"m1gtotl1sd00","6","FAAt703","BEA_API"
1998,6,"Office",4965,"m1gtotl1sd00","6","FAAt703","BEA_API"
1999,6,"Office",5427,"m1gtotl1sd00","6","FAAt703","BEA_API"
2000,6,"Office",5850,"m1gtotl1sd00","6","FAAt703","BEA_API"
2001,6,"Office",6232,"m1gtotl1sd00","6","FAAt703","BEA_API"
2002,6,"Office",6594,"m1gtotl1sd00","6","FAAt703","BEA_API"
2003,6,"Office",7067,"m1gtotl1sd00","6","FAAt703","BEA_API"
2004,6,"Office",7796,"m1gtotl1sd00","6","FAAt703","BEA_API"
2005,6,"Office",8836,"m1gtotl1sd00","6","FAAt703","BEA_API"
2006,6,"Office",9931,"m1gtotl1sd00","6","FAAt703","BEA_API"
2007,6,"Office",10441,"m1gtotl1sd00","6","FAAt703","BEA_API"
2008,6,"Office",11520,"m1gtotl1sd00","6","FAAt703","BEA_API"
2009,6,"Office",12055,"m1gtotl1sd00","6","FAAt703","BEA_API"
2010,6,"Office",12028,"m1gtotl1sd00","6","FAAt703","BEA_API"
2011,6,"Office",12548,"m1gtotl1sd00","6","FAAt703","BEA_API"
2012,6,"Office",13113,"m1gtotl1sd00","6","FAAt703","BEA_API"
2013,6,"Office",13497,"m1gtotl1sd00","6","FAAt703","BEA_API"
2014,6,"Office",14069,"m1gtotl1sd00","6","FAAt703","BEA_API"
2015,6,"Office",14591,"m1gtotl1sd00","6","FAAt703","BEA_API"
2016,6,"Office",14975,"m1gtotl1sd00","6","FAAt703","BEA_API"
2017,6,"Office",15454,"m1gtotl1sd00","6","FAAt703","BEA_API"
2018,6,"Office",16245,"m1gtotl1sd00","6","FAAt703","BEA_API"
2019,6,"Office",17175,"m1gtotl1sd00","6","FAAt703","BEA_API"
2020,6,"Office",17758,"m1gtotl1sd00","6","FAAt703","BEA_API"
2021,6,"Office",19156,"m1gtotl1sd00","6","FAAt703","BEA_API"
2022,6,"Office",23134,"m1gtotl1sd00","6","FAAt703","BEA_API"
2023,6,"Office",25617,"m1gtotl1sd00","6","FAAt703","BEA_API"
2024,6,"Office",25988,"m1gtotl1sd00","6","FAAt703","BEA_API"
1925,7,"Commercial",10,"m1gtotl1se00","6","FAAt703","BEA_API"
1926,7,"Commercial",11,"m1gtotl1se00","6","FAAt703","BEA_API"
1927,7,"Commercial",11,"m1gtotl1se00","6","FAAt703","BEA_API"
1928,7,"Commercial",11,"m1gtotl1se00","6","FAAt703","BEA_API"
1929,7,"Commercial",11,"m1gtotl1se00","6","FAAt703","BEA_API"
1930,7,"Commercial",10,"m1gtotl1se00","6","FAAt703","BEA_API"
1931,7,"Commercial",9,"m1gtotl1se00","6","FAAt703","BEA_API"
1932,7,"Commercial",8,"m1gtotl1se00","6","FAAt703","BEA_API"
1933,7,"Commercial",9,"m1gtotl1se00","6","FAAt703","BEA_API"
1934,7,"Commercial",11,"m1gtotl1se00","6","FAAt703","BEA_API"
1935,7,"Commercial",13,"m1gtotl1se00","6","FAAt703","BEA_API"
1936,7,"Commercial",16,"m1gtotl1se00","6","FAAt703","BEA_API"
1937,7,"Commercial",21,"m1gtotl1se00","6","FAAt703","BEA_API"
1938,7,"Commercial",23,"m1gtotl1se00","6","FAAt703","BEA_API"
1939,7,"Commercial",23,"m1gtotl1se00","6","FAAt703","BEA_API"
1940,7,"Commercial",24,"m1gtotl1se00","6","FAAt703","BEA_API"
1941,7,"Commercial",26,"m1gtotl1se00","6","FAAt703","BEA_API"
1942,7,"Commercial",29,"m1gtotl1se00","6","FAAt703","BEA_API"
1943,7,"Commercial",28,"m1gtotl1se00","6","FAAt703","BEA_API"
1944,7,"Commercial",31,"m1gtotl1se00","6","FAAt703","BEA_API"
1945,7,"Commercial",30,"m1gtotl1se00","6","FAAt703","BEA_API"
1946,7,"Commercial",33,"m1gtotl1se00","6","FAAt703","BEA_API"
1947,7,"Commercial",39,"m1gtotl1se00","6","FAAt703","BEA_API"
1948,7,"Commercial",40,"m1gtotl1se00","6","FAAt703","BEA_API"
1949,7,"Commercial",37,"m1gtotl1se00","6","FAAt703","BEA_API"
1950,7,"Commercial",37,"m1gtotl1se00","6","FAAt703","BEA_API"
1951,7,"Commercial",56,"m1gtotl1se00","6","FAAt703","BEA_API"
1952,7,"Commercial",55,"m1gtotl1se00","6","FAAt703","BEA_API"
1953,7,"Commercial",54,"m1gtotl1se00","6","FAAt703","BEA_API"
1954,7,"Commercial",45,"m1gtotl1se00","6","FAAt703","BEA_API"
1955,7,"Commercial",42,"m1gtotl1se00","6","FAAt703","BEA_API"
1956,7,"Commercial",38,"m1gtotl1se00","6","FAAt703","BEA_API"
1957,7,"Commercial",34,"m1gtotl1se00","6","FAAt703","BEA_API"
1958,7,"Commercial",36,"m1gtotl1se00","6","FAAt703","BEA_API"
1959,7,"Commercial",41,"m1gtotl1se00","6","FAAt703","BEA_API"
1960,7,"Commercial",41,"m1gtotl1se00","6","FAAt703","BEA_API"
1961,7,"Commercial",44,"m1gtotl1se00","6","FAAt703","BEA_API"
1962,7,"Commercial",44,"m1gtotl1se00","6","FAAt703","BEA_API"
1963,7,"Commercial",55,"m1gtotl1se00","6","FAAt703","BEA_API"
1964,7,"Commercial",53,"m1gtotl1se00","6","FAAt703","BEA_API"
1965,7,"Commercial",52,"m1gtotl1se00","6","FAAt703","BEA_API"
1966,7,"Commercial",65,"m1gtotl1se00","6","FAAt703","BEA_API"
1967,7,"Commercial",62,"m1gtotl1se00","6","FAAt703","BEA_API"
1968,7,"Commercial",67,"m1gtotl1se00","6","FAAt703","BEA_API"
1969,7,"Commercial",85,"m1gtotl1se00","6","FAAt703","BEA_API"
1970,7,"Commercial",90,"m1gtotl1se00","6","FAAt703","BEA_API"
1971,7,"Commercial",95,"m1gtotl1se00","6","FAAt703","BEA_API"
1972,7,"Commercial",94,"m1gtotl1se00","6","FAAt703","BEA_API"
1973,7,"Commercial",87,"m1gtotl1se00","6","FAAt703","BEA_API"
1974,7,"Commercial",84,"m1gtotl1se00","6","FAAt703","BEA_API"
1975,7,"Commercial",76,"m1gtotl1se00","6","FAAt703","BEA_API"
1976,7,"Commercial",61,"m1gtotl1se00","6","FAAt703","BEA_API"
1977,7,"Commercial",107,"m1gtotl1se00","6","FAAt703","BEA_API"
1978,7,"Commercial",179,"m1gtotl1se00","6","FAAt703","BEA_API"
1979,7,"Commercial",192,"m1gtotl1se00","6","FAAt703","BEA_API"
1980,7,"Commercial",209,"m1gtotl1se00","6","FAAt703","BEA_API"
1981,7,"Commercial",248,"m1gtotl1se00","6","FAAt703","BEA_API"
1982,7,"Commercial",286,"m1gtotl1se00","6","FAAt703","BEA_API"
1983,7,"Commercial",212,"m1gtotl1se00","6","FAAt703","BEA_API"
1984,7,"Commercial",292,"m1gtotl1se00","6","FAAt703","BEA_API"
1985,7,"Commercial",308,"m1gtotl1se00","6","FAAt703","BEA_API"
1986,7,"Commercial",335,"m1gtotl1se00","6","FAAt703","BEA_API"
1987,7,"Commercial",372,"m1gtotl1se00","6","FAAt703","BEA_API"
1988,7,"Commercial",397,"m1gtotl1se00","6","FAAt703","BEA_API"
1989,7,"Commercial",410,"m1gtotl1se00","6","FAAt703","BEA_API"
1990,7,"Commercial",421,"m1gtotl1se00","6","FAAt703","BEA_API"
1991,7,"Commercial",435,"m1gtotl1se00","6","FAAt703","BEA_API"
1992,7,"Commercial",438,"m1gtotl1se00","6","FAAt703","BEA_API"
1993,7,"Commercial",461,"m1gtotl1se00","6","FAAt703","BEA_API"
1994,7,"Commercial",476,"m1gtotl1se00","6","FAAt703","BEA_API"
1995,7,"Commercial",487,"m1gtotl1se00","6","FAAt703","BEA_API"
1996,7,"Commercial",498,"m1gtotl1se00","6","FAAt703","BEA_API"
1997,7,"Commercial",513,"m1gtotl1se00","6","FAAt703","BEA_API"
1998,7,"Commercial",546,"m1gtotl1se00","6","FAAt703","BEA_API"
1999,7,"Commercial",594,"m1gtotl1se00","6","FAAt703","BEA_API"
2000,7,"Commercial",630,"m1gtotl1se00","6","FAAt703","BEA_API"
2001,7,"Commercial",647,"m1gtotl1se00","6","FAAt703","BEA_API"
2002,7,"Commercial",651,"m1gtotl1se00","6","FAAt703","BEA_API"
2003,7,"Commercial",680,"m1gtotl1se00","6","FAAt703","BEA_API"
2004,7,"Commercial",721,"m1gtotl1se00","6","FAAt703","BEA_API"
2005,7,"Commercial",766,"m1gtotl1se00","6","FAAt703","BEA_API"
2006,7,"Commercial",821,"m1gtotl1se00","6","FAAt703","BEA_API"
2007,7,"Commercial",496,"m1gtotl1se00","6","FAAt703","BEA_API"
2008,7,"Commercial",887,"m1gtotl1se00","6","FAAt703","BEA_API"
2009,7,"Commercial",870,"m1gtotl1se00","6","FAAt703","BEA_API"
2010,7,"Commercial",850,"m1gtotl1se00","6","FAAt703","BEA_API"
2011,7,"Commercial",874,"m1gtotl1se00","6","FAAt703","BEA_API"
2012,7,"Commercial",893,"m1gtotl1se00","6","FAAt703","BEA_API"
2013,7,"Commercial",935,"m1gtotl1se00","6","FAAt703","BEA_API"
2014,7,"Commercial",989,"m1gtotl1se00","6","FAAt703","BEA_API"
2015,7,"Commercial",1023,"m1gtotl1se00","6","FAAt703","BEA_API"
2016,7,"Commercial",1064,"m1gtotl1se00","6","FAAt703","BEA_API"
2017,7,"Commercial",1095,"m1gtotl1se00","6","FAAt703","BEA_API"
2018,7,"Commercial",1134,"m1gtotl1se00","6","FAAt703","BEA_API"
2019,7,"Commercial",1187,"m1gtotl1se00","6","FAAt703","BEA_API"
2020,7,"Commercial",1218,"m1gtotl1se00","6","FAAt703","BEA_API"
2021,7,"Commercial",1266,"m1gtotl1se00","6","FAAt703","BEA_API"
2022,7,"Commercial",1375,"m1gtotl1se00","6","FAAt703","BEA_API"
2023,7,"Commercial",1463,"m1gtotl1se00","6","FAAt703","BEA_API"
2024,7,"Commercial",1519,"m1gtotl1se00","6","FAAt703","BEA_API"
1925,8,"Health care",16,"m1gtotl1sf00","6","FAAt703","BEA_API"
1926,8,"Health care",17,"m1gtotl1sf00","6","FAAt703","BEA_API"
1927,8,"Health care",18,"m1gtotl1sf00","6","FAAt703","BEA_API"
1928,8,"Health care",19,"m1gtotl1sf00","6","FAAt703","BEA_API"
1929,8,"Health care",21,"m1gtotl1sf00","6","FAAt703","BEA_API"
1930,8,"Health care",21,"m1gtotl1sf00","6","FAAt703","BEA_API"
1931,8,"Health care",20,"m1gtotl1sf00","6","FAAt703","BEA_API"
1932,8,"Health care",17,"m1gtotl1sf00","6","FAAt703","BEA_API"
1933,8,"Health care",18,"m1gtotl1sf00","6","FAAt703","BEA_API"
1934,8,"Health care",21,"m1gtotl1sf00","6","FAAt703","BEA_API"
1935,8,"Health care",21,"m1gtotl1sf00","6","FAAt703","BEA_API"
1936,8,"Health care",23,"m1gtotl1sf00","6","FAAt703","BEA_API"
1937,8,"Health care",28,"m1gtotl1sf00","6","FAAt703","BEA_API"
1938,8,"Health care",30,"m1gtotl1sf00","6","FAAt703","BEA_API"
1939,8,"Health care",31,"m1gtotl1sf00","6","FAAt703","BEA_API"
1940,8,"Health care",33,"m1gtotl1sf00","6","FAAt703","BEA_API"
1941,8,"Health care",37,"m1gtotl1sf00","6","FAAt703","BEA_API"
1942,8,"Health care",38,"m1gtotl1sf00","6","FAAt703","BEA_API"
1943,8,"Health care",41,"m1gtotl1sf00","6","FAAt703","BEA_API"
1944,8,"Health care",42,"m1gtotl1sf00","6","FAAt703","BEA_API"
1945,8,"Health care",45,"m1gtotl1sf00","6","FAAt703","BEA_API"
1946,8,"Health care",53,"m1gtotl1sf00","6","FAAt703","BEA_API"
1947,8,"Health care",70,"m1gtotl1sf00","6","FAAt703","BEA_API"
1948,8,"Health care",80,"m1gtotl1sf00","6","FAAt703","BEA_API"
1949,8,"Health care",85,"m1gtotl1sf00","6","FAAt703","BEA_API"
1950,8,"Health care",94,"m1gtotl1sf00","6","FAAt703","BEA_API"
1951,8,"Health care",118,"m1gtotl1sf00","6","FAAt703","BEA_API"
1952,8,"Health care",129,"m1gtotl1sf00","6","FAAt703","BEA_API"
1953,8,"Health care",135,"m1gtotl1sf00","6","FAAt703","BEA_API"
1954,8,"Health care",136,"m1gtotl1sf00","6","FAAt703","BEA_API"
1955,8,"Health care",143,"m1gtotl1sf00","6","FAAt703","BEA_API"
1956,8,"Health care",159,"m1gtotl1sf00","6","FAAt703","BEA_API"
1957,8,"Health care",169,"m1gtotl1sf00","6","FAAt703","BEA_API"
1958,8,"Health care",170,"m1gtotl1sf00","6","FAAt703","BEA_API"
1959,8,"Health care",180,"m1gtotl1sf00","6","FAAt703","BEA_API"
1960,8,"Health care",187,"m1gtotl1sf00","6","FAAt703","BEA_API"
1961,8,"Health care",193,"m1gtotl1sf00","6","FAAt703","BEA_API"
1962,8,"Health care",200,"m1gtotl1sf00","6","FAAt703","BEA_API"
1963,8,"Health care",207,"m1gtotl1sf00","6","FAAt703","BEA_API"
1964,8,"Health care",215,"m1gtotl1sf00","6","FAAt703","BEA_API"
1965,8,"Health care",227,"m1gtotl1sf00","6","FAAt703","BEA_API"
1966,8,"Health care",242,"m1gtotl1sf00","6","FAAt703","BEA_API"
1967,8,"Health care",256,"m1gtotl1sf00","6","FAAt703","BEA_API"
1968,8,"Health care",277,"m1gtotl1sf00","6","FAAt703","BEA_API"
1969,8,"Health care",313,"m1gtotl1sf00","6","FAAt703","BEA_API"
1970,8,"Health care",349,"m1gtotl1sf00","6","FAAt703","BEA_API"
1971,8,"Health care",396,"m1gtotl1sf00","6","FAAt703","BEA_API"
1972,8,"Health care",440,"m1gtotl1sf00","6","FAAt703","BEA_API"
1973,8,"Health care",493,"m1gtotl1sf00","6","FAAt703","BEA_API"
1974,8,"Health care",569,"m1gtotl1sf00","6","FAAt703","BEA_API"
1975,8,"Health care",647,"m1gtotl1sf00","6","FAAt703","BEA_API"
1976,8,"Health care",692,"m1gtotl1sf00","6","FAAt703","BEA_API"
1977,8,"Health care",758,"m1gtotl1sf00","6","FAAt703","BEA_API"
1978,8,"Health care",852,"m1gtotl1sf00","6","FAAt703","BEA_API"
1979,8,"Health care",974,"m1gtotl1sf00","6","FAAt703","BEA_API"
1980,8,"Health care",1109,"m1gtotl1sf00","6","FAAt703","BEA_API"
1981,8,"Health care",1237,"m1gtotl1sf00","6","FAAt703","BEA_API"
1982,8,"Health care",1339,"m1gtotl1sf00","6","FAAt703","BEA_API"
1983,8,"Health care",1402,"m1gtotl1sf00","6","FAAt703","BEA_API"
1984,8,"Health care",1476,"m1gtotl1sf00","6","FAAt703","BEA_API"
1985,8,"Health care",1543,"m1gtotl1sf00","6","FAAt703","BEA_API"
1986,8,"Health care",1615,"m1gtotl1sf00","6","FAAt703","BEA_API"
1987,8,"Health care",1700,"m1gtotl1sf00","6","FAAt703","BEA_API"
1988,8,"Health care",1787,"m1gtotl1sf00","6","FAAt703","BEA_API"
1989,8,"Health care",1873,"m1gtotl1sf00","6","FAAt703","BEA_API"
1990,8,"Health care",1957,"m1gtotl1sf00","6","FAAt703","BEA_API"
1991,8,"Health care",2013,"m1gtotl1sf00","6","FAAt703","BEA_API"
1992,8,"Health care",2058,"m1gtotl1sf00","6","FAAt703","BEA_API"
1993,8,"Health care",2167,"m1gtotl1sf00","6","FAAt703","BEA_API"
1994,8,"Health care",2284,"m1gtotl1sf00","6","FAAt703","BEA_API"
1995,8,"Health care",2410,"m1gtotl1sf00","6","FAAt703","BEA_API"
1996,8,"Health care",2500,"m1gtotl1sf00","6","FAAt703","BEA_API"
1997,8,"Health care",2616,"m1gtotl1sf00","6","FAAt703","BEA_API"
1998,8,"Health care",2743,"m1gtotl1sf00","6","FAAt703","BEA_API"
1999,8,"Health care",2885,"m1gtotl1sf00","6","FAAt703","BEA_API"
2000,8,"Health care",3031,"m1gtotl1sf00","6","FAAt703","BEA_API"
2001,8,"Health care",3183,"m1gtotl1sf00","6","FAAt703","BEA_API"
2002,8,"Health care",3269,"m1gtotl1sf00","6","FAAt703","BEA_API"
2003,8,"Health care",3403,"m1gtotl1sf00","6","FAAt703","BEA_API"
2004,8,"Health care",3641,"m1gtotl1sf00","6","FAAt703","BEA_API"
2005,8,"Health care",3972,"m1gtotl1sf00","6","FAAt703","BEA_API"
2006,8,"Health care",4342,"m1gtotl1sf00","6","FAAt703","BEA_API"
2007,8,"Health care",4583,"m1gtotl1sf00","6","FAAt703","BEA_API"
2008,8,"Health care",4711,"m1gtotl1sf00","6","FAAt703","BEA_API"
2009,8,"Health care",4585,"m1gtotl1sf00","6","FAAt703","BEA_API"
2010,8,"Health care",4474,"m1gtotl1sf00","6","FAAt703","BEA_API"
2011,8,"Health care",4595,"m1gtotl1sf00","6","FAAt703","BEA_API"
2012,8,"Health care",4743,"m1gtotl1sf00","6","FAAt703","BEA_API"
2013,8,"Health care",4945,"m1gtotl1sf00","6","FAAt703","BEA_API"
2014,8,"Health care",5182,"m1gtotl1sf00","6","FAAt703","BEA_API"
2015,8,"Health care",5282,"m1gtotl1sf00","6","FAAt703","BEA_API"
2016,8,"Health care",5368,"m1gtotl1sf00","6","FAAt703","BEA_API"
2017,8,"Health care",5497,"m1gtotl1sf00","6","FAAt703","BEA_API"
2018,8,"Health care",5773,"m1gtotl1sf00","6","FAAt703","BEA_API"
2019,8,"Health care",6083,"m1gtotl1sf00","6","FAAt703","BEA_API"
2020,8,"Health care",6270,"m1gtotl1sf00","6","FAAt703","BEA_API"
2021,8,"Health care",6625,"m1gtotl1sf00","6","FAAt703","BEA_API"
2022,8,"Health care",7811,"m1gtotl1sf00","6","FAAt703","BEA_API"
2023,8,"Health care",8523,"m1gtotl1sf00","6","FAAt703","BEA_API"
2024,8,"Health care",8563,"m1gtotl1sf00","6","FAAt703","BEA_API"
1925,9,"Educational",103,"m1gtotl1sg00","6","FAAt703","BEA_API"
1926,9,"Educational",109,"m1gtotl1sg00","6","FAAt703","BEA_API"
1927,9,"Educational",113,"m1gtotl1sg00","6","FAAt703","BEA_API"
1928,9,"Educational",116,"m1gtotl1sg00","6","FAAt703","BEA_API"
1929,9,"Educational",120,"m1gtotl1sg00","6","FAAt703","BEA_API"
1930,9,"Educational",116,"m1gtotl1sg00","6","FAAt703","BEA_API"
1931,9,"Educational",104,"m1gtotl1sg00","6","FAAt703","BEA_API"
1932,9,"Educational",88,"m1gtotl1sg00","6","FAAt703","BEA_API"
1933,9,"Educational",87,"m1gtotl1sg00","6","FAAt703","BEA_API"
1934,9,"Educational",100,"m1gtotl1sg00","6","FAAt703","BEA_API"
1935,9,"Educational",100,"m1gtotl1sg00","6","FAAt703","BEA_API"
1936,9,"Educational",108,"m1gtotl1sg00","6","FAAt703","BEA_API"
1937,9,"Educational",129,"m1gtotl1sg00","6","FAAt703","BEA_API"
1938,9,"Educational",136,"m1gtotl1sg00","6","FAAt703","BEA_API"
1939,9,"Educational",139,"m1gtotl1sg00","6","FAAt703","BEA_API"
1940,9,"Educational",148,"m1gtotl1sg00","6","FAAt703","BEA_API"
1941,9,"Educational",163,"m1gtotl1sg00","6","FAAt703","BEA_API"
1942,9,"Educational",172,"m1gtotl1sg00","6","FAAt703","BEA_API"
1943,9,"Educational",185,"m1gtotl1sg00","6","FAAt703","BEA_API"
1944,9,"Educational",189,"m1gtotl1sg00","6","FAAt703","BEA_API"
1945,9,"Educational",198,"m1gtotl1sg00","6","FAAt703","BEA_API"
1946,9,"Educational",230,"m1gtotl1sg00","6","FAAt703","BEA_API"
1947,9,"Educational",298,"m1gtotl1sg00","6","FAAt703","BEA_API"
1948,9,"Educational",334,"m1gtotl1sg00","6","FAAt703","BEA_API"
1949,9,"Educational",334,"m1gtotl1sg00","6","FAAt703","BEA_API"
1950,9,"Educational",345,"m1gtotl1sg00","6","FAAt703","BEA_API"
1951,9,"Educational",412,"m1gtotl1sg00","6","FAAt703","BEA_API"
1952,9,"Educational",447,"m1gtotl1sg00","6","FAAt703","BEA_API"
1953,9,"Educational",473,"m1gtotl1sg00","6","FAAt703","BEA_API"
1954,9,"Educational",487,"m1gtotl1sg00","6","FAAt703","BEA_API"
1955,9,"Educational",530,"m1gtotl1sg00","6","FAAt703","BEA_API"
1956,9,"Educational",612,"m1gtotl1sg00","6","FAAt703","BEA_API"
1957,9,"Educational",680,"m1gtotl1sg00","6","FAAt703","BEA_API"
1958,9,"Educational",706,"m1gtotl1sg00","6","FAAt703","BEA_API"
1959,9,"Educational",783,"m1gtotl1sg00","6","FAAt703","BEA_API"
1960,9,"Educational",826,"m1gtotl1sg00","6","FAAt703","BEA_API"
1961,9,"Educational",867,"m1gtotl1sg00","6","FAAt703","BEA_API"
1962,9,"Educational",919,"m1gtotl1sg00","6","FAAt703","BEA_API"
1963,9,"Educational",969,"m1gtotl1sg00","6","FAAt703","BEA_API"
1964,9,"Educational",1034,"m1gtotl1sg00","6","FAAt703","BEA_API"
1965,9,"Educational",1119,"m1gtotl1sg00","6","FAAt703","BEA_API"
1966,9,"Educational",1229,"m1gtotl1sg00","6","FAAt703","BEA_API"
1967,9,"Educational",1349,"m1gtotl1sg00","6","FAAt703","BEA_API"
1968,9,"Educational",1498,"m1gtotl1sg00","6","FAAt703","BEA_API"
1969,9,"Educational",1719,"m1gtotl1sg00","6","FAAt703","BEA_API"
1970,9,"Educational",1928,"m1gtotl1sg00","6","FAAt703","BEA_API"
1971,9,"Educational",2165,"m1gtotl1sg00","6","FAAt703","BEA_API"
1972,9,"Educational",2380,"m1gtotl1sg00","6","FAAt703","BEA_API"
1973,9,"Educational",2655,"m1gtotl1sg00","6","FAAt703","BEA_API"
1974,9,"Educational",3047,"m1gtotl1sg00","6","FAAt703","BEA_API"
1975,9,"Educational",3436,"m1gtotl1sg00","6","FAAt703","BEA_API"
1976,9,"Educational",3628,"m1gtotl1sg00","6","FAAt703","BEA_API"
1977,9,"Educational",3933,"m1gtotl1sg00","6","FAAt703","BEA_API"
1978,9,"Educational",4367,"m1gtotl1sg00","6","FAAt703","BEA_API"
1979,9,"Educational",4899,"m1gtotl1sg00","6","FAAt703","BEA_API"
1980,9,"Educational",5505,"m1gtotl1sg00","6","FAAt703","BEA_API"
1981,9,"Educational",6048,"m1gtotl1sg00","6","FAAt703","BEA_API"
1982,9,"Educational",6456,"m1gtotl1sg00","6","FAAt703","BEA_API"
1983,9,"Educational",6669,"m1gtotl1sg00","6","FAAt703","BEA_API"
1984,9,"Educational",6954,"m1gtotl1sg00","6","FAAt703","BEA_API"
1985,9,"Educational",7216,"m1gtotl1sg00","6","FAAt703","BEA_API"
1986,9,"Educational",7522,"m1gtotl1sg00","6","FAAt703","BEA_API"
1987,9,"Educational",7856,"m1gtotl1sg00","6","FAAt703","BEA_API"
1988,9,"Educational",8234,"m1gtotl1sg00","6","FAAt703","BEA_API"
1989,9,"Educational",8632,"m1gtotl1sg00","6","FAAt703","BEA_API"
1990,9,"Educational",9041,"m1gtotl1sg00","6","FAAt703","BEA_API"
1991,9,"Educational",9335,"m1gtotl1sg00","6","FAAt703","BEA_API"
1992,9,"Educational",9592,"m1gtotl1sg00","6","FAAt703","BEA_API"
1993,9,"Educational",10117,"m1gtotl1sg00","6","FAAt703","BEA_API"
1994,9,"Educational",10708,"m1gtotl1sg00","6","FAAt703","BEA_API"
1995,9,"Educational",11362,"m1gtotl1sg00","6","FAAt703","BEA_API"
1996,9,"Educational",11926,"m1gtotl1sg00","6","FAAt703","BEA_API"
1997,9,"Educational",12670,"m1gtotl1sg00","6","FAAt703","BEA_API"
1998,9,"Educational",13627,"m1gtotl1sg00","6","FAAt703","BEA_API"
1999,9,"Educational",14637,"m1gtotl1sg00","6","FAAt703","BEA_API"
2000,9,"Educational",15777,"m1gtotl1sg00","6","FAAt703","BEA_API"
2001,9,"Educational",16981,"m1gtotl1sg00","6","FAAt703","BEA_API"
2002,9,"Educational",18181,"m1gtotl1sg00","6","FAAt703","BEA_API"
2003,9,"Educational",19308,"m1gtotl1sg00","6","FAAt703","BEA_API"
2004,9,"Educational",21108,"m1gtotl1sg00","6","FAAt703","BEA_API"
2005,9,"Educational",23545,"m1gtotl1sg00","6","FAAt703","BEA_API"
2006,9,"Educational",25880,"m1gtotl1sg00","6","FAAt703","BEA_API"
2007,9,"Educational",29351,"m1gtotl1sg00","6","FAAt703","BEA_API"
2008,9,"Educational",31628,"m1gtotl1sg00","6","FAAt703","BEA_API"
2009,9,"Educational",34658,"m1gtotl1sg00","6","FAAt703","BEA_API"
2010,9,"Educational",35290,"m1gtotl1sg00","6","FAAt703","BEA_API"
2011,9,"Educational",36974,"m1gtotl1sg00","6","FAAt703","BEA_API"
2012,9,"Educational",38784,"m1gtotl1sg00","6","FAAt703","BEA_API"
2013,9,"Educational",39885,"m1gtotl1sg00","6","FAAt703","BEA_API"
2014,9,"Educational",41700,"m1gtotl1sg00","6","FAAt703","BEA_API"
2015,9,"Educational",42985,"m1gtotl1sg00","6","FAAt703","BEA_API"
2016,9,"Educational",43913,"m1gtotl1sg00","6","FAAt703","BEA_API"
2017,9,"Educational",45511,"m1gtotl1sg00","6","FAAt703","BEA_API"
2018,9,"Educational",48150,"m1gtotl1sg00","6","FAAt703","BEA_API"
2019,9,"Educational",51758,"m1gtotl1sg00","6","FAAt703","BEA_API"
2020,9,"Educational",53897,"m1gtotl1sg00","6","FAAt703","BEA_API"
2021,9,"Educational",56469,"m1gtotl1sg00","6","FAAt703","BEA_API"
2022,9,"Educational",66352,"m1gtotl1sg00","6","FAAt703","BEA_API"
2023,9,"Educational",72051,"m1gtotl1sg00","6","FAAt703","BEA_API"
2024,9,"Educational",73311,"m1gtotl1sg00","6","FAAt703","BEA_API"
1925,10,"Public safety",3,"m1gtotl1si00","6","FAAt703","BEA_API"
1926,10,"Public safety",3,"m1gtotl1si00","6","FAAt703","BEA_API"
1927,10,"Public safety",4,"m1gtotl1si00","6","FAAt703","BEA_API"
1928,10,"Public safety",4,"m1gtotl1si00","6","FAAt703","BEA_API"
1929,10,"Public safety",4,"m1gtotl1si00","6","FAAt703","BEA_API"
1930,10,"Public safety",4,"m1gtotl1si00","6","FAAt703","BEA_API"
1931,10,"Public safety",4,"m1gtotl1si00","6","FAAt703","BEA_API"
1932,10,"Public safety",4,"m1gtotl1si00","6","FAAt703","BEA_API"
1933,10,"Public safety",4,"m1gtotl1si00","6","FAAt703","BEA_API"
1934,10,"Public safety",4,"m1gtotl1si00","6","FAAt703","BEA_API"
1935,10,"Public safety",5,"m1gtotl1si00","6","FAAt703","BEA_API"
1936,10,"Public safety",5,"m1gtotl1si00","6","FAAt703","BEA_API"
1937,10,"Public safety",6,"m1gtotl1si00","6","FAAt703","BEA_API"
1938,10,"Public safety",7,"m1gtotl1si00","6","FAAt703","BEA_API"
1939,10,"Public safety",8,"m1gtotl1si00","6","FAAt703","BEA_API"
1940,10,"Public safety",9,"m1gtotl1si00","6","FAAt703","BEA_API"
1941,10,"Public safety",10,"m1gtotl1si00","6","FAAt703","BEA_API"
1942,10,"Public safety",11,"m1gtotl1si00","6","FAAt703","BEA_API"
1943,10,"Public safety",12,"m1gtotl1si00","6","FAAt703","BEA_API"
1944,10,"Public safety",13,"m1gtotl1si00","6","FAAt703","BEA_API"
1945,10,"Public safety",14,"m1gtotl1si00","6","FAAt703","BEA_API"
1946,10,"Public safety",16,"m1gtotl1si00","6","FAAt703","BEA_API"
1947,10,"Public safety",22,"m1gtotl1si00","6","FAAt703","BEA_API"
1948,10,"Public safety",25,"m1gtotl1si00","6","FAAt703","BEA_API"
1949,10,"Public safety",25,"m1gtotl1si00","6","FAAt703","BEA_API"
1950,10,"Public safety",26,"m1gtotl1si00","6","FAAt703","BEA_API"
1951,10,"Public safety",31,"m1gtotl1si00","6","FAAt703","BEA_API"
1952,10,"Public safety",33,"m1gtotl1si00","6","FAAt703","BEA_API"
1953,10,"Public safety",34,"m1gtotl1si00","6","FAAt703","BEA_API"
1954,10,"Public safety",34,"m1gtotl1si00","6","FAAt703","BEA_API"
1955,10,"Public safety",36,"m1gtotl1si00","6","FAAt703","BEA_API"
1956,10,"Public safety",41,"m1gtotl1si00","6","FAAt703","BEA_API"
1957,10,"Public safety",44,"m1gtotl1si00","6","FAAt703","BEA_API"
1958,10,"Public safety",45,"m1gtotl1si00","6","FAAt703","BEA_API"
1959,10,"Public safety",50,"m1gtotl1si00","6","FAAt703","BEA_API"
1960,10,"Public safety",53,"m1gtotl1si00","6","FAAt703","BEA_API"
1961,10,"Public safety",57,"m1gtotl1si00","6","FAAt703","BEA_API"
1962,10,"Public safety",61,"m1gtotl1si00","6","FAAt703","BEA_API"
1963,10,"Public safety",65,"m1gtotl1si00","6","FAAt703","BEA_API"
1964,10,"Public safety",70,"m1gtotl1si00","6","FAAt703","BEA_API"
1965,10,"Public safety",76,"m1gtotl1si00","6","FAAt703","BEA_API"
1966,10,"Public safety",83,"m1gtotl1si00","6","FAAt703","BEA_API"
1967,10,"Public safety",91,"m1gtotl1si00","6","FAAt703","BEA_API"
1968,10,"Public safety",100,"m1gtotl1si00","6","FAAt703","BEA_API"
1969,10,"Public safety",116,"m1gtotl1si00","6","FAAt703","BEA_API"
1970,10,"Public safety",132,"m1gtotl1si00","6","FAAt703","BEA_API"
1971,10,"Public safety",152,"m1gtotl1si00","6","FAAt703","BEA_API"
1972,10,"Public safety",172,"m1gtotl1si00","6","FAAt703","BEA_API"
1973,10,"Public safety",196,"m1gtotl1si00","6","FAAt703","BEA_API"
1974,10,"Public safety",231,"m1gtotl1si00","6","FAAt703","BEA_API"
1975,10,"Public safety",269,"m1gtotl1si00","6","FAAt703","BEA_API"
1976,10,"Public safety",297,"m1gtotl1si00","6","FAAt703","BEA_API"
1977,10,"Public safety",339,"m1gtotl1si00","6","FAAt703","BEA_API"
1978,10,"Public safety",396,"m1gtotl1si00","6","FAAt703","BEA_API"
1979,10,"Public safety",469,"m1gtotl1si00","6","FAAt703","BEA_API"
1980,10,"Public safety",553,"m1gtotl1si00","6","FAAt703","BEA_API"
1981,10,"Public safety",639,"m1gtotl1si00","6","FAAt703","BEA_API"
1982,10,"Public safety",714,"m1gtotl1si00","6","FAAt703","BEA_API"
1983,10,"Public safety",770,"m1gtotl1si00","6","FAAt703","BEA_API"
1984,10,"Public safety",841,"m1gtotl1si00","6","FAAt703","BEA_API"
1985,10,"Public safety",912,"m1gtotl1si00","6","FAAt703","BEA_API"
1986,10,"Public safety",993,"m1gtotl1si00","6","FAAt703","BEA_API"
1987,10,"Public safety",1089,"m1gtotl1si00","6","FAAt703","BEA_API"
1988,10,"Public safety",1190,"m1gtotl1si00","6","FAAt703","BEA_API"
1989,10,"Public safety",1292,"m1gtotl1si00","6","FAAt703","BEA_API"
1990,10,"Public safety",1407,"m1gtotl1si00","6","FAAt703","BEA_API"
1991,10,"Public safety",1508,"m1gtotl1si00","6","FAAt703","BEA_API"
1992,10,"Public safety",1595,"m1gtotl1si00","6","FAAt703","BEA_API"
1993,10,"Public safety",1725,"m1gtotl1si00","6","FAAt703","BEA_API"
1994,10,"Public safety",1864,"m1gtotl1si00","6","FAAt703","BEA_API"
1995,10,"Public safety",2009,"m1gtotl1si00","6","FAAt703","BEA_API"
1996,10,"Public safety",2125,"m1gtotl1si00","6","FAAt703","BEA_API"
1997,10,"Public safety",2260,"m1gtotl1si00","6","FAAt703","BEA_API"
1998,10,"Public safety",2415,"m1gtotl1si00","6","FAAt703","BEA_API"
1999,10,"Public safety",2593,"m1gtotl1si00","6","FAAt703","BEA_API"
2000,10,"Public safety",2777,"m1gtotl1si00","6","FAAt703","BEA_API"
2001,10,"Public safety",2959,"m1gtotl1si00","6","FAAt703","BEA_API"
2002,10,"Public safety",3069,"m1gtotl1si00","6","FAAt703","BEA_API"
2003,10,"Public safety",3206,"m1gtotl1si00","6","FAAt703","BEA_API"
2004,10,"Public safety",3423,"m1gtotl1si00","6","FAAt703","BEA_API"
2005,10,"Public safety",3726,"m1gtotl1si00","6","FAAt703","BEA_API"
2006,10,"Public safety",4051,"m1gtotl1si00","6","FAAt703","BEA_API"
2007,10,"Public safety",4259,"m1gtotl1si00","6","FAAt703","BEA_API"
2008,10,"Public safety",4352,"m1gtotl1si00","6","FAAt703","BEA_API"
2009,10,"Public safety",4210,"m1gtotl1si00","6","FAAt703","BEA_API"
2010,10,"Public safety",4065,"m1gtotl1si00","6","FAAt703","BEA_API"
2011,10,"Public safety",4126,"m1gtotl1si00","6","FAAt703","BEA_API"
2012,10,"Public safety",4208,"m1gtotl1si00","6","FAAt703","BEA_API"
2013,10,"Public safety",4411,"m1gtotl1si00","6","FAAt703","BEA_API"
2014,10,"Public safety",4660,"m1gtotl1si00","6","FAAt703","BEA_API"
2015,10,"Public safety",4819,"m1gtotl1si00","6","FAAt703","BEA_API"
2016,10,"Public safety",5021,"m1gtotl1si00","6","FAAt703","BEA_API"
2017,10,"Public safety",5241,"m1gtotl1si00","6","FAAt703","BEA_API"
2018,10,"Public safety",5478,"m1gtotl1si00","6","FAAt703","BEA_API"
2019,10,"Public safety",5728,"m1gtotl1si00","6","FAAt703","BEA_API"
2020,10,"Public safety",5925,"m1gtotl1si00","6","FAAt703","BEA_API"
2021,10,"Public safety",6199,"m1gtotl1si00","6","FAAt703","BEA_API"
2022,10,"Public safety",6723,"m1gtotl1si00","6","FAAt703","BEA_API"
2023,10,"Public safety",7033,"m1gtotl1si00","6","FAAt703","BEA_API"
2024,10,"Public safety",7298,"m1gtotl1si00","6","FAAt703","BEA_API"
1925,11,"Amusement and recreation",5,"m1gtotl1sk00","6","FAAt703","BEA_API"
1926,11,"Amusement and recreation",6,"m1gtotl1sk00","6","FAAt703","BEA_API"
1927,11,"Amusement and recreation",6,"m1gtotl1sk00","6","FAAt703","BEA_API"
1928,11,"Amusement and recreation",7,"m1gtotl1sk00","6","FAAt703","BEA_API"
1929,11,"Amusement and recreation",7,"m1gtotl1sk00","6","FAAt703","BEA_API"
1930,11,"Amusement and recreation",7,"m1gtotl1sk00","6","FAAt703","BEA_API"
1931,11,"Amusement and recreation",7,"m1gtotl1sk00","6","FAAt703","BEA_API"
1932,11,"Amusement and recreation",6,"m1gtotl1sk00","6","FAAt703","BEA_API"
1933,11,"Amusement and recreation",7,"m1gtotl1sk00","6","FAAt703","BEA_API"
1934,11,"Amusement and recreation",8,"m1gtotl1sk00","6","FAAt703","BEA_API"
1935,11,"Amusement and recreation",8,"m1gtotl1sk00","6","FAAt703","BEA_API"
1936,11,"Amusement and recreation",9,"m1gtotl1sk00","6","FAAt703","BEA_API"
1937,11,"Amusement and recreation",12,"m1gtotl1sk00","6","FAAt703","BEA_API"
1938,11,"Amusement and recreation",13,"m1gtotl1sk00","6","FAAt703","BEA_API"
1939,11,"Amusement and recreation",14,"m1gtotl1sk00","6","FAAt703","BEA_API"
1940,11,"Amusement and recreation",16,"m1gtotl1sk00","6","FAAt703","BEA_API"
1941,11,"Amusement and recreation",18,"m1gtotl1sk00","6","FAAt703","BEA_API"
1942,11,"Amusement and recreation",19,"m1gtotl1sk00","6","FAAt703","BEA_API"
1943,11,"Amusement and recreation",20,"m1gtotl1sk00","6","FAAt703","BEA_API"
1944,11,"Amusement and recreation",20,"m1gtotl1sk00","6","FAAt703","BEA_API"
1945,11,"Amusement and recreation",21,"m1gtotl1sk00","6","FAAt703","BEA_API"
1946,11,"Amusement and recreation",25,"m1gtotl1sk00","6","FAAt703","BEA_API"
1947,11,"Amusement and recreation",33,"m1gtotl1sk00","6","FAAt703","BEA_API"
1948,11,"Amusement and recreation",37,"m1gtotl1sk00","6","FAAt703","BEA_API"
1949,11,"Amusement and recreation",38,"m1gtotl1sk00","6","FAAt703","BEA_API"
1950,11,"Amusement and recreation",40,"m1gtotl1sk00","6","FAAt703","BEA_API"
1951,11,"Amusement and recreation",46,"m1gtotl1sk00","6","FAAt703","BEA_API"
1952,11,"Amusement and recreation",48,"m1gtotl1sk00","6","FAAt703","BEA_API"
1953,11,"Amusement and recreation",50,"m1gtotl1sk00","6","FAAt703","BEA_API"
1954,11,"Amusement and recreation",51,"m1gtotl1sk00","6","FAAt703","BEA_API"
1955,11,"Amusement and recreation",54,"m1gtotl1sk00","6","FAAt703","BEA_API"
1956,11,"Amusement and recreation",61,"m1gtotl1sk00","6","FAAt703","BEA_API"
1957,11,"Amusement and recreation",67,"m1gtotl1sk00","6","FAAt703","BEA_API"
1958,11,"Amusement and recreation",68,"m1gtotl1sk00","6","FAAt703","BEA_API"
1959,11,"Amusement and recreation",75,"m1gtotl1sk00","6","FAAt703","BEA_API"
1960,11,"Amusement and recreation",79,"m1gtotl1sk00","6","FAAt703","BEA_API"
1961,11,"Amusement and recreation",83,"m1gtotl1sk00","6","FAAt703","BEA_API"
1962,11,"Amusement and recreation",88,"m1gtotl1sk00","6","FAAt703","BEA_API"
1963,11,"Amusement and recreation",93,"m1gtotl1sk00","6","FAAt703","BEA_API"
1964,11,"Amusement and recreation",100,"m1gtotl1sk00","6","FAAt703","BEA_API"
1965,11,"Amusement and recreation",108,"m1gtotl1sk00","6","FAAt703","BEA_API"
1966,11,"Amusement and recreation",118,"m1gtotl1sk00","6","FAAt703","BEA_API"
1967,11,"Amusement and recreation",127,"m1gtotl1sk00","6","FAAt703","BEA_API"
1968,11,"Amusement and recreation",139,"m1gtotl1sk00","6","FAAt703","BEA_API"
1969,11,"Amusement and recreation",157,"m1gtotl1sk00","6","FAAt703","BEA_API"
1970,11,"Amusement and recreation",177,"m1gtotl1sk00","6","FAAt703","BEA_API"
1971,11,"Amusement and recreation",200,"m1gtotl1sk00","6","FAAt703","BEA_API"
1972,11,"Amusement and recreation",223,"m1gtotl1sk00","6","FAAt703","BEA_API"
1973,11,"Amusement and recreation",249,"m1gtotl1sk00","6","FAAt703","BEA_API"
1974,11,"Amusement and recreation",297,"m1gtotl1sk00","6","FAAt703","BEA_API"
1975,11,"Amusement and recreation",341,"m1gtotl1sk00","6","FAAt703","BEA_API"
1976,11,"Amusement and recreation",369,"m1gtotl1sk00","6","FAAt703","BEA_API"
1977,11,"Amusement and recreation",410,"m1gtotl1sk00","6","FAAt703","BEA_API"
1978,11,"Amusement and recreation",464,"m1gtotl1sk00","6","FAAt703","BEA_API"
1979,11,"Amusement and recreation",535,"m1gtotl1sk00","6","FAAt703","BEA_API"
1980,11,"Amusement and recreation",613,"m1gtotl1sk00","6","FAAt703","BEA_API"
1981,11,"Amusement and recreation",690,"m1gtotl1sk00","6","FAAt703","BEA_API"
1982,11,"Amusement and recreation",752,"m1gtotl1sk00","6","FAAt703","BEA_API"
1983,11,"Amusement and recreation",793,"m1gtotl1sk00","6","FAAt703","BEA_API"
1984,11,"Amusement and recreation",841,"m1gtotl1sk00","6","FAAt703","BEA_API"
1985,11,"Amusement and recreation",887,"m1gtotl1sk00","6","FAAt703","BEA_API"
1986,11,"Amusement and recreation",938,"m1gtotl1sk00","6","FAAt703","BEA_API"
1987,11,"Amusement and recreation",997,"m1gtotl1sk00","6","FAAt703","BEA_API"
1988,11,"Amusement and recreation",1063,"m1gtotl1sk00","6","FAAt703","BEA_API"
1989,11,"Amusement and recreation",1132,"m1gtotl1sk00","6","FAAt703","BEA_API"
1990,11,"Amusement and recreation",1205,"m1gtotl1sk00","6","FAAt703","BEA_API"
1991,11,"Amusement and recreation",1261,"m1gtotl1sk00","6","FAAt703","BEA_API"
1992,11,"Amusement and recreation",1306,"m1gtotl1sk00","6","FAAt703","BEA_API"
1993,11,"Amusement and recreation",1389,"m1gtotl1sk00","6","FAAt703","BEA_API"
1994,11,"Amusement and recreation",1476,"m1gtotl1sk00","6","FAAt703","BEA_API"
1995,11,"Amusement and recreation",1574,"m1gtotl1sk00","6","FAAt703","BEA_API"
1996,11,"Amusement and recreation",1660,"m1gtotl1sk00","6","FAAt703","BEA_API"
1997,11,"Amusement and recreation",1775,"m1gtotl1sk00","6","FAAt703","BEA_API"
1998,11,"Amusement and recreation",1903,"m1gtotl1sk00","6","FAAt703","BEA_API"
1999,11,"Amusement and recreation",2053,"m1gtotl1sk00","6","FAAt703","BEA_API"
2000,11,"Amusement and recreation",2220,"m1gtotl1sk00","6","FAAt703","BEA_API"
2001,11,"Amusement and recreation",2406,"m1gtotl1sk00","6","FAAt703","BEA_API"
2002,11,"Amusement and recreation",2545,"m1gtotl1sk00","6","FAAt703","BEA_API"
2003,11,"Amusement and recreation",2705,"m1gtotl1sk00","6","FAAt703","BEA_API"
2004,11,"Amusement and recreation",2943,"m1gtotl1sk00","6","FAAt703","BEA_API"
2005,11,"Amusement and recreation",3259,"m1gtotl1sk00","6","FAAt703","BEA_API"
2006,11,"Amusement and recreation",3606,"m1gtotl1sk00","6","FAAt703","BEA_API"
2007,11,"Amusement and recreation",3845,"m1gtotl1sk00","6","FAAt703","BEA_API"
2008,11,"Amusement and recreation",3993,"m1gtotl1sk00","6","FAAt703","BEA_API"
2009,11,"Amusement and recreation",3920,"m1gtotl1sk00","6","FAAt703","BEA_API"
2010,11,"Amusement and recreation",3843,"m1gtotl1sk00","6","FAAt703","BEA_API"
2011,11,"Amusement and recreation",3946,"m1gtotl1sk00","6","FAAt703","BEA_API"
2012,11,"Amusement and recreation",4055,"m1gtotl1sk00","6","FAAt703","BEA_API"
2013,11,"Amusement and recreation",4286,"m1gtotl1sk00","6","FAAt703","BEA_API"
2014,11,"Amusement and recreation",4565,"m1gtotl1sk00","6","FAAt703","BEA_API"
2015,11,"Amusement and recreation",4770,"m1gtotl1sk00","6","FAAt703","BEA_API"
2016,11,"Amusement and recreation",5039,"m1gtotl1sk00","6","FAAt703","BEA_API"
2017,11,"Amusement and recreation",5333,"m1gtotl1sk00","6","FAAt703","BEA_API"
2018,11,"Amusement and recreation",5658,"m1gtotl1sk00","6","FAAt703","BEA_API"
2019,11,"Amusement and recreation",5976,"m1gtotl1sk00","6","FAAt703","BEA_API"
2020,11,"Amusement and recreation",6188,"m1gtotl1sk00","6","FAAt703","BEA_API"
2021,11,"Amusement and recreation",6458,"m1gtotl1sk00","6","FAAt703","BEA_API"
2022,11,"Amusement and recreation",6996,"m1gtotl1sk00","6","FAAt703","BEA_API"
2023,11,"Amusement and recreation",7391,"m1gtotl1sk00","6","FAAt703","BEA_API"
2024,11,"Amusement and recreation",7780,"m1gtotl1sk00","6","FAAt703","BEA_API"
1925,12,"Transportation",10,"m1gtotl1sn00","6","FAAt703","BEA_API"
1926,12,"Transportation",10,"m1gtotl1sn00","6","FAAt703","BEA_API"
1927,12,"Transportation",11,"m1gtotl1sn00","6","FAAt703","BEA_API"
1928,12,"Transportation",12,"m1gtotl1sn00","6","FAAt703","BEA_API"
1929,12,"Transportation",14,"m1gtotl1sn00","6","FAAt703","BEA_API"
1930,12,"Transportation",14,"m1gtotl1sn00","6","FAAt703","BEA_API"
1931,12,"Transportation",15,"m1gtotl1sn00","6","FAAt703","BEA_API"
1932,12,"Transportation",14,"m1gtotl1sn00","6","FAAt703","BEA_API"
1933,12,"Transportation",16,"m1gtotl1sn00","6","FAAt703","BEA_API"
1934,12,"Transportation",25,"m1gtotl1sn00","6","FAAt703","BEA_API"
1935,12,"Transportation",21,"m1gtotl1sn00","6","FAAt703","BEA_API"
1936,12,"Transportation",25,"m1gtotl1sn00","6","FAAt703","BEA_API"
1937,12,"Transportation",28,"m1gtotl1sn00","6","FAAt703","BEA_API"
1938,12,"Transportation",30,"m1gtotl1sn00","6","FAAt703","BEA_API"
1939,12,"Transportation",31,"m1gtotl1sn00","6","FAAt703","BEA_API"
1940,12,"Transportation",32,"m1gtotl1sn00","6","FAAt703","BEA_API"
1941,12,"Transportation",35,"m1gtotl1sn00","6","FAAt703","BEA_API"
1942,12,"Transportation",39,"m1gtotl1sn00","6","FAAt703","BEA_API"
1943,12,"Transportation",35,"m1gtotl1sn00","6","FAAt703","BEA_API"
1944,12,"Transportation",34,"m1gtotl1sn00","6","FAAt703","BEA_API"
1945,12,"Transportation",35,"m1gtotl1sn00","6","FAAt703","BEA_API"
1946,12,"Transportation",39,"m1gtotl1sn00","6","FAAt703","BEA_API"
1947,12,"Transportation",46,"m1gtotl1sn00","6","FAAt703","BEA_API"
1948,12,"Transportation",53,"m1gtotl1sn00","6","FAAt703","BEA_API"
1949,12,"Transportation",54,"m1gtotl1sn00","6","FAAt703","BEA_API"
1950,12,"Transportation",52,"m1gtotl1sn00","6","FAAt703","BEA_API"
1951,12,"Transportation",63,"m1gtotl1sn00","6","FAAt703","BEA_API"
1952,12,"Transportation",68,"m1gtotl1sn00","6","FAAt703","BEA_API"
1953,12,"Transportation",70,"m1gtotl1sn00","6","FAAt703","BEA_API"
1954,12,"Transportation",71,"m1gtotl1sn00","6","FAAt703","BEA_API"
1955,12,"Transportation",72,"m1gtotl1sn00","6","FAAt703","BEA_API"
1956,12,"Transportation",84,"m1gtotl1sn00","6","FAAt703","BEA_API"
1957,12,"Transportation",94,"m1gtotl1sn00","6","FAAt703","BEA_API"
1958,12,"Transportation",98,"m1gtotl1sn00","6","FAAt703","BEA_API"
1959,12,"Transportation",102,"m1gtotl1sn00","6","FAAt703","BEA_API"
1960,12,"Transportation",106,"m1gtotl1sn00","6","FAAt703","BEA_API"
1961,12,"Transportation",111,"m1gtotl1sn00","6","FAAt703","BEA_API"
1962,12,"Transportation",121,"m1gtotl1sn00","6","FAAt703","BEA_API"
1963,12,"Transportation",135,"m1gtotl1sn00","6","FAAt703","BEA_API"
1964,12,"Transportation",148,"m1gtotl1sn00","6","FAAt703","BEA_API"
1965,12,"Transportation",163,"m1gtotl1sn00","6","FAAt703","BEA_API"
1966,12,"Transportation",187,"m1gtotl1sn00","6","FAAt703","BEA_API"
1967,12,"Transportation",214,"m1gtotl1sn00","6","FAAt703","BEA_API"
1968,12,"Transportation",244,"m1gtotl1sn00","6","FAAt703","BEA_API"
1969,12,"Transportation",287,"m1gtotl1sn00","6","FAAt703","BEA_API"
1970,12,"Transportation",353,"m1gtotl1sn00","6","FAAt703","BEA_API"
1971,12,"Transportation",394,"m1gtotl1sn00","6","FAAt703","BEA_API"
1972,12,"Transportation",418,"m1gtotl1sn00","6","FAAt703","BEA_API"
1973,12,"Transportation",468,"m1gtotl1sn00","6","FAAt703","BEA_API"
1974,12,"Transportation",650,"m1gtotl1sn00","6","FAAt703","BEA_API"
1975,12,"Transportation",734,"m1gtotl1sn00","6","FAAt703","BEA_API"
1976,12,"Transportation",708,"m1gtotl1sn00","6","FAAt703","BEA_API"
1977,12,"Transportation",724,"m1gtotl1sn00","6","FAAt703","BEA_API"
1978,12,"Transportation",737,"m1gtotl1sn00","6","FAAt703","BEA_API"
1979,12,"Transportation",834,"m1gtotl1sn00","6","FAAt703","BEA_API"
1980,12,"Transportation",1019,"m1gtotl1sn00","6","FAAt703","BEA_API"
1981,12,"Transportation",1261,"m1gtotl1sn00","6","FAAt703","BEA_API"
1982,12,"Transportation",1427,"m1gtotl1sn00","6","FAAt703","BEA_API"
1983,12,"Transportation",1440,"m1gtotl1sn00","6","FAAt703","BEA_API"
1984,12,"Transportation",1422,"m1gtotl1sn00","6","FAAt703","BEA_API"
1985,12,"Transportation",1467,"m1gtotl1sn00","6","FAAt703","BEA_API"
1986,12,"Transportation",1567,"m1gtotl1sn00","6","FAAt703","BEA_API"
1987,12,"Transportation",1716,"m1gtotl1sn00","6","FAAt703","BEA_API"
1988,12,"Transportation",1852,"m1gtotl1sn00","6","FAAt703","BEA_API"
1989,12,"Transportation",2010,"m1gtotl1sn00","6","FAAt703","BEA_API"
1990,12,"Transportation",2260,"m1gtotl1sn00","6","FAAt703","BEA_API"
1991,12,"Transportation",2483,"m1gtotl1sn00","6","FAAt703","BEA_API"
1992,12,"Transportation",2579,"m1gtotl1sn00","6","FAAt703","BEA_API"
1993,12,"Transportation",2670,"m1gtotl1sn00","6","FAAt703","BEA_API"
1994,12,"Transportation",2744,"m1gtotl1sn00","6","FAAt703","BEA_API"
1995,12,"Transportation",3016,"m1gtotl1sn00","6","FAAt703","BEA_API"
1996,12,"Transportation",3324,"m1gtotl1sn00","6","FAAt703","BEA_API"
1997,12,"Transportation",3647,"m1gtotl1sn00","6","FAAt703","BEA_API"
1998,12,"Transportation",3940,"m1gtotl1sn00","6","FAAt703","BEA_API"
1999,12,"Transportation",4215,"m1gtotl1sn00","6","FAAt703","BEA_API"
2000,12,"Transportation",4586,"m1gtotl1sn00","6","FAAt703","BEA_API"
2001,12,"Transportation",4827,"m1gtotl1sn00","6","FAAt703","BEA_API"
2002,12,"Transportation",5283,"m1gtotl1sn00","6","FAAt703","BEA_API"
2003,12,"Transportation",5678,"m1gtotl1sn00","6","FAAt703","BEA_API"
2004,12,"Transportation",6327,"m1gtotl1sn00","6","FAAt703","BEA_API"
2005,12,"Transportation",7144,"m1gtotl1sn00","6","FAAt703","BEA_API"
2006,12,"Transportation",7994,"m1gtotl1sn00","6","FAAt703","BEA_API"
2007,12,"Transportation",9130,"m1gtotl1sn00","6","FAAt703","BEA_API"
2008,12,"Transportation",10006,"m1gtotl1sn00","6","FAAt703","BEA_API"
2009,12,"Transportation",10359,"m1gtotl1sn00","6","FAAt703","BEA_API"
2010,12,"Transportation",10712,"m1gtotl1sn00","6","FAAt703","BEA_API"
2011,12,"Transportation",11441,"m1gtotl1sn00","6","FAAt703","BEA_API"
2012,12,"Transportation",12246,"m1gtotl1sn00","6","FAAt703","BEA_API"
2013,12,"Transportation",12775,"m1gtotl1sn00","6","FAAt703","BEA_API"
2014,12,"Transportation",13207,"m1gtotl1sn00","6","FAAt703","BEA_API"
2015,12,"Transportation",13507,"m1gtotl1sn00","6","FAAt703","BEA_API"
2016,12,"Transportation",13848,"m1gtotl1sn00","6","FAAt703","BEA_API"
2017,12,"Transportation",14561,"m1gtotl1sn00","6","FAAt703","BEA_API"
2018,12,"Transportation",15565,"m1gtotl1sn00","6","FAAt703","BEA_API"
2019,12,"Transportation",16275,"m1gtotl1sn00","6","FAAt703","BEA_API"
2020,12,"Transportation",16600,"m1gtotl1sn00","6","FAAt703","BEA_API"
2021,12,"Transportation",18595,"m1gtotl1sn00","6","FAAt703","BEA_API"
2022,12,"Transportation",20730,"m1gtotl1sn00","6","FAAt703","BEA_API"
2023,12,"Transportation",21508,"m1gtotl1sn00","6","FAAt703","BEA_API"
2024,12,"Transportation",22396,"m1gtotl1sn00","6","FAAt703","BEA_API"
1925,13,"Power",18,"m1gtotl1sp00","6","FAAt703","BEA_API"
1926,13,"Power",18,"m1gtotl1sp00","6","FAAt703","BEA_API"
1927,13,"Power",19,"m1gtotl1sp00","6","FAAt703","BEA_API"
1928,13,"Power",22,"m1gtotl1sp00","6","FAAt703","BEA_API"
1929,13,"Power",24,"m1gtotl1sp00","6","FAAt703","BEA_API"
1930,13,"Power",25,"m1gtotl1sp00","6","FAAt703","BEA_API"
1931,13,"Power",26,"m1gtotl1sp00","6","FAAt703","BEA_API"
1932,13,"Power",25,"m1gtotl1sp00","6","FAAt703","BEA_API"
1933,13,"Power",28,"m1gtotl1sp00","6","FAAt703","BEA_API"
1934,13,"Power",42,"m1gtotl1sp00","6","FAAt703","BEA_API"
1935,13,"Power",35,"m1gtotl1sp00","6","FAAt703","BEA_API"
1936,13,"Power",41,"m1gtotl1sp00","6","FAAt703","BEA_API"
1937,13,"Power",48,"m1gtotl1sp00","6","FAAt703","BEA_API"
1938,13,"Power",50,"m1gtotl1sp00","6","FAAt703","BEA_API"
1939,13,"Power",51,"m1gtotl1sp00","6","FAAt703","BEA_API"
1940,13,"Power",52,"m1gtotl1sp00","6","FAAt703","BEA_API"
1941,13,"Power",58,"m1gtotl1sp00","6","FAAt703","BEA_API"
1942,13,"Power",62,"m1gtotl1sp00","6","FAAt703","BEA_API"
1943,13,"Power",55,"m1gtotl1sp00","6","FAAt703","BEA_API"
1944,13,"Power",52,"m1gtotl1sp00","6","FAAt703","BEA_API"
1945,13,"Power",55,"m1gtotl1sp00","6","FAAt703","BEA_API"
1946,13,"Power",64,"m1gtotl1sp00","6","FAAt703","BEA_API"
1947,13,"Power",74,"m1gtotl1sp00","6","FAAt703","BEA_API"
1948,13,"Power",84,"m1gtotl1sp00","6","FAAt703","BEA_API"
1949,13,"Power",85,"m1gtotl1sp00","6","FAAt703","BEA_API"
1950,13,"Power",80,"m1gtotl1sp00","6","FAAt703","BEA_API"
1951,13,"Power",94,"m1gtotl1sp00","6","FAAt703","BEA_API"
1952,13,"Power",98,"m1gtotl1sp00","6","FAAt703","BEA_API"
1953,13,"Power",99,"m1gtotl1sp00","6","FAAt703","BEA_API"
1954,13,"Power",97,"m1gtotl1sp00","6","FAAt703","BEA_API"
1955,13,"Power",97,"m1gtotl1sp00","6","FAAt703","BEA_API"
1956,13,"Power",110,"m1gtotl1sp00","6","FAAt703","BEA_API"
1957,13,"Power",120,"m1gtotl1sp00","6","FAAt703","BEA_API"
1958,13,"Power",123,"m1gtotl1sp00","6","FAAt703","BEA_API"
1959,13,"Power",131,"m1gtotl1sp00","6","FAAt703","BEA_API"
1960,13,"Power",138,"m1gtotl1sp00","6","FAAt703","BEA_API"
1961,13,"Power",144,"m1gtotl1sp00","6","FAAt703","BEA_API"
1962,13,"Power",153,"m1gtotl1sp00","6","FAAt703","BEA_API"
1963,13,"Power",161,"m1gtotl1sp00","6","FAAt703","BEA_API"
1964,13,"Power",175,"m1gtotl1sp00","6","FAAt703","BEA_API"
1965,13,"Power",192,"m1gtotl1sp00","6","FAAt703","BEA_API"
1966,13,"Power",209,"m1gtotl1sp00","6","FAAt703","BEA_API"
1967,13,"Power",228,"m1gtotl1sp00","6","FAAt703","BEA_API"
1968,13,"Power",246,"m1gtotl1sp00","6","FAAt703","BEA_API"
1969,13,"Power",274,"m1gtotl1sp00","6","FAAt703","BEA_API"
1970,13,"Power",309,"m1gtotl1sp00","6","FAAt703","BEA_API"
1971,13,"Power",345,"m1gtotl1sp00","6","FAAt703","BEA_API"
1972,13,"Power",379,"m1gtotl1sp00","6","FAAt703","BEA_API"
1973,13,"Power",420,"m1gtotl1sp00","6","FAAt703","BEA_API"
1974,13,"Power",517,"m1gtotl1sp00","6","FAAt703","BEA_API"
1975,13,"Power",629,"m1gtotl1sp00","6","FAAt703","BEA_API"
1976,13,"Power",688,"m1gtotl1sp00","6","FAAt703","BEA_API"
1977,13,"Power",748,"m1gtotl1sp00","6","FAAt703","BEA_API"
1978,13,"Power",832,"m1gtotl1sp00","6","FAAt703","BEA_API"
1979,13,"Power",977,"m1gtotl1sp00","6","FAAt703","BEA_API"
1980,13,"Power",1130,"m1gtotl1sp00","6","FAAt703","BEA_API"
1981,13,"Power",1294,"m1gtotl1sp00","6","FAAt703","BEA_API"
1982,13,"Power",1431,"m1gtotl1sp00","6","FAAt703","BEA_API"
1983,13,"Power",1538,"m1gtotl1sp00","6","FAAt703","BEA_API"
1984,13,"Power",1631,"m1gtotl1sp00","6","FAAt703","BEA_API"
1985,13,"Power",1709,"m1gtotl1sp00","6","FAAt703","BEA_API"
1986,13,"Power",1796,"m1gtotl1sp00","6","FAAt703","BEA_API"
1987,13,"Power",1870,"m1gtotl1sp00","6","FAAt703","BEA_API"
1988,13,"Power",2033,"m1gtotl1sp00","6","FAAt703","BEA_API"
1989,13,"Power",2137,"m1gtotl1sp00","6","FAAt703","BEA_API"
1990,13,"Power",2230,"m1gtotl1sp00","6","FAAt703","BEA_API"
1991,13,"Power",2262,"m1gtotl1sp00","6","FAAt703","BEA_API"
1992,13,"Power",2318,"m1gtotl1sp00","6","FAAt703","BEA_API"
1993,13,"Power",2407,"m1gtotl1sp00","6","FAAt703","BEA_API"
1994,13,"Power",2515,"m1gtotl1sp00","6","FAAt703","BEA_API"
1995,13,"Power",2607,"m1gtotl1sp00","6","FAAt703","BEA_API"
1996,13,"Power",2663,"m1gtotl1sp00","6","FAAt703","BEA_API"
1997,13,"Power",2722,"m1gtotl1sp00","6","FAAt703","BEA_API"
1998,13,"Power",2786,"m1gtotl1sp00","6","FAAt703","BEA_API"
1999,13,"Power",2823,"m1gtotl1sp00","6","FAAt703","BEA_API"
2000,13,"Power",2960,"m1gtotl1sp00","6","FAAt703","BEA_API"
2001,13,"Power",3080,"m1gtotl1sp00","6","FAAt703","BEA_API"
2002,13,"Power",3222,"m1gtotl1sp00","6","FAAt703","BEA_API"
2003,13,"Power",3344,"m1gtotl1sp00","6","FAAt703","BEA_API"
2004,13,"Power",3606,"m1gtotl1sp00","6","FAAt703","BEA_API"
2005,13,"Power",3887,"m1gtotl1sp00","6","FAAt703","BEA_API"
2006,13,"Power",4209,"m1gtotl1sp00","6","FAAt703","BEA_API"
2007,13,"Power",4588,"m1gtotl1sp00","6","FAAt703","BEA_API"
2008,13,"Power",5048,"m1gtotl1sp00","6","FAAt703","BEA_API"
2009,13,"Power",5150,"m1gtotl1sp00","6","FAAt703","BEA_API"
2010,13,"Power",5427,"m1gtotl1sp00","6","FAAt703","BEA_API"
2011,13,"Power",5729,"m1gtotl1sp00","6","FAAt703","BEA_API"
2012,13,"Power",5996,"m1gtotl1sp00","6","FAAt703","BEA_API"
2013,13,"Power",6195,"m1gtotl1sp00","6","FAAt703","BEA_API"
2014,13,"Power",6410,"m1gtotl1sp00","6","FAAt703","BEA_API"
2015,13,"Power",6637,"m1gtotl1sp00","6","FAAt703","BEA_API"
2016,13,"Power",6831,"m1gtotl1sp00","6","FAAt703","BEA_API"
2017,13,"Power",7034,"m1gtotl1sp00","6","FAAt703","BEA_API"
2018,13,"Power",7334,"m1gtotl1sp00","6","FAAt703","BEA_API"
2019,13,"Power",7662,"m1gtotl1sp00","6","FAAt703","BEA_API"
2020,13,"Power",7903,"m1gtotl1sp00","6","FAAt703","BEA_API"
2021,13,"Power",8425,"m1gtotl1sp00","6","FAAt703","BEA_API"
2022,13,"Power",9588,"m1gtotl1sp00","6","FAAt703","BEA_API"
2023,13,"Power",10202,"m1gtotl1sp00","6","FAAt703","BEA_API"
2024,13,"Power",10423,"m1gtotl1sp00","6","FAAt703","BEA_API"
1925,14,"Highways and streets",327,"m1gtotl1sq00","6","FAAt703","BEA_API"
1926,14,"Highways and streets",325,"m1gtotl1sq00","6","FAAt703","BEA_API"
1927,14,"Highways and streets",340,"m1gtotl1sq00","6","FAAt703","BEA_API"
1928,14,"Highways and streets",334,"m1gtotl1sq00","6","FAAt703","BEA_API"
1929,14,"Highways and streets",343,"m1gtotl1sq00","6","FAAt703","BEA_API"
1930,14,"Highways and streets",341,"m1gtotl1sq00","6","FAAt703","BEA_API"
1931,14,"Highways and streets",325,"m1gtotl1sq00","6","FAAt703","BEA_API"
1932,14,"Highways and streets",264,"m1gtotl1sq00","6","FAAt703","BEA_API"
1933,14,"Highways and streets",344,"m1gtotl1sq00","6","FAAt703","BEA_API"
1934,14,"Highways and streets",412,"m1gtotl1sq00","6","FAAt703","BEA_API"
1935,14,"Highways and streets",409,"m1gtotl1sq00","6","FAAt703","BEA_API"
1936,14,"Highways and streets",464,"m1gtotl1sq00","6","FAAt703","BEA_API"
1937,14,"Highways and streets",448,"m1gtotl1sq00","6","FAAt703","BEA_API"
1938,14,"Highways and streets",451,"m1gtotl1sq00","6","FAAt703","BEA_API"
1939,14,"Highways and streets",460,"m1gtotl1sq00","6","FAAt703","BEA_API"
1940,14,"Highways and streets",467,"m1gtotl1sq00","6","FAAt703","BEA_API"
1941,14,"Highways and streets",551,"m1gtotl1sq00","6","FAAt703","BEA_API"
1942,14,"Highways and streets",726,"m1gtotl1sq00","6","FAAt703","BEA_API"
1943,14,"Highways and streets",815,"m1gtotl1sq00","6","FAAt703","BEA_API"
1944,14,"Highways and streets",742,"m1gtotl1sq00","6","FAAt703","BEA_API"
1945,14,"Highways and streets",701,"m1gtotl1sq00","6","FAAt703","BEA_API"
1946,14,"Highways and streets",748,"m1gtotl1sq00","6","FAAt703","BEA_API"
1947,14,"Highways and streets",857,"m1gtotl1sq00","6","FAAt703","BEA_API"
1948,14,"Highways and streets",973,"m1gtotl1sq00","6","FAAt703","BEA_API"
1949,14,"Highways and streets",959,"m1gtotl1sq00","6","FAAt703","BEA_API"
1950,14,"Highways and streets",891,"m1gtotl1sq00","6","FAAt703","BEA_API"
1951,14,"Highways and streets",1119,"m1gtotl1sq00","6","FAAt703","BEA_API"
1952,14,"Highways and streets",1181,"m1gtotl1sq00","6","FAAt703","BEA_API"
1953,14,"Highways and streets",1173,"m1gtotl1sq00","6","FAAt703","BEA_API"
1954,14,"Highways and streets",1155,"m1gtotl1sq00","6","FAAt703","BEA_API"
1955,14,"Highways and streets",1178,"m1gtotl1sq00","6","FAAt703","BEA_API"
1956,14,"Highways and streets",1395,"m1gtotl1sq00","6","FAAt703","BEA_API"
1957,14,"Highways and streets",1525,"m1gtotl1sq00","6","FAAt703","BEA_API"
1958,14,"Highways and streets",1567,"m1gtotl1sq00","6","FAAt703","BEA_API"
1959,14,"Highways and streets",1646,"m1gtotl1sq00","6","FAAt703","BEA_API"
1960,14,"Highways and streets",1667,"m1gtotl1sq00","6","FAAt703","BEA_API"
1961,14,"Highways and streets",1760,"m1gtotl1sq00","6","FAAt703","BEA_API"
1962,14,"Highways and streets",1910,"m1gtotl1sq00","6","FAAt703","BEA_API"
1963,14,"Highways and streets",2064,"m1gtotl1sq00","6","FAAt703","BEA_API"
1964,14,"Highways and streets",2196,"m1gtotl1sq00","6","FAAt703","BEA_API"
1965,14,"Highways and streets",2381,"m1gtotl1sq00","6","FAAt703","BEA_API"
1966,14,"Highways and streets",2633,"m1gtotl1sq00","6","FAAt703","BEA_API"
1967,14,"Highways and streets",2855,"m1gtotl1sq00","6","FAAt703","BEA_API"
1968,14,"Highways and streets",3139,"m1gtotl1sq00","6","FAAt703","BEA_API"
1969,14,"Highways and streets",3455,"m1gtotl1sq00","6","FAAt703","BEA_API"
1970,14,"Highways and streets",3985,"m1gtotl1sq00","6","FAAt703","BEA_API"
1971,14,"Highways and streets",4427,"m1gtotl1sq00","6","FAAt703","BEA_API"
1972,14,"Highways and streets",4726,"m1gtotl1sq00","6","FAAt703","BEA_API"
1973,14,"Highways and streets",5267,"m1gtotl1sq00","6","FAAt703","BEA_API"
1974,14,"Highways and streets",6997,"m1gtotl1sq00","6","FAAt703","BEA_API"
1975,14,"Highways and streets",7736,"m1gtotl1sq00","6","FAAt703","BEA_API"
1976,14,"Highways and streets",7666,"m1gtotl1sq00","6","FAAt703","BEA_API"
1977,14,"Highways and streets",7693,"m1gtotl1sq00","6","FAAt703","BEA_API"
1978,14,"Highways and streets",7898,"m1gtotl1sq00","6","FAAt703","BEA_API"
1979,14,"Highways and streets",8707,"m1gtotl1sq00","6","FAAt703","BEA_API"
1980,14,"Highways and streets",10276,"m1gtotl1sq00","6","FAAt703","BEA_API"
1981,14,"Highways and streets",12167,"m1gtotl1sq00","6","FAAt703","BEA_API"
1982,14,"Highways and streets",13438,"m1gtotl1sq00","6","FAAt703","BEA_API"
1983,14,"Highways and streets",13303,"m1gtotl1sq00","6","FAAt703","BEA_API"
1984,14,"Highways and streets",12979,"m1gtotl1sq00","6","FAAt703","BEA_API"
1985,14,"Highways and streets",13279,"m1gtotl1sq00","6","FAAt703","BEA_API"
1986,14,"Highways and streets",14139,"m1gtotl1sq00","6","FAAt703","BEA_API"
1987,14,"Highways and streets",15247,"m1gtotl1sq00","6","FAAt703","BEA_API"
1988,14,"Highways and streets",15789,"m1gtotl1sq00","6","FAAt703","BEA_API"
1989,14,"Highways and streets",16187,"m1gtotl1sq00","6","FAAt703","BEA_API"
1990,14,"Highways and streets",17075,"m1gtotl1sq00","6","FAAt703","BEA_API"
1991,14,"Highways and streets",17701,"m1gtotl1sq00","6","FAAt703","BEA_API"
1992,14,"Highways and streets",18034,"m1gtotl1sq00","6","FAAt703","BEA_API"
1993,14,"Highways and streets",18572,"m1gtotl1sq00","6","FAAt703","BEA_API"
1994,14,"Highways and streets",19439,"m1gtotl1sq00","6","FAAt703","BEA_API"
1995,14,"Highways and streets",20863,"m1gtotl1sq00","6","FAAt703","BEA_API"
1996,14,"Highways and streets",22121,"m1gtotl1sq00","6","FAAt703","BEA_API"
1997,14,"Highways and streets",23376,"m1gtotl1sq00","6","FAAt703","BEA_API"
1998,14,"Highways and streets",24281,"m1gtotl1sq00","6","FAAt703","BEA_API"
1999,14,"Highways and streets",25620,"m1gtotl1sq00","6","FAAt703","BEA_API"
2000,14,"Highways and streets",27438,"m1gtotl1sq00","6","FAAt703","BEA_API"
2001,14,"Highways and streets",29023,"m1gtotl1sq00","6","FAAt703","BEA_API"
2002,14,"Highways and streets",30413,"m1gtotl1sq00","6","FAAt703","BEA_API"
2003,14,"Highways and streets",31552,"m1gtotl1sq00","6","FAAt703","BEA_API"
2004,14,"Highways and streets",33719,"m1gtotl1sq00","6","FAAt703","BEA_API"
2005,14,"Highways and streets",38750,"m1gtotl1sq00","6","FAAt703","BEA_API"
2006,14,"Highways and streets",43466,"m1gtotl1sq00","6","FAAt703","BEA_API"
2007,14,"Highways and streets",49849,"m1gtotl1sq00","6","FAAt703","BEA_API"
2008,14,"Highways and streets",54707,"m1gtotl1sq00","6","FAAt703","BEA_API"
2009,14,"Highways and streets",56240,"m1gtotl1sq00","6","FAAt703","BEA_API"
2010,14,"Highways and streets",57538,"m1gtotl1sq00","6","FAAt703","BEA_API"
2011,14,"Highways and streets",60712,"m1gtotl1sq00","6","FAAt703","BEA_API"
2012,14,"Highways and streets",64185,"m1gtotl1sq00","6","FAAt703","BEA_API"
2013,14,"Highways and streets",66226,"m1gtotl1sq00","6","FAAt703","BEA_API"
2014,14,"Highways and streets",67432,"m1gtotl1sq00","6","FAAt703","BEA_API"
2015,14,"Highways and streets",67868,"m1gtotl1sq00","6","FAAt703","BEA_API"
2016,14,"Highways and streets",68585,"m1gtotl1sq00","6","FAAt703","BEA_API"
2017,14,"Highways and streets",71255,"m1gtotl1sq00","6","FAAt703","BEA_API"
2018,14,"Highways and streets",75271,"m1gtotl1sq00","6","FAAt703","BEA_API"
2019,14,"Highways and streets",77456,"m1gtotl1sq00","6","FAAt703","BEA_API"
2020,14,"Highways and streets",77507,"m1gtotl1sq00","6","FAAt703","BEA_API"
2021,14,"Highways and streets",85535,"m1gtotl1sq00","6","FAAt703","BEA_API"
2022,14,"Highways and streets",94165,"m1gtotl1sq00","6","FAAt703","BEA_API"
2023,14,"Highways and streets",96790,"m1gtotl1sq00","6","FAAt703","BEA_API"
2024,14,"Highways and streets",99790,"m1gtotl1sq00","6","FAAt703","BEA_API"
1925,15,"Military facilities",82,"m1gtotl1sm00","6","FAAt703","BEA_API"
1926,15,"Military facilities",82,"m1gtotl1sm00","6","FAAt703","BEA_API"
1927,15,"Military facilities",80,"m1gtotl1sm00","6","FAAt703","BEA_API"
1928,15,"Military facilities",75,"m1gtotl1sm00","6","FAAt703","BEA_API"
1929,15,"Military facilities",73,"m1gtotl1sm00","6","FAAt703","BEA_API"
1930,15,"Military facilities",67,"m1gtotl1sm00","6","FAAt703","BEA_API"
1931,15,"Military facilities",60,"m1gtotl1sm00","6","FAAt703","BEA_API"
1932,15,"Military facilities",51,"m1gtotl1sm00","6","FAAt703","BEA_API"
1933,15,"Military facilities",54,"m1gtotl1sm00","6","FAAt703","BEA_API"
1934,15,"Military facilities",60,"m1gtotl1sm00","6","FAAt703","BEA_API"
1935,15,"Military facilities",60,"m1gtotl1sm00","6","FAAt703","BEA_API"
1936,15,"Military facilities",66,"m1gtotl1sm00","6","FAAt703","BEA_API"
1937,15,"Military facilities",70,"m1gtotl1sm00","6","FAAt703","BEA_API"
1938,15,"Military facilities",69,"m1gtotl1sm00","6","FAAt703","BEA_API"
1939,15,"Military facilities",71,"m1gtotl1sm00","6","FAAt703","BEA_API"
1940,15,"Military facilities",76,"m1gtotl1sm00","6","FAAt703","BEA_API"
1941,15,"Military facilities",104,"m1gtotl1sm00","6","FAAt703","BEA_API"
1942,15,"Military facilities",202,"m1gtotl1sm00","6","FAAt703","BEA_API"
1943,15,"Military facilities",310,"m1gtotl1sm00","6","FAAt703","BEA_API"
1944,15,"Military facilities",331,"m1gtotl1sm00","6","FAAt703","BEA_API"
1945,15,"Military facilities",346,"m1gtotl1sm00","6","FAAt703","BEA_API"
1946,15,"Military facilities",406,"m1gtotl1sm00","6","FAAt703","BEA_API"
1947,15,"Military facilities",480,"m1gtotl1sm00","6","FAAt703","BEA_API"
1948,15,"Military facilities",499,"m1gtotl1sm00","6","FAAt703","BEA_API"
1949,15,"Military facilities",486,"m1gtotl1sm00","6","FAAt703","BEA_API"
1950,15,"Military facilities",464,"m1gtotl1sm00","6","FAAt703","BEA_API"
1951,15,"Military facilities",591,"m1gtotl1sm00","6","FAAt703","BEA_API"
1952,15,"Military facilities",629,"m1gtotl1sm00","6","FAAt703","BEA_API"
1953,15,"Military facilities",663,"m1gtotl1sm00","6","FAAt703","BEA_API"
1954,15,"Military facilities",597,"m1gtotl1sm00","6","FAAt703","BEA_API"
1955,15,"Military facilities",615,"m1gtotl1sm00","6","FAAt703","BEA_API"
1956,15,"Military facilities",683,"m1gtotl1sm00","6","FAAt703","BEA_API"
1957,15,"Military facilities",727,"m1gtotl1sm00","6","FAAt703","BEA_API"
1958,15,"Military facilities",757,"m1gtotl1sm00","6","FAAt703","BEA_API"
1959,15,"Military facilities",795,"m1gtotl1sm00","6","FAAt703","BEA_API"
1960,15,"Military facilities",804,"m1gtotl1sm00","6","FAAt703","BEA_API"
1961,15,"Military facilities",824,"m1gtotl1sm00","6","FAAt703","BEA_API"
1962,15,"Military facilities",856,"m1gtotl1sm00","6","FAAt703","BEA_API"
1963,15,"Military facilities",882,"m1gtotl1sm00","6","FAAt703","BEA_API"
1964,15,"Military facilities",896,"m1gtotl1sm00","6","FAAt703","BEA_API"
1965,15,"Military facilities",911,"m1gtotl1sm00","6","FAAt703","BEA_API"
1966,15,"Military facilities",920,"m1gtotl1sm00","6","FAAt703","BEA_API"
1967,15,"Military facilities",975,"m1gtotl1sm00","6","FAAt703","BEA_API"
1968,15,"Military facilities",1043,"m1gtotl1sm00","6","FAAt703","BEA_API"
1969,15,"Military facilities",1121,"m1gtotl1sm00","6","FAAt703","BEA_API"
1970,15,"Military facilities",1217,"m1gtotl1sm00","6","FAAt703","BEA_API"
1971,15,"Military facilities",1332,"m1gtotl1sm00","6","FAAt703","BEA_API"
1972,15,"Military facilities",1486,"m1gtotl1sm00","6","FAAt703","BEA_API"
1973,15,"Military facilities",1859,"m1gtotl1sm00","6","FAAt703","BEA_API"
1974,15,"Military facilities",2148,"m1gtotl1sm00","6","FAAt703","BEA_API"
1975,15,"Military facilities",2374,"m1gtotl1sm00","6","FAAt703","BEA_API"
1976,15,"Military facilities",2487,"m1gtotl1sm00","6","FAAt703","BEA_API"
1977,15,"Military facilities",2661,"m1gtotl1sm00","6","FAAt703","BEA_API"
1978,15,"Military facilities",2740,"m1gtotl1sm00","6","FAAt703","BEA_API"
1979,15,"Military facilities",3080,"m1gtotl1sm00","6","FAAt703","BEA_API"
1980,15,"Military facilities",3345,"m1gtotl1sm00","6","FAAt703","BEA_API"
1981,15,"Military facilities",3516,"m1gtotl1sm00","6","FAAt703","BEA_API"
1982,15,"Military facilities",3488,"m1gtotl1sm00","6","FAAt703","BEA_API"
1983,15,"Military facilities",3475,"m1gtotl1sm00","6","FAAt703","BEA_API"
1984,15,"Military facilities",3607,"m1gtotl1sm00","6","FAAt703","BEA_API"
1985,15,"Military facilities",3808,"m1gtotl1sm00","6","FAAt703","BEA_API"
1986,15,"Military facilities",4016,"m1gtotl1sm00","6","FAAt703","BEA_API"
1987,15,"Military facilities",4201,"m1gtotl1sm00","6","FAAt703","BEA_API"
1988,15,"Military facilities",4250,"m1gtotl1sm00","6","FAAt703","BEA_API"
1989,15,"Military facilities",4424,"m1gtotl1sm00","6","FAAt703","BEA_API"
1990,15,"Military facilities",4532,"m1gtotl1sm00","6","FAAt703","BEA_API"
1991,15,"Military facilities",4675,"m1gtotl1sm00","6","FAAt703","BEA_API"
1992,15,"Military facilities",4893,"m1gtotl1sm00","6","FAAt703","BEA_API"
1993,15,"Military facilities",5192,"m1gtotl1sm00","6","FAAt703","BEA_API"
1994,15,"Military facilities",5333,"m1gtotl1sm00","6","FAAt703","BEA_API"
1995,15,"Military facilities",5543,"m1gtotl1sm00","6","FAAt703","BEA_API"
1996,15,"Military facilities",5679,"m1gtotl1sm00","6","FAAt703","BEA_API"
1997,15,"Military facilities",5830,"m1gtotl1sm00","6","FAAt703","BEA_API"
1998,15,"Military facilities",5961,"m1gtotl1sm00","6","FAAt703","BEA_API"
1999,15,"Military facilities",6154,"m1gtotl1sm00","6","FAAt703","BEA_API"
2000,15,"Military facilities",6372,"m1gtotl1sm00","6","FAAt703","BEA_API"
2001,15,"Military facilities",6568,"m1gtotl1sm00","6","FAAt703","BEA_API"
2002,15,"Military facilities",6685,"m1gtotl1sm00","6","FAAt703","BEA_API"
2003,15,"Military facilities",6812,"m1gtotl1sm00","6","FAAt703","BEA_API"
2004,15,"Military facilities",7109,"m1gtotl1sm00","6","FAAt703","BEA_API"
2005,15,"Military facilities",7763,"m1gtotl1sm00","6","FAAt703","BEA_API"
2006,15,"Military facilities",8476,"m1gtotl1sm00","6","FAAt703","BEA_API"
2007,15,"Military facilities",9117,"m1gtotl1sm00","6","FAAt703","BEA_API"
2008,15,"Military facilities",9682,"m1gtotl1sm00","6","FAAt703","BEA_API"
2009,15,"Military facilities",9641,"m1gtotl1sm00","6","FAAt703","BEA_API"
2010,15,"Military facilities",9690,"m1gtotl1sm00","6","FAAt703","BEA_API"
2011,15,"Military facilities",10064,"m1gtotl1sm00","6","FAAt703","BEA_API"
2012,15,"Military facilities",10340,"m1gtotl1sm00","6","FAAt703","BEA_API"
2013,15,"Military facilities",10566,"m1gtotl1sm00","6","FAAt703","BEA_API"
2014,15,"Military facilities",10836,"m1gtotl1sm00","6","FAAt703","BEA_API"
2015,15,"Military facilities",10853,"m1gtotl1sm00","6","FAAt703","BEA_API"
2016,15,"Military facilities",10967,"m1gtotl1sm00","6","FAAt703","BEA_API"
2017,15,"Military facilities",11253,"m1gtotl1sm00","6","FAAt703","BEA_API"
2018,15,"Military facilities",11607,"m1gtotl1sm00","6","FAAt703","BEA_API"
2019,15,"Military facilities",11749,"m1gtotl1sm00","6","FAAt703","BEA_API"
2020,15,"Military facilities",11859,"m1gtotl1sm00","6","FAAt703","BEA_API"
2021,15,"Military facilities",12987,"m1gtotl1sm00","6","FAAt703","BEA_API"
2022,15,"Military facilities",14196,"m1gtotl1sm00","6","FAAt703","BEA_API"
2023,15,"Military facilities",14615,"m1gtotl1sm00","6","FAAt703","BEA_API"
2024,15,"Military facilities",14978,"m1gtotl1sm00","6","FAAt703","BEA_API"
1925,16,"Conservation and development",19,"m1gtotl1sv00","6","FAAt703","BEA_API"
1926,16,"Conservation and development",19,"m1gtotl1sv00","6","FAAt703","BEA_API"
1927,16,"Conservation and development",20,"m1gtotl1sv00","6","FAAt703","BEA_API"
1928,16,"Conservation and development",20,"m1gtotl1sv00","6","FAAt703","BEA_API"
1929,16,"Conservation and development",22,"m1gtotl1sv00","6","FAAt703","BEA_API"
1930,16,"Conservation and development",23,"m1gtotl1sv00","6","FAAt703","BEA_API"
1931,16,"Conservation and development",24,"m1gtotl1sv00","6","FAAt703","BEA_API"
1932,16,"Conservation and development",22,"m1gtotl1sv00","6","FAAt703","BEA_API"
1933,16,"Conservation and development",24,"m1gtotl1sv00","6","FAAt703","BEA_API"
1934,16,"Conservation and development",33,"m1gtotl1sv00","6","FAAt703","BEA_API"
1935,16,"Conservation and development",37,"m1gtotl1sv00","6","FAAt703","BEA_API"
1936,16,"Conservation and development",50,"m1gtotl1sv00","6","FAAt703","BEA_API"
1937,16,"Conservation and development",61,"m1gtotl1sv00","6","FAAt703","BEA_API"
1938,16,"Conservation and development",71,"m1gtotl1sv00","6","FAAt703","BEA_API"
1939,16,"Conservation and development",73,"m1gtotl1sv00","6","FAAt703","BEA_API"
1940,16,"Conservation and development",77,"m1gtotl1sv00","6","FAAt703","BEA_API"
1941,16,"Conservation and development",86,"m1gtotl1sv00","6","FAAt703","BEA_API"
1942,16,"Conservation and development",84,"m1gtotl1sv00","6","FAAt703","BEA_API"
1943,16,"Conservation and development",99,"m1gtotl1sv00","6","FAAt703","BEA_API"
1944,16,"Conservation and development",105,"m1gtotl1sv00","6","FAAt703","BEA_API"
1945,16,"Conservation and development",104,"m1gtotl1sv00","6","FAAt703","BEA_API"
1946,16,"Conservation and development",152,"m1gtotl1sv00","6","FAAt703","BEA_API"
1947,16,"Conservation and development",180,"m1gtotl1sv00","6","FAAt703","BEA_API"
1948,16,"Conservation and development",196,"m1gtotl1sv00","6","FAAt703","BEA_API"
1949,16,"Conservation and development",203,"m1gtotl1sv00","6","FAAt703","BEA_API"
1950,16,"Conservation and development",195,"m1gtotl1sv00","6","FAAt703","BEA_API"
1951,16,"Conservation and development",207,"m1gtotl1sv00","6","FAAt703","BEA_API"
1952,16,"Conservation and development",219,"m1gtotl1sv00","6","FAAt703","BEA_API"
1953,16,"Conservation and development",227,"m1gtotl1sv00","6","FAAt703","BEA_API"
1954,16,"Conservation and development",229,"m1gtotl1sv00","6","FAAt703","BEA_API"
1955,16,"Conservation and development",235,"m1gtotl1sv00","6","FAAt703","BEA_API"
1956,16,"Conservation and development",261,"m1gtotl1sv00","6","FAAt703","BEA_API"
1957,16,"Conservation and development",286,"m1gtotl1sv00","6","FAAt703","BEA_API"
1958,16,"Conservation and development",294,"m1gtotl1sv00","6","FAAt703","BEA_API"
1959,16,"Conservation and development",297,"m1gtotl1sv00","6","FAAt703","BEA_API"
1960,16,"Conservation and development",307,"m1gtotl1sv00","6","FAAt703","BEA_API"
1961,16,"Conservation and development",323,"m1gtotl1sv00","6","FAAt703","BEA_API"
1962,16,"Conservation and development",340,"m1gtotl1sv00","6","FAAt703","BEA_API"
1963,16,"Conservation and development",360,"m1gtotl1sv00","6","FAAt703","BEA_API"
1964,16,"Conservation and development",383,"m1gtotl1sv00","6","FAAt703","BEA_API"
1965,16,"Conservation and development",409,"m1gtotl1sv00","6","FAAt703","BEA_API"
1966,16,"Conservation and development",440,"m1gtotl1sv00","6","FAAt703","BEA_API"
1967,16,"Conservation and development",474,"m1gtotl1sv00","6","FAAt703","BEA_API"
1968,16,"Conservation and development",514,"m1gtotl1sv00","6","FAAt703","BEA_API"
1969,16,"Conservation and development",556,"m1gtotl1sv00","6","FAAt703","BEA_API"
1970,16,"Conservation and development",614,"m1gtotl1sv00","6","FAAt703","BEA_API"
1971,16,"Conservation and development",673,"m1gtotl1sv00","6","FAAt703","BEA_API"
1972,16,"Conservation and development",731,"m1gtotl1sv00","6","FAAt703","BEA_API"
1973,16,"Conservation and development",787,"m1gtotl1sv00","6","FAAt703","BEA_API"
1974,16,"Conservation and development",880,"m1gtotl1sv00","6","FAAt703","BEA_API"
1975,16,"Conservation and development",1055,"m1gtotl1sv00","6","FAAt703","BEA_API"
1976,16,"Conservation and development",1154,"m1gtotl1sv00","6","FAAt703","BEA_API"
1977,16,"Conservation and development",1231,"m1gtotl1sv00","6","FAAt703","BEA_API"
1978,16,"Conservation and development",1315,"m1gtotl1sv00","6","FAAt703","BEA_API"
1979,16,"Conservation and development",1442,"m1gtotl1sv00","6","FAAt703","BEA_API"
1980,16,"Conservation and development",1606,"m1gtotl1sv00","6","FAAt703","BEA_API"
1981,16,"Conservation and development",1786,"m1gtotl1sv00","6","FAAt703","BEA_API"
1982,16,"Conservation and development",1938,"m1gtotl1sv00","6","FAAt703","BEA_API"
1983,16,"Conservation and development",2000,"m1gtotl1sv00","6","FAAt703","BEA_API"
1984,16,"Conservation and development",2041,"m1gtotl1sv00","6","FAAt703","BEA_API"
1985,16,"Conservation and development",2091,"m1gtotl1sv00","6","FAAt703","BEA_API"
1986,16,"Conservation and development",2133,"m1gtotl1sv00","6","FAAt703","BEA_API"
1987,16,"Conservation and development",2173,"m1gtotl1sv00","6","FAAt703","BEA_API"
1988,16,"Conservation and development",2240,"m1gtotl1sv00","6","FAAt703","BEA_API"
1989,16,"Conservation and development",2346,"m1gtotl1sv00","6","FAAt703","BEA_API"
1990,16,"Conservation and development",2452,"m1gtotl1sv00","6","FAAt703","BEA_API"
1991,16,"Conservation and development",2546,"m1gtotl1sv00","6","FAAt703","BEA_API"
1992,16,"Conservation and development",2599,"m1gtotl1sv00","6","FAAt703","BEA_API"
1993,16,"Conservation and development",2660,"m1gtotl1sv00","6","FAAt703","BEA_API"
1994,16,"Conservation and development",2758,"m1gtotl1sv00","6","FAAt703","BEA_API"
1995,16,"Conservation and development",2893,"m1gtotl1sv00","6","FAAt703","BEA_API"
1996,16,"Conservation and development",3063,"m1gtotl1sv00","6","FAAt703","BEA_API"
1997,16,"Conservation and development",3236,"m1gtotl1sv00","6","FAAt703","BEA_API"
1998,16,"Conservation and development",3299,"m1gtotl1sv00","6","FAAt703","BEA_API"
1999,16,"Conservation and development",3356,"m1gtotl1sv00","6","FAAt703","BEA_API"
2000,16,"Conservation and development",3483,"m1gtotl1sv00","6","FAAt703","BEA_API"
2001,16,"Conservation and development",3571,"m1gtotl1sv00","6","FAAt703","BEA_API"
2002,16,"Conservation and development",3639,"m1gtotl1sv00","6","FAAt703","BEA_API"
2003,16,"Conservation and development",3768,"m1gtotl1sv00","6","FAAt703","BEA_API"
2004,16,"Conservation and development",3960,"m1gtotl1sv00","6","FAAt703","BEA_API"
2005,16,"Conservation and development",4286,"m1gtotl1sv00","6","FAAt703","BEA_API"
2006,16,"Conservation and development",4551,"m1gtotl1sv00","6","FAAt703","BEA_API"
2007,16,"Conservation and development",4791,"m1gtotl1sv00","6","FAAt703","BEA_API"
2008,16,"Conservation and development",5100,"m1gtotl1sv00","6","FAAt703","BEA_API"
2009,16,"Conservation and development",5268,"m1gtotl1sv00","6","FAAt703","BEA_API"
2010,16,"Conservation and development",5327,"m1gtotl1sv00","6","FAAt703","BEA_API"
2011,16,"Conservation and development",5602,"m1gtotl1sv00","6","FAAt703","BEA_API"
2012,16,"Conservation and development",5882,"m1gtotl1sv00","6","FAAt703","BEA_API"
2013,16,"Conservation and development",6008,"m1gtotl1sv00","6","FAAt703","BEA_API"
2014,16,"Conservation and development",6100,"m1gtotl1sv00","6","FAAt703","BEA_API"
2015,16,"Conservation and development",6183,"m1gtotl1sv00","6","FAAt703","BEA_API"
2016,16,"Conservation and development",6201,"m1gtotl1sv00","6","FAAt703","BEA_API"
2017,16,"Conservation and development",6444,"m1gtotl1sv00","6","FAAt703","BEA_API"
2018,16,"Conservation and development",6754,"m1gtotl1sv00","6","FAAt703","BEA_API"
2019,16,"Conservation and development",7070,"m1gtotl1sv00","6","FAAt703","BEA_API"
2020,16,"Conservation and development",7194,"m1gtotl1sv00","6","FAAt703","BEA_API"
2021,16,"Conservation and development",7561,"m1gtotl1sv00","6","FAAt703","BEA_API"
2022,16,"Conservation and development",8578,"m1gtotl1sv00","6","FAAt703","BEA_API"
2023,16,"Conservation and development",9133,"m1gtotl1sv00","6","FAAt703","BEA_API"
2024,16,"Conservation and development",9333,"m1gtotl1sv00","6","FAAt703","BEA_API"
1925,17,"Other structures",54,"m1gtotl1sx00","6","FAAt703","BEA_API"
1926,17,"Other structures",58,"m1gtotl1sx00","6","FAAt703","BEA_API"
1927,17,"Other structures",61,"m1gtotl1sx00","6","FAAt703","BEA_API"
1928,17,"Other structures",65,"m1gtotl1sx00","6","FAAt703","BEA_API"
1929,17,"Other structures",70,"m1gtotl1sx00","6","FAAt703","BEA_API"
1930,17,"Other structures",72,"m1gtotl1sx00","6","FAAt703","BEA_API"
1931,17,"Other structures",70,"m1gtotl1sx00","6","FAAt703","BEA_API"
1932,17,"Other structures",61,"m1gtotl1sx00","6","FAAt703","BEA_API"
1933,17,"Other structures",65,"m1gtotl1sx00","6","FAAt703","BEA_API"
1934,17,"Other structures",79,"m1gtotl1sx00","6","FAAt703","BEA_API"
1935,17,"Other structures",79,"m1gtotl1sx00","6","FAAt703","BEA_API"
1936,17,"Other structures",91,"m1gtotl1sx00","6","FAAt703","BEA_API"
1937,17,"Other structures",101,"m1gtotl1sx00","6","FAAt703","BEA_API"
1938,17,"Other structures",109,"m1gtotl1sx00","6","FAAt703","BEA_API"
1939,17,"Other structures",110,"m1gtotl1sx00","6","FAAt703","BEA_API"
1940,17,"Other structures",115,"m1gtotl1sx00","6","FAAt703","BEA_API"
1941,17,"Other structures",125,"m1gtotl1sx00","6","FAAt703","BEA_API"
1942,17,"Other structures",131,"m1gtotl1sx00","6","FAAt703","BEA_API"
1943,17,"Other structures",130,"m1gtotl1sx00","6","FAAt703","BEA_API"
1944,17,"Other structures",151,"m1gtotl1sx00","6","FAAt703","BEA_API"
1945,17,"Other structures",147,"m1gtotl1sx00","6","FAAt703","BEA_API"
1946,17,"Other structures",155,"m1gtotl1sx00","6","FAAt703","BEA_API"
1947,17,"Other structures",188,"m1gtotl1sx00","6","FAAt703","BEA_API"
1948,17,"Other structures",220,"m1gtotl1sx00","6","FAAt703","BEA_API"
1949,17,"Other structures",232,"m1gtotl1sx00","6","FAAt703","BEA_API"
1950,17,"Other structures",251,"m1gtotl1sx00","6","FAAt703","BEA_API"
1951,17,"Other structures",275,"m1gtotl1sx00","6","FAAt703","BEA_API"
1952,17,"Other structures",292,"m1gtotl1sx00","6","FAAt703","BEA_API"
1953,17,"Other structures",317,"m1gtotl1sx00","6","FAAt703","BEA_API"
1954,17,"Other structures",334,"m1gtotl1sx00","6","FAAt703","BEA_API"
1955,17,"Other structures",358,"m1gtotl1sx00","6","FAAt703","BEA_API"
1956,17,"Other structures",398,"m1gtotl1sx00","6","FAAt703","BEA_API"
1957,17,"Other structures",438,"m1gtotl1sx00","6","FAAt703","BEA_API"
1958,17,"Other structures",466,"m1gtotl1sx00","6","FAAt703","BEA_API"
1959,17,"Other structures",440,"m1gtotl1sx00","6","FAAt703","BEA_API"
1960,17,"Other structures",461,"m1gtotl1sx00","6","FAAt703","BEA_API"
1961,17,"Other structures",483,"m1gtotl1sx00","6","FAAt703","BEA_API"
1962,17,"Other structures",510,"m1gtotl1sx00","6","FAAt703","BEA_API"
1963,17,"Other structures",537,"m1gtotl1sx00","6","FAAt703","BEA_API"
1964,17,"Other structures",567,"m1gtotl1sx00","6","FAAt703","BEA_API"
1965,17,"Other structures",609,"m1gtotl1sx00","6","FAAt703","BEA_API"
1966,17,"Other structures",659,"m1gtotl1sx00","6","FAAt703","BEA_API"
1967,17,"Other structures",705,"m1gtotl1sx00","6","FAAt703","BEA_API"
1968,17,"Other structures",769,"m1gtotl1sx00","6","FAAt703","BEA_API"
1969,17,"Other structures",848,"m1gtotl1sx00","6","FAAt703","BEA_API"
1970,17,"Other structures",940,"m1gtotl1sx00","6","FAAt703","BEA_API"
1971,17,"Other structures",1065,"m1gtotl1sx00","6","FAAt703","BEA_API"
1972,17,"Other structures",1200,"m1gtotl1sx00","6","FAAt703","BEA_API"
1973,17,"Other structures",1327,"m1gtotl1sx00","6","FAAt703","BEA_API"
1974,17,"Other structures",1575,"m1gtotl1sx00","6","FAAt703","BEA_API"
1975,17,"Other structures",1879,"m1gtotl1sx00","6","FAAt703","BEA_API"
1976,17,"Other structures",2057,"m1gtotl1sx00","6","FAAt703","BEA_API"
1977,17,"Other structures",2245,"m1gtotl1sx00","6","FAAt703","BEA_API"
1978,17,"Other structures",2536,"m1gtotl1sx00","6","FAAt703","BEA_API"
1979,17,"Other structures",2881,"m1gtotl1sx00","6","FAAt703","BEA_API"
1980,17,"Other structures",3301,"m1gtotl1sx00","6","FAAt703","BEA_API"
1981,17,"Other structures",3633,"m1gtotl1sx00","6","FAAt703","BEA_API"
1982,17,"Other structures",3822,"m1gtotl1sx00","6","FAAt703","BEA_API"
1983,17,"Other structures",4023,"m1gtotl1sx00","6","FAAt703","BEA_API"
1984,17,"Other structures",4232,"m1gtotl1sx00","6","FAAt703","BEA_API"
1985,17,"Other structures",4420,"m1gtotl1sx00","6","FAAt703","BEA_API"
1986,17,"Other structures",4615,"m1gtotl1sx00","6","FAAt703","BEA_API"
1987,17,"Other structures",4819,"m1gtotl1sx00","6","FAAt703","BEA_API"
1988,17,"Other structures",5117,"m1gtotl1sx00","6","FAAt703","BEA_API"
1989,17,"Other structures",5415,"m1gtotl1sx00","6","FAAt703","BEA_API"
1990,17,"Other structures",5673,"m1gtotl1sx00","6","FAAt703","BEA_API"
1991,17,"Other structures",5818,"m1gtotl1sx00","6","FAAt703","BEA_API"
1992,17,"Other structures",6082,"m1gtotl1sx00","6","FAAt703","BEA_API"
1993,17,"Other structures",6512,"m1gtotl1sx00","6","FAAt703","BEA_API"
1994,17,"Other structures",6911,"m1gtotl1sx00","6","FAAt703","BEA_API"
1995,17,"Other structures",7220,"m1gtotl1sx00","6","FAAt703","BEA_API"
1996,17,"Other structures",7521,"m1gtotl1sx00","6","FAAt703","BEA_API"
1997,17,"Other structures",7863,"m1gtotl1sx00","6","FAAt703","BEA_API"
1998,17,"Other structures",8123,"m1gtotl1sx00","6","FAAt703","BEA_API"
1999,17,"Other structures",8563,"m1gtotl1sx00","6","FAAt703","BEA_API"
2000,17,"Other structures",9083,"m1gtotl1sx00","6","FAAt703","BEA_API"
2001,17,"Other structures",9598,"m1gtotl1sx00","6","FAAt703","BEA_API"
2002,17,"Other structures",9978,"m1gtotl1sx00","6","FAAt703","BEA_API"
2003,17,"Other structures",10379,"m1gtotl1sx00","6","FAAt703","BEA_API"
2004,17,"Other structures",11257,"m1gtotl1sx00","6","FAAt703","BEA_API"
2005,17,"Other structures",12490,"m1gtotl1sx00","6","FAAt703","BEA_API"
2006,17,"Other structures",13680,"m1gtotl1sx00","6","FAAt703","BEA_API"
2007,17,"Other structures",14852,"m1gtotl1sx00","6","FAAt703","BEA_API"
2008,17,"Other structures",15701,"m1gtotl1sx00","6","FAAt703","BEA_API"
2009,17,"Other structures",15996,"m1gtotl1sx00","6","FAAt703","BEA_API"
2010,17,"Other structures",16789,"m1gtotl1sx00","6","FAAt703","BEA_API"
2011,17,"Other structures",17769,"m1gtotl1sx00","6","FAAt703","BEA_API"
2012,17,"Other structures",18632,"m1gtotl1sx00","6","FAAt703","BEA_API"
2013,17,"Other structures",19194,"m1gtotl1sx00","6","FAAt703","BEA_API"
2014,17,"Other structures",19958,"m1gtotl1sx00","6","FAAt703","BEA_API"
2015,17,"Other structures",20654,"m1gtotl1sx00","6","FAAt703","BEA_API"
2016,17,"Other structures",21222,"m1gtotl1sx00","6","FAAt703","BEA_API"
2017,17,"Other structures",22036,"m1gtotl1sx00","6","FAAt703","BEA_API"
2018,17,"Other structures",23026,"m1gtotl1sx00","6","FAAt703","BEA_API"
2019,17,"Other structures",24027,"m1gtotl1sx00","6","FAAt703","BEA_API"
2020,17,"Other structures",24553,"m1gtotl1sx00","6","FAAt703","BEA_API"
2021,17,"Other structures",27034,"m1gtotl1sx00","6","FAAt703","BEA_API"
2022,17,"Other structures",31480,"m1gtotl1sx00","6","FAAt703","BEA_API"
2023,17,"Other structures",33584,"m1gtotl1sx00","6","FAAt703","BEA_API"
2024,17,"Other structures",34410,"m1gtotl1sx00","6","FAAt703","BEA_API"
1925,18,"Intellectual property products",13,"m1gtotl1ip00","6","FAAt703","BEA_API"
1926,18,"Intellectual property products",15,"m1gtotl1ip00","6","FAAt703","BEA_API"
1927,18,"Intellectual property products",16,"m1gtotl1ip00","6","FAAt703","BEA_API"
1928,18,"Intellectual property products",18,"m1gtotl1ip00","6","FAAt703","BEA_API"
1929,18,"Intellectual property products",22,"m1gtotl1ip00","6","FAAt703","BEA_API"
1930,18,"Intellectual property products",29,"m1gtotl1ip00","6","FAAt703","BEA_API"
1931,18,"Intellectual property products",37,"m1gtotl1ip00","6","FAAt703","BEA_API"
1932,18,"Intellectual property products",45,"m1gtotl1ip00","6","FAAt703","BEA_API"
1933,18,"Intellectual property products",52,"m1gtotl1ip00","6","FAAt703","BEA_API"
1934,18,"Intellectual property products",60,"m1gtotl1ip00","6","FAAt703","BEA_API"
1935,18,"Intellectual property products",61,"m1gtotl1ip00","6","FAAt703","BEA_API"
1936,18,"Intellectual property products",69,"m1gtotl1ip00","6","FAAt703","BEA_API"
1937,18,"Intellectual property products",77,"m1gtotl1ip00","6","FAAt703","BEA_API"
1938,18,"Intellectual property products",82,"m1gtotl1ip00","6","FAAt703","BEA_API"
1939,18,"Intellectual property products",85,"m1gtotl1ip00","6","FAAt703","BEA_API"
1940,18,"Intellectual property products",90,"m1gtotl1ip00","6","FAAt703","BEA_API"
1941,18,"Intellectual property products",111,"m1gtotl1ip00","6","FAAt703","BEA_API"
1942,18,"Intellectual property products",178,"m1gtotl1ip00","6","FAAt703","BEA_API"
1943,18,"Intellectual property products",295,"m1gtotl1ip00","6","FAAt703","BEA_API"
1944,18,"Intellectual property products",514,"m1gtotl1ip00","6","FAAt703","BEA_API"
1945,18,"Intellectual property products",687,"m1gtotl1ip00","6","FAAt703","BEA_API"
1946,18,"Intellectual property products",831,"m1gtotl1ip00","6","FAAt703","BEA_API"
1947,18,"Intellectual property products",989,"m1gtotl1ip00","6","FAAt703","BEA_API"
1948,18,"Intellectual property products",1087,"m1gtotl1ip00","6","FAAt703","BEA_API"
1949,18,"Intellectual property products",1204,"m1gtotl1ip00","6","FAAt703","BEA_API"
1950,18,"Intellectual property products",1322,"m1gtotl1ip00","6","FAAt703","BEA_API"
1951,18,"Intellectual property products",1531,"m1gtotl1ip00","6","FAAt703","BEA_API"
1952,18,"Intellectual property products",1674,"m1gtotl1ip00","6","FAAt703","BEA_API"
1953,18,"Intellectual property products",1848,"m1gtotl1ip00","6","FAAt703","BEA_API"
1954,18,"Intellectual property products",2031,"m1gtotl1ip00","6","FAAt703","BEA_API"
1955,18,"Intellectual property products",2309,"m1gtotl1ip00","6","FAAt703","BEA_API"
1956,18,"Intellectual property products",2737,"m1gtotl1ip00","6","FAAt703","BEA_API"
1957,18,"Intellectual property products",3279,"m1gtotl1ip00","6","FAAt703","BEA_API"
1958,18,"Intellectual property products",3875,"m1gtotl1ip00","6","FAAt703","BEA_API"
1959,18,"Intellectual property products",4434,"m1gtotl1ip00","6","FAAt703","BEA_API"
1960,18,"Intellectual property products",4973,"m1gtotl1ip00","6","FAAt703","BEA_API"
1961,18,"Intellectual property products",5539,"m1gtotl1ip00","6","FAAt703","BEA_API"
1962,18,"Intellectual property products",6120,"m1gtotl1ip00","6","FAAt703","BEA_API"
1963,18,"Intellectual property products",6738,"m1gtotl1ip00","6","FAAt703","BEA_API"
1964,18,"Intellectual property products",7474,"m1gtotl1ip00","6","FAAt703","BEA_API"
1965,18,"Intellectual property products",8099,"m1gtotl1ip00","6","FAAt703","BEA_API"
1966,18,"Intellectual property products",8828,"m1gtotl1ip00","6","FAAt703","BEA_API"
1967,18,"Intellectual property products",9641,"m1gtotl1ip00","6","FAAt703","BEA_API"
1968,18,"Intellectual property products",10669,"m1gtotl1ip00","6","FAAt703","BEA_API"
1969,18,"Intellectual property products",11798,"m1gtotl1ip00","6","FAAt703","BEA_API"
1970,18,"Intellectual property products",13133,"m1gtotl1ip00","6","FAAt703","BEA_API"
1971,18,"Intellectual property products",14350,"m1gtotl1ip00","6","FAAt703","BEA_API"
1972,18,"Intellectual property products",15367,"m1gtotl1ip00","6","FAAt703","BEA_API"
1973,18,"Intellectual property products",16765,"m1gtotl1ip00","6","FAAt703","BEA_API"
1974,18,"Intellectual property products",18855,"m1gtotl1ip00","6","FAAt703","BEA_API"
1975,18,"Intellectual property products",20760,"m1gtotl1ip00","6","FAAt703","BEA_API"
1976,18,"Intellectual property products",22186,"m1gtotl1ip00","6","FAAt703","BEA_API"
1977,18,"Intellectual property products",23922,"m1gtotl1ip00","6","FAAt703","BEA_API"
1978,18,"Intellectual property products",26036,"m1gtotl1ip00","6","FAAt703","BEA_API"
1979,18,"Intellectual property products",28890,"m1gtotl1ip00","6","FAAt703","BEA_API"
1980,18,"Intellectual property products",32759,"m1gtotl1ip00","6","FAAt703","BEA_API"
1981,18,"Intellectual property products",37161,"m1gtotl1ip00","6","FAAt703","BEA_API"
1982,18,"Intellectual property products",41569,"m1gtotl1ip00","6","FAAt703","BEA_API"
1983,18,"Intellectual property products",45499,"m1gtotl1ip00","6","FAAt703","BEA_API"
1984,18,"Intellectual property products",50154,"m1gtotl1ip00","6","FAAt703","BEA_API"
1985,18,"Intellectual property products",54839,"m1gtotl1ip00","6","FAAt703","BEA_API"
1986,18,"Intellectual property products",59377,"m1gtotl1ip00","6","FAAt703","BEA_API"
1987,18,"Intellectual property products",64252,"m1gtotl1ip00","6","FAAt703","BEA_API"
1988,18,"Intellectual property products",70631,"m1gtotl1ip00","6","FAAt703","BEA_API"
1989,18,"Intellectual property products",75948,"m1gtotl1ip00","6","FAAt703","BEA_API"
1990,18,"Intellectual property products",80396,"m1gtotl1ip00","6","FAAt703","BEA_API"
1991,18,"Intellectual property products",84833,"m1gtotl1ip00","6","FAAt703","BEA_API"
1992,18,"Intellectual property products",87041,"m1gtotl1ip00","6","FAAt703","BEA_API"
1993,18,"Intellectual property products",89286,"m1gtotl1ip00","6","FAAt703","BEA_API"
1994,18,"Intellectual property products",90843,"m1gtotl1ip00","6","FAAt703","BEA_API"
1995,18,"Intellectual property products",94005,"m1gtotl1ip00","6","FAAt703","BEA_API"
1996,18,"Intellectual property products",94657,"m1gtotl1ip00","6","FAAt703","BEA_API"
1997,18,"Intellectual property products",96504,"m1gtotl1ip00","6","FAAt703","BEA_API"
1998,18,"Intellectual property products",98212,"m1gtotl1ip00","6","FAAt703","BEA_API"
1999,18,"Intellectual property products",101476,"m1gtotl1ip00","6","FAAt703","BEA_API"
2000,18,"Intellectual property products",105987,"m1gtotl1ip00","6","FAAt703","BEA_API"
2001,18,"Intellectual property products",108400,"m1gtotl1ip00","6","FAAt703","BEA_API"
2002,18,"Intellectual property products",110761,"m1gtotl1ip00","6","FAAt703","BEA_API"
2003,18,"Intellectual property products",114951,"m1gtotl1ip00","6","FAAt703","BEA_API"
2004,18,"Intellectual property products",120638,"m1gtotl1ip00","6","FAAt703","BEA_API"
2005,18,"Intellectual property products",127406,"m1gtotl1ip00","6","FAAt703","BEA_API"
2006,18,"Intellectual property products",134193,"m1gtotl1ip00","6","FAAt703","BEA_API"
2007,18,"Intellectual property products",141945,"m1gtotl1ip00","6","FAAt703","BEA_API"
2008,18,"Intellectual property products",150548,"m1gtotl1ip00","6","FAAt703","BEA_API"
2009,18,"Intellectual property products",154524,"m1gtotl1ip00","6","FAAt703","BEA_API"
2010,18,"Intellectual property products",161100,"m1gtotl1ip00","6","FAAt703","BEA_API"
2011,18,"Intellectual property products",167818,"m1gtotl1ip00","6","FAAt703","BEA_API"
2012,18,"Intellectual property products",172508,"m1gtotl1ip00","6","FAAt703","BEA_API"
2013,18,"Intellectual property products",177250,"m1gtotl1ip00","6","FAAt703","BEA_API"
2014,18,"Intellectual property products",183693,"m1gtotl1ip00","6","FAAt703","BEA_API"
2015,18,"Intellectual property products",186745,"m1gtotl1ip00","6","FAAt703","BEA_API"
2016,18,"Intellectual property products",190413,"m1gtotl1ip00","6","FAAt703","BEA_API"
2017,18,"Intellectual property products",198485,"m1gtotl1ip00","6","FAAt703","BEA_API"
2018,18,"Intellectual property products",209153,"m1gtotl1ip00","6","FAAt703","BEA_API"
2019,18,"Intellectual property products",217894,"m1gtotl1ip00","6","FAAt703","BEA_API"
2020,18,"Intellectual property products",228442,"m1gtotl1ip00","6","FAAt703","BEA_API"
2021,18,"Intellectual property products",242010,"m1gtotl1ip00","6","FAAt703","BEA_API"
2022,18,"Intellectual property products",263810,"m1gtotl1ip00","6","FAAt703","BEA_API"
2023,18,"Intellectual property products",281257,"m1gtotl1ip00","6","FAAt703","BEA_API"
2024,18,"Intellectual property products",299606,"m1gtotl1ip00","6","FAAt703","BEA_API"
1959,19,"Software",0,"m1gtotl1ens0","6","FAAt703","BEA_API"
1960,19,"Software",6,"m1gtotl1ens0","6","FAAt703","BEA_API"
1961,19,"Software",18,"m1gtotl1ens0","6","FAAt703","BEA_API"
1962,19,"Software",31,"m1gtotl1ens0","6","FAAt703","BEA_API"
1963,19,"Software",50,"m1gtotl1ens0","6","FAAt703","BEA_API"
1964,19,"Software",76,"m1gtotl1ens0","6","FAAt703","BEA_API"
1965,19,"Software",102,"m1gtotl1ens0","6","FAAt703","BEA_API"
1966,19,"Software",141,"m1gtotl1ens0","6","FAAt703","BEA_API"
1967,19,"Software",192,"m1gtotl1ens0","6","FAAt703","BEA_API"
1968,19,"Software",252,"m1gtotl1ens0","6","FAAt703","BEA_API"
1969,19,"Software",330,"m1gtotl1ens0","6","FAAt703","BEA_API"
1970,19,"Software",455,"m1gtotl1ens0","6","FAAt703","BEA_API"
1971,19,"Software",581,"m1gtotl1ens0","6","FAAt703","BEA_API"
1972,19,"Software",694,"m1gtotl1ens0","6","FAAt703","BEA_API"
1973,19,"Software",841,"m1gtotl1ens0","6","FAAt703","BEA_API"
1974,19,"Software",1056,"m1gtotl1ens0","6","FAAt703","BEA_API"
1975,19,"Software",1315,"m1gtotl1ens0","6","FAAt703","BEA_API"
1976,19,"Software",1540,"m1gtotl1ens0","6","FAAt703","BEA_API"
1977,19,"Software",1763,"m1gtotl1ens0","6","FAAt703","BEA_API"
1978,19,"Software",1977,"m1gtotl1ens0","6","FAAt703","BEA_API"
1979,19,"Software",2369,"m1gtotl1ens0","6","FAAt703","BEA_API"
1980,19,"Software",2901,"m1gtotl1ens0","6","FAAt703","BEA_API"
1981,19,"Software",3568,"m1gtotl1ens0","6","FAAt703","BEA_API"
1982,19,"Software",4248,"m1gtotl1ens0","6","FAAt703","BEA_API"
1983,19,"Software",4895,"m1gtotl1ens0","6","FAAt703","BEA_API"
1984,19,"Software",5734,"m1gtotl1ens0","6","FAAt703","BEA_API"
1985,19,"Software",6692,"m1gtotl1ens0","6","FAAt703","BEA_API"
1986,19,"Software",7604,"m1gtotl1ens0","6","FAAt703","BEA_API"
1987,19,"Software",8618,"m1gtotl1ens0","6","FAAt703","BEA_API"
1988,19,"Software",9835,"m1gtotl1ens0","6","FAAt703","BEA_API"
1989,19,"Software",11197,"m1gtotl1ens0","6","FAAt703","BEA_API"
1990,19,"Software",12811,"m1gtotl1ens0","6","FAAt703","BEA_API"
1991,19,"Software",14519,"m1gtotl1ens0","6","FAAt703","BEA_API"
1992,19,"Software",15472,"m1gtotl1ens0","6","FAAt703","BEA_API"
1993,19,"Software",16832,"m1gtotl1ens0","6","FAAt703","BEA_API"
1994,19,"Software",17507,"m1gtotl1ens0","6","FAAt703","BEA_API"
1995,19,"Software",18301,"m1gtotl1ens0","6","FAAt703","BEA_API"
1996,19,"Software",18599,"m1gtotl1ens0","6","FAAt703","BEA_API"
1997,19,"Software",19236,"m1gtotl1ens0","6","FAAt703","BEA_API"
1998,19,"Software",20396,"m1gtotl1ens0","6","FAAt703","BEA_API"
1999,19,"Software",22344,"m1gtotl1ens0","6","FAAt703","BEA_API"
2000,19,"Software",24458,"m1gtotl1ens0","6","FAAt703","BEA_API"
2001,19,"Software",25790,"m1gtotl1ens0","6","FAAt703","BEA_API"
2002,19,"Software",26198,"m1gtotl1ens0","6","FAAt703","BEA_API"
2003,19,"Software",26220,"m1gtotl1ens0","6","FAAt703","BEA_API"
2004,19,"Software",26600,"m1gtotl1ens0","6","FAAt703","BEA_API"
2005,19,"Software",27634,"m1gtotl1ens0","6","FAAt703","BEA_API"
2006,19,"Software",28995,"m1gtotl1ens0","6","FAAt703","BEA_API"
2007,19,"Software",30401,"m1gtotl1ens0","6","FAAt703","BEA_API"
2008,19,"Software",32214,"m1gtotl1ens0","6","FAAt703","BEA_API"
2009,19,"Software",33157,"m1gtotl1ens0","6","FAAt703","BEA_API"
2010,19,"Software",33631,"m1gtotl1ens0","6","FAAt703","BEA_API"
2011,19,"Software",34961,"m1gtotl1ens0","6","FAAt703","BEA_API"
2012,19,"Software",36413,"m1gtotl1ens0","6","FAAt703","BEA_API"
2013,19,"Software",39020,"m1gtotl1ens0","6","FAAt703","BEA_API"
2014,19,"Software",42676,"m1gtotl1ens0","6","FAAt703","BEA_API"
2015,19,"Software",46000,"m1gtotl1ens0","6","FAAt703","BEA_API"
2016,19,"Software",49767,"m1gtotl1ens0","6","FAAt703","BEA_API"
2017,19,"Software",54774,"m1gtotl1ens0","6","FAAt703","BEA_API"
2018,19,"Software",60663,"m1gtotl1ens0","6","FAAt703","BEA_API"
2019,19,"Software",66711,"m1gtotl1ens0","6","FAAt703","BEA_API"
2020,19,"Software",72612,"m1gtotl1ens0","6","FAAt703","BEA_API"
2021,19,"Software",78809,"m1gtotl1ens0","6","FAAt703","BEA_API"
2022,19,"Software",87458,"m1gtotl1ens0","6","FAAt703","BEA_API"
2023,19,"Software",97188,"m1gtotl1ens0","6","FAAt703","BEA_API"
2024,19,"Software",106848,"m1gtotl1ens0","6","FAAt703","BEA_API"
1925,20,"Research and development",13,"m1gtotl1rd00","6","FAAt703","BEA_API"
1926,20,"Research and development",15,"m1gtotl1rd00","6","FAAt703","BEA_API"
1927,20,"Research and development",16,"m1gtotl1rd00","6","FAAt703","BEA_API"
1928,20,"Research and development",18,"m1gtotl1rd00","6","FAAt703","BEA_API"
1929,20,"Research and development",22,"m1gtotl1rd00","6","FAAt703","BEA_API"
1930,20,"Research and development",29,"m1gtotl1rd00","6","FAAt703","BEA_API"
1931,20,"Research and development",37,"m1gtotl1rd00","6","FAAt703","BEA_API"
1932,20,"Research and development",45,"m1gtotl1rd00","6","FAAt703","BEA_API"
1933,20,"Research and development",52,"m1gtotl1rd00","6","FAAt703","BEA_API"
1934,20,"Research and development",60,"m1gtotl1rd00","6","FAAt703","BEA_API"
1935,20,"Research and development",61,"m1gtotl1rd00","6","FAAt703","BEA_API"
1936,20,"Research and development",69,"m1gtotl1rd00","6","FAAt703","BEA_API"
1937,20,"Research and development",77,"m1gtotl1rd00","6","FAAt703","BEA_API"
1938,20,"Research and development",82,"m1gtotl1rd00","6","FAAt703","BEA_API"
1939,20,"Research and development",85,"m1gtotl1rd00","6","FAAt703","BEA_API"
1940,20,"Research and development",90,"m1gtotl1rd00","6","FAAt703","BEA_API"
1941,20,"Research and development",111,"m1gtotl1rd00","6","FAAt703","BEA_API"
1942,20,"Research and development",178,"m1gtotl1rd00","6","FAAt703","BEA_API"
1943,20,"Research and development",295,"m1gtotl1rd00","6","FAAt703","BEA_API"
1944,20,"Research and development",514,"m1gtotl1rd00","6","FAAt703","BEA_API"
1945,20,"Research and development",687,"m1gtotl1rd00","6","FAAt703","BEA_API"
1946,20,"Research and development",831,"m1gtotl1rd00","6","FAAt703","BEA_API"
1947,20,"Research and development",989,"m1gtotl1rd00","6","FAAt703","BEA_API"
1948,20,"Research and development",1087,"m1gtotl1rd00","6","FAAt703","BEA_API"
1949,20,"Research and development",1204,"m1gtotl1rd00","6","FAAt703","BEA_API"
1950,20,"Research and development",1322,"m1gtotl1rd00","6","FAAt703","BEA_API"
1951,20,"Research and development",1531,"m1gtotl1rd00","6","FAAt703","BEA_API"
1952,20,"Research and development",1674,"m1gtotl1rd00","6","FAAt703","BEA_API"
1953,20,"Research and development",1848,"m1gtotl1rd00","6","FAAt703","BEA_API"
1954,20,"Research and development",2031,"m1gtotl1rd00","6","FAAt703","BEA_API"
1955,20,"Research and development",2309,"m1gtotl1rd00","6","FAAt703","BEA_API"
1956,20,"Research and development",2737,"m1gtotl1rd00","6","FAAt703","BEA_API"
1957,20,"Research and development",3279,"m1gtotl1rd00","6","FAAt703","BEA_API"
1958,20,"Research and development",3875,"m1gtotl1rd00","6","FAAt703","BEA_API"
1959,20,"Research and development",4434,"m1gtotl1rd00","6","FAAt703","BEA_API"
1960,20,"Research and development",4967,"m1gtotl1rd00","6","FAAt703","BEA_API"
1961,20,"Research and development",5520,"m1gtotl1rd00","6","FAAt703","BEA_API"
1962,20,"Research and development",6089,"m1gtotl1rd00","6","FAAt703","BEA_API"
1963,20,"Research and development",6688,"m1gtotl1rd00","6","FAAt703","BEA_API"
1964,20,"Research and development",7398,"m1gtotl1rd00","6","FAAt703","BEA_API"
1965,20,"Research and development",7996,"m1gtotl1rd00","6","FAAt703","BEA_API"
1966,20,"Research and development",8687,"m1gtotl1rd00","6","FAAt703","BEA_API"
1967,20,"Research and development",9448,"m1gtotl1rd00","6","FAAt703","BEA_API"
1968,20,"Research and development",10417,"m1gtotl1rd00","6","FAAt703","BEA_API"
1969,20,"Research and development",11468,"m1gtotl1rd00","6","FAAt703","BEA_API"
1970,20,"Research and development",12678,"m1gtotl1rd00","6","FAAt703","BEA_API"
1971,20,"Research and development",13769,"m1gtotl1rd00","6","FAAt703","BEA_API"
1972,20,"Research and development",14673,"m1gtotl1rd00","6","FAAt703","BEA_API"
1973,20,"Research and development",15924,"m1gtotl1rd00","6","FAAt703","BEA_API"
1974,20,"Research and development",17798,"m1gtotl1rd00","6","FAAt703","BEA_API"
1975,20,"Research and development",19445,"m1gtotl1rd00","6","FAAt703","BEA_API"
1976,20,"Research and development",20647,"m1gtotl1rd00","6","FAAt703","BEA_API"
1977,20,"Research and development",22159,"m1gtotl1rd00","6","FAAt703","BEA_API"
1978,20,"Research and development",24059,"m1gtotl1rd00","6","FAAt703","BEA_API"
1979,20,"Research and development",26521,"m1gtotl1rd00","6","FAAt703","BEA_API"
1980,20,"Research and development",29858,"m1gtotl1rd00","6","FAAt703","BEA_API"
1981,20,"Research and development",33593,"m1gtotl1rd00","6","FAAt703","BEA_API"
1982,20,"Research and development",37320,"m1gtotl1rd00","6","FAAt703","BEA_API"
1983,20,"Research and development",40604,"m1gtotl1rd00","6","FAAt703","BEA_API"
1984,20,"Research and development",44421,"m1gtotl1rd00","6","FAAt703","BEA_API"
1985,20,"Research and development",48147,"m1gtotl1rd00","6","FAAt703","BEA_API"
1986,20,"Research and development",51773,"m1gtotl1rd00","6","FAAt703","BEA_API"
1987,20,"Research and development",55634,"m1gtotl1rd00","6","FAAt703","BEA_API"
1988,20,"Research and development",60796,"m1gtotl1rd00","6","FAAt703","BEA_API"
1989,20,"Research and development",64751,"m1gtotl1rd00","6","FAAt703","BEA_API"
1990,20,"Research and development",67585,"m1gtotl1rd00","6","FAAt703","BEA_API"
1991,20,"Research and development",70314,"m1gtotl1rd00","6","FAAt703","BEA_API"
1992,20,"Research and development",71569,"m1gtotl1rd00","6","FAAt703","BEA_API"
1993,20,"Research and development",72454,"m1gtotl1rd00","6","FAAt703","BEA_API"
1994,20,"Research and development",73336,"m1gtotl1rd00","6","FAAt703","BEA_API"
1995,20,"Research and development",75704,"m1gtotl1rd00","6","FAAt703","BEA_API"
1996,20,"Research and development",76059,"m1gtotl1rd00","6","FAAt703","BEA_API"
1997,20,"Research and development",77267,"m1gtotl1rd00","6","FAAt703","BEA_API"
1998,20,"Research and development",77816,"m1gtotl1rd00","6","FAAt703","BEA_API"
1999,20,"Research and development",79131,"m1gtotl1rd00","6","FAAt703","BEA_API"
2000,20,"Research and development",81529,"m1gtotl1rd00","6","FAAt703","BEA_API"
2001,20,"Research and development",82610,"m1gtotl1rd00","6","FAAt703","BEA_API"
2002,20,"Research and development",84562,"m1gtotl1rd00","6","FAAt703","BEA_API"
2003,20,"Research and development",88730,"m1gtotl1rd00","6","FAAt703","BEA_API"
2004,20,"Research and development",94038,"m1gtotl1rd00","6","FAAt703","BEA_API"
2005,20,"Research and development",99772,"m1gtotl1rd00","6","FAAt703","BEA_API"
2006,20,"Research and development",105197,"m1gtotl1rd00","6","FAAt703","BEA_API"
2007,20,"Research and development",111544,"m1gtotl1rd00","6","FAAt703","BEA_API"
2008,20,"Research and development",118334,"m1gtotl1rd00","6","FAAt703","BEA_API"
2009,20,"Research and development",121366,"m1gtotl1rd00","6","FAAt703","BEA_API"
2010,20,"Research and development",127469,"m1gtotl1rd00","6","FAAt703","BEA_API"
2011,20,"Research and development",132857,"m1gtotl1rd00","6","FAAt703","BEA_API"
2012,20,"Research and development",136094,"m1gtotl1rd00","6","FAAt703","BEA_API"
2013,20,"Research and development",138229,"m1gtotl1rd00","6","FAAt703","BEA_API"
2014,20,"Research and development",141016,"m1gtotl1rd00","6","FAAt703","BEA_API"
2015,20,"Research and development",140746,"m1gtotl1rd00","6","FAAt703","BEA_API"
2016,20,"Research and development",140645,"m1gtotl1rd00","6","FAAt703","BEA_API"
2017,20,"Research and development",143711,"m1gtotl1rd00","6","FAAt703","BEA_API"
2018,20,"Research and development",148490,"m1gtotl1rd00","6","FAAt703","BEA_API"
2019,20,"Research and development",151184,"m1gtotl1rd00","6","FAAt703","BEA_API"
2020,20,"Research and development",155830,"m1gtotl1rd00","6","FAAt703","BEA_API"
2021,20,"Research and development",163200,"m1gtotl1rd00","6","FAAt703","BEA_API"
2022,20,"Research and development",176352,"m1gtotl1rd00","6","FAAt703","BEA_API"
2023,20,"Research and development",184069,"m1gtotl1rd00","6","FAAt703","BEA_API"
2024,20,"Research and development",192759,"m1gtotl1rd00","6","FAAt703","BEA_API"
1925,21,"Federal",279,"m1gfedr1es00","6","FAAt703","BEA_API"
1926,21,"Federal",270,"m1gfedr1es00","6","FAAt703","BEA_API"
1927,21,"Federal",258,"m1gfedr1es00","6","FAAt703","BEA_API"
1928,21,"Federal",246,"m1gfedr1es00","6","FAAt703","BEA_API"
1929,21,"Federal",244,"m1gfedr1es00","6","FAAt703","BEA_API"
1930,21,"Federal",233,"m1gfedr1es00","6","FAAt703","BEA_API"
1931,21,"Federal",229,"m1gfedr1es00","6","FAAt703","BEA_API"
1932,21,"Federal",222,"m1gfedr1es00","6","FAAt703","BEA_API"
1933,21,"Federal",232,"m1gfedr1es00","6","FAAt703","BEA_API"
1934,21,"Federal",276,"m1gfedr1es00","6","FAAt703","BEA_API"
1935,21,"Federal",306,"m1gfedr1es00","6","FAAt703","BEA_API"
1936,21,"Federal",355,"m1gfedr1es00","6","FAAt703","BEA_API"
1937,21,"Federal",400,"m1gfedr1es00","6","FAAt703","BEA_API"
1938,21,"Federal",431,"m1gfedr1es00","6","FAAt703","BEA_API"
1939,21,"Federal",456,"m1gfedr1es00","6","FAAt703","BEA_API"
1940,21,"Federal",499,"m1gfedr1es00","6","FAAt703","BEA_API"
1941,21,"Federal",874,"m1gfedr1es00","6","FAAt703","BEA_API"
1942,21,"Federal",2223,"m1gfedr1es00","6","FAAt703","BEA_API"
1943,21,"Federal",4970,"m1gfedr1es00","6","FAAt703","BEA_API"
1944,21,"Federal",7840,"m1gfedr1es00","6","FAAt703","BEA_API"
1945,21,"Federal",9165,"m1gfedr1es00","6","FAAt703","BEA_API"
1946,21,"Federal",9875,"m1gfedr1es00","6","FAAt703","BEA_API"
1947,21,"Federal",9525,"m1gfedr1es00","6","FAAt703","BEA_API"
1948,21,"Federal",8381,"m1gfedr1es00","6","FAAt703","BEA_API"
1949,21,"Federal",7511,"m1gfedr1es00","6","FAAt703","BEA_API"
1950,21,"Federal",6901,"m1gfedr1es00","6","FAAt703","BEA_API"
1951,21,"Federal",7458,"m1gfedr1es00","6","FAAt703","BEA_API"
1952,21,"Federal",8352,"m1gfedr1es00","6","FAAt703","BEA_API"
1953,21,"Federal",9365,"m1gfedr1es00","6","FAAt703","BEA_API"
1954,21,"Federal",10057,"m1gfedr1es00","6","FAAt703","BEA_API"
1955,21,"Federal",10702,"m1gfedr1es00","6","FAAt703","BEA_API"
1956,21,"Federal",11683,"m1gfedr1es00","6","FAAt703","BEA_API"
1957,21,"Federal",12703,"m1gfedr1es00","6","FAAt703","BEA_API"
1958,21,"Federal",13422,"m1gfedr1es00","6","FAAt703","BEA_API"
1959,21,"Federal",14289,"m1gfedr1es00","6","FAAt703","BEA_API"
1960,21,"Federal",15160,"m1gfedr1es00","6","FAAt703","BEA_API"
1961,21,"Federal",16031,"m1gfedr1es00","6","FAAt703","BEA_API"
1962,21,"Federal",17156,"m1gfedr1es00","6","FAAt703","BEA_API"
1963,21,"Federal",18354,"m1gfedr1es00","6","FAAt703","BEA_API"
1964,21,"Federal",19208,"m1gfedr1es00","6","FAAt703","BEA_API"
1965,21,"Federal",20006,"m1gfedr1es00","6","FAAt703","BEA_API"
1966,21,"Federal",21048,"m1gfedr1es00","6","FAAt703","BEA_API"
1967,21,"Federal",22463,"m1gfedr1es00","6","FAAt703","BEA_API"
1968,21,"Federal",24147,"m1gfedr1es00","6","FAAt703","BEA_API"
1969,21,"Federal",25795,"m1gfedr1es00","6","FAAt703","BEA_API"
1970,21,"Federal",27621,"m1gfedr1es00","6","FAAt703","BEA_API"
1971,21,"Federal",29061,"m1gfedr1es00","6","FAAt703","BEA_API"
1972,21,"Federal",30179,"m1gfedr1es00","6","FAAt703","BEA_API"
1973,21,"Federal",32179,"m1gfedr1es00","6","FAAt703","BEA_API"
1974,21,"Federal",35378,"m1gfedr1es00","6","FAAt703","BEA_API"
1975,21,"Federal",38766,"m1gfedr1es00","6","FAAt703","BEA_API"
1976,21,"Federal",41710,"m1gfedr1es00","6","FAAt703","BEA_API"
1977,21,"Federal",45232,"m1gfedr1es00","6","FAAt703","BEA_API"
1978,21,"Federal",49528,"m1gfedr1es00","6","FAAt703","BEA_API"
1979,21,"Federal",54516,"m1gfedr1es00","6","FAAt703","BEA_API"
1980,21,"Federal",60395,"m1gfedr1es00","6","FAAt703","BEA_API"
1981,21,"Federal",67525,"m1gfedr1es00","6","FAAt703","BEA_API"
1982,21,"Federal",75421,"m1gfedr1es00","6","FAAt703","BEA_API"
1983,21,"Federal",81632,"m1gfedr1es00","6","FAAt703","BEA_API"
1984,21,"Federal",90895,"m1gfedr1es00","6","FAAt703","BEA_API"
1985,21,"Federal",97075,"m1gfedr1es00","6","FAAt703","BEA_API"
1986,21,"Federal",103404,"m1gfedr1es00","6","FAAt703","BEA_API"
1987,21,"Federal",110102,"m1gfedr1es00","6","FAAt703","BEA_API"
1988,21,"Federal",118815,"m1gfedr1es00","6","FAAt703","BEA_API"
1989,21,"Federal",126836,"m1gfedr1es00","6","FAAt703","BEA_API"
1990,21,"Federal",133473,"m1gfedr1es00","6","FAAt703","BEA_API"
1991,21,"Federal",140064,"m1gfedr1es00","6","FAAt703","BEA_API"
1992,21,"Federal",143271,"m1gfedr1es00","6","FAAt703","BEA_API"
1993,21,"Federal",146799,"m1gfedr1es00","6","FAAt703","BEA_API"
1994,21,"Federal",150230,"m1gfedr1es00","6","FAAt703","BEA_API"
1995,21,"Federal",153463,"m1gfedr1es00","6","FAAt703","BEA_API"
1996,21,"Federal",153633,"m1gfedr1es00","6","FAAt703","BEA_API"
1997,21,"Federal",154027,"m1gfedr1es00","6","FAAt703","BEA_API"
1998,21,"Federal",155342,"m1gfedr1es00","6","FAAt703","BEA_API"
1999,21,"Federal",158163,"m1gfedr1es00","6","FAAt703","BEA_API"
2000,21,"Federal",162813,"m1gfedr1es00","6","FAAt703","BEA_API"
2001,21,"Federal",164837,"m1gfedr1es00","6","FAAt703","BEA_API"
2002,21,"Federal",167163,"m1gfedr1es00","6","FAAt703","BEA_API"
2003,21,"Federal",172310,"m1gfedr1es00","6","FAAt703","BEA_API"
2004,21,"Federal",180340,"m1gfedr1es00","6","FAAt703","BEA_API"
2005,21,"Federal",190475,"m1gfedr1es00","6","FAAt703","BEA_API"
2006,21,"Federal",201192,"m1gfedr1es00","6","FAAt703","BEA_API"
2007,21,"Federal",211963,"m1gfedr1es00","6","FAAt703","BEA_API"
2008,21,"Federal",225831,"m1gfedr1es00","6","FAAt703","BEA_API"
2009,21,"Federal",233613,"m1gfedr1es00","6","FAAt703","BEA_API"
2010,21,"Federal",243679,"m1gfedr1es00","6","FAAt703","BEA_API"
2011,21,"Federal",254855,"m1gfedr1es00","6","FAAt703","BEA_API"
2012,21,"Federal",261559,"m1gfedr1es00","6","FAAt703","BEA_API"
2013,21,"Federal",266010,"m1gfedr1es00","6","FAAt703","BEA_API"
2014,21,"Federal",271203,"m1gfedr1es00","6","FAAt703","BEA_API"
2015,21,"Federal",272347,"m1gfedr1es00","6","FAAt703","BEA_API"
2016,21,"Federal",273741,"m1gfedr1es00","6","FAAt703","BEA_API"
2017,21,"Federal",280204,"m1gfedr1es00","6","FAAt703","BEA_API"
2018,21,"Federal",290184,"m1gfedr1es00","6","FAAt703","BEA_API"
2019,21,"Federal",298692,"m1gfedr1es00","6","FAAt703","BEA_API"
2020,21,"Federal",309847,"m1gfedr1es00","6","FAAt703","BEA_API"
2021,21,"Federal",327698,"m1gfedr1es00","6","FAAt703","BEA_API"
2022,21,"Federal",356899,"m1gfedr1es00","6","FAAt703","BEA_API"
2023,21,"Federal",375152,"m1gfedr1es00","6","FAAt703","BEA_API"
2024,21,"Federal",393240,"m1gfedr1es00","6","FAAt703","BEA_API"
1925,22,"National defense",231,"m1gdefn1es00","6","FAAt703","BEA_API"
1926,22,"National defense",222,"m1gdefn1es00","6","FAAt703","BEA_API"
1927,22,"National defense",210,"m1gdefn1es00","6","FAAt703","BEA_API"
1928,22,"National defense",197,"m1gdefn1es00","6","FAAt703","BEA_API"
1929,22,"National defense",192,"m1gdefn1es00","6","FAAt703","BEA_API"
1930,22,"National defense",177,"m1gdefn1es00","6","FAAt703","BEA_API"
1931,22,"National defense",169,"m1gdefn1es00","6","FAAt703","BEA_API"
1932,22,"National defense",161,"m1gdefn1es00","6","FAAt703","BEA_API"
1933,22,"National defense",162,"m1gdefn1es00","6","FAAt703","BEA_API"
1934,22,"National defense",179,"m1gdefn1es00","6","FAAt703","BEA_API"
1935,22,"National defense",178,"m1gdefn1es00","6","FAAt703","BEA_API"
1936,22,"National defense",188,"m1gdefn1es00","6","FAAt703","BEA_API"
1937,22,"National defense",206,"m1gdefn1es00","6","FAAt703","BEA_API"
1938,22,"National defense",213,"m1gdefn1es00","6","FAAt703","BEA_API"
1939,22,"National defense",222,"m1gdefn1es00","6","FAAt703","BEA_API"
1940,22,"National defense",239,"m1gdefn1es00","6","FAAt703","BEA_API"
1941,22,"National defense",560,"m1gdefn1es00","6","FAAt703","BEA_API"
1942,22,"National defense",1836,"m1gdefn1es00","6","FAAt703","BEA_API"
1943,22,"National defense",4555,"m1gdefn1es00","6","FAAt703","BEA_API"
1944,22,"National defense",7340,"m1gdefn1es00","6","FAAt703","BEA_API"
1945,22,"National defense",8699,"m1gdefn1es00","6","FAAt703","BEA_API"
1946,22,"National defense",9353,"m1gdefn1es00","6","FAAt703","BEA_API"
1947,22,"National defense",8942,"m1gdefn1es00","6","FAAt703","BEA_API"
1948,22,"National defense",7769,"m1gdefn1es00","6","FAAt703","BEA_API"
1949,22,"National defense",6861,"m1gdefn1es00","6","FAAt703","BEA_API"
1950,22,"National defense",6218,"m1gdefn1es00","6","FAAt703","BEA_API"
1951,22,"National defense",6641,"m1gdefn1es00","6","FAAt703","BEA_API"
1952,22,"National defense",7482,"m1gdefn1es00","6","FAAt703","BEA_API"
1953,22,"National defense",8449,"m1gdefn1es00","6","FAAt703","BEA_API"
1954,22,"National defense",9154,"m1gdefn1es00","6","FAAt703","BEA_API"
1955,22,"National defense",9779,"m1gdefn1es00","6","FAAt703","BEA_API"
1956,22,"National defense",10707,"m1gdefn1es00","6","FAAt703","BEA_API"
1957,22,"National defense",11650,"m1gdefn1es00","6","FAAt703","BEA_API"
1958,22,"National defense",12264,"m1gdefn1es00","6","FAAt703","BEA_API"
1959,22,"National defense",13019,"m1gdefn1es00","6","FAAt703","BEA_API"
1960,22,"National defense",13760,"m1gdefn1es00","6","FAAt703","BEA_API"
1961,22,"National defense",14471,"m1gdefn1es00","6","FAAt703","BEA_API"
1962,22,"National defense",15394,"m1gdefn1es00","6","FAAt703","BEA_API"
1963,22,"National defense",16273,"m1gdefn1es00","6","FAAt703","BEA_API"
1964,22,"National defense",16720,"m1gdefn1es00","6","FAAt703","BEA_API"
1965,22,"National defense",17060,"m1gdefn1es00","6","FAAt703","BEA_API"
1966,22,"National defense",17524,"m1gdefn1es00","6","FAAt703","BEA_API"
1967,22,"National defense",18372,"m1gdefn1es00","6","FAAt703","BEA_API"
1968,22,"National defense",19420,"m1gdefn1es00","6","FAAt703","BEA_API"
1969,22,"National defense",20316,"m1gdefn1es00","6","FAAt703","BEA_API"
1970,22,"National defense",21303,"m1gdefn1es00","6","FAAt703","BEA_API"
1971,22,"National defense",21933,"m1gdefn1es00","6","FAAt703","BEA_API"
1972,22,"National defense",22339,"m1gdefn1es00","6","FAAt703","BEA_API"
1973,22,"National defense",23455,"m1gdefn1es00","6","FAAt703","BEA_API"
1974,22,"National defense",25345,"m1gdefn1es00","6","FAAt703","BEA_API"
1975,22,"National defense",27371,"m1gdefn1es00","6","FAAt703","BEA_API"
1976,22,"National defense",29293,"m1gdefn1es00","6","FAAt703","BEA_API"
1977,22,"National defense",31550,"m1gdefn1es00","6","FAAt703","BEA_API"
1978,22,"National defense",34232,"m1gdefn1es00","6","FAAt703","BEA_API"
1979,22,"National defense",37257,"m1gdefn1es00","6","FAAt703","BEA_API"
1980,22,"National defense",40599,"m1gdefn1es00","6","FAAt703","BEA_API"
1981,22,"National defense",44972,"m1gdefn1es00","6","FAAt703","BEA_API"
1982,22,"National defense",50461,"m1gdefn1es00","6","FAAt703","BEA_API"
1983,22,"National defense",55237,"m1gdefn1es00","6","FAAt703","BEA_API"
1984,22,"National defense",62656,"m1gdefn1es00","6","FAAt703","BEA_API"
1985,22,"National defense",67333,"m1gdefn1es00","6","FAAt703","BEA_API"
1986,22,"National defense",72411,"m1gdefn1es00","6","FAAt703","BEA_API"
1987,22,"National defense",77737,"m1gdefn1es00","6","FAAt703","BEA_API"
1988,22,"National defense",84289,"m1gdefn1es00","6","FAAt703","BEA_API"
1989,22,"National defense",90058,"m1gdefn1es00","6","FAAt703","BEA_API"
1990,22,"National defense",94463,"m1gdefn1es00","6","FAAt703","BEA_API"
1991,22,"National defense",98452,"m1gdefn1es00","6","FAAt703","BEA_API"
1992,22,"National defense",99830,"m1gdefn1es00","6","FAAt703","BEA_API"
1993,22,"National defense",101095,"m1gdefn1es00","6","FAAt703","BEA_API"
1994,22,"National defense",102571,"m1gdefn1es00","6","FAAt703","BEA_API"
1995,22,"National defense",103195,"m1gdefn1es00","6","FAAt703","BEA_API"
1996,22,"National defense",101691,"m1gdefn1es00","6","FAAt703","BEA_API"
1997,22,"National defense",100131,"m1gdefn1es00","6","FAAt703","BEA_API"
1998,22,"National defense",99599,"m1gdefn1es00","6","FAAt703","BEA_API"
1999,22,"National defense",99357,"m1gdefn1es00","6","FAAt703","BEA_API"
2000,22,"National defense",100371,"m1gdefn1es00","6","FAAt703","BEA_API"
2001,22,"National defense",100190,"m1gdefn1es00","6","FAAt703","BEA_API"
2002,22,"National defense",100727,"m1gdefn1es00","6","FAAt703","BEA_API"
2003,22,"National defense",103551,"m1gdefn1es00","6","FAAt703","BEA_API"
2004,22,"National defense",108653,"m1gdefn1es00","6","FAAt703","BEA_API"
2005,22,"National defense",115157,"m1gdefn1es00","6","FAAt703","BEA_API"
2006,22,"National defense",121998,"m1gdefn1es00","6","FAAt703","BEA_API"
2007,22,"National defense",129471,"m1gdefn1es00","6","FAAt703","BEA_API"
2008,22,"National defense",138259,"m1gdefn1es00","6","FAAt703","BEA_API"
2009,22,"National defense",143431,"m1gdefn1es00","6","FAAt703","BEA_API"
2010,22,"National defense",149420,"m1gdefn1es00","6","FAAt703","BEA_API"
2011,22,"National defense",156250,"m1gdefn1es00","6","FAAt703","BEA_API"
2012,22,"National defense",159538,"m1gdefn1es00","6","FAAt703","BEA_API"
2013,22,"National defense",160573,"m1gdefn1es00","6","FAAt703","BEA_API"
2014,22,"National defense",161460,"m1gdefn1es00","6","FAAt703","BEA_API"
2015,22,"National defense",160234,"m1gdefn1es00","6","FAAt703","BEA_API"
2016,22,"National defense",158507,"m1gdefn1es00","6","FAAt703","BEA_API"
2017,22,"National defense",159550,"m1gdefn1es00","6","FAAt703","BEA_API"
2018,22,"National defense",162691,"m1gdefn1es00","6","FAAt703","BEA_API"
2019,22,"National defense",165311,"m1gdefn1es00","6","FAAt703","BEA_API"
2020,22,"National defense",170266,"m1gdefn1es00","6","FAAt703","BEA_API"
2021,22,"National defense",178977,"m1gdefn1es00","6","FAAt703","BEA_API"
2022,22,"National defense",193062,"m1gdefn1es00","6","FAAt703","BEA_API"
2023,22,"National defense",200537,"m1gdefn1es00","6","FAAt703","BEA_API"
2024,22,"National defense",209574,"m1gdefn1es00","6","FAAt703","BEA_API"
1925,23,"Equipment",149,"m1gdefn1eq00","6","FAAt703","BEA_API"
1926,23,"Equipment",140,"m1gdefn1eq00","6","FAAt703","BEA_API"
1927,23,"Equipment",130,"m1gdefn1eq00","6","FAAt703","BEA_API"
1928,23,"Equipment",122,"m1gdefn1eq00","6","FAAt703","BEA_API"
1929,23,"Equipment",117,"m1gdefn1eq00","6","FAAt703","BEA_API"
1930,23,"Equipment",106,"m1gdefn1eq00","6","FAAt703","BEA_API"
1931,23,"Equipment",101,"m1gdefn1eq00","6","FAAt703","BEA_API"
1932,23,"Equipment",98,"m1gdefn1eq00","6","FAAt703","BEA_API"
1933,23,"Equipment",93,"m1gdefn1eq00","6","FAAt703","BEA_API"
1934,23,"Equipment",102,"m1gdefn1eq00","6","FAAt703","BEA_API"
1935,23,"Equipment",101,"m1gdefn1eq00","6","FAAt703","BEA_API"
1936,23,"Equipment",101,"m1gdefn1eq00","6","FAAt703","BEA_API"
1937,23,"Equipment",110,"m1gdefn1eq00","6","FAAt703","BEA_API"
1938,23,"Equipment",114,"m1gdefn1eq00","6","FAAt703","BEA_API"
1939,23,"Equipment",118,"m1gdefn1eq00","6","FAAt703","BEA_API"
1940,23,"Equipment",126,"m1gdefn1eq00","6","FAAt703","BEA_API"
1941,23,"Equipment",381,"m1gdefn1eq00","6","FAAt703","BEA_API"
1942,23,"Equipment",1428,"m1gdefn1eq00","6","FAAt703","BEA_API"
1943,23,"Equipment",3851,"m1gdefn1eq00","6","FAAt703","BEA_API"
1944,23,"Equipment",6392,"m1gdefn1eq00","6","FAAt703","BEA_API"
1945,23,"Equipment",7543,"m1gdefn1eq00","6","FAAt703","BEA_API"
1946,23,"Equipment",7941,"m1gdefn1eq00","6","FAAt703","BEA_API"
1947,23,"Equipment",7249,"m1gdefn1eq00","6","FAAt703","BEA_API"
1948,23,"Equipment",5937,"m1gdefn1eq00","6","FAAt703","BEA_API"
1949,23,"Equipment",4949,"m1gdefn1eq00","6","FAAt703","BEA_API"
1950,23,"Equipment",4279,"m1gdefn1eq00","6","FAAt703","BEA_API"
1951,23,"Equipment",4335,"m1gdefn1eq00","6","FAAt703","BEA_API"
1952,23,"Equipment",4992,"m1gdefn1eq00","6","FAAt703","BEA_API"
1953,23,"Equipment",5710,"m1gdefn1eq00","6","FAAt703","BEA_API"
1954,23,"Equipment",6346,"m1gdefn1eq00","6","FAAt703","BEA_API"
1955,23,"Equipment",6664,"m1gdefn1eq00","6","FAAt703","BEA_API"
1956,23,"Equipment",7105,"m1gdefn1eq00","6","FAAt703","BEA_API"
1957,23,"Equipment",7471,"m1gdefn1eq00","6","FAAt703","BEA_API"
1958,23,"Equipment",7497,"m1gdefn1eq00","6","FAAt703","BEA_API"
1959,23,"Equipment",7814,"m1gdefn1eq00","6","FAAt703","BEA_API"
1960,23,"Equipment",8130,"m1gdefn1eq00","6","FAAt703","BEA_API"
1961,23,"Equipment",8403,"m1gdefn1eq00","6","FAAt703","BEA_API"
1962,23,"Equipment",8910,"m1gdefn1eq00","6","FAAt703","BEA_API"
1963,23,"Equipment",9401,"m1gdefn1eq00","6","FAAt703","BEA_API"
1964,23,"Equipment",9457,"m1gdefn1eq00","6","FAAt703","BEA_API"
1965,23,"Equipment",9564,"m1gdefn1eq00","6","FAAt703","BEA_API"
1966,23,"Equipment",9766,"m1gdefn1eq00","6","FAAt703","BEA_API"
1967,23,"Equipment",10253,"m1gdefn1eq00","6","FAAt703","BEA_API"
1968,23,"Equipment",10782,"m1gdefn1eq00","6","FAAt703","BEA_API"
1969,23,"Equipment",11137,"m1gdefn1eq00","6","FAAt703","BEA_API"
1970,23,"Equipment",11431,"m1gdefn1eq00","6","FAAt703","BEA_API"
1971,23,"Equipment",11397,"m1gdefn1eq00","6","FAAt703","BEA_API"
1972,23,"Equipment",11277,"m1gdefn1eq00","6","FAAt703","BEA_API"
1973,23,"Equipment",11351,"m1gdefn1eq00","6","FAAt703","BEA_API"
1974,23,"Equipment",11875,"m1gdefn1eq00","6","FAAt703","BEA_API"
1975,23,"Equipment",12817,"m1gdefn1eq00","6","FAAt703","BEA_API"
1976,23,"Equipment",14166,"m1gdefn1eq00","6","FAAt703","BEA_API"
1977,23,"Equipment",15545,"m1gdefn1eq00","6","FAAt703","BEA_API"
1978,23,"Equipment",17293,"m1gdefn1eq00","6","FAAt703","BEA_API"
1979,23,"Equipment",18668,"m1gdefn1eq00","6","FAAt703","BEA_API"
1980,23,"Equipment",19974,"m1gdefn1eq00","6","FAAt703","BEA_API"
1981,23,"Equipment",22017,"m1gdefn1eq00","6","FAAt703","BEA_API"
1982,23,"Equipment",25089,"m1gdefn1eq00","6","FAAt703","BEA_API"
1983,23,"Equipment",27544,"m1gdefn1eq00","6","FAAt703","BEA_API"
1984,23,"Equipment",31822,"m1gdefn1eq00","6","FAAt703","BEA_API"
1985,23,"Equipment",33069,"m1gdefn1eq00","6","FAAt703","BEA_API"
1986,23,"Equipment",34610,"m1gdefn1eq00","6","FAAt703","BEA_API"
1987,23,"Equipment",36182,"m1gdefn1eq00","6","FAAt703","BEA_API"
1988,23,"Equipment",38395,"m1gdefn1eq00","6","FAAt703","BEA_API"
1989,23,"Equipment",40918,"m1gdefn1eq00","6","FAAt703","BEA_API"
1990,23,"Equipment",43197,"m1gdefn1eq00","6","FAAt703","BEA_API"
1991,23,"Equipment",45497,"m1gdefn1eq00","6","FAAt703","BEA_API"
1992,23,"Equipment",46615,"m1gdefn1eq00","6","FAAt703","BEA_API"
1993,23,"Equipment",47833,"m1gdefn1eq00","6","FAAt703","BEA_API"
1994,23,"Equipment",49689,"m1gdefn1eq00","6","FAAt703","BEA_API"
1995,23,"Equipment",49641,"m1gdefn1eq00","6","FAAt703","BEA_API"
1996,23,"Equipment",48746,"m1gdefn1eq00","6","FAAt703","BEA_API"
1997,23,"Equipment",47014,"m1gdefn1eq00","6","FAAt703","BEA_API"
1998,23,"Equipment",46753,"m1gdefn1eq00","6","FAAt703","BEA_API"
1999,23,"Equipment",46179,"m1gdefn1eq00","6","FAAt703","BEA_API"
2000,23,"Equipment",46362,"m1gdefn1eq00","6","FAAt703","BEA_API"
2001,23,"Equipment",46462,"m1gdefn1eq00","6","FAAt703","BEA_API"
2002,23,"Equipment",46683,"m1gdefn1eq00","6","FAAt703","BEA_API"
2003,23,"Equipment",47611,"m1gdefn1eq00","6","FAAt703","BEA_API"
2004,23,"Equipment",49584,"m1gdefn1eq00","6","FAAt703","BEA_API"
2005,23,"Equipment",51945,"m1gdefn1eq00","6","FAAt703","BEA_API"
2006,23,"Equipment",54621,"m1gdefn1eq00","6","FAAt703","BEA_API"
2007,23,"Equipment",57804,"m1gdefn1eq00","6","FAAt703","BEA_API"
2008,23,"Equipment",62471,"m1gdefn1eq00","6","FAAt703","BEA_API"
2009,23,"Equipment",66656,"m1gdefn1eq00","6","FAAt703","BEA_API"
2010,23,"Equipment",70453,"m1gdefn1eq00","6","FAAt703","BEA_API"
2011,23,"Equipment",74381,"m1gdefn1eq00","6","FAAt703","BEA_API"
2012,23,"Equipment",76069,"m1gdefn1eq00","6","FAAt703","BEA_API"
2013,23,"Equipment",76230,"m1gdefn1eq00","6","FAAt703","BEA_API"
2014,23,"Equipment",75866,"m1gdefn1eq00","6","FAAt703","BEA_API"
2015,23,"Equipment",74652,"m1gdefn1eq00","6","FAAt703","BEA_API"
2016,23,"Equipment",73932,"m1gdefn1eq00","6","FAAt703","BEA_API"
2017,23,"Equipment",74042,"m1gdefn1eq00","6","FAAt703","BEA_API"
2018,23,"Equipment",75438,"m1gdefn1eq00","6","FAAt703","BEA_API"
2019,23,"Equipment",77152,"m1gdefn1eq00","6","FAAt703","BEA_API"
2020,23,"Equipment",79488,"m1gdefn1eq00","6","FAAt703","BEA_API"
2021,23,"Equipment",83327,"m1gdefn1eq00","6","FAAt703","BEA_API"
2022,23,"Equipment",89385,"m1gdefn1eq00","6","FAAt703","BEA_API"
2023,23,"Equipment",92069,"m1gdefn1eq00","6","FAAt703","BEA_API"
2024,23,"Equipment",95541,"m1gdefn1eq00","6","FAAt703","BEA_API"
1972,24,"Aircraft",3398,"m1gdefn1ea00","6","FAAt703","BEA_API"
1973,24,"Aircraft",3368,"m1gdefn1ea00","6","FAAt703","BEA_API"
1974,24,"Aircraft",3884,"m1gdefn1ea00","6","FAAt703","BEA_API"
1975,24,"Aircraft",4296,"m1gdefn1ea00","6","FAAt703","BEA_API"
1976,24,"Aircraft",4594,"m1gdefn1ea00","6","FAAt703","BEA_API"
1977,24,"Aircraft",4983,"m1gdefn1ea00","6","FAAt703","BEA_API"
1978,24,"Aircraft",5637,"m1gdefn1ea00","6","FAAt703","BEA_API"
1979,24,"Aircraft",5984,"m1gdefn1ea00","6","FAAt703","BEA_API"
1980,24,"Aircraft",6856,"m1gdefn1ea00","6","FAAt703","BEA_API"
1981,24,"Aircraft",7671,"m1gdefn1ea00","6","FAAt703","BEA_API"
1982,24,"Aircraft",8964,"m1gdefn1ea00","6","FAAt703","BEA_API"
1983,24,"Aircraft",9998,"m1gdefn1ea00","6","FAAt703","BEA_API"
1984,24,"Aircraft",12104,"m1gdefn1ea00","6","FAAt703","BEA_API"
1985,24,"Aircraft",11266,"m1gdefn1ea00","6","FAAt703","BEA_API"
1986,24,"Aircraft",11024,"m1gdefn1ea00","6","FAAt703","BEA_API"
1987,24,"Aircraft",10540,"m1gdefn1ea00","6","FAAt703","BEA_API"
1988,24,"Aircraft",10717,"m1gdefn1ea00","6","FAAt703","BEA_API"
1989,24,"Aircraft",11460,"m1gdefn1ea00","6","FAAt703","BEA_API"
1990,24,"Aircraft",12012,"m1gdefn1ea00","6","FAAt703","BEA_API"
1991,24,"Aircraft",12352,"m1gdefn1ea00","6","FAAt703","BEA_API"
1992,24,"Aircraft",12095,"m1gdefn1ea00","6","FAAt703","BEA_API"
1993,24,"Aircraft",12129,"m1gdefn1ea00","6","FAAt703","BEA_API"
1994,24,"Aircraft",12686,"m1gdefn1ea00","6","FAAt703","BEA_API"
1995,24,"Aircraft",12612,"m1gdefn1ea00","6","FAAt703","BEA_API"
1996,24,"Aircraft",12265,"m1gdefn1ea00","6","FAAt703","BEA_API"
1997,24,"Aircraft",11374,"m1gdefn1ea00","6","FAAt703","BEA_API"
1998,24,"Aircraft",11220,"m1gdefn1ea00","6","FAAt703","BEA_API"
1999,24,"Aircraft",11310,"m1gdefn1ea00","6","FAAt703","BEA_API"
2000,24,"Aircraft",11399,"m1gdefn1ea00","6","FAAt703","BEA_API"
2001,24,"Aircraft",11782,"m1gdefn1ea00","6","FAAt703","BEA_API"
2002,24,"Aircraft",11783,"m1gdefn1ea00","6","FAAt703","BEA_API"
2003,24,"Aircraft",11405,"m1gdefn1ea00","6","FAAt703","BEA_API"
2004,24,"Aircraft",11555,"m1gdefn1ea00","6","FAAt703","BEA_API"
2005,24,"Aircraft",11675,"m1gdefn1ea00","6","FAAt703","BEA_API"
2006,24,"Aircraft",12080,"m1gdefn1ea00","6","FAAt703","BEA_API"
2007,24,"Aircraft",12349,"m1gdefn1ea00","6","FAAt703","BEA_API"
2008,24,"Aircraft",12923,"m1gdefn1ea00","6","FAAt703","BEA_API"
2009,24,"Aircraft",13125,"m1gdefn1ea00","6","FAAt703","BEA_API"
2010,24,"Aircraft",13472,"m1gdefn1ea00","6","FAAt703","BEA_API"
2011,24,"Aircraft",14515,"m1gdefn1ea00","6","FAAt703","BEA_API"
2012,24,"Aircraft",14971,"m1gdefn1ea00","6","FAAt703","BEA_API"
2013,24,"Aircraft",15217,"m1gdefn1ea00","6","FAAt703","BEA_API"
2014,24,"Aircraft",15883,"m1gdefn1ea00","6","FAAt703","BEA_API"
2015,24,"Aircraft",15560,"m1gdefn1ea00","6","FAAt703","BEA_API"
2016,24,"Aircraft",15974,"m1gdefn1ea00","6","FAAt703","BEA_API"
2017,24,"Aircraft",16121,"m1gdefn1ea00","6","FAAt703","BEA_API"
2018,24,"Aircraft",16727,"m1gdefn1ea00","6","FAAt703","BEA_API"
2019,24,"Aircraft",17217,"m1gdefn1ea00","6","FAAt703","BEA_API"
2020,24,"Aircraft",17650,"m1gdefn1ea00","6","FAAt703","BEA_API"
2021,24,"Aircraft",17929,"m1gdefn1ea00","6","FAAt703","BEA_API"
2022,24,"Aircraft",18575,"m1gdefn1ea00","6","FAAt703","BEA_API"
2023,24,"Aircraft",18283,"m1gdefn1ea00","6","FAAt703","BEA_API"
2024,24,"Aircraft",18913,"m1gdefn1ea00","6","FAAt703","BEA_API"
1972,25,"Missiles",1866,"m1gdefn1em00","6","FAAt703","BEA_API"
1973,25,"Missiles",2009,"m1gdefn1em00","6","FAAt703","BEA_API"
1974,25,"Missiles",1790,"m1gdefn1em00","6","FAAt703","BEA_API"
1975,25,"Missiles",1931,"m1gdefn1em00","6","FAAt703","BEA_API"
1976,25,"Missiles",2530,"m1gdefn1em00","6","FAAt703","BEA_API"
1977,25,"Missiles",2929,"m1gdefn1em00","6","FAAt703","BEA_API"
1978,25,"Missiles",3219,"m1gdefn1em00","6","FAAt703","BEA_API"
1979,25,"Missiles",3529,"m1gdefn1em00","6","FAAt703","BEA_API"
1980,25,"Missiles",2855,"m1gdefn1em00","6","FAAt703","BEA_API"
1981,25,"Missiles",2689,"m1gdefn1em00","6","FAAt703","BEA_API"
1982,25,"Missiles",3134,"m1gdefn1em00","6","FAAt703","BEA_API"
1983,25,"Missiles",3483,"m1gdefn1em00","6","FAAt703","BEA_API"
1984,25,"Missiles",4114,"m1gdefn1em00","6","FAAt703","BEA_API"
1985,25,"Missiles",4514,"m1gdefn1em00","6","FAAt703","BEA_API"
1986,25,"Missiles",4901,"m1gdefn1em00","6","FAAt703","BEA_API"
1987,25,"Missiles",5162,"m1gdefn1em00","6","FAAt703","BEA_API"
1988,25,"Missiles",5627,"m1gdefn1em00","6","FAAt703","BEA_API"
1989,25,"Missiles",5829,"m1gdefn1em00","6","FAAt703","BEA_API"
1990,25,"Missiles",6201,"m1gdefn1em00","6","FAAt703","BEA_API"
1991,25,"Missiles",6688,"m1gdefn1em00","6","FAAt703","BEA_API"
1992,25,"Missiles",6865,"m1gdefn1em00","6","FAAt703","BEA_API"
1993,25,"Missiles",7273,"m1gdefn1em00","6","FAAt703","BEA_API"
1994,25,"Missiles",8118,"m1gdefn1em00","6","FAAt703","BEA_API"
1995,25,"Missiles",7909,"m1gdefn1em00","6","FAAt703","BEA_API"
1996,25,"Missiles",7492,"m1gdefn1em00","6","FAAt703","BEA_API"
1997,25,"Missiles",6788,"m1gdefn1em00","6","FAAt703","BEA_API"
1998,25,"Missiles",7194,"m1gdefn1em00","6","FAAt703","BEA_API"
1999,25,"Missiles",6773,"m1gdefn1em00","6","FAAt703","BEA_API"
2000,25,"Missiles",6508,"m1gdefn1em00","6","FAAt703","BEA_API"
2001,25,"Missiles",6232,"m1gdefn1em00","6","FAAt703","BEA_API"
2002,25,"Missiles",5919,"m1gdefn1em00","6","FAAt703","BEA_API"
2003,25,"Missiles",5837,"m1gdefn1em00","6","FAAt703","BEA_API"
2004,25,"Missiles",5781,"m1gdefn1em00","6","FAAt703","BEA_API"
2005,25,"Missiles",5640,"m1gdefn1em00","6","FAAt703","BEA_API"
2006,25,"Missiles",5507,"m1gdefn1em00","6","FAAt703","BEA_API"
2007,25,"Missiles",5397,"m1gdefn1em00","6","FAAt703","BEA_API"
2008,25,"Missiles",5431,"m1gdefn1em00","6","FAAt703","BEA_API"
2009,25,"Missiles",5230,"m1gdefn1em00","6","FAAt703","BEA_API"
2010,25,"Missiles",5287,"m1gdefn1em00","6","FAAt703","BEA_API"
2011,25,"Missiles",5399,"m1gdefn1em00","6","FAAt703","BEA_API"
2012,25,"Missiles",5432,"m1gdefn1em00","6","FAAt703","BEA_API"
2013,25,"Missiles",5506,"m1gdefn1em00","6","FAAt703","BEA_API"
2014,25,"Missiles",5544,"m1gdefn1em00","6","FAAt703","BEA_API"
2015,25,"Missiles",5580,"m1gdefn1em00","6","FAAt703","BEA_API"
2016,25,"Missiles",5510,"m1gdefn1em00","6","FAAt703","BEA_API"
2017,25,"Missiles",5432,"m1gdefn1em00","6","FAAt703","BEA_API"
2018,25,"Missiles",5359,"m1gdefn1em00","6","FAAt703","BEA_API"
2019,25,"Missiles",5332,"m1gdefn1em00","6","FAAt703","BEA_API"
2020,25,"Missiles",5492,"m1gdefn1em00","6","FAAt703","BEA_API"
2021,25,"Missiles",5675,"m1gdefn1em00","6","FAAt703","BEA_API"
2022,25,"Missiles",5991,"m1gdefn1em00","6","FAAt703","BEA_API"
2023,25,"Missiles",6155,"m1gdefn1em00","6","FAAt703","BEA_API"
2024,25,"Missiles",6395,"m1gdefn1em00","6","FAAt703","BEA_API"
1972,26,"Ships",1672,"m1gdefn1eb00","6","FAAt703","BEA_API"
1973,26,"Ships",1825,"m1gdefn1eb00","6","FAAt703","BEA_API"
1974,26,"Ships",2038,"m1gdefn1eb00","6","FAAt703","BEA_API"
1975,26,"Ships",2285,"m1gdefn1eb00","6","FAAt703","BEA_API"
1976,26,"Ships",2426,"m1gdefn1eb00","6","FAAt703","BEA_API"
1977,26,"Ships",2732,"m1gdefn1eb00","6","FAAt703","BEA_API"
1978,26,"Ships",3123,"m1gdefn1eb00","6","FAAt703","BEA_API"
1979,26,"Ships",3440,"m1gdefn1eb00","6","FAAt703","BEA_API"
1980,26,"Ships",3875,"m1gdefn1eb00","6","FAAt703","BEA_API"
1981,26,"Ships",4292,"m1gdefn1eb00","6","FAAt703","BEA_API"
1982,26,"Ships",4615,"m1gdefn1eb00","6","FAAt703","BEA_API"
1983,26,"Ships",4993,"m1gdefn1eb00","6","FAAt703","BEA_API"
1984,26,"Ships",5575,"m1gdefn1eb00","6","FAAt703","BEA_API"
1985,26,"Ships",5935,"m1gdefn1eb00","6","FAAt703","BEA_API"
1986,26,"Ships",6361,"m1gdefn1eb00","6","FAAt703","BEA_API"
1987,26,"Ships",6731,"m1gdefn1eb00","6","FAAt703","BEA_API"
1988,26,"Ships",7136,"m1gdefn1eb00","6","FAAt703","BEA_API"
1989,26,"Ships",7659,"m1gdefn1eb00","6","FAAt703","BEA_API"
1990,26,"Ships",8134,"m1gdefn1eb00","6","FAAt703","BEA_API"
1991,26,"Ships",8780,"m1gdefn1eb00","6","FAAt703","BEA_API"
1992,26,"Ships",9076,"m1gdefn1eb00","6","FAAt703","BEA_API"
1993,26,"Ships",9286,"m1gdefn1eb00","6","FAAt703","BEA_API"
1994,26,"Ships",9515,"m1gdefn1eb00","6","FAAt703","BEA_API"
1995,26,"Ships",9881,"m1gdefn1eb00","6","FAAt703","BEA_API"
1996,26,"Ships",9678,"m1gdefn1eb00","6","FAAt703","BEA_API"
1997,26,"Ships",9534,"m1gdefn1eb00","6","FAAt703","BEA_API"
1998,26,"Ships",9210,"m1gdefn1eb00","6","FAAt703","BEA_API"
1999,26,"Ships",8902,"m1gdefn1eb00","6","FAAt703","BEA_API"
2000,26,"Ships",8925,"m1gdefn1eb00","6","FAAt703","BEA_API"
2001,26,"Ships",8768,"m1gdefn1eb00","6","FAAt703","BEA_API"
2002,26,"Ships",8764,"m1gdefn1eb00","6","FAAt703","BEA_API"
2003,26,"Ships",8973,"m1gdefn1eb00","6","FAAt703","BEA_API"
2004,26,"Ships",9403,"m1gdefn1eb00","6","FAAt703","BEA_API"
2005,26,"Ships",9731,"m1gdefn1eb00","6","FAAt703","BEA_API"
2006,26,"Ships",10100,"m1gdefn1eb00","6","FAAt703","BEA_API"
2007,26,"Ships",10601,"m1gdefn1eb00","6","FAAt703","BEA_API"
2008,26,"Ships",11041,"m1gdefn1eb00","6","FAAt703","BEA_API"
2009,26,"Ships",11291,"m1gdefn1eb00","6","FAAt703","BEA_API"
2010,26,"Ships",11566,"m1gdefn1eb00","6","FAAt703","BEA_API"
2011,26,"Ships",12124,"m1gdefn1eb00","6","FAAt703","BEA_API"
2012,26,"Ships",12162,"m1gdefn1eb00","6","FAAt703","BEA_API"
2013,26,"Ships",12028,"m1gdefn1eb00","6","FAAt703","BEA_API"
2014,26,"Ships",12045,"m1gdefn1eb00","6","FAAt703","BEA_API"
2015,26,"Ships",11898,"m1gdefn1eb00","6","FAAt703","BEA_API"
2016,26,"Ships",11870,"m1gdefn1eb00","6","FAAt703","BEA_API"
2017,26,"Ships",12044,"m1gdefn1eb00","6","FAAt703","BEA_API"
2018,26,"Ships",12276,"m1gdefn1eb00","6","FAAt703","BEA_API"
2019,26,"Ships",12569,"m1gdefn1eb00","6","FAAt703","BEA_API"
2020,26,"Ships",13041,"m1gdefn1eb00","6","FAAt703","BEA_API"
2021,26,"Ships",13838,"m1gdefn1eb00","6","FAAt703","BEA_API"
2022,26,"Ships",15163,"m1gdefn1eb00","6","FAAt703","BEA_API"
2023,26,"Ships",16122,"m1gdefn1eb00","6","FAAt703","BEA_API"
2024,26,"Ships",16871,"m1gdefn1eb00","6","FAAt703","BEA_API"
1972,27,"Vehicles",831,"m1gdefn1ev00","6","FAAt703","BEA_API"
1973,27,"Vehicles",658,"m1gdefn1ev00","6","FAAt703","BEA_API"
1974,27,"Vehicles",493,"m1gdefn1ev00","6","FAAt703","BEA_API"
1975,27,"Vehicles",464,"m1gdefn1ev00","6","FAAt703","BEA_API"
1976,27,"Vehicles",530,"m1gdefn1ev00","6","FAAt703","BEA_API"
1977,27,"Vehicles",583,"m1gdefn1ev00","6","FAAt703","BEA_API"
1978,27,"Vehicles",630,"m1gdefn1ev00","6","FAAt703","BEA_API"
1979,27,"Vehicles",680,"m1gdefn1ev00","6","FAAt703","BEA_API"
1980,27,"Vehicles",819,"m1gdefn1ev00","6","FAAt703","BEA_API"
1981,27,"Vehicles",1069,"m1gdefn1ev00","6","FAAt703","BEA_API"
1982,27,"Vehicles",1331,"m1gdefn1ev00","6","FAAt703","BEA_API"
1983,27,"Vehicles",1509,"m1gdefn1ev00","6","FAAt703","BEA_API"
1984,27,"Vehicles",1788,"m1gdefn1ev00","6","FAAt703","BEA_API"
1985,27,"Vehicles",2192,"m1gdefn1ev00","6","FAAt703","BEA_API"
1986,27,"Vehicles",2220,"m1gdefn1ev00","6","FAAt703","BEA_API"
1987,27,"Vehicles",2702,"m1gdefn1ev00","6","FAAt703","BEA_API"
1988,27,"Vehicles",2788,"m1gdefn1ev00","6","FAAt703","BEA_API"
1989,27,"Vehicles",2779,"m1gdefn1ev00","6","FAAt703","BEA_API"
1990,27,"Vehicles",2789,"m1gdefn1ev00","6","FAAt703","BEA_API"
1991,27,"Vehicles",2936,"m1gdefn1ev00","6","FAAt703","BEA_API"
1992,27,"Vehicles",3068,"m1gdefn1ev00","6","FAAt703","BEA_API"
1993,27,"Vehicles",3065,"m1gdefn1ev00","6","FAAt703","BEA_API"
1994,27,"Vehicles",3029,"m1gdefn1ev00","6","FAAt703","BEA_API"
1995,27,"Vehicles",2691,"m1gdefn1ev00","6","FAAt703","BEA_API"
1996,27,"Vehicles",2497,"m1gdefn1ev00","6","FAAt703","BEA_API"
1997,27,"Vehicles",2359,"m1gdefn1ev00","6","FAAt703","BEA_API"
1998,27,"Vehicles",2223,"m1gdefn1ev00","6","FAAt703","BEA_API"
1999,27,"Vehicles",2211,"m1gdefn1ev00","6","FAAt703","BEA_API"
2000,27,"Vehicles",2172,"m1gdefn1ev00","6","FAAt703","BEA_API"
2001,27,"Vehicles",2131,"m1gdefn1ev00","6","FAAt703","BEA_API"
2002,27,"Vehicles",2220,"m1gdefn1ev00","6","FAAt703","BEA_API"
2003,27,"Vehicles",2377,"m1gdefn1ev00","6","FAAt703","BEA_API"
2004,27,"Vehicles",2540,"m1gdefn1ev00","6","FAAt703","BEA_API"
2005,27,"Vehicles",2816,"m1gdefn1ev00","6","FAAt703","BEA_API"
2006,27,"Vehicles",3174,"m1gdefn1ev00","6","FAAt703","BEA_API"
2007,27,"Vehicles",3878,"m1gdefn1ev00","6","FAAt703","BEA_API"
2008,27,"Vehicles",4780,"m1gdefn1ev00","6","FAAt703","BEA_API"
2009,27,"Vehicles",5886,"m1gdefn1ev00","6","FAAt703","BEA_API"
2010,27,"Vehicles",6652,"m1gdefn1ev00","6","FAAt703","BEA_API"
2011,27,"Vehicles",7020,"m1gdefn1ev00","6","FAAt703","BEA_API"
2012,27,"Vehicles",7065,"m1gdefn1ev00","6","FAAt703","BEA_API"
2013,27,"Vehicles",6655,"m1gdefn1ev00","6","FAAt703","BEA_API"
2014,27,"Vehicles",6069,"m1gdefn1ev00","6","FAAt703","BEA_API"
2015,27,"Vehicles",5695,"m1gdefn1ev00","6","FAAt703","BEA_API"
2016,27,"Vehicles",5112,"m1gdefn1ev00","6","FAAt703","BEA_API"
2017,27,"Vehicles",4866,"m1gdefn1ev00","6","FAAt703","BEA_API"
2018,27,"Vehicles",4632,"m1gdefn1ev00","6","FAAt703","BEA_API"
2019,27,"Vehicles",4305,"m1gdefn1ev00","6","FAAt703","BEA_API"
2020,27,"Vehicles",4277,"m1gdefn1ev00","6","FAAt703","BEA_API"
2021,27,"Vehicles",4451,"m1gdefn1ev00","6","FAAt703","BEA_API"
2022,27,"Vehicles",4684,"m1gdefn1ev00","6","FAAt703","BEA_API"
2023,27,"Vehicles",4723,"m1gdefn1ev00","6","FAAt703","BEA_API"
2024,27,"Vehicles",4817,"m1gdefn1ev00","6","FAAt703","BEA_API"
1972,28,"Electronics",1618,"m1gdefn1ee00","6","FAAt703","BEA_API"
1973,28,"Electronics",1493,"m1gdefn1ee00","6","FAAt703","BEA_API"
1974,28,"Electronics",1445,"m1gdefn1ee00","6","FAAt703","BEA_API"
1975,28,"Electronics",1357,"m1gdefn1ee00","6","FAAt703","BEA_API"
1976,28,"Electronics",1289,"m1gdefn1ee00","6","FAAt703","BEA_API"
1977,28,"Electronics",1293,"m1gdefn1ee00","6","FAAt703","BEA_API"
1978,28,"Electronics",1296,"m1gdefn1ee00","6","FAAt703","BEA_API"
1979,28,"Electronics",1414,"m1gdefn1ee00","6","FAAt703","BEA_API"
1980,28,"Electronics",1505,"m1gdefn1ee00","6","FAAt703","BEA_API"
1981,28,"Electronics",1670,"m1gdefn1ee00","6","FAAt703","BEA_API"
1982,28,"Electronics",1830,"m1gdefn1ee00","6","FAAt703","BEA_API"
1983,28,"Electronics",2037,"m1gdefn1ee00","6","FAAt703","BEA_API"
1984,28,"Electronics",2281,"m1gdefn1ee00","6","FAAt703","BEA_API"
1985,28,"Electronics",2629,"m1gdefn1ee00","6","FAAt703","BEA_API"
1986,28,"Electronics",3009,"m1gdefn1ee00","6","FAAt703","BEA_API"
1987,28,"Electronics",3441,"m1gdefn1ee00","6","FAAt703","BEA_API"
1988,28,"Electronics",3850,"m1gdefn1ee00","6","FAAt703","BEA_API"
1989,28,"Electronics",4137,"m1gdefn1ee00","6","FAAt703","BEA_API"
1990,28,"Electronics",4230,"m1gdefn1ee00","6","FAAt703","BEA_API"
1991,28,"Electronics",4164,"m1gdefn1ee00","6","FAAt703","BEA_API"
1992,28,"Electronics",4068,"m1gdefn1ee00","6","FAAt703","BEA_API"
1993,28,"Electronics",4070,"m1gdefn1ee00","6","FAAt703","BEA_API"
1994,28,"Electronics",4050,"m1gdefn1ee00","6","FAAt703","BEA_API"
1995,28,"Electronics",3948,"m1gdefn1ee00","6","FAAt703","BEA_API"
1996,28,"Electronics",3740,"m1gdefn1ee00","6","FAAt703","BEA_API"
1997,28,"Electronics",3581,"m1gdefn1ee00","6","FAAt703","BEA_API"
1998,28,"Electronics",3406,"m1gdefn1ee00","6","FAAt703","BEA_API"
1999,28,"Electronics",3341,"m1gdefn1ee00","6","FAAt703","BEA_API"
2000,28,"Electronics",3447,"m1gdefn1ee00","6","FAAt703","BEA_API"
2001,28,"Electronics",3466,"m1gdefn1ee00","6","FAAt703","BEA_API"
2002,28,"Electronics",3542,"m1gdefn1ee00","6","FAAt703","BEA_API"
2003,28,"Electronics",3726,"m1gdefn1ee00","6","FAAt703","BEA_API"
2004,28,"Electronics",4034,"m1gdefn1ee00","6","FAAt703","BEA_API"
2005,28,"Electronics",4379,"m1gdefn1ee00","6","FAAt703","BEA_API"
2006,28,"Electronics",4950,"m1gdefn1ee00","6","FAAt703","BEA_API"
2007,28,"Electronics",5810,"m1gdefn1ee00","6","FAAt703","BEA_API"
2008,28,"Electronics",6944,"m1gdefn1ee00","6","FAAt703","BEA_API"
2009,28,"Electronics",8019,"m1gdefn1ee00","6","FAAt703","BEA_API"
2010,28,"Electronics",8772,"m1gdefn1ee00","6","FAAt703","BEA_API"
2011,28,"Electronics",9169,"m1gdefn1ee00","6","FAAt703","BEA_API"
2012,28,"Electronics",9288,"m1gdefn1ee00","6","FAAt703","BEA_API"
2013,28,"Electronics",9121,"m1gdefn1ee00","6","FAAt703","BEA_API"
2014,28,"Electronics",8662,"m1gdefn1ee00","6","FAAt703","BEA_API"
2015,28,"Electronics",8140,"m1gdefn1ee00","6","FAAt703","BEA_API"
2016,28,"Electronics",7745,"m1gdefn1ee00","6","FAAt703","BEA_API"
2017,28,"Electronics",7617,"m1gdefn1ee00","6","FAAt703","BEA_API"
2018,28,"Electronics",7643,"m1gdefn1ee00","6","FAAt703","BEA_API"
2019,28,"Electronics",7645,"m1gdefn1ee00","6","FAAt703","BEA_API"
2020,28,"Electronics",7732,"m1gdefn1ee00","6","FAAt703","BEA_API"
2021,28,"Electronics",8052,"m1gdefn1ee00","6","FAAt703","BEA_API"
2022,28,"Electronics",8756,"m1gdefn1ee00","6","FAAt703","BEA_API"
2023,28,"Electronics",9101,"m1gdefn1ee00","6","FAAt703","BEA_API"
2024,28,"Electronics",9485,"m1gdefn1ee00","6","FAAt703","BEA_API"
1972,29,"Other equipment",1892,"m1gdefn1eo00","6","FAAt703","BEA_API"
1973,29,"Other equipment",1998,"m1gdefn1eo00","6","FAAt703","BEA_API"
1974,29,"Other equipment",2224,"m1gdefn1eo00","6","FAAt703","BEA_API"
1975,29,"Other equipment",2483,"m1gdefn1eo00","6","FAAt703","BEA_API"
1976,29,"Other equipment",2797,"m1gdefn1eo00","6","FAAt703","BEA_API"
1977,29,"Other equipment",3026,"m1gdefn1eo00","6","FAAt703","BEA_API"
1978,29,"Other equipment",3387,"m1gdefn1eo00","6","FAAt703","BEA_API"
1979,29,"Other equipment",3621,"m1gdefn1eo00","6","FAAt703","BEA_API"
1980,29,"Other equipment",4065,"m1gdefn1eo00","6","FAAt703","BEA_API"
1981,29,"Other equipment",4626,"m1gdefn1eo00","6","FAAt703","BEA_API"
1982,29,"Other equipment",5215,"m1gdefn1eo00","6","FAAt703","BEA_API"
1983,29,"Other equipment",5523,"m1gdefn1eo00","6","FAAt703","BEA_API"
1984,29,"Other equipment",5960,"m1gdefn1eo00","6","FAAt703","BEA_API"
1985,29,"Other equipment",6533,"m1gdefn1eo00","6","FAAt703","BEA_API"
1986,29,"Other equipment",7095,"m1gdefn1eo00","6","FAAt703","BEA_API"
1987,29,"Other equipment",7605,"m1gdefn1eo00","6","FAAt703","BEA_API"
1988,29,"Other equipment",8277,"m1gdefn1eo00","6","FAAt703","BEA_API"
1989,29,"Other equipment",9054,"m1gdefn1eo00","6","FAAt703","BEA_API"
1990,29,"Other equipment",9831,"m1gdefn1eo00","6","FAAt703","BEA_API"
1991,29,"Other equipment",10576,"m1gdefn1eo00","6","FAAt703","BEA_API"
1992,29,"Other equipment",11444,"m1gdefn1eo00","6","FAAt703","BEA_API"
1993,29,"Other equipment",12010,"m1gdefn1eo00","6","FAAt703","BEA_API"
1994,29,"Other equipment",12292,"m1gdefn1eo00","6","FAAt703","BEA_API"
1995,29,"Other equipment",12599,"m1gdefn1eo00","6","FAAt703","BEA_API"
1996,29,"Other equipment",13073,"m1gdefn1eo00","6","FAAt703","BEA_API"
1997,29,"Other equipment",13378,"m1gdefn1eo00","6","FAAt703","BEA_API"
1998,29,"Other equipment",13499,"m1gdefn1eo00","6","FAAt703","BEA_API"
1999,29,"Other equipment",13642,"m1gdefn1eo00","6","FAAt703","BEA_API"
2000,29,"Other equipment",13911,"m1gdefn1eo00","6","FAAt703","BEA_API"
2001,29,"Other equipment",14083,"m1gdefn1eo00","6","FAAt703","BEA_API"
2002,29,"Other equipment",14456,"m1gdefn1eo00","6","FAAt703","BEA_API"
2003,29,"Other equipment",15293,"m1gdefn1eo00","6","FAAt703","BEA_API"
2004,29,"Other equipment",16271,"m1gdefn1eo00","6","FAAt703","BEA_API"
2005,29,"Other equipment",17705,"m1gdefn1eo00","6","FAAt703","BEA_API"
2006,29,"Other equipment",18810,"m1gdefn1eo00","6","FAAt703","BEA_API"
2007,29,"Other equipment",19770,"m1gdefn1eo00","6","FAAt703","BEA_API"
2008,29,"Other equipment",21351,"m1gdefn1eo00","6","FAAt703","BEA_API"
2009,29,"Other equipment",23105,"m1gdefn1eo00","6","FAAt703","BEA_API"
2010,29,"Other equipment",24705,"m1gdefn1eo00","6","FAAt703","BEA_API"
2011,29,"Other equipment",26154,"m1gdefn1eo00","6","FAAt703","BEA_API"
2012,29,"Other equipment",27151,"m1gdefn1eo00","6","FAAt703","BEA_API"
2013,29,"Other equipment",27703,"m1gdefn1eo00","6","FAAt703","BEA_API"
2014,29,"Other equipment",27663,"m1gdefn1eo00","6","FAAt703","BEA_API"
2015,29,"Other equipment",27778,"m1gdefn1eo00","6","FAAt703","BEA_API"
2016,29,"Other equipment",27721,"m1gdefn1eo00","6","FAAt703","BEA_API"
2017,29,"Other equipment",27963,"m1gdefn1eo00","6","FAAt703","BEA_API"
2018,29,"Other equipment",28801,"m1gdefn1eo00","6","FAAt703","BEA_API"
2019,29,"Other equipment",30084,"m1gdefn1eo00","6","FAAt703","BEA_API"
2020,29,"Other equipment",31296,"m1gdefn1eo00","6","FAAt703","BEA_API"
2021,29,"Other equipment",33382,"m1gdefn1eo00","6","FAAt703","BEA_API"
2022,29,"Other equipment",36215,"m1gdefn1eo00","6","FAAt703","BEA_API"
2023,29,"Other equipment",37684,"m1gdefn1eo00","6","FAAt703","BEA_API"
2024,29,"Other equipment",39060,"m1gdefn1eo00","6","FAAt703","BEA_API"
1925,30,"Structures",82,"m1gdefn1st00","6","FAAt703","BEA_API"
1926,30,"Structures",82,"m1gdefn1st00","6","FAAt703","BEA_API"
1927,30,"Structures",80,"m1gdefn1st00","6","FAAt703","BEA_API"
1928,30,"Structures",75,"m1gdefn1st00","6","FAAt703","BEA_API"
1929,30,"Structures",73,"m1gdefn1st00","6","FAAt703","BEA_API"
1930,30,"Structures",67,"m1gdefn1st00","6","FAAt703","BEA_API"
1931,30,"Structures",60,"m1gdefn1st00","6","FAAt703","BEA_API"
1932,30,"Structures",51,"m1gdefn1st00","6","FAAt703","BEA_API"
1933,30,"Structures",54,"m1gdefn1st00","6","FAAt703","BEA_API"
1934,30,"Structures",60,"m1gdefn1st00","6","FAAt703","BEA_API"
1935,30,"Structures",61,"m1gdefn1st00","6","FAAt703","BEA_API"
1936,30,"Structures",68,"m1gdefn1st00","6","FAAt703","BEA_API"
1937,30,"Structures",74,"m1gdefn1st00","6","FAAt703","BEA_API"
1938,30,"Structures",77,"m1gdefn1st00","6","FAAt703","BEA_API"
1939,30,"Structures",80,"m1gdefn1st00","6","FAAt703","BEA_API"
1940,30,"Structures",88,"m1gdefn1st00","6","FAAt703","BEA_API"
1941,30,"Structures",137,"m1gdefn1st00","6","FAAt703","BEA_API"
1942,30,"Structures",313,"m1gdefn1st00","6","FAAt703","BEA_API"
1943,30,"Structures",512,"m1gdefn1st00","6","FAAt703","BEA_API"
1944,30,"Structures",569,"m1gdefn1st00","6","FAAt703","BEA_API"
1945,30,"Structures",613,"m1gdefn1st00","6","FAAt703","BEA_API"
1946,30,"Structures",734,"m1gdefn1st00","6","FAAt703","BEA_API"
1947,30,"Structures",872,"m1gdefn1st00","6","FAAt703","BEA_API"
1948,30,"Structures",920,"m1gdefn1st00","6","FAAt703","BEA_API"
1949,30,"Structures",905,"m1gdefn1st00","6","FAAt703","BEA_API"
1950,30,"Structures",855,"m1gdefn1st00","6","FAAt703","BEA_API"
1951,30,"Structures",1074,"m1gdefn1st00","6","FAAt703","BEA_API"
1952,30,"Structures",1153,"m1gdefn1st00","6","FAAt703","BEA_API"
1953,30,"Structures",1251,"m1gdefn1st00","6","FAAt703","BEA_API"
1954,30,"Structures",1147,"m1gdefn1st00","6","FAAt703","BEA_API"
1955,30,"Structures",1198,"m1gdefn1st00","6","FAAt703","BEA_API"
1956,30,"Structures",1300,"m1gdefn1st00","6","FAAt703","BEA_API"
1957,30,"Structures",1396,"m1gdefn1st00","6","FAAt703","BEA_API"
1958,30,"Structures",1475,"m1gdefn1st00","6","FAAt703","BEA_API"
1959,30,"Structures",1449,"m1gdefn1st00","6","FAAt703","BEA_API"
1960,30,"Structures",1446,"m1gdefn1st00","6","FAAt703","BEA_API"
1961,30,"Structures",1463,"m1gdefn1st00","6","FAAt703","BEA_API"
1962,30,"Structures",1478,"m1gdefn1st00","6","FAAt703","BEA_API"
1963,30,"Structures",1514,"m1gdefn1st00","6","FAAt703","BEA_API"
1964,30,"Structures",1544,"m1gdefn1st00","6","FAAt703","BEA_API"
1965,30,"Structures",1569,"m1gdefn1st00","6","FAAt703","BEA_API"
1966,30,"Structures",1615,"m1gdefn1st00","6","FAAt703","BEA_API"
1967,30,"Structures",1689,"m1gdefn1st00","6","FAAt703","BEA_API"
1968,30,"Structures",1771,"m1gdefn1st00","6","FAAt703","BEA_API"
1969,30,"Structures",1885,"m1gdefn1st00","6","FAAt703","BEA_API"
1970,30,"Structures",2028,"m1gdefn1st00","6","FAAt703","BEA_API"
1971,30,"Structures",2223,"m1gdefn1st00","6","FAAt703","BEA_API"
1972,30,"Structures",2375,"m1gdefn1st00","6","FAAt703","BEA_API"
1973,30,"Structures",2816,"m1gdefn1st00","6","FAAt703","BEA_API"
1974,30,"Structures",3246,"m1gdefn1st00","6","FAAt703","BEA_API"
1975,30,"Structures",3553,"m1gdefn1st00","6","FAAt703","BEA_API"
1976,30,"Structures",3643,"m1gdefn1st00","6","FAAt703","BEA_API"
1977,30,"Structures",3873,"m1gdefn1st00","6","FAAt703","BEA_API"
1978,30,"Structures",3997,"m1gdefn1st00","6","FAAt703","BEA_API"
1979,30,"Structures",4509,"m1gdefn1st00","6","FAAt703","BEA_API"
1980,30,"Structures",4907,"m1gdefn1st00","6","FAAt703","BEA_API"
1981,30,"Structures",5216,"m1gdefn1st00","6","FAAt703","BEA_API"
1982,30,"Structures",5318,"m1gdefn1st00","6","FAAt703","BEA_API"
1983,30,"Structures",5324,"m1gdefn1st00","6","FAAt703","BEA_API"
1984,30,"Structures",5534,"m1gdefn1st00","6","FAAt703","BEA_API"
1985,30,"Structures",5748,"m1gdefn1st00","6","FAAt703","BEA_API"
1986,30,"Structures",5937,"m1gdefn1st00","6","FAAt703","BEA_API"
1987,30,"Structures",6211,"m1gdefn1st00","6","FAAt703","BEA_API"
1988,30,"Structures",6377,"m1gdefn1st00","6","FAAt703","BEA_API"
1989,30,"Structures",6706,"m1gdefn1st00","6","FAAt703","BEA_API"
1990,30,"Structures",6896,"m1gdefn1st00","6","FAAt703","BEA_API"
1991,30,"Structures",7085,"m1gdefn1st00","6","FAAt703","BEA_API"
1992,30,"Structures",7261,"m1gdefn1st00","6","FAAt703","BEA_API"
1993,30,"Structures",7619,"m1gdefn1st00","6","FAAt703","BEA_API"
1994,30,"Structures",7804,"m1gdefn1st00","6","FAAt703","BEA_API"
1995,30,"Structures",8098,"m1gdefn1st00","6","FAAt703","BEA_API"
1996,30,"Structures",8283,"m1gdefn1st00","6","FAAt703","BEA_API"
1997,30,"Structures",8495,"m1gdefn1st00","6","FAAt703","BEA_API"
1998,30,"Structures",8683,"m1gdefn1st00","6","FAAt703","BEA_API"
1999,30,"Structures",8947,"m1gdefn1st00","6","FAAt703","BEA_API"
2000,30,"Structures",9249,"m1gdefn1st00","6","FAAt703","BEA_API"
2001,30,"Structures",9511,"m1gdefn1st00","6","FAAt703","BEA_API"
2002,30,"Structures",9675,"m1gdefn1st00","6","FAAt703","BEA_API"
2003,30,"Structures",9881,"m1gdefn1st00","6","FAAt703","BEA_API"
2004,30,"Structures",10359,"m1gdefn1st00","6","FAAt703","BEA_API"
2005,30,"Structures",11236,"m1gdefn1st00","6","FAAt703","BEA_API"
2006,30,"Structures",12169,"m1gdefn1st00","6","FAAt703","BEA_API"
2007,30,"Structures",12924,"m1gdefn1st00","6","FAAt703","BEA_API"
2008,30,"Structures",13477,"m1gdefn1st00","6","FAAt703","BEA_API"
2009,30,"Structures",13280,"m1gdefn1st00","6","FAAt703","BEA_API"
2010,30,"Structures",13216,"m1gdefn1st00","6","FAAt703","BEA_API"
2011,30,"Structures",13602,"m1gdefn1st00","6","FAAt703","BEA_API"
2012,30,"Structures",13896,"m1gdefn1st00","6","FAAt703","BEA_API"
2013,30,"Structures",14211,"m1gdefn1st00","6","FAAt703","BEA_API"
2014,30,"Structures",14568,"m1gdefn1st00","6","FAAt703","BEA_API"
2015,30,"Structures",14617,"m1gdefn1st00","6","FAAt703","BEA_API"
2016,30,"Structures",14809,"m1gdefn1st00","6","FAAt703","BEA_API"
2017,30,"Structures",15207,"m1gdefn1st00","6","FAAt703","BEA_API"
2018,30,"Structures",15695,"m1gdefn1st00","6","FAAt703","BEA_API"
2019,30,"Structures",15924,"m1gdefn1st00","6","FAAt703","BEA_API"
2020,30,"Structures",16119,"m1gdefn1st00","6","FAAt703","BEA_API"
2021,30,"Structures",17580,"m1gdefn1st00","6","FAAt703","BEA_API"
2022,30,"Structures",19353,"m1gdefn1st00","6","FAAt703","BEA_API"
2023,30,"Structures",19927,"m1gdefn1st00","6","FAAt703","BEA_API"
2024,30,"Structures",20405,"m1gdefn1st00","6","FAAt703","BEA_API"
1925,31,"Buildings",0,"m1gdefn1sb00","6","FAAt703","BEA_API"
1926,31,"Buildings",0,"m1gdefn1sb00","6","FAAt703","BEA_API"
1927,31,"Buildings",0,"m1gdefn1sb00","6","FAAt703","BEA_API"
1928,31,"Buildings",0,"m1gdefn1sb00","6","FAAt703","BEA_API"
1929,31,"Buildings",0,"m1gdefn1sb00","6","FAAt703","BEA_API"
1930,31,"Buildings",0,"m1gdefn1sb00","6","FAAt703","BEA_API"
1931,31,"Buildings",0,"m1gdefn1sb00","6","FAAt703","BEA_API"
1932,31,"Buildings",0,"m1gdefn1sb00","6","FAAt703","BEA_API"
1933,31,"Buildings",0,"m1gdefn1sb00","6","FAAt703","BEA_API"
1934,31,"Buildings",0,"m1gdefn1sb00","6","FAAt703","BEA_API"
1935,31,"Buildings",1,"m1gdefn1sb00","6","FAAt703","BEA_API"
1936,31,"Buildings",2,"m1gdefn1sb00","6","FAAt703","BEA_API"
1937,31,"Buildings",5,"m1gdefn1sb00","6","FAAt703","BEA_API"
1938,31,"Buildings",7,"m1gdefn1sb00","6","FAAt703","BEA_API"
1939,31,"Buildings",9,"m1gdefn1sb00","6","FAAt703","BEA_API"
1940,31,"Buildings",12,"m1gdefn1sb00","6","FAAt703","BEA_API"
1941,31,"Buildings",34,"m1gdefn1sb00","6","FAAt703","BEA_API"
1942,31,"Buildings",111,"m1gdefn1sb00","6","FAAt703","BEA_API"
1943,31,"Buildings",202,"m1gdefn1sb00","6","FAAt703","BEA_API"
1944,31,"Buildings",238,"m1gdefn1sb00","6","FAAt703","BEA_API"
1945,31,"Buildings",267,"m1gdefn1sb00","6","FAAt703","BEA_API"
1946,31,"Buildings",328,"m1gdefn1sb00","6","FAAt703","BEA_API"
1947,31,"Buildings",392,"m1gdefn1sb00","6","FAAt703","BEA_API"
1948,31,"Buildings",421,"m1gdefn1sb00","6","FAAt703","BEA_API"
1949,31,"Buildings",419,"m1gdefn1sb00","6","FAAt703","BEA_API"
1950,31,"Buildings",391,"m1gdefn1sb00","6","FAAt703","BEA_API"
1951,31,"Buildings",482,"m1gdefn1sb00","6","FAAt703","BEA_API"
1952,31,"Buildings",524,"m1gdefn1sb00","6","FAAt703","BEA_API"
1953,31,"Buildings",588,"m1gdefn1sb00","6","FAAt703","BEA_API"
1954,31,"Buildings",551,"m1gdefn1sb00","6","FAAt703","BEA_API"
1955,31,"Buildings",584,"m1gdefn1sb00","6","FAAt703","BEA_API"
1956,31,"Buildings",617,"m1gdefn1sb00","6","FAAt703","BEA_API"
1957,31,"Buildings",669,"m1gdefn1sb00","6","FAAt703","BEA_API"
1958,31,"Buildings",718,"m1gdefn1sb00","6","FAAt703","BEA_API"
1959,31,"Buildings",654,"m1gdefn1sb00","6","FAAt703","BEA_API"
1960,31,"Buildings",643,"m1gdefn1sb00","6","FAAt703","BEA_API"
1961,31,"Buildings",639,"m1gdefn1sb00","6","FAAt703","BEA_API"
1962,31,"Buildings",622,"m1gdefn1sb00","6","FAAt703","BEA_API"
1963,31,"Buildings",632,"m1gdefn1sb00","6","FAAt703","BEA_API"
1964,31,"Buildings",648,"m1gdefn1sb00","6","FAAt703","BEA_API"
1965,31,"Buildings",658,"m1gdefn1sb00","6","FAAt703","BEA_API"
1966,31,"Buildings",695,"m1gdefn1sb00","6","FAAt703","BEA_API"
1967,31,"Buildings",714,"m1gdefn1sb00","6","FAAt703","BEA_API"
1968,31,"Buildings",728,"m1gdefn1sb00","6","FAAt703","BEA_API"
1969,31,"Buildings",764,"m1gdefn1sb00","6","FAAt703","BEA_API"
1970,31,"Buildings",811,"m1gdefn1sb00","6","FAAt703","BEA_API"
1971,31,"Buildings",891,"m1gdefn1sb00","6","FAAt703","BEA_API"
1972,31,"Buildings",889,"m1gdefn1sb00","6","FAAt703","BEA_API"
1973,31,"Buildings",957,"m1gdefn1sb00","6","FAAt703","BEA_API"
1974,31,"Buildings",1098,"m1gdefn1sb00","6","FAAt703","BEA_API"
1975,31,"Buildings",1179,"m1gdefn1sb00","6","FAAt703","BEA_API"
1976,31,"Buildings",1156,"m1gdefn1sb00","6","FAAt703","BEA_API"
1977,31,"Buildings",1212,"m1gdefn1sb00","6","FAAt703","BEA_API"
1978,31,"Buildings",1257,"m1gdefn1sb00","6","FAAt703","BEA_API"
1979,31,"Buildings",1429,"m1gdefn1sb00","6","FAAt703","BEA_API"
1980,31,"Buildings",1561,"m1gdefn1sb00","6","FAAt703","BEA_API"
1981,31,"Buildings",1699,"m1gdefn1sb00","6","FAAt703","BEA_API"
1982,31,"Buildings",1829,"m1gdefn1sb00","6","FAAt703","BEA_API"
1983,31,"Buildings",1849,"m1gdefn1sb00","6","FAAt703","BEA_API"
1984,31,"Buildings",1927,"m1gdefn1sb00","6","FAAt703","BEA_API"
1985,31,"Buildings",1940,"m1gdefn1sb00","6","FAAt703","BEA_API"
1986,31,"Buildings",1921,"m1gdefn1sb00","6","FAAt703","BEA_API"
1987,31,"Buildings",2010,"m1gdefn1sb00","6","FAAt703","BEA_API"
1988,31,"Buildings",2127,"m1gdefn1sb00","6","FAAt703","BEA_API"
1989,31,"Buildings",2282,"m1gdefn1sb00","6","FAAt703","BEA_API"
1990,31,"Buildings",2364,"m1gdefn1sb00","6","FAAt703","BEA_API"
1991,31,"Buildings",2410,"m1gdefn1sb00","6","FAAt703","BEA_API"
1992,31,"Buildings",2368,"m1gdefn1sb00","6","FAAt703","BEA_API"
1993,31,"Buildings",2427,"m1gdefn1sb00","6","FAAt703","BEA_API"
1994,31,"Buildings",2472,"m1gdefn1sb00","6","FAAt703","BEA_API"
1995,31,"Buildings",2555,"m1gdefn1sb00","6","FAAt703","BEA_API"
1996,31,"Buildings",2604,"m1gdefn1sb00","6","FAAt703","BEA_API"
1997,31,"Buildings",2665,"m1gdefn1sb00","6","FAAt703","BEA_API"
1998,31,"Buildings",2722,"m1gdefn1sb00","6","FAAt703","BEA_API"
1999,31,"Buildings",2793,"m1gdefn1sb00","6","FAAt703","BEA_API"
2000,31,"Buildings",2877,"m1gdefn1sb00","6","FAAt703","BEA_API"
2001,31,"Buildings",2943,"m1gdefn1sb00","6","FAAt703","BEA_API"
2002,31,"Buildings",2990,"m1gdefn1sb00","6","FAAt703","BEA_API"
2003,31,"Buildings",3069,"m1gdefn1sb00","6","FAAt703","BEA_API"
2004,31,"Buildings",3251,"m1gdefn1sb00","6","FAAt703","BEA_API"
2005,31,"Buildings",3473,"m1gdefn1sb00","6","FAAt703","BEA_API"
2006,31,"Buildings",3693,"m1gdefn1sb00","6","FAAt703","BEA_API"
2007,31,"Buildings",3807,"m1gdefn1sb00","6","FAAt703","BEA_API"
2008,31,"Buildings",3795,"m1gdefn1sb00","6","FAAt703","BEA_API"
2009,31,"Buildings",3639,"m1gdefn1sb00","6","FAAt703","BEA_API"
2010,31,"Buildings",3526,"m1gdefn1sb00","6","FAAt703","BEA_API"
2011,31,"Buildings",3537,"m1gdefn1sb00","6","FAAt703","BEA_API"
2012,31,"Buildings",3557,"m1gdefn1sb00","6","FAAt703","BEA_API"
2013,31,"Buildings",3645,"m1gdefn1sb00","6","FAAt703","BEA_API"
2014,31,"Buildings",3732,"m1gdefn1sb00","6","FAAt703","BEA_API"
2015,31,"Buildings",3764,"m1gdefn1sb00","6","FAAt703","BEA_API"
2016,31,"Buildings",3842,"m1gdefn1sb00","6","FAAt703","BEA_API"
2017,31,"Buildings",3953,"m1gdefn1sb00","6","FAAt703","BEA_API"
2018,31,"Buildings",4088,"m1gdefn1sb00","6","FAAt703","BEA_API"
2019,31,"Buildings",4175,"m1gdefn1sb00","6","FAAt703","BEA_API"
2020,31,"Buildings",4259,"m1gdefn1sb00","6","FAAt703","BEA_API"
2021,31,"Buildings",4593,"m1gdefn1sb00","6","FAAt703","BEA_API"
2022,31,"Buildings",5157,"m1gdefn1sb00","6","FAAt703","BEA_API"
2023,31,"Buildings",5312,"m1gdefn1sb00","6","FAAt703","BEA_API"
2024,31,"Buildings",5427,"m1gdefn1sb00","6","FAAt703","BEA_API"
1925,32,"Residential",0,"m1gdefn1sb10","6","FAAt703","BEA_API"
1926,32,"Residential",0,"m1gdefn1sb10","6","FAAt703","BEA_API"
1927,32,"Residential",0,"m1gdefn1sb10","6","FAAt703","BEA_API"
1928,32,"Residential",0,"m1gdefn1sb10","6","FAAt703","BEA_API"
1929,32,"Residential",0,"m1gdefn1sb10","6","FAAt703","BEA_API"
1930,32,"Residential",0,"m1gdefn1sb10","6","FAAt703","BEA_API"
1931,32,"Residential",0,"m1gdefn1sb10","6","FAAt703","BEA_API"
1932,32,"Residential",0,"m1gdefn1sb10","6","FAAt703","BEA_API"
1933,32,"Residential",0,"m1gdefn1sb10","6","FAAt703","BEA_API"
1934,32,"Residential",0,"m1gdefn1sb10","6","FAAt703","BEA_API"
1935,32,"Residential",0,"m1gdefn1sb10","6","FAAt703","BEA_API"
1936,32,"Residential",1,"m1gdefn1sb10","6","FAAt703","BEA_API"
1937,32,"Residential",2,"m1gdefn1sb10","6","FAAt703","BEA_API"
1938,32,"Residential",3,"m1gdefn1sb10","6","FAAt703","BEA_API"
1939,32,"Residential",3,"m1gdefn1sb10","6","FAAt703","BEA_API"
1940,32,"Residential",3,"m1gdefn1sb10","6","FAAt703","BEA_API"
1941,32,"Residential",4,"m1gdefn1sb10","6","FAAt703","BEA_API"
1942,32,"Residential",10,"m1gdefn1sb10","6","FAAt703","BEA_API"
1943,32,"Residential",18,"m1gdefn1sb10","6","FAAt703","BEA_API"
1944,32,"Residential",25,"m1gdefn1sb10","6","FAAt703","BEA_API"
1945,32,"Residential",27,"m1gdefn1sb10","6","FAAt703","BEA_API"
1946,32,"Residential",30,"m1gdefn1sb10","6","FAAt703","BEA_API"
1947,32,"Residential",46,"m1gdefn1sb10","6","FAAt703","BEA_API"
1948,32,"Residential",45,"m1gdefn1sb10","6","FAAt703","BEA_API"
1949,32,"Residential",44,"m1gdefn1sb10","6","FAAt703","BEA_API"
1950,32,"Residential",45,"m1gdefn1sb10","6","FAAt703","BEA_API"
1951,32,"Residential",50,"m1gdefn1sb10","6","FAAt703","BEA_API"
1952,32,"Residential",51,"m1gdefn1sb10","6","FAAt703","BEA_API"
1953,32,"Residential",49,"m1gdefn1sb10","6","FAAt703","BEA_API"
1954,32,"Residential",51,"m1gdefn1sb10","6","FAAt703","BEA_API"
1955,32,"Residential",59,"m1gdefn1sb10","6","FAAt703","BEA_API"
1956,32,"Residential",45,"m1gdefn1sb10","6","FAAt703","BEA_API"
1957,32,"Residential",51,"m1gdefn1sb10","6","FAAt703","BEA_API"
1958,32,"Residential",54,"m1gdefn1sb10","6","FAAt703","BEA_API"
1959,32,"Residential",60,"m1gdefn1sb10","6","FAAt703","BEA_API"
1960,32,"Residential",65,"m1gdefn1sb10","6","FAAt703","BEA_API"
1961,32,"Residential",68,"m1gdefn1sb10","6","FAAt703","BEA_API"
1962,32,"Residential",71,"m1gdefn1sb10","6","FAAt703","BEA_API"
1963,32,"Residential",72,"m1gdefn1sb10","6","FAAt703","BEA_API"
1964,32,"Residential",73,"m1gdefn1sb10","6","FAAt703","BEA_API"
1965,32,"Residential",75,"m1gdefn1sb10","6","FAAt703","BEA_API"
1966,32,"Residential",78,"m1gdefn1sb10","6","FAAt703","BEA_API"
1967,32,"Residential",75,"m1gdefn1sb10","6","FAAt703","BEA_API"
1968,32,"Residential",78,"m1gdefn1sb10","6","FAAt703","BEA_API"
1969,32,"Residential",87,"m1gdefn1sb10","6","FAAt703","BEA_API"
1970,32,"Residential",89,"m1gdefn1sb10","6","FAAt703","BEA_API"
1971,32,"Residential",95,"m1gdefn1sb10","6","FAAt703","BEA_API"
1972,32,"Residential",100,"m1gdefn1sb10","6","FAAt703","BEA_API"
1973,32,"Residential",119,"m1gdefn1sb10","6","FAAt703","BEA_API"
1974,32,"Residential",127,"m1gdefn1sb10","6","FAAt703","BEA_API"
1975,32,"Residential",141,"m1gdefn1sb10","6","FAAt703","BEA_API"
1976,32,"Residential",155,"m1gdefn1sb10","6","FAAt703","BEA_API"
1977,32,"Residential",186,"m1gdefn1sb10","6","FAAt703","BEA_API"
1978,32,"Residential",201,"m1gdefn1sb10","6","FAAt703","BEA_API"
1979,32,"Residential",294,"m1gdefn1sb10","6","FAAt703","BEA_API"
1980,32,"Residential",303,"m1gdefn1sb10","6","FAAt703","BEA_API"
1981,32,"Residential",315,"m1gdefn1sb10","6","FAAt703","BEA_API"
1982,32,"Residential",370,"m1gdefn1sb10","6","FAAt703","BEA_API"
1983,32,"Residential",399,"m1gdefn1sb10","6","FAAt703","BEA_API"
1984,32,"Residential",483,"m1gdefn1sb10","6","FAAt703","BEA_API"
1985,32,"Residential",484,"m1gdefn1sb10","6","FAAt703","BEA_API"
1986,32,"Residential",432,"m1gdefn1sb10","6","FAAt703","BEA_API"
1987,32,"Residential",480,"m1gdefn1sb10","6","FAAt703","BEA_API"
1988,32,"Residential",560,"m1gdefn1sb10","6","FAAt703","BEA_API"
1989,32,"Residential",681,"m1gdefn1sb10","6","FAAt703","BEA_API"
1990,32,"Residential",717,"m1gdefn1sb10","6","FAAt703","BEA_API"
1991,32,"Residential",740,"m1gdefn1sb10","6","FAAt703","BEA_API"
1992,32,"Residential",716,"m1gdefn1sb10","6","FAAt703","BEA_API"
1993,32,"Residential",769,"m1gdefn1sb10","6","FAAt703","BEA_API"
1994,32,"Residential",816,"m1gdefn1sb10","6","FAAt703","BEA_API"
1995,32,"Residential",859,"m1gdefn1sb10","6","FAAt703","BEA_API"
1996,32,"Residential",883,"m1gdefn1sb10","6","FAAt703","BEA_API"
1997,32,"Residential",915,"m1gdefn1sb10","6","FAAt703","BEA_API"
1998,32,"Residential",945,"m1gdefn1sb10","6","FAAt703","BEA_API"
1999,32,"Residential",992,"m1gdefn1sb10","6","FAAt703","BEA_API"
2000,32,"Residential",1040,"m1gdefn1sb10","6","FAAt703","BEA_API"
2001,32,"Residential",1093,"m1gdefn1sb10","6","FAAt703","BEA_API"
2002,32,"Residential",1125,"m1gdefn1sb10","6","FAAt703","BEA_API"
2003,32,"Residential",1189,"m1gdefn1sb10","6","FAAt703","BEA_API"
2004,32,"Residential",1292,"m1gdefn1sb10","6","FAAt703","BEA_API"
2005,32,"Residential",1391,"m1gdefn1sb10","6","FAAt703","BEA_API"
2006,32,"Residential",1484,"m1gdefn1sb10","6","FAAt703","BEA_API"
2007,32,"Residential",1498,"m1gdefn1sb10","6","FAAt703","BEA_API"
2008,32,"Residential",1453,"m1gdefn1sb10","6","FAAt703","BEA_API"
2009,32,"Residential",1396,"m1gdefn1sb10","6","FAAt703","BEA_API"
2010,32,"Residential",1379,"m1gdefn1sb10","6","FAAt703","BEA_API"
2011,32,"Residential",1390,"m1gdefn1sb10","6","FAAt703","BEA_API"
2012,32,"Residential",1399,"m1gdefn1sb10","6","FAAt703","BEA_API"
2013,32,"Residential",1452,"m1gdefn1sb10","6","FAAt703","BEA_API"
2014,32,"Residential",1497,"m1gdefn1sb10","6","FAAt703","BEA_API"
2015,32,"Residential",1517,"m1gdefn1sb10","6","FAAt703","BEA_API"
2016,32,"Residential",1567,"m1gdefn1sb10","6","FAAt703","BEA_API"
2017,32,"Residential",1625,"m1gdefn1sb10","6","FAAt703","BEA_API"
2018,32,"Residential",1680,"m1gdefn1sb10","6","FAAt703","BEA_API"
2019,32,"Residential",1718,"m1gdefn1sb10","6","FAAt703","BEA_API"
2020,32,"Residential",1771,"m1gdefn1sb10","6","FAAt703","BEA_API"
2021,32,"Residential",1962,"m1gdefn1sb10","6","FAAt703","BEA_API"
2022,32,"Residential",2270,"m1gdefn1sb10","6","FAAt703","BEA_API"
2023,32,"Residential",2312,"m1gdefn1sb10","6","FAAt703","BEA_API"
2024,32,"Residential",2333,"m1gdefn1sb10","6","FAAt703","BEA_API"
1925,33,"Industrial",0,"m1gdefn1sb20","6","FAAt703","BEA_API"
1926,33,"Industrial",0,"m1gdefn1sb20","6","FAAt703","BEA_API"
1927,33,"Industrial",0,"m1gdefn1sb20","6","FAAt703","BEA_API"
1928,33,"Industrial",0,"m1gdefn1sb20","6","FAAt703","BEA_API"
1929,33,"Industrial",0,"m1gdefn1sb20","6","FAAt703","BEA_API"
1930,33,"Industrial",0,"m1gdefn1sb20","6","FAAt703","BEA_API"
1931,33,"Industrial",0,"m1gdefn1sb20","6","FAAt703","BEA_API"
1932,33,"Industrial",0,"m1gdefn1sb20","6","FAAt703","BEA_API"
1933,33,"Industrial",0,"m1gdefn1sb20","6","FAAt703","BEA_API"
1934,33,"Industrial",0,"m1gdefn1sb20","6","FAAt703","BEA_API"
1935,33,"Industrial",0,"m1gdefn1sb20","6","FAAt703","BEA_API"
1936,33,"Industrial",1,"m1gdefn1sb20","6","FAAt703","BEA_API"
1937,33,"Industrial",3,"m1gdefn1sb20","6","FAAt703","BEA_API"
1938,33,"Industrial",5,"m1gdefn1sb20","6","FAAt703","BEA_API"
1939,33,"Industrial",7,"m1gdefn1sb20","6","FAAt703","BEA_API"
1940,33,"Industrial",9,"m1gdefn1sb20","6","FAAt703","BEA_API"
1941,33,"Industrial",29,"m1gdefn1sb20","6","FAAt703","BEA_API"
1942,33,"Industrial",102,"m1gdefn1sb20","6","FAAt703","BEA_API"
1943,33,"Industrial",184,"m1gdefn1sb20","6","FAAt703","BEA_API"
1944,33,"Industrial",214,"m1gdefn1sb20","6","FAAt703","BEA_API"
1945,33,"Industrial",240,"m1gdefn1sb20","6","FAAt703","BEA_API"
1946,33,"Industrial",299,"m1gdefn1sb20","6","FAAt703","BEA_API"
1947,33,"Industrial",347,"m1gdefn1sb20","6","FAAt703","BEA_API"
1948,33,"Industrial",376,"m1gdefn1sb20","6","FAAt703","BEA_API"
1949,33,"Industrial",375,"m1gdefn1sb20","6","FAAt703","BEA_API"
1950,33,"Industrial",346,"m1gdefn1sb20","6","FAAt703","BEA_API"
1951,33,"Industrial",432,"m1gdefn1sb20","6","FAAt703","BEA_API"
1952,33,"Industrial",473,"m1gdefn1sb20","6","FAAt703","BEA_API"
1953,33,"Industrial",539,"m1gdefn1sb20","6","FAAt703","BEA_API"
1954,33,"Industrial",499,"m1gdefn1sb20","6","FAAt703","BEA_API"
1955,33,"Industrial",525,"m1gdefn1sb20","6","FAAt703","BEA_API"
1956,33,"Industrial",572,"m1gdefn1sb20","6","FAAt703","BEA_API"
1957,33,"Industrial",619,"m1gdefn1sb20","6","FAAt703","BEA_API"
1958,33,"Industrial",663,"m1gdefn1sb20","6","FAAt703","BEA_API"
1959,33,"Industrial",594,"m1gdefn1sb20","6","FAAt703","BEA_API"
1960,33,"Industrial",578,"m1gdefn1sb20","6","FAAt703","BEA_API"
1961,33,"Industrial",571,"m1gdefn1sb20","6","FAAt703","BEA_API"
1962,33,"Industrial",551,"m1gdefn1sb20","6","FAAt703","BEA_API"
1963,33,"Industrial",560,"m1gdefn1sb20","6","FAAt703","BEA_API"
1964,33,"Industrial",575,"m1gdefn1sb20","6","FAAt703","BEA_API"
1965,33,"Industrial",583,"m1gdefn1sb20","6","FAAt703","BEA_API"
1966,33,"Industrial",617,"m1gdefn1sb20","6","FAAt703","BEA_API"
1967,33,"Industrial",639,"m1gdefn1sb20","6","FAAt703","BEA_API"
1968,33,"Industrial",650,"m1gdefn1sb20","6","FAAt703","BEA_API"
1969,33,"Industrial",678,"m1gdefn1sb20","6","FAAt703","BEA_API"
1970,33,"Industrial",722,"m1gdefn1sb20","6","FAAt703","BEA_API"
1971,33,"Industrial",796,"m1gdefn1sb20","6","FAAt703","BEA_API"
1972,33,"Industrial",789,"m1gdefn1sb20","6","FAAt703","BEA_API"
1973,33,"Industrial",839,"m1gdefn1sb20","6","FAAt703","BEA_API"
1974,33,"Industrial",971,"m1gdefn1sb20","6","FAAt703","BEA_API"
1975,33,"Industrial",1038,"m1gdefn1sb20","6","FAAt703","BEA_API"
1976,33,"Industrial",1001,"m1gdefn1sb20","6","FAAt703","BEA_API"
1977,33,"Industrial",1026,"m1gdefn1sb20","6","FAAt703","BEA_API"
1978,33,"Industrial",1056,"m1gdefn1sb20","6","FAAt703","BEA_API"
1979,33,"Industrial",1135,"m1gdefn1sb20","6","FAAt703","BEA_API"
1980,33,"Industrial",1258,"m1gdefn1sb20","6","FAAt703","BEA_API"
1981,33,"Industrial",1385,"m1gdefn1sb20","6","FAAt703","BEA_API"
1982,33,"Industrial",1459,"m1gdefn1sb20","6","FAAt703","BEA_API"
1983,33,"Industrial",1450,"m1gdefn1sb20","6","FAAt703","BEA_API"
1984,33,"Industrial",1444,"m1gdefn1sb20","6","FAAt703","BEA_API"
1985,33,"Industrial",1456,"m1gdefn1sb20","6","FAAt703","BEA_API"
1986,33,"Industrial",1489,"m1gdefn1sb20","6","FAAt703","BEA_API"
1987,33,"Industrial",1530,"m1gdefn1sb20","6","FAAt703","BEA_API"
1988,33,"Industrial",1567,"m1gdefn1sb20","6","FAAt703","BEA_API"
1989,33,"Industrial",1600,"m1gdefn1sb20","6","FAAt703","BEA_API"
1990,33,"Industrial",1647,"m1gdefn1sb20","6","FAAt703","BEA_API"
1991,33,"Industrial",1670,"m1gdefn1sb20","6","FAAt703","BEA_API"
1992,33,"Industrial",1653,"m1gdefn1sb20","6","FAAt703","BEA_API"
1993,33,"Industrial",1658,"m1gdefn1sb20","6","FAAt703","BEA_API"
1994,33,"Industrial",1656,"m1gdefn1sb20","6","FAAt703","BEA_API"
1995,33,"Industrial",1696,"m1gdefn1sb20","6","FAAt703","BEA_API"
1996,33,"Industrial",1721,"m1gdefn1sb20","6","FAAt703","BEA_API"
1997,33,"Industrial",1750,"m1gdefn1sb20","6","FAAt703","BEA_API"
1998,33,"Industrial",1778,"m1gdefn1sb20","6","FAAt703","BEA_API"
1999,33,"Industrial",1801,"m1gdefn1sb20","6","FAAt703","BEA_API"
2000,33,"Industrial",1836,"m1gdefn1sb20","6","FAAt703","BEA_API"
2001,33,"Industrial",1849,"m1gdefn1sb20","6","FAAt703","BEA_API"
2002,33,"Industrial",1866,"m1gdefn1sb20","6","FAAt703","BEA_API"
2003,33,"Industrial",1880,"m1gdefn1sb20","6","FAAt703","BEA_API"
2004,33,"Industrial",1958,"m1gdefn1sb20","6","FAAt703","BEA_API"
2005,33,"Industrial",2082,"m1gdefn1sb20","6","FAAt703","BEA_API"
2006,33,"Industrial",2209,"m1gdefn1sb20","6","FAAt703","BEA_API"
2007,33,"Industrial",2309,"m1gdefn1sb20","6","FAAt703","BEA_API"
2008,33,"Industrial",2341,"m1gdefn1sb20","6","FAAt703","BEA_API"
2009,33,"Industrial",2243,"m1gdefn1sb20","6","FAAt703","BEA_API"
2010,33,"Industrial",2146,"m1gdefn1sb20","6","FAAt703","BEA_API"
2011,33,"Industrial",2148,"m1gdefn1sb20","6","FAAt703","BEA_API"
2012,33,"Industrial",2158,"m1gdefn1sb20","6","FAAt703","BEA_API"
2013,33,"Industrial",2193,"m1gdefn1sb20","6","FAAt703","BEA_API"
2014,33,"Industrial",2235,"m1gdefn1sb20","6","FAAt703","BEA_API"
2015,33,"Industrial",2248,"m1gdefn1sb20","6","FAAt703","BEA_API"
2016,33,"Industrial",2278,"m1gdefn1sb20","6","FAAt703","BEA_API"
2017,33,"Industrial",2332,"m1gdefn1sb20","6","FAAt703","BEA_API"
2018,33,"Industrial",2413,"m1gdefn1sb20","6","FAAt703","BEA_API"
2019,33,"Industrial",2463,"m1gdefn1sb20","6","FAAt703","BEA_API"
2020,33,"Industrial",2495,"m1gdefn1sb20","6","FAAt703","BEA_API"
2021,33,"Industrial",2639,"m1gdefn1sb20","6","FAAt703","BEA_API"
2022,33,"Industrial",2897,"m1gdefn1sb20","6","FAAt703","BEA_API"
2023,33,"Industrial",3010,"m1gdefn1sb20","6","FAAt703","BEA_API"
2024,33,"Industrial",3106,"m1gdefn1sb20","6","FAAt703","BEA_API"
1925,34,"Military facilities",82,"m1gdefn1sm00","6","FAAt703","BEA_API"
1926,34,"Military facilities",82,"m1gdefn1sm00","6","FAAt703","BEA_API"
1927,34,"Military facilities",80,"m1gdefn1sm00","6","FAAt703","BEA_API"
1928,34,"Military facilities",75,"m1gdefn1sm00","6","FAAt703","BEA_API"
1929,34,"Military facilities",73,"m1gdefn1sm00","6","FAAt703","BEA_API"
1930,34,"Military facilities",67,"m1gdefn1sm00","6","FAAt703","BEA_API"
1931,34,"Military facilities",60,"m1gdefn1sm00","6","FAAt703","BEA_API"
1932,34,"Military facilities",51,"m1gdefn1sm00","6","FAAt703","BEA_API"
1933,34,"Military facilities",54,"m1gdefn1sm00","6","FAAt703","BEA_API"
1934,34,"Military facilities",60,"m1gdefn1sm00","6","FAAt703","BEA_API"
1935,34,"Military facilities",60,"m1gdefn1sm00","6","FAAt703","BEA_API"
1936,34,"Military facilities",66,"m1gdefn1sm00","6","FAAt703","BEA_API"
1937,34,"Military facilities",70,"m1gdefn1sm00","6","FAAt703","BEA_API"
1938,34,"Military facilities",69,"m1gdefn1sm00","6","FAAt703","BEA_API"
1939,34,"Military facilities",71,"m1gdefn1sm00","6","FAAt703","BEA_API"
1940,34,"Military facilities",76,"m1gdefn1sm00","6","FAAt703","BEA_API"
1941,34,"Military facilities",104,"m1gdefn1sm00","6","FAAt703","BEA_API"
1942,34,"Military facilities",202,"m1gdefn1sm00","6","FAAt703","BEA_API"
1943,34,"Military facilities",310,"m1gdefn1sm00","6","FAAt703","BEA_API"
1944,34,"Military facilities",331,"m1gdefn1sm00","6","FAAt703","BEA_API"
1945,34,"Military facilities",346,"m1gdefn1sm00","6","FAAt703","BEA_API"
1946,34,"Military facilities",406,"m1gdefn1sm00","6","FAAt703","BEA_API"
1947,34,"Military facilities",480,"m1gdefn1sm00","6","FAAt703","BEA_API"
1948,34,"Military facilities",499,"m1gdefn1sm00","6","FAAt703","BEA_API"
1949,34,"Military facilities",486,"m1gdefn1sm00","6","FAAt703","BEA_API"
1950,34,"Military facilities",464,"m1gdefn1sm00","6","FAAt703","BEA_API"
1951,34,"Military facilities",591,"m1gdefn1sm00","6","FAAt703","BEA_API"
1952,34,"Military facilities",629,"m1gdefn1sm00","6","FAAt703","BEA_API"
1953,34,"Military facilities",663,"m1gdefn1sm00","6","FAAt703","BEA_API"
1954,34,"Military facilities",597,"m1gdefn1sm00","6","FAAt703","BEA_API"
1955,34,"Military facilities",615,"m1gdefn1sm00","6","FAAt703","BEA_API"
1956,34,"Military facilities",683,"m1gdefn1sm00","6","FAAt703","BEA_API"
1957,34,"Military facilities",727,"m1gdefn1sm00","6","FAAt703","BEA_API"
1958,34,"Military facilities",757,"m1gdefn1sm00","6","FAAt703","BEA_API"
1959,34,"Military facilities",795,"m1gdefn1sm00","6","FAAt703","BEA_API"
1960,34,"Military facilities",804,"m1gdefn1sm00","6","FAAt703","BEA_API"
1961,34,"Military facilities",824,"m1gdefn1sm00","6","FAAt703","BEA_API"
1962,34,"Military facilities",856,"m1gdefn1sm00","6","FAAt703","BEA_API"
1963,34,"Military facilities",882,"m1gdefn1sm00","6","FAAt703","BEA_API"
1964,34,"Military facilities",896,"m1gdefn1sm00","6","FAAt703","BEA_API"
1965,34,"Military facilities",911,"m1gdefn1sm00","6","FAAt703","BEA_API"
1966,34,"Military facilities",920,"m1gdefn1sm00","6","FAAt703","BEA_API"
1967,34,"Military facilities",975,"m1gdefn1sm00","6","FAAt703","BEA_API"
1968,34,"Military facilities",1043,"m1gdefn1sm00","6","FAAt703","BEA_API"
1969,34,"Military facilities",1121,"m1gdefn1sm00","6","FAAt703","BEA_API"
1970,34,"Military facilities",1217,"m1gdefn1sm00","6","FAAt703","BEA_API"
1971,34,"Military facilities",1332,"m1gdefn1sm00","6","FAAt703","BEA_API"
1972,34,"Military facilities",1486,"m1gdefn1sm00","6","FAAt703","BEA_API"
1973,34,"Military facilities",1859,"m1gdefn1sm00","6","FAAt703","BEA_API"
1974,34,"Military facilities",2148,"m1gdefn1sm00","6","FAAt703","BEA_API"
1975,34,"Military facilities",2374,"m1gdefn1sm00","6","FAAt703","BEA_API"
1976,34,"Military facilities",2487,"m1gdefn1sm00","6","FAAt703","BEA_API"
1977,34,"Military facilities",2661,"m1gdefn1sm00","6","FAAt703","BEA_API"
1978,34,"Military facilities",2740,"m1gdefn1sm00","6","FAAt703","BEA_API"
1979,34,"Military facilities",3080,"m1gdefn1sm00","6","FAAt703","BEA_API"
1980,34,"Military facilities",3345,"m1gdefn1sm00","6","FAAt703","BEA_API"
1981,34,"Military facilities",3516,"m1gdefn1sm00","6","FAAt703","BEA_API"
1982,34,"Military facilities",3488,"m1gdefn1sm00","6","FAAt703","BEA_API"
1983,34,"Military facilities",3475,"m1gdefn1sm00","6","FAAt703","BEA_API"
1984,34,"Military facilities",3607,"m1gdefn1sm00","6","FAAt703","BEA_API"
1985,34,"Military facilities",3808,"m1gdefn1sm00","6","FAAt703","BEA_API"
1986,34,"Military facilities",4016,"m1gdefn1sm00","6","FAAt703","BEA_API"
1987,34,"Military facilities",4201,"m1gdefn1sm00","6","FAAt703","BEA_API"
1988,34,"Military facilities",4250,"m1gdefn1sm00","6","FAAt703","BEA_API"
1989,34,"Military facilities",4424,"m1gdefn1sm00","6","FAAt703","BEA_API"
1990,34,"Military facilities",4532,"m1gdefn1sm00","6","FAAt703","BEA_API"
1991,34,"Military facilities",4675,"m1gdefn1sm00","6","FAAt703","BEA_API"
1992,34,"Military facilities",4893,"m1gdefn1sm00","6","FAAt703","BEA_API"
1993,34,"Military facilities",5192,"m1gdefn1sm00","6","FAAt703","BEA_API"
1994,34,"Military facilities",5333,"m1gdefn1sm00","6","FAAt703","BEA_API"
1995,34,"Military facilities",5543,"m1gdefn1sm00","6","FAAt703","BEA_API"
1996,34,"Military facilities",5679,"m1gdefn1sm00","6","FAAt703","BEA_API"
1997,34,"Military facilities",5830,"m1gdefn1sm00","6","FAAt703","BEA_API"
1998,34,"Military facilities",5961,"m1gdefn1sm00","6","FAAt703","BEA_API"
1999,34,"Military facilities",6154,"m1gdefn1sm00","6","FAAt703","BEA_API"
2000,34,"Military facilities",6372,"m1gdefn1sm00","6","FAAt703","BEA_API"
2001,34,"Military facilities",6568,"m1gdefn1sm00","6","FAAt703","BEA_API"
2002,34,"Military facilities",6685,"m1gdefn1sm00","6","FAAt703","BEA_API"
2003,34,"Military facilities",6812,"m1gdefn1sm00","6","FAAt703","BEA_API"
2004,34,"Military facilities",7109,"m1gdefn1sm00","6","FAAt703","BEA_API"
2005,34,"Military facilities",7763,"m1gdefn1sm00","6","FAAt703","BEA_API"
2006,34,"Military facilities",8476,"m1gdefn1sm00","6","FAAt703","BEA_API"
2007,34,"Military facilities",9117,"m1gdefn1sm00","6","FAAt703","BEA_API"
2008,34,"Military facilities",9682,"m1gdefn1sm00","6","FAAt703","BEA_API"
2009,34,"Military facilities",9641,"m1gdefn1sm00","6","FAAt703","BEA_API"
2010,34,"Military facilities",9690,"m1gdefn1sm00","6","FAAt703","BEA_API"
2011,34,"Military facilities",10064,"m1gdefn1sm00","6","FAAt703","BEA_API"
2012,34,"Military facilities",10340,"m1gdefn1sm00","6","FAAt703","BEA_API"
2013,34,"Military facilities",10566,"m1gdefn1sm00","6","FAAt703","BEA_API"
2014,34,"Military facilities",10836,"m1gdefn1sm00","6","FAAt703","BEA_API"
2015,34,"Military facilities",10853,"m1gdefn1sm00","6","FAAt703","BEA_API"
2016,34,"Military facilities",10967,"m1gdefn1sm00","6","FAAt703","BEA_API"
2017,34,"Military facilities",11253,"m1gdefn1sm00","6","FAAt703","BEA_API"
2018,34,"Military facilities",11607,"m1gdefn1sm00","6","FAAt703","BEA_API"
2019,34,"Military facilities",11749,"m1gdefn1sm00","6","FAAt703","BEA_API"
2020,34,"Military facilities",11859,"m1gdefn1sm00","6","FAAt703","BEA_API"
2021,34,"Military facilities",12987,"m1gdefn1sm00","6","FAAt703","BEA_API"
2022,34,"Military facilities",14196,"m1gdefn1sm00","6","FAAt703","BEA_API"
2023,34,"Military facilities",14615,"m1gdefn1sm00","6","FAAt703","BEA_API"
2024,34,"Military facilities",14978,"m1gdefn1sm00","6","FAAt703","BEA_API"
1929,35,"Intellectual property products",1,"m1gdefn1ip00","6","FAAt703","BEA_API"
1930,35,"Intellectual property products",5,"m1gdefn1ip00","6","FAAt703","BEA_API"
1931,35,"Intellectual property products",8,"m1gdefn1ip00","6","FAAt703","BEA_API"
1932,35,"Intellectual property products",11,"m1gdefn1ip00","6","FAAt703","BEA_API"
1933,35,"Intellectual property products",14,"m1gdefn1ip00","6","FAAt703","BEA_API"
1934,35,"Intellectual property products",17,"m1gdefn1ip00","6","FAAt703","BEA_API"
1935,35,"Intellectual property products",17,"m1gdefn1ip00","6","FAAt703","BEA_API"
1936,35,"Intellectual property products",20,"m1gdefn1ip00","6","FAAt703","BEA_API"
1937,35,"Intellectual property products",22,"m1gdefn1ip00","6","FAAt703","BEA_API"
1938,35,"Intellectual property products",23,"m1gdefn1ip00","6","FAAt703","BEA_API"
1939,35,"Intellectual property products",24,"m1gdefn1ip00","6","FAAt703","BEA_API"
1940,35,"Intellectual property products",25,"m1gdefn1ip00","6","FAAt703","BEA_API"
1941,35,"Intellectual property products",41,"m1gdefn1ip00","6","FAAt703","BEA_API"
1942,35,"Intellectual property products",94,"m1gdefn1ip00","6","FAAt703","BEA_API"
1943,35,"Intellectual property products",192,"m1gdefn1ip00","6","FAAt703","BEA_API"
1944,35,"Intellectual property products",379,"m1gdefn1ip00","6","FAAt703","BEA_API"
1945,35,"Intellectual property products",543,"m1gdefn1ip00","6","FAAt703","BEA_API"
1946,35,"Intellectual property products",679,"m1gdefn1ip00","6","FAAt703","BEA_API"
1947,35,"Intellectual property products",821,"m1gdefn1ip00","6","FAAt703","BEA_API"
1948,35,"Intellectual property products",912,"m1gdefn1ip00","6","FAAt703","BEA_API"
1949,35,"Intellectual property products",1007,"m1gdefn1ip00","6","FAAt703","BEA_API"
1950,35,"Intellectual property products",1084,"m1gdefn1ip00","6","FAAt703","BEA_API"
1951,35,"Intellectual property products",1232,"m1gdefn1ip00","6","FAAt703","BEA_API"
1952,35,"Intellectual property products",1337,"m1gdefn1ip00","6","FAAt703","BEA_API"
1953,35,"Intellectual property products",1487,"m1gdefn1ip00","6","FAAt703","BEA_API"
1954,35,"Intellectual property products",1660,"m1gdefn1ip00","6","FAAt703","BEA_API"
1955,35,"Intellectual property products",1917,"m1gdefn1ip00","6","FAAt703","BEA_API"
1956,35,"Intellectual property products",2302,"m1gdefn1ip00","6","FAAt703","BEA_API"
1957,35,"Intellectual property products",2783,"m1gdefn1ip00","6","FAAt703","BEA_API"
1958,35,"Intellectual property products",3292,"m1gdefn1ip00","6","FAAt703","BEA_API"
1959,35,"Intellectual property products",3756,"m1gdefn1ip00","6","FAAt703","BEA_API"
1960,35,"Intellectual property products",4184,"m1gdefn1ip00","6","FAAt703","BEA_API"
1961,35,"Intellectual property products",4606,"m1gdefn1ip00","6","FAAt703","BEA_API"
1962,35,"Intellectual property products",5006,"m1gdefn1ip00","6","FAAt703","BEA_API"
1963,35,"Intellectual property products",5358,"m1gdefn1ip00","6","FAAt703","BEA_API"
1964,35,"Intellectual property products",5719,"m1gdefn1ip00","6","FAAt703","BEA_API"
1965,35,"Intellectual property products",5928,"m1gdefn1ip00","6","FAAt703","BEA_API"
1966,35,"Intellectual property products",6144,"m1gdefn1ip00","6","FAAt703","BEA_API"
1967,35,"Intellectual property products",6430,"m1gdefn1ip00","6","FAAt703","BEA_API"
1968,35,"Intellectual property products",6866,"m1gdefn1ip00","6","FAAt703","BEA_API"
1969,35,"Intellectual property products",7295,"m1gdefn1ip00","6","FAAt703","BEA_API"
1970,35,"Intellectual property products",7844,"m1gdefn1ip00","6","FAAt703","BEA_API"
1971,35,"Intellectual property products",8313,"m1gdefn1ip00","6","FAAt703","BEA_API"
1972,35,"Intellectual property products",8688,"m1gdefn1ip00","6","FAAt703","BEA_API"
1973,35,"Intellectual property products",9289,"m1gdefn1ip00","6","FAAt703","BEA_API"
1974,35,"Intellectual property products",10225,"m1gdefn1ip00","6","FAAt703","BEA_API"
1975,35,"Intellectual property products",11001,"m1gdefn1ip00","6","FAAt703","BEA_API"
1976,35,"Intellectual property products",11485,"m1gdefn1ip00","6","FAAt703","BEA_API"
1977,35,"Intellectual property products",12132,"m1gdefn1ip00","6","FAAt703","BEA_API"
1978,35,"Intellectual property products",12942,"m1gdefn1ip00","6","FAAt703","BEA_API"
1979,35,"Intellectual property products",14079,"m1gdefn1ip00","6","FAAt703","BEA_API"
1980,35,"Intellectual property products",15718,"m1gdefn1ip00","6","FAAt703","BEA_API"
1981,35,"Intellectual property products",17740,"m1gdefn1ip00","6","FAAt703","BEA_API"
1982,35,"Intellectual property products",20054,"m1gdefn1ip00","6","FAAt703","BEA_API"
1983,35,"Intellectual property products",22368,"m1gdefn1ip00","6","FAAt703","BEA_API"
1984,35,"Intellectual property products",25301,"m1gdefn1ip00","6","FAAt703","BEA_API"
1985,35,"Intellectual property products",28516,"m1gdefn1ip00","6","FAAt703","BEA_API"
1986,35,"Intellectual property products",31864,"m1gdefn1ip00","6","FAAt703","BEA_API"
1987,35,"Intellectual property products",35344,"m1gdefn1ip00","6","FAAt703","BEA_API"
1988,35,"Intellectual property products",39516,"m1gdefn1ip00","6","FAAt703","BEA_API"
1989,35,"Intellectual property products",42435,"m1gdefn1ip00","6","FAAt703","BEA_API"
1990,35,"Intellectual property products",44370,"m1gdefn1ip00","6","FAAt703","BEA_API"
1991,35,"Intellectual property products",45870,"m1gdefn1ip00","6","FAAt703","BEA_API"
1992,35,"Intellectual property products",45953,"m1gdefn1ip00","6","FAAt703","BEA_API"
1993,35,"Intellectual property products",45644,"m1gdefn1ip00","6","FAAt703","BEA_API"
1994,35,"Intellectual property products",45078,"m1gdefn1ip00","6","FAAt703","BEA_API"
1995,35,"Intellectual property products",45456,"m1gdefn1ip00","6","FAAt703","BEA_API"
1996,35,"Intellectual property products",44663,"m1gdefn1ip00","6","FAAt703","BEA_API"
1997,35,"Intellectual property products",44622,"m1gdefn1ip00","6","FAAt703","BEA_API"
1998,35,"Intellectual property products",44162,"m1gdefn1ip00","6","FAAt703","BEA_API"
1999,35,"Intellectual property products",44231,"m1gdefn1ip00","6","FAAt703","BEA_API"
2000,35,"Intellectual property products",44761,"m1gdefn1ip00","6","FAAt703","BEA_API"
2001,35,"Intellectual property products",44217,"m1gdefn1ip00","6","FAAt703","BEA_API"
2002,35,"Intellectual property products",44368,"m1gdefn1ip00","6","FAAt703","BEA_API"
2003,35,"Intellectual property products",46059,"m1gdefn1ip00","6","FAAt703","BEA_API"
2004,35,"Intellectual property products",48709,"m1gdefn1ip00","6","FAAt703","BEA_API"
2005,35,"Intellectual property products",51976,"m1gdefn1ip00","6","FAAt703","BEA_API"
2006,35,"Intellectual property products",55208,"m1gdefn1ip00","6","FAAt703","BEA_API"
2007,35,"Intellectual property products",58743,"m1gdefn1ip00","6","FAAt703","BEA_API"
2008,35,"Intellectual property products",62312,"m1gdefn1ip00","6","FAAt703","BEA_API"
2009,35,"Intellectual property products",63495,"m1gdefn1ip00","6","FAAt703","BEA_API"
2010,35,"Intellectual property products",65751,"m1gdefn1ip00","6","FAAt703","BEA_API"
2011,35,"Intellectual property products",68267,"m1gdefn1ip00","6","FAAt703","BEA_API"
2012,35,"Intellectual property products",69572,"m1gdefn1ip00","6","FAAt703","BEA_API"
2013,35,"Intellectual property products",70132,"m1gdefn1ip00","6","FAAt703","BEA_API"
2014,35,"Intellectual property products",71027,"m1gdefn1ip00","6","FAAt703","BEA_API"
2015,35,"Intellectual property products",70965,"m1gdefn1ip00","6","FAAt703","BEA_API"
2016,35,"Intellectual property products",69766,"m1gdefn1ip00","6","FAAt703","BEA_API"
2017,35,"Intellectual property products",70301,"m1gdefn1ip00","6","FAAt703","BEA_API"
2018,35,"Intellectual property products",71558,"m1gdefn1ip00","6","FAAt703","BEA_API"
2019,35,"Intellectual property products",72234,"m1gdefn1ip00","6","FAAt703","BEA_API"
2020,35,"Intellectual property products",74659,"m1gdefn1ip00","6","FAAt703","BEA_API"
2021,35,"Intellectual property products",78071,"m1gdefn1ip00","6","FAAt703","BEA_API"
2022,35,"Intellectual property products",84324,"m1gdefn1ip00","6","FAAt703","BEA_API"
2023,35,"Intellectual property products",88541,"m1gdefn1ip00","6","FAAt703","BEA_API"
2024,35,"Intellectual property products",93628,"m1gdefn1ip00","6","FAAt703","BEA_API"
1960,36,"Software",3,"m1gdefn1ens0","6","FAAt703","BEA_API"
1961,36,"Software",7,"m1gdefn1ens0","6","FAAt703","BEA_API"
1962,36,"Software",9,"m1gdefn1ens0","6","FAAt703","BEA_API"
1963,36,"Software",14,"m1gdefn1ens0","6","FAAt703","BEA_API"
1964,36,"Software",21,"m1gdefn1ens0","6","FAAt703","BEA_API"
1965,36,"Software",28,"m1gdefn1ens0","6","FAAt703","BEA_API"
1966,36,"Software",38,"m1gdefn1ens0","6","FAAt703","BEA_API"
1967,36,"Software",53,"m1gdefn1ens0","6","FAAt703","BEA_API"
1968,36,"Software",70,"m1gdefn1ens0","6","FAAt703","BEA_API"
1969,36,"Software",90,"m1gdefn1ens0","6","FAAt703","BEA_API"
1970,36,"Software",124,"m1gdefn1ens0","6","FAAt703","BEA_API"
1971,36,"Software",159,"m1gdefn1ens0","6","FAAt703","BEA_API"
1972,36,"Software",189,"m1gdefn1ens0","6","FAAt703","BEA_API"
1973,36,"Software",230,"m1gdefn1ens0","6","FAAt703","BEA_API"
1974,36,"Software",288,"m1gdefn1ens0","6","FAAt703","BEA_API"
1975,36,"Software",358,"m1gdefn1ens0","6","FAAt703","BEA_API"
1976,36,"Software",417,"m1gdefn1ens0","6","FAAt703","BEA_API"
1977,36,"Software",475,"m1gdefn1ens0","6","FAAt703","BEA_API"
1978,36,"Software",527,"m1gdefn1ens0","6","FAAt703","BEA_API"
1979,36,"Software",629,"m1gdefn1ens0","6","FAAt703","BEA_API"
1980,36,"Software",764,"m1gdefn1ens0","6","FAAt703","BEA_API"
1981,36,"Software",937,"m1gdefn1ens0","6","FAAt703","BEA_API"
1982,36,"Software",1119,"m1gdefn1ens0","6","FAAt703","BEA_API"
1983,36,"Software",1286,"m1gdefn1ens0","6","FAAt703","BEA_API"
1984,36,"Software",1546,"m1gdefn1ens0","6","FAAt703","BEA_API"
1985,36,"Software",1890,"m1gdefn1ens0","6","FAAt703","BEA_API"
1986,36,"Software",2258,"m1gdefn1ens0","6","FAAt703","BEA_API"
1987,36,"Software",2682,"m1gdefn1ens0","6","FAAt703","BEA_API"
1988,36,"Software",3165,"m1gdefn1ens0","6","FAAt703","BEA_API"
1989,36,"Software",3641,"m1gdefn1ens0","6","FAAt703","BEA_API"
1990,36,"Software",4138,"m1gdefn1ens0","6","FAAt703","BEA_API"
1991,36,"Software",4637,"m1gdefn1ens0","6","FAAt703","BEA_API"
1992,36,"Software",4836,"m1gdefn1ens0","6","FAAt703","BEA_API"
1993,36,"Software",5168,"m1gdefn1ens0","6","FAAt703","BEA_API"
1994,36,"Software",5242,"m1gdefn1ens0","6","FAAt703","BEA_API"
1995,36,"Software",5378,"m1gdefn1ens0","6","FAAt703","BEA_API"
1996,36,"Software",5398,"m1gdefn1ens0","6","FAAt703","BEA_API"
1997,36,"Software",5480,"m1gdefn1ens0","6","FAAt703","BEA_API"
1998,36,"Software",5605,"m1gdefn1ens0","6","FAAt703","BEA_API"
1999,36,"Software",5875,"m1gdefn1ens0","6","FAAt703","BEA_API"
2000,36,"Software",6116,"m1gdefn1ens0","6","FAAt703","BEA_API"
2001,36,"Software",6098,"m1gdefn1ens0","6","FAAt703","BEA_API"
2002,36,"Software",5940,"m1gdefn1ens0","6","FAAt703","BEA_API"
2003,36,"Software",5818,"m1gdefn1ens0","6","FAAt703","BEA_API"
2004,36,"Software",5793,"m1gdefn1ens0","6","FAAt703","BEA_API"
2005,36,"Software",5884,"m1gdefn1ens0","6","FAAt703","BEA_API"
2006,36,"Software",6023,"m1gdefn1ens0","6","FAAt703","BEA_API"
2007,36,"Software",6187,"m1gdefn1ens0","6","FAAt703","BEA_API"
2008,36,"Software",6450,"m1gdefn1ens0","6","FAAt703","BEA_API"
2009,36,"Software",6579,"m1gdefn1ens0","6","FAAt703","BEA_API"
2010,36,"Software",6642,"m1gdefn1ens0","6","FAAt703","BEA_API"
2011,36,"Software",6952,"m1gdefn1ens0","6","FAAt703","BEA_API"
2012,36,"Software",7205,"m1gdefn1ens0","6","FAAt703","BEA_API"
2013,36,"Software",7786,"m1gdefn1ens0","6","FAAt703","BEA_API"
2014,36,"Software",8633,"m1gdefn1ens0","6","FAAt703","BEA_API"
2015,36,"Software",9341,"m1gdefn1ens0","6","FAAt703","BEA_API"
2016,36,"Software",10100,"m1gdefn1ens0","6","FAAt703","BEA_API"
2017,36,"Software",11115,"m1gdefn1ens0","6","FAAt703","BEA_API"
2018,36,"Software",12225,"m1gdefn1ens0","6","FAAt703","BEA_API"
2019,36,"Software",13563,"m1gdefn1ens0","6","FAAt703","BEA_API"
2020,36,"Software",15030,"m1gdefn1ens0","6","FAAt703","BEA_API"
2021,36,"Software",16460,"m1gdefn1ens0","6","FAAt703","BEA_API"
2022,36,"Software",18331,"m1gdefn1ens0","6","FAAt703","BEA_API"
2023,36,"Software",20408,"m1gdefn1ens0","6","FAAt703","BEA_API"
2024,36,"Software",22523,"m1gdefn1ens0","6","FAAt703","BEA_API"
1929,37,"Research and development",1,"m1gdefn1rd00","6","FAAt703","BEA_API"
1930,37,"Research and development",5,"m1gdefn1rd00","6","FAAt703","BEA_API"
1931,37,"Research and development",8,"m1gdefn1rd00","6","FAAt703","BEA_API"
1932,37,"Research and development",11,"m1gdefn1rd00","6","FAAt703","BEA_API"
1933,37,"Research and development",14,"m1gdefn1rd00","6","FAAt703","BEA_API"
1934,37,"Research and development",17,"m1gdefn1rd00","6","FAAt703","BEA_API"
1935,37,"Research and development",17,"m1gdefn1rd00","6","FAAt703","BEA_API"
1936,37,"Research and development",20,"m1gdefn1rd00","6","FAAt703","BEA_API"
1937,37,"Research and development",22,"m1gdefn1rd00","6","FAAt703","BEA_API"
1938,37,"Research and development",23,"m1gdefn1rd00","6","FAAt703","BEA_API"
1939,37,"Research and development",24,"m1gdefn1rd00","6","FAAt703","BEA_API"
1940,37,"Research and development",25,"m1gdefn1rd00","6","FAAt703","BEA_API"
1941,37,"Research and development",41,"m1gdefn1rd00","6","FAAt703","BEA_API"
1942,37,"Research and development",94,"m1gdefn1rd00","6","FAAt703","BEA_API"
1943,37,"Research and development",192,"m1gdefn1rd00","6","FAAt703","BEA_API"
1944,37,"Research and development",379,"m1gdefn1rd00","6","FAAt703","BEA_API"
1945,37,"Research and development",543,"m1gdefn1rd00","6","FAAt703","BEA_API"
1946,37,"Research and development",679,"m1gdefn1rd00","6","FAAt703","BEA_API"
1947,37,"Research and development",821,"m1gdefn1rd00","6","FAAt703","BEA_API"
1948,37,"Research and development",912,"m1gdefn1rd00","6","FAAt703","BEA_API"
1949,37,"Research and development",1007,"m1gdefn1rd00","6","FAAt703","BEA_API"
1950,37,"Research and development",1084,"m1gdefn1rd00","6","FAAt703","BEA_API"
1951,37,"Research and development",1232,"m1gdefn1rd00","6","FAAt703","BEA_API"
1952,37,"Research and development",1337,"m1gdefn1rd00","6","FAAt703","BEA_API"
1953,37,"Research and development",1487,"m1gdefn1rd00","6","FAAt703","BEA_API"
1954,37,"Research and development",1660,"m1gdefn1rd00","6","FAAt703","BEA_API"
1955,37,"Research and development",1917,"m1gdefn1rd00","6","FAAt703","BEA_API"
1956,37,"Research and development",2302,"m1gdefn1rd00","6","FAAt703","BEA_API"
1957,37,"Research and development",2783,"m1gdefn1rd00","6","FAAt703","BEA_API"
1958,37,"Research and development",3292,"m1gdefn1rd00","6","FAAt703","BEA_API"
1959,37,"Research and development",3756,"m1gdefn1rd00","6","FAAt703","BEA_API"
1960,37,"Research and development",4181,"m1gdefn1rd00","6","FAAt703","BEA_API"
1961,37,"Research and development",4599,"m1gdefn1rd00","6","FAAt703","BEA_API"
1962,37,"Research and development",4997,"m1gdefn1rd00","6","FAAt703","BEA_API"
1963,37,"Research and development",5344,"m1gdefn1rd00","6","FAAt703","BEA_API"
1964,37,"Research and development",5698,"m1gdefn1rd00","6","FAAt703","BEA_API"
1965,37,"Research and development",5900,"m1gdefn1rd00","6","FAAt703","BEA_API"
1966,37,"Research and development",6105,"m1gdefn1rd00","6","FAAt703","BEA_API"
1967,37,"Research and development",6377,"m1gdefn1rd00","6","FAAt703","BEA_API"
1968,37,"Research and development",6796,"m1gdefn1rd00","6","FAAt703","BEA_API"
1969,37,"Research and development",7205,"m1gdefn1rd00","6","FAAt703","BEA_API"
1970,37,"Research and development",7721,"m1gdefn1rd00","6","FAAt703","BEA_API"
1971,37,"Research and development",8154,"m1gdefn1rd00","6","FAAt703","BEA_API"
1972,37,"Research and development",8498,"m1gdefn1rd00","6","FAAt703","BEA_API"
1973,37,"Research and development",9059,"m1gdefn1rd00","6","FAAt703","BEA_API"
1974,37,"Research and development",9937,"m1gdefn1rd00","6","FAAt703","BEA_API"
1975,37,"Research and development",10644,"m1gdefn1rd00","6","FAAt703","BEA_API"
1976,37,"Research and development",11068,"m1gdefn1rd00","6","FAAt703","BEA_API"
1977,37,"Research and development",11658,"m1gdefn1rd00","6","FAAt703","BEA_API"
1978,37,"Research and development",12415,"m1gdefn1rd00","6","FAAt703","BEA_API"
1979,37,"Research and development",13451,"m1gdefn1rd00","6","FAAt703","BEA_API"
1980,37,"Research and development",14955,"m1gdefn1rd00","6","FAAt703","BEA_API"
1981,37,"Research and development",16803,"m1gdefn1rd00","6","FAAt703","BEA_API"
1982,37,"Research and development",18935,"m1gdefn1rd00","6","FAAt703","BEA_API"
1983,37,"Research and development",21082,"m1gdefn1rd00","6","FAAt703","BEA_API"
1984,37,"Research and development",23755,"m1gdefn1rd00","6","FAAt703","BEA_API"
1985,37,"Research and development",26626,"m1gdefn1rd00","6","FAAt703","BEA_API"
1986,37,"Research and development",29606,"m1gdefn1rd00","6","FAAt703","BEA_API"
1987,37,"Research and development",32662,"m1gdefn1rd00","6","FAAt703","BEA_API"
1988,37,"Research and development",36352,"m1gdefn1rd00","6","FAAt703","BEA_API"
1989,37,"Research and development",38795,"m1gdefn1rd00","6","FAAt703","BEA_API"
1990,37,"Research and development",40232,"m1gdefn1rd00","6","FAAt703","BEA_API"
1991,37,"Research and development",41233,"m1gdefn1rd00","6","FAAt703","BEA_API"
1992,37,"Research and development",41117,"m1gdefn1rd00","6","FAAt703","BEA_API"
1993,37,"Research and development",40476,"m1gdefn1rd00","6","FAAt703","BEA_API"
1994,37,"Research and development",39836,"m1gdefn1rd00","6","FAAt703","BEA_API"
1995,37,"Research and development",40078,"m1gdefn1rd00","6","FAAt703","BEA_API"
1996,37,"Research and development",39264,"m1gdefn1rd00","6","FAAt703","BEA_API"
1997,37,"Research and development",39142,"m1gdefn1rd00","6","FAAt703","BEA_API"
1998,37,"Research and development",38557,"m1gdefn1rd00","6","FAAt703","BEA_API"
1999,37,"Research and development",38356,"m1gdefn1rd00","6","FAAt703","BEA_API"
2000,37,"Research and development",38645,"m1gdefn1rd00","6","FAAt703","BEA_API"
2001,37,"Research and development",38119,"m1gdefn1rd00","6","FAAt703","BEA_API"
2002,37,"Research and development",38428,"m1gdefn1rd00","6","FAAt703","BEA_API"
2003,37,"Research and development",40241,"m1gdefn1rd00","6","FAAt703","BEA_API"
2004,37,"Research and development",42917,"m1gdefn1rd00","6","FAAt703","BEA_API"
2005,37,"Research and development",46092,"m1gdefn1rd00","6","FAAt703","BEA_API"
2006,37,"Research and development",49186,"m1gdefn1rd00","6","FAAt703","BEA_API"
2007,37,"Research and development",52556,"m1gdefn1rd00","6","FAAt703","BEA_API"
2008,37,"Research and development",55862,"m1gdefn1rd00","6","FAAt703","BEA_API"
2009,37,"Research and development",56917,"m1gdefn1rd00","6","FAAt703","BEA_API"
2010,37,"Research and development",59109,"m1gdefn1rd00","6","FAAt703","BEA_API"
2011,37,"Research and development",61315,"m1gdefn1rd00","6","FAAt703","BEA_API"
2012,37,"Research and development",62367,"m1gdefn1rd00","6","FAAt703","BEA_API"
2013,37,"Research and development",62346,"m1gdefn1rd00","6","FAAt703","BEA_API"
2014,37,"Research and development",62394,"m1gdefn1rd00","6","FAAt703","BEA_API"
2015,37,"Research and development",61625,"m1gdefn1rd00","6","FAAt703","BEA_API"
2016,37,"Research and development",59665,"m1gdefn1rd00","6","FAAt703","BEA_API"
2017,37,"Research and development",59186,"m1gdefn1rd00","6","FAAt703","BEA_API"
2018,37,"Research and development",59333,"m1gdefn1rd00","6","FAAt703","BEA_API"
2019,37,"Research and development",58672,"m1gdefn1rd00","6","FAAt703","BEA_API"
2020,37,"Research and development",59628,"m1gdefn1rd00","6","FAAt703","BEA_API"
2021,37,"Research and development",61611,"m1gdefn1rd00","6","FAAt703","BEA_API"
2022,37,"Research and development",65993,"m1gdefn1rd00","6","FAAt703","BEA_API"
2023,37,"Research and development",68134,"m1gdefn1rd00","6","FAAt703","BEA_API"
2024,37,"Research and development",71105,"m1gdefn1rd00","6","FAAt703","BEA_API"
1925,38,"Nondefense",48,"m1gndef1es00","6","FAAt703","BEA_API"
1926,38,"Nondefense",47,"m1gndef1es00","6","FAAt703","BEA_API"
1927,38,"Nondefense",48,"m1gndef1es00","6","FAAt703","BEA_API"
1928,38,"Nondefense",49,"m1gndef1es00","6","FAAt703","BEA_API"
1929,38,"Nondefense",52,"m1gndef1es00","6","FAAt703","BEA_API"
1930,38,"Nondefense",56,"m1gndef1es00","6","FAAt703","BEA_API"
1931,38,"Nondefense",60,"m1gndef1es00","6","FAAt703","BEA_API"
1932,38,"Nondefense",62,"m1gndef1es00","6","FAAt703","BEA_API"
1933,38,"Nondefense",71,"m1gndef1es00","6","FAAt703","BEA_API"
1934,38,"Nondefense",97,"m1gndef1es00","6","FAAt703","BEA_API"
1935,38,"Nondefense",128,"m1gndef1es00","6","FAAt703","BEA_API"
1936,38,"Nondefense",167,"m1gndef1es00","6","FAAt703","BEA_API"
1937,38,"Nondefense",194,"m1gndef1es00","6","FAAt703","BEA_API"
1938,38,"Nondefense",218,"m1gndef1es00","6","FAAt703","BEA_API"
1939,38,"Nondefense",234,"m1gndef1es00","6","FAAt703","BEA_API"
1940,38,"Nondefense",260,"m1gndef1es00","6","FAAt703","BEA_API"
1941,38,"Nondefense",314,"m1gndef1es00","6","FAAt703","BEA_API"
1942,38,"Nondefense",387,"m1gndef1es00","6","FAAt703","BEA_API"
1943,38,"Nondefense",415,"m1gndef1es00","6","FAAt703","BEA_API"
1944,38,"Nondefense",500,"m1gndef1es00","6","FAAt703","BEA_API"
1945,38,"Nondefense",466,"m1gndef1es00","6","FAAt703","BEA_API"
1946,38,"Nondefense",522,"m1gndef1es00","6","FAAt703","BEA_API"
1947,38,"Nondefense",583,"m1gndef1es00","6","FAAt703","BEA_API"
1948,38,"Nondefense",612,"m1gndef1es00","6","FAAt703","BEA_API"
1949,38,"Nondefense",650,"m1gndef1es00","6","FAAt703","BEA_API"
1950,38,"Nondefense",683,"m1gndef1es00","6","FAAt703","BEA_API"
1951,38,"Nondefense",817,"m1gndef1es00","6","FAAt703","BEA_API"
1952,38,"Nondefense",871,"m1gndef1es00","6","FAAt703","BEA_API"
1953,38,"Nondefense",916,"m1gndef1es00","6","FAAt703","BEA_API"
1954,38,"Nondefense",903,"m1gndef1es00","6","FAAt703","BEA_API"
1955,38,"Nondefense",923,"m1gndef1es00","6","FAAt703","BEA_API"
1956,38,"Nondefense",976,"m1gndef1es00","6","FAAt703","BEA_API"
1957,38,"Nondefense",1053,"m1gndef1es00","6","FAAt703","BEA_API"
1958,38,"Nondefense",1158,"m1gndef1es00","6","FAAt703","BEA_API"
1959,38,"Nondefense",1270,"m1gndef1es00","6","FAAt703","BEA_API"
1960,38,"Nondefense",1400,"m1gndef1es00","6","FAAt703","BEA_API"
1961,38,"Nondefense",1560,"m1gndef1es00","6","FAAt703","BEA_API"
1962,38,"Nondefense",1762,"m1gndef1es00","6","FAAt703","BEA_API"
1963,38,"Nondefense",2081,"m1gndef1es00","6","FAAt703","BEA_API"
1964,38,"Nondefense",2488,"m1gndef1es00","6","FAAt703","BEA_API"
1965,38,"Nondefense",2946,"m1gndef1es00","6","FAAt703","BEA_API"
1966,38,"Nondefense",3524,"m1gndef1es00","6","FAAt703","BEA_API"
1967,38,"Nondefense",4090,"m1gndef1es00","6","FAAt703","BEA_API"
1968,38,"Nondefense",4727,"m1gndef1es00","6","FAAt703","BEA_API"
1969,38,"Nondefense",5478,"m1gndef1es00","6","FAAt703","BEA_API"
1970,38,"Nondefense",6318,"m1gndef1es00","6","FAAt703","BEA_API"
1971,38,"Nondefense",7128,"m1gndef1es00","6","FAAt703","BEA_API"
1972,38,"Nondefense",7839,"m1gndef1es00","6","FAAt703","BEA_API"
1973,38,"Nondefense",8723,"m1gndef1es00","6","FAAt703","BEA_API"
1974,38,"Nondefense",10033,"m1gndef1es00","6","FAAt703","BEA_API"
1975,38,"Nondefense",11395,"m1gndef1es00","6","FAAt703","BEA_API"
1976,38,"Nondefense",12416,"m1gndef1es00","6","FAAt703","BEA_API"
1977,38,"Nondefense",13682,"m1gndef1es00","6","FAAt703","BEA_API"
1978,38,"Nondefense",15296,"m1gndef1es00","6","FAAt703","BEA_API"
1979,38,"Nondefense",17259,"m1gndef1es00","6","FAAt703","BEA_API"
1980,38,"Nondefense",19797,"m1gndef1es00","6","FAAt703","BEA_API"
1981,38,"Nondefense",22553,"m1gndef1es00","6","FAAt703","BEA_API"
1982,38,"Nondefense",24960,"m1gndef1es00","6","FAAt703","BEA_API"
1983,38,"Nondefense",26395,"m1gndef1es00","6","FAAt703","BEA_API"
1984,38,"Nondefense",28238,"m1gndef1es00","6","FAAt703","BEA_API"
1985,38,"Nondefense",29742,"m1gndef1es00","6","FAAt703","BEA_API"
1986,38,"Nondefense",30993,"m1gndef1es00","6","FAAt703","BEA_API"
1987,38,"Nondefense",32365,"m1gndef1es00","6","FAAt703","BEA_API"
1988,38,"Nondefense",34527,"m1gndef1es00","6","FAAt703","BEA_API"
1989,38,"Nondefense",36778,"m1gndef1es00","6","FAAt703","BEA_API"
1990,38,"Nondefense",39010,"m1gndef1es00","6","FAAt703","BEA_API"
1991,38,"Nondefense",41613,"m1gndef1es00","6","FAAt703","BEA_API"
1992,38,"Nondefense",43441,"m1gndef1es00","6","FAAt703","BEA_API"
1993,38,"Nondefense",45704,"m1gndef1es00","6","FAAt703","BEA_API"
1994,38,"Nondefense",47659,"m1gndef1es00","6","FAAt703","BEA_API"
1995,38,"Nondefense",50267,"m1gndef1es00","6","FAAt703","BEA_API"
1996,38,"Nondefense",51942,"m1gndef1es00","6","FAAt703","BEA_API"
1997,38,"Nondefense",53896,"m1gndef1es00","6","FAAt703","BEA_API"
1998,38,"Nondefense",55743,"m1gndef1es00","6","FAAt703","BEA_API"
1999,38,"Nondefense",58806,"m1gndef1es00","6","FAAt703","BEA_API"
2000,38,"Nondefense",62441,"m1gndef1es00","6","FAAt703","BEA_API"
2001,38,"Nondefense",64647,"m1gndef1es00","6","FAAt703","BEA_API"
2002,38,"Nondefense",66437,"m1gndef1es00","6","FAAt703","BEA_API"
2003,38,"Nondefense",68759,"m1gndef1es00","6","FAAt703","BEA_API"
2004,38,"Nondefense",71687,"m1gndef1es00","6","FAAt703","BEA_API"
2005,38,"Nondefense",75319,"m1gndef1es00","6","FAAt703","BEA_API"
2006,38,"Nondefense",79194,"m1gndef1es00","6","FAAt703","BEA_API"
2007,38,"Nondefense",82492,"m1gndef1es00","6","FAAt703","BEA_API"
2008,38,"Nondefense",87571,"m1gndef1es00","6","FAAt703","BEA_API"
2009,38,"Nondefense",90181,"m1gndef1es00","6","FAAt703","BEA_API"
2010,38,"Nondefense",94258,"m1gndef1es00","6","FAAt703","BEA_API"
2011,38,"Nondefense",98606,"m1gndef1es00","6","FAAt703","BEA_API"
2012,38,"Nondefense",102021,"m1gndef1es00","6","FAAt703","BEA_API"
2013,38,"Nondefense",105437,"m1gndef1es00","6","FAAt703","BEA_API"
2014,38,"Nondefense",109743,"m1gndef1es00","6","FAAt703","BEA_API"
2015,38,"Nondefense",112113,"m1gndef1es00","6","FAAt703","BEA_API"
2016,38,"Nondefense",115234,"m1gndef1es00","6","FAAt703","BEA_API"
2017,38,"Nondefense",120654,"m1gndef1es00","6","FAAt703","BEA_API"
2018,38,"Nondefense",127493,"m1gndef1es00","6","FAAt703","BEA_API"
2019,38,"Nondefense",133382,"m1gndef1es00","6","FAAt703","BEA_API"
2020,38,"Nondefense",139581,"m1gndef1es00","6","FAAt703","BEA_API"
2021,38,"Nondefense",148721,"m1gndef1es00","6","FAAt703","BEA_API"
2022,38,"Nondefense",163838,"m1gndef1es00","6","FAAt703","BEA_API"
2023,38,"Nondefense",174614,"m1gndef1es00","6","FAAt703","BEA_API"
2024,38,"Nondefense",183666,"m1gndef1es00","6","FAAt703","BEA_API"
1925,39,"Equipment",9,"m1gndef1eq00","6","FAAt703","BEA_API"
1926,39,"Equipment",8,"m1gndef1eq00","6","FAAt703","BEA_API"
1927,39,"Equipment",8,"m1gndef1eq00","6","FAAt703","BEA_API"
1928,39,"Equipment",8,"m1gndef1eq00","6","FAAt703","BEA_API"
1929,39,"Equipment",9,"m1gndef1eq00","6","FAAt703","BEA_API"
1930,39,"Equipment",10,"m1gndef1eq00","6","FAAt703","BEA_API"
1931,39,"Equipment",12,"m1gndef1eq00","6","FAAt703","BEA_API"
1932,39,"Equipment",13,"m1gndef1eq00","6","FAAt703","BEA_API"
1933,39,"Equipment",13,"m1gndef1eq00","6","FAAt703","BEA_API"
1934,39,"Equipment",21,"m1gndef1eq00","6","FAAt703","BEA_API"
1935,39,"Equipment",45,"m1gndef1eq00","6","FAAt703","BEA_API"
1936,39,"Equipment",62,"m1gndef1eq00","6","FAAt703","BEA_API"
1937,39,"Equipment",69,"m1gndef1eq00","6","FAAt703","BEA_API"
1938,39,"Equipment",77,"m1gndef1eq00","6","FAAt703","BEA_API"
1939,39,"Equipment",90,"m1gndef1eq00","6","FAAt703","BEA_API"
1940,39,"Equipment",109,"m1gndef1eq00","6","FAAt703","BEA_API"
1941,39,"Equipment",142,"m1gndef1eq00","6","FAAt703","BEA_API"
1942,39,"Equipment",193,"m1gndef1eq00","6","FAAt703","BEA_API"
1943,39,"Equipment",185,"m1gndef1eq00","6","FAAt703","BEA_API"
1944,39,"Equipment",230,"m1gndef1eq00","6","FAAt703","BEA_API"
1945,39,"Equipment",195,"m1gndef1eq00","6","FAAt703","BEA_API"
1946,39,"Equipment",194,"m1gndef1eq00","6","FAAt703","BEA_API"
1947,39,"Equipment",203,"m1gndef1eq00","6","FAAt703","BEA_API"
1948,39,"Equipment",202,"m1gndef1eq00","6","FAAt703","BEA_API"
1949,39,"Equipment",209,"m1gndef1eq00","6","FAAt703","BEA_API"
1950,39,"Equipment",204,"m1gndef1eq00","6","FAAt703","BEA_API"
1951,39,"Equipment",216,"m1gndef1eq00","6","FAAt703","BEA_API"
1952,39,"Equipment",214,"m1gndef1eq00","6","FAAt703","BEA_API"
1953,39,"Equipment",227,"m1gndef1eq00","6","FAAt703","BEA_API"
1954,39,"Equipment",225,"m1gndef1eq00","6","FAAt703","BEA_API"
1955,39,"Equipment",227,"m1gndef1eq00","6","FAAt703","BEA_API"
1956,39,"Equipment",219,"m1gndef1eq00","6","FAAt703","BEA_API"
1957,39,"Equipment",219,"m1gndef1eq00","6","FAAt703","BEA_API"
1958,39,"Equipment",226,"m1gndef1eq00","6","FAAt703","BEA_API"
1959,39,"Equipment",241,"m1gndef1eq00","6","FAAt703","BEA_API"
1960,39,"Equipment",256,"m1gndef1eq00","6","FAAt703","BEA_API"
1961,39,"Equipment",255,"m1gndef1eq00","6","FAAt703","BEA_API"
1962,39,"Equipment",263,"m1gndef1eq00","6","FAAt703","BEA_API"
1963,39,"Equipment",276,"m1gndef1eq00","6","FAAt703","BEA_API"
1964,39,"Equipment",303,"m1gndef1eq00","6","FAAt703","BEA_API"
1965,39,"Equipment",330,"m1gndef1eq00","6","FAAt703","BEA_API"
1966,39,"Equipment",354,"m1gndef1eq00","6","FAAt703","BEA_API"
1967,39,"Equipment",396,"m1gndef1eq00","6","FAAt703","BEA_API"
1968,39,"Equipment",429,"m1gndef1eq00","6","FAAt703","BEA_API"
1969,39,"Equipment",448,"m1gndef1eq00","6","FAAt703","BEA_API"
1970,39,"Equipment",484,"m1gndef1eq00","6","FAAt703","BEA_API"
1971,39,"Equipment",526,"m1gndef1eq00","6","FAAt703","BEA_API"
1972,39,"Equipment",589,"m1gndef1eq00","6","FAAt703","BEA_API"
1973,39,"Equipment",688,"m1gndef1eq00","6","FAAt703","BEA_API"
1974,39,"Equipment",803,"m1gndef1eq00","6","FAAt703","BEA_API"
1975,39,"Equipment",966,"m1gndef1eq00","6","FAAt703","BEA_API"
1976,39,"Equipment",1094,"m1gndef1eq00","6","FAAt703","BEA_API"
1977,39,"Equipment",1201,"m1gndef1eq00","6","FAAt703","BEA_API"
1978,39,"Equipment",1387,"m1gndef1eq00","6","FAAt703","BEA_API"
1979,39,"Equipment",1619,"m1gndef1eq00","6","FAAt703","BEA_API"
1980,39,"Equipment",1902,"m1gndef1eq00","6","FAAt703","BEA_API"
1981,39,"Equipment",2227,"m1gndef1eq00","6","FAAt703","BEA_API"
1982,39,"Equipment",2554,"m1gndef1eq00","6","FAAt703","BEA_API"
1983,39,"Equipment",2759,"m1gndef1eq00","6","FAAt703","BEA_API"
1984,39,"Equipment",3033,"m1gndef1eq00","6","FAAt703","BEA_API"
1985,39,"Equipment",3356,"m1gndef1eq00","6","FAAt703","BEA_API"
1986,39,"Equipment",3651,"m1gndef1eq00","6","FAAt703","BEA_API"
1987,39,"Equipment",3891,"m1gndef1eq00","6","FAAt703","BEA_API"
1988,39,"Equipment",4260,"m1gndef1eq00","6","FAAt703","BEA_API"
1989,39,"Equipment",4741,"m1gndef1eq00","6","FAAt703","BEA_API"
1990,39,"Equipment",5251,"m1gndef1eq00","6","FAAt703","BEA_API"
1991,39,"Equipment",5770,"m1gndef1eq00","6","FAAt703","BEA_API"
1992,39,"Equipment",6185,"m1gndef1eq00","6","FAAt703","BEA_API"
1993,39,"Equipment",6594,"m1gndef1eq00","6","FAAt703","BEA_API"
1994,39,"Equipment",6838,"m1gndef1eq00","6","FAAt703","BEA_API"
1995,39,"Equipment",7053,"m1gndef1eq00","6","FAAt703","BEA_API"
1996,39,"Equipment",7329,"m1gndef1eq00","6","FAAt703","BEA_API"
1997,39,"Equipment",7635,"m1gndef1eq00","6","FAAt703","BEA_API"
1998,39,"Equipment",7871,"m1gndef1eq00","6","FAAt703","BEA_API"
1999,39,"Equipment",8512,"m1gndef1eq00","6","FAAt703","BEA_API"
2000,39,"Equipment",9076,"m1gndef1eq00","6","FAAt703","BEA_API"
2001,39,"Equipment",9029,"m1gndef1eq00","6","FAAt703","BEA_API"
2002,39,"Equipment",9035,"m1gndef1eq00","6","FAAt703","BEA_API"
2003,39,"Equipment",9221,"m1gndef1eq00","6","FAAt703","BEA_API"
2004,39,"Equipment",9543,"m1gndef1eq00","6","FAAt703","BEA_API"
2005,39,"Equipment",10039,"m1gndef1eq00","6","FAAt703","BEA_API"
2006,39,"Equipment",10888,"m1gndef1eq00","6","FAAt703","BEA_API"
2007,39,"Equipment",11491,"m1gndef1eq00","6","FAAt703","BEA_API"
2008,39,"Equipment",12022,"m1gndef1eq00","6","FAAt703","BEA_API"
2009,39,"Equipment",12757,"m1gndef1eq00","6","FAAt703","BEA_API"
2010,39,"Equipment",13315,"m1gndef1eq00","6","FAAt703","BEA_API"
2011,39,"Equipment",13933,"m1gndef1eq00","6","FAAt703","BEA_API"
2012,39,"Equipment",14570,"m1gndef1eq00","6","FAAt703","BEA_API"
2013,39,"Equipment",14763,"m1gndef1eq00","6","FAAt703","BEA_API"
2014,39,"Equipment",14977,"m1gndef1eq00","6","FAAt703","BEA_API"
2015,39,"Equipment",15434,"m1gndef1eq00","6","FAAt703","BEA_API"
2016,39,"Equipment",15834,"m1gndef1eq00","6","FAAt703","BEA_API"
2017,39,"Equipment",16357,"m1gndef1eq00","6","FAAt703","BEA_API"
2018,39,"Equipment",16923,"m1gndef1eq00","6","FAAt703","BEA_API"
2019,39,"Equipment",17502,"m1gndef1eq00","6","FAAt703","BEA_API"
2020,39,"Equipment",18086,"m1gndef1eq00","6","FAAt703","BEA_API"
2021,39,"Equipment",19436,"m1gndef1eq00","6","FAAt703","BEA_API"
2022,39,"Equipment",21438,"m1gndef1eq00","6","FAAt703","BEA_API"
2023,39,"Equipment",22662,"m1gndef1eq00","6","FAAt703","BEA_API"
2024,39,"Equipment",23430,"m1gndef1eq00","6","FAAt703","BEA_API"
1925,40,"Structures",39,"m1gndef1st00","6","FAAt703","BEA_API"
1926,40,"Structures",39,"m1gndef1st00","6","FAAt703","BEA_API"
1927,40,"Structures",40,"m1gndef1st00","6","FAAt703","BEA_API"
1928,40,"Structures",40,"m1gndef1st00","6","FAAt703","BEA_API"
1929,40,"Structures",42,"m1gndef1st00","6","FAAt703","BEA_API"
1930,40,"Structures",42,"m1gndef1st00","6","FAAt703","BEA_API"
1931,40,"Structures",41,"m1gndef1st00","6","FAAt703","BEA_API"
1932,40,"Structures",38,"m1gndef1st00","6","FAAt703","BEA_API"
1933,40,"Structures",42,"m1gndef1st00","6","FAAt703","BEA_API"
1934,40,"Structures",56,"m1gndef1st00","6","FAAt703","BEA_API"
1935,40,"Structures",63,"m1gndef1st00","6","FAAt703","BEA_API"
1936,40,"Structures",82,"m1gndef1st00","6","FAAt703","BEA_API"
1937,40,"Structures",99,"m1gndef1st00","6","FAAt703","BEA_API"
1938,40,"Structures",112,"m1gndef1st00","6","FAAt703","BEA_API"
1939,40,"Structures",114,"m1gndef1st00","6","FAAt703","BEA_API"
1940,40,"Structures",119,"m1gndef1st00","6","FAAt703","BEA_API"
1941,40,"Structures",137,"m1gndef1st00","6","FAAt703","BEA_API"
1942,40,"Structures",149,"m1gndef1st00","6","FAAt703","BEA_API"
1943,40,"Structures",168,"m1gndef1st00","6","FAAt703","BEA_API"
1944,40,"Structures",179,"m1gndef1st00","6","FAAt703","BEA_API"
1945,40,"Structures",171,"m1gndef1st00","6","FAAt703","BEA_API"
1946,40,"Structures",224,"m1gndef1st00","6","FAAt703","BEA_API"
1947,40,"Structures",267,"m1gndef1st00","6","FAAt703","BEA_API"
1948,40,"Structures",290,"m1gndef1st00","6","FAAt703","BEA_API"
1949,40,"Structures",299,"m1gndef1st00","6","FAAt703","BEA_API"
1950,40,"Structures",298,"m1gndef1st00","6","FAAt703","BEA_API"
1951,40,"Structures",364,"m1gndef1st00","6","FAAt703","BEA_API"
1952,40,"Structures",383,"m1gndef1st00","6","FAAt703","BEA_API"
1953,40,"Structures",396,"m1gndef1st00","6","FAAt703","BEA_API"
1954,40,"Structures",379,"m1gndef1st00","6","FAAt703","BEA_API"
1955,40,"Structures",381,"m1gndef1st00","6","FAAt703","BEA_API"
1956,40,"Structures",409,"m1gndef1st00","6","FAAt703","BEA_API"
1957,40,"Structures",435,"m1gndef1st00","6","FAAt703","BEA_API"
1958,40,"Structures",454,"m1gndef1st00","6","FAAt703","BEA_API"
1959,40,"Structures",468,"m1gndef1st00","6","FAAt703","BEA_API"
1960,40,"Structures",485,"m1gndef1st00","6","FAAt703","BEA_API"
1961,40,"Structures",516,"m1gndef1st00","6","FAAt703","BEA_API"
1962,40,"Structures",547,"m1gndef1st00","6","FAAt703","BEA_API"
1963,40,"Structures",608,"m1gndef1st00","6","FAAt703","BEA_API"
1964,40,"Structures",641,"m1gndef1st00","6","FAAt703","BEA_API"
1965,40,"Structures",685,"m1gndef1st00","6","FAAt703","BEA_API"
1966,40,"Structures",763,"m1gndef1st00","6","FAAt703","BEA_API"
1967,40,"Structures",806,"m1gndef1st00","6","FAAt703","BEA_API"
1968,40,"Structures",870,"m1gndef1st00","6","FAAt703","BEA_API"
1969,40,"Structures",966,"m1gndef1st00","6","FAAt703","BEA_API"
1970,40,"Structures",1062,"m1gndef1st00","6","FAAt703","BEA_API"
1971,40,"Structures",1159,"m1gndef1st00","6","FAAt703","BEA_API"
1972,40,"Structures",1239,"m1gndef1st00","6","FAAt703","BEA_API"
1973,40,"Structures",1318,"m1gndef1st00","6","FAAt703","BEA_API"
1974,40,"Structures",1500,"m1gndef1st00","6","FAAt703","BEA_API"
1975,40,"Structures",1702,"m1gndef1st00","6","FAAt703","BEA_API"
1976,40,"Structures",1772,"m1gndef1st00","6","FAAt703","BEA_API"
1977,40,"Structures",1973,"m1gndef1st00","6","FAAt703","BEA_API"
1978,40,"Structures",2258,"m1gndef1st00","6","FAAt703","BEA_API"
1979,40,"Structures",2506,"m1gndef1st00","6","FAAt703","BEA_API"
1980,40,"Structures",2836,"m1gndef1st00","6","FAAt703","BEA_API"
1981,40,"Structures",3231,"m1gndef1st00","6","FAAt703","BEA_API"
1982,40,"Structures",3555,"m1gndef1st00","6","FAAt703","BEA_API"
1983,40,"Structures",3506,"m1gndef1st00","6","FAAt703","BEA_API"
1984,40,"Structures",3750,"m1gndef1st00","6","FAAt703","BEA_API"
1985,40,"Structures",3881,"m1gndef1st00","6","FAAt703","BEA_API"
1986,40,"Structures",4043,"m1gndef1st00","6","FAAt703","BEA_API"
1987,40,"Structures",4241,"m1gndef1st00","6","FAAt703","BEA_API"
1988,40,"Structures",4423,"m1gndef1st00","6","FAAt703","BEA_API"
1989,40,"Structures",4603,"m1gndef1st00","6","FAAt703","BEA_API"
1990,40,"Structures",4796,"m1gndef1st00","6","FAAt703","BEA_API"
1991,40,"Structures",4967,"m1gndef1st00","6","FAAt703","BEA_API"
1992,40,"Structures",5073,"m1gndef1st00","6","FAAt703","BEA_API"
1993,40,"Structures",5292,"m1gndef1st00","6","FAAt703","BEA_API"
1994,40,"Structures",5548,"m1gndef1st00","6","FAAt703","BEA_API"
1995,40,"Structures",5849,"m1gndef1st00","6","FAAt703","BEA_API"
1996,40,"Structures",6159,"m1gndef1st00","6","FAAt703","BEA_API"
1997,40,"Structures",6499,"m1gndef1st00","6","FAAt703","BEA_API"
1998,40,"Structures",6763,"m1gndef1st00","6","FAAt703","BEA_API"
1999,40,"Structures",7066,"m1gndef1st00","6","FAAt703","BEA_API"
2000,40,"Structures",7397,"m1gndef1st00","6","FAAt703","BEA_API"
2001,40,"Structures",7642,"m1gndef1st00","6","FAAt703","BEA_API"
2002,40,"Structures",7803,"m1gndef1st00","6","FAAt703","BEA_API"
2003,40,"Structures",8065,"m1gndef1st00","6","FAAt703","BEA_API"
2004,40,"Structures",8514,"m1gndef1st00","6","FAAt703","BEA_API"
2005,40,"Structures",9243,"m1gndef1st00","6","FAAt703","BEA_API"
2006,40,"Structures",9938,"m1gndef1st00","6","FAAt703","BEA_API"
2007,40,"Structures",9825,"m1gndef1st00","6","FAAt703","BEA_API"
2008,40,"Structures",11037,"m1gndef1st00","6","FAAt703","BEA_API"
2009,40,"Structures",11111,"m1gndef1st00","6","FAAt703","BEA_API"
2010,40,"Structures",11037,"m1gndef1st00","6","FAAt703","BEA_API"
2011,40,"Structures",11441,"m1gndef1st00","6","FAAt703","BEA_API"
2012,40,"Structures",11879,"m1gndef1st00","6","FAAt703","BEA_API"
2013,40,"Structures",12173,"m1gndef1st00","6","FAAt703","BEA_API"
2014,40,"Structures",12490,"m1gndef1st00","6","FAAt703","BEA_API"
2015,40,"Structures",12700,"m1gndef1st00","6","FAAt703","BEA_API"
2016,40,"Structures",12846,"m1gndef1st00","6","FAAt703","BEA_API"
2017,40,"Structures",13206,"m1gndef1st00","6","FAAt703","BEA_API"
2018,40,"Structures",13742,"m1gndef1st00","6","FAAt703","BEA_API"
2019,40,"Structures",14300,"m1gndef1st00","6","FAAt703","BEA_API"
2020,40,"Structures",14593,"m1gndef1st00","6","FAAt703","BEA_API"
2021,40,"Structures",15413,"m1gndef1st00","6","FAAt703","BEA_API"
2022,40,"Structures",17493,"m1gndef1st00","6","FAAt703","BEA_API"
2023,40,"Structures",18628,"m1gndef1st00","6","FAAt703","BEA_API"
2024,40,"Structures",18887,"m1gndef1st00","6","FAAt703","BEA_API"
1925,41,"Office",4,"m1gndef1sd00","6","FAAt703","BEA_API"
1926,41,"Office",4,"m1gndef1sd00","6","FAAt703","BEA_API"
1927,41,"Office",4,"m1gndef1sd00","6","FAAt703","BEA_API"
1928,41,"Office",4,"m1gndef1sd00","6","FAAt703","BEA_API"
1929,41,"Office",4,"m1gndef1sd00","6","FAAt703","BEA_API"
1930,41,"Office",4,"m1gndef1sd00","6","FAAt703","BEA_API"
1931,41,"Office",3,"m1gndef1sd00","6","FAAt703","BEA_API"
1932,41,"Office",3,"m1gndef1sd00","6","FAAt703","BEA_API"
1933,41,"Office",3,"m1gndef1sd00","6","FAAt703","BEA_API"
1934,41,"Office",3,"m1gndef1sd00","6","FAAt703","BEA_API"
1935,41,"Office",3,"m1gndef1sd00","6","FAAt703","BEA_API"
1936,41,"Office",4,"m1gndef1sd00","6","FAAt703","BEA_API"
1937,41,"Office",6,"m1gndef1sd00","6","FAAt703","BEA_API"
1938,41,"Office",7,"m1gndef1sd00","6","FAAt703","BEA_API"
1939,41,"Office",6,"m1gndef1sd00","6","FAAt703","BEA_API"
1940,41,"Office",6,"m1gndef1sd00","6","FAAt703","BEA_API"
1941,41,"Office",6,"m1gndef1sd00","6","FAAt703","BEA_API"
1942,41,"Office",7,"m1gndef1sd00","6","FAAt703","BEA_API"
1943,41,"Office",6,"m1gndef1sd00","6","FAAt703","BEA_API"
1944,41,"Office",7,"m1gndef1sd00","6","FAAt703","BEA_API"
1945,41,"Office",6,"m1gndef1sd00","6","FAAt703","BEA_API"
1946,41,"Office",5,"m1gndef1sd00","6","FAAt703","BEA_API"
1947,41,"Office",3,"m1gndef1sd00","6","FAAt703","BEA_API"
1948,41,"Office",1,"m1gndef1sd00","6","FAAt703","BEA_API"
1949,41,"Office",2,"m1gndef1sd00","6","FAAt703","BEA_API"
1950,41,"Office",3,"m1gndef1sd00","6","FAAt703","BEA_API"
1951,41,"Office",19,"m1gndef1sd00","6","FAAt703","BEA_API"
1952,41,"Office",18,"m1gndef1sd00","6","FAAt703","BEA_API"
1953,41,"Office",19,"m1gndef1sd00","6","FAAt703","BEA_API"
1954,41,"Office",12,"m1gndef1sd00","6","FAAt703","BEA_API"
1955,41,"Office",9,"m1gndef1sd00","6","FAAt703","BEA_API"
1956,41,"Office",4,"m1gndef1sd00","6","FAAt703","BEA_API"
1957,41,"Office",0,"m1gndef1sd00","6","FAAt703","BEA_API"
1958,41,"Office",5,"m1gndef1sd00","6","FAAt703","BEA_API"
1959,41,"Office",10,"m1gndef1sd00","6","FAAt703","BEA_API"
1960,41,"Office",12,"m1gndef1sd00","6","FAAt703","BEA_API"
1961,41,"Office",18,"m1gndef1sd00","6","FAAt703","BEA_API"
1962,41,"Office",22,"m1gndef1sd00","6","FAAt703","BEA_API"
1963,41,"Office",38,"m1gndef1sd00","6","FAAt703","BEA_API"
1964,41,"Office",40,"m1gndef1sd00","6","FAAt703","BEA_API"
1965,41,"Office",44,"m1gndef1sd00","6","FAAt703","BEA_API"
1966,41,"Office",62,"m1gndef1sd00","6","FAAt703","BEA_API"
1967,41,"Office",62,"m1gndef1sd00","6","FAAt703","BEA_API"
1968,41,"Office",70,"m1gndef1sd00","6","FAAt703","BEA_API"
1969,41,"Office",88,"m1gndef1sd00","6","FAAt703","BEA_API"
1970,41,"Office",94,"m1gndef1sd00","6","FAAt703","BEA_API"
1971,41,"Office",103,"m1gndef1sd00","6","FAAt703","BEA_API"
1972,41,"Office",105,"m1gndef1sd00","6","FAAt703","BEA_API"
1973,41,"Office",102,"m1gndef1sd00","6","FAAt703","BEA_API"
1974,41,"Office",104,"m1gndef1sd00","6","FAAt703","BEA_API"
1975,41,"Office",101,"m1gndef1sd00","6","FAAt703","BEA_API"
1976,41,"Office",91,"m1gndef1sd00","6","FAAt703","BEA_API"
1977,41,"Office",142,"m1gndef1sd00","6","FAAt703","BEA_API"
1978,41,"Office",223,"m1gndef1sd00","6","FAAt703","BEA_API"
1979,41,"Office",247,"m1gndef1sd00","6","FAAt703","BEA_API"
1980,41,"Office",279,"m1gndef1sd00","6","FAAt703","BEA_API"
1981,41,"Office",332,"m1gndef1sd00","6","FAAt703","BEA_API"
1982,41,"Office",380,"m1gndef1sd00","6","FAAt703","BEA_API"
1983,41,"Office",315,"m1gndef1sd00","6","FAAt703","BEA_API"
1984,41,"Office",404,"m1gndef1sd00","6","FAAt703","BEA_API"
1985,41,"Office",428,"m1gndef1sd00","6","FAAt703","BEA_API"
1986,41,"Office",463,"m1gndef1sd00","6","FAAt703","BEA_API"
1987,41,"Office",508,"m1gndef1sd00","6","FAAt703","BEA_API"
1988,41,"Office",542,"m1gndef1sd00","6","FAAt703","BEA_API"
1989,41,"Office",564,"m1gndef1sd00","6","FAAt703","BEA_API"
1990,41,"Office",586,"m1gndef1sd00","6","FAAt703","BEA_API"
1991,41,"Office",611,"m1gndef1sd00","6","FAAt703","BEA_API"
1992,41,"Office",628,"m1gndef1sd00","6","FAAt703","BEA_API"
1993,41,"Office",675,"m1gndef1sd00","6","FAAt703","BEA_API"
1994,41,"Office",717,"m1gndef1sd00","6","FAAt703","BEA_API"
1995,41,"Office",755,"m1gndef1sd00","6","FAAt703","BEA_API"
1996,41,"Office",790,"m1gndef1sd00","6","FAAt703","BEA_API"
1997,41,"Office",831,"m1gndef1sd00","6","FAAt703","BEA_API"
1998,41,"Office",893,"m1gndef1sd00","6","FAAt703","BEA_API"
1999,41,"Office",970,"m1gndef1sd00","6","FAAt703","BEA_API"
2000,41,"Office",1020,"m1gndef1sd00","6","FAAt703","BEA_API"
2001,41,"Office",1046,"m1gndef1sd00","6","FAAt703","BEA_API"
2002,41,"Office",1064,"m1gndef1sd00","6","FAAt703","BEA_API"
2003,41,"Office",1107,"m1gndef1sd00","6","FAAt703","BEA_API"
2004,41,"Office",1184,"m1gndef1sd00","6","FAAt703","BEA_API"
2005,41,"Office",1291,"m1gndef1sd00","6","FAAt703","BEA_API"
2006,41,"Office",1407,"m1gndef1sd00","6","FAAt703","BEA_API"
2007,41,"Office",1128,"m1gndef1sd00","6","FAAt703","BEA_API"
2008,41,"Office",1564,"m1gndef1sd00","6","FAAt703","BEA_API"
2009,41,"Office",1612,"m1gndef1sd00","6","FAAt703","BEA_API"
2010,41,"Office",1577,"m1gndef1sd00","6","FAAt703","BEA_API"
2011,41,"Office",1630,"m1gndef1sd00","6","FAAt703","BEA_API"
2012,41,"Office",1689,"m1gndef1sd00","6","FAAt703","BEA_API"
2013,41,"Office",1709,"m1gndef1sd00","6","FAAt703","BEA_API"
2014,41,"Office",1745,"m1gndef1sd00","6","FAAt703","BEA_API"
2015,41,"Office",1774,"m1gndef1sd00","6","FAAt703","BEA_API"
2016,41,"Office",1778,"m1gndef1sd00","6","FAAt703","BEA_API"
2017,41,"Office",1780,"m1gndef1sd00","6","FAAt703","BEA_API"
2018,41,"Office",1822,"m1gndef1sd00","6","FAAt703","BEA_API"
2019,41,"Office",1892,"m1gndef1sd00","6","FAAt703","BEA_API"
2020,41,"Office",1917,"m1gndef1sd00","6","FAAt703","BEA_API"
2021,41,"Office",2035,"m1gndef1sd00","6","FAAt703","BEA_API"
2022,41,"Office",2424,"m1gndef1sd00","6","FAAt703","BEA_API"
2023,41,"Office",2684,"m1gndef1sd00","6","FAAt703","BEA_API"
2024,41,"Office",2672,"m1gndef1sd00","6","FAAt703","BEA_API"
1925,42,"Commercial",9,"m1gndef1se00","6","FAAt703","BEA_API"
1926,42,"Commercial",9,"m1gndef1se00","6","FAAt703","BEA_API"
1927,42,"Commercial",9,"m1gndef1se00","6","FAAt703","BEA_API"
1928,42,"Commercial",9,"m1gndef1se00","6","FAAt703","BEA_API"
1929,42,"Commercial",9,"m1gndef1se00","6","FAAt703","BEA_API"
1930,42,"Commercial",9,"m1gndef1se00","6","FAAt703","BEA_API"
1931,42,"Commercial",8,"m1gndef1se00","6","FAAt703","BEA_API"
1932,42,"Commercial",7,"m1gndef1se00","6","FAAt703","BEA_API"
1933,42,"Commercial",8,"m1gndef1se00","6","FAAt703","BEA_API"
1934,42,"Commercial",10,"m1gndef1se00","6","FAAt703","BEA_API"
1935,42,"Commercial",11,"m1gndef1se00","6","FAAt703","BEA_API"
1936,42,"Commercial",14,"m1gndef1se00","6","FAAt703","BEA_API"
1937,42,"Commercial",19,"m1gndef1se00","6","FAAt703","BEA_API"
1938,42,"Commercial",21,"m1gndef1se00","6","FAAt703","BEA_API"
1939,42,"Commercial",21,"m1gndef1se00","6","FAAt703","BEA_API"
1940,42,"Commercial",21,"m1gndef1se00","6","FAAt703","BEA_API"
1941,42,"Commercial",23,"m1gndef1se00","6","FAAt703","BEA_API"
1942,42,"Commercial",25,"m1gndef1se00","6","FAAt703","BEA_API"
1943,42,"Commercial",24,"m1gndef1se00","6","FAAt703","BEA_API"
1944,42,"Commercial",27,"m1gndef1se00","6","FAAt703","BEA_API"
1945,42,"Commercial",26,"m1gndef1se00","6","FAAt703","BEA_API"
1946,42,"Commercial",28,"m1gndef1se00","6","FAAt703","BEA_API"
1947,42,"Commercial",33,"m1gndef1se00","6","FAAt703","BEA_API"
1948,42,"Commercial",33,"m1gndef1se00","6","FAAt703","BEA_API"
1949,42,"Commercial",31,"m1gndef1se00","6","FAAt703","BEA_API"
1950,42,"Commercial",30,"m1gndef1se00","6","FAAt703","BEA_API"
1951,42,"Commercial",49,"m1gndef1se00","6","FAAt703","BEA_API"
1952,42,"Commercial",47,"m1gndef1se00","6","FAAt703","BEA_API"
1953,42,"Commercial",46,"m1gndef1se00","6","FAAt703","BEA_API"
1954,42,"Commercial",37,"m1gndef1se00","6","FAAt703","BEA_API"
1955,42,"Commercial",33,"m1gndef1se00","6","FAAt703","BEA_API"
1956,42,"Commercial",29,"m1gndef1se00","6","FAAt703","BEA_API"
1957,42,"Commercial",24,"m1gndef1se00","6","FAAt703","BEA_API"
1958,42,"Commercial",26,"m1gndef1se00","6","FAAt703","BEA_API"
1959,42,"Commercial",29,"m1gndef1se00","6","FAAt703","BEA_API"
1960,42,"Commercial",29,"m1gndef1se00","6","FAAt703","BEA_API"
1961,42,"Commercial",32,"m1gndef1se00","6","FAAt703","BEA_API"
1962,42,"Commercial",31,"m1gndef1se00","6","FAAt703","BEA_API"
1963,42,"Commercial",42,"m1gndef1se00","6","FAAt703","BEA_API"
1964,42,"Commercial",38,"m1gndef1se00","6","FAAt703","BEA_API"
1965,42,"Commercial",37,"m1gndef1se00","6","FAAt703","BEA_API"
1966,42,"Commercial",49,"m1gndef1se00","6","FAAt703","BEA_API"
1967,42,"Commercial",44,"m1gndef1se00","6","FAAt703","BEA_API"
1968,42,"Commercial",48,"m1gndef1se00","6","FAAt703","BEA_API"
1969,42,"Commercial",63,"m1gndef1se00","6","FAAt703","BEA_API"
1970,42,"Commercial",65,"m1gndef1se00","6","FAAt703","BEA_API"
1971,42,"Commercial",68,"m1gndef1se00","6","FAAt703","BEA_API"
1972,42,"Commercial",63,"m1gndef1se00","6","FAAt703","BEA_API"
1973,42,"Commercial",53,"m1gndef1se00","6","FAAt703","BEA_API"
1974,42,"Commercial",44,"m1gndef1se00","6","FAAt703","BEA_API"
1975,42,"Commercial",31,"m1gndef1se00","6","FAAt703","BEA_API"
1976,42,"Commercial",12,"m1gndef1se00","6","FAAt703","BEA_API"
1977,42,"Commercial",53,"m1gndef1se00","6","FAAt703","BEA_API"
1978,42,"Commercial",118,"m1gndef1se00","6","FAAt703","BEA_API"
1979,42,"Commercial",124,"m1gndef1se00","6","FAAt703","BEA_API"
1980,42,"Commercial",132,"m1gndef1se00","6","FAAt703","BEA_API"
1981,42,"Commercial",163,"m1gndef1se00","6","FAAt703","BEA_API"
1982,42,"Commercial",193,"m1gndef1se00","6","FAAt703","BEA_API"
1983,42,"Commercial",115,"m1gndef1se00","6","FAAt703","BEA_API"
1984,42,"Commercial",190,"m1gndef1se00","6","FAAt703","BEA_API"
1985,42,"Commercial",200,"m1gndef1se00","6","FAAt703","BEA_API"
1986,42,"Commercial",221,"m1gndef1se00","6","FAAt703","BEA_API"
1987,42,"Commercial",252,"m1gndef1se00","6","FAAt703","BEA_API"
1988,42,"Commercial",269,"m1gndef1se00","6","FAAt703","BEA_API"
1989,42,"Commercial",274,"m1gndef1se00","6","FAAt703","BEA_API"
1990,42,"Commercial",279,"m1gndef1se00","6","FAAt703","BEA_API"
1991,42,"Commercial",288,"m1gndef1se00","6","FAAt703","BEA_API"
1992,42,"Commercial",289,"m1gndef1se00","6","FAAt703","BEA_API"
1993,42,"Commercial",306,"m1gndef1se00","6","FAAt703","BEA_API"
1994,42,"Commercial",315,"m1gndef1se00","6","FAAt703","BEA_API"
1995,42,"Commercial",319,"m1gndef1se00","6","FAAt703","BEA_API"
1996,42,"Commercial",325,"m1gndef1se00","6","FAAt703","BEA_API"
1997,42,"Commercial",335,"m1gndef1se00","6","FAAt703","BEA_API"
1998,42,"Commercial",361,"m1gndef1se00","6","FAAt703","BEA_API"
1999,42,"Commercial",400,"m1gndef1se00","6","FAAt703","BEA_API"
2000,42,"Commercial",425,"m1gndef1se00","6","FAAt703","BEA_API"
2001,42,"Commercial",433,"m1gndef1se00","6","FAAt703","BEA_API"
2002,42,"Commercial",430,"m1gndef1se00","6","FAAt703","BEA_API"
2003,42,"Commercial",449,"m1gndef1se00","6","FAAt703","BEA_API"
2004,42,"Commercial",475,"m1gndef1se00","6","FAAt703","BEA_API"
2005,42,"Commercial",497,"m1gndef1se00","6","FAAt703","BEA_API"
2006,42,"Commercial",527,"m1gndef1se00","6","FAAt703","BEA_API"
2007,42,"Commercial",186,"m1gndef1se00","6","FAAt703","BEA_API"
2008,42,"Commercial",569,"m1gndef1se00","6","FAAt703","BEA_API"
2009,42,"Commercial",559,"m1gndef1se00","6","FAAt703","BEA_API"
2010,42,"Commercial",546,"m1gndef1se00","6","FAAt703","BEA_API"
2011,42,"Commercial",564,"m1gndef1se00","6","FAAt703","BEA_API"
2012,42,"Commercial",576,"m1gndef1se00","6","FAAt703","BEA_API"
2013,42,"Commercial",600,"m1gndef1se00","6","FAAt703","BEA_API"
2014,42,"Commercial",633,"m1gndef1se00","6","FAAt703","BEA_API"
2015,42,"Commercial",654,"m1gndef1se00","6","FAAt703","BEA_API"
2016,42,"Commercial",678,"m1gndef1se00","6","FAAt703","BEA_API"
2017,42,"Commercial",693,"m1gndef1se00","6","FAAt703","BEA_API"
2018,42,"Commercial",714,"m1gndef1se00","6","FAAt703","BEA_API"
2019,42,"Commercial",750,"m1gndef1se00","6","FAAt703","BEA_API"
2020,42,"Commercial",774,"m1gndef1se00","6","FAAt703","BEA_API"
2021,42,"Commercial",809,"m1gndef1se00","6","FAAt703","BEA_API"
2022,42,"Commercial",886,"m1gndef1se00","6","FAAt703","BEA_API"
2023,42,"Commercial",956,"m1gndef1se00","6","FAAt703","BEA_API"
2024,42,"Commercial",995,"m1gndef1se00","6","FAAt703","BEA_API"
1925,43,"Health care",0,"m1gndef1sf00","6","FAAt703","BEA_API"
1926,43,"Health care",0,"m1gndef1sf00","6","FAAt703","BEA_API"
1927,43,"Health care",0,"m1gndef1sf00","6","FAAt703","BEA_API"
1928,43,"Health care",0,"m1gndef1sf00","6","FAAt703","BEA_API"
1929,43,"Health care",0,"m1gndef1sf00","6","FAAt703","BEA_API"
1930,43,"Health care",0,"m1gndef1sf00","6","FAAt703","BEA_API"
1931,43,"Health care",0,"m1gndef1sf00","6","FAAt703","BEA_API"
1932,43,"Health care",0,"m1gndef1sf00","6","FAAt703","BEA_API"
1933,43,"Health care",0,"m1gndef1sf00","6","FAAt703","BEA_API"
1934,43,"Health care",0,"m1gndef1sf00","6","FAAt703","BEA_API"
1935,43,"Health care",0,"m1gndef1sf00","6","FAAt703","BEA_API"
1936,43,"Health care",0,"m1gndef1sf00","6","FAAt703","BEA_API"
1937,43,"Health care",1,"m1gndef1sf00","6","FAAt703","BEA_API"
1938,43,"Health care",1,"m1gndef1sf00","6","FAAt703","BEA_API"
1939,43,"Health care",1,"m1gndef1sf00","6","FAAt703","BEA_API"
1940,43,"Health care",1,"m1gndef1sf00","6","FAAt703","BEA_API"
1941,43,"Health care",1,"m1gndef1sf00","6","FAAt703","BEA_API"
1942,43,"Health care",1,"m1gndef1sf00","6","FAAt703","BEA_API"
1943,43,"Health care",1,"m1gndef1sf00","6","FAAt703","BEA_API"
1944,43,"Health care",1,"m1gndef1sf00","6","FAAt703","BEA_API"
1945,43,"Health care",1,"m1gndef1sf00","6","FAAt703","BEA_API"
1946,43,"Health care",1,"m1gndef1sf00","6","FAAt703","BEA_API"
1947,43,"Health care",2,"m1gndef1sf00","6","FAAt703","BEA_API"
1948,43,"Health care",4,"m1gndef1sf00","6","FAAt703","BEA_API"
1949,43,"Health care",9,"m1gndef1sf00","6","FAAt703","BEA_API"
1950,43,"Health care",14,"m1gndef1sf00","6","FAAt703","BEA_API"
1951,43,"Health care",21,"m1gndef1sf00","6","FAAt703","BEA_API"
1952,43,"Health care",24,"m1gndef1sf00","6","FAAt703","BEA_API"
1953,43,"Health care",26,"m1gndef1sf00","6","FAAt703","BEA_API"
1954,43,"Health care",26,"m1gndef1sf00","6","FAAt703","BEA_API"
1955,43,"Health care",27,"m1gndef1sf00","6","FAAt703","BEA_API"
1956,43,"Health care",30,"m1gndef1sf00","6","FAAt703","BEA_API"
1957,43,"Health care",33,"m1gndef1sf00","6","FAAt703","BEA_API"
1958,43,"Health care",34,"m1gndef1sf00","6","FAAt703","BEA_API"
1959,43,"Health care",32,"m1gndef1sf00","6","FAAt703","BEA_API"
1960,43,"Health care",34,"m1gndef1sf00","6","FAAt703","BEA_API"
1961,43,"Health care",36,"m1gndef1sf00","6","FAAt703","BEA_API"
1962,43,"Health care",38,"m1gndef1sf00","6","FAAt703","BEA_API"
1963,43,"Health care",41,"m1gndef1sf00","6","FAAt703","BEA_API"
1964,43,"Health care",44,"m1gndef1sf00","6","FAAt703","BEA_API"
1965,43,"Health care",48,"m1gndef1sf00","6","FAAt703","BEA_API"
1966,43,"Health care",52,"m1gndef1sf00","6","FAAt703","BEA_API"
1967,43,"Health care",55,"m1gndef1sf00","6","FAAt703","BEA_API"
1968,43,"Health care",60,"m1gndef1sf00","6","FAAt703","BEA_API"
1969,43,"Health care",67,"m1gndef1sf00","6","FAAt703","BEA_API"
1970,43,"Health care",74,"m1gndef1sf00","6","FAAt703","BEA_API"
1971,43,"Health care",85,"m1gndef1sf00","6","FAAt703","BEA_API"
1972,43,"Health care",94,"m1gndef1sf00","6","FAAt703","BEA_API"
1973,43,"Health care",102,"m1gndef1sf00","6","FAAt703","BEA_API"
1974,43,"Health care",118,"m1gndef1sf00","6","FAAt703","BEA_API"
1975,43,"Health care",133,"m1gndef1sf00","6","FAAt703","BEA_API"
1976,43,"Health care",139,"m1gndef1sf00","6","FAAt703","BEA_API"
1977,43,"Health care",149,"m1gndef1sf00","6","FAAt703","BEA_API"
1978,43,"Health care",165,"m1gndef1sf00","6","FAAt703","BEA_API"
1979,43,"Health care",191,"m1gndef1sf00","6","FAAt703","BEA_API"
1980,43,"Health care",221,"m1gndef1sf00","6","FAAt703","BEA_API"
1981,43,"Health care",249,"m1gndef1sf00","6","FAAt703","BEA_API"
1982,43,"Health care",273,"m1gndef1sf00","6","FAAt703","BEA_API"
1983,43,"Health care",289,"m1gndef1sf00","6","FAAt703","BEA_API"
1984,43,"Health care",308,"m1gndef1sf00","6","FAAt703","BEA_API"
1985,43,"Health care",327,"m1gndef1sf00","6","FAAt703","BEA_API"
1986,43,"Health care",347,"m1gndef1sf00","6","FAAt703","BEA_API"
1987,43,"Health care",371,"m1gndef1sf00","6","FAAt703","BEA_API"
1988,43,"Health care",396,"m1gndef1sf00","6","FAAt703","BEA_API"
1989,43,"Health care",419,"m1gndef1sf00","6","FAAt703","BEA_API"
1990,43,"Health care",440,"m1gndef1sf00","6","FAAt703","BEA_API"
1991,43,"Health care",455,"m1gndef1sf00","6","FAAt703","BEA_API"
1992,43,"Health care",466,"m1gndef1sf00","6","FAAt703","BEA_API"
1993,43,"Health care",492,"m1gndef1sf00","6","FAAt703","BEA_API"
1994,43,"Health care",521,"m1gndef1sf00","6","FAAt703","BEA_API"
1995,43,"Health care",552,"m1gndef1sf00","6","FAAt703","BEA_API"
1996,43,"Health care",576,"m1gndef1sf00","6","FAAt703","BEA_API"
1997,43,"Health care",609,"m1gndef1sf00","6","FAAt703","BEA_API"
1998,43,"Health care",641,"m1gndef1sf00","6","FAAt703","BEA_API"
1999,43,"Health care",673,"m1gndef1sf00","6","FAAt703","BEA_API"
2000,43,"Health care",706,"m1gndef1sf00","6","FAAt703","BEA_API"
2001,43,"Health care",738,"m1gndef1sf00","6","FAAt703","BEA_API"
2002,43,"Health care",754,"m1gndef1sf00","6","FAAt703","BEA_API"
2003,43,"Health care",777,"m1gndef1sf00","6","FAAt703","BEA_API"
2004,43,"Health care",819,"m1gndef1sf00","6","FAAt703","BEA_API"
2005,43,"Health care",884,"m1gndef1sf00","6","FAAt703","BEA_API"
2006,43,"Health care",959,"m1gndef1sf00","6","FAAt703","BEA_API"
2007,43,"Health care",1003,"m1gndef1sf00","6","FAAt703","BEA_API"
2008,43,"Health care",1019,"m1gndef1sf00","6","FAAt703","BEA_API"
2009,43,"Health care",980,"m1gndef1sf00","6","FAAt703","BEA_API"
2010,43,"Health care",959,"m1gndef1sf00","6","FAAt703","BEA_API"
2011,43,"Health care",992,"m1gndef1sf00","6","FAAt703","BEA_API"
2012,43,"Health care",1033,"m1gndef1sf00","6","FAAt703","BEA_API"
2013,43,"Health care",1087,"m1gndef1sf00","6","FAAt703","BEA_API"
2014,43,"Health care",1146,"m1gndef1sf00","6","FAAt703","BEA_API"
2015,43,"Health care",1176,"m1gndef1sf00","6","FAAt703","BEA_API"
2016,43,"Health care",1201,"m1gndef1sf00","6","FAAt703","BEA_API"
2017,43,"Health care",1235,"m1gndef1sf00","6","FAAt703","BEA_API"
2018,43,"Health care",1303,"m1gndef1sf00","6","FAAt703","BEA_API"
2019,43,"Health care",1374,"m1gndef1sf00","6","FAAt703","BEA_API"
2020,43,"Health care",1420,"m1gndef1sf00","6","FAAt703","BEA_API"
2021,43,"Health care",1503,"m1gndef1sf00","6","FAAt703","BEA_API"
2022,43,"Health care",1770,"m1gndef1sf00","6","FAAt703","BEA_API"
2023,43,"Health care",1937,"m1gndef1sf00","6","FAAt703","BEA_API"
2024,43,"Health care",1949,"m1gndef1sf00","6","FAAt703","BEA_API"
1925,44,"Educational",0,"m1gndef1sg00","6","FAAt703","BEA_API"
1926,44,"Educational",0,"m1gndef1sg00","6","FAAt703","BEA_API"
1927,44,"Educational",0,"m1gndef1sg00","6","FAAt703","BEA_API"
1928,44,"Educational",0,"m1gndef1sg00","6","FAAt703","BEA_API"
1929,44,"Educational",0,"m1gndef1sg00","6","FAAt703","BEA_API"
1930,44,"Educational",0,"m1gndef1sg00","6","FAAt703","BEA_API"
1931,44,"Educational",0,"m1gndef1sg00","6","FAAt703","BEA_API"
1932,44,"Educational",0,"m1gndef1sg00","6","FAAt703","BEA_API"
1933,44,"Educational",0,"m1gndef1sg00","6","FAAt703","BEA_API"
1934,44,"Educational",0,"m1gndef1sg00","6","FAAt703","BEA_API"
1935,44,"Educational",0,"m1gndef1sg00","6","FAAt703","BEA_API"
1936,44,"Educational",1,"m1gndef1sg00","6","FAAt703","BEA_API"
1937,44,"Educational",1,"m1gndef1sg00","6","FAAt703","BEA_API"
1938,44,"Educational",1,"m1gndef1sg00","6","FAAt703","BEA_API"
1939,44,"Educational",1,"m1gndef1sg00","6","FAAt703","BEA_API"
1940,44,"Educational",2,"m1gndef1sg00","6","FAAt703","BEA_API"
1941,44,"Educational",4,"m1gndef1sg00","6","FAAt703","BEA_API"
1942,44,"Educational",5,"m1gndef1sg00","6","FAAt703","BEA_API"
1943,44,"Educational",8,"m1gndef1sg00","6","FAAt703","BEA_API"
1944,44,"Educational",9,"m1gndef1sg00","6","FAAt703","BEA_API"
1945,44,"Educational",9,"m1gndef1sg00","6","FAAt703","BEA_API"
1946,44,"Educational",11,"m1gndef1sg00","6","FAAt703","BEA_API"
1947,44,"Educational",16,"m1gndef1sg00","6","FAAt703","BEA_API"
1948,44,"Educational",18,"m1gndef1sg00","6","FAAt703","BEA_API"
1949,44,"Educational",18,"m1gndef1sg00","6","FAAt703","BEA_API"
1950,44,"Educational",18,"m1gndef1sg00","6","FAAt703","BEA_API"
1951,44,"Educational",21,"m1gndef1sg00","6","FAAt703","BEA_API"
1952,44,"Educational",24,"m1gndef1sg00","6","FAAt703","BEA_API"
1953,44,"Educational",26,"m1gndef1sg00","6","FAAt703","BEA_API"
1954,44,"Educational",24,"m1gndef1sg00","6","FAAt703","BEA_API"
1955,44,"Educational",25,"m1gndef1sg00","6","FAAt703","BEA_API"
1956,44,"Educational",27,"m1gndef1sg00","6","FAAt703","BEA_API"
1957,44,"Educational",32,"m1gndef1sg00","6","FAAt703","BEA_API"
1958,44,"Educational",36,"m1gndef1sg00","6","FAAt703","BEA_API"
1959,44,"Educational",36,"m1gndef1sg00","6","FAAt703","BEA_API"
1960,44,"Educational",37,"m1gndef1sg00","6","FAAt703","BEA_API"
1961,44,"Educational",38,"m1gndef1sg00","6","FAAt703","BEA_API"
1962,44,"Educational",40,"m1gndef1sg00","6","FAAt703","BEA_API"
1963,44,"Educational",42,"m1gndef1sg00","6","FAAt703","BEA_API"
1964,44,"Educational",45,"m1gndef1sg00","6","FAAt703","BEA_API"
1965,44,"Educational",49,"m1gndef1sg00","6","FAAt703","BEA_API"
1966,44,"Educational",52,"m1gndef1sg00","6","FAAt703","BEA_API"
1967,44,"Educational",56,"m1gndef1sg00","6","FAAt703","BEA_API"
1968,44,"Educational",60,"m1gndef1sg00","6","FAAt703","BEA_API"
1969,44,"Educational",66,"m1gndef1sg00","6","FAAt703","BEA_API"
1970,44,"Educational",71,"m1gndef1sg00","6","FAAt703","BEA_API"
1971,44,"Educational",78,"m1gndef1sg00","6","FAAt703","BEA_API"
1972,44,"Educational",86,"m1gndef1sg00","6","FAAt703","BEA_API"
1973,44,"Educational",95,"m1gndef1sg00","6","FAAt703","BEA_API"
1974,44,"Educational",108,"m1gndef1sg00","6","FAAt703","BEA_API"
1975,44,"Educational",121,"m1gndef1sg00","6","FAAt703","BEA_API"
1976,44,"Educational",128,"m1gndef1sg00","6","FAAt703","BEA_API"
1977,44,"Educational",140,"m1gndef1sg00","6","FAAt703","BEA_API"
1978,44,"Educational",157,"m1gndef1sg00","6","FAAt703","BEA_API"
1979,44,"Educational",178,"m1gndef1sg00","6","FAAt703","BEA_API"
1980,44,"Educational",203,"m1gndef1sg00","6","FAAt703","BEA_API"
1981,44,"Educational",226,"m1gndef1sg00","6","FAAt703","BEA_API"
1982,44,"Educational",244,"m1gndef1sg00","6","FAAt703","BEA_API"
1983,44,"Educational",254,"m1gndef1sg00","6","FAAt703","BEA_API"
1984,44,"Educational",267,"m1gndef1sg00","6","FAAt703","BEA_API"
1985,44,"Educational",278,"m1gndef1sg00","6","FAAt703","BEA_API"
1986,44,"Educational",289,"m1gndef1sg00","6","FAAt703","BEA_API"
1987,44,"Educational",303,"m1gndef1sg00","6","FAAt703","BEA_API"
1988,44,"Educational",316,"m1gndef1sg00","6","FAAt703","BEA_API"
1989,44,"Educational",328,"m1gndef1sg00","6","FAAt703","BEA_API"
1990,44,"Educational",340,"m1gndef1sg00","6","FAAt703","BEA_API"
1991,44,"Educational",348,"m1gndef1sg00","6","FAAt703","BEA_API"
1992,44,"Educational",355,"m1gndef1sg00","6","FAAt703","BEA_API"
1993,44,"Educational",373,"m1gndef1sg00","6","FAAt703","BEA_API"
1994,44,"Educational",394,"m1gndef1sg00","6","FAAt703","BEA_API"
1995,44,"Educational",415,"m1gndef1sg00","6","FAAt703","BEA_API"
1996,44,"Educational",429,"m1gndef1sg00","6","FAAt703","BEA_API"
1997,44,"Educational",445,"m1gndef1sg00","6","FAAt703","BEA_API"
1998,44,"Educational",462,"m1gndef1sg00","6","FAAt703","BEA_API"
1999,44,"Educational",477,"m1gndef1sg00","6","FAAt703","BEA_API"
2000,44,"Educational",494,"m1gndef1sg00","6","FAAt703","BEA_API"
2001,44,"Educational",511,"m1gndef1sg00","6","FAAt703","BEA_API"
2002,44,"Educational",529,"m1gndef1sg00","6","FAAt703","BEA_API"
2003,44,"Educational",544,"m1gndef1sg00","6","FAAt703","BEA_API"
2004,44,"Educational",576,"m1gndef1sg00","6","FAAt703","BEA_API"
2005,44,"Educational",620,"m1gndef1sg00","6","FAAt703","BEA_API"
2006,44,"Educational",657,"m1gndef1sg00","6","FAAt703","BEA_API"
2007,44,"Educational",713,"m1gndef1sg00","6","FAAt703","BEA_API"
2008,44,"Educational",742,"m1gndef1sg00","6","FAAt703","BEA_API"
2009,44,"Educational",783,"m1gndef1sg00","6","FAAt703","BEA_API"
2010,44,"Educational",775,"m1gndef1sg00","6","FAAt703","BEA_API"
2011,44,"Educational",789,"m1gndef1sg00","6","FAAt703","BEA_API"
2012,44,"Educational",811,"m1gndef1sg00","6","FAAt703","BEA_API"
2013,44,"Educational",818,"m1gndef1sg00","6","FAAt703","BEA_API"
2014,44,"Educational",839,"m1gndef1sg00","6","FAAt703","BEA_API"
2015,44,"Educational",848,"m1gndef1sg00","6","FAAt703","BEA_API"
2016,44,"Educational",846,"m1gndef1sg00","6","FAAt703","BEA_API"
2017,44,"Educational",852,"m1gndef1sg00","6","FAAt703","BEA_API"
2018,44,"Educational",877,"m1gndef1sg00","6","FAAt703","BEA_API"
2019,44,"Educational",916,"m1gndef1sg00","6","FAAt703","BEA_API"
2020,44,"Educational",925,"m1gndef1sg00","6","FAAt703","BEA_API"
2021,44,"Educational",944,"m1gndef1sg00","6","FAAt703","BEA_API"
2022,44,"Educational",1078,"m1gndef1sg00","6","FAAt703","BEA_API"
2023,44,"Educational",1142,"m1gndef1sg00","6","FAAt703","BEA_API"
2024,44,"Educational",1131,"m1gndef1sg00","6","FAAt703","BEA_API"
1925,45,"Public safety",0,"m1gndef1si00","6","FAAt703","BEA_API"
1926,45,"Public safety",0,"m1gndef1si00","6","FAAt703","BEA_API"
1927,45,"Public safety",0,"m1gndef1si00","6","FAAt703","BEA_API"
1928,45,"Public safety",0,"m1gndef1si00","6","FAAt703","BEA_API"
1929,45,"Public safety",0,"m1gndef1si00","6","FAAt703","BEA_API"
1930,45,"Public safety",0,"m1gndef1si00","6","FAAt703","BEA_API"
1931,45,"Public safety",0,"m1gndef1si00","6","FAAt703","BEA_API"
1932,45,"Public safety",0,"m1gndef1si00","6","FAAt703","BEA_API"
1933,45,"Public safety",0,"m1gndef1si00","6","FAAt703","BEA_API"
1934,45,"Public safety",0,"m1gndef1si00","6","FAAt703","BEA_API"
1935,45,"Public safety",0,"m1gndef1si00","6","FAAt703","BEA_API"
1936,45,"Public safety",0,"m1gndef1si00","6","FAAt703","BEA_API"
1937,45,"Public safety",0,"m1gndef1si00","6","FAAt703","BEA_API"
1938,45,"Public safety",0,"m1gndef1si00","6","FAAt703","BEA_API"
1939,45,"Public safety",0,"m1gndef1si00","6","FAAt703","BEA_API"
1940,45,"Public safety",1,"m1gndef1si00","6","FAAt703","BEA_API"
1941,45,"Public safety",1,"m1gndef1si00","6","FAAt703","BEA_API"
1942,45,"Public safety",2,"m1gndef1si00","6","FAAt703","BEA_API"
1943,45,"Public safety",2,"m1gndef1si00","6","FAAt703","BEA_API"
1944,45,"Public safety",3,"m1gndef1si00","6","FAAt703","BEA_API"
1945,45,"Public safety",3,"m1gndef1si00","6","FAAt703","BEA_API"
1946,45,"Public safety",3,"m1gndef1si00","6","FAAt703","BEA_API"
1947,45,"Public safety",5,"m1gndef1si00","6","FAAt703","BEA_API"
1948,45,"Public safety",6,"m1gndef1si00","6","FAAt703","BEA_API"
1949,45,"Public safety",6,"m1gndef1si00","6","FAAt703","BEA_API"
1950,45,"Public safety",6,"m1gndef1si00","6","FAAt703","BEA_API"
1951,45,"Public safety",8,"m1gndef1si00","6","FAAt703","BEA_API"
1952,45,"Public safety",9,"m1gndef1si00","6","FAAt703","BEA_API"
1953,45,"Public safety",9,"m1gndef1si00","6","FAAt703","BEA_API"
1954,45,"Public safety",9,"m1gndef1si00","6","FAAt703","BEA_API"
1955,45,"Public safety",9,"m1gndef1si00","6","FAAt703","BEA_API"
1956,45,"Public safety",10,"m1gndef1si00","6","FAAt703","BEA_API"
1957,45,"Public safety",11,"m1gndef1si00","6","FAAt703","BEA_API"
1958,45,"Public safety",11,"m1gndef1si00","6","FAAt703","BEA_API"
1959,45,"Public safety",12,"m1gndef1si00","6","FAAt703","BEA_API"
1960,45,"Public safety",13,"m1gndef1si00","6","FAAt703","BEA_API"
1961,45,"Public safety",15,"m1gndef1si00","6","FAAt703","BEA_API"
1962,45,"Public safety",17,"m1gndef1si00","6","FAAt703","BEA_API"
1963,45,"Public safety",19,"m1gndef1si00","6","FAAt703","BEA_API"
1964,45,"Public safety",21,"m1gndef1si00","6","FAAt703","BEA_API"
1965,45,"Public safety",23,"m1gndef1si00","6","FAAt703","BEA_API"
1966,45,"Public safety",26,"m1gndef1si00","6","FAAt703","BEA_API"
1967,45,"Public safety",29,"m1gndef1si00","6","FAAt703","BEA_API"
1968,45,"Public safety",33,"m1gndef1si00","6","FAAt703","BEA_API"
1969,45,"Public safety",40,"m1gndef1si00","6","FAAt703","BEA_API"
1970,45,"Public safety",46,"m1gndef1si00","6","FAAt703","BEA_API"
1971,45,"Public safety",54,"m1gndef1si00","6","FAAt703","BEA_API"
1972,45,"Public safety",62,"m1gndef1si00","6","FAAt703","BEA_API"
1973,45,"Public safety",72,"m1gndef1si00","6","FAAt703","BEA_API"
1974,45,"Public safety",86,"m1gndef1si00","6","FAAt703","BEA_API"
1975,45,"Public safety",103,"m1gndef1si00","6","FAAt703","BEA_API"
1976,45,"Public safety",115,"m1gndef1si00","6","FAAt703","BEA_API"
1977,45,"Public safety",134,"m1gndef1si00","6","FAAt703","BEA_API"
1978,45,"Public safety",160,"m1gndef1si00","6","FAAt703","BEA_API"
1979,45,"Public safety",193,"m1gndef1si00","6","FAAt703","BEA_API"
1980,45,"Public safety",232,"m1gndef1si00","6","FAAt703","BEA_API"
1981,45,"Public safety",271,"m1gndef1si00","6","FAAt703","BEA_API"
1982,45,"Public safety",304,"m1gndef1si00","6","FAAt703","BEA_API"
1983,45,"Public safety",329,"m1gndef1si00","6","FAAt703","BEA_API"
1984,45,"Public safety",359,"m1gndef1si00","6","FAAt703","BEA_API"
1985,45,"Public safety",386,"m1gndef1si00","6","FAAt703","BEA_API"
1986,45,"Public safety",413,"m1gndef1si00","6","FAAt703","BEA_API"
1987,45,"Public safety",445,"m1gndef1si00","6","FAAt703","BEA_API"
1988,45,"Public safety",472,"m1gndef1si00","6","FAAt703","BEA_API"
1989,45,"Public safety",494,"m1gndef1si00","6","FAAt703","BEA_API"
1990,45,"Public safety",518,"m1gndef1si00","6","FAAt703","BEA_API"
1991,45,"Public safety",540,"m1gndef1si00","6","FAAt703","BEA_API"
1992,45,"Public safety",563,"m1gndef1si00","6","FAAt703","BEA_API"
1993,45,"Public safety",607,"m1gndef1si00","6","FAAt703","BEA_API"
1994,45,"Public safety",658,"m1gndef1si00","6","FAAt703","BEA_API"
1995,45,"Public safety",707,"m1gndef1si00","6","FAAt703","BEA_API"
1996,45,"Public safety",744,"m1gndef1si00","6","FAAt703","BEA_API"
1997,45,"Public safety",791,"m1gndef1si00","6","FAAt703","BEA_API"
1998,45,"Public safety",842,"m1gndef1si00","6","FAAt703","BEA_API"
1999,45,"Public safety",900,"m1gndef1si00","6","FAAt703","BEA_API"
2000,45,"Public safety",955,"m1gndef1si00","6","FAAt703","BEA_API"
2001,45,"Public safety",1005,"m1gndef1si00","6","FAAt703","BEA_API"
2002,45,"Public safety",1030,"m1gndef1si00","6","FAAt703","BEA_API"
2003,45,"Public safety",1062,"m1gndef1si00","6","FAAt703","BEA_API"
2004,45,"Public safety",1113,"m1gndef1si00","6","FAAt703","BEA_API"
2005,45,"Public safety",1193,"m1gndef1si00","6","FAAt703","BEA_API"
2006,45,"Public safety",1276,"m1gndef1si00","6","FAAt703","BEA_API"
2007,45,"Public safety",1326,"m1gndef1si00","6","FAAt703","BEA_API"
2008,45,"Public safety",1330,"m1gndef1si00","6","FAAt703","BEA_API"
2009,45,"Public safety",1264,"m1gndef1si00","6","FAAt703","BEA_API"
2010,45,"Public safety",1197,"m1gndef1si00","6","FAAt703","BEA_API"
2011,45,"Public safety",1196,"m1gndef1si00","6","FAAt703","BEA_API"
2012,45,"Public safety",1202,"m1gndef1si00","6","FAAt703","BEA_API"
2013,45,"Public safety",1241,"m1gndef1si00","6","FAAt703","BEA_API"
2014,45,"Public safety",1291,"m1gndef1si00","6","FAAt703","BEA_API"
2015,45,"Public safety",1317,"m1gndef1si00","6","FAAt703","BEA_API"
2016,45,"Public safety",1356,"m1gndef1si00","6","FAAt703","BEA_API"
2017,45,"Public safety",1401,"m1gndef1si00","6","FAAt703","BEA_API"
2018,45,"Public safety",1452,"m1gndef1si00","6","FAAt703","BEA_API"
2019,45,"Public safety",1518,"m1gndef1si00","6","FAAt703","BEA_API"
2020,45,"Public safety",1612,"m1gndef1si00","6","FAAt703","BEA_API"
2021,45,"Public safety",1732,"m1gndef1si00","6","FAAt703","BEA_API"
2022,45,"Public safety",1926,"m1gndef1si00","6","FAAt703","BEA_API"
2023,45,"Public safety",1996,"m1gndef1si00","6","FAAt703","BEA_API"
2024,45,"Public safety",2029,"m1gndef1si00","6","FAAt703","BEA_API"
1925,46,"Amusement and recreation",0,"m1gndef1sk00","6","FAAt703","BEA_API"
1926,46,"Amusement and recreation",0,"m1gndef1sk00","6","FAAt703","BEA_API"
1927,46,"Amusement and recreation",0,"m1gndef1sk00","6","FAAt703","BEA_API"
1928,46,"Amusement and recreation",0,"m1gndef1sk00","6","FAAt703","BEA_API"
1929,46,"Amusement and recreation",0,"m1gndef1sk00","6","FAAt703","BEA_API"
1930,46,"Amusement and recreation",0,"m1gndef1sk00","6","FAAt703","BEA_API"
1931,46,"Amusement and recreation",0,"m1gndef1sk00","6","FAAt703","BEA_API"
1932,46,"Amusement and recreation",0,"m1gndef1sk00","6","FAAt703","BEA_API"
1933,46,"Amusement and recreation",0,"m1gndef1sk00","6","FAAt703","BEA_API"
1934,46,"Amusement and recreation",0,"m1gndef1sk00","6","FAAt703","BEA_API"
1935,46,"Amusement and recreation",0,"m1gndef1sk00","6","FAAt703","BEA_API"
1936,46,"Amusement and recreation",0,"m1gndef1sk00","6","FAAt703","BEA_API"
1937,46,"Amusement and recreation",1,"m1gndef1sk00","6","FAAt703","BEA_API"
1938,46,"Amusement and recreation",1,"m1gndef1sk00","6","FAAt703","BEA_API"
1939,46,"Amusement and recreation",1,"m1gndef1sk00","6","FAAt703","BEA_API"
1940,46,"Amusement and recreation",1,"m1gndef1sk00","6","FAAt703","BEA_API"
1941,46,"Amusement and recreation",1,"m1gndef1sk00","6","FAAt703","BEA_API"
1942,46,"Amusement and recreation",1,"m1gndef1sk00","6","FAAt703","BEA_API"
1943,46,"Amusement and recreation",1,"m1gndef1sk00","6","FAAt703","BEA_API"
1944,46,"Amusement and recreation",1,"m1gndef1sk00","6","FAAt703","BEA_API"
1945,46,"Amusement and recreation",1,"m1gndef1sk00","6","FAAt703","BEA_API"
1946,46,"Amusement and recreation",2,"m1gndef1sk00","6","FAAt703","BEA_API"
1947,46,"Amusement and recreation",2,"m1gndef1sk00","6","FAAt703","BEA_API"
1948,46,"Amusement and recreation",3,"m1gndef1sk00","6","FAAt703","BEA_API"
1949,46,"Amusement and recreation",3,"m1gndef1sk00","6","FAAt703","BEA_API"
1950,46,"Amusement and recreation",5,"m1gndef1sk00","6","FAAt703","BEA_API"
1951,46,"Amusement and recreation",5,"m1gndef1sk00","6","FAAt703","BEA_API"
1952,46,"Amusement and recreation",6,"m1gndef1sk00","6","FAAt703","BEA_API"
1953,46,"Amusement and recreation",7,"m1gndef1sk00","6","FAAt703","BEA_API"
1954,46,"Amusement and recreation",8,"m1gndef1sk00","6","FAAt703","BEA_API"
1955,46,"Amusement and recreation",9,"m1gndef1sk00","6","FAAt703","BEA_API"
1956,46,"Amusement and recreation",10,"m1gndef1sk00","6","FAAt703","BEA_API"
1957,46,"Amusement and recreation",12,"m1gndef1sk00","6","FAAt703","BEA_API"
1958,46,"Amusement and recreation",12,"m1gndef1sk00","6","FAAt703","BEA_API"
1959,46,"Amusement and recreation",13,"m1gndef1sk00","6","FAAt703","BEA_API"
1960,46,"Amusement and recreation",15,"m1gndef1sk00","6","FAAt703","BEA_API"
1961,46,"Amusement and recreation",16,"m1gndef1sk00","6","FAAt703","BEA_API"
1962,46,"Amusement and recreation",19,"m1gndef1sk00","6","FAAt703","BEA_API"
1963,46,"Amusement and recreation",21,"m1gndef1sk00","6","FAAt703","BEA_API"
1964,46,"Amusement and recreation",24,"m1gndef1sk00","6","FAAt703","BEA_API"
1965,46,"Amusement and recreation",27,"m1gndef1sk00","6","FAAt703","BEA_API"
1966,46,"Amusement and recreation",31,"m1gndef1sk00","6","FAAt703","BEA_API"
1967,46,"Amusement and recreation",34,"m1gndef1sk00","6","FAAt703","BEA_API"
1968,46,"Amusement and recreation",37,"m1gndef1sk00","6","FAAt703","BEA_API"
1969,46,"Amusement and recreation",40,"m1gndef1sk00","6","FAAt703","BEA_API"
1970,46,"Amusement and recreation",45,"m1gndef1sk00","6","FAAt703","BEA_API"
1971,46,"Amusement and recreation",49,"m1gndef1sk00","6","FAAt703","BEA_API"
1972,46,"Amusement and recreation",54,"m1gndef1sk00","6","FAAt703","BEA_API"
1973,46,"Amusement and recreation",59,"m1gndef1sk00","6","FAAt703","BEA_API"
1974,46,"Amusement and recreation",73,"m1gndef1sk00","6","FAAt703","BEA_API"
1975,46,"Amusement and recreation",83,"m1gndef1sk00","6","FAAt703","BEA_API"
1976,46,"Amusement and recreation",86,"m1gndef1sk00","6","FAAt703","BEA_API"
1977,46,"Amusement and recreation",92,"m1gndef1sk00","6","FAAt703","BEA_API"
1978,46,"Amusement and recreation",100,"m1gndef1sk00","6","FAAt703","BEA_API"
1979,46,"Amusement and recreation",114,"m1gndef1sk00","6","FAAt703","BEA_API"
1980,46,"Amusement and recreation",129,"m1gndef1sk00","6","FAAt703","BEA_API"
1981,46,"Amusement and recreation",143,"m1gndef1sk00","6","FAAt703","BEA_API"
1982,46,"Amusement and recreation",154,"m1gndef1sk00","6","FAAt703","BEA_API"
1983,46,"Amusement and recreation",160,"m1gndef1sk00","6","FAAt703","BEA_API"
1984,46,"Amusement and recreation",167,"m1gndef1sk00","6","FAAt703","BEA_API"
1985,46,"Amusement and recreation",172,"m1gndef1sk00","6","FAAt703","BEA_API"
1986,46,"Amusement and recreation",179,"m1gndef1sk00","6","FAAt703","BEA_API"
1987,46,"Amusement and recreation",186,"m1gndef1sk00","6","FAAt703","BEA_API"
1988,46,"Amusement and recreation",195,"m1gndef1sk00","6","FAAt703","BEA_API"
1989,46,"Amusement and recreation",204,"m1gndef1sk00","6","FAAt703","BEA_API"
1990,46,"Amusement and recreation",212,"m1gndef1sk00","6","FAAt703","BEA_API"
1991,46,"Amusement and recreation",218,"m1gndef1sk00","6","FAAt703","BEA_API"
1992,46,"Amusement and recreation",223,"m1gndef1sk00","6","FAAt703","BEA_API"
1993,46,"Amusement and recreation",236,"m1gndef1sk00","6","FAAt703","BEA_API"
1994,46,"Amusement and recreation",250,"m1gndef1sk00","6","FAAt703","BEA_API"
1995,46,"Amusement and recreation",265,"m1gndef1sk00","6","FAAt703","BEA_API"
1996,46,"Amusement and recreation",277,"m1gndef1sk00","6","FAAt703","BEA_API"
1997,46,"Amusement and recreation",293,"m1gndef1sk00","6","FAAt703","BEA_API"
1998,46,"Amusement and recreation",309,"m1gndef1sk00","6","FAAt703","BEA_API"
1999,46,"Amusement and recreation",328,"m1gndef1sk00","6","FAAt703","BEA_API"
2000,46,"Amusement and recreation",348,"m1gndef1sk00","6","FAAt703","BEA_API"
2001,46,"Amusement and recreation",366,"m1gndef1sk00","6","FAAt703","BEA_API"
2002,46,"Amusement and recreation",375,"m1gndef1sk00","6","FAAt703","BEA_API"
2003,46,"Amusement and recreation",386,"m1gndef1sk00","6","FAAt703","BEA_API"
2004,46,"Amusement and recreation",407,"m1gndef1sk00","6","FAAt703","BEA_API"
2005,46,"Amusement and recreation",438,"m1gndef1sk00","6","FAAt703","BEA_API"
2006,46,"Amusement and recreation",472,"m1gndef1sk00","6","FAAt703","BEA_API"
2007,46,"Amusement and recreation",489,"m1gndef1sk00","6","FAAt703","BEA_API"
2008,46,"Amusement and recreation",492,"m1gndef1sk00","6","FAAt703","BEA_API"
2009,46,"Amusement and recreation",466,"m1gndef1sk00","6","FAAt703","BEA_API"
2010,46,"Amusement and recreation",447,"m1gndef1sk00","6","FAAt703","BEA_API"
2011,46,"Amusement and recreation",453,"m1gndef1sk00","6","FAAt703","BEA_API"
2012,46,"Amusement and recreation",458,"m1gndef1sk00","6","FAAt703","BEA_API"
2013,46,"Amusement and recreation",474,"m1gndef1sk00","6","FAAt703","BEA_API"
2014,46,"Amusement and recreation",496,"m1gndef1sk00","6","FAAt703","BEA_API"
2015,46,"Amusement and recreation",510,"m1gndef1sk00","6","FAAt703","BEA_API"
2016,46,"Amusement and recreation",529,"m1gndef1sk00","6","FAAt703","BEA_API"
2017,46,"Amusement and recreation",551,"m1gndef1sk00","6","FAAt703","BEA_API"
2018,46,"Amusement and recreation",576,"m1gndef1sk00","6","FAAt703","BEA_API"
2019,46,"Amusement and recreation",597,"m1gndef1sk00","6","FAAt703","BEA_API"
2020,46,"Amusement and recreation",615,"m1gndef1sk00","6","FAAt703","BEA_API"
2021,46,"Amusement and recreation",644,"m1gndef1sk00","6","FAAt703","BEA_API"
2022,46,"Amusement and recreation",712,"m1gndef1sk00","6","FAAt703","BEA_API"
2023,46,"Amusement and recreation",747,"m1gndef1sk00","6","FAAt703","BEA_API"
2024,46,"Amusement and recreation",771,"m1gndef1sk00","6","FAAt703","BEA_API"
1925,47,"Transportation",0,"m1gndef1sn00","6","FAAt703","BEA_API"
1926,47,"Transportation",0,"m1gndef1sn00","6","FAAt703","BEA_API"
1927,47,"Transportation",0,"m1gndef1sn00","6","FAAt703","BEA_API"
1928,47,"Transportation",0,"m1gndef1sn00","6","FAAt703","BEA_API"
1929,47,"Transportation",0,"m1gndef1sn00","6","FAAt703","BEA_API"
1930,47,"Transportation",0,"m1gndef1sn00","6","FAAt703","BEA_API"
1931,47,"Transportation",0,"m1gndef1sn00","6","FAAt703","BEA_API"
1932,47,"Transportation",0,"m1gndef1sn00","6","FAAt703","BEA_API"
1933,47,"Transportation",0,"m1gndef1sn00","6","FAAt703","BEA_API"
1934,47,"Transportation",1,"m1gndef1sn00","6","FAAt703","BEA_API"
1935,47,"Transportation",1,"m1gndef1sn00","6","FAAt703","BEA_API"
1936,47,"Transportation",1,"m1gndef1sn00","6","FAAt703","BEA_API"
1937,47,"Transportation",1,"m1gndef1sn00","6","FAAt703","BEA_API"
1938,47,"Transportation",1,"m1gndef1sn00","6","FAAt703","BEA_API"
1939,47,"Transportation",2,"m1gndef1sn00","6","FAAt703","BEA_API"
1940,47,"Transportation",2,"m1gndef1sn00","6","FAAt703","BEA_API"
1941,47,"Transportation",2,"m1gndef1sn00","6","FAAt703","BEA_API"
1942,47,"Transportation",3,"m1gndef1sn00","6","FAAt703","BEA_API"
1943,47,"Transportation",4,"m1gndef1sn00","6","FAAt703","BEA_API"
1944,47,"Transportation",4,"m1gndef1sn00","6","FAAt703","BEA_API"
1945,47,"Transportation",4,"m1gndef1sn00","6","FAAt703","BEA_API"
1946,47,"Transportation",4,"m1gndef1sn00","6","FAAt703","BEA_API"
1947,47,"Transportation",5,"m1gndef1sn00","6","FAAt703","BEA_API"
1948,47,"Transportation",6,"m1gndef1sn00","6","FAAt703","BEA_API"
1949,47,"Transportation",6,"m1gndef1sn00","6","FAAt703","BEA_API"
1950,47,"Transportation",7,"m1gndef1sn00","6","FAAt703","BEA_API"
1951,47,"Transportation",9,"m1gndef1sn00","6","FAAt703","BEA_API"
1952,47,"Transportation",10,"m1gndef1sn00","6","FAAt703","BEA_API"
1953,47,"Transportation",11,"m1gndef1sn00","6","FAAt703","BEA_API"
1954,47,"Transportation",12,"m1gndef1sn00","6","FAAt703","BEA_API"
1955,47,"Transportation",12,"m1gndef1sn00","6","FAAt703","BEA_API"
1956,47,"Transportation",14,"m1gndef1sn00","6","FAAt703","BEA_API"
1957,47,"Transportation",16,"m1gndef1sn00","6","FAAt703","BEA_API"
1958,47,"Transportation",17,"m1gndef1sn00","6","FAAt703","BEA_API"
1959,47,"Transportation",17,"m1gndef1sn00","6","FAAt703","BEA_API"
1960,47,"Transportation",18,"m1gndef1sn00","6","FAAt703","BEA_API"
1961,47,"Transportation",19,"m1gndef1sn00","6","FAAt703","BEA_API"
1962,47,"Transportation",21,"m1gndef1sn00","6","FAAt703","BEA_API"
1963,47,"Transportation",23,"m1gndef1sn00","6","FAAt703","BEA_API"
1964,47,"Transportation",26,"m1gndef1sn00","6","FAAt703","BEA_API"
1965,47,"Transportation",28,"m1gndef1sn00","6","FAAt703","BEA_API"
1966,47,"Transportation",32,"m1gndef1sn00","6","FAAt703","BEA_API"
1967,47,"Transportation",36,"m1gndef1sn00","6","FAAt703","BEA_API"
1968,47,"Transportation",39,"m1gndef1sn00","6","FAAt703","BEA_API"
1969,47,"Transportation",43,"m1gndef1sn00","6","FAAt703","BEA_API"
1970,47,"Transportation",50,"m1gndef1sn00","6","FAAt703","BEA_API"
1971,47,"Transportation",53,"m1gndef1sn00","6","FAAt703","BEA_API"
1972,47,"Transportation",55,"m1gndef1sn00","6","FAAt703","BEA_API"
1973,47,"Transportation",60,"m1gndef1sn00","6","FAAt703","BEA_API"
1974,47,"Transportation",80,"m1gndef1sn00","6","FAAt703","BEA_API"
1975,47,"Transportation",89,"m1gndef1sn00","6","FAAt703","BEA_API"
1976,47,"Transportation",83,"m1gndef1sn00","6","FAAt703","BEA_API"
1977,47,"Transportation",82,"m1gndef1sn00","6","FAAt703","BEA_API"
1978,47,"Transportation",81,"m1gndef1sn00","6","FAAt703","BEA_API"
1979,47,"Transportation",89,"m1gndef1sn00","6","FAAt703","BEA_API"
1980,47,"Transportation",105,"m1gndef1sn00","6","FAAt703","BEA_API"
1981,47,"Transportation",126,"m1gndef1sn00","6","FAAt703","BEA_API"
1982,47,"Transportation",137,"m1gndef1sn00","6","FAAt703","BEA_API"
1983,47,"Transportation",133,"m1gndef1sn00","6","FAAt703","BEA_API"
1984,47,"Transportation",125,"m1gndef1sn00","6","FAAt703","BEA_API"
1985,47,"Transportation",124,"m1gndef1sn00","6","FAAt703","BEA_API"
1986,47,"Transportation",128,"m1gndef1sn00","6","FAAt703","BEA_API"
1987,47,"Transportation",134,"m1gndef1sn00","6","FAAt703","BEA_API"
1988,47,"Transportation",139,"m1gndef1sn00","6","FAAt703","BEA_API"
1989,47,"Transportation",146,"m1gndef1sn00","6","FAAt703","BEA_API"
1990,47,"Transportation",157,"m1gndef1sn00","6","FAAt703","BEA_API"
1991,47,"Transportation",166,"m1gndef1sn00","6","FAAt703","BEA_API"
1992,47,"Transportation",166,"m1gndef1sn00","6","FAAt703","BEA_API"
1993,47,"Transportation",164,"m1gndef1sn00","6","FAAt703","BEA_API"
1994,47,"Transportation",161,"m1gndef1sn00","6","FAAt703","BEA_API"
1995,47,"Transportation",171,"m1gndef1sn00","6","FAAt703","BEA_API"
1996,47,"Transportation",183,"m1gndef1sn00","6","FAAt703","BEA_API"
1997,47,"Transportation",196,"m1gndef1sn00","6","FAAt703","BEA_API"
1998,47,"Transportation",204,"m1gndef1sn00","6","FAAt703","BEA_API"
1999,47,"Transportation",214,"m1gndef1sn00","6","FAAt703","BEA_API"
2000,47,"Transportation",228,"m1gndef1sn00","6","FAAt703","BEA_API"
2001,47,"Transportation",239,"m1gndef1sn00","6","FAAt703","BEA_API"
2002,47,"Transportation",250,"m1gndef1sn00","6","FAAt703","BEA_API"
2003,47,"Transportation",259,"m1gndef1sn00","6","FAAt703","BEA_API"
2004,47,"Transportation",273,"m1gndef1sn00","6","FAAt703","BEA_API"
2005,47,"Transportation",309,"m1gndef1sn00","6","FAAt703","BEA_API"
2006,47,"Transportation",342,"m1gndef1sn00","6","FAAt703","BEA_API"
2007,47,"Transportation",385,"m1gndef1sn00","6","FAAt703","BEA_API"
2008,47,"Transportation",417,"m1gndef1sn00","6","FAAt703","BEA_API"
2009,47,"Transportation",423,"m1gndef1sn00","6","FAAt703","BEA_API"
2010,47,"Transportation",427,"m1gndef1sn00","6","FAAt703","BEA_API"
2011,47,"Transportation",445,"m1gndef1sn00","6","FAAt703","BEA_API"
2012,47,"Transportation",465,"m1gndef1sn00","6","FAAt703","BEA_API"
2013,47,"Transportation",473,"m1gndef1sn00","6","FAAt703","BEA_API"
2014,47,"Transportation",474,"m1gndef1sn00","6","FAAt703","BEA_API"
2015,47,"Transportation",471,"m1gndef1sn00","6","FAAt703","BEA_API"
2016,47,"Transportation",471,"m1gndef1sn00","6","FAAt703","BEA_API"
2017,47,"Transportation",484,"m1gndef1sn00","6","FAAt703","BEA_API"
2018,47,"Transportation",503,"m1gndef1sn00","6","FAAt703","BEA_API"
2019,47,"Transportation",510,"m1gndef1sn00","6","FAAt703","BEA_API"
2020,47,"Transportation",509,"m1gndef1sn00","6","FAAt703","BEA_API"
2021,47,"Transportation",558,"m1gndef1sn00","6","FAAt703","BEA_API"
2022,47,"Transportation",610,"m1gndef1sn00","6","FAAt703","BEA_API"
2023,47,"Transportation",630,"m1gndef1sn00","6","FAAt703","BEA_API"
2024,47,"Transportation",651,"m1gndef1sn00","6","FAAt703","BEA_API"
1949,48,"Power",0,"m1gndef1sp00","6","FAAt703","BEA_API"
1950,48,"Power",1,"m1gndef1sp00","6","FAAt703","BEA_API"
1951,48,"Power",1,"m1gndef1sp00","6","FAAt703","BEA_API"
1952,48,"Power",2,"m1gndef1sp00","6","FAAt703","BEA_API"
1953,48,"Power",2,"m1gndef1sp00","6","FAAt703","BEA_API"
1954,48,"Power",2,"m1gndef1sp00","6","FAAt703","BEA_API"
1955,48,"Power",2,"m1gndef1sp00","6","FAAt703","BEA_API"
1956,48,"Power",2,"m1gndef1sp00","6","FAAt703","BEA_API"
1957,48,"Power",3,"m1gndef1sp00","6","FAAt703","BEA_API"
1958,48,"Power",3,"m1gndef1sp00","6","FAAt703","BEA_API"
1959,48,"Power",3,"m1gndef1sp00","6","FAAt703","BEA_API"
1960,48,"Power",3,"m1gndef1sp00","6","FAAt703","BEA_API"
1961,48,"Power",3,"m1gndef1sp00","6","FAAt703","BEA_API"
1962,48,"Power",3,"m1gndef1sp00","6","FAAt703","BEA_API"
1963,48,"Power",4,"m1gndef1sp00","6","FAAt703","BEA_API"
1964,48,"Power",4,"m1gndef1sp00","6","FAAt703","BEA_API"
1965,48,"Power",5,"m1gndef1sp00","6","FAAt703","BEA_API"
1966,48,"Power",5,"m1gndef1sp00","6","FAAt703","BEA_API"
1967,48,"Power",6,"m1gndef1sp00","6","FAAt703","BEA_API"
1968,48,"Power",6,"m1gndef1sp00","6","FAAt703","BEA_API"
1969,48,"Power",7,"m1gndef1sp00","6","FAAt703","BEA_API"
1970,48,"Power",7,"m1gndef1sp00","6","FAAt703","BEA_API"
1971,48,"Power",8,"m1gndef1sp00","6","FAAt703","BEA_API"
1972,48,"Power",8,"m1gndef1sp00","6","FAAt703","BEA_API"
1973,48,"Power",9,"m1gndef1sp00","6","FAAt703","BEA_API"
1974,48,"Power",11,"m1gndef1sp00","6","FAAt703","BEA_API"
1975,48,"Power",12,"m1gndef1sp00","6","FAAt703","BEA_API"
1976,48,"Power",13,"m1gndef1sp00","6","FAAt703","BEA_API"
1977,48,"Power",14,"m1gndef1sp00","6","FAAt703","BEA_API"
1978,48,"Power",15,"m1gndef1sp00","6","FAAt703","BEA_API"
1979,48,"Power",16,"m1gndef1sp00","6","FAAt703","BEA_API"
1980,48,"Power",18,"m1gndef1sp00","6","FAAt703","BEA_API"
1981,48,"Power",19,"m1gndef1sp00","6","FAAt703","BEA_API"
1982,48,"Power",20,"m1gndef1sp00","6","FAAt703","BEA_API"
1983,48,"Power",21,"m1gndef1sp00","6","FAAt703","BEA_API"
1984,48,"Power",21,"m1gndef1sp00","6","FAAt703","BEA_API"
1985,48,"Power",22,"m1gndef1sp00","6","FAAt703","BEA_API"
1986,48,"Power",22,"m1gndef1sp00","6","FAAt703","BEA_API"
1987,48,"Power",23,"m1gndef1sp00","6","FAAt703","BEA_API"
1988,48,"Power",25,"m1gndef1sp00","6","FAAt703","BEA_API"
1989,48,"Power",27,"m1gndef1sp00","6","FAAt703","BEA_API"
1990,48,"Power",28,"m1gndef1sp00","6","FAAt703","BEA_API"
1991,48,"Power",29,"m1gndef1sp00","6","FAAt703","BEA_API"
1992,48,"Power",30,"m1gndef1sp00","6","FAAt703","BEA_API"
1993,48,"Power",31,"m1gndef1sp00","6","FAAt703","BEA_API"
1994,48,"Power",32,"m1gndef1sp00","6","FAAt703","BEA_API"
1995,48,"Power",33,"m1gndef1sp00","6","FAAt703","BEA_API"
1996,48,"Power",34,"m1gndef1sp00","6","FAAt703","BEA_API"
1997,48,"Power",36,"m1gndef1sp00","6","FAAt703","BEA_API"
1998,48,"Power",37,"m1gndef1sp00","6","FAAt703","BEA_API"
1999,48,"Power",38,"m1gndef1sp00","6","FAAt703","BEA_API"
2000,48,"Power",40,"m1gndef1sp00","6","FAAt703","BEA_API"
2001,48,"Power",43,"m1gndef1sp00","6","FAAt703","BEA_API"
2002,48,"Power",48,"m1gndef1sp00","6","FAAt703","BEA_API"
2003,48,"Power",59,"m1gndef1sp00","6","FAAt703","BEA_API"
2004,48,"Power",78,"m1gndef1sp00","6","FAAt703","BEA_API"
2005,48,"Power",97,"m1gndef1sp00","6","FAAt703","BEA_API"
2006,48,"Power",117,"m1gndef1sp00","6","FAAt703","BEA_API"
2007,48,"Power",133,"m1gndef1sp00","6","FAAt703","BEA_API"
2008,48,"Power",156,"m1gndef1sp00","6","FAAt703","BEA_API"
2009,48,"Power",167,"m1gndef1sp00","6","FAAt703","BEA_API"
2010,48,"Power",187,"m1gndef1sp00","6","FAAt703","BEA_API"
2011,48,"Power",211,"m1gndef1sp00","6","FAAt703","BEA_API"
2012,48,"Power",237,"m1gndef1sp00","6","FAAt703","BEA_API"
2013,48,"Power",258,"m1gndef1sp00","6","FAAt703","BEA_API"
2014,48,"Power",279,"m1gndef1sp00","6","FAAt703","BEA_API"
2015,48,"Power",306,"m1gndef1sp00","6","FAAt703","BEA_API"
2016,48,"Power",333,"m1gndef1sp00","6","FAAt703","BEA_API"
2017,48,"Power",352,"m1gndef1sp00","6","FAAt703","BEA_API"
2018,48,"Power",369,"m1gndef1sp00","6","FAAt703","BEA_API"
2019,48,"Power",383,"m1gndef1sp00","6","FAAt703","BEA_API"
2020,48,"Power",389,"m1gndef1sp00","6","FAAt703","BEA_API"
2021,48,"Power",412,"m1gndef1sp00","6","FAAt703","BEA_API"
2022,48,"Power",467,"m1gndef1sp00","6","FAAt703","BEA_API"
2023,48,"Power",498,"m1gndef1sp00","6","FAAt703","BEA_API"
2024,48,"Power",509,"m1gndef1sp00","6","FAAt703","BEA_API"
1925,49,"Highways and streets",6,"m1gndef1sq00","6","FAAt703","BEA_API"
1926,49,"Highways and streets",6,"m1gndef1sq00","6","FAAt703","BEA_API"
1927,49,"Highways and streets",7,"m1gndef1sq00","6","FAAt703","BEA_API"
1928,49,"Highways and streets",7,"m1gndef1sq00","6","FAAt703","BEA_API"
1929,49,"Highways and streets",7,"m1gndef1sq00","6","FAAt703","BEA_API"
1930,49,"Highways and streets",7,"m1gndef1sq00","6","FAAt703","BEA_API"
1931,49,"Highways and streets",7,"m1gndef1sq00","6","FAAt703","BEA_API"
1932,49,"Highways and streets",6,"m1gndef1sq00","6","FAAt703","BEA_API"
1933,49,"Highways and streets",9,"m1gndef1sq00","6","FAAt703","BEA_API"
1934,49,"Highways and streets",11,"m1gndef1sq00","6","FAAt703","BEA_API"
1935,49,"Highways and streets",12,"m1gndef1sq00","6","FAAt703","BEA_API"
1936,49,"Highways and streets",15,"m1gndef1sq00","6","FAAt703","BEA_API"
1937,49,"Highways and streets",15,"m1gndef1sq00","6","FAAt703","BEA_API"
1938,49,"Highways and streets",16,"m1gndef1sq00","6","FAAt703","BEA_API"
1939,49,"Highways and streets",17,"m1gndef1sq00","6","FAAt703","BEA_API"
1940,49,"Highways and streets",17,"m1gndef1sq00","6","FAAt703","BEA_API"
1941,49,"Highways and streets",21,"m1gndef1sq00","6","FAAt703","BEA_API"
1942,49,"Highways and streets",30,"m1gndef1sq00","6","FAAt703","BEA_API"
1943,49,"Highways and streets",33,"m1gndef1sq00","6","FAAt703","BEA_API"
1944,49,"Highways and streets",33,"m1gndef1sq00","6","FAAt703","BEA_API"
1945,49,"Highways and streets",29,"m1gndef1sq00","6","FAAt703","BEA_API"
1946,49,"Highways and streets",30,"m1gndef1sq00","6","FAAt703","BEA_API"
1947,49,"Highways and streets",33,"m1gndef1sq00","6","FAAt703","BEA_API"
1948,49,"Highways and streets",37,"m1gndef1sq00","6","FAAt703","BEA_API"
1949,49,"Highways and streets",36,"m1gndef1sq00","6","FAAt703","BEA_API"
1950,49,"Highways and streets",33,"m1gndef1sq00","6","FAAt703","BEA_API"
1951,49,"Highways and streets",42,"m1gndef1sq00","6","FAAt703","BEA_API"
1952,49,"Highways and streets",43,"m1gndef1sq00","6","FAAt703","BEA_API"
1953,49,"Highways and streets",42,"m1gndef1sq00","6","FAAt703","BEA_API"
1954,49,"Highways and streets",40,"m1gndef1sq00","6","FAAt703","BEA_API"
1955,49,"Highways and streets",39,"m1gndef1sq00","6","FAAt703","BEA_API"
1956,49,"Highways and streets",45,"m1gndef1sq00","6","FAAt703","BEA_API"
1957,49,"Highways and streets",47,"m1gndef1sq00","6","FAAt703","BEA_API"
1958,49,"Highways and streets",46,"m1gndef1sq00","6","FAAt703","BEA_API"
1959,49,"Highways and streets",47,"m1gndef1sq00","6","FAAt703","BEA_API"
1960,49,"Highways and streets",46,"m1gndef1sq00","6","FAAt703","BEA_API"
1961,49,"Highways and streets",47,"m1gndef1sq00","6","FAAt703","BEA_API"
1962,49,"Highways and streets",50,"m1gndef1sq00","6","FAAt703","BEA_API"
1963,49,"Highways and streets",53,"m1gndef1sq00","6","FAAt703","BEA_API"
1964,49,"Highways and streets",56,"m1gndef1sq00","6","FAAt703","BEA_API"
1965,49,"Highways and streets",60,"m1gndef1sq00","6","FAAt703","BEA_API"
1966,49,"Highways and streets",65,"m1gndef1sq00","6","FAAt703","BEA_API"
1967,49,"Highways and streets",69,"m1gndef1sq00","6","FAAt703","BEA_API"
1968,49,"Highways and streets",73,"m1gndef1sq00","6","FAAt703","BEA_API"
1969,49,"Highways and streets",78,"m1gndef1sq00","6","FAAt703","BEA_API"
1970,49,"Highways and streets",88,"m1gndef1sq00","6","FAAt703","BEA_API"
1971,49,"Highways and streets",94,"m1gndef1sq00","6","FAAt703","BEA_API"
1972,49,"Highways and streets",98,"m1gndef1sq00","6","FAAt703","BEA_API"
1973,49,"Highways and streets",106,"m1gndef1sq00","6","FAAt703","BEA_API"
1974,49,"Highways and streets",140,"m1gndef1sq00","6","FAAt703","BEA_API"
1975,49,"Highways and streets",152,"m1gndef1sq00","6","FAAt703","BEA_API"
1976,49,"Highways and streets",148,"m1gndef1sq00","6","FAAt703","BEA_API"
1977,49,"Highways and streets",147,"m1gndef1sq00","6","FAAt703","BEA_API"
1978,49,"Highways and streets",148,"m1gndef1sq00","6","FAAt703","BEA_API"
1979,49,"Highways and streets",161,"m1gndef1sq00","6","FAAt703","BEA_API"
1980,49,"Highways and streets",188,"m1gndef1sq00","6","FAAt703","BEA_API"
1981,49,"Highways and streets",220,"m1gndef1sq00","6","FAAt703","BEA_API"
1982,49,"Highways and streets",239,"m1gndef1sq00","6","FAAt703","BEA_API"
1983,49,"Highways and streets",233,"m1gndef1sq00","6","FAAt703","BEA_API"
1984,49,"Highways and streets",223,"m1gndef1sq00","6","FAAt703","BEA_API"
1985,49,"Highways and streets",223,"m1gndef1sq00","6","FAAt703","BEA_API"
1986,49,"Highways and streets",232,"m1gndef1sq00","6","FAAt703","BEA_API"
1987,49,"Highways and streets",244,"m1gndef1sq00","6","FAAt703","BEA_API"
1988,49,"Highways and streets",248,"m1gndef1sq00","6","FAAt703","BEA_API"
1989,49,"Highways and streets",249,"m1gndef1sq00","6","FAAt703","BEA_API"
1990,49,"Highways and streets",258,"m1gndef1sq00","6","FAAt703","BEA_API"
1991,49,"Highways and streets",265,"m1gndef1sq00","6","FAAt703","BEA_API"
1992,49,"Highways and streets",267,"m1gndef1sq00","6","FAAt703","BEA_API"
1993,49,"Highways and streets",273,"m1gndef1sq00","6","FAAt703","BEA_API"
1994,49,"Highways and streets",283,"m1gndef1sq00","6","FAAt703","BEA_API"
1995,49,"Highways and streets",301,"m1gndef1sq00","6","FAAt703","BEA_API"
1996,49,"Highways and streets",318,"m1gndef1sq00","6","FAAt703","BEA_API"
1997,49,"Highways and streets",334,"m1gndef1sq00","6","FAAt703","BEA_API"
1998,49,"Highways and streets",343,"m1gndef1sq00","6","FAAt703","BEA_API"
1999,49,"Highways and streets",358,"m1gndef1sq00","6","FAAt703","BEA_API"
2000,49,"Highways and streets",379,"m1gndef1sq00","6","FAAt703","BEA_API"
2001,49,"Highways and streets",396,"m1gndef1sq00","6","FAAt703","BEA_API"
2002,49,"Highways and streets",410,"m1gndef1sq00","6","FAAt703","BEA_API"
2003,49,"Highways and streets",420,"m1gndef1sq00","6","FAAt703","BEA_API"
2004,49,"Highways and streets",442,"m1gndef1sq00","6","FAAt703","BEA_API"
2005,49,"Highways and streets",510,"m1gndef1sq00","6","FAAt703","BEA_API"
2006,49,"Highways and streets",559,"m1gndef1sq00","6","FAAt703","BEA_API"
2007,49,"Highways and streets",641,"m1gndef1sq00","6","FAAt703","BEA_API"
2008,49,"Highways and streets",694,"m1gndef1sq00","6","FAAt703","BEA_API"
2009,49,"Highways and streets",705,"m1gndef1sq00","6","FAAt703","BEA_API"
2010,49,"Highways and streets",716,"m1gndef1sq00","6","FAAt703","BEA_API"
2011,49,"Highways and streets",750,"m1gndef1sq00","6","FAAt703","BEA_API"
2012,49,"Highways and streets",782,"m1gndef1sq00","6","FAAt703","BEA_API"
2013,49,"Highways and streets",797,"m1gndef1sq00","6","FAAt703","BEA_API"
2014,49,"Highways and streets",800,"m1gndef1sq00","6","FAAt703","BEA_API"
2015,49,"Highways and streets",793,"m1gndef1sq00","6","FAAt703","BEA_API"
2016,49,"Highways and streets",790,"m1gndef1sq00","6","FAAt703","BEA_API"
2017,49,"Highways and streets",813,"m1gndef1sq00","6","FAAt703","BEA_API"
2018,49,"Highways and streets",851,"m1gndef1sq00","6","FAAt703","BEA_API"
2019,49,"Highways and streets",868,"m1gndef1sq00","6","FAAt703","BEA_API"
2020,49,"Highways and streets",873,"m1gndef1sq00","6","FAAt703","BEA_API"
2021,49,"Highways and streets",959,"m1gndef1sq00","6","FAAt703","BEA_API"
2022,49,"Highways and streets",1056,"m1gndef1sq00","6","FAAt703","BEA_API"
2023,49,"Highways and streets",1089,"m1gndef1sq00","6","FAAt703","BEA_API"
2024,49,"Highways and streets",1116,"m1gndef1sq00","6","FAAt703","BEA_API"
1925,50,"Conservation and development",19,"m1gndef1sv00","6","FAAt703","BEA_API"
1926,50,"Conservation and development",19,"m1gndef1sv00","6","FAAt703","BEA_API"
1927,50,"Conservation and development",20,"m1gndef1sv00","6","FAAt703","BEA_API"
1928,50,"Conservation and development",20,"m1gndef1sv00","6","FAAt703","BEA_API"
1929,50,"Conservation and development",21,"m1gndef1sv00","6","FAAt703","BEA_API"
1930,50,"Conservation and development",22,"m1gndef1sv00","6","FAAt703","BEA_API"
1931,50,"Conservation and development",22,"m1gndef1sv00","6","FAAt703","BEA_API"
1932,50,"Conservation and development",21,"m1gndef1sv00","6","FAAt703","BEA_API"
1933,50,"Conservation and development",22,"m1gndef1sv00","6","FAAt703","BEA_API"
1934,50,"Conservation and development",30,"m1gndef1sv00","6","FAAt703","BEA_API"
1935,50,"Conservation and development",34,"m1gndef1sv00","6","FAAt703","BEA_API"
1936,50,"Conservation and development",45,"m1gndef1sv00","6","FAAt703","BEA_API"
1937,50,"Conservation and development",54,"m1gndef1sv00","6","FAAt703","BEA_API"
1938,50,"Conservation and development",63,"m1gndef1sv00","6","FAAt703","BEA_API"
1939,50,"Conservation and development",65,"m1gndef1sv00","6","FAAt703","BEA_API"
1940,50,"Conservation and development",67,"m1gndef1sv00","6","FAAt703","BEA_API"
1941,50,"Conservation and development",76,"m1gndef1sv00","6","FAAt703","BEA_API"
1942,50,"Conservation and development",74,"m1gndef1sv00","6","FAAt703","BEA_API"
1943,50,"Conservation and development",88,"m1gndef1sv00","6","FAAt703","BEA_API"
1944,50,"Conservation and development",94,"m1gndef1sv00","6","FAAt703","BEA_API"
1945,50,"Conservation and development",92,"m1gndef1sv00","6","FAAt703","BEA_API"
1946,50,"Conservation and development",139,"m1gndef1sv00","6","FAAt703","BEA_API"
1947,50,"Conservation and development",165,"m1gndef1sv00","6","FAAt703","BEA_API"
1948,50,"Conservation and development",179,"m1gndef1sv00","6","FAAt703","BEA_API"
1949,50,"Conservation and development",185,"m1gndef1sv00","6","FAAt703","BEA_API"
1950,50,"Conservation and development",178,"m1gndef1sv00","6","FAAt703","BEA_API"
1951,50,"Conservation and development",187,"m1gndef1sv00","6","FAAt703","BEA_API"
1952,50,"Conservation and development",198,"m1gndef1sv00","6","FAAt703","BEA_API"
1953,50,"Conservation and development",205,"m1gndef1sv00","6","FAAt703","BEA_API"
1954,50,"Conservation and development",207,"m1gndef1sv00","6","FAAt703","BEA_API"
1955,50,"Conservation and development",212,"m1gndef1sv00","6","FAAt703","BEA_API"
1956,50,"Conservation and development",235,"m1gndef1sv00","6","FAAt703","BEA_API"
1957,50,"Conservation and development",256,"m1gndef1sv00","6","FAAt703","BEA_API"
1958,50,"Conservation and development",262,"m1gndef1sv00","6","FAAt703","BEA_API"
1959,50,"Conservation and development",265,"m1gndef1sv00","6","FAAt703","BEA_API"
1960,50,"Conservation and development",273,"m1gndef1sv00","6","FAAt703","BEA_API"
1961,50,"Conservation and development",286,"m1gndef1sv00","6","FAAt703","BEA_API"
1962,50,"Conservation and development",299,"m1gndef1sv00","6","FAAt703","BEA_API"
1963,50,"Conservation and development",315,"m1gndef1sv00","6","FAAt703","BEA_API"
1964,50,"Conservation and development",333,"m1gndef1sv00","6","FAAt703","BEA_API"
1965,50,"Conservation and development",352,"m1gndef1sv00","6","FAAt703","BEA_API"
1966,50,"Conservation and development",374,"m1gndef1sv00","6","FAAt703","BEA_API"
1967,50,"Conservation and development",397,"m1gndef1sv00","6","FAAt703","BEA_API"
1968,50,"Conservation and development",425,"m1gndef1sv00","6","FAAt703","BEA_API"
1969,50,"Conservation and development",455,"m1gndef1sv00","6","FAAt703","BEA_API"
1970,50,"Conservation and development",499,"m1gndef1sv00","6","FAAt703","BEA_API"
1971,50,"Conservation and development",543,"m1gndef1sv00","6","FAAt703","BEA_API"
1972,50,"Conservation and development",586,"m1gndef1sv00","6","FAAt703","BEA_API"
1973,50,"Conservation and development",630,"m1gndef1sv00","6","FAAt703","BEA_API"
1974,50,"Conservation and development",699,"m1gndef1sv00","6","FAAt703","BEA_API"
1975,50,"Conservation and development",835,"m1gndef1sv00","6","FAAt703","BEA_API"
1976,50,"Conservation and development",912,"m1gndef1sv00","6","FAAt703","BEA_API"
1977,50,"Conservation and development",971,"m1gndef1sv00","6","FAAt703","BEA_API"
1978,50,"Conservation and development",1037,"m1gndef1sv00","6","FAAt703","BEA_API"
1979,50,"Conservation and development",1133,"m1gndef1sv00","6","FAAt703","BEA_API"
1980,50,"Conservation and development",1261,"m1gndef1sv00","6","FAAt703","BEA_API"
1981,50,"Conservation and development",1401,"m1gndef1sv00","6","FAAt703","BEA_API"
1982,50,"Conservation and development",1520,"m1gndef1sv00","6","FAAt703","BEA_API"
1983,50,"Conservation and development",1567,"m1gndef1sv00","6","FAAt703","BEA_API"
1984,50,"Conservation and development",1593,"m1gndef1sv00","6","FAAt703","BEA_API"
1985,50,"Conservation and development",1625,"m1gndef1sv00","6","FAAt703","BEA_API"
1986,50,"Conservation and development",1649,"m1gndef1sv00","6","FAAt703","BEA_API"
1987,50,"Conservation and development",1670,"m1gndef1sv00","6","FAAt703","BEA_API"
1988,50,"Conservation and development",1711,"m1gndef1sv00","6","FAAt703","BEA_API"
1989,50,"Conservation and development",1783,"m1gndef1sv00","6","FAAt703","BEA_API"
1990,50,"Conservation and development",1854,"m1gndef1sv00","6","FAAt703","BEA_API"
1991,50,"Conservation and development",1914,"m1gndef1sv00","6","FAAt703","BEA_API"
1992,50,"Conservation and development",1945,"m1gndef1sv00","6","FAAt703","BEA_API"
1993,50,"Conservation and development",1984,"m1gndef1sv00","6","FAAt703","BEA_API"
1994,50,"Conservation and development",2049,"m1gndef1sv00","6","FAAt703","BEA_API"
1995,50,"Conservation and development",2146,"m1gndef1sv00","6","FAAt703","BEA_API"
1996,50,"Conservation and development",2279,"m1gndef1sv00","6","FAAt703","BEA_API"
1997,50,"Conservation and development",2409,"m1gndef1sv00","6","FAAt703","BEA_API"
1998,50,"Conservation and development",2442,"m1gndef1sv00","6","FAAt703","BEA_API"
1999,50,"Conservation and development",2467,"m1gndef1sv00","6","FAAt703","BEA_API"
2000,50,"Conservation and development",2541,"m1gndef1sv00","6","FAAt703","BEA_API"
2001,50,"Conservation and development",2584,"m1gndef1sv00","6","FAAt703","BEA_API"
2002,50,"Conservation and development",2617,"m1gndef1sv00","6","FAAt703","BEA_API"
2003,50,"Conservation and development",2695,"m1gndef1sv00","6","FAAt703","BEA_API"
2004,50,"Conservation and development",2813,"m1gndef1sv00","6","FAAt703","BEA_API"
2005,50,"Conservation and development",3026,"m1gndef1sv00","6","FAAt703","BEA_API"
2006,50,"Conservation and development",3195,"m1gndef1sv00","6","FAAt703","BEA_API"
2007,50,"Conservation and development",3343,"m1gndef1sv00","6","FAAt703","BEA_API"
2008,50,"Conservation and development",3542,"m1gndef1sv00","6","FAAt703","BEA_API"
2009,50,"Conservation and development",3628,"m1gndef1sv00","6","FAAt703","BEA_API"
2010,50,"Conservation and development",3656,"m1gndef1sv00","6","FAAt703","BEA_API"
2011,50,"Conservation and development",3825,"m1gndef1sv00","6","FAAt703","BEA_API"
2012,50,"Conservation and development",4005,"m1gndef1sv00","6","FAAt703","BEA_API"
2013,50,"Conservation and development",4072,"m1gndef1sv00","6","FAAt703","BEA_API"
2014,50,"Conservation and development",4115,"m1gndef1sv00","6","FAAt703","BEA_API"
2015,50,"Conservation and development",4152,"m1gndef1sv00","6","FAAt703","BEA_API"
2016,50,"Conservation and development",4143,"m1gndef1sv00","6","FAAt703","BEA_API"
2017,50,"Conservation and development",4297,"m1gndef1sv00","6","FAAt703","BEA_API"
2018,50,"Conservation and development",4499,"m1gndef1sv00","6","FAAt703","BEA_API"
2019,50,"Conservation and development",4693,"m1gndef1sv00","6","FAAt703","BEA_API"
2020,50,"Conservation and development",4756,"m1gndef1sv00","6","FAAt703","BEA_API"
2021,50,"Conservation and development",4979,"m1gndef1sv00","6","FAAt703","BEA_API"
2022,50,"Conservation and development",5622,"m1gndef1sv00","6","FAAt703","BEA_API"
2023,50,"Conservation and development",5949,"m1gndef1sv00","6","FAAt703","BEA_API"
2024,50,"Conservation and development",6040,"m1gndef1sv00","6","FAAt703","BEA_API"
1925,51,"Other structures",0,"m1gndef1sx00","6","FAAt703","BEA_API"
1926,51,"Other structures",0,"m1gndef1sx00","6","FAAt703","BEA_API"
1927,51,"Other structures",0,"m1gndef1sx00","6","FAAt703","BEA_API"
1928,51,"Other structures",0,"m1gndef1sx00","6","FAAt703","BEA_API"
1929,51,"Other structures",0,"m1gndef1sx00","6","FAAt703","BEA_API"
1930,51,"Other structures",0,"m1gndef1sx00","6","FAAt703","BEA_API"
1931,51,"Other structures",0,"m1gndef1sx00","6","FAAt703","BEA_API"
1932,51,"Other structures",0,"m1gndef1sx00","6","FAAt703","BEA_API"
1933,51,"Other structures",0,"m1gndef1sx00","6","FAAt703","BEA_API"
1934,51,"Other structures",0,"m1gndef1sx00","6","FAAt703","BEA_API"
1935,51,"Other structures",0,"m1gndef1sx00","6","FAAt703","BEA_API"
1936,51,"Other structures",1,"m1gndef1sx00","6","FAAt703","BEA_API"
1937,51,"Other structures",1,"m1gndef1sx00","6","FAAt703","BEA_API"
1938,51,"Other structures",1,"m1gndef1sx00","6","FAAt703","BEA_API"
1939,51,"Other structures",1,"m1gndef1sx00","6","FAAt703","BEA_API"
1940,51,"Other structures",1,"m1gndef1sx00","6","FAAt703","BEA_API"
1941,51,"Other structures",1,"m1gndef1sx00","6","FAAt703","BEA_API"
1942,51,"Other structures",1,"m1gndef1sx00","6","FAAt703","BEA_API"
1943,51,"Other structures",1,"m1gndef1sx00","6","FAAt703","BEA_API"
1944,51,"Other structures",1,"m1gndef1sx00","6","FAAt703","BEA_API"
1945,51,"Other structures",1,"m1gndef1sx00","6","FAAt703","BEA_API"
1946,51,"Other structures",1,"m1gndef1sx00","6","FAAt703","BEA_API"
1947,51,"Other structures",2,"m1gndef1sx00","6","FAAt703","BEA_API"
1948,51,"Other structures",2,"m1gndef1sx00","6","FAAt703","BEA_API"
1949,51,"Other structures",2,"m1gndef1sx00","6","FAAt703","BEA_API"
1950,51,"Other structures",2,"m1gndef1sx00","6","FAAt703","BEA_API"
1951,51,"Other structures",2,"m1gndef1sx00","6","FAAt703","BEA_API"
1952,51,"Other structures",3,"m1gndef1sx00","6","FAAt703","BEA_API"
1953,51,"Other structures",3,"m1gndef1sx00","6","FAAt703","BEA_API"
1954,51,"Other structures",3,"m1gndef1sx00","6","FAAt703","BEA_API"
1955,51,"Other structures",4,"m1gndef1sx00","6","FAAt703","BEA_API"
1956,51,"Other structures",3,"m1gndef1sx00","6","FAAt703","BEA_API"
1957,51,"Other structures",4,"m1gndef1sx00","6","FAAt703","BEA_API"
1958,51,"Other structures",4,"m1gndef1sx00","6","FAAt703","BEA_API"
1959,51,"Other structures",4,"m1gndef1sx00","6","FAAt703","BEA_API"
1960,51,"Other structures",5,"m1gndef1sx00","6","FAAt703","BEA_API"
1961,51,"Other structures",6,"m1gndef1sx00","6","FAAt703","BEA_API"
1962,51,"Other structures",7,"m1gndef1sx00","6","FAAt703","BEA_API"
1963,51,"Other structures",9,"m1gndef1sx00","6","FAAt703","BEA_API"
1964,51,"Other structures",11,"m1gndef1sx00","6","FAAt703","BEA_API"
1965,51,"Other structures",13,"m1gndef1sx00","6","FAAt703","BEA_API"
1966,51,"Other structures",15,"m1gndef1sx00","6","FAAt703","BEA_API"
1967,51,"Other structures",17,"m1gndef1sx00","6","FAAt703","BEA_API"
1968,51,"Other structures",18,"m1gndef1sx00","6","FAAt703","BEA_API"
1969,51,"Other structures",20,"m1gndef1sx00","6","FAAt703","BEA_API"
1970,51,"Other structures",22,"m1gndef1sx00","6","FAAt703","BEA_API"
1971,51,"Other structures",25,"m1gndef1sx00","6","FAAt703","BEA_API"
1972,51,"Other structures",27,"m1gndef1sx00","6","FAAt703","BEA_API"
1973,51,"Other structures",30,"m1gndef1sx00","6","FAAt703","BEA_API"
1974,51,"Other structures",37,"m1gndef1sx00","6","FAAt703","BEA_API"
1975,51,"Other structures",43,"m1gndef1sx00","6","FAAt703","BEA_API"
1976,51,"Other structures",45,"m1gndef1sx00","6","FAAt703","BEA_API"
1977,51,"Other structures",49,"m1gndef1sx00","6","FAAt703","BEA_API"
1978,51,"Other structures",52,"m1gndef1sx00","6","FAAt703","BEA_API"
1979,51,"Other structures",59,"m1gndef1sx00","6","FAAt703","BEA_API"
1980,51,"Other structures",69,"m1gndef1sx00","6","FAAt703","BEA_API"
1981,51,"Other structures",82,"m1gndef1sx00","6","FAAt703","BEA_API"
1982,51,"Other structures",91,"m1gndef1sx00","6","FAAt703","BEA_API"
1983,51,"Other structures",92,"m1gndef1sx00","6","FAAt703","BEA_API"
1984,51,"Other structures",92,"m1gndef1sx00","6","FAAt703","BEA_API"
1985,51,"Other structures",95,"m1gndef1sx00","6","FAAt703","BEA_API"
1986,51,"Other structures",100,"m1gndef1sx00","6","FAAt703","BEA_API"
1987,51,"Other structures",105,"m1gndef1sx00","6","FAAt703","BEA_API"
1988,51,"Other structures",110,"m1gndef1sx00","6","FAAt703","BEA_API"
1989,51,"Other structures",116,"m1gndef1sx00","6","FAAt703","BEA_API"
1990,51,"Other structures",123,"m1gndef1sx00","6","FAAt703","BEA_API"
1991,51,"Other structures",133,"m1gndef1sx00","6","FAAt703","BEA_API"
1992,51,"Other structures",141,"m1gndef1sx00","6","FAAt703","BEA_API"
1993,51,"Other structures",153,"m1gndef1sx00","6","FAAt703","BEA_API"
1994,51,"Other structures",168,"m1gndef1sx00","6","FAAt703","BEA_API"
1995,51,"Other structures",186,"m1gndef1sx00","6","FAAt703","BEA_API"
1996,51,"Other structures",203,"m1gndef1sx00","6","FAAt703","BEA_API"
1997,51,"Other structures",220,"m1gndef1sx00","6","FAAt703","BEA_API"
1998,51,"Other structures",228,"m1gndef1sx00","6","FAAt703","BEA_API"
1999,51,"Other structures",241,"m1gndef1sx00","6","FAAt703","BEA_API"
2000,51,"Other structures",261,"m1gndef1sx00","6","FAAt703","BEA_API"
2001,51,"Other structures",280,"m1gndef1sx00","6","FAAt703","BEA_API"
2002,51,"Other structures",296,"m1gndef1sx00","6","FAAt703","BEA_API"
2003,51,"Other structures",307,"m1gndef1sx00","6","FAAt703","BEA_API"
2004,51,"Other structures",336,"m1gndef1sx00","6","FAAt703","BEA_API"
2005,51,"Other structures",378,"m1gndef1sx00","6","FAAt703","BEA_API"
2006,51,"Other structures",428,"m1gndef1sx00","6","FAAt703","BEA_API"
2007,51,"Other structures",478,"m1gndef1sx00","6","FAAt703","BEA_API"
2008,51,"Other structures",512,"m1gndef1sx00","6","FAAt703","BEA_API"
2009,51,"Other structures",524,"m1gndef1sx00","6","FAAt703","BEA_API"
2010,51,"Other structures",552,"m1gndef1sx00","6","FAAt703","BEA_API"
2011,51,"Other structures",587,"m1gndef1sx00","6","FAAt703","BEA_API"
2012,51,"Other structures",621,"m1gndef1sx00","6","FAAt703","BEA_API"
2013,51,"Other structures",644,"m1gndef1sx00","6","FAAt703","BEA_API"
2014,51,"Other structures",672,"m1gndef1sx00","6","FAAt703","BEA_API"
2015,51,"Other structures",698,"m1gndef1sx00","6","FAAt703","BEA_API"
2016,51,"Other structures",719,"m1gndef1sx00","6","FAAt703","BEA_API"
2017,51,"Other structures",744,"m1gndef1sx00","6","FAAt703","BEA_API"
2018,51,"Other structures",770,"m1gndef1sx00","6","FAAt703","BEA_API"
2019,51,"Other structures",795,"m1gndef1sx00","6","FAAt703","BEA_API"
2020,51,"Other structures",796,"m1gndef1sx00","6","FAAt703","BEA_API"
2021,51,"Other structures",830,"m1gndef1sx00","6","FAAt703","BEA_API"
2022,51,"Other structures",933,"m1gndef1sx00","6","FAAt703","BEA_API"
2023,51,"Other structures",989,"m1gndef1sx00","6","FAAt703","BEA_API"
2024,51,"Other structures",1012,"m1gndef1sx00","6","FAAt703","BEA_API"
1929,52,"Intellectual property products",1,"m1gndef1ip00","6","FAAt703","BEA_API"
1930,52,"Intellectual property products",3,"m1gndef1ip00","6","FAAt703","BEA_API"
1931,52,"Intellectual property products",7,"m1gndef1ip00","6","FAAt703","BEA_API"
1932,52,"Intellectual property products",11,"m1gndef1ip00","6","FAAt703","BEA_API"
1933,52,"Intellectual property products",15,"m1gndef1ip00","6","FAAt703","BEA_API"
1934,52,"Intellectual property products",20,"m1gndef1ip00","6","FAAt703","BEA_API"
1935,52,"Intellectual property products",21,"m1gndef1ip00","6","FAAt703","BEA_API"
1936,52,"Intellectual property products",24,"m1gndef1ip00","6","FAAt703","BEA_API"
1937,52,"Intellectual property products",27,"m1gndef1ip00","6","FAAt703","BEA_API"
1938,52,"Intellectual property products",29,"m1gndef1ip00","6","FAAt703","BEA_API"
1939,52,"Intellectual property products",30,"m1gndef1ip00","6","FAAt703","BEA_API"
1940,52,"Intellectual property products",32,"m1gndef1ip00","6","FAAt703","BEA_API"
1941,52,"Intellectual property products",35,"m1gndef1ip00","6","FAAt703","BEA_API"
1942,52,"Intellectual property products",45,"m1gndef1ip00","6","FAAt703","BEA_API"
1943,52,"Intellectual property products",61,"m1gndef1ip00","6","FAAt703","BEA_API"
1944,52,"Intellectual property products",91,"m1gndef1ip00","6","FAAt703","BEA_API"
1945,52,"Intellectual property products",100,"m1gndef1ip00","6","FAAt703","BEA_API"
1946,52,"Intellectual property products",104,"m1gndef1ip00","6","FAAt703","BEA_API"
1947,52,"Intellectual property products",113,"m1gndef1ip00","6","FAAt703","BEA_API"
1948,52,"Intellectual property products",120,"m1gndef1ip00","6","FAAt703","BEA_API"
1949,52,"Intellectual property products",143,"m1gndef1ip00","6","FAAt703","BEA_API"
1950,52,"Intellectual property products",181,"m1gndef1ip00","6","FAAt703","BEA_API"
1951,52,"Intellectual property products",237,"m1gndef1ip00","6","FAAt703","BEA_API"
1952,52,"Intellectual property products",274,"m1gndef1ip00","6","FAAt703","BEA_API"
1953,52,"Intellectual property products",294,"m1gndef1ip00","6","FAAt703","BEA_API"
1954,52,"Intellectual property products",300,"m1gndef1ip00","6","FAAt703","BEA_API"
1955,52,"Intellectual property products",315,"m1gndef1ip00","6","FAAt703","BEA_API"
1956,52,"Intellectual property products",348,"m1gndef1ip00","6","FAAt703","BEA_API"
1957,52,"Intellectual property products",400,"m1gndef1ip00","6","FAAt703","BEA_API"
1958,52,"Intellectual property products",478,"m1gndef1ip00","6","FAAt703","BEA_API"
1959,52,"Intellectual property products",561,"m1gndef1ip00","6","FAAt703","BEA_API"
1960,52,"Intellectual property products",660,"m1gndef1ip00","6","FAAt703","BEA_API"
1961,52,"Intellectual property products",788,"m1gndef1ip00","6","FAAt703","BEA_API"
1962,52,"Intellectual property products",952,"m1gndef1ip00","6","FAAt703","BEA_API"
1963,52,"Intellectual property products",1197,"m1gndef1ip00","6","FAAt703","BEA_API"
1964,52,"Intellectual property products",1544,"m1gndef1ip00","6","FAAt703","BEA_API"
1965,52,"Intellectual property products",1931,"m1gndef1ip00","6","FAAt703","BEA_API"
1966,52,"Intellectual property products",2407,"m1gndef1ip00","6","FAAt703","BEA_API"
1967,52,"Intellectual property products",2889,"m1gndef1ip00","6","FAAt703","BEA_API"
1968,52,"Intellectual property products",3428,"m1gndef1ip00","6","FAAt703","BEA_API"
1969,52,"Intellectual property products",4064,"m1gndef1ip00","6","FAAt703","BEA_API"
1970,52,"Intellectual property products",4772,"m1gndef1ip00","6","FAAt703","BEA_API"
1971,52,"Intellectual property products",5443,"m1gndef1ip00","6","FAAt703","BEA_API"
1972,52,"Intellectual property products",6012,"m1gndef1ip00","6","FAAt703","BEA_API"
1973,52,"Intellectual property products",6717,"m1gndef1ip00","6","FAAt703","BEA_API"
1974,52,"Intellectual property products",7729,"m1gndef1ip00","6","FAAt703","BEA_API"
1975,52,"Intellectual property products",8727,"m1gndef1ip00","6","FAAt703","BEA_API"
1976,52,"Intellectual property products",9551,"m1gndef1ip00","6","FAAt703","BEA_API"
1977,52,"Intellectual property products",10507,"m1gndef1ip00","6","FAAt703","BEA_API"
1978,52,"Intellectual property products",11651,"m1gndef1ip00","6","FAAt703","BEA_API"
1979,52,"Intellectual property products",13134,"m1gndef1ip00","6","FAAt703","BEA_API"
1980,52,"Intellectual property products",15059,"m1gndef1ip00","6","FAAt703","BEA_API"
1981,52,"Intellectual property products",17094,"m1gndef1ip00","6","FAAt703","BEA_API"
1982,52,"Intellectual property products",18851,"m1gndef1ip00","6","FAAt703","BEA_API"
1983,52,"Intellectual property products",20130,"m1gndef1ip00","6","FAAt703","BEA_API"
1984,52,"Intellectual property products",21455,"m1gndef1ip00","6","FAAt703","BEA_API"
1985,52,"Intellectual property products",22506,"m1gndef1ip00","6","FAAt703","BEA_API"
1986,52,"Intellectual property products",23300,"m1gndef1ip00","6","FAAt703","BEA_API"
1987,52,"Intellectual property products",24233,"m1gndef1ip00","6","FAAt703","BEA_API"
1988,52,"Intellectual property products",25844,"m1gndef1ip00","6","FAAt703","BEA_API"
1989,52,"Intellectual property products",27433,"m1gndef1ip00","6","FAAt703","BEA_API"
1990,52,"Intellectual property products",28963,"m1gndef1ip00","6","FAAt703","BEA_API"
1991,52,"Intellectual property products",30876,"m1gndef1ip00","6","FAAt703","BEA_API"
1992,52,"Intellectual property products",32183,"m1gndef1ip00","6","FAAt703","BEA_API"
1993,52,"Intellectual property products",33817,"m1gndef1ip00","6","FAAt703","BEA_API"
1994,52,"Intellectual property products",35273,"m1gndef1ip00","6","FAAt703","BEA_API"
1995,52,"Intellectual property products",37365,"m1gndef1ip00","6","FAAt703","BEA_API"
1996,52,"Intellectual property products",38454,"m1gndef1ip00","6","FAAt703","BEA_API"
1997,52,"Intellectual property products",39762,"m1gndef1ip00","6","FAAt703","BEA_API"
1998,52,"Intellectual property products",41109,"m1gndef1ip00","6","FAAt703","BEA_API"
1999,52,"Intellectual property products",43228,"m1gndef1ip00","6","FAAt703","BEA_API"
2000,52,"Intellectual property products",45968,"m1gndef1ip00","6","FAAt703","BEA_API"
2001,52,"Intellectual property products",47976,"m1gndef1ip00","6","FAAt703","BEA_API"
2002,52,"Intellectual property products",49598,"m1gndef1ip00","6","FAAt703","BEA_API"
2003,52,"Intellectual property products",51474,"m1gndef1ip00","6","FAAt703","BEA_API"
2004,52,"Intellectual property products",53630,"m1gndef1ip00","6","FAAt703","BEA_API"
2005,52,"Intellectual property products",56036,"m1gndef1ip00","6","FAAt703","BEA_API"
2006,52,"Intellectual property products",58367,"m1gndef1ip00","6","FAAt703","BEA_API"
2007,52,"Intellectual property products",61176,"m1gndef1ip00","6","FAAt703","BEA_API"
2008,52,"Intellectual property products",64513,"m1gndef1ip00","6","FAAt703","BEA_API"
2009,52,"Intellectual property products",66313,"m1gndef1ip00","6","FAAt703","BEA_API"
2010,52,"Intellectual property products",69907,"m1gndef1ip00","6","FAAt703","BEA_API"
2011,52,"Intellectual property products",73231,"m1gndef1ip00","6","FAAt703","BEA_API"
2012,52,"Intellectual property products",75573,"m1gndef1ip00","6","FAAt703","BEA_API"
2013,52,"Intellectual property products",78501,"m1gndef1ip00","6","FAAt703","BEA_API"
2014,52,"Intellectual property products",82276,"m1gndef1ip00","6","FAAt703","BEA_API"
2015,52,"Intellectual property products",83979,"m1gndef1ip00","6","FAAt703","BEA_API"
2016,52,"Intellectual property products",86553,"m1gndef1ip00","6","FAAt703","BEA_API"
2017,52,"Intellectual property products",91091,"m1gndef1ip00","6","FAAt703","BEA_API"
2018,52,"Intellectual property products",96829,"m1gndef1ip00","6","FAAt703","BEA_API"
2019,52,"Intellectual property products",101580,"m1gndef1ip00","6","FAAt703","BEA_API"
2020,52,"Intellectual property products",106902,"m1gndef1ip00","6","FAAt703","BEA_API"
2021,52,"Intellectual property products",113872,"m1gndef1ip00","6","FAAt703","BEA_API"
2022,52,"Intellectual property products",124906,"m1gndef1ip00","6","FAAt703","BEA_API"
2023,52,"Intellectual property products",133325,"m1gndef1ip00","6","FAAt703","BEA_API"
2024,52,"Intellectual property products",141349,"m1gndef1ip00","6","FAAt703","BEA_API"
1960,53,"Software",1,"m1gndef1ens0","6","FAAt703","BEA_API"
1961,53,"Software",6,"m1gndef1ens0","6","FAAt703","BEA_API"
1962,53,"Software",13,"m1gndef1ens0","6","FAAt703","BEA_API"
1963,53,"Software",21,"m1gndef1ens0","6","FAAt703","BEA_API"
1964,53,"Software",31,"m1gndef1ens0","6","FAAt703","BEA_API"
1965,53,"Software",41,"m1gndef1ens0","6","FAAt703","BEA_API"
1966,53,"Software",56,"m1gndef1ens0","6","FAAt703","BEA_API"
1967,53,"Software",76,"m1gndef1ens0","6","FAAt703","BEA_API"
1968,53,"Software",103,"m1gndef1ens0","6","FAAt703","BEA_API"
1969,53,"Software",143,"m1gndef1ens0","6","FAAt703","BEA_API"
1970,53,"Software",208,"m1gndef1ens0","6","FAAt703","BEA_API"
1971,53,"Software",276,"m1gndef1ens0","6","FAAt703","BEA_API"
1972,53,"Software",338,"m1gndef1ens0","6","FAAt703","BEA_API"
1973,53,"Software",418,"m1gndef1ens0","6","FAAt703","BEA_API"
1974,53,"Software",535,"m1gndef1ens0","6","FAAt703","BEA_API"
1975,53,"Software",676,"m1gndef1ens0","6","FAAt703","BEA_API"
1976,53,"Software",796,"m1gndef1ens0","6","FAAt703","BEA_API"
1977,53,"Software",914,"m1gndef1ens0","6","FAAt703","BEA_API"
1978,53,"Software",1025,"m1gndef1ens0","6","FAAt703","BEA_API"
1979,53,"Software",1228,"m1gndef1ens0","6","FAAt703","BEA_API"
1980,53,"Software",1503,"m1gndef1ens0","6","FAAt703","BEA_API"
1981,53,"Software",1852,"m1gndef1ens0","6","FAAt703","BEA_API"
1982,53,"Software",2199,"m1gndef1ens0","6","FAAt703","BEA_API"
1983,53,"Software",2507,"m1gndef1ens0","6","FAAt703","BEA_API"
1984,53,"Software",2872,"m1gndef1ens0","6","FAAt703","BEA_API"
1985,53,"Software",3239,"m1gndef1ens0","6","FAAt703","BEA_API"
1986,53,"Software",3559,"m1gndef1ens0","6","FAAt703","BEA_API"
1987,53,"Software",3924,"m1gndef1ens0","6","FAAt703","BEA_API"
1988,53,"Software",4369,"m1gndef1ens0","6","FAAt703","BEA_API"
1989,53,"Software",4784,"m1gndef1ens0","6","FAAt703","BEA_API"
1990,53,"Software",5247,"m1gndef1ens0","6","FAAt703","BEA_API"
1991,53,"Software",5758,"m1gndef1ens0","6","FAAt703","BEA_API"
1992,53,"Software",5971,"m1gndef1ens0","6","FAAt703","BEA_API"
1993,53,"Software",6358,"m1gndef1ens0","6","FAAt703","BEA_API"
1994,53,"Software",6558,"m1gndef1ens0","6","FAAt703","BEA_API"
1995,53,"Software",6865,"m1gndef1ens0","6","FAAt703","BEA_API"
1996,53,"Software",6992,"m1gndef1ens0","6","FAAt703","BEA_API"
1997,53,"Software",7224,"m1gndef1ens0","6","FAAt703","BEA_API"
1998,53,"Software",7724,"m1gndef1ens0","6","FAAt703","BEA_API"
1999,53,"Software",8673,"m1gndef1ens0","6","FAAt703","BEA_API"
2000,53,"Software",9778,"m1gndef1ens0","6","FAAt703","BEA_API"
2001,53,"Software",10624,"m1gndef1ens0","6","FAAt703","BEA_API"
2002,53,"Software",11015,"m1gndef1ens0","6","FAAt703","BEA_API"
2003,53,"Software",11065,"m1gndef1ens0","6","FAAt703","BEA_API"
2004,53,"Software",11147,"m1gndef1ens0","6","FAAt703","BEA_API"
2005,53,"Software",11540,"m1gndef1ens0","6","FAAt703","BEA_API"
2006,53,"Software",12102,"m1gndef1ens0","6","FAAt703","BEA_API"
2007,53,"Software",12744,"m1gndef1ens0","6","FAAt703","BEA_API"
2008,53,"Software",13598,"m1gndef1ens0","6","FAAt703","BEA_API"
2009,53,"Software",14075,"m1gndef1ens0","6","FAAt703","BEA_API"
2010,53,"Software",14383,"m1gndef1ens0","6","FAAt703","BEA_API"
2011,53,"Software",15178,"m1gndef1ens0","6","FAAt703","BEA_API"
2012,53,"Software",15875,"m1gndef1ens0","6","FAAt703","BEA_API"
2013,53,"Software",17181,"m1gndef1ens0","6","FAAt703","BEA_API"
2014,53,"Software",18968,"m1gndef1ens0","6","FAAt703","BEA_API"
2015,53,"Software",20411,"m1gndef1ens0","6","FAAt703","BEA_API"
2016,53,"Software",21881,"m1gndef1ens0","6","FAAt703","BEA_API"
2017,53,"Software",23864,"m1gndef1ens0","6","FAAt703","BEA_API"
2018,53,"Software",26148,"m1gndef1ens0","6","FAAt703","BEA_API"
2019,53,"Software",28363,"m1gndef1ens0","6","FAAt703","BEA_API"
2020,53,"Software",30761,"m1gndef1ens0","6","FAAt703","BEA_API"
2021,53,"Software",33276,"m1gndef1ens0","6","FAAt703","BEA_API"
2022,53,"Software",36898,"m1gndef1ens0","6","FAAt703","BEA_API"
2023,53,"Software",41014,"m1gndef1ens0","6","FAAt703","BEA_API"
2024,53,"Software",44807,"m1gndef1ens0","6","FAAt703","BEA_API"
1929,54,"Research and development",1,"m1gndef1rd00","6","FAAt703","BEA_API"
1930,54,"Research and development",3,"m1gndef1rd00","6","FAAt703","BEA_API"
1931,54,"Research and development",7,"m1gndef1rd00","6","FAAt703","BEA_API"
1932,54,"Research and development",11,"m1gndef1rd00","6","FAAt703","BEA_API"
1933,54,"Research and development",15,"m1gndef1rd00","6","FAAt703","BEA_API"
1934,54,"Research and development",20,"m1gndef1rd00","6","FAAt703","BEA_API"
1935,54,"Research and development",21,"m1gndef1rd00","6","FAAt703","BEA_API"
1936,54,"Research and development",24,"m1gndef1rd00","6","FAAt703","BEA_API"
1937,54,"Research and development",27,"m1gndef1rd00","6","FAAt703","BEA_API"
1938,54,"Research and development",29,"m1gndef1rd00","6","FAAt703","BEA_API"
1939,54,"Research and development",30,"m1gndef1rd00","6","FAAt703","BEA_API"
1940,54,"Research and development",32,"m1gndef1rd00","6","FAAt703","BEA_API"
1941,54,"Research and development",35,"m1gndef1rd00","6","FAAt703","BEA_API"
1942,54,"Research and development",45,"m1gndef1rd00","6","FAAt703","BEA_API"
1943,54,"Research and development",61,"m1gndef1rd00","6","FAAt703","BEA_API"
1944,54,"Research and development",91,"m1gndef1rd00","6","FAAt703","BEA_API"
1945,54,"Research and development",100,"m1gndef1rd00","6","FAAt703","BEA_API"
1946,54,"Research and development",104,"m1gndef1rd00","6","FAAt703","BEA_API"
1947,54,"Research and development",113,"m1gndef1rd00","6","FAAt703","BEA_API"
1948,54,"Research and development",120,"m1gndef1rd00","6","FAAt703","BEA_API"
1949,54,"Research and development",143,"m1gndef1rd00","6","FAAt703","BEA_API"
1950,54,"Research and development",181,"m1gndef1rd00","6","FAAt703","BEA_API"
1951,54,"Research and development",237,"m1gndef1rd00","6","FAAt703","BEA_API"
1952,54,"Research and development",274,"m1gndef1rd00","6","FAAt703","BEA_API"
1953,54,"Research and development",294,"m1gndef1rd00","6","FAAt703","BEA_API"
1954,54,"Research and development",300,"m1gndef1rd00","6","FAAt703","BEA_API"
1955,54,"Research and development",315,"m1gndef1rd00","6","FAAt703","BEA_API"
1956,54,"Research and development",348,"m1gndef1rd00","6","FAAt703","BEA_API"
1957,54,"Research and development",400,"m1gndef1rd00","6","FAAt703","BEA_API"
1958,54,"Research and development",478,"m1gndef1rd00","6","FAAt703","BEA_API"
1959,54,"Research and development",561,"m1gndef1rd00","6","FAAt703","BEA_API"
1960,54,"Research and development",658,"m1gndef1rd00","6","FAAt703","BEA_API"
1961,54,"Research and development",782,"m1gndef1rd00","6","FAAt703","BEA_API"
1962,54,"Research and development",939,"m1gndef1rd00","6","FAAt703","BEA_API"
1963,54,"Research and development",1176,"m1gndef1rd00","6","FAAt703","BEA_API"
1964,54,"Research and development",1513,"m1gndef1rd00","6","FAAt703","BEA_API"
1965,54,"Research and development",1890,"m1gndef1rd00","6","FAAt703","BEA_API"
1966,54,"Research and development",2351,"m1gndef1rd00","6","FAAt703","BEA_API"
1967,54,"Research and development",2813,"m1gndef1rd00","6","FAAt703","BEA_API"
1968,54,"Research and development",3325,"m1gndef1rd00","6","FAAt703","BEA_API"
1969,54,"Research and development",3922,"m1gndef1rd00","6","FAAt703","BEA_API"
1970,54,"Research and development",4564,"m1gndef1rd00","6","FAAt703","BEA_API"
1971,54,"Research and development",5167,"m1gndef1rd00","6","FAAt703","BEA_API"
1972,54,"Research and development",5674,"m1gndef1rd00","6","FAAt703","BEA_API"
1973,54,"Research and development",6299,"m1gndef1rd00","6","FAAt703","BEA_API"
1974,54,"Research and development",7194,"m1gndef1rd00","6","FAAt703","BEA_API"
1975,54,"Research and development",8051,"m1gndef1rd00","6","FAAt703","BEA_API"
1976,54,"Research and development",8755,"m1gndef1rd00","6","FAAt703","BEA_API"
1977,54,"Research and development",9593,"m1gndef1rd00","6","FAAt703","BEA_API"
1978,54,"Research and development",10626,"m1gndef1rd00","6","FAAt703","BEA_API"
1979,54,"Research and development",11906,"m1gndef1rd00","6","FAAt703","BEA_API"
1980,54,"Research and development",13556,"m1gndef1rd00","6","FAAt703","BEA_API"
1981,54,"Research and development",15242,"m1gndef1rd00","6","FAAt703","BEA_API"
1982,54,"Research and development",16652,"m1gndef1rd00","6","FAAt703","BEA_API"
1983,54,"Research and development",17623,"m1gndef1rd00","6","FAAt703","BEA_API"
1984,54,"Research and development",18583,"m1gndef1rd00","6","FAAt703","BEA_API"
1985,54,"Research and development",19267,"m1gndef1rd00","6","FAAt703","BEA_API"
1986,54,"Research and development",19741,"m1gndef1rd00","6","FAAt703","BEA_API"
1987,54,"Research and development",20309,"m1gndef1rd00","6","FAAt703","BEA_API"
1988,54,"Research and development",21475,"m1gndef1rd00","6","FAAt703","BEA_API"
1989,54,"Research and development",22649,"m1gndef1rd00","6","FAAt703","BEA_API"
1990,54,"Research and development",23716,"m1gndef1rd00","6","FAAt703","BEA_API"
1991,54,"Research and development",25118,"m1gndef1rd00","6","FAAt703","BEA_API"
1992,54,"Research and development",26212,"m1gndef1rd00","6","FAAt703","BEA_API"
1993,54,"Research and development",27459,"m1gndef1rd00","6","FAAt703","BEA_API"
1994,54,"Research and development",28715,"m1gndef1rd00","6","FAAt703","BEA_API"
1995,54,"Research and development",30500,"m1gndef1rd00","6","FAAt703","BEA_API"
1996,54,"Research and development",31463,"m1gndef1rd00","6","FAAt703","BEA_API"
1997,54,"Research and development",32538,"m1gndef1rd00","6","FAAt703","BEA_API"
1998,54,"Research and development",33385,"m1gndef1rd00","6","FAAt703","BEA_API"
1999,54,"Research and development",34554,"m1gndef1rd00","6","FAAt703","BEA_API"
2000,54,"Research and development",36190,"m1gndef1rd00","6","FAAt703","BEA_API"
2001,54,"Research and development",37352,"m1gndef1rd00","6","FAAt703","BEA_API"
2002,54,"Research and development",38583,"m1gndef1rd00","6","FAAt703","BEA_API"
2003,54,"Research and development",40409,"m1gndef1rd00","6","FAAt703","BEA_API"
2004,54,"Research and development",42482,"m1gndef1rd00","6","FAAt703","BEA_API"
2005,54,"Research and development",44496,"m1gndef1rd00","6","FAAt703","BEA_API"
2006,54,"Research and development",46265,"m1gndef1rd00","6","FAAt703","BEA_API"
2007,54,"Research and development",48432,"m1gndef1rd00","6","FAAt703","BEA_API"
2008,54,"Research and development",50915,"m1gndef1rd00","6","FAAt703","BEA_API"
2009,54,"Research and development",52239,"m1gndef1rd00","6","FAAt703","BEA_API"
2010,54,"Research and development",55524,"m1gndef1rd00","6","FAAt703","BEA_API"
2011,54,"Research and development",58053,"m1gndef1rd00","6","FAAt703","BEA_API"
2012,54,"Research and development",59698,"m1gndef1rd00","6","FAAt703","BEA_API"
2013,54,"Research and development",61319,"m1gndef1rd00","6","FAAt703","BEA_API"
2014,54,"Research and development",63308,"m1gndef1rd00","6","FAAt703","BEA_API"
2015,54,"Research and development",63568,"m1gndef1rd00","6","FAAt703","BEA_API"
2016,54,"Research and development",64672,"m1gndef1rd00","6","FAAt703","BEA_API"
2017,54,"Research and development",67227,"m1gndef1rd00","6","FAAt703","BEA_API"
2018,54,"Research and development",70681,"m1gndef1rd00","6","FAAt703","BEA_API"
2019,54,"Research and development",73217,"m1gndef1rd00","6","FAAt703","BEA_API"
2020,54,"Research and development",76142,"m1gndef1rd00","6","FAAt703","BEA_API"
2021,54,"Research and development",80596,"m1gndef1rd00","6","FAAt703","BEA_API"
2022,54,"Research and development",88008,"m1gndef1rd00","6","FAAt703","BEA_API"
2023,54,"Research and development",92311,"m1gndef1rd00","6","FAAt703","BEA_API"
2024,54,"Research and development",96541,"m1gndef1rd00","6","FAAt703","BEA_API"
1925,55,"State and local",618,"m1gstlc1es00","6","FAAt703","BEA_API"
1926,55,"State and local",646,"m1gstlc1es00","6","FAAt703","BEA_API"
1927,55,"State and local",691,"m1gstlc1es00","6","FAAt703","BEA_API"
1928,55,"State and local",718,"m1gstlc1es00","6","FAAt703","BEA_API"
1929,55,"State and local",754,"m1gstlc1es00","6","FAAt703","BEA_API"
1930,55,"State and local",763,"m1gstlc1es00","6","FAAt703","BEA_API"
1931,55,"State and local",735,"m1gstlc1es00","6","FAAt703","BEA_API"
1932,55,"State and local",651,"m1gstlc1es00","6","FAAt703","BEA_API"
1933,55,"State and local",738,"m1gstlc1es00","6","FAAt703","BEA_API"
1934,55,"State and local",866,"m1gstlc1es00","6","FAAt703","BEA_API"
1935,55,"State and local",850,"m1gstlc1es00","6","FAAt703","BEA_API"
1936,55,"State and local",938,"m1gstlc1es00","6","FAAt703","BEA_API"
1937,55,"State and local",996,"m1gstlc1es00","6","FAAt703","BEA_API"
1938,55,"State and local",1030,"m1gstlc1es00","6","FAAt703","BEA_API"
1939,55,"State and local",1057,"m1gstlc1es00","6","FAAt703","BEA_API"
1940,55,"State and local",1102,"m1gstlc1es00","6","FAAt703","BEA_API"
1941,55,"State and local",1238,"m1gstlc1es00","6","FAAt703","BEA_API"
1942,55,"State and local",1442,"m1gstlc1es00","6","FAAt703","BEA_API"
1943,55,"State and local",1522,"m1gstlc1es00","6","FAAt703","BEA_API"
1944,55,"State and local",1463,"m1gstlc1es00","6","FAAt703","BEA_API"
1945,55,"State and local",1435,"m1gstlc1es00","6","FAAt703","BEA_API"
1946,55,"State and local",1569,"m1gstlc1es00","6","FAAt703","BEA_API"
1947,55,"State and local",1880,"m1gstlc1es00","6","FAAt703","BEA_API"
1948,55,"State and local",2140,"m1gstlc1es00","6","FAAt703","BEA_API"
1949,55,"State and local",2174,"m1gstlc1es00","6","FAAt703","BEA_API"
1950,55,"State and local",2181,"m1gstlc1es00","6","FAAt703","BEA_API"
1951,55,"State and local",2621,"m1gstlc1es00","6","FAAt703","BEA_API"
1952,55,"State and local",2795,"m1gstlc1es00","6","FAAt703","BEA_API"
1953,55,"State and local",2891,"m1gstlc1es00","6","FAAt703","BEA_API"
1954,55,"State and local",2960,"m1gstlc1es00","6","FAAt703","BEA_API"
1955,55,"State and local",3159,"m1gstlc1es00","6","FAAt703","BEA_API"
1956,55,"State and local",3629,"m1gstlc1es00","6","FAAt703","BEA_API"
1957,55,"State and local",3948,"m1gstlc1es00","6","FAAt703","BEA_API"
1958,55,"State and local",4119,"m1gstlc1es00","6","FAAt703","BEA_API"
1959,55,"State and local",4331,"m1gstlc1es00","6","FAAt703","BEA_API"
1960,55,"State and local",4526,"m1gstlc1es00","6","FAAt703","BEA_API"
1961,55,"State and local",4789,"m1gstlc1es00","6","FAAt703","BEA_API"
1962,55,"State and local",5135,"m1gstlc1es00","6","FAAt703","BEA_API"
1963,55,"State and local",5506,"m1gstlc1es00","6","FAAt703","BEA_API"
1964,55,"State and local",5910,"m1gstlc1es00","6","FAAt703","BEA_API"
1965,55,"State and local",6428,"m1gstlc1es00","6","FAAt703","BEA_API"
1966,55,"State and local",7090,"m1gstlc1es00","6","FAAt703","BEA_API"
1967,55,"State and local",7764,"m1gstlc1es00","6","FAAt703","BEA_API"
1968,55,"State and local",8598,"m1gstlc1es00","6","FAAt703","BEA_API"
1969,55,"State and local",9636,"m1gstlc1es00","6","FAAt703","BEA_API"
1970,55,"State and local",10943,"m1gstlc1es00","6","FAAt703","BEA_API"
1971,55,"State and local",12225,"m1gstlc1es00","6","FAAt703","BEA_API"
1972,55,"State and local",13311,"m1gstlc1es00","6","FAAt703","BEA_API"
1973,55,"State and local",14831,"m1gstlc1es00","6","FAAt703","BEA_API"
1974,55,"State and local",18303,"m1gstlc1es00","6","FAAt703","BEA_API"
1975,55,"State and local",20975,"m1gstlc1es00","6","FAAt703","BEA_API"
1976,55,"State and local",22047,"m1gstlc1es00","6","FAAt703","BEA_API"
1977,55,"State and local",23424,"m1gstlc1es00","6","FAAt703","BEA_API"
1978,55,"State and local",25431,"m1gstlc1es00","6","FAAt703","BEA_API"
1979,55,"State and local",28590,"m1gstlc1es00","6","FAAt703","BEA_API"
1980,55,"State and local",32985,"m1gstlc1es00","6","FAAt703","BEA_API"
1981,55,"State and local",37712,"m1gstlc1es00","6","FAAt703","BEA_API"
1982,55,"State and local",41190,"m1gstlc1es00","6","FAAt703","BEA_API"
1983,55,"State and local",42696,"m1gstlc1es00","6","FAAt703","BEA_API"
1984,55,"State and local",44295,"m1gstlc1es00","6","FAAt703","BEA_API"
1985,55,"State and local",46757,"m1gstlc1es00","6","FAAt703","BEA_API"
1986,55,"State and local",50126,"m1gstlc1es00","6","FAAt703","BEA_API"
1987,55,"State and local",53972,"m1gstlc1es00","6","FAAt703","BEA_API"
1988,55,"State and local",57667,"m1gstlc1es00","6","FAAt703","BEA_API"
1989,55,"State and local",61768,"m1gstlc1es00","6","FAAt703","BEA_API"
1990,55,"State and local",66638,"m1gstlc1es00","6","FAAt703","BEA_API"
1991,55,"State and local",70837,"m1gstlc1es00","6","FAAt703","BEA_API"
1992,55,"State and local",74079,"m1gstlc1es00","6","FAAt703","BEA_API"
1993,55,"State and local",78256,"m1gstlc1es00","6","FAAt703","BEA_API"
1994,55,"State and local",82782,"m1gstlc1es00","6","FAAt703","BEA_API"
1995,55,"State and local",88109,"m1gstlc1es00","6","FAAt703","BEA_API"
1996,55,"State and local",92544,"m1gstlc1es00","6","FAAt703","BEA_API"
1997,55,"State and local",97267,"m1gstlc1es00","6","FAAt703","BEA_API"
1998,55,"State and local",102168,"m1gstlc1es00","6","FAAt703","BEA_API"
1999,55,"State and local",108583,"m1gstlc1es00","6","FAAt703","BEA_API"
2000,55,"State and local",116537,"m1gstlc1es00","6","FAAt703","BEA_API"
2001,55,"State and local",123250,"m1gstlc1es00","6","FAAt703","BEA_API"
2002,55,"State and local",129089,"m1gstlc1es00","6","FAAt703","BEA_API"
2003,55,"State and local",134876,"m1gstlc1es00","6","FAAt703","BEA_API"
2004,55,"State and local",144133,"m1gstlc1es00","6","FAAt703","BEA_API"
2005,55,"State and local",157822,"m1gstlc1es00","6","FAAt703","BEA_API"
2006,55,"State and local",170944,"m1gstlc1es00","6","FAAt703","BEA_API"
2007,55,"State and local",187452,"m1gstlc1es00","6","FAAt703","BEA_API"
2008,55,"State and local",201131,"m1gstlc1es00","6","FAAt703","BEA_API"
2009,55,"State and local",209141,"m1gstlc1es00","6","FAAt703","BEA_API"
2010,55,"State and local",213427,"m1gstlc1es00","6","FAAt703","BEA_API"
2011,55,"State and local",222192,"m1gstlc1es00","6","FAAt703","BEA_API"
2012,55,"State and local",231926,"m1gstlc1es00","6","FAAt703","BEA_API"
2013,55,"State and local",238926,"m1gstlc1es00","6","FAAt703","BEA_API"
2014,55,"State and local",247075,"m1gstlc1es00","6","FAAt703","BEA_API"
2015,55,"State and local",252647,"m1gstlc1es00","6","FAAt703","BEA_API"
2016,55,"State and local",258830,"m1gstlc1es00","6","FAAt703","BEA_API"
2017,55,"State and local",269738,"m1gstlc1es00","6","FAAt703","BEA_API"
2018,55,"State and local",285133,"m1gstlc1es00","6","FAAt703","BEA_API"
2019,55,"State and local",298956,"m1gstlc1es00","6","FAAt703","BEA_API"
2020,55,"State and local",307150,"m1gstlc1es00","6","FAAt703","BEA_API"
2021,55,"State and local",330708,"m1gstlc1es00","6","FAAt703","BEA_API"
2022,55,"State and local",371868,"m1gstlc1es00","6","FAAt703","BEA_API"
2023,55,"State and local",395189,"m1gstlc1es00","6","FAAt703","BEA_API"
2024,55,"State and local",423446,"m1gstlc1es00","6","FAAt703","BEA_API"
1925,56,"Equipment",68,"m1gstlc1eq00","6","FAAt703","BEA_API"
1926,56,"Equipment",84,"m1gstlc1eq00","6","FAAt703","BEA_API"
1927,56,"Equipment",101,"m1gstlc1eq00","6","FAAt703","BEA_API"
1928,56,"Equipment",118,"m1gstlc1eq00","6","FAAt703","BEA_API"
1929,56,"Equipment",128,"m1gstlc1eq00","6","FAAt703","BEA_API"
1930,56,"Equipment",138,"m1gstlc1eq00","6","FAAt703","BEA_API"
1931,56,"Equipment",138,"m1gstlc1eq00","6","FAAt703","BEA_API"
1932,56,"Equipment",144,"m1gstlc1eq00","6","FAAt703","BEA_API"
1933,56,"Equipment",145,"m1gstlc1eq00","6","FAAt703","BEA_API"
1934,56,"Equipment",150,"m1gstlc1eq00","6","FAAt703","BEA_API"
1935,56,"Equipment",146,"m1gstlc1eq00","6","FAAt703","BEA_API"
1936,56,"Equipment",144,"m1gstlc1eq00","6","FAAt703","BEA_API"
1937,56,"Equipment",162,"m1gstlc1eq00","6","FAAt703","BEA_API"
1938,56,"Equipment",167,"m1gstlc1eq00","6","FAAt703","BEA_API"
1939,56,"Equipment",174,"m1gstlc1eq00","6","FAAt703","BEA_API"
1940,56,"Equipment",186,"m1gstlc1eq00","6","FAAt703","BEA_API"
1941,56,"Equipment",196,"m1gstlc1eq00","6","FAAt703","BEA_API"
1942,56,"Equipment",203,"m1gstlc1eq00","6","FAAt703","BEA_API"
1943,56,"Equipment",186,"m1gstlc1eq00","6","FAAt703","BEA_API"
1944,56,"Equipment",174,"m1gstlc1eq00","6","FAAt703","BEA_API"
1945,56,"Equipment",166,"m1gstlc1eq00","6","FAAt703","BEA_API"
1946,56,"Equipment",177,"m1gstlc1eq00","6","FAAt703","BEA_API"
1947,56,"Equipment",220,"m1gstlc1eq00","6","FAAt703","BEA_API"
1948,56,"Equipment",262,"m1gstlc1eq00","6","FAAt703","BEA_API"
1949,56,"Equipment",292,"m1gstlc1eq00","6","FAAt703","BEA_API"
1950,56,"Equipment",327,"m1gstlc1eq00","6","FAAt703","BEA_API"
1951,56,"Equipment",387,"m1gstlc1eq00","6","FAAt703","BEA_API"
1952,56,"Equipment",418,"m1gstlc1eq00","6","FAAt703","BEA_API"
1953,56,"Equipment",448,"m1gstlc1eq00","6","FAAt703","BEA_API"
1954,56,"Equipment",491,"m1gstlc1eq00","6","FAAt703","BEA_API"
1955,56,"Equipment",573,"m1gstlc1eq00","6","FAAt703","BEA_API"
1956,56,"Equipment",637,"m1gstlc1eq00","6","FAAt703","BEA_API"
1957,56,"Equipment",669,"m1gstlc1eq00","6","FAAt703","BEA_API"
1958,56,"Equipment",721,"m1gstlc1eq00","6","FAAt703","BEA_API"
1959,56,"Equipment",747,"m1gstlc1eq00","6","FAAt703","BEA_API"
1960,56,"Equipment",811,"m1gstlc1eq00","6","FAAt703","BEA_API"
1961,56,"Equipment",876,"m1gstlc1eq00","6","FAAt703","BEA_API"
1962,56,"Equipment",935,"m1gstlc1eq00","6","FAAt703","BEA_API"
1963,56,"Equipment",1011,"m1gstlc1eq00","6","FAAt703","BEA_API"
1964,56,"Equipment",1107,"m1gstlc1eq00","6","FAAt703","BEA_API"
1965,56,"Equipment",1217,"m1gstlc1eq00","6","FAAt703","BEA_API"
1966,56,"Equipment",1346,"m1gstlc1eq00","6","FAAt703","BEA_API"
1967,56,"Equipment",1493,"m1gstlc1eq00","6","FAAt703","BEA_API"
1968,56,"Equipment",1656,"m1gstlc1eq00","6","FAAt703","BEA_API"
1969,56,"Equipment",1822,"m1gstlc1eq00","6","FAAt703","BEA_API"
1970,56,"Equipment",2019,"m1gstlc1eq00","6","FAAt703","BEA_API"
1971,56,"Equipment",2211,"m1gstlc1eq00","6","FAAt703","BEA_API"
1972,56,"Equipment",2375,"m1gstlc1eq00","6","FAAt703","BEA_API"
1973,56,"Equipment",2610,"m1gstlc1eq00","6","FAAt703","BEA_API"
1974,56,"Equipment",3102,"m1gstlc1eq00","6","FAAt703","BEA_API"
1975,56,"Equipment",3762,"m1gstlc1eq00","6","FAAt703","BEA_API"
1976,56,"Equipment",4182,"m1gstlc1eq00","6","FAAt703","BEA_API"
1977,56,"Equipment",4568,"m1gstlc1eq00","6","FAAt703","BEA_API"
1978,56,"Equipment",5043,"m1gstlc1eq00","6","FAAt703","BEA_API"
1979,56,"Equipment",5643,"m1gstlc1eq00","6","FAAt703","BEA_API"
1980,56,"Equipment",6375,"m1gstlc1eq00","6","FAAt703","BEA_API"
1981,56,"Equipment",7193,"m1gstlc1eq00","6","FAAt703","BEA_API"
1982,56,"Equipment",7834,"m1gstlc1eq00","6","FAAt703","BEA_API"
1983,56,"Equipment",8359,"m1gstlc1eq00","6","FAAt703","BEA_API"
1984,56,"Equipment",9006,"m1gstlc1eq00","6","FAAt703","BEA_API"
1985,56,"Equipment",9897,"m1gstlc1eq00","6","FAAt703","BEA_API"
1986,56,"Equipment",10996,"m1gstlc1eq00","6","FAAt703","BEA_API"
1987,56,"Equipment",12154,"m1gstlc1eq00","6","FAAt703","BEA_API"
1988,56,"Equipment",13339,"m1gstlc1eq00","6","FAAt703","BEA_API"
1989,56,"Equipment",14844,"m1gstlc1eq00","6","FAAt703","BEA_API"
1990,56,"Equipment",16403,"m1gstlc1eq00","6","FAAt703","BEA_API"
1991,56,"Equipment",17927,"m1gstlc1eq00","6","FAAt703","BEA_API"
1992,56,"Equipment",19054,"m1gstlc1eq00","6","FAAt703","BEA_API"
1993,56,"Equipment",20128,"m1gstlc1eq00","6","FAAt703","BEA_API"
1994,56,"Equipment",21406,"m1gstlc1eq00","6","FAAt703","BEA_API"
1995,56,"Equipment",22717,"m1gstlc1eq00","6","FAAt703","BEA_API"
1996,56,"Equipment",23838,"m1gstlc1eq00","6","FAAt703","BEA_API"
1997,56,"Equipment",24619,"m1gstlc1eq00","6","FAAt703","BEA_API"
1998,56,"Equipment",25483,"m1gstlc1eq00","6","FAAt703","BEA_API"
1999,56,"Equipment",26862,"m1gstlc1eq00","6","FAAt703","BEA_API"
2000,56,"Equipment",28703,"m1gstlc1eq00","6","FAAt703","BEA_API"
2001,56,"Equipment",29893,"m1gstlc1eq00","6","FAAt703","BEA_API"
2002,56,"Equipment",30865,"m1gstlc1eq00","6","FAAt703","BEA_API"
2003,56,"Equipment",31868,"m1gstlc1eq00","6","FAAt703","BEA_API"
2004,56,"Equipment",33010,"m1gstlc1eq00","6","FAAt703","BEA_API"
2005,56,"Equipment",33916,"m1gstlc1eq00","6","FAAt703","BEA_API"
2006,56,"Equipment",34390,"m1gstlc1eq00","6","FAAt703","BEA_API"
2007,56,"Equipment",35645,"m1gstlc1eq00","6","FAAt703","BEA_API"
2008,56,"Equipment",37431,"m1gstlc1eq00","6","FAAt703","BEA_API"
2009,56,"Equipment",38933,"m1gstlc1eq00","6","FAAt703","BEA_API"
2010,56,"Equipment",39388,"m1gstlc1eq00","6","FAAt703","BEA_API"
2011,56,"Equipment",39634,"m1gstlc1eq00","6","FAAt703","BEA_API"
2012,56,"Equipment",40278,"m1gstlc1eq00","6","FAAt703","BEA_API"
2013,56,"Equipment",40500,"m1gstlc1eq00","6","FAAt703","BEA_API"
2014,56,"Equipment",41014,"m1gstlc1eq00","6","FAAt703","BEA_API"
2015,56,"Equipment",41235,"m1gstlc1eq00","6","FAAt703","BEA_API"
2016,56,"Equipment",41340,"m1gstlc1eq00","6","FAAt703","BEA_API"
2017,56,"Equipment",42027,"m1gstlc1eq00","6","FAAt703","BEA_API"
2018,56,"Equipment",43148,"m1gstlc1eq00","6","FAAt703","BEA_API"
2019,56,"Equipment",44032,"m1gstlc1eq00","6","FAAt703","BEA_API"
2020,56,"Equipment",45020,"m1gstlc1eq00","6","FAAt703","BEA_API"
2021,56,"Equipment",47617,"m1gstlc1eq00","6","FAAt703","BEA_API"
2022,56,"Equipment",52355,"m1gstlc1eq00","6","FAAt703","BEA_API"
2023,56,"Equipment",55482,"m1gstlc1eq00","6","FAAt703","BEA_API"
2024,56,"Equipment",71002,"m1gstlc1eq00","6","FAAt703","BEA_API"
1925,57,"Structures",537,"m1gstlc1st00","6","FAAt703","BEA_API"
1926,57,"Structures",547,"m1gstlc1st00","6","FAAt703","BEA_API"
1927,57,"Structures",574,"m1gstlc1st00","6","FAAt703","BEA_API"
1928,57,"Structures",583,"m1gstlc1st00","6","FAAt703","BEA_API"
1929,57,"Structures",607,"m1gstlc1st00","6","FAAt703","BEA_API"
1930,57,"Structures",604,"m1gstlc1st00","6","FAAt703","BEA_API"
1931,57,"Structures",575,"m1gstlc1st00","6","FAAt703","BEA_API"
1932,57,"Structures",484,"m1gstlc1st00","6","FAAt703","BEA_API"
1933,57,"Structures",571,"m1gstlc1st00","6","FAAt703","BEA_API"
1934,57,"Structures",694,"m1gstlc1st00","6","FAAt703","BEA_API"
1935,57,"Structures",679,"m1gstlc1st00","6","FAAt703","BEA_API"
1936,57,"Structures",768,"m1gstlc1st00","6","FAAt703","BEA_API"
1937,57,"Structures",806,"m1gstlc1st00","6","FAAt703","BEA_API"
1938,57,"Structures",833,"m1gstlc1st00","6","FAAt703","BEA_API"
1939,57,"Structures",851,"m1gstlc1st00","6","FAAt703","BEA_API"
1940,57,"Structures",883,"m1gstlc1st00","6","FAAt703","BEA_API"
1941,57,"Structures",1007,"m1gstlc1st00","6","FAAt703","BEA_API"
1942,57,"Structures",1201,"m1gstlc1st00","6","FAAt703","BEA_API"
1943,57,"Structures",1294,"m1gstlc1st00","6","FAAt703","BEA_API"
1944,57,"Structures",1245,"m1gstlc1st00","6","FAAt703","BEA_API"
1945,57,"Structures",1224,"m1gstlc1st00","6","FAAt703","BEA_API"
1946,57,"Structures",1343,"m1gstlc1st00","6","FAAt703","BEA_API"
1947,57,"Structures",1604,"m1gstlc1st00","6","FAAt703","BEA_API"
1948,57,"Structures",1823,"m1gstlc1st00","6","FAAt703","BEA_API"
1949,57,"Structures",1829,"m1gstlc1st00","6","FAAt703","BEA_API"
1950,57,"Structures",1798,"m1gstlc1st00","6","FAAt703","BEA_API"
1951,57,"Structures",2172,"m1gstlc1st00","6","FAAt703","BEA_API"
1952,57,"Structures",2314,"m1gstlc1st00","6","FAAt703","BEA_API"
1953,57,"Structures",2376,"m1gstlc1st00","6","FAAt703","BEA_API"
1954,57,"Structures",2398,"m1gstlc1st00","6","FAAt703","BEA_API"
1955,57,"Structures",2508,"m1gstlc1st00","6","FAAt703","BEA_API"
1956,57,"Structures",2904,"m1gstlc1st00","6","FAAt703","BEA_API"
1957,57,"Structures",3184,"m1gstlc1st00","6","FAAt703","BEA_API"
1958,57,"Structures",3294,"m1gstlc1st00","6","FAAt703","BEA_API"
1959,57,"Structures",3467,"m1gstlc1st00","6","FAAt703","BEA_API"
1960,57,"Structures",3585,"m1gstlc1st00","6","FAAt703","BEA_API"
1961,57,"Structures",3769,"m1gstlc1st00","6","FAAt703","BEA_API"
1962,57,"Structures",4038,"m1gstlc1st00","6","FAAt703","BEA_API"
1963,57,"Structures",4312,"m1gstlc1st00","6","FAAt703","BEA_API"
1964,57,"Structures",4592,"m1gstlc1st00","6","FAAt703","BEA_API"
1965,57,"Structures",4971,"m1gstlc1st00","6","FAAt703","BEA_API"
1966,57,"Structures",5466,"m1gstlc1st00","6","FAAt703","BEA_API"
1967,57,"Structures",5949,"m1gstlc1st00","6","FAAt703","BEA_API"
1968,57,"Structures",6568,"m1gstlc1st00","6","FAAt703","BEA_API"
1969,57,"Structures",7375,"m1gstlc1st00","6","FAAt703","BEA_API"
1970,57,"Structures",8408,"m1gstlc1st00","6","FAAt703","BEA_API"
1971,57,"Structures",9421,"m1gstlc1st00","6","FAAt703","BEA_API"
1972,57,"Structures",10268,"m1gstlc1st00","6","FAAt703","BEA_API"
1973,57,"Structures",11462,"m1gstlc1st00","6","FAAt703","BEA_API"
1974,57,"Structures",14300,"m1gstlc1st00","6","FAAt703","BEA_API"
1975,57,"Structures",16181,"m1gstlc1st00","6","FAAt703","BEA_API"
1976,57,"Structures",16714,"m1gstlc1st00","6","FAAt703","BEA_API"
1977,57,"Structures",17573,"m1gstlc1st00","6","FAAt703","BEA_API"
1978,57,"Structures",18944,"m1gstlc1st00","6","FAAt703","BEA_API"
1979,57,"Structures",21271,"m1gstlc1st00","6","FAAt703","BEA_API"
1980,57,"Structures",24627,"m1gstlc1st00","6","FAAt703","BEA_API"
1981,57,"Structures",28192,"m1gstlc1st00","6","FAAt703","BEA_API"
1982,57,"Structures",30693,"m1gstlc1st00","6","FAAt703","BEA_API"
1983,57,"Structures",31337,"m1gstlc1st00","6","FAAt703","BEA_API"
1984,57,"Structures",31890,"m1gstlc1st00","6","FAAt703","BEA_API"
1985,57,"Structures",33043,"m1gstlc1st00","6","FAAt703","BEA_API"
1986,57,"Structures",34917,"m1gstlc1st00","6","FAAt703","BEA_API"
1987,57,"Structures",37143,"m1gstlc1st00","6","FAAt703","BEA_API"
1988,57,"Structures",39057,"m1gstlc1st00","6","FAAt703","BEA_API"
1989,57,"Structures",40845,"m1gstlc1st00","6","FAAt703","BEA_API"
1990,57,"Structures",43173,"m1gstlc1st00","6","FAAt703","BEA_API"
1991,57,"Structures",44824,"m1gstlc1st00","6","FAAt703","BEA_API"
1992,57,"Structures",46119,"m1gstlc1st00","6","FAAt703","BEA_API"
1993,57,"Structures",48303,"m1gstlc1st00","6","FAAt703","BEA_API"
1994,57,"Structures",50885,"m1gstlc1st00","6","FAAt703","BEA_API"
1995,57,"Structures",54208,"m1gstlc1st00","6","FAAt703","BEA_API"
1996,57,"Structures",57166,"m1gstlc1st00","6","FAAt703","BEA_API"
1997,57,"Structures",60528,"m1gstlc1st00","6","FAAt703","BEA_API"
1998,57,"Structures",63744,"m1gstlc1st00","6","FAAt703","BEA_API"
1999,57,"Structures",67705,"m1gstlc1st00","6","FAAt703","BEA_API"
2000,57,"Structures",72576,"m1gstlc1st00","6","FAAt703","BEA_API"
2001,57,"Structures",77149,"m1gstlc1st00","6","FAAt703","BEA_API"
2002,57,"Structures",81430,"m1gstlc1st00","6","FAAt703","BEA_API"
2003,57,"Structures",85590,"m1gstlc1st00","6","FAAt703","BEA_API"
2004,57,"Structures",92824,"m1gstlc1st00","6","FAAt703","BEA_API"
2005,57,"Structures",104512,"m1gstlc1st00","6","FAAt703","BEA_API"
2006,57,"Structures",115937,"m1gstlc1st00","6","FAAt703","BEA_API"
2007,57,"Structures",129781,"m1gstlc1st00","6","FAAt703","BEA_API"
2008,57,"Structures",139977,"m1gstlc1st00","6","FAAt703","BEA_API"
2009,57,"Structures",145493,"m1gstlc1st00","6","FAAt703","BEA_API"
2010,57,"Structures",148597,"m1gstlc1st00","6","FAAt703","BEA_API"
2011,57,"Structures",156239,"m1gstlc1st00","6","FAAt703","BEA_API"
2012,57,"Structures",164285,"m1gstlc1st00","6","FAAt703","BEA_API"
2013,57,"Structures",169809,"m1gstlc1st00","6","FAAt703","BEA_API"
2014,57,"Structures",175671,"m1gstlc1st00","6","FAAt703","BEA_API"
2015,57,"Structures",179611,"m1gstlc1st00","6","FAAt703","BEA_API"
2016,57,"Structures",183397,"m1gstlc1st00","6","FAAt703","BEA_API"
2017,57,"Structures",190618,"m1gstlc1st00","6","FAAt703","BEA_API"
2018,57,"Structures",201219,"m1gstlc1st00","6","FAAt703","BEA_API"
2019,57,"Structures",210844,"m1gstlc1st00","6","FAAt703","BEA_API"
2020,57,"Structures",215250,"m1gstlc1st00","6","FAAt703","BEA_API"
2021,57,"Structures",233024,"m1gstlc1st00","6","FAAt703","BEA_API"
2022,57,"Structures",264933,"m1gstlc1st00","6","FAAt703","BEA_API"
2023,57,"Structures",280316,"m1gstlc1st00","6","FAAt703","BEA_API"
2024,57,"Structures",287814,"m1gstlc1st00","6","FAAt703","BEA_API"
1925,58,"Residential",0,"m1gstlc1sa00","6","FAAt703","BEA_API"
1926,58,"Residential",0,"m1gstlc1sa00","6","FAAt703","BEA_API"
1927,58,"Residential",0,"m1gstlc1sa00","6","FAAt703","BEA_API"
1928,58,"Residential",0,"m1gstlc1sa00","6","FAAt703","BEA_API"
1929,58,"Residential",0,"m1gstlc1sa00","6","FAAt703","BEA_API"
1930,58,"Residential",0,"m1gstlc1sa00","6","FAAt703","BEA_API"
1931,58,"Residential",0,"m1gstlc1sa00","6","FAAt703","BEA_API"
1932,58,"Residential",0,"m1gstlc1sa00","6","FAAt703","BEA_API"
1933,58,"Residential",0,"m1gstlc1sa00","6","FAAt703","BEA_API"
1934,58,"Residential",0,"m1gstlc1sa00","6","FAAt703","BEA_API"
1935,58,"Residential",0,"m1gstlc1sa00","6","FAAt703","BEA_API"
1936,58,"Residential",0,"m1gstlc1sa00","6","FAAt703","BEA_API"
1937,58,"Residential",1,"m1gstlc1sa00","6","FAAt703","BEA_API"
1938,58,"Residential",1,"m1gstlc1sa00","6","FAAt703","BEA_API"
1939,58,"Residential",1,"m1gstlc1sa00","6","FAAt703","BEA_API"
1940,58,"Residential",3,"m1gstlc1sa00","6","FAAt703","BEA_API"
1941,58,"Residential",6,"m1gstlc1sa00","6","FAAt703","BEA_API"
1942,58,"Residential",9,"m1gstlc1sa00","6","FAAt703","BEA_API"
1943,58,"Residential",11,"m1gstlc1sa00","6","FAAt703","BEA_API"
1944,58,"Residential",12,"m1gstlc1sa00","6","FAAt703","BEA_API"
1945,58,"Residential",14,"m1gstlc1sa00","6","FAAt703","BEA_API"
1946,58,"Residential",16,"m1gstlc1sa00","6","FAAt703","BEA_API"
1947,58,"Residential",20,"m1gstlc1sa00","6","FAAt703","BEA_API"
1948,58,"Residential",24,"m1gstlc1sa00","6","FAAt703","BEA_API"
1949,58,"Residential",27,"m1gstlc1sa00","6","FAAt703","BEA_API"
1950,58,"Residential",32,"m1gstlc1sa00","6","FAAt703","BEA_API"
1951,58,"Residential",40,"m1gstlc1sa00","6","FAAt703","BEA_API"
1952,58,"Residential",49,"m1gstlc1sa00","6","FAAt703","BEA_API"
1953,58,"Residential",56,"m1gstlc1sa00","6","FAAt703","BEA_API"
1954,58,"Residential",61,"m1gstlc1sa00","6","FAAt703","BEA_API"
1955,58,"Residential",66,"m1gstlc1sa00","6","FAAt703","BEA_API"
1956,58,"Residential",71,"m1gstlc1sa00","6","FAAt703","BEA_API"
1957,58,"Residential",75,"m1gstlc1sa00","6","FAAt703","BEA_API"
1958,58,"Residential",80,"m1gstlc1sa00","6","FAAt703","BEA_API"
1959,58,"Residential",86,"m1gstlc1sa00","6","FAAt703","BEA_API"
1960,58,"Residential",91,"m1gstlc1sa00","6","FAAt703","BEA_API"
1961,58,"Residential",98,"m1gstlc1sa00","6","FAAt703","BEA_API"
1962,58,"Residential",107,"m1gstlc1sa00","6","FAAt703","BEA_API"
1963,58,"Residential",114,"m1gstlc1sa00","6","FAAt703","BEA_API"
1964,58,"Residential",120,"m1gstlc1sa00","6","FAAt703","BEA_API"
1965,58,"Residential",128,"m1gstlc1sa00","6","FAAt703","BEA_API"
1966,58,"Residential",139,"m1gstlc1sa00","6","FAAt703","BEA_API"
1967,58,"Residential",151,"m1gstlc1sa00","6","FAAt703","BEA_API"
1968,58,"Residential",168,"m1gstlc1sa00","6","FAAt703","BEA_API"
1969,58,"Residential",194,"m1gstlc1sa00","6","FAAt703","BEA_API"
1970,58,"Residential",213,"m1gstlc1sa00","6","FAAt703","BEA_API"
1971,58,"Residential",238,"m1gstlc1sa00","6","FAAt703","BEA_API"
1972,58,"Residential",264,"m1gstlc1sa00","6","FAAt703","BEA_API"
1973,58,"Residential",299,"m1gstlc1sa00","6","FAAt703","BEA_API"
1974,58,"Residential",340,"m1gstlc1sa00","6","FAAt703","BEA_API"
1975,58,"Residential",381,"m1gstlc1sa00","6","FAAt703","BEA_API"
1976,58,"Residential",414,"m1gstlc1sa00","6","FAAt703","BEA_API"
1977,58,"Residential",466,"m1gstlc1sa00","6","FAAt703","BEA_API"
1978,58,"Residential",541,"m1gstlc1sa00","6","FAAt703","BEA_API"
1979,58,"Residential",618,"m1gstlc1sa00","6","FAAt703","BEA_API"
1980,58,"Residential",701,"m1gstlc1sa00","6","FAAt703","BEA_API"
1981,58,"Residential",778,"m1gstlc1sa00","6","FAAt703","BEA_API"
1982,58,"Residential",829,"m1gstlc1sa00","6","FAAt703","BEA_API"
1983,58,"Residential",858,"m1gstlc1sa00","6","FAAt703","BEA_API"
1984,58,"Residential",904,"m1gstlc1sa00","6","FAAt703","BEA_API"
1985,58,"Residential",944,"m1gstlc1sa00","6","FAAt703","BEA_API"
1986,58,"Residential",1007,"m1gstlc1sa00","6","FAAt703","BEA_API"
1987,58,"Residential",1074,"m1gstlc1sa00","6","FAAt703","BEA_API"
1988,58,"Residential",1139,"m1gstlc1sa00","6","FAAt703","BEA_API"
1989,58,"Residential",1207,"m1gstlc1sa00","6","FAAt703","BEA_API"
1990,58,"Residential",1267,"m1gstlc1sa00","6","FAAt703","BEA_API"
1991,58,"Residential",1305,"m1gstlc1sa00","6","FAAt703","BEA_API"
1992,58,"Residential",1351,"m1gstlc1sa00","6","FAAt703","BEA_API"
1993,58,"Residential",1448,"m1gstlc1sa00","6","FAAt703","BEA_API"
1994,58,"Residential",1550,"m1gstlc1sa00","6","FAAt703","BEA_API"
1995,58,"Residential",1641,"m1gstlc1sa00","6","FAAt703","BEA_API"
1996,58,"Residential",1709,"m1gstlc1sa00","6","FAAt703","BEA_API"
1997,58,"Residential",1794,"m1gstlc1sa00","6","FAAt703","BEA_API"
1998,58,"Residential",1879,"m1gstlc1sa00","6","FAAt703","BEA_API"
1999,58,"Residential",2005,"m1gstlc1sa00","6","FAAt703","BEA_API"
2000,58,"Residential",2136,"m1gstlc1sa00","6","FAAt703","BEA_API"
2001,58,"Residential",2283,"m1gstlc1sa00","6","FAAt703","BEA_API"
2002,58,"Residential",2391,"m1gstlc1sa00","6","FAAt703","BEA_API"
2003,58,"Residential",2567,"m1gstlc1sa00","6","FAAt703","BEA_API"
2004,58,"Residential",2837,"m1gstlc1sa00","6","FAAt703","BEA_API"
2005,58,"Residential",3095,"m1gstlc1sa00","6","FAAt703","BEA_API"
2006,58,"Residential",3345,"m1gstlc1sa00","6","FAAt703","BEA_API"
2007,58,"Residential",3422,"m1gstlc1sa00","6","FAAt703","BEA_API"
2008,58,"Residential",3360,"m1gstlc1sa00","6","FAAt703","BEA_API"
2009,58,"Residential",3291,"m1gstlc1sa00","6","FAAt703","BEA_API"
2010,58,"Residential",3292,"m1gstlc1sa00","6","FAAt703","BEA_API"
2011,58,"Residential",3366,"m1gstlc1sa00","6","FAAt703","BEA_API"
2012,58,"Residential",3426,"m1gstlc1sa00","6","FAAt703","BEA_API"
2013,58,"Residential",3627,"m1gstlc1sa00","6","FAAt703","BEA_API"
2014,58,"Residential",3888,"m1gstlc1sa00","6","FAAt703","BEA_API"
2015,58,"Residential",3991,"m1gstlc1sa00","6","FAAt703","BEA_API"
2016,58,"Residential",4174,"m1gstlc1sa00","6","FAAt703","BEA_API"
2017,58,"Residential",4359,"m1gstlc1sa00","6","FAAt703","BEA_API"
2018,58,"Residential",4567,"m1gstlc1sa00","6","FAAt703","BEA_API"
2019,58,"Residential",4741,"m1gstlc1sa00","6","FAAt703","BEA_API"
2020,58,"Residential",4823,"m1gstlc1sa00","6","FAAt703","BEA_API"
2021,58,"Residential",5105,"m1gstlc1sa00","6","FAAt703","BEA_API"
2022,58,"Residential",5484,"m1gstlc1sa00","6","FAAt703","BEA_API"
2023,58,"Residential",5638,"m1gstlc1sa00","6","FAAt703","BEA_API"
2024,58,"Residential",5877,"m1gstlc1sa00","6","FAAt703","BEA_API"
1925,59,"Office",6,"m1gstlc1sd00","6","FAAt703","BEA_API"
1926,59,"Office",7,"m1gstlc1sd00","6","FAAt703","BEA_API"
1927,59,"Office",8,"m1gstlc1sd00","6","FAAt703","BEA_API"
1928,59,"Office",8,"m1gstlc1sd00","6","FAAt703","BEA_API"
1929,59,"Office",9,"m1gstlc1sd00","6","FAAt703","BEA_API"
1930,59,"Office",9,"m1gstlc1sd00","6","FAAt703","BEA_API"
1931,59,"Office",9,"m1gstlc1sd00","6","FAAt703","BEA_API"
1932,59,"Office",8,"m1gstlc1sd00","6","FAAt703","BEA_API"
1933,59,"Office",9,"m1gstlc1sd00","6","FAAt703","BEA_API"
1934,59,"Office",10,"m1gstlc1sd00","6","FAAt703","BEA_API"
1935,59,"Office",11,"m1gstlc1sd00","6","FAAt703","BEA_API"
1936,59,"Office",12,"m1gstlc1sd00","6","FAAt703","BEA_API"
1937,59,"Office",15,"m1gstlc1sd00","6","FAAt703","BEA_API"
1938,59,"Office",16,"m1gstlc1sd00","6","FAAt703","BEA_API"
1939,59,"Office",17,"m1gstlc1sd00","6","FAAt703","BEA_API"
1940,59,"Office",20,"m1gstlc1sd00","6","FAAt703","BEA_API"
1941,59,"Office",22,"m1gstlc1sd00","6","FAAt703","BEA_API"
1942,59,"Office",24,"m1gstlc1sd00","6","FAAt703","BEA_API"
1943,59,"Office",25,"m1gstlc1sd00","6","FAAt703","BEA_API"
1944,59,"Office",26,"m1gstlc1sd00","6","FAAt703","BEA_API"
1945,59,"Office",27,"m1gstlc1sd00","6","FAAt703","BEA_API"
1946,59,"Office",32,"m1gstlc1sd00","6","FAAt703","BEA_API"
1947,59,"Office",41,"m1gstlc1sd00","6","FAAt703","BEA_API"
1948,59,"Office",46,"m1gstlc1sd00","6","FAAt703","BEA_API"
1949,59,"Office",47,"m1gstlc1sd00","6","FAAt703","BEA_API"
1950,59,"Office",49,"m1gstlc1sd00","6","FAAt703","BEA_API"
1951,59,"Office",57,"m1gstlc1sd00","6","FAAt703","BEA_API"
1952,59,"Office",60,"m1gstlc1sd00","6","FAAt703","BEA_API"
1953,59,"Office",63,"m1gstlc1sd00","6","FAAt703","BEA_API"
1954,59,"Office",65,"m1gstlc1sd00","6","FAAt703","BEA_API"
1955,59,"Office",69,"m1gstlc1sd00","6","FAAt703","BEA_API"
1956,59,"Office",79,"m1gstlc1sd00","6","FAAt703","BEA_API"
1957,59,"Office",87,"m1gstlc1sd00","6","FAAt703","BEA_API"
1958,59,"Office",90,"m1gstlc1sd00","6","FAAt703","BEA_API"
1959,59,"Office",95,"m1gstlc1sd00","6","FAAt703","BEA_API"
1960,59,"Office",100,"m1gstlc1sd00","6","FAAt703","BEA_API"
1961,59,"Office",105,"m1gstlc1sd00","6","FAAt703","BEA_API"
1962,59,"Office",112,"m1gstlc1sd00","6","FAAt703","BEA_API"
1963,59,"Office",122,"m1gstlc1sd00","6","FAAt703","BEA_API"
1964,59,"Office",133,"m1gstlc1sd00","6","FAAt703","BEA_API"
1965,59,"Office",147,"m1gstlc1sd00","6","FAAt703","BEA_API"
1966,59,"Office",164,"m1gstlc1sd00","6","FAAt703","BEA_API"
1967,59,"Office",182,"m1gstlc1sd00","6","FAAt703","BEA_API"
1968,59,"Office",209,"m1gstlc1sd00","6","FAAt703","BEA_API"
1969,59,"Office",247,"m1gstlc1sd00","6","FAAt703","BEA_API"
1970,59,"Office",285,"m1gstlc1sd00","6","FAAt703","BEA_API"
1971,59,"Office",329,"m1gstlc1sd00","6","FAAt703","BEA_API"
1972,59,"Office",375,"m1gstlc1sd00","6","FAAt703","BEA_API"
1973,59,"Office",428,"m1gstlc1sd00","6","FAAt703","BEA_API"
1974,59,"Office",508,"m1gstlc1sd00","6","FAAt703","BEA_API"
1975,59,"Office",597,"m1gstlc1sd00","6","FAAt703","BEA_API"
1976,59,"Office",661,"m1gstlc1sd00","6","FAAt703","BEA_API"
1977,59,"Office",748,"m1gstlc1sd00","6","FAAt703","BEA_API"
1978,59,"Office",862,"m1gstlc1sd00","6","FAAt703","BEA_API"
1979,59,"Office",1001,"m1gstlc1sd00","6","FAAt703","BEA_API"
1980,59,"Office",1161,"m1gstlc1sd00","6","FAAt703","BEA_API"
1981,59,"Office",1312,"m1gstlc1sd00","6","FAAt703","BEA_API"
1982,59,"Office",1436,"m1gstlc1sd00","6","FAAt703","BEA_API"
1983,59,"Office",1522,"m1gstlc1sd00","6","FAAt703","BEA_API"
1984,59,"Office",1623,"m1gstlc1sd00","6","FAAt703","BEA_API"
1985,59,"Office",1720,"m1gstlc1sd00","6","FAAt703","BEA_API"
1986,59,"Office",1835,"m1gstlc1sd00","6","FAAt703","BEA_API"
1987,59,"Office",1962,"m1gstlc1sd00","6","FAAt703","BEA_API"
1988,59,"Office",2098,"m1gstlc1sd00","6","FAAt703","BEA_API"
1989,59,"Office",2241,"m1gstlc1sd00","6","FAAt703","BEA_API"
1990,59,"Office",2393,"m1gstlc1sd00","6","FAAt703","BEA_API"
1991,59,"Office",2513,"m1gstlc1sd00","6","FAAt703","BEA_API"
1992,59,"Office",2613,"m1gstlc1sd00","6","FAAt703","BEA_API"
1993,59,"Office",2791,"m1gstlc1sd00","6","FAAt703","BEA_API"
1994,59,"Office",2992,"m1gstlc1sd00","6","FAAt703","BEA_API"
1995,59,"Office",3221,"m1gstlc1sd00","6","FAAt703","BEA_API"
1996,59,"Office",3425,"m1gstlc1sd00","6","FAAt703","BEA_API"
1997,59,"Office",3725,"m1gstlc1sd00","6","FAAt703","BEA_API"
1998,59,"Office",4072,"m1gstlc1sd00","6","FAAt703","BEA_API"
1999,59,"Office",4457,"m1gstlc1sd00","6","FAAt703","BEA_API"
2000,59,"Office",4830,"m1gstlc1sd00","6","FAAt703","BEA_API"
2001,59,"Office",5186,"m1gstlc1sd00","6","FAAt703","BEA_API"
2002,59,"Office",5530,"m1gstlc1sd00","6","FAAt703","BEA_API"
2003,59,"Office",5960,"m1gstlc1sd00","6","FAAt703","BEA_API"
2004,59,"Office",6611,"m1gstlc1sd00","6","FAAt703","BEA_API"
2005,59,"Office",7545,"m1gstlc1sd00","6","FAAt703","BEA_API"
2006,59,"Office",8524,"m1gstlc1sd00","6","FAAt703","BEA_API"
2007,59,"Office",9313,"m1gstlc1sd00","6","FAAt703","BEA_API"
2008,59,"Office",9955,"m1gstlc1sd00","6","FAAt703","BEA_API"
2009,59,"Office",10442,"m1gstlc1sd00","6","FAAt703","BEA_API"
2010,59,"Office",10451,"m1gstlc1sd00","6","FAAt703","BEA_API"
2011,59,"Office",10918,"m1gstlc1sd00","6","FAAt703","BEA_API"
2012,59,"Office",11425,"m1gstlc1sd00","6","FAAt703","BEA_API"
2013,59,"Office",11788,"m1gstlc1sd00","6","FAAt703","BEA_API"
2014,59,"Office",12324,"m1gstlc1sd00","6","FAAt703","BEA_API"
2015,59,"Office",12817,"m1gstlc1sd00","6","FAAt703","BEA_API"
2016,59,"Office",13197,"m1gstlc1sd00","6","FAAt703","BEA_API"
2017,59,"Office",13674,"m1gstlc1sd00","6","FAAt703","BEA_API"
2018,59,"Office",14423,"m1gstlc1sd00","6","FAAt703","BEA_API"
2019,59,"Office",15284,"m1gstlc1sd00","6","FAAt703","BEA_API"
2020,59,"Office",15841,"m1gstlc1sd00","6","FAAt703","BEA_API"
2021,59,"Office",17122,"m1gstlc1sd00","6","FAAt703","BEA_API"
2022,59,"Office",20711,"m1gstlc1sd00","6","FAAt703","BEA_API"
2023,59,"Office",22933,"m1gstlc1sd00","6","FAAt703","BEA_API"
2024,59,"Office",23316,"m1gstlc1sd00","6","FAAt703","BEA_API"
1925,60,"Commercial",1,"m1gstlc1se00","6","FAAt703","BEA_API"
1926,60,"Commercial",1,"m1gstlc1se00","6","FAAt703","BEA_API"
1927,60,"Commercial",1,"m1gstlc1se00","6","FAAt703","BEA_API"
1928,60,"Commercial",1,"m1gstlc1se00","6","FAAt703","BEA_API"
1929,60,"Commercial",1,"m1gstlc1se00","6","FAAt703","BEA_API"
1930,60,"Commercial",1,"m1gstlc1se00","6","FAAt703","BEA_API"
1931,60,"Commercial",1,"m1gstlc1se00","6","FAAt703","BEA_API"
1932,60,"Commercial",1,"m1gstlc1se00","6","FAAt703","BEA_API"
1933,60,"Commercial",1,"m1gstlc1se00","6","FAAt703","BEA_API"
1934,60,"Commercial",1,"m1gstlc1se00","6","FAAt703","BEA_API"
1935,60,"Commercial",2,"m1gstlc1se00","6","FAAt703","BEA_API"
1936,60,"Commercial",2,"m1gstlc1se00","6","FAAt703","BEA_API"
1937,60,"Commercial",2,"m1gstlc1se00","6","FAAt703","BEA_API"
1938,60,"Commercial",2,"m1gstlc1se00","6","FAAt703","BEA_API"
1939,60,"Commercial",3,"m1gstlc1se00","6","FAAt703","BEA_API"
1940,60,"Commercial",3,"m1gstlc1se00","6","FAAt703","BEA_API"
1941,60,"Commercial",3,"m1gstlc1se00","6","FAAt703","BEA_API"
1942,60,"Commercial",3,"m1gstlc1se00","6","FAAt703","BEA_API"
1943,60,"Commercial",4,"m1gstlc1se00","6","FAAt703","BEA_API"
1944,60,"Commercial",4,"m1gstlc1se00","6","FAAt703","BEA_API"
1945,60,"Commercial",4,"m1gstlc1se00","6","FAAt703","BEA_API"
1946,60,"Commercial",4,"m1gstlc1se00","6","FAAt703","BEA_API"
1947,60,"Commercial",6,"m1gstlc1se00","6","FAAt703","BEA_API"
1948,60,"Commercial",7,"m1gstlc1se00","6","FAAt703","BEA_API"
1949,60,"Commercial",7,"m1gstlc1se00","6","FAAt703","BEA_API"
1950,60,"Commercial",7,"m1gstlc1se00","6","FAAt703","BEA_API"
1951,60,"Commercial",8,"m1gstlc1se00","6","FAAt703","BEA_API"
1952,60,"Commercial",8,"m1gstlc1se00","6","FAAt703","BEA_API"
1953,60,"Commercial",8,"m1gstlc1se00","6","FAAt703","BEA_API"
1954,60,"Commercial",8,"m1gstlc1se00","6","FAAt703","BEA_API"
1955,60,"Commercial",9,"m1gstlc1se00","6","FAAt703","BEA_API"
1956,60,"Commercial",10,"m1gstlc1se00","6","FAAt703","BEA_API"
1957,60,"Commercial",11,"m1gstlc1se00","6","FAAt703","BEA_API"
1958,60,"Commercial",11,"m1gstlc1se00","6","FAAt703","BEA_API"
1959,60,"Commercial",12,"m1gstlc1se00","6","FAAt703","BEA_API"
1960,60,"Commercial",12,"m1gstlc1se00","6","FAAt703","BEA_API"
1961,60,"Commercial",13,"m1gstlc1se00","6","FAAt703","BEA_API"
1962,60,"Commercial",13,"m1gstlc1se00","6","FAAt703","BEA_API"
1963,60,"Commercial",13,"m1gstlc1se00","6","FAAt703","BEA_API"
1964,60,"Commercial",14,"m1gstlc1se00","6","FAAt703","BEA_API"
1965,60,"Commercial",15,"m1gstlc1se00","6","FAAt703","BEA_API"
1966,60,"Commercial",17,"m1gstlc1se00","6","FAAt703","BEA_API"
1967,60,"Commercial",18,"m1gstlc1se00","6","FAAt703","BEA_API"
1968,60,"Commercial",20,"m1gstlc1se00","6","FAAt703","BEA_API"
1969,60,"Commercial",22,"m1gstlc1se00","6","FAAt703","BEA_API"
1970,60,"Commercial",25,"m1gstlc1se00","6","FAAt703","BEA_API"
1971,60,"Commercial",27,"m1gstlc1se00","6","FAAt703","BEA_API"
1972,60,"Commercial",30,"m1gstlc1se00","6","FAAt703","BEA_API"
1973,60,"Commercial",34,"m1gstlc1se00","6","FAAt703","BEA_API"
1974,60,"Commercial",39,"m1gstlc1se00","6","FAAt703","BEA_API"
1975,60,"Commercial",45,"m1gstlc1se00","6","FAAt703","BEA_API"
1976,60,"Commercial",49,"m1gstlc1se00","6","FAAt703","BEA_API"
1977,60,"Commercial",54,"m1gstlc1se00","6","FAAt703","BEA_API"
1978,60,"Commercial",60,"m1gstlc1se00","6","FAAt703","BEA_API"
1979,60,"Commercial",68,"m1gstlc1se00","6","FAAt703","BEA_API"
1980,60,"Commercial",77,"m1gstlc1se00","6","FAAt703","BEA_API"
1981,60,"Commercial",86,"m1gstlc1se00","6","FAAt703","BEA_API"
1982,60,"Commercial",93,"m1gstlc1se00","6","FAAt703","BEA_API"
1983,60,"Commercial",97,"m1gstlc1se00","6","FAAt703","BEA_API"
1984,60,"Commercial",102,"m1gstlc1se00","6","FAAt703","BEA_API"
1985,60,"Commercial",108,"m1gstlc1se00","6","FAAt703","BEA_API"
1986,60,"Commercial",114,"m1gstlc1se00","6","FAAt703","BEA_API"
1987,60,"Commercial",121,"m1gstlc1se00","6","FAAt703","BEA_API"
1988,60,"Commercial",128,"m1gstlc1se00","6","FAAt703","BEA_API"
1989,60,"Commercial",136,"m1gstlc1se00","6","FAAt703","BEA_API"
1990,60,"Commercial",142,"m1gstlc1se00","6","FAAt703","BEA_API"
1991,60,"Commercial",147,"m1gstlc1se00","6","FAAt703","BEA_API"
1992,60,"Commercial",149,"m1gstlc1se00","6","FAAt703","BEA_API"
1993,60,"Commercial",155,"m1gstlc1se00","6","FAAt703","BEA_API"
1994,60,"Commercial",161,"m1gstlc1se00","6","FAAt703","BEA_API"
1995,60,"Commercial",168,"m1gstlc1se00","6","FAAt703","BEA_API"
1996,60,"Commercial",172,"m1gstlc1se00","6","FAAt703","BEA_API"
1997,60,"Commercial",178,"m1gstlc1se00","6","FAAt703","BEA_API"
1998,60,"Commercial",185,"m1gstlc1se00","6","FAAt703","BEA_API"
1999,60,"Commercial",194,"m1gstlc1se00","6","FAAt703","BEA_API"
2000,60,"Commercial",204,"m1gstlc1se00","6","FAAt703","BEA_API"
2001,60,"Commercial",215,"m1gstlc1se00","6","FAAt703","BEA_API"
2002,60,"Commercial",221,"m1gstlc1se00","6","FAAt703","BEA_API"
2003,60,"Commercial",230,"m1gstlc1se00","6","FAAt703","BEA_API"
2004,60,"Commercial",246,"m1gstlc1se00","6","FAAt703","BEA_API"
2005,60,"Commercial",269,"m1gstlc1se00","6","FAAt703","BEA_API"
2006,60,"Commercial",294,"m1gstlc1se00","6","FAAt703","BEA_API"
2007,60,"Commercial",310,"m1gstlc1se00","6","FAAt703","BEA_API"
2008,60,"Commercial",318,"m1gstlc1se00","6","FAAt703","BEA_API"
2009,60,"Commercial",311,"m1gstlc1se00","6","FAAt703","BEA_API"
2010,60,"Commercial",303,"m1gstlc1se00","6","FAAt703","BEA_API"
2011,60,"Commercial",309,"m1gstlc1se00","6","FAAt703","BEA_API"
2012,60,"Commercial",318,"m1gstlc1se00","6","FAAt703","BEA_API"
2013,60,"Commercial",334,"m1gstlc1se00","6","FAAt703","BEA_API"
2014,60,"Commercial",356,"m1gstlc1se00","6","FAAt703","BEA_API"
2015,60,"Commercial",370,"m1gstlc1se00","6","FAAt703","BEA_API"
2016,60,"Commercial",385,"m1gstlc1se00","6","FAAt703","BEA_API"
2017,60,"Commercial",402,"m1gstlc1se00","6","FAAt703","BEA_API"
2018,60,"Commercial",421,"m1gstlc1se00","6","FAAt703","BEA_API"
2019,60,"Commercial",437,"m1gstlc1se00","6","FAAt703","BEA_API"
2020,60,"Commercial",445,"m1gstlc1se00","6","FAAt703","BEA_API"
2021,60,"Commercial",456,"m1gstlc1se00","6","FAAt703","BEA_API"
2022,60,"Commercial",489,"m1gstlc1se00","6","FAAt703","BEA_API"
2023,60,"Commercial",507,"m1gstlc1se00","6","FAAt703","BEA_API"
2024,60,"Commercial",524,"m1gstlc1se00","6","FAAt703","BEA_API"
1925,61,"Health care",16,"m1gstlc1sf00","6","FAAt703","BEA_API"
1926,61,"Health care",17,"m1gstlc1sf00","6","FAAt703","BEA_API"
1927,61,"Health care",18,"m1gstlc1sf00","6","FAAt703","BEA_API"
1928,61,"Health care",19,"m1gstlc1sf00","6","FAAt703","BEA_API"
1929,61,"Health care",21,"m1gstlc1sf00","6","FAAt703","BEA_API"
1930,61,"Health care",21,"m1gstlc1sf00","6","FAAt703","BEA_API"
1931,61,"Health care",19,"m1gstlc1sf00","6","FAAt703","BEA_API"
1932,61,"Health care",17,"m1gstlc1sf00","6","FAAt703","BEA_API"
1933,61,"Health care",18,"m1gstlc1sf00","6","FAAt703","BEA_API"
1934,61,"Health care",21,"m1gstlc1sf00","6","FAAt703","BEA_API"
1935,61,"Health care",21,"m1gstlc1sf00","6","FAAt703","BEA_API"
1936,61,"Health care",23,"m1gstlc1sf00","6","FAAt703","BEA_API"
1937,61,"Health care",27,"m1gstlc1sf00","6","FAAt703","BEA_API"
1938,61,"Health care",29,"m1gstlc1sf00","6","FAAt703","BEA_API"
1939,61,"Health care",30,"m1gstlc1sf00","6","FAAt703","BEA_API"
1940,61,"Health care",33,"m1gstlc1sf00","6","FAAt703","BEA_API"
1941,61,"Health care",36,"m1gstlc1sf00","6","FAAt703","BEA_API"
1942,61,"Health care",37,"m1gstlc1sf00","6","FAAt703","BEA_API"
1943,61,"Health care",40,"m1gstlc1sf00","6","FAAt703","BEA_API"
1944,61,"Health care",41,"m1gstlc1sf00","6","FAAt703","BEA_API"
1945,61,"Health care",44,"m1gstlc1sf00","6","FAAt703","BEA_API"
1946,61,"Health care",52,"m1gstlc1sf00","6","FAAt703","BEA_API"
1947,61,"Health care",68,"m1gstlc1sf00","6","FAAt703","BEA_API"
1948,61,"Health care",76,"m1gstlc1sf00","6","FAAt703","BEA_API"
1949,61,"Health care",76,"m1gstlc1sf00","6","FAAt703","BEA_API"
1950,61,"Health care",80,"m1gstlc1sf00","6","FAAt703","BEA_API"
1951,61,"Health care",97,"m1gstlc1sf00","6","FAAt703","BEA_API"
1952,61,"Health care",105,"m1gstlc1sf00","6","FAAt703","BEA_API"
1953,61,"Health care",110,"m1gstlc1sf00","6","FAAt703","BEA_API"
1954,61,"Health care",110,"m1gstlc1sf00","6","FAAt703","BEA_API"
1955,61,"Health care",116,"m1gstlc1sf00","6","FAAt703","BEA_API"
1956,61,"Health care",128,"m1gstlc1sf00","6","FAAt703","BEA_API"
1957,61,"Health care",137,"m1gstlc1sf00","6","FAAt703","BEA_API"
1958,61,"Health care",136,"m1gstlc1sf00","6","FAAt703","BEA_API"
1959,61,"Health care",148,"m1gstlc1sf00","6","FAAt703","BEA_API"
1960,61,"Health care",154,"m1gstlc1sf00","6","FAAt703","BEA_API"
1961,61,"Health care",157,"m1gstlc1sf00","6","FAAt703","BEA_API"
1962,61,"Health care",162,"m1gstlc1sf00","6","FAAt703","BEA_API"
1963,61,"Health care",166,"m1gstlc1sf00","6","FAAt703","BEA_API"
1964,61,"Health care",172,"m1gstlc1sf00","6","FAAt703","BEA_API"
1965,61,"Health care",180,"m1gstlc1sf00","6","FAAt703","BEA_API"
1966,61,"Health care",190,"m1gstlc1sf00","6","FAAt703","BEA_API"
1967,61,"Health care",201,"m1gstlc1sf00","6","FAAt703","BEA_API"
1968,61,"Health care",217,"m1gstlc1sf00","6","FAAt703","BEA_API"
1969,61,"Health care",247,"m1gstlc1sf00","6","FAAt703","BEA_API"
1970,61,"Health care",275,"m1gstlc1sf00","6","FAAt703","BEA_API"
1971,61,"Health care",311,"m1gstlc1sf00","6","FAAt703","BEA_API"
1972,61,"Health care",346,"m1gstlc1sf00","6","FAAt703","BEA_API"
1973,61,"Health care",391,"m1gstlc1sf00","6","FAAt703","BEA_API"
1974,61,"Health care",452,"m1gstlc1sf00","6","FAAt703","BEA_API"
1975,61,"Health care",515,"m1gstlc1sf00","6","FAAt703","BEA_API"
1976,61,"Health care",553,"m1gstlc1sf00","6","FAAt703","BEA_API"
1977,61,"Health care",610,"m1gstlc1sf00","6","FAAt703","BEA_API"
1978,61,"Health care",687,"m1gstlc1sf00","6","FAAt703","BEA_API"
1979,61,"Health care",783,"m1gstlc1sf00","6","FAAt703","BEA_API"
1980,61,"Health care",888,"m1gstlc1sf00","6","FAAt703","BEA_API"
1981,61,"Health care",987,"m1gstlc1sf00","6","FAAt703","BEA_API"
1982,61,"Health care",1065,"m1gstlc1sf00","6","FAAt703","BEA_API"
1983,61,"Health care",1113,"m1gstlc1sf00","6","FAAt703","BEA_API"
1984,61,"Health care",1168,"m1gstlc1sf00","6","FAAt703","BEA_API"
1985,61,"Health care",1217,"m1gstlc1sf00","6","FAAt703","BEA_API"
1986,61,"Health care",1268,"m1gstlc1sf00","6","FAAt703","BEA_API"
1987,61,"Health care",1329,"m1gstlc1sf00","6","FAAt703","BEA_API"
1988,61,"Health care",1392,"m1gstlc1sf00","6","FAAt703","BEA_API"
1989,61,"Health care",1455,"m1gstlc1sf00","6","FAAt703","BEA_API"
1990,61,"Health care",1516,"m1gstlc1sf00","6","FAAt703","BEA_API"
1991,61,"Health care",1558,"m1gstlc1sf00","6","FAAt703","BEA_API"
1992,61,"Health care",1591,"m1gstlc1sf00","6","FAAt703","BEA_API"
1993,61,"Health care",1676,"m1gstlc1sf00","6","FAAt703","BEA_API"
1994,61,"Health care",1762,"m1gstlc1sf00","6","FAAt703","BEA_API"
1995,61,"Health care",1858,"m1gstlc1sf00","6","FAAt703","BEA_API"
1996,61,"Health care",1924,"m1gstlc1sf00","6","FAAt703","BEA_API"
1997,61,"Health care",2007,"m1gstlc1sf00","6","FAAt703","BEA_API"
1998,61,"Health care",2102,"m1gstlc1sf00","6","FAAt703","BEA_API"
1999,61,"Health care",2212,"m1gstlc1sf00","6","FAAt703","BEA_API"
2000,61,"Health care",2325,"m1gstlc1sf00","6","FAAt703","BEA_API"
2001,61,"Health care",2445,"m1gstlc1sf00","6","FAAt703","BEA_API"
2002,61,"Health care",2516,"m1gstlc1sf00","6","FAAt703","BEA_API"
2003,61,"Health care",2626,"m1gstlc1sf00","6","FAAt703","BEA_API"
2004,61,"Health care",2823,"m1gstlc1sf00","6","FAAt703","BEA_API"
2005,61,"Health care",3088,"m1gstlc1sf00","6","FAAt703","BEA_API"
2006,61,"Health care",3383,"m1gstlc1sf00","6","FAAt703","BEA_API"
2007,61,"Health care",3580,"m1gstlc1sf00","6","FAAt703","BEA_API"
2008,61,"Health care",3692,"m1gstlc1sf00","6","FAAt703","BEA_API"
2009,61,"Health care",3606,"m1gstlc1sf00","6","FAAt703","BEA_API"
2010,61,"Health care",3516,"m1gstlc1sf00","6","FAAt703","BEA_API"
2011,61,"Health care",3603,"m1gstlc1sf00","6","FAAt703","BEA_API"
2012,61,"Health care",3710,"m1gstlc1sf00","6","FAAt703","BEA_API"
2013,61,"Health care",3858,"m1gstlc1sf00","6","FAAt703","BEA_API"
2014,61,"Health care",4036,"m1gstlc1sf00","6","FAAt703","BEA_API"
2015,61,"Health care",4106,"m1gstlc1sf00","6","FAAt703","BEA_API"
2016,61,"Health care",4167,"m1gstlc1sf00","6","FAAt703","BEA_API"
2017,61,"Health care",4262,"m1gstlc1sf00","6","FAAt703","BEA_API"
2018,61,"Health care",4471,"m1gstlc1sf00","6","FAAt703","BEA_API"
2019,61,"Health care",4709,"m1gstlc1sf00","6","FAAt703","BEA_API"
2020,61,"Health care",4850,"m1gstlc1sf00","6","FAAt703","BEA_API"
2021,61,"Health care",5122,"m1gstlc1sf00","6","FAAt703","BEA_API"
2022,61,"Health care",6041,"m1gstlc1sf00","6","FAAt703","BEA_API"
2023,61,"Health care",6587,"m1gstlc1sf00","6","FAAt703","BEA_API"
2024,61,"Health care",6614,"m1gstlc1sf00","6","FAAt703","BEA_API"
1925,62,"Educational",103,"m1gstlc1sg00","6","FAAt703","BEA_API"
1926,62,"Educational",109,"m1gstlc1sg00","6","FAAt703","BEA_API"
1927,62,"Educational",113,"m1gstlc1sg00","6","FAAt703","BEA_API"
1928,62,"Educational",116,"m1gstlc1sg00","6","FAAt703","BEA_API"
1929,62,"Educational",120,"m1gstlc1sg00","6","FAAt703","BEA_API"
1930,62,"Educational",116,"m1gstlc1sg00","6","FAAt703","BEA_API"
1931,62,"Educational",104,"m1gstlc1sg00","6","FAAt703","BEA_API"
1932,62,"Educational",88,"m1gstlc1sg00","6","FAAt703","BEA_API"
1933,62,"Educational",87,"m1gstlc1sg00","6","FAAt703","BEA_API"
1934,62,"Educational",100,"m1gstlc1sg00","6","FAAt703","BEA_API"
1935,62,"Educational",99,"m1gstlc1sg00","6","FAAt703","BEA_API"
1936,62,"Educational",107,"m1gstlc1sg00","6","FAAt703","BEA_API"
1937,62,"Educational",128,"m1gstlc1sg00","6","FAAt703","BEA_API"
1938,62,"Educational",134,"m1gstlc1sg00","6","FAAt703","BEA_API"
1939,62,"Educational",137,"m1gstlc1sg00","6","FAAt703","BEA_API"
1940,62,"Educational",146,"m1gstlc1sg00","6","FAAt703","BEA_API"
1941,62,"Educational",160,"m1gstlc1sg00","6","FAAt703","BEA_API"
1942,62,"Educational",167,"m1gstlc1sg00","6","FAAt703","BEA_API"
1943,62,"Educational",177,"m1gstlc1sg00","6","FAAt703","BEA_API"
1944,62,"Educational",180,"m1gstlc1sg00","6","FAAt703","BEA_API"
1945,62,"Educational",188,"m1gstlc1sg00","6","FAAt703","BEA_API"
1946,62,"Educational",219,"m1gstlc1sg00","6","FAAt703","BEA_API"
1947,62,"Educational",282,"m1gstlc1sg00","6","FAAt703","BEA_API"
1948,62,"Educational",316,"m1gstlc1sg00","6","FAAt703","BEA_API"
1949,62,"Educational",316,"m1gstlc1sg00","6","FAAt703","BEA_API"
1950,62,"Educational",327,"m1gstlc1sg00","6","FAAt703","BEA_API"
1951,62,"Educational",391,"m1gstlc1sg00","6","FAAt703","BEA_API"
1952,62,"Educational",422,"m1gstlc1sg00","6","FAAt703","BEA_API"
1953,62,"Educational",447,"m1gstlc1sg00","6","FAAt703","BEA_API"
1954,62,"Educational",463,"m1gstlc1sg00","6","FAAt703","BEA_API"
1955,62,"Educational",504,"m1gstlc1sg00","6","FAAt703","BEA_API"
1956,62,"Educational",585,"m1gstlc1sg00","6","FAAt703","BEA_API"
1957,62,"Educational",648,"m1gstlc1sg00","6","FAAt703","BEA_API"
1958,62,"Educational",670,"m1gstlc1sg00","6","FAAt703","BEA_API"
1959,62,"Educational",746,"m1gstlc1sg00","6","FAAt703","BEA_API"
1960,62,"Educational",789,"m1gstlc1sg00","6","FAAt703","BEA_API"
1961,62,"Educational",829,"m1gstlc1sg00","6","FAAt703","BEA_API"
1962,62,"Educational",879,"m1gstlc1sg00","6","FAAt703","BEA_API"
1963,62,"Educational",927,"m1gstlc1sg00","6","FAAt703","BEA_API"
1964,62,"Educational",989,"m1gstlc1sg00","6","FAAt703","BEA_API"
1965,62,"Educational",1071,"m1gstlc1sg00","6","FAAt703","BEA_API"
1966,62,"Educational",1177,"m1gstlc1sg00","6","FAAt703","BEA_API"
1967,62,"Educational",1293,"m1gstlc1sg00","6","FAAt703","BEA_API"
1968,62,"Educational",1438,"m1gstlc1sg00","6","FAAt703","BEA_API"
1969,62,"Educational",1654,"m1gstlc1sg00","6","FAAt703","BEA_API"
1970,62,"Educational",1856,"m1gstlc1sg00","6","FAAt703","BEA_API"
1971,62,"Educational",2087,"m1gstlc1sg00","6","FAAt703","BEA_API"
1972,62,"Educational",2294,"m1gstlc1sg00","6","FAAt703","BEA_API"
1973,62,"Educational",2560,"m1gstlc1sg00","6","FAAt703","BEA_API"
1974,62,"Educational",2939,"m1gstlc1sg00","6","FAAt703","BEA_API"
1975,62,"Educational",3315,"m1gstlc1sg00","6","FAAt703","BEA_API"
1976,62,"Educational",3499,"m1gstlc1sg00","6","FAAt703","BEA_API"
1977,62,"Educational",3794,"m1gstlc1sg00","6","FAAt703","BEA_API"
1978,62,"Educational",4210,"m1gstlc1sg00","6","FAAt703","BEA_API"
1979,62,"Educational",4721,"m1gstlc1sg00","6","FAAt703","BEA_API"
1980,62,"Educational",5302,"m1gstlc1sg00","6","FAAt703","BEA_API"
1981,62,"Educational",5821,"m1gstlc1sg00","6","FAAt703","BEA_API"
1982,62,"Educational",6212,"m1gstlc1sg00","6","FAAt703","BEA_API"
1983,62,"Educational",6414,"m1gstlc1sg00","6","FAAt703","BEA_API"
1984,62,"Educational",6687,"m1gstlc1sg00","6","FAAt703","BEA_API"
1985,62,"Educational",6938,"m1gstlc1sg00","6","FAAt703","BEA_API"
1986,62,"Educational",7233,"m1gstlc1sg00","6","FAAt703","BEA_API"
1987,62,"Educational",7553,"m1gstlc1sg00","6","FAAt703","BEA_API"
1988,62,"Educational",7918,"m1gstlc1sg00","6","FAAt703","BEA_API"
1989,62,"Educational",8304,"m1gstlc1sg00","6","FAAt703","BEA_API"
1990,62,"Educational",8701,"m1gstlc1sg00","6","FAAt703","BEA_API"
1991,62,"Educational",8987,"m1gstlc1sg00","6","FAAt703","BEA_API"
1992,62,"Educational",9237,"m1gstlc1sg00","6","FAAt703","BEA_API"
1993,62,"Educational",9744,"m1gstlc1sg00","6","FAAt703","BEA_API"
1994,62,"Educational",10314,"m1gstlc1sg00","6","FAAt703","BEA_API"
1995,62,"Educational",10947,"m1gstlc1sg00","6","FAAt703","BEA_API"
1996,62,"Educational",11497,"m1gstlc1sg00","6","FAAt703","BEA_API"
1997,62,"Educational",12225,"m1gstlc1sg00","6","FAAt703","BEA_API"
1998,62,"Educational",13164,"m1gstlc1sg00","6","FAAt703","BEA_API"
1999,62,"Educational",14159,"m1gstlc1sg00","6","FAAt703","BEA_API"
2000,62,"Educational",15283,"m1gstlc1sg00","6","FAAt703","BEA_API"
2001,62,"Educational",16469,"m1gstlc1sg00","6","FAAt703","BEA_API"
2002,62,"Educational",17651,"m1gstlc1sg00","6","FAAt703","BEA_API"
2003,62,"Educational",18764,"m1gstlc1sg00","6","FAAt703","BEA_API"
2004,62,"Educational",20532,"m1gstlc1sg00","6","FAAt703","BEA_API"
2005,62,"Educational",22925,"m1gstlc1sg00","6","FAAt703","BEA_API"
2006,62,"Educational",25223,"m1gstlc1sg00","6","FAAt703","BEA_API"
2007,62,"Educational",28638,"m1gstlc1sg00","6","FAAt703","BEA_API"
2008,62,"Educational",30886,"m1gstlc1sg00","6","FAAt703","BEA_API"
2009,62,"Educational",33875,"m1gstlc1sg00","6","FAAt703","BEA_API"
2010,62,"Educational",34515,"m1gstlc1sg00","6","FAAt703","BEA_API"
2011,62,"Educational",36185,"m1gstlc1sg00","6","FAAt703","BEA_API"
2012,62,"Educational",37973,"m1gstlc1sg00","6","FAAt703","BEA_API"
2013,62,"Educational",39067,"m1gstlc1sg00","6","FAAt703","BEA_API"
2014,62,"Educational",40861,"m1gstlc1sg00","6","FAAt703","BEA_API"
2015,62,"Educational",42137,"m1gstlc1sg00","6","FAAt703","BEA_API"
2016,62,"Educational",43067,"m1gstlc1sg00","6","FAAt703","BEA_API"
2017,62,"Educational",44659,"m1gstlc1sg00","6","FAAt703","BEA_API"
2018,62,"Educational",47273,"m1gstlc1sg00","6","FAAt703","BEA_API"
2019,62,"Educational",50843,"m1gstlc1sg00","6","FAAt703","BEA_API"
2020,62,"Educational",52972,"m1gstlc1sg00","6","FAAt703","BEA_API"
2021,62,"Educational",55525,"m1gstlc1sg00","6","FAAt703","BEA_API"
2022,62,"Educational",65274,"m1gstlc1sg00","6","FAAt703","BEA_API"
2023,62,"Educational",70909,"m1gstlc1sg00","6","FAAt703","BEA_API"
2024,62,"Educational",72180,"m1gstlc1sg00","6","FAAt703","BEA_API"
1925,63,"Public safety",3,"m1gstlc1si00","6","FAAt703","BEA_API"
1926,63,"Public safety",3,"m1gstlc1si00","6","FAAt703","BEA_API"
1927,63,"Public safety",4,"m1gstlc1si00","6","FAAt703","BEA_API"
1928,63,"Public safety",4,"m1gstlc1si00","6","FAAt703","BEA_API"
1929,63,"Public safety",4,"m1gstlc1si00","6","FAAt703","BEA_API"
1930,63,"Public safety",4,"m1gstlc1si00","6","FAAt703","BEA_API"
1931,63,"Public safety",4,"m1gstlc1si00","6","FAAt703","BEA_API"
1932,63,"Public safety",4,"m1gstlc1si00","6","FAAt703","BEA_API"
1933,63,"Public safety",4,"m1gstlc1si00","6","FAAt703","BEA_API"
1934,63,"Public safety",4,"m1gstlc1si00","6","FAAt703","BEA_API"
1935,63,"Public safety",4,"m1gstlc1si00","6","FAAt703","BEA_API"
1936,63,"Public safety",5,"m1gstlc1si00","6","FAAt703","BEA_API"
1937,63,"Public safety",6,"m1gstlc1si00","6","FAAt703","BEA_API"
1938,63,"Public safety",7,"m1gstlc1si00","6","FAAt703","BEA_API"
1939,63,"Public safety",7,"m1gstlc1si00","6","FAAt703","BEA_API"
1940,63,"Public safety",8,"m1gstlc1si00","6","FAAt703","BEA_API"
1941,63,"Public safety",9,"m1gstlc1si00","6","FAAt703","BEA_API"
1942,63,"Public safety",10,"m1gstlc1si00","6","FAAt703","BEA_API"
1943,63,"Public safety",10,"m1gstlc1si00","6","FAAt703","BEA_API"
1944,63,"Public safety",10,"m1gstlc1si00","6","FAAt703","BEA_API"
1945,63,"Public safety",11,"m1gstlc1si00","6","FAAt703","BEA_API"
1946,63,"Public safety",13,"m1gstlc1si00","6","FAAt703","BEA_API"
1947,63,"Public safety",17,"m1gstlc1si00","6","FAAt703","BEA_API"
1948,63,"Public safety",19,"m1gstlc1si00","6","FAAt703","BEA_API"
1949,63,"Public safety",19,"m1gstlc1si00","6","FAAt703","BEA_API"
1950,63,"Public safety",19,"m1gstlc1si00","6","FAAt703","BEA_API"
1951,63,"Public safety",23,"m1gstlc1si00","6","FAAt703","BEA_API"
1952,63,"Public safety",24,"m1gstlc1si00","6","FAAt703","BEA_API"
1953,63,"Public safety",25,"m1gstlc1si00","6","FAAt703","BEA_API"
1954,63,"Public safety",25,"m1gstlc1si00","6","FAAt703","BEA_API"
1955,63,"Public safety",27,"m1gstlc1si00","6","FAAt703","BEA_API"
1956,63,"Public safety",31,"m1gstlc1si00","6","FAAt703","BEA_API"
1957,63,"Public safety",34,"m1gstlc1si00","6","FAAt703","BEA_API"
1958,63,"Public safety",35,"m1gstlc1si00","6","FAAt703","BEA_API"
1959,63,"Public safety",38,"m1gstlc1si00","6","FAAt703","BEA_API"
1960,63,"Public safety",40,"m1gstlc1si00","6","FAAt703","BEA_API"
1961,63,"Public safety",42,"m1gstlc1si00","6","FAAt703","BEA_API"
1962,63,"Public safety",44,"m1gstlc1si00","6","FAAt703","BEA_API"
1963,63,"Public safety",46,"m1gstlc1si00","6","FAAt703","BEA_API"
1964,63,"Public safety",49,"m1gstlc1si00","6","FAAt703","BEA_API"
1965,63,"Public safety",52,"m1gstlc1si00","6","FAAt703","BEA_API"
1966,63,"Public safety",57,"m1gstlc1si00","6","FAAt703","BEA_API"
1967,63,"Public safety",61,"m1gstlc1si00","6","FAAt703","BEA_API"
1968,63,"Public safety",67,"m1gstlc1si00","6","FAAt703","BEA_API"
1969,63,"Public safety",76,"m1gstlc1si00","6","FAAt703","BEA_API"
1970,63,"Public safety",86,"m1gstlc1si00","6","FAAt703","BEA_API"
1971,63,"Public safety",98,"m1gstlc1si00","6","FAAt703","BEA_API"
1972,63,"Public safety",110,"m1gstlc1si00","6","FAAt703","BEA_API"
1973,63,"Public safety",124,"m1gstlc1si00","6","FAAt703","BEA_API"
1974,63,"Public safety",145,"m1gstlc1si00","6","FAAt703","BEA_API"
1975,63,"Public safety",166,"m1gstlc1si00","6","FAAt703","BEA_API"
1976,63,"Public safety",181,"m1gstlc1si00","6","FAAt703","BEA_API"
1977,63,"Public safety",205,"m1gstlc1si00","6","FAAt703","BEA_API"
1978,63,"Public safety",236,"m1gstlc1si00","6","FAAt703","BEA_API"
1979,63,"Public safety",276,"m1gstlc1si00","6","FAAt703","BEA_API"
1980,63,"Public safety",321,"m1gstlc1si00","6","FAAt703","BEA_API"
1981,63,"Public safety",368,"m1gstlc1si00","6","FAAt703","BEA_API"
1982,63,"Public safety",410,"m1gstlc1si00","6","FAAt703","BEA_API"
1983,63,"Public safety",442,"m1gstlc1si00","6","FAAt703","BEA_API"
1984,63,"Public safety",482,"m1gstlc1si00","6","FAAt703","BEA_API"
1985,63,"Public safety",526,"m1gstlc1si00","6","FAAt703","BEA_API"
1986,63,"Public safety",580,"m1gstlc1si00","6","FAAt703","BEA_API"
1987,63,"Public safety",644,"m1gstlc1si00","6","FAAt703","BEA_API"
1988,63,"Public safety",717,"m1gstlc1si00","6","FAAt703","BEA_API"
1989,63,"Public safety",799,"m1gstlc1si00","6","FAAt703","BEA_API"
1990,63,"Public safety",889,"m1gstlc1si00","6","FAAt703","BEA_API"
1991,63,"Public safety",968,"m1gstlc1si00","6","FAAt703","BEA_API"
1992,63,"Public safety",1032,"m1gstlc1si00","6","FAAt703","BEA_API"
1993,63,"Public safety",1118,"m1gstlc1si00","6","FAAt703","BEA_API"
1994,63,"Public safety",1207,"m1gstlc1si00","6","FAAt703","BEA_API"
1995,63,"Public safety",1302,"m1gstlc1si00","6","FAAt703","BEA_API"
1996,63,"Public safety",1381,"m1gstlc1si00","6","FAAt703","BEA_API"
1997,63,"Public safety",1468,"m1gstlc1si00","6","FAAt703","BEA_API"
1998,63,"Public safety",1573,"m1gstlc1si00","6","FAAt703","BEA_API"
1999,63,"Public safety",1693,"m1gstlc1si00","6","FAAt703","BEA_API"
2000,63,"Public safety",1822,"m1gstlc1si00","6","FAAt703","BEA_API"
2001,63,"Public safety",1953,"m1gstlc1si00","6","FAAt703","BEA_API"
2002,63,"Public safety",2039,"m1gstlc1si00","6","FAAt703","BEA_API"
2003,63,"Public safety",2144,"m1gstlc1si00","6","FAAt703","BEA_API"
2004,63,"Public safety",2311,"m1gstlc1si00","6","FAAt703","BEA_API"
2005,63,"Public safety",2533,"m1gstlc1si00","6","FAAt703","BEA_API"
2006,63,"Public safety",2774,"m1gstlc1si00","6","FAAt703","BEA_API"
2007,63,"Public safety",2933,"m1gstlc1si00","6","FAAt703","BEA_API"
2008,63,"Public safety",3022,"m1gstlc1si00","6","FAAt703","BEA_API"
2009,63,"Public safety",2947,"m1gstlc1si00","6","FAAt703","BEA_API"
2010,63,"Public safety",2868,"m1gstlc1si00","6","FAAt703","BEA_API"
2011,63,"Public safety",2930,"m1gstlc1si00","6","FAAt703","BEA_API"
2012,63,"Public safety",3005,"m1gstlc1si00","6","FAAt703","BEA_API"
2013,63,"Public safety",3170,"m1gstlc1si00","6","FAAt703","BEA_API"
2014,63,"Public safety",3369,"m1gstlc1si00","6","FAAt703","BEA_API"
2015,63,"Public safety",3502,"m1gstlc1si00","6","FAAt703","BEA_API"
2016,63,"Public safety",3666,"m1gstlc1si00","6","FAAt703","BEA_API"
2017,63,"Public safety",3840,"m1gstlc1si00","6","FAAt703","BEA_API"
2018,63,"Public safety",4026,"m1gstlc1si00","6","FAAt703","BEA_API"
2019,63,"Public safety",4210,"m1gstlc1si00","6","FAAt703","BEA_API"
2020,63,"Public safety",4313,"m1gstlc1si00","6","FAAt703","BEA_API"
2021,63,"Public safety",4467,"m1gstlc1si00","6","FAAt703","BEA_API"
2022,63,"Public safety",4797,"m1gstlc1si00","6","FAAt703","BEA_API"
2023,63,"Public safety",5037,"m1gstlc1si00","6","FAAt703","BEA_API"
2024,63,"Public safety",5269,"m1gstlc1si00","6","FAAt703","BEA_API"
1925,64,"Amusement and recreation",5,"m1gstlc1sk00","6","FAAt703","BEA_API"
1926,64,"Amusement and recreation",6,"m1gstlc1sk00","6","FAAt703","BEA_API"
1927,64,"Amusement and recreation",6,"m1gstlc1sk00","6","FAAt703","BEA_API"
1928,64,"Amusement and recreation",7,"m1gstlc1sk00","6","FAAt703","BEA_API"
1929,64,"Amusement and recreation",7,"m1gstlc1sk00","6","FAAt703","BEA_API"
1930,64,"Amusement and recreation",7,"m1gstlc1sk00","6","FAAt703","BEA_API"
1931,64,"Amusement and recreation",7,"m1gstlc1sk00","6","FAAt703","BEA_API"
1932,64,"Amusement and recreation",6,"m1gstlc1sk00","6","FAAt703","BEA_API"
1933,64,"Amusement and recreation",6,"m1gstlc1sk00","6","FAAt703","BEA_API"
1934,64,"Amusement and recreation",8,"m1gstlc1sk00","6","FAAt703","BEA_API"
1935,64,"Amusement and recreation",8,"m1gstlc1sk00","6","FAAt703","BEA_API"
1936,64,"Amusement and recreation",9,"m1gstlc1sk00","6","FAAt703","BEA_API"
1937,64,"Amusement and recreation",11,"m1gstlc1sk00","6","FAAt703","BEA_API"
1938,64,"Amusement and recreation",12,"m1gstlc1sk00","6","FAAt703","BEA_API"
1939,64,"Amusement and recreation",13,"m1gstlc1sk00","6","FAAt703","BEA_API"
1940,64,"Amusement and recreation",15,"m1gstlc1sk00","6","FAAt703","BEA_API"
1941,64,"Amusement and recreation",17,"m1gstlc1sk00","6","FAAt703","BEA_API"
1942,64,"Amusement and recreation",18,"m1gstlc1sk00","6","FAAt703","BEA_API"
1943,64,"Amusement and recreation",19,"m1gstlc1sk00","6","FAAt703","BEA_API"
1944,64,"Amusement and recreation",19,"m1gstlc1sk00","6","FAAt703","BEA_API"
1945,64,"Amusement and recreation",20,"m1gstlc1sk00","6","FAAt703","BEA_API"
1946,64,"Amusement and recreation",23,"m1gstlc1sk00","6","FAAt703","BEA_API"
1947,64,"Amusement and recreation",30,"m1gstlc1sk00","6","FAAt703","BEA_API"
1948,64,"Amusement and recreation",35,"m1gstlc1sk00","6","FAAt703","BEA_API"
1949,64,"Amusement and recreation",34,"m1gstlc1sk00","6","FAAt703","BEA_API"
1950,64,"Amusement and recreation",35,"m1gstlc1sk00","6","FAAt703","BEA_API"
1951,64,"Amusement and recreation",41,"m1gstlc1sk00","6","FAAt703","BEA_API"
1952,64,"Amusement and recreation",42,"m1gstlc1sk00","6","FAAt703","BEA_API"
1953,64,"Amusement and recreation",43,"m1gstlc1sk00","6","FAAt703","BEA_API"
1954,64,"Amusement and recreation",43,"m1gstlc1sk00","6","FAAt703","BEA_API"
1955,64,"Amusement and recreation",45,"m1gstlc1sk00","6","FAAt703","BEA_API"
1956,64,"Amusement and recreation",51,"m1gstlc1sk00","6","FAAt703","BEA_API"
1957,64,"Amusement and recreation",55,"m1gstlc1sk00","6","FAAt703","BEA_API"
1958,64,"Amusement and recreation",56,"m1gstlc1sk00","6","FAAt703","BEA_API"
1959,64,"Amusement and recreation",61,"m1gstlc1sk00","6","FAAt703","BEA_API"
1960,64,"Amusement and recreation",64,"m1gstlc1sk00","6","FAAt703","BEA_API"
1961,64,"Amusement and recreation",66,"m1gstlc1sk00","6","FAAt703","BEA_API"
1962,64,"Amusement and recreation",69,"m1gstlc1sk00","6","FAAt703","BEA_API"
1963,64,"Amusement and recreation",72,"m1gstlc1sk00","6","FAAt703","BEA_API"
1964,64,"Amusement and recreation",76,"m1gstlc1sk00","6","FAAt703","BEA_API"
1965,64,"Amusement and recreation",81,"m1gstlc1sk00","6","FAAt703","BEA_API"
1966,64,"Amusement and recreation",87,"m1gstlc1sk00","6","FAAt703","BEA_API"
1967,64,"Amusement and recreation",93,"m1gstlc1sk00","6","FAAt703","BEA_API"
1968,64,"Amusement and recreation",102,"m1gstlc1sk00","6","FAAt703","BEA_API"
1969,64,"Amusement and recreation",117,"m1gstlc1sk00","6","FAAt703","BEA_API"
1970,64,"Amusement and recreation",133,"m1gstlc1sk00","6","FAAt703","BEA_API"
1971,64,"Amusement and recreation",151,"m1gstlc1sk00","6","FAAt703","BEA_API"
1972,64,"Amusement and recreation",169,"m1gstlc1sk00","6","FAAt703","BEA_API"
1973,64,"Amusement and recreation",190,"m1gstlc1sk00","6","FAAt703","BEA_API"
1974,64,"Amusement and recreation",224,"m1gstlc1sk00","6","FAAt703","BEA_API"
1975,64,"Amusement and recreation",258,"m1gstlc1sk00","6","FAAt703","BEA_API"
1976,64,"Amusement and recreation",283,"m1gstlc1sk00","6","FAAt703","BEA_API"
1977,64,"Amusement and recreation",318,"m1gstlc1sk00","6","FAAt703","BEA_API"
1978,64,"Amusement and recreation",364,"m1gstlc1sk00","6","FAAt703","BEA_API"
1979,64,"Amusement and recreation",421,"m1gstlc1sk00","6","FAAt703","BEA_API"
1980,64,"Amusement and recreation",485,"m1gstlc1sk00","6","FAAt703","BEA_API"
1981,64,"Amusement and recreation",546,"m1gstlc1sk00","6","FAAt703","BEA_API"
1982,64,"Amusement and recreation",599,"m1gstlc1sk00","6","FAAt703","BEA_API"
1983,64,"Amusement and recreation",633,"m1gstlc1sk00","6","FAAt703","BEA_API"
1984,64,"Amusement and recreation",674,"m1gstlc1sk00","6","FAAt703","BEA_API"
1985,64,"Amusement and recreation",714,"m1gstlc1sk00","6","FAAt703","BEA_API"
1986,64,"Amusement and recreation",759,"m1gstlc1sk00","6","FAAt703","BEA_API"
1987,64,"Amusement and recreation",811,"m1gstlc1sk00","6","FAAt703","BEA_API"
1988,64,"Amusement and recreation",869,"m1gstlc1sk00","6","FAAt703","BEA_API"
1989,64,"Amusement and recreation",928,"m1gstlc1sk00","6","FAAt703","BEA_API"
1990,64,"Amusement and recreation",993,"m1gstlc1sk00","6","FAAt703","BEA_API"
1991,64,"Amusement and recreation",1044,"m1gstlc1sk00","6","FAAt703","BEA_API"
1992,64,"Amusement and recreation",1083,"m1gstlc1sk00","6","FAAt703","BEA_API"
1993,64,"Amusement and recreation",1153,"m1gstlc1sk00","6","FAAt703","BEA_API"
1994,64,"Amusement and recreation",1226,"m1gstlc1sk00","6","FAAt703","BEA_API"
1995,64,"Amusement and recreation",1309,"m1gstlc1sk00","6","FAAt703","BEA_API"
1996,64,"Amusement and recreation",1383,"m1gstlc1sk00","6","FAAt703","BEA_API"
1997,64,"Amusement and recreation",1482,"m1gstlc1sk00","6","FAAt703","BEA_API"
1998,64,"Amusement and recreation",1594,"m1gstlc1sk00","6","FAAt703","BEA_API"
1999,64,"Amusement and recreation",1725,"m1gstlc1sk00","6","FAAt703","BEA_API"
2000,64,"Amusement and recreation",1873,"m1gstlc1sk00","6","FAAt703","BEA_API"
2001,64,"Amusement and recreation",2040,"m1gstlc1sk00","6","FAAt703","BEA_API"
2002,64,"Amusement and recreation",2169,"m1gstlc1sk00","6","FAAt703","BEA_API"
2003,64,"Amusement and recreation",2319,"m1gstlc1sk00","6","FAAt703","BEA_API"
2004,64,"Amusement and recreation",2537,"m1gstlc1sk00","6","FAAt703","BEA_API"
2005,64,"Amusement and recreation",2821,"m1gstlc1sk00","6","FAAt703","BEA_API"
2006,64,"Amusement and recreation",3133,"m1gstlc1sk00","6","FAAt703","BEA_API"
2007,64,"Amusement and recreation",3356,"m1gstlc1sk00","6","FAAt703","BEA_API"
2008,64,"Amusement and recreation",3501,"m1gstlc1sk00","6","FAAt703","BEA_API"
2009,64,"Amusement and recreation",3454,"m1gstlc1sk00","6","FAAt703","BEA_API"
2010,64,"Amusement and recreation",3396,"m1gstlc1sk00","6","FAAt703","BEA_API"
2011,64,"Amusement and recreation",3492,"m1gstlc1sk00","6","FAAt703","BEA_API"
2012,64,"Amusement and recreation",3597,"m1gstlc1sk00","6","FAAt703","BEA_API"
2013,64,"Amusement and recreation",3811,"m1gstlc1sk00","6","FAAt703","BEA_API"
2014,64,"Amusement and recreation",4070,"m1gstlc1sk00","6","FAAt703","BEA_API"
2015,64,"Amusement and recreation",4260,"m1gstlc1sk00","6","FAAt703","BEA_API"
2016,64,"Amusement and recreation",4510,"m1gstlc1sk00","6","FAAt703","BEA_API"
2017,64,"Amusement and recreation",4782,"m1gstlc1sk00","6","FAAt703","BEA_API"
2018,64,"Amusement and recreation",5082,"m1gstlc1sk00","6","FAAt703","BEA_API"
2019,64,"Amusement and recreation",5379,"m1gstlc1sk00","6","FAAt703","BEA_API"
2020,64,"Amusement and recreation",5574,"m1gstlc1sk00","6","FAAt703","BEA_API"
2021,64,"Amusement and recreation",5814,"m1gstlc1sk00","6","FAAt703","BEA_API"
2022,64,"Amusement and recreation",6284,"m1gstlc1sk00","6","FAAt703","BEA_API"
2023,64,"Amusement and recreation",6644,"m1gstlc1sk00","6","FAAt703","BEA_API"
2024,64,"Amusement and recreation",7010,"m1gstlc1sk00","6","FAAt703","BEA_API"
1925,65,"Transportation",10,"m1gstlc1sn00","6","FAAt703","BEA_API"
1926,65,"Transportation",10,"m1gstlc1sn00","6","FAAt703","BEA_API"
1927,65,"Transportation",11,"m1gstlc1sn00","6","FAAt703","BEA_API"
1928,65,"Transportation",12,"m1gstlc1sn00","6","FAAt703","BEA_API"
1929,65,"Transportation",14,"m1gstlc1sn00","6","FAAt703","BEA_API"
1930,65,"Transportation",14,"m1gstlc1sn00","6","FAAt703","BEA_API"
1931,65,"Transportation",15,"m1gstlc1sn00","6","FAAt703","BEA_API"
1932,65,"Transportation",14,"m1gstlc1sn00","6","FAAt703","BEA_API"
1933,65,"Transportation",16,"m1gstlc1sn00","6","FAAt703","BEA_API"
1934,65,"Transportation",24,"m1gstlc1sn00","6","FAAt703","BEA_API"
1935,65,"Transportation",20,"m1gstlc1sn00","6","FAAt703","BEA_API"
1936,65,"Transportation",23,"m1gstlc1sn00","6","FAAt703","BEA_API"
1937,65,"Transportation",27,"m1gstlc1sn00","6","FAAt703","BEA_API"
1938,65,"Transportation",28,"m1gstlc1sn00","6","FAAt703","BEA_API"
1939,65,"Transportation",29,"m1gstlc1sn00","6","FAAt703","BEA_API"
1940,65,"Transportation",30,"m1gstlc1sn00","6","FAAt703","BEA_API"
1941,65,"Transportation",33,"m1gstlc1sn00","6","FAAt703","BEA_API"
1942,65,"Transportation",35,"m1gstlc1sn00","6","FAAt703","BEA_API"
1943,65,"Transportation",31,"m1gstlc1sn00","6","FAAt703","BEA_API"
1944,65,"Transportation",29,"m1gstlc1sn00","6","FAAt703","BEA_API"
1945,65,"Transportation",31,"m1gstlc1sn00","6","FAAt703","BEA_API"
1946,65,"Transportation",36,"m1gstlc1sn00","6","FAAt703","BEA_API"
1947,65,"Transportation",41,"m1gstlc1sn00","6","FAAt703","BEA_API"
1948,65,"Transportation",47,"m1gstlc1sn00","6","FAAt703","BEA_API"
1949,65,"Transportation",48,"m1gstlc1sn00","6","FAAt703","BEA_API"
1950,65,"Transportation",46,"m1gstlc1sn00","6","FAAt703","BEA_API"
1951,65,"Transportation",55,"m1gstlc1sn00","6","FAAt703","BEA_API"
1952,65,"Transportation",58,"m1gstlc1sn00","6","FAAt703","BEA_API"
1953,65,"Transportation",59,"m1gstlc1sn00","6","FAAt703","BEA_API"
1954,65,"Transportation",59,"m1gstlc1sn00","6","FAAt703","BEA_API"
1955,65,"Transportation",60,"m1gstlc1sn00","6","FAAt703","BEA_API"
1956,65,"Transportation",70,"m1gstlc1sn00","6","FAAt703","BEA_API"
1957,65,"Transportation",78,"m1gstlc1sn00","6","FAAt703","BEA_API"
1958,65,"Transportation",81,"m1gstlc1sn00","6","FAAt703","BEA_API"
1959,65,"Transportation",84,"m1gstlc1sn00","6","FAAt703","BEA_API"
1960,65,"Transportation",88,"m1gstlc1sn00","6","FAAt703","BEA_API"
1961,65,"Transportation",92,"m1gstlc1sn00","6","FAAt703","BEA_API"
1962,65,"Transportation",100,"m1gstlc1sn00","6","FAAt703","BEA_API"
1963,65,"Transportation",111,"m1gstlc1sn00","6","FAAt703","BEA_API"
1964,65,"Transportation",122,"m1gstlc1sn00","6","FAAt703","BEA_API"
1965,65,"Transportation",134,"m1gstlc1sn00","6","FAAt703","BEA_API"
1966,65,"Transportation",155,"m1gstlc1sn00","6","FAAt703","BEA_API"
1967,65,"Transportation",178,"m1gstlc1sn00","6","FAAt703","BEA_API"
1968,65,"Transportation",205,"m1gstlc1sn00","6","FAAt703","BEA_API"
1969,65,"Transportation",245,"m1gstlc1sn00","6","FAAt703","BEA_API"
1970,65,"Transportation",303,"m1gstlc1sn00","6","FAAt703","BEA_API"
1971,65,"Transportation",340,"m1gstlc1sn00","6","FAAt703","BEA_API"
1972,65,"Transportation",363,"m1gstlc1sn00","6","FAAt703","BEA_API"
1973,65,"Transportation",409,"m1gstlc1sn00","6","FAAt703","BEA_API"
1974,65,"Transportation",570,"m1gstlc1sn00","6","FAAt703","BEA_API"
1975,65,"Transportation",645,"m1gstlc1sn00","6","FAAt703","BEA_API"
1976,65,"Transportation",625,"m1gstlc1sn00","6","FAAt703","BEA_API"
1977,65,"Transportation",642,"m1gstlc1sn00","6","FAAt703","BEA_API"
1978,65,"Transportation",656,"m1gstlc1sn00","6","FAAt703","BEA_API"
1979,65,"Transportation",745,"m1gstlc1sn00","6","FAAt703","BEA_API"
1980,65,"Transportation",915,"m1gstlc1sn00","6","FAAt703","BEA_API"
1981,65,"Transportation",1136,"m1gstlc1sn00","6","FAAt703","BEA_API"
1982,65,"Transportation",1291,"m1gstlc1sn00","6","FAAt703","BEA_API"
1983,65,"Transportation",1307,"m1gstlc1sn00","6","FAAt703","BEA_API"
1984,65,"Transportation",1296,"m1gstlc1sn00","6","FAAt703","BEA_API"
1985,65,"Transportation",1342,"m1gstlc1sn00","6","FAAt703","BEA_API"
1986,65,"Transportation",1440,"m1gstlc1sn00","6","FAAt703","BEA_API"
1987,65,"Transportation",1582,"m1gstlc1sn00","6","FAAt703","BEA_API"
1988,65,"Transportation",1713,"m1gstlc1sn00","6","FAAt703","BEA_API"
1989,65,"Transportation",1864,"m1gstlc1sn00","6","FAAt703","BEA_API"
1990,65,"Transportation",2103,"m1gstlc1sn00","6","FAAt703","BEA_API"
1991,65,"Transportation",2316,"m1gstlc1sn00","6","FAAt703","BEA_API"
1992,65,"Transportation",2413,"m1gstlc1sn00","6","FAAt703","BEA_API"
1993,65,"Transportation",2506,"m1gstlc1sn00","6","FAAt703","BEA_API"
1994,65,"Transportation",2582,"m1gstlc1sn00","6","FAAt703","BEA_API"
1995,65,"Transportation",2845,"m1gstlc1sn00","6","FAAt703","BEA_API"
1996,65,"Transportation",3141,"m1gstlc1sn00","6","FAAt703","BEA_API"
1997,65,"Transportation",3451,"m1gstlc1sn00","6","FAAt703","BEA_API"
1998,65,"Transportation",3736,"m1gstlc1sn00","6","FAAt703","BEA_API"
1999,65,"Transportation",4001,"m1gstlc1sn00","6","FAAt703","BEA_API"
2000,65,"Transportation",4358,"m1gstlc1sn00","6","FAAt703","BEA_API"
2001,65,"Transportation",4588,"m1gstlc1sn00","6","FAAt703","BEA_API"
2002,65,"Transportation",5033,"m1gstlc1sn00","6","FAAt703","BEA_API"
2003,65,"Transportation",5419,"m1gstlc1sn00","6","FAAt703","BEA_API"
2004,65,"Transportation",6054,"m1gstlc1sn00","6","FAAt703","BEA_API"
2005,65,"Transportation",6835,"m1gstlc1sn00","6","FAAt703","BEA_API"
2006,65,"Transportation",7652,"m1gstlc1sn00","6","FAAt703","BEA_API"
2007,65,"Transportation",8745,"m1gstlc1sn00","6","FAAt703","BEA_API"
2008,65,"Transportation",9589,"m1gstlc1sn00","6","FAAt703","BEA_API"
2009,65,"Transportation",9936,"m1gstlc1sn00","6","FAAt703","BEA_API"
2010,65,"Transportation",10285,"m1gstlc1sn00","6","FAAt703","BEA_API"
2011,65,"Transportation",10996,"m1gstlc1sn00","6","FAAt703","BEA_API"
2012,65,"Transportation",11780,"m1gstlc1sn00","6","FAAt703","BEA_API"
2013,65,"Transportation",12302,"m1gstlc1sn00","6","FAAt703","BEA_API"
2014,65,"Transportation",12733,"m1gstlc1sn00","6","FAAt703","BEA_API"
2015,65,"Transportation",13036,"m1gstlc1sn00","6","FAAt703","BEA_API"
2016,65,"Transportation",13377,"m1gstlc1sn00","6","FAAt703","BEA_API"
2017,65,"Transportation",14078,"m1gstlc1sn00","6","FAAt703","BEA_API"
2018,65,"Transportation",15062,"m1gstlc1sn00","6","FAAt703","BEA_API"
2019,65,"Transportation",15765,"m1gstlc1sn00","6","FAAt703","BEA_API"
2020,65,"Transportation",16091,"m1gstlc1sn00","6","FAAt703","BEA_API"
2021,65,"Transportation",18038,"m1gstlc1sn00","6","FAAt703","BEA_API"
2022,65,"Transportation",20120,"m1gstlc1sn00","6","FAAt703","BEA_API"
2023,65,"Transportation",20878,"m1gstlc1sn00","6","FAAt703","BEA_API"
2024,65,"Transportation",21745,"m1gstlc1sn00","6","FAAt703","BEA_API"
1925,66,"Power",18,"m1gstlc1sp00","6","FAAt703","BEA_API"
1926,66,"Power",18,"m1gstlc1sp00","6","FAAt703","BEA_API"
1927,66,"Power",19,"m1gstlc1sp00","6","FAAt703","BEA_API"
1928,66,"Power",22,"m1gstlc1sp00","6","FAAt703","BEA_API"
1929,66,"Power",24,"m1gstlc1sp00","6","FAAt703","BEA_API"
1930,66,"Power",25,"m1gstlc1sp00","6","FAAt703","BEA_API"
1931,66,"Power",26,"m1gstlc1sp00","6","FAAt703","BEA_API"
1932,66,"Power",25,"m1gstlc1sp00","6","FAAt703","BEA_API"
1933,66,"Power",28,"m1gstlc1sp00","6","FAAt703","BEA_API"
1934,66,"Power",42,"m1gstlc1sp00","6","FAAt703","BEA_API"
1935,66,"Power",35,"m1gstlc1sp00","6","FAAt703","BEA_API"
1936,66,"Power",41,"m1gstlc1sp00","6","FAAt703","BEA_API"
1937,66,"Power",48,"m1gstlc1sp00","6","FAAt703","BEA_API"
1938,66,"Power",50,"m1gstlc1sp00","6","FAAt703","BEA_API"
1939,66,"Power",51,"m1gstlc1sp00","6","FAAt703","BEA_API"
1940,66,"Power",52,"m1gstlc1sp00","6","FAAt703","BEA_API"
1941,66,"Power",58,"m1gstlc1sp00","6","FAAt703","BEA_API"
1942,66,"Power",62,"m1gstlc1sp00","6","FAAt703","BEA_API"
1943,66,"Power",55,"m1gstlc1sp00","6","FAAt703","BEA_API"
1944,66,"Power",52,"m1gstlc1sp00","6","FAAt703","BEA_API"
1945,66,"Power",55,"m1gstlc1sp00","6","FAAt703","BEA_API"
1946,66,"Power",64,"m1gstlc1sp00","6","FAAt703","BEA_API"
1947,66,"Power",74,"m1gstlc1sp00","6","FAAt703","BEA_API"
1948,66,"Power",84,"m1gstlc1sp00","6","FAAt703","BEA_API"
1949,66,"Power",85,"m1gstlc1sp00","6","FAAt703","BEA_API"
1950,66,"Power",79,"m1gstlc1sp00","6","FAAt703","BEA_API"
1951,66,"Power",92,"m1gstlc1sp00","6","FAAt703","BEA_API"
1952,66,"Power",97,"m1gstlc1sp00","6","FAAt703","BEA_API"
1953,66,"Power",97,"m1gstlc1sp00","6","FAAt703","BEA_API"
1954,66,"Power",95,"m1gstlc1sp00","6","FAAt703","BEA_API"
1955,66,"Power",95,"m1gstlc1sp00","6","FAAt703","BEA_API"
1956,66,"Power",108,"m1gstlc1sp00","6","FAAt703","BEA_API"
1957,66,"Power",118,"m1gstlc1sp00","6","FAAt703","BEA_API"
1958,66,"Power",121,"m1gstlc1sp00","6","FAAt703","BEA_API"
1959,66,"Power",128,"m1gstlc1sp00","6","FAAt703","BEA_API"
1960,66,"Power",135,"m1gstlc1sp00","6","FAAt703","BEA_API"
1961,66,"Power",140,"m1gstlc1sp00","6","FAAt703","BEA_API"
1962,66,"Power",149,"m1gstlc1sp00","6","FAAt703","BEA_API"
1963,66,"Power",157,"m1gstlc1sp00","6","FAAt703","BEA_API"
1964,66,"Power",171,"m1gstlc1sp00","6","FAAt703","BEA_API"
1965,66,"Power",187,"m1gstlc1sp00","6","FAAt703","BEA_API"
1966,66,"Power",203,"m1gstlc1sp00","6","FAAt703","BEA_API"
1967,66,"Power",222,"m1gstlc1sp00","6","FAAt703","BEA_API"
1968,66,"Power",240,"m1gstlc1sp00","6","FAAt703","BEA_API"
1969,66,"Power",268,"m1gstlc1sp00","6","FAAt703","BEA_API"
1970,66,"Power",302,"m1gstlc1sp00","6","FAAt703","BEA_API"
1971,66,"Power",338,"m1gstlc1sp00","6","FAAt703","BEA_API"
1972,66,"Power",370,"m1gstlc1sp00","6","FAAt703","BEA_API"
1973,66,"Power",411,"m1gstlc1sp00","6","FAAt703","BEA_API"
1974,66,"Power",507,"m1gstlc1sp00","6","FAAt703","BEA_API"
1975,66,"Power",617,"m1gstlc1sp00","6","FAAt703","BEA_API"
1976,66,"Power",675,"m1gstlc1sp00","6","FAAt703","BEA_API"
1977,66,"Power",734,"m1gstlc1sp00","6","FAAt703","BEA_API"
1978,66,"Power",817,"m1gstlc1sp00","6","FAAt703","BEA_API"
1979,66,"Power",961,"m1gstlc1sp00","6","FAAt703","BEA_API"
1980,66,"Power",1112,"m1gstlc1sp00","6","FAAt703","BEA_API"
1981,66,"Power",1275,"m1gstlc1sp00","6","FAAt703","BEA_API"
1982,66,"Power",1410,"m1gstlc1sp00","6","FAAt703","BEA_API"
1983,66,"Power",1517,"m1gstlc1sp00","6","FAAt703","BEA_API"
1984,66,"Power",1609,"m1gstlc1sp00","6","FAAt703","BEA_API"
1985,66,"Power",1687,"m1gstlc1sp00","6","FAAt703","BEA_API"
1986,66,"Power",1774,"m1gstlc1sp00","6","FAAt703","BEA_API"
1987,66,"Power",1846,"m1gstlc1sp00","6","FAAt703","BEA_API"
1988,66,"Power",2008,"m1gstlc1sp00","6","FAAt703","BEA_API"
1989,66,"Power",2111,"m1gstlc1sp00","6","FAAt703","BEA_API"
1990,66,"Power",2203,"m1gstlc1sp00","6","FAAt703","BEA_API"
1991,66,"Power",2233,"m1gstlc1sp00","6","FAAt703","BEA_API"
1992,66,"Power",2288,"m1gstlc1sp00","6","FAAt703","BEA_API"
1993,66,"Power",2377,"m1gstlc1sp00","6","FAAt703","BEA_API"
1994,66,"Power",2483,"m1gstlc1sp00","6","FAAt703","BEA_API"
1995,66,"Power",2574,"m1gstlc1sp00","6","FAAt703","BEA_API"
1996,66,"Power",2629,"m1gstlc1sp00","6","FAAt703","BEA_API"
1997,66,"Power",2686,"m1gstlc1sp00","6","FAAt703","BEA_API"
1998,66,"Power",2750,"m1gstlc1sp00","6","FAAt703","BEA_API"
1999,66,"Power",2786,"m1gstlc1sp00","6","FAAt703","BEA_API"
2000,66,"Power",2920,"m1gstlc1sp00","6","FAAt703","BEA_API"
2001,66,"Power",3038,"m1gstlc1sp00","6","FAAt703","BEA_API"
2002,66,"Power",3174,"m1gstlc1sp00","6","FAAt703","BEA_API"
2003,66,"Power",3285,"m1gstlc1sp00","6","FAAt703","BEA_API"
2004,66,"Power",3528,"m1gstlc1sp00","6","FAAt703","BEA_API"
2005,66,"Power",3790,"m1gstlc1sp00","6","FAAt703","BEA_API"
2006,66,"Power",4093,"m1gstlc1sp00","6","FAAt703","BEA_API"
2007,66,"Power",4455,"m1gstlc1sp00","6","FAAt703","BEA_API"
2008,66,"Power",4892,"m1gstlc1sp00","6","FAAt703","BEA_API"
2009,66,"Power",4984,"m1gstlc1sp00","6","FAAt703","BEA_API"
2010,66,"Power",5240,"m1gstlc1sp00","6","FAAt703","BEA_API"
2011,66,"Power",5517,"m1gstlc1sp00","6","FAAt703","BEA_API"
2012,66,"Power",5759,"m1gstlc1sp00","6","FAAt703","BEA_API"
2013,66,"Power",5937,"m1gstlc1sp00","6","FAAt703","BEA_API"
2014,66,"Power",6131,"m1gstlc1sp00","6","FAAt703","BEA_API"
2015,66,"Power",6331,"m1gstlc1sp00","6","FAAt703","BEA_API"
2016,66,"Power",6498,"m1gstlc1sp00","6","FAAt703","BEA_API"
2017,66,"Power",6682,"m1gstlc1sp00","6","FAAt703","BEA_API"
2018,66,"Power",6965,"m1gstlc1sp00","6","FAAt703","BEA_API"
2019,66,"Power",7279,"m1gstlc1sp00","6","FAAt703","BEA_API"
2020,66,"Power",7514,"m1gstlc1sp00","6","FAAt703","BEA_API"
2021,66,"Power",8013,"m1gstlc1sp00","6","FAAt703","BEA_API"
2022,66,"Power",9121,"m1gstlc1sp00","6","FAAt703","BEA_API"
2023,66,"Power",9704,"m1gstlc1sp00","6","FAAt703","BEA_API"
2024,66,"Power",9914,"m1gstlc1sp00","6","FAAt703","BEA_API"
1925,67,"Highways and streets",321,"m1gstlc1sq00","6","FAAt703","BEA_API"
1926,67,"Highways and streets",319,"m1gstlc1sq00","6","FAAt703","BEA_API"
1927,67,"Highways and streets",333,"m1gstlc1sq00","6","FAAt703","BEA_API"
1928,67,"Highways and streets",328,"m1gstlc1sq00","6","FAAt703","BEA_API"
1929,67,"Highways and streets",336,"m1gstlc1sq00","6","FAAt703","BEA_API"
1930,67,"Highways and streets",333,"m1gstlc1sq00","6","FAAt703","BEA_API"
1931,67,"Highways and streets",318,"m1gstlc1sq00","6","FAAt703","BEA_API"
1932,67,"Highways and streets",258,"m1gstlc1sq00","6","FAAt703","BEA_API"
1933,67,"Highways and streets",336,"m1gstlc1sq00","6","FAAt703","BEA_API"
1934,67,"Highways and streets",401,"m1gstlc1sq00","6","FAAt703","BEA_API"
1935,67,"Highways and streets",397,"m1gstlc1sq00","6","FAAt703","BEA_API"
1936,67,"Highways and streets",449,"m1gstlc1sq00","6","FAAt703","BEA_API"
1937,67,"Highways and streets",433,"m1gstlc1sq00","6","FAAt703","BEA_API"
1938,67,"Highways and streets",436,"m1gstlc1sq00","6","FAAt703","BEA_API"
1939,67,"Highways and streets",443,"m1gstlc1sq00","6","FAAt703","BEA_API"
1940,67,"Highways and streets",449,"m1gstlc1sq00","6","FAAt703","BEA_API"
1941,67,"Highways and streets",530,"m1gstlc1sq00","6","FAAt703","BEA_API"
1942,67,"Highways and streets",696,"m1gstlc1sq00","6","FAAt703","BEA_API"
1943,67,"Highways and streets",782,"m1gstlc1sq00","6","FAAt703","BEA_API"
1944,67,"Highways and streets",709,"m1gstlc1sq00","6","FAAt703","BEA_API"
1945,67,"Highways and streets",672,"m1gstlc1sq00","6","FAAt703","BEA_API"
1946,67,"Highways and streets",718,"m1gstlc1sq00","6","FAAt703","BEA_API"
1947,67,"Highways and streets",824,"m1gstlc1sq00","6","FAAt703","BEA_API"
1948,67,"Highways and streets",936,"m1gstlc1sq00","6","FAAt703","BEA_API"
1949,67,"Highways and streets",923,"m1gstlc1sq00","6","FAAt703","BEA_API"
1950,67,"Highways and streets",857,"m1gstlc1sq00","6","FAAt703","BEA_API"
1951,67,"Highways and streets",1078,"m1gstlc1sq00","6","FAAt703","BEA_API"
1952,67,"Highways and streets",1138,"m1gstlc1sq00","6","FAAt703","BEA_API"
1953,67,"Highways and streets",1131,"m1gstlc1sq00","6","FAAt703","BEA_API"
1954,67,"Highways and streets",1114,"m1gstlc1sq00","6","FAAt703","BEA_API"
1955,67,"Highways and streets",1139,"m1gstlc1sq00","6","FAAt703","BEA_API"
1956,67,"Highways and streets",1350,"m1gstlc1sq00","6","FAAt703","BEA_API"
1957,67,"Highways and streets",1478,"m1gstlc1sq00","6","FAAt703","BEA_API"
1958,67,"Highways and streets",1521,"m1gstlc1sq00","6","FAAt703","BEA_API"
1959,67,"Highways and streets",1599,"m1gstlc1sq00","6","FAAt703","BEA_API"
1960,67,"Highways and streets",1621,"m1gstlc1sq00","6","FAAt703","BEA_API"
1961,67,"Highways and streets",1713,"m1gstlc1sq00","6","FAAt703","BEA_API"
1962,67,"Highways and streets",1860,"m1gstlc1sq00","6","FAAt703","BEA_API"
1963,67,"Highways and streets",2011,"m1gstlc1sq00","6","FAAt703","BEA_API"
1964,67,"Highways and streets",2140,"m1gstlc1sq00","6","FAAt703","BEA_API"
1965,67,"Highways and streets",2322,"m1gstlc1sq00","6","FAAt703","BEA_API"
1966,67,"Highways and streets",2568,"m1gstlc1sq00","6","FAAt703","BEA_API"
1967,67,"Highways and streets",2786,"m1gstlc1sq00","6","FAAt703","BEA_API"
1968,67,"Highways and streets",3065,"m1gstlc1sq00","6","FAAt703","BEA_API"
1969,67,"Highways and streets",3377,"m1gstlc1sq00","6","FAAt703","BEA_API"
1970,67,"Highways and streets",3898,"m1gstlc1sq00","6","FAAt703","BEA_API"
1971,67,"Highways and streets",4333,"m1gstlc1sq00","6","FAAt703","BEA_API"
1972,67,"Highways and streets",4629,"m1gstlc1sq00","6","FAAt703","BEA_API"
1973,67,"Highways and streets",5161,"m1gstlc1sq00","6","FAAt703","BEA_API"
1974,67,"Highways and streets",6858,"m1gstlc1sq00","6","FAAt703","BEA_API"
1975,67,"Highways and streets",7585,"m1gstlc1sq00","6","FAAt703","BEA_API"
1976,67,"Highways and streets",7518,"m1gstlc1sq00","6","FAAt703","BEA_API"
1977,67,"Highways and streets",7546,"m1gstlc1sq00","6","FAAt703","BEA_API"
1978,67,"Highways and streets",7749,"m1gstlc1sq00","6","FAAt703","BEA_API"
1979,67,"Highways and streets",8546,"m1gstlc1sq00","6","FAAt703","BEA_API"
1980,67,"Highways and streets",10088,"m1gstlc1sq00","6","FAAt703","BEA_API"
1981,67,"Highways and streets",11947,"m1gstlc1sq00","6","FAAt703","BEA_API"
1982,67,"Highways and streets",13199,"m1gstlc1sq00","6","FAAt703","BEA_API"
1983,67,"Highways and streets",13069,"m1gstlc1sq00","6","FAAt703","BEA_API"
1984,67,"Highways and streets",12757,"m1gstlc1sq00","6","FAAt703","BEA_API"
1985,67,"Highways and streets",13056,"m1gstlc1sq00","6","FAAt703","BEA_API"
1986,67,"Highways and streets",13908,"m1gstlc1sq00","6","FAAt703","BEA_API"
1987,67,"Highways and streets",15002,"m1gstlc1sq00","6","FAAt703","BEA_API"
1988,67,"Highways and streets",15541,"m1gstlc1sq00","6","FAAt703","BEA_API"
1989,67,"Highways and streets",15938,"m1gstlc1sq00","6","FAAt703","BEA_API"
1990,67,"Highways and streets",16817,"m1gstlc1sq00","6","FAAt703","BEA_API"
1991,67,"Highways and streets",17436,"m1gstlc1sq00","6","FAAt703","BEA_API"
1992,67,"Highways and streets",17766,"m1gstlc1sq00","6","FAAt703","BEA_API"
1993,67,"Highways and streets",18300,"m1gstlc1sq00","6","FAAt703","BEA_API"
1994,67,"Highways and streets",19155,"m1gstlc1sq00","6","FAAt703","BEA_API"
1995,67,"Highways and streets",20562,"m1gstlc1sq00","6","FAAt703","BEA_API"
1996,67,"Highways and streets",21803,"m1gstlc1sq00","6","FAAt703","BEA_API"
1997,67,"Highways and streets",23043,"m1gstlc1sq00","6","FAAt703","BEA_API"
1998,67,"Highways and streets",23938,"m1gstlc1sq00","6","FAAt703","BEA_API"
1999,67,"Highways and streets",25262,"m1gstlc1sq00","6","FAAt703","BEA_API"
2000,67,"Highways and streets",27060,"m1gstlc1sq00","6","FAAt703","BEA_API"
2001,67,"Highways and streets",28627,"m1gstlc1sq00","6","FAAt703","BEA_API"
2002,67,"Highways and streets",30003,"m1gstlc1sq00","6","FAAt703","BEA_API"
2003,67,"Highways and streets",31132,"m1gstlc1sq00","6","FAAt703","BEA_API"
2004,67,"Highways and streets",33277,"m1gstlc1sq00","6","FAAt703","BEA_API"
2005,67,"Highways and streets",38240,"m1gstlc1sq00","6","FAAt703","BEA_API"
2006,67,"Highways and streets",42907,"m1gstlc1sq00","6","FAAt703","BEA_API"
2007,67,"Highways and streets",49208,"m1gstlc1sq00","6","FAAt703","BEA_API"
2008,67,"Highways and streets",54013,"m1gstlc1sq00","6","FAAt703","BEA_API"
2009,67,"Highways and streets",55535,"m1gstlc1sq00","6","FAAt703","BEA_API"
2010,67,"Highways and streets",56823,"m1gstlc1sq00","6","FAAt703","BEA_API"
2011,67,"Highways and streets",59963,"m1gstlc1sq00","6","FAAt703","BEA_API"
2012,67,"Highways and streets",63403,"m1gstlc1sq00","6","FAAt703","BEA_API"
2013,67,"Highways and streets",65430,"m1gstlc1sq00","6","FAAt703","BEA_API"
2014,67,"Highways and streets",66632,"m1gstlc1sq00","6","FAAt703","BEA_API"
2015,67,"Highways and streets",67075,"m1gstlc1sq00","6","FAAt703","BEA_API"
2016,67,"Highways and streets",67794,"m1gstlc1sq00","6","FAAt703","BEA_API"
2017,67,"Highways and streets",70442,"m1gstlc1sq00","6","FAAt703","BEA_API"
2018,67,"Highways and streets",74420,"m1gstlc1sq00","6","FAAt703","BEA_API"
2019,67,"Highways and streets",76588,"m1gstlc1sq00","6","FAAt703","BEA_API"
2020,67,"Highways and streets",76634,"m1gstlc1sq00","6","FAAt703","BEA_API"
2021,67,"Highways and streets",84576,"m1gstlc1sq00","6","FAAt703","BEA_API"
2022,67,"Highways and streets",93109,"m1gstlc1sq00","6","FAAt703","BEA_API"
2023,67,"Highways and streets",95701,"m1gstlc1sq00","6","FAAt703","BEA_API"
2024,67,"Highways and streets",98674,"m1gstlc1sq00","6","FAAt703","BEA_API"
1925,68,"Sewer systems",25,"m1gstlc1sr00","6","FAAt703","BEA_API"
1926,68,"Sewer systems",27,"m1gstlc1sr00","6","FAAt703","BEA_API"
1927,68,"Sewer systems",29,"m1gstlc1sr00","6","FAAt703","BEA_API"
1928,68,"Sewer systems",31,"m1gstlc1sr00","6","FAAt703","BEA_API"
1929,68,"Sewer systems",34,"m1gstlc1sr00","6","FAAt703","BEA_API"
1930,68,"Sewer systems",35,"m1gstlc1sr00","6","FAAt703","BEA_API"
1931,68,"Sewer systems",33,"m1gstlc1sr00","6","FAAt703","BEA_API"
1932,68,"Sewer systems",29,"m1gstlc1sr00","6","FAAt703","BEA_API"
1933,68,"Sewer systems",31,"m1gstlc1sr00","6","FAAt703","BEA_API"
1934,68,"Sewer systems",38,"m1gstlc1sr00","6","FAAt703","BEA_API"
1935,68,"Sewer systems",38,"m1gstlc1sr00","6","FAAt703","BEA_API"
1936,68,"Sewer systems",44,"m1gstlc1sr00","6","FAAt703","BEA_API"
1937,68,"Sewer systems",50,"m1gstlc1sr00","6","FAAt703","BEA_API"
1938,68,"Sewer systems",55,"m1gstlc1sr00","6","FAAt703","BEA_API"
1939,68,"Sewer systems",56,"m1gstlc1sr00","6","FAAt703","BEA_API"
1940,68,"Sewer systems",59,"m1gstlc1sr00","6","FAAt703","BEA_API"
1941,68,"Sewer systems",64,"m1gstlc1sr00","6","FAAt703","BEA_API"
1942,68,"Sewer systems",66,"m1gstlc1sr00","6","FAAt703","BEA_API"
1943,68,"Sewer systems",66,"m1gstlc1sr00","6","FAAt703","BEA_API"
1944,68,"Sewer systems",77,"m1gstlc1sr00","6","FAAt703","BEA_API"
1945,68,"Sewer systems",74,"m1gstlc1sr00","6","FAAt703","BEA_API"
1946,68,"Sewer systems",78,"m1gstlc1sr00","6","FAAt703","BEA_API"
1947,68,"Sewer systems",98,"m1gstlc1sr00","6","FAAt703","BEA_API"
1948,68,"Sewer systems",115,"m1gstlc1sr00","6","FAAt703","BEA_API"
1949,68,"Sewer systems",122,"m1gstlc1sr00","6","FAAt703","BEA_API"
1950,68,"Sewer systems",132,"m1gstlc1sr00","6","FAAt703","BEA_API"
1951,68,"Sewer systems",145,"m1gstlc1sr00","6","FAAt703","BEA_API"
1952,68,"Sewer systems",154,"m1gstlc1sr00","6","FAAt703","BEA_API"
1953,68,"Sewer systems",167,"m1gstlc1sr00","6","FAAt703","BEA_API"
1954,68,"Sewer systems",177,"m1gstlc1sr00","6","FAAt703","BEA_API"
1955,68,"Sewer systems",190,"m1gstlc1sr00","6","FAAt703","BEA_API"
1956,68,"Sewer systems",211,"m1gstlc1sr00","6","FAAt703","BEA_API"
1957,68,"Sewer systems",233,"m1gstlc1sr00","6","FAAt703","BEA_API"
1958,68,"Sewer systems",249,"m1gstlc1sr00","6","FAAt703","BEA_API"
1959,68,"Sewer systems",222,"m1gstlc1sr00","6","FAAt703","BEA_API"
1960,68,"Sewer systems",232,"m1gstlc1sr00","6","FAAt703","BEA_API"
1961,68,"Sewer systems",245,"m1gstlc1sr00","6","FAAt703","BEA_API"
1962,68,"Sewer systems",264,"m1gstlc1sr00","6","FAAt703","BEA_API"
1963,68,"Sewer systems",281,"m1gstlc1sr00","6","FAAt703","BEA_API"
1964,68,"Sewer systems",300,"m1gstlc1sr00","6","FAAt703","BEA_API"
1965,68,"Sewer systems",319,"m1gstlc1sr00","6","FAAt703","BEA_API"
1966,68,"Sewer systems",344,"m1gstlc1sr00","6","FAAt703","BEA_API"
1967,68,"Sewer systems",369,"m1gstlc1sr00","6","FAAt703","BEA_API"
1968,68,"Sewer systems",399,"m1gstlc1sr00","6","FAAt703","BEA_API"
1969,68,"Sewer systems",443,"m1gstlc1sr00","6","FAAt703","BEA_API"
1970,68,"Sewer systems",496,"m1gstlc1sr00","6","FAAt703","BEA_API"
1971,68,"Sewer systems",572,"m1gstlc1sr00","6","FAAt703","BEA_API"
1972,68,"Sewer systems",658,"m1gstlc1sr00","6","FAAt703","BEA_API"
1973,68,"Sewer systems",734,"m1gstlc1sr00","6","FAAt703","BEA_API"
1974,68,"Sewer systems",873,"m1gstlc1sr00","6","FAAt703","BEA_API"
1975,68,"Sewer systems",1029,"m1gstlc1sr00","6","FAAt703","BEA_API"
1976,68,"Sewer systems",1144,"m1gstlc1sr00","6","FAAt703","BEA_API"
1977,68,"Sewer systems",1276,"m1gstlc1sr00","6","FAAt703","BEA_API"
1978,68,"Sewer systems",1452,"m1gstlc1sr00","6","FAAt703","BEA_API"
1979,68,"Sewer systems",1659,"m1gstlc1sr00","6","FAAt703","BEA_API"
1980,68,"Sewer systems",1913,"m1gstlc1sr00","6","FAAt703","BEA_API"
1981,68,"Sewer systems",2109,"m1gstlc1sr00","6","FAAt703","BEA_API"
1982,68,"Sewer systems",2218,"m1gstlc1sr00","6","FAAt703","BEA_API"
1983,68,"Sewer systems",2341,"m1gstlc1sr00","6","FAAt703","BEA_API"
1984,68,"Sewer systems",2466,"m1gstlc1sr00","6","FAAt703","BEA_API"
1985,68,"Sewer systems",2579,"m1gstlc1sr00","6","FAAt703","BEA_API"
1986,68,"Sewer systems",2688,"m1gstlc1sr00","6","FAAt703","BEA_API"
1987,68,"Sewer systems",2801,"m1gstlc1sr00","6","FAAt703","BEA_API"
1988,68,"Sewer systems",2974,"m1gstlc1sr00","6","FAAt703","BEA_API"
1989,68,"Sewer systems",3148,"m1gstlc1sr00","6","FAAt703","BEA_API"
1990,68,"Sewer systems",3292,"m1gstlc1sr00","6","FAAt703","BEA_API"
1991,68,"Sewer systems",3367,"m1gstlc1sr00","6","FAAt703","BEA_API"
1992,68,"Sewer systems",3520,"m1gstlc1sr00","6","FAAt703","BEA_API"
1993,68,"Sewer systems",3770,"m1gstlc1sr00","6","FAAt703","BEA_API"
1994,68,"Sewer systems",4000,"m1gstlc1sr00","6","FAAt703","BEA_API"
1995,68,"Sewer systems",4169,"m1gstlc1sr00","6","FAAt703","BEA_API"
1996,68,"Sewer systems",4335,"m1gstlc1sr00","6","FAAt703","BEA_API"
1997,68,"Sewer systems",4515,"m1gstlc1sr00","6","FAAt703","BEA_API"
1998,68,"Sewer systems",4643,"m1gstlc1sr00","6","FAAt703","BEA_API"
1999,68,"Sewer systems",4871,"m1gstlc1sr00","6","FAAt703","BEA_API"
2000,68,"Sewer systems",5138,"m1gstlc1sr00","6","FAAt703","BEA_API"
2001,68,"Sewer systems",5401,"m1gstlc1sr00","6","FAAt703","BEA_API"
2002,68,"Sewer systems",5582,"m1gstlc1sr00","6","FAAt703","BEA_API"
2003,68,"Sewer systems",5773,"m1gstlc1sr00","6","FAAt703","BEA_API"
2004,68,"Sewer systems",6233,"m1gstlc1sr00","6","FAAt703","BEA_API"
2005,68,"Sewer systems",6891,"m1gstlc1sr00","6","FAAt703","BEA_API"
2006,68,"Sewer systems",7517,"m1gstlc1sr00","6","FAAt703","BEA_API"
2007,68,"Sewer systems",8150,"m1gstlc1sr00","6","FAAt703","BEA_API"
2008,68,"Sewer systems",8609,"m1gstlc1sr00","6","FAAt703","BEA_API"
2009,68,"Sewer systems",8771,"m1gstlc1sr00","6","FAAt703","BEA_API"
2010,68,"Sewer systems",9217,"m1gstlc1sr00","6","FAAt703","BEA_API"
2011,68,"Sewer systems",9764,"m1gstlc1sr00","6","FAAt703","BEA_API"
2012,68,"Sewer systems",10236,"m1gstlc1sr00","6","FAAt703","BEA_API"
2013,68,"Sewer systems",10522,"m1gstlc1sr00","6","FAAt703","BEA_API"
2014,68,"Sewer systems",10910,"m1gstlc1sr00","6","FAAt703","BEA_API"
2015,68,"Sewer systems",11270,"m1gstlc1sr00","6","FAAt703","BEA_API"
2016,68,"Sewer systems",11556,"m1gstlc1sr00","6","FAAt703","BEA_API"
2017,68,"Sewer systems",11989,"m1gstlc1sr00","6","FAAt703","BEA_API"
2018,68,"Sewer systems",12517,"m1gstlc1sr00","6","FAAt703","BEA_API"
2019,68,"Sewer systems",13054,"m1gstlc1sr00","6","FAAt703","BEA_API"
2020,68,"Sewer systems",13338,"m1gstlc1sr00","6","FAAt703","BEA_API"
2021,68,"Sewer systems",14716,"m1gstlc1sr00","6","FAAt703","BEA_API"
2022,68,"Sewer systems",17164,"m1gstlc1sr00","6","FAAt703","BEA_API"
2023,68,"Sewer systems",18318,"m1gstlc1sr00","6","FAAt703","BEA_API"
2024,68,"Sewer systems",18754,"m1gstlc1sr00","6","FAAt703","BEA_API"
1925,69,"Water systems",29,"m1gstlc1su00","6","FAAt703","BEA_API"
1926,69,"Water systems",30,"m1gstlc1su00","6","FAAt703","BEA_API"
1927,69,"Water systems",32,"m1gstlc1su00","6","FAAt703","BEA_API"
1928,69,"Water systems",33,"m1gstlc1su00","6","FAAt703","BEA_API"
1929,69,"Water systems",35,"m1gstlc1su00","6","FAAt703","BEA_API"
1930,69,"Water systems",37,"m1gstlc1su00","6","FAAt703","BEA_API"
1931,69,"Water systems",36,"m1gstlc1su00","6","FAAt703","BEA_API"
1932,69,"Water systems",32,"m1gstlc1su00","6","FAAt703","BEA_API"
1933,69,"Water systems",33,"m1gstlc1su00","6","FAAt703","BEA_API"
1934,69,"Water systems",41,"m1gstlc1su00","6","FAAt703","BEA_API"
1935,69,"Water systems",40,"m1gstlc1su00","6","FAAt703","BEA_API"
1936,69,"Water systems",46,"m1gstlc1su00","6","FAAt703","BEA_API"
1937,69,"Water systems",50,"m1gstlc1su00","6","FAAt703","BEA_API"
1938,69,"Water systems",53,"m1gstlc1su00","6","FAAt703","BEA_API"
1939,69,"Water systems",52,"m1gstlc1su00","6","FAAt703","BEA_API"
1940,69,"Water systems",54,"m1gstlc1su00","6","FAAt703","BEA_API"
1941,69,"Water systems",59,"m1gstlc1su00","6","FAAt703","BEA_API"
1942,69,"Water systems",62,"m1gstlc1su00","6","FAAt703","BEA_API"
1943,69,"Water systems",61,"m1gstlc1su00","6","FAAt703","BEA_API"
1944,69,"Water systems",72,"m1gstlc1su00","6","FAAt703","BEA_API"
1945,69,"Water systems",70,"m1gstlc1su00","6","FAAt703","BEA_API"
1946,69,"Water systems",74,"m1gstlc1su00","6","FAAt703","BEA_API"
1947,69,"Water systems",86,"m1gstlc1su00","6","FAAt703","BEA_API"
1948,69,"Water systems",100,"m1gstlc1su00","6","FAAt703","BEA_API"
1949,69,"Water systems",105,"m1gstlc1su00","6","FAAt703","BEA_API"
1950,69,"Water systems",113,"m1gstlc1su00","6","FAAt703","BEA_API"
1951,69,"Water systems",124,"m1gstlc1su00","6","FAAt703","BEA_API"
1952,69,"Water systems",131,"m1gstlc1su00","6","FAAt703","BEA_API"
1953,69,"Water systems",142,"m1gstlc1su00","6","FAAt703","BEA_API"
1954,69,"Water systems",149,"m1gstlc1su00","6","FAAt703","BEA_API"
1955,69,"Water systems",159,"m1gstlc1su00","6","FAAt703","BEA_API"
1956,69,"Water systems",176,"m1gstlc1su00","6","FAAt703","BEA_API"
1957,69,"Water systems",193,"m1gstlc1su00","6","FAAt703","BEA_API"
1958,69,"Water systems",205,"m1gstlc1su00","6","FAAt703","BEA_API"
1959,69,"Water systems",206,"m1gstlc1su00","6","FAAt703","BEA_API"
1960,69,"Water systems",214,"m1gstlc1su00","6","FAAt703","BEA_API"
1961,69,"Water systems",222,"m1gstlc1su00","6","FAAt703","BEA_API"
1962,69,"Water systems",228,"m1gstlc1su00","6","FAAt703","BEA_API"
1963,69,"Water systems",236,"m1gstlc1su00","6","FAAt703","BEA_API"
1964,69,"Water systems",244,"m1gstlc1su00","6","FAAt703","BEA_API"
1965,69,"Water systems",265,"m1gstlc1su00","6","FAAt703","BEA_API"
1966,69,"Water systems",286,"m1gstlc1su00","6","FAAt703","BEA_API"
1967,69,"Water systems",304,"m1gstlc1su00","6","FAAt703","BEA_API"
1968,69,"Water systems",334,"m1gstlc1su00","6","FAAt703","BEA_API"
1969,69,"Water systems",365,"m1gstlc1su00","6","FAAt703","BEA_API"
1970,69,"Water systems",400,"m1gstlc1su00","6","FAAt703","BEA_API"
1971,69,"Water systems",444,"m1gstlc1su00","6","FAAt703","BEA_API"
1972,69,"Water systems",488,"m1gstlc1su00","6","FAAt703","BEA_API"
1973,69,"Water systems",533,"m1gstlc1su00","6","FAAt703","BEA_API"
1974,69,"Water systems",629,"m1gstlc1su00","6","FAAt703","BEA_API"
1975,69,"Water systems",766,"m1gstlc1su00","6","FAAt703","BEA_API"
1976,69,"Water systems",825,"m1gstlc1su00","6","FAAt703","BEA_API"
1977,69,"Water systems",872,"m1gstlc1su00","6","FAAt703","BEA_API"
1978,69,"Water systems",975,"m1gstlc1su00","6","FAAt703","BEA_API"
1979,69,"Water systems",1098,"m1gstlc1su00","6","FAAt703","BEA_API"
1980,69,"Water systems",1244,"m1gstlc1su00","6","FAAt703","BEA_API"
1981,69,"Water systems",1359,"m1gstlc1su00","6","FAAt703","BEA_API"
1982,69,"Water systems",1423,"m1gstlc1su00","6","FAAt703","BEA_API"
1983,69,"Water systems",1496,"m1gstlc1su00","6","FAAt703","BEA_API"
1984,69,"Water systems",1573,"m1gstlc1su00","6","FAAt703","BEA_API"
1985,69,"Water systems",1641,"m1gstlc1su00","6","FAAt703","BEA_API"
1986,69,"Water systems",1716,"m1gstlc1su00","6","FAAt703","BEA_API"
1987,69,"Water systems",1795,"m1gstlc1su00","6","FAAt703","BEA_API"
1988,69,"Water systems",1907,"m1gstlc1su00","6","FAAt703","BEA_API"
1989,69,"Water systems",2019,"m1gstlc1su00","6","FAAt703","BEA_API"
1990,69,"Water systems",2118,"m1gstlc1su00","6","FAAt703","BEA_API"
1991,69,"Water systems",2175,"m1gstlc1su00","6","FAAt703","BEA_API"
1992,69,"Water systems",2272,"m1gstlc1su00","6","FAAt703","BEA_API"
1993,69,"Water systems",2431,"m1gstlc1su00","6","FAAt703","BEA_API"
1994,69,"Water systems",2575,"m1gstlc1su00","6","FAAt703","BEA_API"
1995,69,"Water systems",2688,"m1gstlc1su00","6","FAAt703","BEA_API"
1996,69,"Water systems",2799,"m1gstlc1su00","6","FAAt703","BEA_API"
1997,69,"Water systems",2936,"m1gstlc1su00","6","FAAt703","BEA_API"
1998,69,"Water systems",3052,"m1gstlc1su00","6","FAAt703","BEA_API"
1999,69,"Water systems",3241,"m1gstlc1su00","6","FAAt703","BEA_API"
2000,69,"Water systems",3463,"m1gstlc1su00","6","FAAt703","BEA_API"
2001,69,"Water systems",3686,"m1gstlc1su00","6","FAAt703","BEA_API"
2002,69,"Water systems",3858,"m1gstlc1su00","6","FAAt703","BEA_API"
2003,69,"Water systems",4037,"m1gstlc1su00","6","FAAt703","BEA_API"
2004,69,"Water systems",4400,"m1gstlc1su00","6","FAAt703","BEA_API"
2005,69,"Water systems",4908,"m1gstlc1su00","6","FAAt703","BEA_API"
2006,69,"Water systems",5396,"m1gstlc1su00","6","FAAt703","BEA_API"
2007,69,"Water systems",5869,"m1gstlc1su00","6","FAAt703","BEA_API"
2008,69,"Water systems",6223,"m1gstlc1su00","6","FAAt703","BEA_API"
2009,69,"Water systems",6354,"m1gstlc1su00","6","FAAt703","BEA_API"
2010,69,"Water systems",6674,"m1gstlc1su00","6","FAAt703","BEA_API"
2011,69,"Water systems",7060,"m1gstlc1su00","6","FAAt703","BEA_API"
2012,69,"Water systems",7406,"m1gstlc1su00","6","FAAt703","BEA_API"
2013,69,"Water systems",7638,"m1gstlc1su00","6","FAAt703","BEA_API"
2014,69,"Water systems",7962,"m1gstlc1su00","6","FAAt703","BEA_API"
2015,69,"Water systems",8259,"m1gstlc1su00","6","FAAt703","BEA_API"
2016,69,"Water systems",8503,"m1gstlc1su00","6","FAAt703","BEA_API"
2017,69,"Water systems",8842,"m1gstlc1su00","6","FAAt703","BEA_API"
2018,69,"Water systems",9255,"m1gstlc1su00","6","FAAt703","BEA_API"
2019,69,"Water systems",9674,"m1gstlc1su00","6","FAAt703","BEA_API"
2020,69,"Water systems",9903,"m1gstlc1su00","6","FAAt703","BEA_API"
2021,69,"Water systems",10942,"m1gstlc1su00","6","FAAt703","BEA_API"
2022,69,"Water systems",12792,"m1gstlc1su00","6","FAAt703","BEA_API"
2023,69,"Water systems",13654,"m1gstlc1su00","6","FAAt703","BEA_API"
2024,69,"Water systems",13992,"m1gstlc1su00","6","FAAt703","BEA_API"
1925,70,"Conservation and development",0,"m1gstlc1sv00","6","FAAt703","BEA_API"
1926,70,"Conservation and development",0,"m1gstlc1sv00","6","FAAt703","BEA_API"
1927,70,"Conservation and development",0,"m1gstlc1sv00","6","FAAt703","BEA_API"
1928,70,"Conservation and development",0,"m1gstlc1sv00","6","FAAt703","BEA_API"
1929,70,"Conservation and development",1,"m1gstlc1sv00","6","FAAt703","BEA_API"
1930,70,"Conservation and development",1,"m1gstlc1sv00","6","FAAt703","BEA_API"
1931,70,"Conservation and development",1,"m1gstlc1sv00","6","FAAt703","BEA_API"
1932,70,"Conservation and development",1,"m1gstlc1sv00","6","FAAt703","BEA_API"
1933,70,"Conservation and development",2,"m1gstlc1sv00","6","FAAt703","BEA_API"
1934,70,"Conservation and development",3,"m1gstlc1sv00","6","FAAt703","BEA_API"
1935,70,"Conservation and development",4,"m1gstlc1sv00","6","FAAt703","BEA_API"
1936,70,"Conservation and development",5,"m1gstlc1sv00","6","FAAt703","BEA_API"
1937,70,"Conservation and development",7,"m1gstlc1sv00","6","FAAt703","BEA_API"
1938,70,"Conservation and development",8,"m1gstlc1sv00","6","FAAt703","BEA_API"
1939,70,"Conservation and development",9,"m1gstlc1sv00","6","FAAt703","BEA_API"
1940,70,"Conservation and development",9,"m1gstlc1sv00","6","FAAt703","BEA_API"
1941,70,"Conservation and development",10,"m1gstlc1sv00","6","FAAt703","BEA_API"
1942,70,"Conservation and development",10,"m1gstlc1sv00","6","FAAt703","BEA_API"
1943,70,"Conservation and development",11,"m1gstlc1sv00","6","FAAt703","BEA_API"
1944,70,"Conservation and development",12,"m1gstlc1sv00","6","FAAt703","BEA_API"
1945,70,"Conservation and development",12,"m1gstlc1sv00","6","FAAt703","BEA_API"
1946,70,"Conservation and development",13,"m1gstlc1sv00","6","FAAt703","BEA_API"
1947,70,"Conservation and development",15,"m1gstlc1sv00","6","FAAt703","BEA_API"
1948,70,"Conservation and development",17,"m1gstlc1sv00","6","FAAt703","BEA_API"
1949,70,"Conservation and development",18,"m1gstlc1sv00","6","FAAt703","BEA_API"
1950,70,"Conservation and development",18,"m1gstlc1sv00","6","FAAt703","BEA_API"
1951,70,"Conservation and development",19,"m1gstlc1sv00","6","FAAt703","BEA_API"
1952,70,"Conservation and development",21,"m1gstlc1sv00","6","FAAt703","BEA_API"
1953,70,"Conservation and development",22,"m1gstlc1sv00","6","FAAt703","BEA_API"
1954,70,"Conservation and development",22,"m1gstlc1sv00","6","FAAt703","BEA_API"
1955,70,"Conservation and development",23,"m1gstlc1sv00","6","FAAt703","BEA_API"
1956,70,"Conservation and development",26,"m1gstlc1sv00","6","FAAt703","BEA_API"
1957,70,"Conservation and development",30,"m1gstlc1sv00","6","FAAt703","BEA_API"
1958,70,"Conservation and development",32,"m1gstlc1sv00","6","FAAt703","BEA_API"
1959,70,"Conservation and development",33,"m1gstlc1sv00","6","FAAt703","BEA_API"
1960,70,"Conservation and development",34,"m1gstlc1sv00","6","FAAt703","BEA_API"
1961,70,"Conservation and development",37,"m1gstlc1sv00","6","FAAt703","BEA_API"
1962,70,"Conservation and development",40,"m1gstlc1sv00","6","FAAt703","BEA_API"
1963,70,"Conservation and development",45,"m1gstlc1sv00","6","FAAt703","BEA_API"
1964,70,"Conservation and development",50,"m1gstlc1sv00","6","FAAt703","BEA_API"
1965,70,"Conservation and development",57,"m1gstlc1sv00","6","FAAt703","BEA_API"
1966,70,"Conservation and development",66,"m1gstlc1sv00","6","FAAt703","BEA_API"
1967,70,"Conservation and development",77,"m1gstlc1sv00","6","FAAt703","BEA_API"
1968,70,"Conservation and development",88,"m1gstlc1sv00","6","FAAt703","BEA_API"
1969,70,"Conservation and development",101,"m1gstlc1sv00","6","FAAt703","BEA_API"
1970,70,"Conservation and development",115,"m1gstlc1sv00","6","FAAt703","BEA_API"
1971,70,"Conservation and development",130,"m1gstlc1sv00","6","FAAt703","BEA_API"
1972,70,"Conservation and development",145,"m1gstlc1sv00","6","FAAt703","BEA_API"
1973,70,"Conservation and development",158,"m1gstlc1sv00","6","FAAt703","BEA_API"
1974,70,"Conservation and development",181,"m1gstlc1sv00","6","FAAt703","BEA_API"
1975,70,"Conservation and development",221,"m1gstlc1sv00","6","FAAt703","BEA_API"
1976,70,"Conservation and development",241,"m1gstlc1sv00","6","FAAt703","BEA_API"
1977,70,"Conservation and development",260,"m1gstlc1sv00","6","FAAt703","BEA_API"
1978,70,"Conservation and development",278,"m1gstlc1sv00","6","FAAt703","BEA_API"
1979,70,"Conservation and development",309,"m1gstlc1sv00","6","FAAt703","BEA_API"
1980,70,"Conservation and development",346,"m1gstlc1sv00","6","FAAt703","BEA_API"
1981,70,"Conservation and development",385,"m1gstlc1sv00","6","FAAt703","BEA_API"
1982,70,"Conservation and development",418,"m1gstlc1sv00","6","FAAt703","BEA_API"
1983,70,"Conservation and development",433,"m1gstlc1sv00","6","FAAt703","BEA_API"
1984,70,"Conservation and development",447,"m1gstlc1sv00","6","FAAt703","BEA_API"
1985,70,"Conservation and development",466,"m1gstlc1sv00","6","FAAt703","BEA_API"
1986,70,"Conservation and development",485,"m1gstlc1sv00","6","FAAt703","BEA_API"
1987,70,"Conservation and development",504,"m1gstlc1sv00","6","FAAt703","BEA_API"
1988,70,"Conservation and development",528,"m1gstlc1sv00","6","FAAt703","BEA_API"
1989,70,"Conservation and development",563,"m1gstlc1sv00","6","FAAt703","BEA_API"
1990,70,"Conservation and development",599,"m1gstlc1sv00","6","FAAt703","BEA_API"
1991,70,"Conservation and development",632,"m1gstlc1sv00","6","FAAt703","BEA_API"
1992,70,"Conservation and development",654,"m1gstlc1sv00","6","FAAt703","BEA_API"
1993,70,"Conservation and development",676,"m1gstlc1sv00","6","FAAt703","BEA_API"
1994,70,"Conservation and development",709,"m1gstlc1sv00","6","FAAt703","BEA_API"
1995,70,"Conservation and development",747,"m1gstlc1sv00","6","FAAt703","BEA_API"
1996,70,"Conservation and development",785,"m1gstlc1sv00","6","FAAt703","BEA_API"
1997,70,"Conservation and development",827,"m1gstlc1sv00","6","FAAt703","BEA_API"
1998,70,"Conservation and development",858,"m1gstlc1sv00","6","FAAt703","BEA_API"
1999,70,"Conservation and development",889,"m1gstlc1sv00","6","FAAt703","BEA_API"
2000,70,"Conservation and development",942,"m1gstlc1sv00","6","FAAt703","BEA_API"
2001,70,"Conservation and development",986,"m1gstlc1sv00","6","FAAt703","BEA_API"
2002,70,"Conservation and development",1021,"m1gstlc1sv00","6","FAAt703","BEA_API"
2003,70,"Conservation and development",1074,"m1gstlc1sv00","6","FAAt703","BEA_API"
2004,70,"Conservation and development",1147,"m1gstlc1sv00","6","FAAt703","BEA_API"
2005,70,"Conservation and development",1260,"m1gstlc1sv00","6","FAAt703","BEA_API"
2006,70,"Conservation and development",1356,"m1gstlc1sv00","6","FAAt703","BEA_API"
2007,70,"Conservation and development",1448,"m1gstlc1sv00","6","FAAt703","BEA_API"
2008,70,"Conservation and development",1558,"m1gstlc1sv00","6","FAAt703","BEA_API"
2009,70,"Conservation and development",1640,"m1gstlc1sv00","6","FAAt703","BEA_API"
2010,70,"Conservation and development",1671,"m1gstlc1sv00","6","FAAt703","BEA_API"
2011,70,"Conservation and development",1777,"m1gstlc1sv00","6","FAAt703","BEA_API"
2012,70,"Conservation and development",1877,"m1gstlc1sv00","6","FAAt703","BEA_API"
2013,70,"Conservation and development",1936,"m1gstlc1sv00","6","FAAt703","BEA_API"
2014,70,"Conservation and development",1985,"m1gstlc1sv00","6","FAAt703","BEA_API"
2015,70,"Conservation and development",2031,"m1gstlc1sv00","6","FAAt703","BEA_API"
2016,70,"Conservation and development",2059,"m1gstlc1sv00","6","FAAt703","BEA_API"
2017,70,"Conservation and development",2147,"m1gstlc1sv00","6","FAAt703","BEA_API"
2018,70,"Conservation and development",2255,"m1gstlc1sv00","6","FAAt703","BEA_API"
2019,70,"Conservation and development",2377,"m1gstlc1sv00","6","FAAt703","BEA_API"
2020,70,"Conservation and development",2438,"m1gstlc1sv00","6","FAAt703","BEA_API"
2021,70,"Conservation and development",2582,"m1gstlc1sv00","6","FAAt703","BEA_API"
2022,70,"Conservation and development",2956,"m1gstlc1sv00","6","FAAt703","BEA_API"
2023,70,"Conservation and development",3184,"m1gstlc1sv00","6","FAAt703","BEA_API"
2024,70,"Conservation and development",3293,"m1gstlc1sv00","6","FAAt703","BEA_API"
1925,71,"Other structures",0,"m1gstlc1sx00","6","FAAt703","BEA_API"
1926,71,"Other structures",0,"m1gstlc1sx00","6","FAAt703","BEA_API"
1927,71,"Other structures",0,"m1gstlc1sx00","6","FAAt703","BEA_API"
1928,71,"Other structures",0,"m1gstlc1sx00","6","FAAt703","BEA_API"
1929,71,"Other structures",0,"m1gstlc1sx00","6","FAAt703","BEA_API"
1930,71,"Other structures",0,"m1gstlc1sx00","6","FAAt703","BEA_API"
1931,71,"Other structures",0,"m1gstlc1sx00","6","FAAt703","BEA_API"
1932,71,"Other structures",0,"m1gstlc1sx00","6","FAAt703","BEA_API"
1933,71,"Other structures",0,"m1gstlc1sx00","6","FAAt703","BEA_API"
1934,71,"Other structures",1,"m1gstlc1sx00","6","FAAt703","BEA_API"
1935,71,"Other structures",1,"m1gstlc1sx00","6","FAAt703","BEA_API"
1936,71,"Other structures",1,"m1gstlc1sx00","6","FAAt703","BEA_API"
1937,71,"Other structures",1,"m1gstlc1sx00","6","FAAt703","BEA_API"
1938,71,"Other structures",1,"m1gstlc1sx00","6","FAAt703","BEA_API"
1939,71,"Other structures",1,"m1gstlc1sx00","6","FAAt703","BEA_API"
1940,71,"Other structures",1,"m1gstlc1sx00","6","FAAt703","BEA_API"
1941,71,"Other structures",1,"m1gstlc1sx00","6","FAAt703","BEA_API"
1942,71,"Other structures",2,"m1gstlc1sx00","6","FAAt703","BEA_API"
1943,71,"Other structures",2,"m1gstlc1sx00","6","FAAt703","BEA_API"
1944,71,"Other structures",2,"m1gstlc1sx00","6","FAAt703","BEA_API"
1945,71,"Other structures",2,"m1gstlc1sx00","6","FAAt703","BEA_API"
1946,71,"Other structures",2,"m1gstlc1sx00","6","FAAt703","BEA_API"
1947,71,"Other structures",3,"m1gstlc1sx00","6","FAAt703","BEA_API"
1948,71,"Other structures",3,"m1gstlc1sx00","6","FAAt703","BEA_API"
1949,71,"Other structures",3,"m1gstlc1sx00","6","FAAt703","BEA_API"
1950,71,"Other structures",3,"m1gstlc1sx00","6","FAAt703","BEA_API"
1951,71,"Other structures",4,"m1gstlc1sx00","6","FAAt703","BEA_API"
1952,71,"Other structures",5,"m1gstlc1sx00","6","FAAt703","BEA_API"
1953,71,"Other structures",5,"m1gstlc1sx00","6","FAAt703","BEA_API"
1954,71,"Other structures",5,"m1gstlc1sx00","6","FAAt703","BEA_API"
1955,71,"Other structures",6,"m1gstlc1sx00","6","FAAt703","BEA_API"
1956,71,"Other structures",7,"m1gstlc1sx00","6","FAAt703","BEA_API"
1957,71,"Other structures",7,"m1gstlc1sx00","6","FAAt703","BEA_API"
1958,71,"Other structures",8,"m1gstlc1sx00","6","FAAt703","BEA_API"
1959,71,"Other structures",8,"m1gstlc1sx00","6","FAAt703","BEA_API"
1960,71,"Other structures",9,"m1gstlc1sx00","6","FAAt703","BEA_API"
1961,71,"Other structures",10,"m1gstlc1sx00","6","FAAt703","BEA_API"
1962,71,"Other structures",10,"m1gstlc1sx00","6","FAAt703","BEA_API"
1963,71,"Other structures",11,"m1gstlc1sx00","6","FAAt703","BEA_API"
1964,71,"Other structures",12,"m1gstlc1sx00","6","FAAt703","BEA_API"
1965,71,"Other structures",13,"m1gstlc1sx00","6","FAAt703","BEA_API"
1966,71,"Other structures",14,"m1gstlc1sx00","6","FAAt703","BEA_API"
1967,71,"Other structures",15,"m1gstlc1sx00","6","FAAt703","BEA_API"
1968,71,"Other structures",17,"m1gstlc1sx00","6","FAAt703","BEA_API"
1969,71,"Other structures",19,"m1gstlc1sx00","6","FAAt703","BEA_API"
1970,71,"Other structures",22,"m1gstlc1sx00","6","FAAt703","BEA_API"
1971,71,"Other structures",24,"m1gstlc1sx00","6","FAAt703","BEA_API"
1972,71,"Other structures",27,"m1gstlc1sx00","6","FAAt703","BEA_API"
1973,71,"Other structures",30,"m1gstlc1sx00","6","FAAt703","BEA_API"
1974,71,"Other structures",35,"m1gstlc1sx00","6","FAAt703","BEA_API"
1975,71,"Other structures",40,"m1gstlc1sx00","6","FAAt703","BEA_API"
1976,71,"Other structures",44,"m1gstlc1sx00","6","FAAt703","BEA_API"
1977,71,"Other structures",49,"m1gstlc1sx00","6","FAAt703","BEA_API"
1978,71,"Other structures",56,"m1gstlc1sx00","6","FAAt703","BEA_API"
1979,71,"Other structures",65,"m1gstlc1sx00","6","FAAt703","BEA_API"
1980,71,"Other structures",75,"m1gstlc1sx00","6","FAAt703","BEA_API"
1981,71,"Other structures",83,"m1gstlc1sx00","6","FAAt703","BEA_API"
1982,71,"Other structures",90,"m1gstlc1sx00","6","FAAt703","BEA_API"
1983,71,"Other structures",94,"m1gstlc1sx00","6","FAAt703","BEA_API"
1984,71,"Other structures",100,"m1gstlc1sx00","6","FAAt703","BEA_API"
1985,71,"Other structures",104,"m1gstlc1sx00","6","FAAt703","BEA_API"
1986,71,"Other structures",111,"m1gstlc1sx00","6","FAAt703","BEA_API"
1987,71,"Other structures",118,"m1gstlc1sx00","6","FAAt703","BEA_API"
1988,71,"Other structures",126,"m1gstlc1sx00","6","FAAt703","BEA_API"
1989,71,"Other structures",133,"m1gstlc1sx00","6","FAAt703","BEA_API"
1990,71,"Other structures",140,"m1gstlc1sx00","6","FAAt703","BEA_API"
1991,71,"Other structures",144,"m1gstlc1sx00","6","FAAt703","BEA_API"
1992,71,"Other structures",149,"m1gstlc1sx00","6","FAAt703","BEA_API"
1993,71,"Other structures",158,"m1gstlc1sx00","6","FAAt703","BEA_API"
1994,71,"Other structures",168,"m1gstlc1sx00","6","FAAt703","BEA_API"
1995,71,"Other structures",178,"m1gstlc1sx00","6","FAAt703","BEA_API"
1996,71,"Other structures",184,"m1gstlc1sx00","6","FAAt703","BEA_API"
1997,71,"Other structures",192,"m1gstlc1sx00","6","FAAt703","BEA_API"
1998,71,"Other structures",199,"m1gstlc1sx00","6","FAAt703","BEA_API"
1999,71,"Other structures",209,"m1gstlc1sx00","6","FAAt703","BEA_API"
2000,71,"Other structures",220,"m1gstlc1sx00","6","FAAt703","BEA_API"
2001,71,"Other structures",232,"m1gstlc1sx00","6","FAAt703","BEA_API"
2002,71,"Other structures",241,"m1gstlc1sx00","6","FAAt703","BEA_API"
2003,71,"Other structures",261,"m1gstlc1sx00","6","FAAt703","BEA_API"
2004,71,"Other structures",288,"m1gstlc1sx00","6","FAAt703","BEA_API"
2005,71,"Other structures",313,"m1gstlc1sx00","6","FAAt703","BEA_API"
2006,71,"Other structures",340,"m1gstlc1sx00","6","FAAt703","BEA_API"
2007,71,"Other structures",355,"m1gstlc1sx00","6","FAAt703","BEA_API"
2008,71,"Other structures",358,"m1gstlc1sx00","6","FAAt703","BEA_API"
2009,71,"Other structures",347,"m1gstlc1sx00","6","FAAt703","BEA_API"
2010,71,"Other structures",346,"m1gstlc1sx00","6","FAAt703","BEA_API"
2011,71,"Other structures",358,"m1gstlc1sx00","6","FAAt703","BEA_API"
2012,71,"Other structures",369,"m1gstlc1sx00","6","FAAt703","BEA_API"
2013,71,"Other structures",390,"m1gstlc1sx00","6","FAAt703","BEA_API"
2014,71,"Other structures",415,"m1gstlc1sx00","6","FAAt703","BEA_API"
2015,71,"Other structures",426,"m1gstlc1sx00","6","FAAt703","BEA_API"
2016,71,"Other structures",443,"m1gstlc1sx00","6","FAAt703","BEA_API"
2017,71,"Other structures",461,"m1gstlc1sx00","6","FAAt703","BEA_API"
2018,71,"Other structures",484,"m1gstlc1sx00","6","FAAt703","BEA_API"
2019,71,"Other structures",504,"m1gstlc1sx00","6","FAAt703","BEA_API"
2020,71,"Other structures",516,"m1gstlc1sx00","6","FAAt703","BEA_API"
2021,71,"Other structures",546,"m1gstlc1sx00","6","FAAt703","BEA_API"
2022,71,"Other structures",591,"m1gstlc1sx00","6","FAAt703","BEA_API"
2023,71,"Other structures",623,"m1gstlc1sx00","6","FAAt703","BEA_API"
2024,71,"Other structures",652,"m1gstlc1sx00","6","FAAt703","BEA_API"
1925,72,"Intellectual property products",13,"m1gstlc1ip00","6","FAAt703","BEA_API"
1926,72,"Intellectual property products",15,"m1gstlc1ip00","6","FAAt703","BEA_API"
1927,72,"Intellectual property products",16,"m1gstlc1ip00","6","FAAt703","BEA_API"
1928,72,"Intellectual property products",18,"m1gstlc1ip00","6","FAAt703","BEA_API"
1929,72,"Intellectual property products",19,"m1gstlc1ip00","6","FAAt703","BEA_API"
1930,72,"Intellectual property products",21,"m1gstlc1ip00","6","FAAt703","BEA_API"
1931,72,"Intellectual property products",22,"m1gstlc1ip00","6","FAAt703","BEA_API"
1932,72,"Intellectual property products",23,"m1gstlc1ip00","6","FAAt703","BEA_API"
1933,72,"Intellectual property products",22,"m1gstlc1ip00","6","FAAt703","BEA_API"
1934,72,"Intellectual property products",23,"m1gstlc1ip00","6","FAAt703","BEA_API"
1935,72,"Intellectual property products",24,"m1gstlc1ip00","6","FAAt703","BEA_API"
1936,72,"Intellectual property products",26,"m1gstlc1ip00","6","FAAt703","BEA_API"
1937,72,"Intellectual property products",28,"m1gstlc1ip00","6","FAAt703","BEA_API"
1938,72,"Intellectual property products",30,"m1gstlc1ip00","6","FAAt703","BEA_API"
1939,72,"Intellectual property products",31,"m1gstlc1ip00","6","FAAt703","BEA_API"
1940,72,"Intellectual property products",33,"m1gstlc1ip00","6","FAAt703","BEA_API"
1941,72,"Intellectual property products",35,"m1gstlc1ip00","6","FAAt703","BEA_API"
1942,72,"Intellectual property products",39,"m1gstlc1ip00","6","FAAt703","BEA_API"
1943,72,"Intellectual property products",42,"m1gstlc1ip00","6","FAAt703","BEA_API"
1944,72,"Intellectual property products",44,"m1gstlc1ip00","6","FAAt703","BEA_API"
1945,72,"Intellectual property products",45,"m1gstlc1ip00","6","FAAt703","BEA_API"
1946,72,"Intellectual property products",48,"m1gstlc1ip00","6","FAAt703","BEA_API"
1947,72,"Intellectual property products",55,"m1gstlc1ip00","6","FAAt703","BEA_API"
1948,72,"Intellectual property products",55,"m1gstlc1ip00","6","FAAt703","BEA_API"
1949,72,"Intellectual property products",54,"m1gstlc1ip00","6","FAAt703","BEA_API"
1950,72,"Intellectual property products",56,"m1gstlc1ip00","6","FAAt703","BEA_API"
1951,72,"Intellectual property products",62,"m1gstlc1ip00","6","FAAt703","BEA_API"
1952,72,"Intellectual property products",64,"m1gstlc1ip00","6","FAAt703","BEA_API"
1953,72,"Intellectual property products",67,"m1gstlc1ip00","6","FAAt703","BEA_API"
1954,72,"Intellectual property products",71,"m1gstlc1ip00","6","FAAt703","BEA_API"
1955,72,"Intellectual property products",78,"m1gstlc1ip00","6","FAAt703","BEA_API"
1956,72,"Intellectual property products",88,"m1gstlc1ip00","6","FAAt703","BEA_API"
1957,72,"Intellectual property products",96,"m1gstlc1ip00","6","FAAt703","BEA_API"
1958,72,"Intellectual property products",105,"m1gstlc1ip00","6","FAAt703","BEA_API"
1959,72,"Intellectual property products",117,"m1gstlc1ip00","6","FAAt703","BEA_API"
1960,72,"Intellectual property products",129,"m1gstlc1ip00","6","FAAt703","BEA_API"
1961,72,"Intellectual property products",145,"m1gstlc1ip00","6","FAAt703","BEA_API"
1962,72,"Intellectual property products",162,"m1gstlc1ip00","6","FAAt703","BEA_API"
1963,72,"Intellectual property products",183,"m1gstlc1ip00","6","FAAt703","BEA_API"
1964,72,"Intellectual property products",210,"m1gstlc1ip00","6","FAAt703","BEA_API"
1965,72,"Intellectual property products",240,"m1gstlc1ip00","6","FAAt703","BEA_API"
1966,72,"Intellectual property products",278,"m1gstlc1ip00","6","FAAt703","BEA_API"
1967,72,"Intellectual property products",322,"m1gstlc1ip00","6","FAAt703","BEA_API"
1968,72,"Intellectual property products",374,"m1gstlc1ip00","6","FAAt703","BEA_API"
1969,72,"Intellectual property products",439,"m1gstlc1ip00","6","FAAt703","BEA_API"
1970,72,"Intellectual property products",517,"m1gstlc1ip00","6","FAAt703","BEA_API"
1971,72,"Intellectual property products",594,"m1gstlc1ip00","6","FAAt703","BEA_API"
1972,72,"Intellectual property products",667,"m1gstlc1ip00","6","FAAt703","BEA_API"
1973,72,"Intellectual property products",760,"m1gstlc1ip00","6","FAAt703","BEA_API"
1974,72,"Intellectual property products",901,"m1gstlc1ip00","6","FAAt703","BEA_API"
1975,72,"Intellectual property products",1032,"m1gstlc1ip00","6","FAAt703","BEA_API"
1976,72,"Intellectual property products",1151,"m1gstlc1ip00","6","FAAt703","BEA_API"
1977,72,"Intellectual property products",1282,"m1gstlc1ip00","6","FAAt703","BEA_API"
1978,72,"Intellectual property products",1444,"m1gstlc1ip00","6","FAAt703","BEA_API"
1979,72,"Intellectual property products",1676,"m1gstlc1ip00","6","FAAt703","BEA_API"
1980,72,"Intellectual property products",1982,"m1gstlc1ip00","6","FAAt703","BEA_API"
1981,72,"Intellectual property products",2327,"m1gstlc1ip00","6","FAAt703","BEA_API"
1982,72,"Intellectual property products",2663,"m1gstlc1ip00","6","FAAt703","BEA_API"
1983,72,"Intellectual property products",3000,"m1gstlc1ip00","6","FAAt703","BEA_API"
1984,72,"Intellectual property products",3399,"m1gstlc1ip00","6","FAAt703","BEA_API"
1985,72,"Intellectual property products",3818,"m1gstlc1ip00","6","FAAt703","BEA_API"
1986,72,"Intellectual property products",4213,"m1gstlc1ip00","6","FAAt703","BEA_API"
1987,72,"Intellectual property products",4674,"m1gstlc1ip00","6","FAAt703","BEA_API"
1988,72,"Intellectual property products",5271,"m1gstlc1ip00","6","FAAt703","BEA_API"
1989,72,"Intellectual property products",6079,"m1gstlc1ip00","6","FAAt703","BEA_API"
1990,72,"Intellectual property products",7063,"m1gstlc1ip00","6","FAAt703","BEA_API"
1991,72,"Intellectual property products",8086,"m1gstlc1ip00","6","FAAt703","BEA_API"
1992,72,"Intellectual property products",8905,"m1gstlc1ip00","6","FAAt703","BEA_API"
1993,72,"Intellectual property products",9825,"m1gstlc1ip00","6","FAAt703","BEA_API"
1994,72,"Intellectual property products",10491,"m1gstlc1ip00","6","FAAt703","BEA_API"
1995,72,"Intellectual property products",11183,"m1gstlc1ip00","6","FAAt703","BEA_API"
1996,72,"Intellectual property products",11541,"m1gstlc1ip00","6","FAAt703","BEA_API"
1997,72,"Intellectual property products",12120,"m1gstlc1ip00","6","FAAt703","BEA_API"
1998,72,"Intellectual property products",12941,"m1gstlc1ip00","6","FAAt703","BEA_API"
1999,72,"Intellectual property products",14017,"m1gstlc1ip00","6","FAAt703","BEA_API"
2000,72,"Intellectual property products",15258,"m1gstlc1ip00","6","FAAt703","BEA_API"
2001,72,"Intellectual property products",16208,"m1gstlc1ip00","6","FAAt703","BEA_API"
2002,72,"Intellectual property products",16794,"m1gstlc1ip00","6","FAAt703","BEA_API"
2003,72,"Intellectual property products",17418,"m1gstlc1ip00","6","FAAt703","BEA_API"
2004,72,"Intellectual property products",18299,"m1gstlc1ip00","6","FAAt703","BEA_API"
2005,72,"Intellectual property products",19394,"m1gstlc1ip00","6","FAAt703","BEA_API"
2006,72,"Intellectual property products",20617,"m1gstlc1ip00","6","FAAt703","BEA_API"
2007,72,"Intellectual property products",22026,"m1gstlc1ip00","6","FAAt703","BEA_API"
2008,72,"Intellectual property products",23723,"m1gstlc1ip00","6","FAAt703","BEA_API"
2009,72,"Intellectual property products",24715,"m1gstlc1ip00","6","FAAt703","BEA_API"
2010,72,"Intellectual property products",25442,"m1gstlc1ip00","6","FAAt703","BEA_API"
2011,72,"Intellectual property products",26319,"m1gstlc1ip00","6","FAAt703","BEA_API"
2012,72,"Intellectual property products",27363,"m1gstlc1ip00","6","FAAt703","BEA_API"
2013,72,"Intellectual property products",28617,"m1gstlc1ip00","6","FAAt703","BEA_API"
2014,72,"Intellectual property products",30390,"m1gstlc1ip00","6","FAAt703","BEA_API"
2015,72,"Intellectual property products",31801,"m1gstlc1ip00","6","FAAt703","BEA_API"
2016,72,"Intellectual property products",34093,"m1gstlc1ip00","6","FAAt703","BEA_API"
2017,72,"Intellectual property products",37093,"m1gstlc1ip00","6","FAAt703","BEA_API"
2018,72,"Intellectual property products",40766,"m1gstlc1ip00","6","FAAt703","BEA_API"
2019,72,"Intellectual property products",44081,"m1gstlc1ip00","6","FAAt703","BEA_API"
2020,72,"Intellectual property products",46881,"m1gstlc1ip00","6","FAAt703","BEA_API"
2021,72,"Intellectual property products",50067,"m1gstlc1ip00","6","FAAt703","BEA_API"
2022,72,"Intellectual property products",54581,"m1gstlc1ip00","6","FAAt703","BEA_API"
2023,72,"Intellectual property products",59391,"m1gstlc1ip00","6","FAAt703","BEA_API"
2024,72,"Intellectual property products",64630,"m1gstlc1ip00","6","FAAt703","BEA_API"
1959,73,"Software",0,"m1gstlc1ens0","6","FAAt703","BEA_API"
1960,73,"Software",2,"m1gstlc1ens0","6","FAAt703","BEA_API"
1961,73,"Software",5,"m1gstlc1ens0","6","FAAt703","BEA_API"
1962,73,"Software",9,"m1gstlc1ens0","6","FAAt703","BEA_API"
1963,73,"Software",15,"m1gstlc1ens0","6","FAAt703","BEA_API"
1964,73,"Software",24,"m1gstlc1ens0","6","FAAt703","BEA_API"
1965,73,"Software",34,"m1gstlc1ens0","6","FAAt703","BEA_API"
1966,73,"Software",47,"m1gstlc1ens0","6","FAAt703","BEA_API"
1967,73,"Software",64,"m1gstlc1ens0","6","FAAt703","BEA_API"
1968,73,"Software",79,"m1gstlc1ens0","6","FAAt703","BEA_API"
1969,73,"Software",97,"m1gstlc1ens0","6","FAAt703","BEA_API"
1970,73,"Software",123,"m1gstlc1ens0","6","FAAt703","BEA_API"
1971,73,"Software",146,"m1gstlc1ens0","6","FAAt703","BEA_API"
1972,73,"Software",167,"m1gstlc1ens0","6","FAAt703","BEA_API"
1973,73,"Software",193,"m1gstlc1ens0","6","FAAt703","BEA_API"
1974,73,"Software",233,"m1gstlc1ens0","6","FAAt703","BEA_API"
1975,73,"Software",282,"m1gstlc1ens0","6","FAAt703","BEA_API"
1976,73,"Software",327,"m1gstlc1ens0","6","FAAt703","BEA_API"
1977,73,"Software",374,"m1gstlc1ens0","6","FAAt703","BEA_API"
1978,73,"Software",425,"m1gstlc1ens0","6","FAAt703","BEA_API"
1979,73,"Software",513,"m1gstlc1ens0","6","FAAt703","BEA_API"
1980,73,"Software",634,"m1gstlc1ens0","6","FAAt703","BEA_API"
1981,73,"Software",779,"m1gstlc1ens0","6","FAAt703","BEA_API"
1982,73,"Software",930,"m1gstlc1ens0","6","FAAt703","BEA_API"
1983,73,"Software",1102,"m1gstlc1ens0","6","FAAt703","BEA_API"
1984,73,"Software",1316,"m1gstlc1ens0","6","FAAt703","BEA_API"
1985,73,"Software",1563,"m1gstlc1ens0","6","FAAt703","BEA_API"
1986,73,"Software",1787,"m1gstlc1ens0","6","FAAt703","BEA_API"
1987,73,"Software",2012,"m1gstlc1ens0","6","FAAt703","BEA_API"
1988,73,"Software",2302,"m1gstlc1ens0","6","FAAt703","BEA_API"
1989,73,"Software",2772,"m1gstlc1ens0","6","FAAt703","BEA_API"
1990,73,"Software",3426,"m1gstlc1ens0","6","FAAt703","BEA_API"
1991,73,"Software",4124,"m1gstlc1ens0","6","FAAt703","BEA_API"
1992,73,"Software",4666,"m1gstlc1ens0","6","FAAt703","BEA_API"
1993,73,"Software",5307,"m1gstlc1ens0","6","FAAt703","BEA_API"
1994,73,"Software",5706,"m1gstlc1ens0","6","FAAt703","BEA_API"
1995,73,"Software",6058,"m1gstlc1ens0","6","FAAt703","BEA_API"
1996,73,"Software",6209,"m1gstlc1ens0","6","FAAt703","BEA_API"
1997,73,"Software",6532,"m1gstlc1ens0","6","FAAt703","BEA_API"
1998,73,"Software",7068,"m1gstlc1ens0","6","FAAt703","BEA_API"
1999,73,"Software",7796,"m1gstlc1ens0","6","FAAt703","BEA_API"
2000,73,"Software",8564,"m1gstlc1ens0","6","FAAt703","BEA_API"
2001,73,"Software",9069,"m1gstlc1ens0","6","FAAt703","BEA_API"
2002,73,"Software",9243,"m1gstlc1ens0","6","FAAt703","BEA_API"
2003,73,"Software",9337,"m1gstlc1ens0","6","FAAt703","BEA_API"
2004,73,"Software",9660,"m1gstlc1ens0","6","FAAt703","BEA_API"
2005,73,"Software",10211,"m1gstlc1ens0","6","FAAt703","BEA_API"
2006,73,"Software",10871,"m1gstlc1ens0","6","FAAt703","BEA_API"
2007,73,"Software",11470,"m1gstlc1ens0","6","FAAt703","BEA_API"
2008,73,"Software",12166,"m1gstlc1ens0","6","FAAt703","BEA_API"
2009,73,"Software",12504,"m1gstlc1ens0","6","FAAt703","BEA_API"
2010,73,"Software",12605,"m1gstlc1ens0","6","FAAt703","BEA_API"
2011,73,"Software",12830,"m1gstlc1ens0","6","FAAt703","BEA_API"
2012,73,"Software",13333,"m1gstlc1ens0","6","FAAt703","BEA_API"
2013,73,"Software",14053,"m1gstlc1ens0","6","FAAt703","BEA_API"
2014,73,"Software",15075,"m1gstlc1ens0","6","FAAt703","BEA_API"
2015,73,"Software",16248,"m1gstlc1ens0","6","FAAt703","BEA_API"
2016,73,"Software",17786,"m1gstlc1ens0","6","FAAt703","BEA_API"
2017,73,"Software",19795,"m1gstlc1ens0","6","FAAt703","BEA_API"
2018,73,"Software",22290,"m1gstlc1ens0","6","FAAt703","BEA_API"
2019,73,"Software",24785,"m1gstlc1ens0","6","FAAt703","BEA_API"
2020,73,"Software",26821,"m1gstlc1ens0","6","FAAt703","BEA_API"
2021,73,"Software",29074,"m1gstlc1ens0","6","FAAt703","BEA_API"
2022,73,"Software",32229,"m1gstlc1ens0","6","FAAt703","BEA_API"
2023,73,"Software",35767,"m1gstlc1ens0","6","FAAt703","BEA_API"
2024,73,"Software",39517,"m1gstlc1ens0","6","FAAt703","BEA_API"
1925,74,"Research and development",13,"m1gstlc1rd00","6","FAAt703","BEA_API"
1926,74,"Research and development",15,"m1gstlc1rd00","6","FAAt703","BEA_API"
1927,74,"Research and development",16,"m1gstlc1rd00","6","FAAt703","BEA_API"
1928,74,"Research and development",18,"m1gstlc1rd00","6","FAAt703","BEA_API"
1929,74,"Research and development",19,"m1gstlc1rd00","6","FAAt703","BEA_API"
1930,74,"Research and development",21,"m1gstlc1rd00","6","FAAt703","BEA_API"
1931,74,"Research and development",22,"m1gstlc1rd00","6","FAAt703","BEA_API"
1932,74,"Research and development",23,"m1gstlc1rd00","6","FAAt703","BEA_API"
1933,74,"Research and development",22,"m1gstlc1rd00","6","FAAt703","BEA_API"
1934,74,"Research and development",23,"m1gstlc1rd00","6","FAAt703","BEA_API"
1935,74,"Research and development",24,"m1gstlc1rd00","6","FAAt703","BEA_API"
1936,74,"Research and development",26,"m1gstlc1rd00","6","FAAt703","BEA_API"
1937,74,"Research and development",28,"m1gstlc1rd00","6","FAAt703","BEA_API"
1938,74,"Research and development",30,"m1gstlc1rd00","6","FAAt703","BEA_API"
1939,74,"Research and development",31,"m1gstlc1rd00","6","FAAt703","BEA_API"
1940,74,"Research and development",33,"m1gstlc1rd00","6","FAAt703","BEA_API"
1941,74,"Research and development",35,"m1gstlc1rd00","6","FAAt703","BEA_API"
1942,74,"Research and development",39,"m1gstlc1rd00","6","FAAt703","BEA_API"
1943,74,"Research and development",42,"m1gstlc1rd00","6","FAAt703","BEA_API"
1944,74,"Research and development",44,"m1gstlc1rd00","6","FAAt703","BEA_API"
1945,74,"Research and development",45,"m1gstlc1rd00","6","FAAt703","BEA_API"
1946,74,"Research and development",48,"m1gstlc1rd00","6","FAAt703","BEA_API"
1947,74,"Research and development",55,"m1gstlc1rd00","6","FAAt703","BEA_API"
1948,74,"Research and development",55,"m1gstlc1rd00","6","FAAt703","BEA_API"
1949,74,"Research and development",54,"m1gstlc1rd00","6","FAAt703","BEA_API"
1950,74,"Research and development",56,"m1gstlc1rd00","6","FAAt703","BEA_API"
1951,74,"Research and development",62,"m1gstlc1rd00","6","FAAt703","BEA_API"
1952,74,"Research and development",64,"m1gstlc1rd00","6","FAAt703","BEA_API"
1953,74,"Research and development",67,"m1gstlc1rd00","6","FAAt703","BEA_API"
1954,74,"Research and development",71,"m1gstlc1rd00","6","FAAt703","BEA_API"
1955,74,"Research and development",78,"m1gstlc1rd00","6","FAAt703","BEA_API"
1956,74,"Research and development",88,"m1gstlc1rd00","6","FAAt703","BEA_API"
1957,74,"Research and development",96,"m1gstlc1rd00","6","FAAt703","BEA_API"
1958,74,"Research and development",105,"m1gstlc1rd00","6","FAAt703","BEA_API"
1959,74,"Research and development",117,"m1gstlc1rd00","6","FAAt703","BEA_API"
1960,74,"Research and development",128,"m1gstlc1rd00","6","FAAt703","BEA_API"
1961,74,"Research and development",139,"m1gstlc1rd00","6","FAAt703","BEA_API"
1962,74,"Research and development",153,"m1gstlc1rd00","6","FAAt703","BEA_API"
1963,74,"Research and development",168,"m1gstlc1rd00","6","FAAt703","BEA_API"
1964,74,"Research and development",187,"m1gstlc1rd00","6","FAAt703","BEA_API"
1965,74,"Research and development",206,"m1gstlc1rd00","6","FAAt703","BEA_API"
1966,74,"Research and development",231,"m1gstlc1rd00","6","FAAt703","BEA_API"
1967,74,"Research and development",258,"m1gstlc1rd00","6","FAAt703","BEA_API"
1968,74,"Research and development",295,"m1gstlc1rd00","6","FAAt703","BEA_API"
1969,74,"Research and development",342,"m1gstlc1rd00","6","FAAt703","BEA_API"
1970,74,"Research and development",393,"m1gstlc1rd00","6","FAAt703","BEA_API"
1971,74,"Research and development",447,"m1gstlc1rd00","6","FAAt703","BEA_API"
1972,74,"Research and development",501,"m1gstlc1rd00","6","FAAt703","BEA_API"
1973,74,"Research and development",566,"m1gstlc1rd00","6","FAAt703","BEA_API"
1974,74,"Research and development",667,"m1gstlc1rd00","6","FAAt703","BEA_API"
1975,74,"Research and development",750,"m1gstlc1rd00","6","FAAt703","BEA_API"
1976,74,"Research and development",824,"m1gstlc1rd00","6","FAAt703","BEA_API"
1977,74,"Research and development",908,"m1gstlc1rd00","6","FAAt703","BEA_API"
1978,74,"Research and development",1019,"m1gstlc1rd00","6","FAAt703","BEA_API"
1979,74,"Research and development",1163,"m1gstlc1rd00","6","FAAt703","BEA_API"
1980,74,"Research and development",1348,"m1gstlc1rd00","6","FAAt703","BEA_API"
1981,74,"Research and development",1547,"m1gstlc1rd00","6","FAAt703","BEA_API"
1982,74,"Research and development",1733,"m1gstlc1rd00","6","FAAt703","BEA_API"
1983,74,"Research and development",1898,"m1gstlc1rd00","6","FAAt703","BEA_API"
1984,74,"Research and development",2083,"m1gstlc1rd00","6","FAAt703","BEA_API"
1985,74,"Research and development",2254,"m1gstlc1rd00","6","FAAt703","BEA_API"
1986,74,"Research and development",2426,"m1gstlc1rd00","6","FAAt703","BEA_API"
1987,74,"Research and development",2663,"m1gstlc1rd00","6","FAAt703","BEA_API"
1988,74,"Research and development",2969,"m1gstlc1rd00","6","FAAt703","BEA_API"
1989,74,"Research and development",3307,"m1gstlc1rd00","6","FAAt703","BEA_API"
1990,74,"Research and development",3637,"m1gstlc1rd00","6","FAAt703","BEA_API"
1991,74,"Research and development",3962,"m1gstlc1rd00","6","FAAt703","BEA_API"
1992,74,"Research and development",4239,"m1gstlc1rd00","6","FAAt703","BEA_API"
1993,74,"Research and development",4518,"m1gstlc1rd00","6","FAAt703","BEA_API"
1994,74,"Research and development",4785,"m1gstlc1rd00","6","FAAt703","BEA_API"
1995,74,"Research and development",5125,"m1gstlc1rd00","6","FAAt703","BEA_API"
1996,74,"Research and development",5332,"m1gstlc1rd00","6","FAAt703","BEA_API"
1997,74,"Research and development",5587,"m1gstlc1rd00","6","FAAt703","BEA_API"
1998,74,"Research and development",5873,"m1gstlc1rd00","6","FAAt703","BEA_API"
1999,74,"Research and development",6221,"m1gstlc1rd00","6","FAAt703","BEA_API"
2000,74,"Research and development",6694,"m1gstlc1rd00","6","FAAt703","BEA_API"
2001,74,"Research and development",7139,"m1gstlc1rd00","6","FAAt703","BEA_API"
2002,74,"Research and development",7551,"m1gstlc1rd00","6","FAAt703","BEA_API"
2003,74,"Research and development",8081,"m1gstlc1rd00","6","FAAt703","BEA_API"
2004,74,"Research and development",8639,"m1gstlc1rd00","6","FAAt703","BEA_API"
2005,74,"Research and development",9184,"m1gstlc1rd00","6","FAAt703","BEA_API"
2006,74,"Research and development",9746,"m1gstlc1rd00","6","FAAt703","BEA_API"
2007,74,"Research and development",10556,"m1gstlc1rd00","6","FAAt703","BEA_API"
2008,74,"Research and development",11557,"m1gstlc1rd00","6","FAAt703","BEA_API"
2009,74,"Research and development",12211,"m1gstlc1rd00","6","FAAt703","BEA_API"
2010,74,"Research and development",12837,"m1gstlc1rd00","6","FAAt703","BEA_API"
2011,74,"Research and development",13489,"m1gstlc1rd00","6","FAAt703","BEA_API"
2012,74,"Research and development",14029,"m1gstlc1rd00","6","FAAt703","BEA_API"
2013,74,"Research and development",14564,"m1gstlc1rd00","6","FAAt703","BEA_API"
2014,74,"Research and development",15315,"m1gstlc1rd00","6","FAAt703","BEA_API"
2015,74,"Research and development",15553,"m1gstlc1rd00","6","FAAt703","BEA_API"
2016,74,"Research and development",16308,"m1gstlc1rd00","6","FAAt703","BEA_API"
2017,74,"Research and development",17298,"m1gstlc1rd00","6","FAAt703","BEA_API"
2018,74,"Research and development",18476,"m1gstlc1rd00","6","FAAt703","BEA_API"
2019,74,"Research and development",19295,"m1gstlc1rd00","6","FAAt703","BEA_API"
2020,74,"Research and development",20060,"m1gstlc1rd00","6","FAAt703","BEA_API"
2021,74,"Research and development",20993,"m1gstlc1rd00","6","FAAt703","BEA_API"
2022,74,"Research and development",22352,"m1gstlc1rd00","6","FAAt703","BEA_API"
2023,74,"Research and development",23625,"m1gstlc1rd00","6","FAAt703","BEA_API"
2024,74,"Research and development",25113,"m1gstlc1rd00","6","FAAt703","BEA_API"
1925,75,"General government fixed assets",805,"m1gtotlges00","6","FAAt703","BEA_API"
1926,75,"General government fixed assets",817,"m1gtotlges00","6","FAAt703","BEA_API"
1927,75,"General government fixed assets",843,"m1gtotlges00","6","FAAt703","BEA_API"
1928,75,"General government fixed assets",848,"m1gtotlges00","6","FAAt703","BEA_API"
1929,75,"General government fixed assets",872,"m1gtotlges00","6","FAAt703","BEA_API"
1930,75,"General government fixed assets",864,"m1gtotlges00","6","FAAt703","BEA_API"
1931,75,"General government fixed assets",831,"m1gtotlges00","6","FAAt703","BEA_API"
1932,75,"General government fixed assets",749,"m1gtotlges00","6","FAAt703","BEA_API"
1933,75,"General government fixed assets",834,"m1gtotlges00","6","FAAt703","BEA_API"
1934,75,"General government fixed assets",967,"m1gtotlges00","6","FAAt703","BEA_API"
1935,75,"General government fixed assets",992,"m1gtotlges00","6","FAAt703","BEA_API"
1936,75,"General government fixed assets",1105,"m1gtotlges00","6","FAAt703","BEA_API"
1937,75,"General government fixed assets",1185,"m1gtotlges00","6","FAAt703","BEA_API"
1938,75,"General government fixed assets",1236,"m1gtotlges00","6","FAAt703","BEA_API"
1939,75,"General government fixed assets",1282,"m1gtotlges00","6","FAAt703","BEA_API"
1940,75,"General government fixed assets",1358,"m1gtotlges00","6","FAAt703","BEA_API"
1941,75,"General government fixed assets",1844,"m1gtotlges00","6","FAAt703","BEA_API"
1942,75,"General government fixed assets",3373,"m1gtotlges00","6","FAAt703","BEA_API"
1943,75,"General government fixed assets",6206,"m1gtotlges00","6","FAAt703","BEA_API"
1944,75,"General government fixed assets",9002,"m1gtotlges00","6","FAAt703","BEA_API"
1945,75,"General government fixed assets",10297,"m1gtotlges00","6","FAAt703","BEA_API"
1946,75,"General government fixed assets",11111,"m1gtotlges00","6","FAAt703","BEA_API"
1947,75,"General government fixed assets",11006,"m1gtotlges00","6","FAAt703","BEA_API"
1948,75,"General government fixed assets",10059,"m1gtotlges00","6","FAAt703","BEA_API"
1949,75,"General government fixed assets",9200,"m1gtotlges00","6","FAAt703","BEA_API"
1950,75,"General government fixed assets",8572,"m1gtotlges00","6","FAAt703","BEA_API"
1951,75,"General government fixed assets",9490,"m1gtotlges00","6","FAAt703","BEA_API"
1952,75,"General government fixed assets",10507,"m1gtotlges00","6","FAAt703","BEA_API"
1953,75,"General government fixed assets",11568,"m1gtotlges00","6","FAAt703","BEA_API"
1954,75,"General government fixed assets",12299,"m1gtotlges00","6","FAAt703","BEA_API"
1955,75,"General government fixed assets",13096,"m1gtotlges00","6","FAAt703","BEA_API"
1956,75,"General government fixed assets",14454,"m1gtotlges00","6","FAAt703","BEA_API"
1957,75,"General government fixed assets",15716,"m1gtotlges00","6","FAAt703","BEA_API"
1958,75,"General government fixed assets",16553,"m1gtotlges00","6","FAAt703","BEA_API"
1959,75,"General government fixed assets",17612,"m1gtotlges00","6","FAAt703","BEA_API"
1960,75,"General government fixed assets",18615,"m1gtotlges00","6","FAAt703","BEA_API"
1961,75,"General government fixed assets",19683,"m1gtotlges00","6","FAAt703","BEA_API"
1962,75,"General government fixed assets",21077,"m1gtotlges00","6","FAAt703","BEA_API"
1963,75,"General government fixed assets",22565,"m1gtotlges00","6","FAAt703","BEA_API"
1964,75,"General government fixed assets",23735,"m1gtotlges00","6","FAAt703","BEA_API"
1965,75,"General government fixed assets",24944,"m1gtotlges00","6","FAAt703","BEA_API"
1966,75,"General government fixed assets",26512,"m1gtotlges00","6","FAAt703","BEA_API"
1967,75,"General government fixed assets",28456,"m1gtotlges00","6","FAAt703","BEA_API"
1968,75,"General government fixed assets",30792,"m1gtotlges00","6","FAAt703","BEA_API"
1969,75,"General government fixed assets",33238,"m1gtotlges00","6","FAAt703","BEA_API"
1970,75,"General government fixed assets",36082,"m1gtotlges00","6","FAAt703","BEA_API"
1971,75,"General government fixed assets",38494,"m1gtotlges00","6","FAAt703","BEA_API"
1972,75,"General government fixed assets",40378,"m1gtotlges00","6","FAAt703","BEA_API"
1973,75,"General government fixed assets",43509,"m1gtotlges00","6","FAAt703","BEA_API"
1974,75,"General government fixed assets",49389,"m1gtotlges00","6","FAAt703","BEA_API"
1975,75,"General government fixed assets",54643,"m1gtotlges00","6","FAAt703","BEA_API"
1976,75,"General government fixed assets",58252,"m1gtotlges00","6","FAAt703","BEA_API"
1977,75,"General government fixed assets",62688,"m1gtotlges00","6","FAAt703","BEA_API"
1978,75,"General government fixed assets",68359,"m1gtotlges00","6","FAAt703","BEA_API"
1979,75,"General government fixed assets",75599,"m1gtotlges00","6","FAAt703","BEA_API"
1980,75,"General government fixed assets",84678,"m1gtotlges00","6","FAAt703","BEA_API"
1981,75,"General government fixed assets",95314,"m1gtotlges00","6","FAAt703","BEA_API"
1982,75,"General government fixed assets",105787,"m1gtotlges00","6","FAAt703","BEA_API"
1983,75,"General government fixed assets",112892,"m1gtotlges00","6","FAAt703","BEA_API"
1984,75,"General government fixed assets",123120,"m1gtotlges00","6","FAAt703","BEA_API"
1985,75,"General government fixed assets",131028,"m1gtotlges00","6","FAAt703","BEA_API"
1986,75,"General government fixed assets",139892,"m1gtotlges00","6","FAAt703","BEA_API"
1987,75,"General government fixed assets",149567,"m1gtotlges00","6","FAAt703","BEA_API"
1988,75,"General government fixed assets",160956,"m1gtotlges00","6","FAAt703","BEA_API"
1989,75,"General government fixed assets",171969,"m1gtotlges00","6","FAAt703","BEA_API"
1990,75,"General government fixed assets",182278,"m1gtotlges00","6","FAAt703","BEA_API"
1991,75,"General government fixed assets",192076,"m1gtotlges00","6","FAAt703","BEA_API"
1992,75,"General government fixed assets",197595,"m1gtotlges00","6","FAAt703","BEA_API"
1993,75,"General government fixed assets",204005,"m1gtotlges00","6","FAAt703","BEA_API"
1994,75,"General government fixed assets",210769,"m1gtotlges00","6","FAAt703","BEA_API"
1995,75,"General government fixed assets",218099,"m1gtotlges00","6","FAAt703","BEA_API"
1996,75,"General government fixed assets",221578,"m1gtotlges00","6","FAAt703","BEA_API"
1997,75,"General government fixed assets",225618,"m1gtotlges00","6","FAAt703","BEA_API"
1998,75,"General government fixed assets",230762,"m1gtotlges00","6","FAAt703","BEA_API"
1999,75,"General government fixed assets",238353,"m1gtotlges00","6","FAAt703","BEA_API"
2000,75,"General government fixed assets",249011,"m1gtotlges00","6","FAAt703","BEA_API"
2001,75,"General government fixed assets",256298,"m1gtotlges00","6","FAAt703","BEA_API"
2002,75,"General government fixed assets",263031,"m1gtotlges00","6","FAAt703","BEA_API"
2003,75,"General government fixed assets",272257,"m1gtotlges00","6","FAAt703","BEA_API"
2004,75,"General government fixed assets",286641,"m1gtotlges00","6","FAAt703","BEA_API"
2005,75,"General government fixed assets",306910,"m1gtotlges00","6","FAAt703","BEA_API"
2006,75,"General government fixed assets",327412,"m1gtotlges00","6","FAAt703","BEA_API"
2007,75,"General government fixed assets",351229,"m1gtotlges00","6","FAAt703","BEA_API"
2008,75,"General government fixed assets",375695,"m1gtotlges00","6","FAAt703","BEA_API"
2009,75,"General government fixed assets",389761,"m1gtotlges00","6","FAAt703","BEA_API"
2010,75,"General government fixed assets",402124,"m1gtotlges00","6","FAAt703","BEA_API"
2011,75,"General government fixed assets",419227,"m1gtotlges00","6","FAAt703","BEA_API"
2012,75,"General government fixed assets",432835,"m1gtotlges00","6","FAAt703","BEA_API"
2013,75,"General government fixed assets",442047,"m1gtotlges00","6","FAAt703","BEA_API"
2014,75,"General government fixed assets",453038,"m1gtotlges00","6","FAAt703","BEA_API"
2015,75,"General government fixed assets",457867,"m1gtotlges00","6","FAAt703","BEA_API"
2016,75,"General government fixed assets",463523,"m1gtotlges00","6","FAAt703","BEA_API"
2017,75,"General government fixed assets",477827,"m1gtotlges00","6","FAAt703","BEA_API"
2018,75,"General government fixed assets",499177,"m1gtotlges00","6","FAAt703","BEA_API"
2019,75,"General government fixed assets",517568,"m1gtotlges00","6","FAAt703","BEA_API"
2020,75,"General government fixed assets",534464,"m1gtotlges00","6","FAAt703","BEA_API"
2021,75,"General government fixed assets",568709,"m1gtotlges00","6","FAAt703","BEA_API"
2022,75,"General government fixed assets",627749,"m1gtotlges00","6","FAAt703","BEA_API"
2023,75,"General government fixed assets",662822,"m1gtotlges00","6","FAAt703","BEA_API"
2024,75,"General government fixed assets",704066,"m1gtotlges00","6","FAAt703","BEA_API"
1925,76,"Equipment",216,"m1gtotlgeq00","6","FAAt703","BEA_API"
1926,76,"Equipment",221,"m1gtotlgeq00","6","FAAt703","BEA_API"
1927,76,"Equipment",225,"m1gtotlgeq00","6","FAAt703","BEA_API"
1928,76,"Equipment",232,"m1gtotlgeq00","6","FAAt703","BEA_API"
1929,76,"Equipment",237,"m1gtotlgeq00","6","FAAt703","BEA_API"
1930,76,"Equipment",236,"m1gtotlgeq00","6","FAAt703","BEA_API"
1931,76,"Equipment",232,"m1gtotlgeq00","6","FAAt703","BEA_API"
1932,76,"Equipment",235,"m1gtotlgeq00","6","FAAt703","BEA_API"
1933,76,"Equipment",231,"m1gtotlgeq00","6","FAAt703","BEA_API"
1934,76,"Equipment",251,"m1gtotlgeq00","6","FAAt703","BEA_API"
1935,76,"Equipment",271,"m1gtotlgeq00","6","FAAt703","BEA_API"
1936,76,"Equipment",286,"m1gtotlgeq00","6","FAAt703","BEA_API"
1937,76,"Equipment",318,"m1gtotlgeq00","6","FAAt703","BEA_API"
1938,76,"Equipment",335,"m1gtotlgeq00","6","FAAt703","BEA_API"
1939,76,"Equipment",358,"m1gtotlgeq00","6","FAAt703","BEA_API"
1940,76,"Equipment",395,"m1gtotlgeq00","6","FAAt703","BEA_API"
1941,76,"Equipment",692,"m1gtotlgeq00","6","FAAt703","BEA_API"
1942,76,"Equipment",1792,"m1gtotlgeq00","6","FAAt703","BEA_API"
1943,76,"Equipment",4190,"m1gtotlgeq00","6","FAAt703","BEA_API"
1944,76,"Equipment",6765,"m1gtotlgeq00","6","FAAt703","BEA_API"
1945,76,"Equipment",7874,"m1gtotlgeq00","6","FAAt703","BEA_API"
1946,76,"Equipment",8279,"m1gtotlgeq00","6","FAAt703","BEA_API"
1947,76,"Equipment",7634,"m1gtotlgeq00","6","FAAt703","BEA_API"
1948,76,"Equipment",6356,"m1gtotlgeq00","6","FAAt703","BEA_API"
1949,76,"Equipment",5397,"m1gtotlgeq00","6","FAAt703","BEA_API"
1950,76,"Equipment",4749,"m1gtotlgeq00","6","FAAt703","BEA_API"
1951,76,"Equipment",4863,"m1gtotlgeq00","6","FAAt703","BEA_API"
1952,76,"Equipment",5534,"m1gtotlgeq00","6","FAAt703","BEA_API"
1953,76,"Equipment",6283,"m1gtotlgeq00","6","FAAt703","BEA_API"
1954,76,"Equipment",6948,"m1gtotlgeq00","6","FAAt703","BEA_API"
1955,76,"Equipment",7337,"m1gtotlgeq00","6","FAAt703","BEA_API"
1956,76,"Equipment",7822,"m1gtotlgeq00","6","FAAt703","BEA_API"
1957,76,"Equipment",8212,"m1gtotlgeq00","6","FAAt703","BEA_API"
1958,76,"Equipment",8287,"m1gtotlgeq00","6","FAAt703","BEA_API"
1959,76,"Equipment",8625,"m1gtotlgeq00","6","FAAt703","BEA_API"
1960,76,"Equipment",8998,"m1gtotlgeq00","6","FAAt703","BEA_API"
1961,76,"Equipment",9316,"m1gtotlgeq00","6","FAAt703","BEA_API"
1962,76,"Equipment",9875,"m1gtotlgeq00","6","FAAt703","BEA_API"
1963,76,"Equipment",10438,"m1gtotlgeq00","6","FAAt703","BEA_API"
1964,76,"Equipment",10602,"m1gtotlgeq00","6","FAAt703","BEA_API"
1965,76,"Equipment",10835,"m1gtotlgeq00","6","FAAt703","BEA_API"
1966,76,"Equipment",11171,"m1gtotlgeq00","6","FAAt703","BEA_API"
1967,76,"Equipment",11820,"m1gtotlgeq00","6","FAAt703","BEA_API"
1968,76,"Equipment",12510,"m1gtotlgeq00","6","FAAt703","BEA_API"
1969,76,"Equipment",13012,"m1gtotlgeq00","6","FAAt703","BEA_API"
1970,76,"Equipment",13495,"m1gtotlgeq00","6","FAAt703","BEA_API"
1971,76,"Equipment",13646,"m1gtotlgeq00","6","FAAt703","BEA_API"
1972,76,"Equipment",13685,"m1gtotlgeq00","6","FAAt703","BEA_API"
1973,76,"Equipment",13998,"m1gtotlgeq00","6","FAAt703","BEA_API"
1974,76,"Equipment",14986,"m1gtotlgeq00","6","FAAt703","BEA_API"
1975,76,"Equipment",16556,"m1gtotlgeq00","6","FAAt703","BEA_API"
1976,76,"Equipment",18332,"m1gtotlgeq00","6","FAAt703","BEA_API"
1977,76,"Equipment",20097,"m1gtotlgeq00","6","FAAt703","BEA_API"
1978,76,"Equipment",22380,"m1gtotlgeq00","6","FAAt703","BEA_API"
1979,76,"Equipment",24422,"m1gtotlgeq00","6","FAAt703","BEA_API"
1980,76,"Equipment",26500,"m1gtotlgeq00","6","FAAt703","BEA_API"
1981,76,"Equipment",29418,"m1gtotlgeq00","6","FAAt703","BEA_API"
1982,76,"Equipment",33237,"m1gtotlgeq00","6","FAAt703","BEA_API"
1983,76,"Equipment",36230,"m1gtotlgeq00","6","FAAt703","BEA_API"
1984,76,"Equipment",41198,"m1gtotlgeq00","6","FAAt703","BEA_API"
1985,76,"Equipment",43357,"m1gtotlgeq00","6","FAAt703","BEA_API"
1986,76,"Equipment",45986,"m1gtotlgeq00","6","FAAt703","BEA_API"
1987,76,"Equipment",48678,"m1gtotlgeq00","6","FAAt703","BEA_API"
1988,76,"Equipment",52177,"m1gtotlgeq00","6","FAAt703","BEA_API"
1989,76,"Equipment",56312,"m1gtotlgeq00","6","FAAt703","BEA_API"
1990,76,"Equipment",60281,"m1gtotlgeq00","6","FAAt703","BEA_API"
1991,76,"Equipment",64255,"m1gtotlgeq00","6","FAAt703","BEA_API"
1992,76,"Equipment",66602,"m1gtotlgeq00","6","FAAt703","BEA_API"
1993,76,"Equipment",68937,"m1gtotlgeq00","6","FAAt703","BEA_API"
1994,76,"Equipment",71979,"m1gtotlgeq00","6","FAAt703","BEA_API"
1995,76,"Equipment",73177,"m1gtotlgeq00","6","FAAt703","BEA_API"
1996,76,"Equipment",73437,"m1gtotlgeq00","6","FAAt703","BEA_API"
1997,76,"Equipment",72686,"m1gtotlgeq00","6","FAAt703","BEA_API"
1998,76,"Equipment",73328,"m1gtotlgeq00","6","FAAt703","BEA_API"
1999,76,"Equipment",74301,"m1gtotlgeq00","6","FAAt703","BEA_API"
2000,76,"Equipment",76470,"m1gtotlgeq00","6","FAAt703","BEA_API"
2001,76,"Equipment",77570,"m1gtotlgeq00","6","FAAt703","BEA_API"
2002,76,"Equipment",78574,"m1gtotlgeq00","6","FAAt703","BEA_API"
2003,76,"Equipment",80184,"m1gtotlgeq00","6","FAAt703","BEA_API"
2004,76,"Equipment",82949,"m1gtotlgeq00","6","FAAt703","BEA_API"
2005,76,"Equipment",86112,"m1gtotlgeq00","6","FAAt703","BEA_API"
2006,76,"Equipment",89742,"m1gtotlgeq00","6","FAAt703","BEA_API"
2007,76,"Equipment",94499,"m1gtotlgeq00","6","FAAt703","BEA_API"
2008,76,"Equipment",100945,"m1gtotlgeq00","6","FAAt703","BEA_API"
2009,76,"Equipment",106518,"m1gtotlgeq00","6","FAAt703","BEA_API"
2010,76,"Equipment",110812,"m1gtotlgeq00","6","FAAt703","BEA_API"
2011,76,"Equipment",115161,"m1gtotlgeq00","6","FAAt703","BEA_API"
2012,76,"Equipment",117616,"m1gtotlgeq00","6","FAAt703","BEA_API"
2013,76,"Equipment",117820,"m1gtotlgeq00","6","FAAt703","BEA_API"
2014,76,"Equipment",117913,"m1gtotlgeq00","6","FAAt703","BEA_API"
2015,76,"Equipment",117100,"m1gtotlgeq00","6","FAAt703","BEA_API"
2016,76,"Equipment",116560,"m1gtotlgeq00","6","FAAt703","BEA_API"
2017,76,"Equipment",117296,"m1gtotlgeq00","6","FAAt703","BEA_API"
2018,76,"Equipment",119634,"m1gtotlgeq00","6","FAAt703","BEA_API"
2019,76,"Equipment",121997,"m1gtotlgeq00","6","FAAt703","BEA_API"
2020,76,"Equipment",125464,"m1gtotlgeq00","6","FAAt703","BEA_API"
2021,76,"Equipment",132463,"m1gtotlgeq00","6","FAAt703","BEA_API"
2022,76,"Equipment",143450,"m1gtotlgeq00","6","FAAt703","BEA_API"
2023,76,"Equipment",148752,"m1gtotlgeq00","6","FAAt703","BEA_API"
2024,76,"Equipment",166613,"m1gtotlgeq00","6","FAAt703","BEA_API"
1925,77,"Structures",576,"m1gtotlgst00","6","FAAt703","BEA_API"
1926,77,"Structures",581,"m1gtotlgst00","6","FAAt703","BEA_API"
1927,77,"Structures",601,"m1gtotlgst00","6","FAAt703","BEA_API"
1928,77,"Structures",598,"m1gtotlgst00","6","FAAt703","BEA_API"
1929,77,"Structures",613,"m1gtotlgst00","6","FAAt703","BEA_API"
1930,77,"Structures",600,"m1gtotlgst00","6","FAAt703","BEA_API"
1931,77,"Structures",562,"m1gtotlgst00","6","FAAt703","BEA_API"
1932,77,"Structures",468,"m1gtotlgst00","6","FAAt703","BEA_API"
1933,77,"Structures",551,"m1gtotlgst00","6","FAAt703","BEA_API"
1934,77,"Structures",656,"m1gtotlgst00","6","FAAt703","BEA_API"
1935,77,"Structures",660,"m1gtotlgst00","6","FAAt703","BEA_API"
1936,77,"Structures",749,"m1gtotlgst00","6","FAAt703","BEA_API"
1937,77,"Structures",790,"m1gtotlgst00","6","FAAt703","BEA_API"
1938,77,"Structures",819,"m1gtotlgst00","6","FAAt703","BEA_API"
1939,77,"Structures",839,"m1gtotlgst00","6","FAAt703","BEA_API"
1940,77,"Structures",873,"m1gtotlgst00","6","FAAt703","BEA_API"
1941,77,"Structures",1041,"m1gtotlgst00","6","FAAt703","BEA_API"
1942,77,"Structures",1403,"m1gtotlgst00","6","FAAt703","BEA_API"
1943,77,"Structures",1721,"m1gtotlgst00","6","FAAt703","BEA_API"
1944,77,"Structures",1723,"m1gtotlgst00","6","FAAt703","BEA_API"
1945,77,"Structures",1735,"m1gtotlgst00","6","FAAt703","BEA_API"
1946,77,"Structures",2000,"m1gtotlgst00","6","FAAt703","BEA_API"
1947,77,"Structures",2384,"m1gtotlgst00","6","FAAt703","BEA_API"
1948,77,"Structures",2617,"m1gtotlgst00","6","FAAt703","BEA_API"
1949,77,"Structures",2598,"m1gtotlgst00","6","FAAt703","BEA_API"
1950,77,"Structures",2501,"m1gtotlgst00","6","FAAt703","BEA_API"
1951,77,"Structures",3096,"m1gtotlgst00","6","FAAt703","BEA_API"
1952,77,"Structures",3299,"m1gtotlgst00","6","FAAt703","BEA_API"
1953,77,"Structures",3437,"m1gtotlgst00","6","FAAt703","BEA_API"
1954,77,"Structures",3319,"m1gtotlgst00","6","FAAt703","BEA_API"
1955,77,"Structures",3449,"m1gtotlgst00","6","FAAt703","BEA_API"
1956,77,"Structures",3895,"m1gtotlgst00","6","FAAt703","BEA_API"
1957,77,"Structures",4225,"m1gtotlgst00","6","FAAt703","BEA_API"
1958,77,"Structures",4391,"m1gtotlgst00","6","FAAt703","BEA_API"
1959,77,"Structures",4553,"m1gtotlgst00","6","FAAt703","BEA_API"
1960,77,"Structures",4646,"m1gtotlgst00","6","FAAt703","BEA_API"
1961,77,"Structures",4835,"m1gtotlgst00","6","FAAt703","BEA_API"
1962,77,"Structures",5091,"m1gtotlgst00","6","FAAt703","BEA_API"
1963,77,"Structures",5398,"m1gtotlgst00","6","FAAt703","BEA_API"
1964,77,"Structures",5670,"m1gtotlgst00","6","FAAt703","BEA_API"
1965,77,"Structures",6023,"m1gtotlgst00","6","FAAt703","BEA_API"
1966,77,"Structures",6528,"m1gtotlgst00","6","FAAt703","BEA_API"
1967,77,"Structures",7013,"m1gtotlgst00","6","FAAt703","BEA_API"
1968,77,"Structures",7635,"m1gtotlgst00","6","FAAt703","BEA_API"
1969,77,"Structures",8457,"m1gtotlgst00","6","FAAt703","BEA_API"
1970,77,"Structures",9496,"m1gtotlgst00","6","FAAt703","BEA_API"
1971,77,"Structures",10554,"m1gtotlgst00","6","FAAt703","BEA_API"
1972,77,"Structures",11393,"m1gtotlgst00","6","FAAt703","BEA_API"
1973,77,"Structures",12826,"m1gtotlgst00","6","FAAt703","BEA_API"
1974,77,"Structures",15651,"m1gtotlgst00","6","FAAt703","BEA_API"
1975,77,"Structures",17455,"m1gtotlgst00","6","FAAt703","BEA_API"
1976,77,"Structures",17883,"m1gtotlgst00","6","FAAt703","BEA_API"
1977,77,"Structures",18840,"m1gtotlgst00","6","FAAt703","BEA_API"
1978,77,"Structures",20134,"m1gtotlgst00","6","FAAt703","BEA_API"
1979,77,"Structures",22514,"m1gtotlgst00","6","FAAt703","BEA_API"
1980,77,"Structures",25696,"m1gtotlgst00","6","FAAt703","BEA_API"
1981,77,"Structures",29078,"m1gtotlgst00","6","FAAt703","BEA_API"
1982,77,"Structures",31387,"m1gtotlgst00","6","FAAt703","BEA_API"
1983,77,"Structures",31614,"m1gtotlgst00","6","FAAt703","BEA_API"
1984,77,"Structures",32269,"m1gtotlgst00","6","FAAt703","BEA_API"
1985,77,"Structures",33381,"m1gtotlgst00","6","FAAt703","BEA_API"
1986,77,"Structures",35114,"m1gtotlgst00","6","FAAt703","BEA_API"
1987,77,"Structures",37260,"m1gtotlgst00","6","FAAt703","BEA_API"
1988,77,"Structures",38818,"m1gtotlgst00","6","FAAt703","BEA_API"
1989,77,"Structures",40451,"m1gtotlgst00","6","FAAt703","BEA_API"
1990,77,"Structures",42452,"m1gtotlgst00","6","FAAt703","BEA_API"
1991,77,"Structures",43984,"m1gtotlgst00","6","FAAt703","BEA_API"
1992,77,"Structures",45070,"m1gtotlgst00","6","FAAt703","BEA_API"
1993,77,"Structures",47084,"m1gtotlgst00","6","FAAt703","BEA_API"
1994,77,"Structures",49371,"m1gtotlgst00","6","FAAt703","BEA_API"
1995,77,"Structures",52434,"m1gtotlgst00","6","FAAt703","BEA_API"
1996,77,"Structures",55018,"m1gtotlgst00","6","FAAt703","BEA_API"
1997,77,"Structures",57991,"m1gtotlgst00","6","FAAt703","BEA_API"
1998,77,"Structures",60875,"m1gtotlgst00","6","FAAt703","BEA_API"
1999,77,"Structures",64426,"m1gtotlgst00","6","FAAt703","BEA_API"
2000,77,"Structures",68641,"m1gtotlgst00","6","FAAt703","BEA_API"
2001,77,"Structures",72584,"m1gtotlgst00","6","FAAt703","BEA_API"
2002,77,"Structures",76012,"m1gtotlgst00","6","FAAt703","BEA_API"
2003,77,"Structures",79452,"m1gtotlgst00","6","FAAt703","BEA_API"
2004,77,"Structures",85420,"m1gtotlgst00","6","FAAt703","BEA_API"
2005,77,"Structures",95851,"m1gtotlgst00","6","FAAt703","BEA_API"
2006,77,"Structures",106050,"m1gtotlgst00","6","FAAt703","BEA_API"
2007,77,"Structures",117482,"m1gtotlgst00","6","FAAt703","BEA_API"
2008,77,"Structures",127065,"m1gtotlgst00","6","FAAt703","BEA_API"
2009,77,"Structures",131673,"m1gtotlgst00","6","FAAt703","BEA_API"
2010,77,"Structures",133221,"m1gtotlgst00","6","FAAt703","BEA_API"
2011,77,"Structures",139404,"m1gtotlgst00","6","FAAt703","BEA_API"
2012,77,"Structures",146003,"m1gtotlgst00","6","FAAt703","BEA_API"
2013,77,"Structures",150508,"m1gtotlgst00","6","FAAt703","BEA_API"
2014,77,"Structures",155258,"m1gtotlgst00","6","FAAt703","BEA_API"
2015,77,"Structures",158066,"m1gtotlgst00","6","FAAt703","BEA_API"
2016,77,"Structures",160819,"m1gtotlgst00","6","FAAt703","BEA_API"
2017,77,"Structures",166624,"m1gtotlgst00","6","FAAt703","BEA_API"
2018,77,"Structures",175366,"m1gtotlgst00","6","FAAt703","BEA_API"
2019,77,"Structures",183297,"m1gtotlgst00","6","FAAt703","BEA_API"
2020,77,"Structures",186958,"m1gtotlgst00","6","FAAt703","BEA_API"
2021,77,"Structures",201313,"m1gtotlgst00","6","FAAt703","BEA_API"
2022,77,"Structures",228398,"m1gtotlgst00","6","FAAt703","BEA_API"
2023,77,"Structures",241633,"m1gtotlgst00","6","FAAt703","BEA_API"
2024,77,"Structures",247551,"m1gtotlgst00","6","FAAt703","BEA_API"
1925,78,"Intellectual property products",13,"m1gtotlgip00","6","FAAt703","BEA_API"
1926,78,"Intellectual property products",15,"m1gtotlgip00","6","FAAt703","BEA_API"
1927,78,"Intellectual property products",16,"m1gtotlgip00","6","FAAt703","BEA_API"
1928,78,"Intellectual property products",18,"m1gtotlgip00","6","FAAt703","BEA_API"
1929,78,"Intellectual property products",22,"m1gtotlgip00","6","FAAt703","BEA_API"
1930,78,"Intellectual property products",29,"m1gtotlgip00","6","FAAt703","BEA_API"
1931,78,"Intellectual property products",37,"m1gtotlgip00","6","FAAt703","BEA_API"
1932,78,"Intellectual property products",45,"m1gtotlgip00","6","FAAt703","BEA_API"
1933,78,"Intellectual property products",52,"m1gtotlgip00","6","FAAt703","BEA_API"
1934,78,"Intellectual property products",60,"m1gtotlgip00","6","FAAt703","BEA_API"
1935,78,"Intellectual property products",61,"m1gtotlgip00","6","FAAt703","BEA_API"
1936,78,"Intellectual property products",69,"m1gtotlgip00","6","FAAt703","BEA_API"
1937,78,"Intellectual property products",77,"m1gtotlgip00","6","FAAt703","BEA_API"
1938,78,"Intellectual property products",82,"m1gtotlgip00","6","FAAt703","BEA_API"
1939,78,"Intellectual property products",85,"m1gtotlgip00","6","FAAt703","BEA_API"
1940,78,"Intellectual property products",90,"m1gtotlgip00","6","FAAt703","BEA_API"
1941,78,"Intellectual property products",111,"m1gtotlgip00","6","FAAt703","BEA_API"
1942,78,"Intellectual property products",178,"m1gtotlgip00","6","FAAt703","BEA_API"
1943,78,"Intellectual property products",295,"m1gtotlgip00","6","FAAt703","BEA_API"
1944,78,"Intellectual property products",514,"m1gtotlgip00","6","FAAt703","BEA_API"
1945,78,"Intellectual property products",687,"m1gtotlgip00","6","FAAt703","BEA_API"
1946,78,"Intellectual property products",831,"m1gtotlgip00","6","FAAt703","BEA_API"
1947,78,"Intellectual property products",989,"m1gtotlgip00","6","FAAt703","BEA_API"
1948,78,"Intellectual property products",1087,"m1gtotlgip00","6","FAAt703","BEA_API"
1949,78,"Intellectual property products",1204,"m1gtotlgip00","6","FAAt703","BEA_API"
1950,78,"Intellectual property products",1322,"m1gtotlgip00","6","FAAt703","BEA_API"
1951,78,"Intellectual property products",1531,"m1gtotlgip00","6","FAAt703","BEA_API"
1952,78,"Intellectual property products",1674,"m1gtotlgip00","6","FAAt703","BEA_API"
1953,78,"Intellectual property products",1848,"m1gtotlgip00","6","FAAt703","BEA_API"
1954,78,"Intellectual property products",2031,"m1gtotlgip00","6","FAAt703","BEA_API"
1955,78,"Intellectual property products",2309,"m1gtotlgip00","6","FAAt703","BEA_API"
1956,78,"Intellectual property products",2737,"m1gtotlgip00","6","FAAt703","BEA_API"
1957,78,"Intellectual property products",3279,"m1gtotlgip00","6","FAAt703","BEA_API"
1958,78,"Intellectual property products",3875,"m1gtotlgip00","6","FAAt703","BEA_API"
1959,78,"Intellectual property products",4434,"m1gtotlgip00","6","FAAt703","BEA_API"
1960,78,"Intellectual property products",4971,"m1gtotlgip00","6","FAAt703","BEA_API"
1961,78,"Intellectual property products",5532,"m1gtotlgip00","6","FAAt703","BEA_API"
1962,78,"Intellectual property products",6111,"m1gtotlgip00","6","FAAt703","BEA_API"
1963,78,"Intellectual property products",6729,"m1gtotlgip00","6","FAAt703","BEA_API"
1964,78,"Intellectual property products",7464,"m1gtotlgip00","6","FAAt703","BEA_API"
1965,78,"Intellectual property products",8087,"m1gtotlgip00","6","FAAt703","BEA_API"
1966,78,"Intellectual property products",8813,"m1gtotlgip00","6","FAAt703","BEA_API"
1967,78,"Intellectual property products",9624,"m1gtotlgip00","6","FAAt703","BEA_API"
1968,78,"Intellectual property products",10647,"m1gtotlgip00","6","FAAt703","BEA_API"
1969,78,"Intellectual property products",11769,"m1gtotlgip00","6","FAAt703","BEA_API"
1970,78,"Intellectual property products",13091,"m1gtotlgip00","6","FAAt703","BEA_API"
1971,78,"Intellectual property products",14294,"m1gtotlgip00","6","FAAt703","BEA_API"
1972,78,"Intellectual property products",15300,"m1gtotlgip00","6","FAAt703","BEA_API"
1973,78,"Intellectual property products",16685,"m1gtotlgip00","6","FAAt703","BEA_API"
1974,78,"Intellectual property products",18753,"m1gtotlgip00","6","FAAt703","BEA_API"
1975,78,"Intellectual property products",20632,"m1gtotlgip00","6","FAAt703","BEA_API"
1976,78,"Intellectual property products",22037,"m1gtotlgip00","6","FAAt703","BEA_API"
1977,78,"Intellectual property products",23751,"m1gtotlgip00","6","FAAt703","BEA_API"
1978,78,"Intellectual property products",25846,"m1gtotlgip00","6","FAAt703","BEA_API"
1979,78,"Intellectual property products",28663,"m1gtotlgip00","6","FAAt703","BEA_API"
1980,78,"Intellectual property products",32481,"m1gtotlgip00","6","FAAt703","BEA_API"
1981,78,"Intellectual property products",36818,"m1gtotlgip00","6","FAAt703","BEA_API"
1982,78,"Intellectual property products",41163,"m1gtotlgip00","6","FAAt703","BEA_API"
1983,78,"Intellectual property products",45048,"m1gtotlgip00","6","FAAt703","BEA_API"
1984,78,"Intellectual property products",49653,"m1gtotlgip00","6","FAAt703","BEA_API"
1985,78,"Intellectual property products",54289,"m1gtotlgip00","6","FAAt703","BEA_API"
1986,78,"Intellectual property products",58792,"m1gtotlgip00","6","FAAt703","BEA_API"
1987,78,"Intellectual property products",63629,"m1gtotlgip00","6","FAAt703","BEA_API"
1988,78,"Intellectual property products",69961,"m1gtotlgip00","6","FAAt703","BEA_API"
1989,78,"Intellectual property products",75206,"m1gtotlgip00","6","FAAt703","BEA_API"
1990,78,"Intellectual property products",79544,"m1gtotlgip00","6","FAAt703","BEA_API"
1991,78,"Intellectual property products",83837,"m1gtotlgip00","6","FAAt703","BEA_API"
1992,78,"Intellectual property products",85922,"m1gtotlgip00","6","FAAt703","BEA_API"
1993,78,"Intellectual property products",87984,"m1gtotlgip00","6","FAAt703","BEA_API"
1994,78,"Intellectual property products",89418,"m1gtotlgip00","6","FAAt703","BEA_API"
1995,78,"Intellectual property products",92488,"m1gtotlgip00","6","FAAt703","BEA_API"
1996,78,"Intellectual property products",93123,"m1gtotlgip00","6","FAAt703","BEA_API"
1997,78,"Intellectual property products",94941,"m1gtotlgip00","6","FAAt703","BEA_API"
1998,78,"Intellectual property products",96558,"m1gtotlgip00","6","FAAt703","BEA_API"
1999,78,"Intellectual property products",99627,"m1gtotlgip00","6","FAAt703","BEA_API"
2000,78,"Intellectual property products",103901,"m1gtotlgip00","6","FAAt703","BEA_API"
2001,78,"Intellectual property products",106145,"m1gtotlgip00","6","FAAt703","BEA_API"
2002,78,"Intellectual property products",108446,"m1gtotlgip00","6","FAAt703","BEA_API"
2003,78,"Intellectual property products",112622,"m1gtotlgip00","6","FAAt703","BEA_API"
2004,78,"Intellectual property products",118272,"m1gtotlgip00","6","FAAt703","BEA_API"
2005,78,"Intellectual property products",124948,"m1gtotlgip00","6","FAAt703","BEA_API"
2006,78,"Intellectual property products",131619,"m1gtotlgip00","6","FAAt703","BEA_API"
2007,78,"Intellectual property products",139248,"m1gtotlgip00","6","FAAt703","BEA_API"
2008,78,"Intellectual property products",147685,"m1gtotlgip00","6","FAAt703","BEA_API"
2009,78,"Intellectual property products",151571,"m1gtotlgip00","6","FAAt703","BEA_API"
2010,78,"Intellectual property products",158091,"m1gtotlgip00","6","FAAt703","BEA_API"
2011,78,"Intellectual property products",164662,"m1gtotlgip00","6","FAAt703","BEA_API"
2012,78,"Intellectual property products",169216,"m1gtotlgip00","6","FAAt703","BEA_API"
2013,78,"Intellectual property products",173720,"m1gtotlgip00","6","FAAt703","BEA_API"
2014,78,"Intellectual property products",179866,"m1gtotlgip00","6","FAAt703","BEA_API"
2015,78,"Intellectual property products",182700,"m1gtotlgip00","6","FAAt703","BEA_API"
2016,78,"Intellectual property products",186144,"m1gtotlgip00","6","FAAt703","BEA_API"
2017,78,"Intellectual property products",193907,"m1gtotlgip00","6","FAAt703","BEA_API"
2018,78,"Intellectual property products",204178,"m1gtotlgip00","6","FAAt703","BEA_API"
2019,78,"Intellectual property products",212274,"m1gtotlgip00","6","FAAt703","BEA_API"
2020,78,"Intellectual property products",222042,"m1gtotlgip00","6","FAAt703","BEA_API"
2021,78,"Intellectual property products",234933,"m1gtotlgip00","6","FAAt703","BEA_API"
2022,78,"Intellectual property products",255901,"m1gtotlgip00","6","FAAt703","BEA_API"
2023,78,"Intellectual property products",272437,"m1gtotlgip00","6","FAAt703","BEA_API"
2024,78,"Intellectual property products",289901,"m1gtotlgip00","6","FAAt703","BEA_API"
1925,79,"Government enterprise fixed assets",91,"m1gtotlees00","6","FAAt703","BEA_API"
1926,79,"Government enterprise fixed assets",98,"m1gtotlees00","6","FAAt703","BEA_API"
1927,79,"Government enterprise fixed assets",106,"m1gtotlees00","6","FAAt703","BEA_API"
1928,79,"Government enterprise fixed assets",116,"m1gtotlees00","6","FAAt703","BEA_API"
1929,79,"Government enterprise fixed assets",126,"m1gtotlees00","6","FAAt703","BEA_API"
1930,79,"Government enterprise fixed assets",132,"m1gtotlees00","6","FAAt703","BEA_API"
1931,79,"Government enterprise fixed assets",133,"m1gtotlees00","6","FAAt703","BEA_API"
1932,79,"Government enterprise fixed assets",124,"m1gtotlees00","6","FAAt703","BEA_API"
1933,79,"Government enterprise fixed assets",136,"m1gtotlees00","6","FAAt703","BEA_API"
1934,79,"Government enterprise fixed assets",175,"m1gtotlees00","6","FAAt703","BEA_API"
1935,79,"Government enterprise fixed assets",164,"m1gtotlees00","6","FAAt703","BEA_API"
1936,79,"Government enterprise fixed assets",188,"m1gtotlees00","6","FAAt703","BEA_API"
1937,79,"Government enterprise fixed assets",211,"m1gtotlees00","6","FAAt703","BEA_API"
1938,79,"Government enterprise fixed assets",225,"m1gtotlees00","6","FAAt703","BEA_API"
1939,79,"Government enterprise fixed assets",230,"m1gtotlees00","6","FAAt703","BEA_API"
1940,79,"Government enterprise fixed assets",243,"m1gtotlees00","6","FAAt703","BEA_API"
1941,79,"Government enterprise fixed assets",269,"m1gtotlees00","6","FAAt703","BEA_API"
1942,79,"Government enterprise fixed assets",292,"m1gtotlees00","6","FAAt703","BEA_API"
1943,79,"Government enterprise fixed assets",285,"m1gtotlees00","6","FAAt703","BEA_API"
1944,79,"Government enterprise fixed assets",302,"m1gtotlees00","6","FAAt703","BEA_API"
1945,79,"Government enterprise fixed assets",303,"m1gtotlees00","6","FAAt703","BEA_API"
1946,79,"Government enterprise fixed assets",333,"m1gtotlees00","6","FAAt703","BEA_API"
1947,79,"Government enterprise fixed assets",399,"m1gtotlees00","6","FAAt703","BEA_API"
1948,79,"Government enterprise fixed assets",462,"m1gtotlees00","6","FAAt703","BEA_API"
1949,79,"Government enterprise fixed assets",486,"m1gtotlees00","6","FAAt703","BEA_API"
1950,79,"Government enterprise fixed assets",510,"m1gtotlees00","6","FAAt703","BEA_API"
1951,79,"Government enterprise fixed assets",589,"m1gtotlees00","6","FAAt703","BEA_API"
1952,79,"Government enterprise fixed assets",640,"m1gtotlees00","6","FAAt703","BEA_API"
1953,79,"Government enterprise fixed assets",688,"m1gtotlees00","6","FAAt703","BEA_API"
1954,79,"Government enterprise fixed assets",718,"m1gtotlees00","6","FAAt703","BEA_API"
1955,79,"Government enterprise fixed assets",765,"m1gtotlees00","6","FAAt703","BEA_API"
1956,79,"Government enterprise fixed assets",857,"m1gtotlees00","6","FAAt703","BEA_API"
1957,79,"Government enterprise fixed assets",935,"m1gtotlees00","6","FAAt703","BEA_API"
1958,79,"Government enterprise fixed assets",989,"m1gtotlees00","6","FAAt703","BEA_API"
1959,79,"Government enterprise fixed assets",1008,"m1gtotlees00","6","FAAt703","BEA_API"
1960,79,"Government enterprise fixed assets",1071,"m1gtotlees00","6","FAAt703","BEA_API"
1961,79,"Government enterprise fixed assets",1136,"m1gtotlees00","6","FAAt703","BEA_API"
1962,79,"Government enterprise fixed assets",1214,"m1gtotlees00","6","FAAt703","BEA_API"
1963,79,"Government enterprise fixed assets",1295,"m1gtotlees00","6","FAAt703","BEA_API"
1964,79,"Government enterprise fixed assets",1383,"m1gtotlees00","6","FAAt703","BEA_API"
1965,79,"Government enterprise fixed assets",1490,"m1gtotlees00","6","FAAt703","BEA_API"
1966,79,"Government enterprise fixed assets",1626,"m1gtotlees00","6","FAAt703","BEA_API"
1967,79,"Government enterprise fixed assets",1771,"m1gtotlees00","6","FAAt703","BEA_API"
1968,79,"Government enterprise fixed assets",1954,"m1gtotlees00","6","FAAt703","BEA_API"
1969,79,"Government enterprise fixed assets",2193,"m1gtotlees00","6","FAAt703","BEA_API"
1970,79,"Government enterprise fixed assets",2482,"m1gtotlees00","6","FAAt703","BEA_API"
1971,79,"Government enterprise fixed assets",2792,"m1gtotlees00","6","FAAt703","BEA_API"
1972,79,"Government enterprise fixed assets",3112,"m1gtotlees00","6","FAAt703","BEA_API"
1973,79,"Government enterprise fixed assets",3501,"m1gtotlees00","6","FAAt703","BEA_API"
1974,79,"Government enterprise fixed assets",4292,"m1gtotlees00","6","FAAt703","BEA_API"
1975,79,"Government enterprise fixed assets",5099,"m1gtotlees00","6","FAAt703","BEA_API"
1976,79,"Government enterprise fixed assets",5505,"m1gtotlees00","6","FAAt703","BEA_API"
1977,79,"Government enterprise fixed assets",5967,"m1gtotlees00","6","FAAt703","BEA_API"
1978,79,"Government enterprise fixed assets",6599,"m1gtotlees00","6","FAAt703","BEA_API"
1979,79,"Government enterprise fixed assets",7508,"m1gtotlees00","6","FAAt703","BEA_API"
1980,79,"Government enterprise fixed assets",8703,"m1gtotlees00","6","FAAt703","BEA_API"
1981,79,"Government enterprise fixed assets",9923,"m1gtotlees00","6","FAAt703","BEA_API"
1982,79,"Government enterprise fixed assets",10824,"m1gtotlees00","6","FAAt703","BEA_API"
1983,79,"Government enterprise fixed assets",11436,"m1gtotlees00","6","FAAt703","BEA_API"
1984,79,"Government enterprise fixed assets",12069,"m1gtotlees00","6","FAAt703","BEA_API"
1985,79,"Government enterprise fixed assets",12804,"m1gtotlees00","6","FAAt703","BEA_API"
1986,79,"Government enterprise fixed assets",13639,"m1gtotlees00","6","FAAt703","BEA_API"
1987,79,"Government enterprise fixed assets",14507,"m1gtotlees00","6","FAAt703","BEA_API"
1988,79,"Government enterprise fixed assets",15526,"m1gtotlees00","6","FAAt703","BEA_API"
1989,79,"Government enterprise fixed assets",16635,"m1gtotlees00","6","FAAt703","BEA_API"
1990,79,"Government enterprise fixed assets",17833,"m1gtotlees00","6","FAAt703","BEA_API"
1991,79,"Government enterprise fixed assets",18826,"m1gtotlees00","6","FAAt703","BEA_API"
1992,79,"Government enterprise fixed assets",19755,"m1gtotlees00","6","FAAt703","BEA_API"
1993,79,"Government enterprise fixed assets",21050,"m1gtotlees00","6","FAAt703","BEA_API"
1994,79,"Government enterprise fixed assets",22244,"m1gtotlees00","6","FAAt703","BEA_API"
1995,79,"Government enterprise fixed assets",23472,"m1gtotlees00","6","FAAt703","BEA_API"
1996,79,"Government enterprise fixed assets",24600,"m1gtotlees00","6","FAAt703","BEA_API"
1997,79,"Government enterprise fixed assets",25676,"m1gtotlees00","6","FAAt703","BEA_API"
1998,79,"Government enterprise fixed assets",26748,"m1gtotlees00","6","FAAt703","BEA_API"
1999,79,"Government enterprise fixed assets",28393,"m1gtotlees00","6","FAAt703","BEA_API"
2000,79,"Government enterprise fixed assets",30338,"m1gtotlees00","6","FAAt703","BEA_API"
2001,79,"Government enterprise fixed assets",31788,"m1gtotlees00","6","FAAt703","BEA_API"
2002,79,"Government enterprise fixed assets",33222,"m1gtotlees00","6","FAAt703","BEA_API"
2003,79,"Government enterprise fixed assets",34929,"m1gtotlees00","6","FAAt703","BEA_API"
2004,79,"Government enterprise fixed assets",37831,"m1gtotlees00","6","FAAt703","BEA_API"
2005,79,"Government enterprise fixed assets",41388,"m1gtotlees00","6","FAAt703","BEA_API"
2006,79,"Government enterprise fixed assets",44724,"m1gtotlees00","6","FAAt703","BEA_API"
2007,79,"Government enterprise fixed assets",48186,"m1gtotlees00","6","FAAt703","BEA_API"
2008,79,"Government enterprise fixed assets",51267,"m1gtotlees00","6","FAAt703","BEA_API"
2009,79,"Government enterprise fixed assets",52993,"m1gtotlees00","6","FAAt703","BEA_API"
2010,79,"Government enterprise fixed assets",54981,"m1gtotlees00","6","FAAt703","BEA_API"
2011,79,"Government enterprise fixed assets",57820,"m1gtotlees00","6","FAAt703","BEA_API"
2012,79,"Government enterprise fixed assets",60650,"m1gtotlees00","6","FAAt703","BEA_API"
2013,79,"Government enterprise fixed assets",62889,"m1gtotlees00","6","FAAt703","BEA_API"
2014,79,"Government enterprise fixed assets",65241,"m1gtotlees00","6","FAAt703","BEA_API"
2015,79,"Government enterprise fixed assets",67127,"m1gtotlees00","6","FAAt703","BEA_API"
2016,79,"Government enterprise fixed assets",69048,"m1gtotlees00","6","FAAt703","BEA_API"
2017,79,"Government enterprise fixed assets",72115,"m1gtotlees00","6","FAAt703","BEA_API"
2018,79,"Government enterprise fixed assets",76140,"m1gtotlees00","6","FAAt703","BEA_API"
2019,79,"Government enterprise fixed assets",80080,"m1gtotlees00","6","FAAt703","BEA_API"
2020,79,"Government enterprise fixed assets",82534,"m1gtotlees00","6","FAAt703","BEA_API"
2021,79,"Government enterprise fixed assets",89697,"m1gtotlees00","6","FAAt703","BEA_API"
2022,79,"Government enterprise fixed assets",101018,"m1gtotlees00","6","FAAt703","BEA_API"
2023,79,"Government enterprise fixed assets",107519,"m1gtotlees00","6","FAAt703","BEA_API"
2024,79,"Government enterprise fixed assets",112620,"m1gtotlees00","6","FAAt703","BEA_API"
1925,80,"Equipment",9,"m1gtotleeq00","6","FAAt703","BEA_API"
1926,80,"Equipment",12,"m1gtotleeq00","6","FAAt703","BEA_API"
1927,80,"Equipment",14,"m1gtotleeq00","6","FAAt703","BEA_API"
1928,80,"Equipment",16,"m1gtotleeq00","6","FAAt703","BEA_API"
1929,80,"Equipment",17,"m1gtotleeq00","6","FAAt703","BEA_API"
1930,80,"Equipment",18,"m1gtotleeq00","6","FAAt703","BEA_API"
1931,80,"Equipment",19,"m1gtotleeq00","6","FAAt703","BEA_API"
1932,80,"Equipment",20,"m1gtotleeq00","6","FAAt703","BEA_API"
1933,80,"Equipment",20,"m1gtotleeq00","6","FAAt703","BEA_API"
1934,80,"Equipment",21,"m1gtotleeq00","6","FAAt703","BEA_API"
1935,80,"Equipment",21,"m1gtotleeq00","6","FAAt703","BEA_API"
1936,80,"Equipment",20,"m1gtotleeq00","6","FAAt703","BEA_API"
1937,80,"Equipment",23,"m1gtotleeq00","6","FAAt703","BEA_API"
1938,80,"Equipment",23,"m1gtotleeq00","6","FAAt703","BEA_API"
1939,80,"Equipment",24,"m1gtotleeq00","6","FAAt703","BEA_API"
1940,80,"Equipment",26,"m1gtotleeq00","6","FAAt703","BEA_API"
1941,80,"Equipment",28,"m1gtotleeq00","6","FAAt703","BEA_API"
1942,80,"Equipment",32,"m1gtotleeq00","6","FAAt703","BEA_API"
1943,80,"Equipment",32,"m1gtotleeq00","6","FAAt703","BEA_API"
1944,80,"Equipment",31,"m1gtotleeq00","6","FAAt703","BEA_API"
1945,80,"Equipment",30,"m1gtotleeq00","6","FAAt703","BEA_API"
1946,80,"Equipment",32,"m1gtotleeq00","6","FAAt703","BEA_API"
1947,80,"Equipment",39,"m1gtotleeq00","6","FAAt703","BEA_API"
1948,80,"Equipment",46,"m1gtotleeq00","6","FAAt703","BEA_API"
1949,80,"Equipment",52,"m1gtotleeq00","6","FAAt703","BEA_API"
1950,80,"Equipment",61,"m1gtotleeq00","6","FAAt703","BEA_API"
1951,80,"Equipment",75,"m1gtotleeq00","6","FAAt703","BEA_API"
1952,80,"Equipment",89,"m1gtotleeq00","6","FAAt703","BEA_API"
1953,80,"Equipment",103,"m1gtotleeq00","6","FAAt703","BEA_API"
1954,80,"Equipment",113,"m1gtotleeq00","6","FAAt703","BEA_API"
1955,80,"Equipment",127,"m1gtotleeq00","6","FAAt703","BEA_API"
1956,80,"Equipment",138,"m1gtotleeq00","6","FAAt703","BEA_API"
1957,80,"Equipment",146,"m1gtotleeq00","6","FAAt703","BEA_API"
1958,80,"Equipment",157,"m1gtotleeq00","6","FAAt703","BEA_API"
1959,80,"Equipment",177,"m1gtotleeq00","6","FAAt703","BEA_API"
1960,80,"Equipment",199,"m1gtotleeq00","6","FAAt703","BEA_API"
1961,80,"Equipment",218,"m1gtotleeq00","6","FAAt703","BEA_API"
1962,80,"Equipment",233,"m1gtotleeq00","6","FAAt703","BEA_API"
1963,80,"Equipment",250,"m1gtotleeq00","6","FAAt703","BEA_API"
1964,80,"Equipment",265,"m1gtotleeq00","6","FAAt703","BEA_API"
1965,80,"Equipment",276,"m1gtotleeq00","6","FAAt703","BEA_API"
1966,80,"Equipment",295,"m1gtotleeq00","6","FAAt703","BEA_API"
1967,80,"Equipment",322,"m1gtotleeq00","6","FAAt703","BEA_API"
1968,80,"Equipment",357,"m1gtotleeq00","6","FAAt703","BEA_API"
1969,80,"Equipment",394,"m1gtotleeq00","6","FAAt703","BEA_API"
1970,80,"Equipment",438,"m1gtotleeq00","6","FAAt703","BEA_API"
1971,80,"Equipment",487,"m1gtotleeq00","6","FAAt703","BEA_API"
1972,80,"Equipment",556,"m1gtotleeq00","6","FAAt703","BEA_API"
1973,80,"Equipment",650,"m1gtotleeq00","6","FAAt703","BEA_API"
1974,80,"Equipment",795,"m1gtotleeq00","6","FAAt703","BEA_API"
1975,80,"Equipment",989,"m1gtotleeq00","6","FAAt703","BEA_API"
1976,80,"Equipment",1110,"m1gtotleeq00","6","FAAt703","BEA_API"
1977,80,"Equipment",1217,"m1gtotleeq00","6","FAAt703","BEA_API"
1978,80,"Equipment",1343,"m1gtotleeq00","6","FAAt703","BEA_API"
1979,80,"Equipment",1508,"m1gtotleeq00","6","FAAt703","BEA_API"
1980,80,"Equipment",1751,"m1gtotleeq00","6","FAAt703","BEA_API"
1981,80,"Equipment",2019,"m1gtotleeq00","6","FAAt703","BEA_API"
1982,80,"Equipment",2240,"m1gtotleeq00","6","FAAt703","BEA_API"
1983,80,"Equipment",2432,"m1gtotleeq00","6","FAAt703","BEA_API"
1984,80,"Equipment",2662,"m1gtotleeq00","6","FAAt703","BEA_API"
1985,80,"Equipment",2964,"m1gtotleeq00","6","FAAt703","BEA_API"
1986,80,"Equipment",3271,"m1gtotleeq00","6","FAAt703","BEA_API"
1987,80,"Equipment",3550,"m1gtotleeq00","6","FAAt703","BEA_API"
1988,80,"Equipment",3817,"m1gtotleeq00","6","FAAt703","BEA_API"
1989,80,"Equipment",4191,"m1gtotleeq00","6","FAAt703","BEA_API"
1990,80,"Equipment",4569,"m1gtotleeq00","6","FAAt703","BEA_API"
1991,80,"Equipment",4938,"m1gtotleeq00","6","FAAt703","BEA_API"
1992,80,"Equipment",5252,"m1gtotleeq00","6","FAAt703","BEA_API"
1993,80,"Equipment",5618,"m1gtotleeq00","6","FAAt703","BEA_API"
1994,80,"Equipment",5953,"m1gtotleeq00","6","FAAt703","BEA_API"
1995,80,"Equipment",6233,"m1gtotleeq00","6","FAAt703","BEA_API"
1996,80,"Equipment",6475,"m1gtotleeq00","6","FAAt703","BEA_API"
1997,80,"Equipment",6582,"m1gtotleeq00","6","FAAt703","BEA_API"
1998,80,"Equipment",6779,"m1gtotleeq00","6","FAAt703","BEA_API"
1999,80,"Equipment",7252,"m1gtotleeq00","6","FAAt703","BEA_API"
2000,80,"Equipment",7671,"m1gtotleeq00","6","FAAt703","BEA_API"
2001,80,"Equipment",7815,"m1gtotleeq00","6","FAAt703","BEA_API"
2002,80,"Equipment",8010,"m1gtotleeq00","6","FAAt703","BEA_API"
2003,80,"Equipment",8516,"m1gtotleeq00","6","FAAt703","BEA_API"
2004,80,"Equipment",9188,"m1gtotleeq00","6","FAAt703","BEA_API"
2005,80,"Equipment",9789,"m1gtotleeq00","6","FAAt703","BEA_API"
2006,80,"Equipment",10157,"m1gtotleeq00","6","FAAt703","BEA_API"
2007,80,"Equipment",10441,"m1gtotleeq00","6","FAAt703","BEA_API"
2008,80,"Equipment",10977,"m1gtotleeq00","6","FAAt703","BEA_API"
2009,80,"Equipment",11828,"m1gtotleeq00","6","FAAt703","BEA_API"
2010,80,"Equipment",12344,"m1gtotleeq00","6","FAAt703","BEA_API"
2011,80,"Equipment",12787,"m1gtotleeq00","6","FAAt703","BEA_API"
2012,80,"Equipment",13301,"m1gtotleeq00","6","FAAt703","BEA_API"
2013,80,"Equipment",13674,"m1gtotleeq00","6","FAAt703","BEA_API"
2014,80,"Equipment",13943,"m1gtotleeq00","6","FAAt703","BEA_API"
2015,80,"Equipment",14221,"m1gtotleeq00","6","FAAt703","BEA_API"
2016,80,"Equipment",14546,"m1gtotleeq00","6","FAAt703","BEA_API"
2017,80,"Equipment",15131,"m1gtotleeq00","6","FAAt703","BEA_API"
2018,80,"Equipment",15875,"m1gtotleeq00","6","FAAt703","BEA_API"
2019,80,"Equipment",16689,"m1gtotleeq00","6","FAAt703","BEA_API"
2020,80,"Equipment",17130,"m1gtotleeq00","6","FAAt703","BEA_API"
2021,80,"Equipment",17916,"m1gtotleeq00","6","FAAt703","BEA_API"
2022,80,"Equipment",19728,"m1gtotleeq00","6","FAAt703","BEA_API"
2023,80,"Equipment",21461,"m1gtotleeq00","6","FAAt703","BEA_API"
2024,80,"Equipment",23360,"m1gtotleeq00","6","FAAt703","BEA_API"
1925,81,"Structures",82,"m1gtotlest00","6","FAAt703","BEA_API"
1926,81,"Structures",87,"m1gtotlest00","6","FAAt703","BEA_API"
1927,81,"Structures",92,"m1gtotlest00","6","FAAt703","BEA_API"
1928,81,"Structures",100,"m1gtotlest00","6","FAAt703","BEA_API"
1929,81,"Structures",109,"m1gtotlest00","6","FAAt703","BEA_API"
1930,81,"Structures",114,"m1gtotlest00","6","FAAt703","BEA_API"
1931,81,"Structures",114,"m1gtotlest00","6","FAAt703","BEA_API"
1932,81,"Structures",104,"m1gtotlest00","6","FAAt703","BEA_API"
1933,81,"Structures",116,"m1gtotlest00","6","FAAt703","BEA_API"
1934,81,"Structures",154,"m1gtotlest00","6","FAAt703","BEA_API"
1935,81,"Structures",144,"m1gtotlest00","6","FAAt703","BEA_API"
1936,81,"Structures",167,"m1gtotlest00","6","FAAt703","BEA_API"
1937,81,"Structures",188,"m1gtotlest00","6","FAAt703","BEA_API"
1938,81,"Structures",202,"m1gtotlest00","6","FAAt703","BEA_API"
1939,81,"Structures",206,"m1gtotlest00","6","FAAt703","BEA_API"
1940,81,"Structures",217,"m1gtotlest00","6","FAAt703","BEA_API"
1941,81,"Structures",240,"m1gtotlest00","6","FAAt703","BEA_API"
1942,81,"Structures",260,"m1gtotlest00","6","FAAt703","BEA_API"
1943,81,"Structures",253,"m1gtotlest00","6","FAAt703","BEA_API"
1944,81,"Structures",270,"m1gtotlest00","6","FAAt703","BEA_API"
1945,81,"Structures",273,"m1gtotlest00","6","FAAt703","BEA_API"
1946,81,"Structures",300,"m1gtotlest00","6","FAAt703","BEA_API"
1947,81,"Structures",360,"m1gtotlest00","6","FAAt703","BEA_API"
1948,81,"Structures",416,"m1gtotlest00","6","FAAt703","BEA_API"
1949,81,"Structures",434,"m1gtotlest00","6","FAAt703","BEA_API"
1950,81,"Structures",449,"m1gtotlest00","6","FAAt703","BEA_API"
1951,81,"Structures",513,"m1gtotlest00","6","FAAt703","BEA_API"
1952,81,"Structures",551,"m1gtotlest00","6","FAAt703","BEA_API"
1953,81,"Structures",585,"m1gtotlest00","6","FAAt703","BEA_API"
1954,81,"Structures",605,"m1gtotlest00","6","FAAt703","BEA_API"
1955,81,"Structures",638,"m1gtotlest00","6","FAAt703","BEA_API"
1956,81,"Structures",719,"m1gtotlest00","6","FAAt703","BEA_API"
1957,81,"Structures",790,"m1gtotlest00","6","FAAt703","BEA_API"
1958,81,"Structures",831,"m1gtotlest00","6","FAAt703","BEA_API"
1959,81,"Structures",831,"m1gtotlest00","6","FAAt703","BEA_API"
1960,81,"Structures",870,"m1gtotlest00","6","FAAt703","BEA_API"
1961,81,"Structures",912,"m1gtotlest00","6","FAAt703","BEA_API"
1962,81,"Structures",972,"m1gtotlest00","6","FAAt703","BEA_API"
1963,81,"Structures",1036,"m1gtotlest00","6","FAAt703","BEA_API"
1964,81,"Structures",1108,"m1gtotlest00","6","FAAt703","BEA_API"
1965,81,"Structures",1201,"m1gtotlest00","6","FAAt703","BEA_API"
1966,81,"Structures",1315,"m1gtotlest00","6","FAAt703","BEA_API"
1967,81,"Structures",1431,"m1gtotlest00","6","FAAt703","BEA_API"
1968,81,"Structures",1575,"m1gtotlest00","6","FAAt703","BEA_API"
1969,81,"Structures",1769,"m1gtotlest00","6","FAAt703","BEA_API"
1970,81,"Structures",2001,"m1gtotlest00","6","FAAt703","BEA_API"
1971,81,"Structures",2249,"m1gtotlest00","6","FAAt703","BEA_API"
1972,81,"Structures",2489,"m1gtotlest00","6","FAAt703","BEA_API"
1973,81,"Structures",2771,"m1gtotlest00","6","FAAt703","BEA_API"
1974,81,"Structures",3395,"m1gtotlest00","6","FAAt703","BEA_API"
1975,81,"Structures",3981,"m1gtotlest00","6","FAAt703","BEA_API"
1976,81,"Structures",4246,"m1gtotlest00","6","FAAt703","BEA_API"
1977,81,"Structures",4579,"m1gtotlest00","6","FAAt703","BEA_API"
1978,81,"Structures",5066,"m1gtotlest00","6","FAAt703","BEA_API"
1979,81,"Structures",5772,"m1gtotlest00","6","FAAt703","BEA_API"
1980,81,"Structures",6674,"m1gtotlest00","6","FAAt703","BEA_API"
1981,81,"Structures",7561,"m1gtotlest00","6","FAAt703","BEA_API"
1982,81,"Structures",8178,"m1gtotlest00","6","FAAt703","BEA_API"
1983,81,"Structures",8554,"m1gtotlest00","6","FAAt703","BEA_API"
1984,81,"Structures",8906,"m1gtotlest00","6","FAAt703","BEA_API"
1985,81,"Structures",9291,"m1gtotlest00","6","FAAt703","BEA_API"
1986,81,"Structures",9783,"m1gtotlest00","6","FAAt703","BEA_API"
1987,81,"Structures",10335,"m1gtotlest00","6","FAAt703","BEA_API"
1988,81,"Structures",11039,"m1gtotlest00","6","FAAt703","BEA_API"
1989,81,"Structures",11703,"m1gtotlest00","6","FAAt703","BEA_API"
1990,81,"Structures",12413,"m1gtotlest00","6","FAAt703","BEA_API"
1991,81,"Structures",12891,"m1gtotlest00","6","FAAt703","BEA_API"
1992,81,"Structures",13384,"m1gtotlest00","6","FAAt703","BEA_API"
1993,81,"Structures",14130,"m1gtotlest00","6","FAAt703","BEA_API"
1994,81,"Structures",14866,"m1gtotlest00","6","FAAt703","BEA_API"
1995,81,"Structures",15722,"m1gtotlest00","6","FAAt703","BEA_API"
1996,81,"Structures",16590,"m1gtotlest00","6","FAAt703","BEA_API"
1997,81,"Structures",17531,"m1gtotlest00","6","FAAt703","BEA_API"
1998,81,"Structures",18316,"m1gtotlest00","6","FAAt703","BEA_API"
1999,81,"Structures",19293,"m1gtotlest00","6","FAAt703","BEA_API"
2000,81,"Structures",20581,"m1gtotlest00","6","FAAt703","BEA_API"
2001,81,"Structures",21718,"m1gtotlest00","6","FAAt703","BEA_API"
2002,81,"Structures",22897,"m1gtotlest00","6","FAAt703","BEA_API"
2003,81,"Structures",24084,"m1gtotlest00","6","FAAt703","BEA_API"
2004,81,"Structures",26277,"m1gtotlest00","6","FAAt703","BEA_API"
2005,81,"Structures",29140,"m1gtotlest00","6","FAAt703","BEA_API"
2006,81,"Structures",31994,"m1gtotlest00","6","FAAt703","BEA_API"
2007,81,"Structures",35048,"m1gtotlest00","6","FAAt703","BEA_API"
2008,81,"Structures",37426,"m1gtotlest00","6","FAAt703","BEA_API"
2009,81,"Structures",38211,"m1gtotlest00","6","FAAt703","BEA_API"
2010,81,"Structures",39629,"m1gtotlest00","6","FAAt703","BEA_API"
2011,81,"Structures",41877,"m1gtotlest00","6","FAAt703","BEA_API"
2012,81,"Structures",44057,"m1gtotlest00","6","FAAt703","BEA_API"
2013,81,"Structures",45686,"m1gtotlest00","6","FAAt703","BEA_API"
2014,81,"Structures",47471,"m1gtotlest00","6","FAAt703","BEA_API"
2015,81,"Structures",48861,"m1gtotlest00","6","FAAt703","BEA_API"
2016,81,"Structures",50233,"m1gtotlest00","6","FAAt703","BEA_API"
2017,81,"Structures",52407,"m1gtotlest00","6","FAAt703","BEA_API"
2018,81,"Structures",55291,"m1gtotlest00","6","FAAt703","BEA_API"
2019,81,"Structures",57771,"m1gtotlest00","6","FAAt703","BEA_API"
2020,81,"Structures",59004,"m1gtotlest00","6","FAAt703","BEA_API"
2021,81,"Structures",64705,"m1gtotlest00","6","FAAt703","BEA_API"
2022,81,"Structures",73381,"m1gtotlest00","6","FAAt703","BEA_API"
2023,81,"Structures",77238,"m1gtotlest00","6","FAAt703","BEA_API"
2024,81,"Structures",79555,"m1gtotlest00","6","FAAt703","BEA_API"
1959,82,"Intellectual property products",0,"m1gtotleip00","6","FAAt703","BEA_API"
1960,82,"Intellectual property products",2,"m1gtotleip00","6","FAAt703","BEA_API"
1961,82,"Intellectual property products",6,"m1gtotleip00","6","FAAt703","BEA_API"
1962,82,"Intellectual property products",9,"m1gtotleip00","6","FAAt703","BEA_API"
1963,82,"Intellectual property products",9,"m1gtotleip00","6","FAAt703","BEA_API"
1964,82,"Intellectual property products",9,"m1gtotleip00","6","FAAt703","BEA_API"
1965,82,"Intellectual property products",12,"m1gtotleip00","6","FAAt703","BEA_API"
1966,82,"Intellectual property products",16,"m1gtotleip00","6","FAAt703","BEA_API"
1967,82,"Intellectual property products",17,"m1gtotleip00","6","FAAt703","BEA_API"
1968,82,"Intellectual property products",22,"m1gtotleip00","6","FAAt703","BEA_API"
1969,82,"Intellectual property products",29,"m1gtotleip00","6","FAAt703","BEA_API"
1970,82,"Intellectual property products",42,"m1gtotleip00","6","FAAt703","BEA_API"
1971,82,"Intellectual property products",56,"m1gtotleip00","6","FAAt703","BEA_API"
1972,82,"Intellectual property products",67,"m1gtotleip00","6","FAAt703","BEA_API"
1973,82,"Intellectual property products",81,"m1gtotleip00","6","FAAt703","BEA_API"
1974,82,"Intellectual property products",102,"m1gtotleip00","6","FAAt703","BEA_API"
1975,82,"Intellectual property products",128,"m1gtotleip00","6","FAAt703","BEA_API"
1976,82,"Intellectual property products",150,"m1gtotleip00","6","FAAt703","BEA_API"
1977,82,"Intellectual property products",171,"m1gtotleip00","6","FAAt703","BEA_API"
1978,82,"Intellectual property products",190,"m1gtotleip00","6","FAAt703","BEA_API"
1979,82,"Intellectual property products",227,"m1gtotleip00","6","FAAt703","BEA_API"
1980,82,"Intellectual property products",278,"m1gtotleip00","6","FAAt703","BEA_API"
1981,82,"Intellectual property products",343,"m1gtotleip00","6","FAAt703","BEA_API"
1982,82,"Intellectual property products",406,"m1gtotleip00","6","FAAt703","BEA_API"
1983,82,"Intellectual property products",451,"m1gtotleip00","6","FAAt703","BEA_API"
1984,82,"Intellectual property products",502,"m1gtotleip00","6","FAAt703","BEA_API"
1985,82,"Intellectual property products",550,"m1gtotleip00","6","FAAt703","BEA_API"
1986,82,"Intellectual property products",585,"m1gtotleip00","6","FAAt703","BEA_API"
1987,82,"Intellectual property products",623,"m1gtotleip00","6","FAAt703","BEA_API"
1988,82,"Intellectual property products",670,"m1gtotleip00","6","FAAt703","BEA_API"
1989,82,"Intellectual property products",742,"m1gtotleip00","6","FAAt703","BEA_API"
1990,82,"Intellectual property products",851,"m1gtotleip00","6","FAAt703","BEA_API"
1991,82,"Intellectual property products",996,"m1gtotleip00","6","FAAt703","BEA_API"
1992,82,"Intellectual property products",1119,"m1gtotleip00","6","FAAt703","BEA_API"
1993,82,"Intellectual property products",1302,"m1gtotleip00","6","FAAt703","BEA_API"
1994,82,"Intellectual property products",1424,"m1gtotleip00","6","FAAt703","BEA_API"
1995,82,"Intellectual property products",1517,"m1gtotleip00","6","FAAt703","BEA_API"
1996,82,"Intellectual property products",1534,"m1gtotleip00","6","FAAt703","BEA_API"
1997,82,"Intellectual property products",1562,"m1gtotleip00","6","FAAt703","BEA_API"
1998,82,"Intellectual property products",1654,"m1gtotleip00","6","FAAt703","BEA_API"
1999,82,"Intellectual property products",1849,"m1gtotleip00","6","FAAt703","BEA_API"
2000,82,"Intellectual property products",2086,"m1gtotleip00","6","FAAt703","BEA_API"
2001,82,"Intellectual property products",2256,"m1gtotleip00","6","FAAt703","BEA_API"
2002,82,"Intellectual property products",2315,"m1gtotleip00","6","FAAt703","BEA_API"
2003,82,"Intellectual property products",2329,"m1gtotleip00","6","FAAt703","BEA_API"
2004,82,"Intellectual property products",2366,"m1gtotleip00","6","FAAt703","BEA_API"
2005,82,"Intellectual property products",2458,"m1gtotleip00","6","FAAt703","BEA_API"
2006,82,"Intellectual property products",2573,"m1gtotleip00","6","FAAt703","BEA_API"
2007,82,"Intellectual property products",2697,"m1gtotleip00","6","FAAt703","BEA_API"
2008,82,"Intellectual property products",2863,"m1gtotleip00","6","FAAt703","BEA_API"
2009,82,"Intellectual property products",2953,"m1gtotleip00","6","FAAt703","BEA_API"
2010,82,"Intellectual property products",3009,"m1gtotleip00","6","FAAt703","BEA_API"
2011,82,"Intellectual property products",3156,"m1gtotleip00","6","FAAt703","BEA_API"
2012,82,"Intellectual property products",3292,"m1gtotleip00","6","FAAt703","BEA_API"
2013,82,"Intellectual property products",3530,"m1gtotleip00","6","FAAt703","BEA_API"
2014,82,"Intellectual property products",3827,"m1gtotleip00","6","FAAt703","BEA_API"
2015,82,"Intellectual property products",4045,"m1gtotleip00","6","FAAt703","BEA_API"
2016,82,"Intellectual property products",4268,"m1gtotleip00","6","FAAt703","BEA_API"
2017,82,"Intellectual property products",4578,"m1gtotleip00","6","FAAt703","BEA_API"
2018,82,"Intellectual property products",4975,"m1gtotleip00","6","FAAt703","BEA_API"
2019,82,"Intellectual property products",5620,"m1gtotleip00","6","FAAt703","BEA_API"
2020,82,"Intellectual property products",6400,"m1gtotleip00","6","FAAt703","BEA_API"
2021,82,"Intellectual property products",7077,"m1gtotleip00","6","FAAt703","BEA_API"
2022,82,"Intellectual property products",7910,"m1gtotleip00","6","FAAt703","BEA_API"
2023,82,"Intellectual property products",8820,"m1gtotleip00","6","FAAt703","BEA_API"
2024,82,"Intellectual property products",9705,"m1gtotleip00","6","FAAt703","BEA_API"
1925,83,"Government nonresidential fixed assets",897,"m1gtotl1esnr","6","FAAt703","BEA_API"
1926,83,"Government nonresidential fixed assets",916,"m1gtotl1esnr","6","FAAt703","BEA_API"
1927,83,"Government nonresidential fixed assets",949,"m1gtotl1esnr","6","FAAt703","BEA_API"
1928,83,"Government nonresidential fixed assets",964,"m1gtotl1esnr","6","FAAt703","BEA_API"
1929,83,"Government nonresidential fixed assets",997,"m1gtotl1esnr","6","FAAt703","BEA_API"
1930,83,"Government nonresidential fixed assets",996,"m1gtotl1esnr","6","FAAt703","BEA_API"
1931,83,"Government nonresidential fixed assets",964,"m1gtotl1esnr","6","FAAt703","BEA_API"
1932,83,"Government nonresidential fixed assets",873,"m1gtotl1esnr","6","FAAt703","BEA_API"
1933,83,"Government nonresidential fixed assets",970,"m1gtotl1esnr","6","FAAt703","BEA_API"
1934,83,"Government nonresidential fixed assets",1142,"m1gtotl1esnr","6","FAAt703","BEA_API"
1935,83,"Government nonresidential fixed assets",1156,"m1gtotl1esnr","6","FAAt703","BEA_API"
1936,83,"Government nonresidential fixed assets",1292,"m1gtotl1esnr","6","FAAt703","BEA_API"
1937,83,"Government nonresidential fixed assets",1394,"m1gtotl1esnr","6","FAAt703","BEA_API"
1938,83,"Government nonresidential fixed assets",1459,"m1gtotl1esnr","6","FAAt703","BEA_API"
1939,83,"Government nonresidential fixed assets",1509,"m1gtotl1esnr","6","FAAt703","BEA_API"
1940,83,"Government nonresidential fixed assets",1595,"m1gtotl1esnr","6","FAAt703","BEA_API"
1941,83,"Government nonresidential fixed assets",2102,"m1gtotl1esnr","6","FAAt703","BEA_API"
1942,83,"Government nonresidential fixed assets",3646,"m1gtotl1esnr","6","FAAt703","BEA_API"
1943,83,"Government nonresidential fixed assets",6462,"m1gtotl1esnr","6","FAAt703","BEA_API"
1944,83,"Government nonresidential fixed assets",9266,"m1gtotl1esnr","6","FAAt703","BEA_API"
1945,83,"Government nonresidential fixed assets",10559,"m1gtotl1esnr","6","FAAt703","BEA_API"
1946,83,"Government nonresidential fixed assets",11398,"m1gtotl1esnr","6","FAAt703","BEA_API"
1947,83,"Government nonresidential fixed assets",11338,"m1gtotl1esnr","6","FAAt703","BEA_API"
1948,83,"Government nonresidential fixed assets",10452,"m1gtotl1esnr","6","FAAt703","BEA_API"
1949,83,"Government nonresidential fixed assets",9615,"m1gtotl1esnr","6","FAAt703","BEA_API"
1950,83,"Government nonresidential fixed assets",9005,"m1gtotl1esnr","6","FAAt703","BEA_API"
1951,83,"Government nonresidential fixed assets",9989,"m1gtotl1esnr","6","FAAt703","BEA_API"
1952,83,"Government nonresidential fixed assets",11048,"m1gtotl1esnr","6","FAAt703","BEA_API"
1953,83,"Government nonresidential fixed assets",12151,"m1gtotl1esnr","6","FAAt703","BEA_API"
1954,83,"Government nonresidential fixed assets",12904,"m1gtotl1esnr","6","FAAt703","BEA_API"
1955,83,"Government nonresidential fixed assets",13736,"m1gtotl1esnr","6","FAAt703","BEA_API"
1956,83,"Government nonresidential fixed assets",15196,"m1gtotl1esnr","6","FAAt703","BEA_API"
1957,83,"Government nonresidential fixed assets",16526,"m1gtotl1esnr","6","FAAt703","BEA_API"
1958,83,"Government nonresidential fixed assets",17408,"m1gtotl1esnr","6","FAAt703","BEA_API"
1959,83,"Government nonresidential fixed assets",18475,"m1gtotl1esnr","6","FAAt703","BEA_API"
1960,83,"Government nonresidential fixed assets",19530,"m1gtotl1esnr","6","FAAt703","BEA_API"
1961,83,"Government nonresidential fixed assets",20654,"m1gtotl1esnr","6","FAAt703","BEA_API"
1962,83,"Government nonresidential fixed assets",22114,"m1gtotl1esnr","6","FAAt703","BEA_API"
1963,83,"Government nonresidential fixed assets",23675,"m1gtotl1esnr","6","FAAt703","BEA_API"
1964,83,"Government nonresidential fixed assets",24925,"m1gtotl1esnr","6","FAAt703","BEA_API"
1965,83,"Government nonresidential fixed assets",26231,"m1gtotl1esnr","6","FAAt703","BEA_API"
1966,83,"Government nonresidential fixed assets",27920,"m1gtotl1esnr","6","FAAt703","BEA_API"
1967,83,"Government nonresidential fixed assets",30001,"m1gtotl1esnr","6","FAAt703","BEA_API"
1968,83,"Government nonresidential fixed assets",32500,"m1gtotl1esnr","6","FAAt703","BEA_API"
1969,83,"Government nonresidential fixed assets",35150,"m1gtotl1esnr","6","FAAt703","BEA_API"
1970,83,"Government nonresidential fixed assets",38262,"m1gtotl1esnr","6","FAAt703","BEA_API"
1971,83,"Government nonresidential fixed assets",40954,"m1gtotl1esnr","6","FAAt703","BEA_API"
1972,83,"Government nonresidential fixed assets",43126,"m1gtotl1esnr","6","FAAt703","BEA_API"
1973,83,"Government nonresidential fixed assets",46592,"m1gtotl1esnr","6","FAAt703","BEA_API"
1974,83,"Government nonresidential fixed assets",53214,"m1gtotl1esnr","6","FAAt703","BEA_API"
1975,83,"Government nonresidential fixed assets",59219,"m1gtotl1esnr","6","FAAt703","BEA_API"
1976,83,"Government nonresidential fixed assets",63187,"m1gtotl1esnr","6","FAAt703","BEA_API"
1977,83,"Government nonresidential fixed assets",68004,"m1gtotl1esnr","6","FAAt703","BEA_API"
1978,83,"Government nonresidential fixed assets",74216,"m1gtotl1esnr","6","FAAt703","BEA_API"
1979,83,"Government nonresidential fixed assets",82193,"m1gtotl1esnr","6","FAAt703","BEA_API"
1980,83,"Government nonresidential fixed assets",92376,"m1gtotl1esnr","6","FAAt703","BEA_API"
1981,83,"Government nonresidential fixed assets",104145,"m1gtotl1esnr","6","FAAt703","BEA_API"
1982,83,"Government nonresidential fixed assets",115412,"m1gtotl1esnr","6","FAAt703","BEA_API"
1983,83,"Government nonresidential fixed assets",123071,"m1gtotl1esnr","6","FAAt703","BEA_API"
1984,83,"Government nonresidential fixed assets",133802,"m1gtotl1esnr","6","FAAt703","BEA_API"
1985,83,"Government nonresidential fixed assets",142404,"m1gtotl1esnr","6","FAAt703","BEA_API"
1986,83,"Government nonresidential fixed assets",152092,"m1gtotl1esnr","6","FAAt703","BEA_API"
1987,83,"Government nonresidential fixed assets",162520,"m1gtotl1esnr","6","FAAt703","BEA_API"
1988,83,"Government nonresidential fixed assets",174783,"m1gtotl1esnr","6","FAAt703","BEA_API"
1989,83,"Government nonresidential fixed assets",186716,"m1gtotl1esnr","6","FAAt703","BEA_API"
1990,83,"Government nonresidential fixed assets",198126,"m1gtotl1esnr","6","FAAt703","BEA_API"
1991,83,"Government nonresidential fixed assets",208856,"m1gtotl1esnr","6","FAAt703","BEA_API"
1992,83,"Government nonresidential fixed assets",215282,"m1gtotl1esnr","6","FAAt703","BEA_API"
1993,83,"Government nonresidential fixed assets",222839,"m1gtotl1esnr","6","FAAt703","BEA_API"
1994,83,"Government nonresidential fixed assets",230646,"m1gtotl1esnr","6","FAAt703","BEA_API"
1995,83,"Government nonresidential fixed assets",239071,"m1gtotl1esnr","6","FAAt703","BEA_API"
1996,83,"Government nonresidential fixed assets",243586,"m1gtotl1esnr","6","FAAt703","BEA_API"
1997,83,"Government nonresidential fixed assets",248585,"m1gtotl1esnr","6","FAAt703","BEA_API"
1998,83,"Government nonresidential fixed assets",254686,"m1gtotl1esnr","6","FAAt703","BEA_API"
1999,83,"Government nonresidential fixed assets",263750,"m1gtotl1esnr","6","FAAt703","BEA_API"
2000,83,"Government nonresidential fixed assets",276173,"m1gtotl1esnr","6","FAAt703","BEA_API"
2001,83,"Government nonresidential fixed assets",284710,"m1gtotl1esnr","6","FAAt703","BEA_API"
2002,83,"Government nonresidential fixed assets",292738,"m1gtotl1esnr","6","FAAt703","BEA_API"
2003,83,"Government nonresidential fixed assets",303431,"m1gtotl1esnr","6","FAAt703","BEA_API"
2004,83,"Government nonresidential fixed assets",320343,"m1gtotl1esnr","6","FAAt703","BEA_API"
2005,83,"Government nonresidential fixed assets",343812,"m1gtotl1esnr","6","FAAt703","BEA_API"
2006,83,"Government nonresidential fixed assets",367307,"m1gtotl1esnr","6","FAAt703","BEA_API"
2007,83,"Government nonresidential fixed assets",394495,"m1gtotl1esnr","6","FAAt703","BEA_API"
2008,83,"Government nonresidential fixed assets",422148,"m1gtotl1esnr","6","FAAt703","BEA_API"
2009,83,"Government nonresidential fixed assets",438066,"m1gtotl1esnr","6","FAAt703","BEA_API"
2010,83,"Government nonresidential fixed assets",452434,"m1gtotl1esnr","6","FAAt703","BEA_API"
2011,83,"Government nonresidential fixed assets",472292,"m1gtotl1esnr","6","FAAt703","BEA_API"
2012,83,"Government nonresidential fixed assets",488661,"m1gtotl1esnr","6","FAAt703","BEA_API"
2013,83,"Government nonresidential fixed assets",499857,"m1gtotl1esnr","6","FAAt703","BEA_API"
2014,83,"Government nonresidential fixed assets",512893,"m1gtotl1esnr","6","FAAt703","BEA_API"
2015,83,"Government nonresidential fixed assets",519487,"m1gtotl1esnr","6","FAAt703","BEA_API"
2016,83,"Government nonresidential fixed assets",526832,"m1gtotl1esnr","6","FAAt703","BEA_API"
2017,83,"Government nonresidential fixed assets",543962,"m1gtotl1esnr","6","FAAt703","BEA_API"
2018,83,"Government nonresidential fixed assets",569075,"m1gtotl1esnr","6","FAAt703","BEA_API"
2019,83,"Government nonresidential fixed assets",591195,"m1gtotl1esnr","6","FAAt703","BEA_API"
2020,83,"Government nonresidential fixed assets",610410,"m1gtotl1esnr","6","FAAt703","BEA_API"
2021,83,"Government nonresidential fixed assets",651346,"m1gtotl1esnr","6","FAAt703","BEA_API"
2022,83,"Government nonresidential fixed assets",721024,"m1gtotl1esnr","6","FAAt703","BEA_API"
2023,83,"Government nonresidential fixed assets",762401,"m1gtotl1esnr","6","FAAt703","BEA_API"
2024,83,"Government nonresidential fixed assets",808487,"m1gtotl1esnr","6","FAAt703","BEA_API"
1925,84,"Equipment",226,"m1gtotl1eq00","6","FAAt703","BEA_API"
1926,84,"Equipment",233,"m1gtotl1eq00","6","FAAt703","BEA_API"
1927,84,"Equipment",239,"m1gtotl1eq00","6","FAAt703","BEA_API"
1928,84,"Equipment",248,"m1gtotl1eq00","6","FAAt703","BEA_API"
1929,84,"Equipment",254,"m1gtotl1eq00","6","FAAt703","BEA_API"
1930,84,"Equipment",254,"m1gtotl1eq00","6","FAAt703","BEA_API"
1931,84,"Equipment",251,"m1gtotl1eq00","6","FAAt703","BEA_API"
1932,84,"Equipment",255,"m1gtotl1eq00","6","FAAt703","BEA_API"
1933,84,"Equipment",252,"m1gtotl1eq00","6","FAAt703","BEA_API"
1934,84,"Equipment",272,"m1gtotl1eq00","6","FAAt703","BEA_API"
1935,84,"Equipment",292,"m1gtotl1eq00","6","FAAt703","BEA_API"
1936,84,"Equipment",307,"m1gtotl1eq00","6","FAAt703","BEA_API"
1937,84,"Equipment",341,"m1gtotl1eq00","6","FAAt703","BEA_API"
1938,84,"Equipment",359,"m1gtotl1eq00","6","FAAt703","BEA_API"
1939,84,"Equipment",383,"m1gtotl1eq00","6","FAAt703","BEA_API"
1940,84,"Equipment",421,"m1gtotl1eq00","6","FAAt703","BEA_API"
1941,84,"Equipment",720,"m1gtotl1eq00","6","FAAt703","BEA_API"
1942,84,"Equipment",1824,"m1gtotl1eq00","6","FAAt703","BEA_API"
1943,84,"Equipment",4222,"m1gtotl1eq00","6","FAAt703","BEA_API"
1944,84,"Equipment",6796,"m1gtotl1eq00","6","FAAt703","BEA_API"
1945,84,"Equipment",7905,"m1gtotl1eq00","6","FAAt703","BEA_API"
1946,84,"Equipment",8312,"m1gtotl1eq00","6","FAAt703","BEA_API"
1947,84,"Equipment",7673,"m1gtotl1eq00","6","FAAt703","BEA_API"
1948,84,"Equipment",6402,"m1gtotl1eq00","6","FAAt703","BEA_API"
1949,84,"Equipment",5449,"m1gtotl1eq00","6","FAAt703","BEA_API"
1950,84,"Equipment",4810,"m1gtotl1eq00","6","FAAt703","BEA_API"
1951,84,"Equipment",4938,"m1gtotl1eq00","6","FAAt703","BEA_API"
1952,84,"Equipment",5623,"m1gtotl1eq00","6","FAAt703","BEA_API"
1953,84,"Equipment",6385,"m1gtotl1eq00","6","FAAt703","BEA_API"
1954,84,"Equipment",7062,"m1gtotl1eq00","6","FAAt703","BEA_API"
1955,84,"Equipment",7464,"m1gtotl1eq00","6","FAAt703","BEA_API"
1956,84,"Equipment",7961,"m1gtotl1eq00","6","FAAt703","BEA_API"
1957,84,"Equipment",8358,"m1gtotl1eq00","6","FAAt703","BEA_API"
1958,84,"Equipment",8444,"m1gtotl1eq00","6","FAAt703","BEA_API"
1959,84,"Equipment",8802,"m1gtotl1eq00","6","FAAt703","BEA_API"
1960,84,"Equipment",9197,"m1gtotl1eq00","6","FAAt703","BEA_API"
1961,84,"Equipment",9534,"m1gtotl1eq00","6","FAAt703","BEA_API"
1962,84,"Equipment",10108,"m1gtotl1eq00","6","FAAt703","BEA_API"
1963,84,"Equipment",10688,"m1gtotl1eq00","6","FAAt703","BEA_API"
1964,84,"Equipment",10867,"m1gtotl1eq00","6","FAAt703","BEA_API"
1965,84,"Equipment",11111,"m1gtotl1eq00","6","FAAt703","BEA_API"
1966,84,"Equipment",11466,"m1gtotl1eq00","6","FAAt703","BEA_API"
1967,84,"Equipment",12142,"m1gtotl1eq00","6","FAAt703","BEA_API"
1968,84,"Equipment",12867,"m1gtotl1eq00","6","FAAt703","BEA_API"
1969,84,"Equipment",13406,"m1gtotl1eq00","6","FAAt703","BEA_API"
1970,84,"Equipment",13933,"m1gtotl1eq00","6","FAAt703","BEA_API"
1971,84,"Equipment",14133,"m1gtotl1eq00","6","FAAt703","BEA_API"
1972,84,"Equipment",14241,"m1gtotl1eq00","6","FAAt703","BEA_API"
1973,84,"Equipment",14648,"m1gtotl1eq00","6","FAAt703","BEA_API"
1974,84,"Equipment",15780,"m1gtotl1eq00","6","FAAt703","BEA_API"
1975,84,"Equipment",17545,"m1gtotl1eq00","6","FAAt703","BEA_API"
1976,84,"Equipment",19442,"m1gtotl1eq00","6","FAAt703","BEA_API"
1977,84,"Equipment",21315,"m1gtotl1eq00","6","FAAt703","BEA_API"
1978,84,"Equipment",23723,"m1gtotl1eq00","6","FAAt703","BEA_API"
1979,84,"Equipment",25930,"m1gtotl1eq00","6","FAAt703","BEA_API"
1980,84,"Equipment",28251,"m1gtotl1eq00","6","FAAt703","BEA_API"
1981,84,"Equipment",31437,"m1gtotl1eq00","6","FAAt703","BEA_API"
1982,84,"Equipment",35478,"m1gtotl1eq00","6","FAAt703","BEA_API"
1983,84,"Equipment",38662,"m1gtotl1eq00","6","FAAt703","BEA_API"
1984,84,"Equipment",43860,"m1gtotl1eq00","6","FAAt703","BEA_API"
1985,84,"Equipment",46321,"m1gtotl1eq00","6","FAAt703","BEA_API"
1986,84,"Equipment",49257,"m1gtotl1eq00","6","FAAt703","BEA_API"
1987,84,"Equipment",52227,"m1gtotl1eq00","6","FAAt703","BEA_API"
1988,84,"Equipment",55994,"m1gtotl1eq00","6","FAAt703","BEA_API"
1989,84,"Equipment",60503,"m1gtotl1eq00","6","FAAt703","BEA_API"
1990,84,"Equipment",64850,"m1gtotl1eq00","6","FAAt703","BEA_API"
1991,84,"Equipment",69193,"m1gtotl1eq00","6","FAAt703","BEA_API"
1992,84,"Equipment",71854,"m1gtotl1eq00","6","FAAt703","BEA_API"
1993,84,"Equipment",74555,"m1gtotl1eq00","6","FAAt703","BEA_API"
1994,84,"Equipment",77933,"m1gtotl1eq00","6","FAAt703","BEA_API"
1995,84,"Equipment",79411,"m1gtotl1eq00","6","FAAt703","BEA_API"
1996,84,"Equipment",79912,"m1gtotl1eq00","6","FAAt703","BEA_API"
1997,84,"Equipment",79268,"m1gtotl1eq00","6","FAAt703","BEA_API"
1998,84,"Equipment",80107,"m1gtotl1eq00","6","FAAt703","BEA_API"
1999,84,"Equipment",81553,"m1gtotl1eq00","6","FAAt703","BEA_API"
2000,84,"Equipment",84141,"m1gtotl1eq00","6","FAAt703","BEA_API"
2001,84,"Equipment",85384,"m1gtotl1eq00","6","FAAt703","BEA_API"
2002,84,"Equipment",86583,"m1gtotl1eq00","6","FAAt703","BEA_API"
2003,84,"Equipment",88700,"m1gtotl1eq00","6","FAAt703","BEA_API"
2004,84,"Equipment",92137,"m1gtotl1eq00","6","FAAt703","BEA_API"
2005,84,"Equipment",95901,"m1gtotl1eq00","6","FAAt703","BEA_API"
2006,84,"Equipment",99899,"m1gtotl1eq00","6","FAAt703","BEA_API"
2007,84,"Equipment",104940,"m1gtotl1eq00","6","FAAt703","BEA_API"
2008,84,"Equipment",111923,"m1gtotl1eq00","6","FAAt703","BEA_API"
2009,84,"Equipment",118346,"m1gtotl1eq00","6","FAAt703","BEA_API"
2010,84,"Equipment",123156,"m1gtotl1eq00","6","FAAt703","BEA_API"
2011,84,"Equipment",127948,"m1gtotl1eq00","6","FAAt703","BEA_API"
2012,84,"Equipment",130917,"m1gtotl1eq00","6","FAAt703","BEA_API"
2013,84,"Equipment",131493,"m1gtotl1eq00","6","FAAt703","BEA_API"
2014,84,"Equipment",131856,"m1gtotl1eq00","6","FAAt703","BEA_API"
2015,84,"Equipment",131321,"m1gtotl1eq00","6","FAAt703","BEA_API"
2016,84,"Equipment",131106,"m1gtotl1eq00","6","FAAt703","BEA_API"
2017,84,"Equipment",132427,"m1gtotl1eq00","6","FAAt703","BEA_API"
2018,84,"Equipment",135508,"m1gtotl1eq00","6","FAAt703","BEA_API"
2019,84,"Equipment",138686,"m1gtotl1eq00","6","FAAt703","BEA_API"
2020,84,"Equipment",142594,"m1gtotl1eq00","6","FAAt703","BEA_API"
2021,84,"Equipment",150379,"m1gtotl1eq00","6","FAAt703","BEA_API"
2022,84,"Equipment",163178,"m1gtotl1eq00","6","FAAt703","BEA_API"
2023,84,"Equipment",170213,"m1gtotl1eq00","6","FAAt703","BEA_API"
2024,84,"Equipment",189974,"m1gtotl1eq00","6","FAAt703","BEA_API"
1925,85,"Structures",658,"m1gtotl1stnr","6","FAAt703","BEA_API"
1926,85,"Structures",668,"m1gtotl1stnr","6","FAAt703","BEA_API"
1927,85,"Structures",694,"m1gtotl1stnr","6","FAAt703","BEA_API"
1928,85,"Structures",698,"m1gtotl1stnr","6","FAAt703","BEA_API"
1929,85,"Structures",722,"m1gtotl1stnr","6","FAAt703","BEA_API"
1930,85,"Structures",713,"m1gtotl1stnr","6","FAAt703","BEA_API"
1931,85,"Structures",676,"m1gtotl1stnr","6","FAAt703","BEA_API"
1932,85,"Structures",573,"m1gtotl1stnr","6","FAAt703","BEA_API"
1933,85,"Structures",667,"m1gtotl1stnr","6","FAAt703","BEA_API"
1934,85,"Structures",810,"m1gtotl1stnr","6","FAAt703","BEA_API"
1935,85,"Structures",803,"m1gtotl1stnr","6","FAAt703","BEA_API"
1936,85,"Structures",916,"m1gtotl1stnr","6","FAAt703","BEA_API"
1937,85,"Structures",976,"m1gtotl1stnr","6","FAAt703","BEA_API"
1938,85,"Structures",1018,"m1gtotl1stnr","6","FAAt703","BEA_API"
1939,85,"Structures",1041,"m1gtotl1stnr","6","FAAt703","BEA_API"
1940,85,"Structures",1084,"m1gtotl1stnr","6","FAAt703","BEA_API"
1941,85,"Structures",1271,"m1gtotl1stnr","6","FAAt703","BEA_API"
1942,85,"Structures",1644,"m1gtotl1stnr","6","FAAt703","BEA_API"
1943,85,"Structures",1945,"m1gtotl1stnr","6","FAAt703","BEA_API"
1944,85,"Structures",1956,"m1gtotl1stnr","6","FAAt703","BEA_API"
1945,85,"Structures",1968,"m1gtotl1stnr","6","FAAt703","BEA_API"
1946,85,"Structures",2255,"m1gtotl1stnr","6","FAAt703","BEA_API"
1947,85,"Structures",2677,"m1gtotl1stnr","6","FAAt703","BEA_API"
1948,85,"Structures",2963,"m1gtotl1stnr","6","FAAt703","BEA_API"
1949,85,"Structures",2962,"m1gtotl1stnr","6","FAAt703","BEA_API"
1950,85,"Structures",2874,"m1gtotl1stnr","6","FAAt703","BEA_API"
1951,85,"Structures",3520,"m1gtotl1stnr","6","FAAt703","BEA_API"
1952,85,"Structures",3751,"m1gtotl1stnr","6","FAAt703","BEA_API"
1953,85,"Structures",3918,"m1gtotl1stnr","6","FAAt703","BEA_API"
1954,85,"Structures",3812,"m1gtotl1stnr","6","FAAt703","BEA_API"
1955,85,"Structures",3962,"m1gtotl1stnr","6","FAAt703","BEA_API"
1956,85,"Structures",4498,"m1gtotl1stnr","6","FAAt703","BEA_API"
1957,85,"Structures",4889,"m1gtotl1stnr","6","FAAt703","BEA_API"
1958,85,"Structures",5089,"m1gtotl1stnr","6","FAAt703","BEA_API"
1959,85,"Structures",5239,"m1gtotl1stnr","6","FAAt703","BEA_API"
1960,85,"Structures",5360,"m1gtotl1stnr","6","FAAt703","BEA_API"
1961,85,"Structures",5582,"m1gtotl1stnr","6","FAAt703","BEA_API"
1962,85,"Structures",5885,"m1gtotl1stnr","6","FAAt703","BEA_API"
1963,85,"Structures",6249,"m1gtotl1stnr","6","FAAt703","BEA_API"
1964,85,"Structures",6585,"m1gtotl1stnr","6","FAAt703","BEA_API"
1965,85,"Structures",7021,"m1gtotl1stnr","6","FAAt703","BEA_API"
1966,85,"Structures",7626,"m1gtotl1stnr","6","FAAt703","BEA_API"
1967,85,"Structures",8218,"m1gtotl1stnr","6","FAAt703","BEA_API"
1968,85,"Structures",8964,"m1gtotl1stnr","6","FAAt703","BEA_API"
1969,85,"Structures",9946,"m1gtotl1stnr","6","FAAt703","BEA_API"
1970,85,"Structures",11195,"m1gtotl1stnr","6","FAAt703","BEA_API"
1971,85,"Structures",12471,"m1gtotl1stnr","6","FAAt703","BEA_API"
1972,85,"Structures",13518,"m1gtotl1stnr","6","FAAt703","BEA_API"
1973,85,"Structures",15178,"m1gtotl1stnr","6","FAAt703","BEA_API"
1974,85,"Structures",18579,"m1gtotl1stnr","6","FAAt703","BEA_API"
1975,85,"Structures",20914,"m1gtotl1stnr","6","FAAt703","BEA_API"
1976,85,"Structures",21559,"m1gtotl1stnr","6","FAAt703","BEA_API"
1977,85,"Structures",22767,"m1gtotl1stnr","6","FAAt703","BEA_API"
1978,85,"Structures",24457,"m1gtotl1stnr","6","FAAt703","BEA_API"
1979,85,"Structures",27373,"m1gtotl1stnr","6","FAAt703","BEA_API"
1980,85,"Structures",31366,"m1gtotl1stnr","6","FAAt703","BEA_API"
1981,85,"Structures",35547,"m1gtotl1stnr","6","FAAt703","BEA_API"
1982,85,"Structures",38366,"m1gtotl1stnr","6","FAAt703","BEA_API"
1983,85,"Structures",38911,"m1gtotl1stnr","6","FAAt703","BEA_API"
1984,85,"Structures",39787,"m1gtotl1stnr","6","FAAt703","BEA_API"
1985,85,"Structures",41244,"m1gtotl1stnr","6","FAAt703","BEA_API"
1986,85,"Structures",43457,"m1gtotl1stnr","6","FAAt703","BEA_API"
1987,85,"Structures",46041,"m1gtotl1stnr","6","FAAt703","BEA_API"
1988,85,"Structures",48158,"m1gtotl1stnr","6","FAAt703","BEA_API"
1989,85,"Structures",50266,"m1gtotl1stnr","6","FAAt703","BEA_API"
1990,85,"Structures",52880,"m1gtotl1stnr","6","FAAt703","BEA_API"
1991,85,"Structures",54830,"m1gtotl1stnr","6","FAAt703","BEA_API"
1992,85,"Structures",56387,"m1gtotl1stnr","6","FAAt703","BEA_API"
1993,85,"Structures",58997,"m1gtotl1stnr","6","FAAt703","BEA_API"
1994,85,"Structures",61871,"m1gtotl1stnr","6","FAAt703","BEA_API"
1995,85,"Structures",65656,"m1gtotl1stnr","6","FAAt703","BEA_API"
1996,85,"Structures",69016,"m1gtotl1stnr","6","FAAt703","BEA_API"
1997,85,"Structures",72813,"m1gtotl1stnr","6","FAAt703","BEA_API"
1998,85,"Structures",76367,"m1gtotl1stnr","6","FAAt703","BEA_API"
1999,85,"Structures",80722,"m1gtotl1stnr","6","FAAt703","BEA_API"
2000,85,"Structures",86045,"m1gtotl1stnr","6","FAAt703","BEA_API"
2001,85,"Structures",90925,"m1gtotl1stnr","6","FAAt703","BEA_API"
2002,85,"Structures",95393,"m1gtotl1stnr","6","FAAt703","BEA_API"
2003,85,"Structures",99780,"m1gtotl1stnr","6","FAAt703","BEA_API"
2004,85,"Structures",107568,"m1gtotl1stnr","6","FAAt703","BEA_API"
2005,85,"Structures",120505,"m1gtotl1stnr","6","FAAt703","BEA_API"
2006,85,"Structures",133215,"m1gtotl1stnr","6","FAAt703","BEA_API"
2007,85,"Structures",147610,"m1gtotl1stnr","6","FAAt703","BEA_API"
2008,85,"Structures",159677,"m1gtotl1stnr","6","FAAt703","BEA_API"
2009,85,"Structures",165196,"m1gtotl1stnr","6","FAAt703","BEA_API"
2010,85,"Structures",168179,"m1gtotl1stnr","6","FAAt703","BEA_API"
2011,85,"Structures",176526,"m1gtotl1stnr","6","FAAt703","BEA_API"
2012,85,"Structures",185236,"m1gtotl1stnr","6","FAAt703","BEA_API"
2013,85,"Structures",191114,"m1gtotl1stnr","6","FAAt703","BEA_API"
2014,85,"Structures",197344,"m1gtotl1stnr","6","FAAt703","BEA_API"
2015,85,"Structures",201420,"m1gtotl1stnr","6","FAAt703","BEA_API"
2016,85,"Structures",205314,"m1gtotl1stnr","6","FAAt703","BEA_API"
2017,85,"Structures",213051,"m1gtotl1stnr","6","FAAt703","BEA_API"
2018,85,"Structures",224414,"m1gtotl1stnr","6","FAAt703","BEA_API"
2019,85,"Structures",234615,"m1gtotl1stnr","6","FAAt703","BEA_API"
2020,85,"Structures",239374,"m1gtotl1stnr","6","FAAt703","BEA_API"
2021,85,"Structures",258958,"m1gtotl1stnr","6","FAAt703","BEA_API"
2022,85,"Structures",294035,"m1gtotl1stnr","6","FAAt703","BEA_API"
2023,85,"Structures",310931,"m1gtotl1stnr","6","FAAt703","BEA_API"
2024,85,"Structures",318907,"m1gtotl1stnr","6","FAAt703","BEA_API"
1925,86,"Federal",121,"m1gfedr1stnr","6","FAAt703","BEA_API"
1926,86,"Federal",121,"m1gfedr1stnr","6","FAAt703","BEA_API"
1927,86,"Federal",120,"m1gfedr1stnr","6","FAAt703","BEA_API"
1928,86,"Federal",115,"m1gfedr1stnr","6","FAAt703","BEA_API"
1929,86,"Federal",115,"m1gfedr1stnr","6","FAAt703","BEA_API"
1930,86,"Federal",109,"m1gfedr1stnr","6","FAAt703","BEA_API"
1931,86,"Federal",101,"m1gfedr1stnr","6","FAAt703","BEA_API"
1932,86,"Federal",88,"m1gfedr1stnr","6","FAAt703","BEA_API"
1933,86,"Federal",96,"m1gfedr1stnr","6","FAAt703","BEA_API"
1934,86,"Federal",116,"m1gfedr1stnr","6","FAAt703","BEA_API"
1935,86,"Federal",124,"m1gfedr1stnr","6","FAAt703","BEA_API"
1936,86,"Federal",149,"m1gfedr1stnr","6","FAAt703","BEA_API"
1937,86,"Federal",171,"m1gfedr1stnr","6","FAAt703","BEA_API"
1938,86,"Federal",186,"m1gfedr1stnr","6","FAAt703","BEA_API"
1939,86,"Federal",191,"m1gfedr1stnr","6","FAAt703","BEA_API"
1940,86,"Federal",204,"m1gfedr1stnr","6","FAAt703","BEA_API"
1941,86,"Federal",270,"m1gfedr1stnr","6","FAAt703","BEA_API"
1942,86,"Federal",452,"m1gfedr1stnr","6","FAAt703","BEA_API"
1943,86,"Federal",662,"m1gfedr1stnr","6","FAAt703","BEA_API"
1944,86,"Federal",723,"m1gfedr1stnr","6","FAAt703","BEA_API"
1945,86,"Federal",757,"m1gfedr1stnr","6","FAAt703","BEA_API"
1946,86,"Federal",928,"m1gfedr1stnr","6","FAAt703","BEA_API"
1947,86,"Federal",1093,"m1gfedr1stnr","6","FAAt703","BEA_API"
1948,86,"Federal",1164,"m1gfedr1stnr","6","FAAt703","BEA_API"
1949,86,"Federal",1160,"m1gfedr1stnr","6","FAAt703","BEA_API"
1950,86,"Federal",1108,"m1gfedr1stnr","6","FAAt703","BEA_API"
1951,86,"Federal",1387,"m1gfedr1stnr","6","FAAt703","BEA_API"
1952,86,"Federal",1485,"m1gfedr1stnr","6","FAAt703","BEA_API"
1953,86,"Federal",1598,"m1gfedr1stnr","6","FAAt703","BEA_API"
1954,86,"Federal",1475,"m1gfedr1stnr","6","FAAt703","BEA_API"
1955,86,"Federal",1520,"m1gfedr1stnr","6","FAAt703","BEA_API"
1956,86,"Federal",1664,"m1gfedr1stnr","6","FAAt703","BEA_API"
1957,86,"Federal",1780,"m1gfedr1stnr","6","FAAt703","BEA_API"
1958,86,"Federal",1875,"m1gfedr1stnr","6","FAAt703","BEA_API"
1959,86,"Federal",1858,"m1gfedr1stnr","6","FAAt703","BEA_API"
1960,86,"Federal",1867,"m1gfedr1stnr","6","FAAt703","BEA_API"
1961,86,"Federal",1911,"m1gfedr1stnr","6","FAAt703","BEA_API"
1962,86,"Federal",1954,"m1gfedr1stnr","6","FAAt703","BEA_API"
1963,86,"Federal",2050,"m1gfedr1stnr","6","FAAt703","BEA_API"
1964,86,"Federal",2112,"m1gfedr1stnr","6","FAAt703","BEA_API"
1965,86,"Federal",2179,"m1gfedr1stnr","6","FAAt703","BEA_API"
1966,86,"Federal",2299,"m1gfedr1stnr","6","FAAt703","BEA_API"
1967,86,"Federal",2420,"m1gfedr1stnr","6","FAAt703","BEA_API"
1968,86,"Federal",2563,"m1gfedr1stnr","6","FAAt703","BEA_API"
1969,86,"Federal",2765,"m1gfedr1stnr","6","FAAt703","BEA_API"
1970,86,"Federal",3000,"m1gfedr1stnr","6","FAAt703","BEA_API"
1971,86,"Federal",3287,"m1gfedr1stnr","6","FAAt703","BEA_API"
1972,86,"Federal",3513,"m1gfedr1stnr","6","FAAt703","BEA_API"
1973,86,"Federal",4016,"m1gfedr1stnr","6","FAAt703","BEA_API"
1974,86,"Federal",4619,"m1gfedr1stnr","6","FAAt703","BEA_API"
1975,86,"Federal",5114,"m1gfedr1stnr","6","FAAt703","BEA_API"
1976,86,"Federal",5259,"m1gfedr1stnr","6","FAAt703","BEA_API"
1977,86,"Federal",5661,"m1gfedr1stnr","6","FAAt703","BEA_API"
1978,86,"Federal",6054,"m1gfedr1stnr","6","FAAt703","BEA_API"
1979,86,"Federal",6720,"m1gfedr1stnr","6","FAAt703","BEA_API"
1980,86,"Federal",7439,"m1gfedr1stnr","6","FAAt703","BEA_API"
1981,86,"Federal",8133,"m1gfedr1stnr","6","FAAt703","BEA_API"
1982,86,"Federal",8502,"m1gfedr1stnr","6","FAAt703","BEA_API"
1983,86,"Federal",8432,"m1gfedr1stnr","6","FAAt703","BEA_API"
1984,86,"Federal",8801,"m1gfedr1stnr","6","FAAt703","BEA_API"
1985,86,"Federal",9145,"m1gfedr1stnr","6","FAAt703","BEA_API"
1986,86,"Federal",9547,"m1gfedr1stnr","6","FAAt703","BEA_API"
1987,86,"Federal",9972,"m1gfedr1stnr","6","FAAt703","BEA_API"
1988,86,"Federal",10240,"m1gfedr1stnr","6","FAAt703","BEA_API"
1989,86,"Federal",10628,"m1gfedr1stnr","6","FAAt703","BEA_API"
1990,86,"Federal",10975,"m1gfedr1stnr","6","FAAt703","BEA_API"
1991,86,"Federal",11311,"m1gfedr1stnr","6","FAAt703","BEA_API"
1992,86,"Federal",11619,"m1gfedr1stnr","6","FAAt703","BEA_API"
1993,86,"Federal",12142,"m1gfedr1stnr","6","FAAt703","BEA_API"
1994,86,"Federal",12536,"m1gfedr1stnr","6","FAAt703","BEA_API"
1995,86,"Federal",13089,"m1gfedr1stnr","6","FAAt703","BEA_API"
1996,86,"Federal",13559,"m1gfedr1stnr","6","FAAt703","BEA_API"
1997,86,"Federal",14079,"m1gfedr1stnr","6","FAAt703","BEA_API"
1998,86,"Federal",14502,"m1gfedr1stnr","6","FAAt703","BEA_API"
1999,86,"Federal",15022,"m1gfedr1stnr","6","FAAt703","BEA_API"
2000,86,"Federal",15606,"m1gfedr1stnr","6","FAAt703","BEA_API"
2001,86,"Federal",16060,"m1gfedr1stnr","6","FAAt703","BEA_API"
2002,86,"Federal",16354,"m1gfedr1stnr","6","FAAt703","BEA_API"
2003,86,"Federal",16757,"m1gfedr1stnr","6","FAAt703","BEA_API"
2004,86,"Federal",17581,"m1gfedr1stnr","6","FAAt703","BEA_API"
2005,86,"Federal",19088,"m1gfedr1stnr","6","FAAt703","BEA_API"
2006,86,"Federal",20623,"m1gfedr1stnr","6","FAAt703","BEA_API"
2007,86,"Federal",21250,"m1gfedr1stnr","6","FAAt703","BEA_API"
2008,86,"Federal",23060,"m1gfedr1stnr","6","FAAt703","BEA_API"
2009,86,"Federal",22995,"m1gfedr1stnr","6","FAAt703","BEA_API"
2010,86,"Federal",22874,"m1gfedr1stnr","6","FAAt703","BEA_API"
2011,86,"Federal",23653,"m1gfedr1stnr","6","FAAt703","BEA_API"
2012,86,"Federal",24377,"m1gfedr1stnr","6","FAAt703","BEA_API"
2013,86,"Federal",24932,"m1gfedr1stnr","6","FAAt703","BEA_API"
2014,86,"Federal",25561,"m1gfedr1stnr","6","FAAt703","BEA_API"
2015,86,"Federal",25800,"m1gfedr1stnr","6","FAAt703","BEA_API"
2016,86,"Federal",26091,"m1gfedr1stnr","6","FAAt703","BEA_API"
2017,86,"Federal",26791,"m1gfedr1stnr","6","FAAt703","BEA_API"
2018,86,"Federal",27761,"m1gfedr1stnr","6","FAAt703","BEA_API"
2019,86,"Federal",28512,"m1gfedr1stnr","6","FAAt703","BEA_API"
2020,86,"Federal",28947,"m1gfedr1stnr","6","FAAt703","BEA_API"
2021,86,"Federal",31039,"m1gfedr1stnr","6","FAAt703","BEA_API"
2022,86,"Federal",34586,"m1gfedr1stnr","6","FAAt703","BEA_API"
2023,86,"Federal",36252,"m1gfedr1stnr","6","FAAt703","BEA_API"
2024,86,"Federal",36970,"m1gfedr1stnr","6","FAAt703","BEA_API"
1925,87,"National defense",82,"m1gdefn1stnr","6","FAAt703","BEA_API"
1926,87,"National defense",82,"m1gdefn1stnr","6","FAAt703","BEA_API"
1927,87,"National defense",80,"m1gdefn1stnr","6","FAAt703","BEA_API"
1928,87,"National defense",75,"m1gdefn1stnr","6","FAAt703","BEA_API"
1929,87,"National defense",73,"m1gdefn1stnr","6","FAAt703","BEA_API"
1930,87,"National defense",67,"m1gdefn1stnr","6","FAAt703","BEA_API"
1931,87,"National defense",60,"m1gdefn1stnr","6","FAAt703","BEA_API"
1932,87,"National defense",51,"m1gdefn1stnr","6","FAAt703","BEA_API"
1933,87,"National defense",54,"m1gdefn1stnr","6","FAAt703","BEA_API"
1934,87,"National defense",60,"m1gdefn1stnr","6","FAAt703","BEA_API"
1935,87,"National defense",61,"m1gdefn1stnr","6","FAAt703","BEA_API"
1936,87,"National defense",67,"m1gdefn1stnr","6","FAAt703","BEA_API"
1937,87,"National defense",73,"m1gdefn1stnr","6","FAAt703","BEA_API"
1938,87,"National defense",74,"m1gdefn1stnr","6","FAAt703","BEA_API"
1939,87,"National defense",77,"m1gdefn1stnr","6","FAAt703","BEA_API"
1940,87,"National defense",85,"m1gdefn1stnr","6","FAAt703","BEA_API"
1941,87,"National defense",133,"m1gdefn1stnr","6","FAAt703","BEA_API"
1942,87,"National defense",304,"m1gdefn1stnr","6","FAAt703","BEA_API"
1943,87,"National defense",494,"m1gdefn1stnr","6","FAAt703","BEA_API"
1944,87,"National defense",544,"m1gdefn1stnr","6","FAAt703","BEA_API"
1945,87,"National defense",586,"m1gdefn1stnr","6","FAAt703","BEA_API"
1946,87,"National defense",704,"m1gdefn1stnr","6","FAAt703","BEA_API"
1947,87,"National defense",826,"m1gdefn1stnr","6","FAAt703","BEA_API"
1948,87,"National defense",875,"m1gdefn1stnr","6","FAAt703","BEA_API"
1949,87,"National defense",861,"m1gdefn1stnr","6","FAAt703","BEA_API"
1950,87,"National defense",810,"m1gdefn1stnr","6","FAAt703","BEA_API"
1951,87,"National defense",1024,"m1gdefn1stnr","6","FAAt703","BEA_API"
1952,87,"National defense",1102,"m1gdefn1stnr","6","FAAt703","BEA_API"
1953,87,"National defense",1202,"m1gdefn1stnr","6","FAAt703","BEA_API"
1954,87,"National defense",1096,"m1gdefn1stnr","6","FAAt703","BEA_API"
1955,87,"National defense",1140,"m1gdefn1stnr","6","FAAt703","BEA_API"
1956,87,"National defense",1255,"m1gdefn1stnr","6","FAAt703","BEA_API"
1957,87,"National defense",1346,"m1gdefn1stnr","6","FAAt703","BEA_API"
1958,87,"National defense",1420,"m1gdefn1stnr","6","FAAt703","BEA_API"
1959,87,"National defense",1390,"m1gdefn1stnr","6","FAAt703","BEA_API"
1960,87,"National defense",1382,"m1gdefn1stnr","6","FAAt703","BEA_API"
1961,87,"National defense",1394,"m1gdefn1stnr","6","FAAt703","BEA_API"
1962,87,"National defense",1407,"m1gdefn1stnr","6","FAAt703","BEA_API"
1963,87,"National defense",1442,"m1gdefn1stnr","6","FAAt703","BEA_API"
1964,87,"National defense",1471,"m1gdefn1stnr","6","FAAt703","BEA_API"
1965,87,"National defense",1494,"m1gdefn1stnr","6","FAAt703","BEA_API"
1966,87,"National defense",1536,"m1gdefn1stnr","6","FAAt703","BEA_API"
1967,87,"National defense",1614,"m1gdefn1stnr","6","FAAt703","BEA_API"
1968,87,"National defense",1693,"m1gdefn1stnr","6","FAAt703","BEA_API"
1969,87,"National defense",1799,"m1gdefn1stnr","6","FAAt703","BEA_API"
1970,87,"National defense",1939,"m1gdefn1stnr","6","FAAt703","BEA_API"
1971,87,"National defense",2128,"m1gdefn1stnr","6","FAAt703","BEA_API"
1972,87,"National defense",2275,"m1gdefn1stnr","6","FAAt703","BEA_API"
1973,87,"National defense",2697,"m1gdefn1stnr","6","FAAt703","BEA_API"
1974,87,"National defense",3119,"m1gdefn1stnr","6","FAAt703","BEA_API"
1975,87,"National defense",3412,"m1gdefn1stnr","6","FAAt703","BEA_API"
1976,87,"National defense",3488,"m1gdefn1stnr","6","FAAt703","BEA_API"
1977,87,"National defense",3687,"m1gdefn1stnr","6","FAAt703","BEA_API"
1978,87,"National defense",3796,"m1gdefn1stnr","6","FAAt703","BEA_API"
1979,87,"National defense",4215,"m1gdefn1stnr","6","FAAt703","BEA_API"
1980,87,"National defense",4603,"m1gdefn1stnr","6","FAAt703","BEA_API"
1981,87,"National defense",4901,"m1gdefn1stnr","6","FAAt703","BEA_API"
1982,87,"National defense",4947,"m1gdefn1stnr","6","FAAt703","BEA_API"
1983,87,"National defense",4925,"m1gdefn1stnr","6","FAAt703","BEA_API"
1984,87,"National defense",5051,"m1gdefn1stnr","6","FAAt703","BEA_API"
1985,87,"National defense",5264,"m1gdefn1stnr","6","FAAt703","BEA_API"
1986,87,"National defense",5505,"m1gdefn1stnr","6","FAAt703","BEA_API"
1987,87,"National defense",5731,"m1gdefn1stnr","6","FAAt703","BEA_API"
1988,87,"National defense",5817,"m1gdefn1stnr","6","FAAt703","BEA_API"
1989,87,"National defense",6024,"m1gdefn1stnr","6","FAAt703","BEA_API"
1990,87,"National defense",6179,"m1gdefn1stnr","6","FAAt703","BEA_API"
1991,87,"National defense",6344,"m1gdefn1stnr","6","FAAt703","BEA_API"
1992,87,"National defense",6546,"m1gdefn1stnr","6","FAAt703","BEA_API"
1993,87,"National defense",6850,"m1gdefn1stnr","6","FAAt703","BEA_API"
1994,87,"National defense",6988,"m1gdefn1stnr","6","FAAt703","BEA_API"
1995,87,"National defense",7240,"m1gdefn1stnr","6","FAAt703","BEA_API"
1996,87,"National defense",7400,"m1gdefn1stnr","6","FAAt703","BEA_API"
1997,87,"National defense",7580,"m1gdefn1stnr","6","FAAt703","BEA_API"
1998,87,"National defense",7739,"m1gdefn1stnr","6","FAAt703","BEA_API"
1999,87,"National defense",7955,"m1gdefn1stnr","6","FAAt703","BEA_API"
2000,87,"National defense",8208,"m1gdefn1stnr","6","FAAt703","BEA_API"
2001,87,"National defense",8418,"m1gdefn1stnr","6","FAAt703","BEA_API"
2002,87,"National defense",8551,"m1gdefn1stnr","6","FAAt703","BEA_API"
2003,87,"National defense",8692,"m1gdefn1stnr","6","FAAt703","BEA_API"
2004,87,"National defense",9067,"m1gdefn1stnr","6","FAAt703","BEA_API"
2005,87,"National defense",9845,"m1gdefn1stnr","6","FAAt703","BEA_API"
2006,87,"National defense",10685,"m1gdefn1stnr","6","FAAt703","BEA_API"
2007,87,"National defense",11426,"m1gdefn1stnr","6","FAAt703","BEA_API"
2008,87,"National defense",12024,"m1gdefn1stnr","6","FAAt703","BEA_API"
2009,87,"National defense",11884,"m1gdefn1stnr","6","FAAt703","BEA_API"
2010,87,"National defense",11837,"m1gdefn1stnr","6","FAAt703","BEA_API"
2011,87,"National defense",12212,"m1gdefn1stnr","6","FAAt703","BEA_API"
2012,87,"National defense",12498,"m1gdefn1stnr","6","FAAt703","BEA_API"
2013,87,"National defense",12759,"m1gdefn1stnr","6","FAAt703","BEA_API"
2014,87,"National defense",13071,"m1gdefn1stnr","6","FAAt703","BEA_API"
2015,87,"National defense",13100,"m1gdefn1stnr","6","FAAt703","BEA_API"
2016,87,"National defense",13245,"m1gdefn1stnr","6","FAAt703","BEA_API"
2017,87,"National defense",13585,"m1gdefn1stnr","6","FAAt703","BEA_API"
2018,87,"National defense",14019,"m1gdefn1stnr","6","FAAt703","BEA_API"
2019,87,"National defense",14212,"m1gdefn1stnr","6","FAAt703","BEA_API"
2020,87,"National defense",14354,"m1gdefn1stnr","6","FAAt703","BEA_API"
2021,87,"National defense",15626,"m1gdefn1stnr","6","FAAt703","BEA_API"
2022,87,"National defense",17093,"m1gdefn1stnr","6","FAAt703","BEA_API"
2023,87,"National defense",17625,"m1gdefn1stnr","6","FAAt703","BEA_API"
2024,87,"National defense",18083,"m1gdefn1stnr","6","FAAt703","BEA_API"
1925,88,"Nondefense",39,"m1gndef1stnr","6","FAAt703","BEA_API"
1926,88,"Nondefense",39,"m1gndef1stnr","6","FAAt703","BEA_API"
1927,88,"Nondefense",40,"m1gndef1stnr","6","FAAt703","BEA_API"
1928,88,"Nondefense",40,"m1gndef1stnr","6","FAAt703","BEA_API"
1929,88,"Nondefense",42,"m1gndef1stnr","6","FAAt703","BEA_API"
1930,88,"Nondefense",42,"m1gndef1stnr","6","FAAt703","BEA_API"
1931,88,"Nondefense",41,"m1gndef1stnr","6","FAAt703","BEA_API"
1932,88,"Nondefense",38,"m1gndef1stnr","6","FAAt703","BEA_API"
1933,88,"Nondefense",42,"m1gndef1stnr","6","FAAt703","BEA_API"
1934,88,"Nondefense",56,"m1gndef1stnr","6","FAAt703","BEA_API"
1935,88,"Nondefense",63,"m1gndef1stnr","6","FAAt703","BEA_API"
1936,88,"Nondefense",82,"m1gndef1stnr","6","FAAt703","BEA_API"
1937,88,"Nondefense",99,"m1gndef1stnr","6","FAAt703","BEA_API"
1938,88,"Nondefense",112,"m1gndef1stnr","6","FAAt703","BEA_API"
1939,88,"Nondefense",114,"m1gndef1stnr","6","FAAt703","BEA_API"
1940,88,"Nondefense",119,"m1gndef1stnr","6","FAAt703","BEA_API"
1941,88,"Nondefense",137,"m1gndef1stnr","6","FAAt703","BEA_API"
1942,88,"Nondefense",149,"m1gndef1stnr","6","FAAt703","BEA_API"
1943,88,"Nondefense",168,"m1gndef1stnr","6","FAAt703","BEA_API"
1944,88,"Nondefense",179,"m1gndef1stnr","6","FAAt703","BEA_API"
1945,88,"Nondefense",171,"m1gndef1stnr","6","FAAt703","BEA_API"
1946,88,"Nondefense",224,"m1gndef1stnr","6","FAAt703","BEA_API"
1947,88,"Nondefense",267,"m1gndef1stnr","6","FAAt703","BEA_API"
1948,88,"Nondefense",290,"m1gndef1stnr","6","FAAt703","BEA_API"
1949,88,"Nondefense",299,"m1gndef1stnr","6","FAAt703","BEA_API"
1950,88,"Nondefense",298,"m1gndef1stnr","6","FAAt703","BEA_API"
1951,88,"Nondefense",364,"m1gndef1stnr","6","FAAt703","BEA_API"
1952,88,"Nondefense",383,"m1gndef1stnr","6","FAAt703","BEA_API"
1953,88,"Nondefense",396,"m1gndef1stnr","6","FAAt703","BEA_API"
1954,88,"Nondefense",379,"m1gndef1stnr","6","FAAt703","BEA_API"
1955,88,"Nondefense",381,"m1gndef1stnr","6","FAAt703","BEA_API"
1956,88,"Nondefense",409,"m1gndef1stnr","6","FAAt703","BEA_API"
1957,88,"Nondefense",435,"m1gndef1stnr","6","FAAt703","BEA_API"
1958,88,"Nondefense",454,"m1gndef1stnr","6","FAAt703","BEA_API"
1959,88,"Nondefense",468,"m1gndef1stnr","6","FAAt703","BEA_API"
1960,88,"Nondefense",485,"m1gndef1stnr","6","FAAt703","BEA_API"
1961,88,"Nondefense",516,"m1gndef1stnr","6","FAAt703","BEA_API"
1962,88,"Nondefense",547,"m1gndef1stnr","6","FAAt703","BEA_API"
1963,88,"Nondefense",608,"m1gndef1stnr","6","FAAt703","BEA_API"
1964,88,"Nondefense",641,"m1gndef1stnr","6","FAAt703","BEA_API"
1965,88,"Nondefense",685,"m1gndef1stnr","6","FAAt703","BEA_API"
1966,88,"Nondefense",763,"m1gndef1stnr","6","FAAt703","BEA_API"
1967,88,"Nondefense",806,"m1gndef1stnr","6","FAAt703","BEA_API"
1968,88,"Nondefense",870,"m1gndef1stnr","6","FAAt703","BEA_API"
1969,88,"Nondefense",966,"m1gndef1stnr","6","FAAt703","BEA_API"
1970,88,"Nondefense",1062,"m1gndef1stnr","6","FAAt703","BEA_API"
1971,88,"Nondefense",1159,"m1gndef1stnr","6","FAAt703","BEA_API"
1972,88,"Nondefense",1239,"m1gndef1stnr","6","FAAt703","BEA_API"
1973,88,"Nondefense",1318,"m1gndef1stnr","6","FAAt703","BEA_API"
1974,88,"Nondefense",1500,"m1gndef1stnr","6","FAAt703","BEA_API"
1975,88,"Nondefense",1702,"m1gndef1stnr","6","FAAt703","BEA_API"
1976,88,"Nondefense",1772,"m1gndef1stnr","6","FAAt703","BEA_API"
1977,88,"Nondefense",1973,"m1gndef1stnr","6","FAAt703","BEA_API"
1978,88,"Nondefense",2258,"m1gndef1stnr","6","FAAt703","BEA_API"
1979,88,"Nondefense",2506,"m1gndef1stnr","6","FAAt703","BEA_API"
1980,88,"Nondefense",2836,"m1gndef1stnr","6","FAAt703","BEA_API"
1981,88,"Nondefense",3231,"m1gndef1stnr","6","FAAt703","BEA_API"
1982,88,"Nondefense",3555,"m1gndef1stnr","6","FAAt703","BEA_API"
1983,88,"Nondefense",3506,"m1gndef1stnr","6","FAAt703","BEA_API"
1984,88,"Nondefense",3750,"m1gndef1stnr","6","FAAt703","BEA_API"
1985,88,"Nondefense",3881,"m1gndef1stnr","6","FAAt703","BEA_API"
1986,88,"Nondefense",4043,"m1gndef1stnr","6","FAAt703","BEA_API"
1987,88,"Nondefense",4241,"m1gndef1stnr","6","FAAt703","BEA_API"
1988,88,"Nondefense",4423,"m1gndef1stnr","6","FAAt703","BEA_API"
1989,88,"Nondefense",4603,"m1gndef1stnr","6","FAAt703","BEA_API"
1990,88,"Nondefense",4796,"m1gndef1stnr","6","FAAt703","BEA_API"
1991,88,"Nondefense",4967,"m1gndef1stnr","6","FAAt703","BEA_API"
1992,88,"Nondefense",5073,"m1gndef1stnr","6","FAAt703","BEA_API"
1993,88,"Nondefense",5292,"m1gndef1stnr","6","FAAt703","BEA_API"
1994,88,"Nondefense",5548,"m1gndef1stnr","6","FAAt703","BEA_API"
1995,88,"Nondefense",5849,"m1gndef1stnr","6","FAAt703","BEA_API"
1996,88,"Nondefense",6159,"m1gndef1stnr","6","FAAt703","BEA_API"
1997,88,"Nondefense",6499,"m1gndef1stnr","6","FAAt703","BEA_API"
1998,88,"Nondefense",6763,"m1gndef1stnr","6","FAAt703","BEA_API"
1999,88,"Nondefense",7066,"m1gndef1stnr","6","FAAt703","BEA_API"
2000,88,"Nondefense",7397,"m1gndef1stnr","6","FAAt703","BEA_API"
2001,88,"Nondefense",7642,"m1gndef1stnr","6","FAAt703","BEA_API"
2002,88,"Nondefense",7803,"m1gndef1stnr","6","FAAt703","BEA_API"
2003,88,"Nondefense",8065,"m1gndef1stnr","6","FAAt703","BEA_API"
2004,88,"Nondefense",8514,"m1gndef1stnr","6","FAAt703","BEA_API"
2005,88,"Nondefense",9243,"m1gndef1stnr","6","FAAt703","BEA_API"
2006,88,"Nondefense",9938,"m1gndef1stnr","6","FAAt703","BEA_API"
2007,88,"Nondefense",9825,"m1gndef1stnr","6","FAAt703","BEA_API"
2008,88,"Nondefense",11037,"m1gndef1stnr","6","FAAt703","BEA_API"
2009,88,"Nondefense",11111,"m1gndef1stnr","6","FAAt703","BEA_API"
2010,88,"Nondefense",11037,"m1gndef1stnr","6","FAAt703","BEA_API"
2011,88,"Nondefense",11441,"m1gndef1stnr","6","FAAt703","BEA_API"
2012,88,"Nondefense",11879,"m1gndef1stnr","6","FAAt703","BEA_API"
2013,88,"Nondefense",12173,"m1gndef1stnr","6","FAAt703","BEA_API"
2014,88,"Nondefense",12490,"m1gndef1stnr","6","FAAt703","BEA_API"
2015,88,"Nondefense",12700,"m1gndef1stnr","6","FAAt703","BEA_API"
2016,88,"Nondefense",12846,"m1gndef1stnr","6","FAAt703","BEA_API"
2017,88,"Nondefense",13206,"m1gndef1stnr","6","FAAt703","BEA_API"
2018,88,"Nondefense",13742,"m1gndef1stnr","6","FAAt703","BEA_API"
2019,88,"Nondefense",14300,"m1gndef1stnr","6","FAAt703","BEA_API"
2020,88,"Nondefense",14593,"m1gndef1stnr","6","FAAt703","BEA_API"
2021,88,"Nondefense",15413,"m1gndef1stnr","6","FAAt703","BEA_API"
2022,88,"Nondefense",17493,"m1gndef1stnr","6","FAAt703","BEA_API"
2023,88,"Nondefense",18628,"m1gndef1stnr","6","FAAt703","BEA_API"
2024,88,"Nondefense",18887,"m1gndef1stnr","6","FAAt703","BEA_API"
1925,89,"State and local",537,"m1gstlc1stnr","6","FAAt703","BEA_API"
1926,89,"State and local",547,"m1gstlc1stnr","6","FAAt703","BEA_API"
1927,89,"State and local",574,"m1gstlc1stnr","6","FAAt703","BEA_API"
1928,89,"State and local",583,"m1gstlc1stnr","6","FAAt703","BEA_API"
1929,89,"State and local",607,"m1gstlc1stnr","6","FAAt703","BEA_API"
1930,89,"State and local",604,"m1gstlc1stnr","6","FAAt703","BEA_API"
1931,89,"State and local",575,"m1gstlc1stnr","6","FAAt703","BEA_API"
1932,89,"State and local",484,"m1gstlc1stnr","6","FAAt703","BEA_API"
1933,89,"State and local",571,"m1gstlc1stnr","6","FAAt703","BEA_API"
1934,89,"State and local",693,"m1gstlc1stnr","6","FAAt703","BEA_API"
1935,89,"State and local",679,"m1gstlc1stnr","6","FAAt703","BEA_API"
1936,89,"State and local",767,"m1gstlc1stnr","6","FAAt703","BEA_API"
1937,89,"State and local",805,"m1gstlc1stnr","6","FAAt703","BEA_API"
1938,89,"State and local",832,"m1gstlc1stnr","6","FAAt703","BEA_API"
1939,89,"State and local",850,"m1gstlc1stnr","6","FAAt703","BEA_API"
1940,89,"State and local",880,"m1gstlc1stnr","6","FAAt703","BEA_API"
1941,89,"State and local",1001,"m1gstlc1stnr","6","FAAt703","BEA_API"
1942,89,"State and local",1192,"m1gstlc1stnr","6","FAAt703","BEA_API"
1943,89,"State and local",1283,"m1gstlc1stnr","6","FAAt703","BEA_API"
1944,89,"State and local",1233,"m1gstlc1stnr","6","FAAt703","BEA_API"
1945,89,"State and local",1211,"m1gstlc1stnr","6","FAAt703","BEA_API"
1946,89,"State and local",1327,"m1gstlc1stnr","6","FAAt703","BEA_API"
1947,89,"State and local",1584,"m1gstlc1stnr","6","FAAt703","BEA_API"
1948,89,"State and local",1799,"m1gstlc1stnr","6","FAAt703","BEA_API"
1949,89,"State and local",1801,"m1gstlc1stnr","6","FAAt703","BEA_API"
1950,89,"State and local",1766,"m1gstlc1stnr","6","FAAt703","BEA_API"
1951,89,"State and local",2132,"m1gstlc1stnr","6","FAAt703","BEA_API"
1952,89,"State and local",2265,"m1gstlc1stnr","6","FAAt703","BEA_API"
1953,89,"State and local",2320,"m1gstlc1stnr","6","FAAt703","BEA_API"
1954,89,"State and local",2337,"m1gstlc1stnr","6","FAAt703","BEA_API"
1955,89,"State and local",2442,"m1gstlc1stnr","6","FAAt703","BEA_API"
1956,89,"State and local",2833,"m1gstlc1stnr","6","FAAt703","BEA_API"
1957,89,"State and local",3109,"m1gstlc1stnr","6","FAAt703","BEA_API"
1958,89,"State and local",3214,"m1gstlc1stnr","6","FAAt703","BEA_API"
1959,89,"State and local",3381,"m1gstlc1stnr","6","FAAt703","BEA_API"
1960,89,"State and local",3494,"m1gstlc1stnr","6","FAAt703","BEA_API"
1961,89,"State and local",3671,"m1gstlc1stnr","6","FAAt703","BEA_API"
1962,89,"State and local",3931,"m1gstlc1stnr","6","FAAt703","BEA_API"
1963,89,"State and local",4199,"m1gstlc1stnr","6","FAAt703","BEA_API"
1964,89,"State and local",4473,"m1gstlc1stnr","6","FAAt703","BEA_API"
1965,89,"State and local",4842,"m1gstlc1stnr","6","FAAt703","BEA_API"
1966,89,"State and local",5326,"m1gstlc1stnr","6","FAAt703","BEA_API"
1967,89,"State and local",5798,"m1gstlc1stnr","6","FAAt703","BEA_API"
1968,89,"State and local",6400,"m1gstlc1stnr","6","FAAt703","BEA_API"
1969,89,"State and local",7181,"m1gstlc1stnr","6","FAAt703","BEA_API"
1970,89,"State and local",8195,"m1gstlc1stnr","6","FAAt703","BEA_API"
1971,89,"State and local",9183,"m1gstlc1stnr","6","FAAt703","BEA_API"
1972,89,"State and local",10004,"m1gstlc1stnr","6","FAAt703","BEA_API"
1973,89,"State and local",11163,"m1gstlc1stnr","6","FAAt703","BEA_API"
1974,89,"State and local",13960,"m1gstlc1stnr","6","FAAt703","BEA_API"
1975,89,"State and local",15800,"m1gstlc1stnr","6","FAAt703","BEA_API"
1976,89,"State and local",16300,"m1gstlc1stnr","6","FAAt703","BEA_API"
1977,89,"State and local",17106,"m1gstlc1stnr","6","FAAt703","BEA_API"
1978,89,"State and local",18403,"m1gstlc1stnr","6","FAAt703","BEA_API"
1979,89,"State and local",20653,"m1gstlc1stnr","6","FAAt703","BEA_API"
1980,89,"State and local",23926,"m1gstlc1stnr","6","FAAt703","BEA_API"
1981,89,"State and local",27414,"m1gstlc1stnr","6","FAAt703","BEA_API"
1982,89,"State and local",29864,"m1gstlc1stnr","6","FAAt703","BEA_API"
1983,89,"State and local",30479,"m1gstlc1stnr","6","FAAt703","BEA_API"
1984,89,"State and local",30986,"m1gstlc1stnr","6","FAAt703","BEA_API"
1985,89,"State and local",32099,"m1gstlc1stnr","6","FAAt703","BEA_API"
1986,89,"State and local",33910,"m1gstlc1stnr","6","FAAt703","BEA_API"
1987,89,"State and local",36070,"m1gstlc1stnr","6","FAAt703","BEA_API"
1988,89,"State and local",37918,"m1gstlc1stnr","6","FAAt703","BEA_API"
1989,89,"State and local",39638,"m1gstlc1stnr","6","FAAt703","BEA_API"
1990,89,"State and local",41905,"m1gstlc1stnr","6","FAAt703","BEA_API"
1991,89,"State and local",43519,"m1gstlc1stnr","6","FAAt703","BEA_API"
1992,89,"State and local",44768,"m1gstlc1stnr","6","FAAt703","BEA_API"
1993,89,"State and local",46855,"m1gstlc1stnr","6","FAAt703","BEA_API"
1994,89,"State and local",49335,"m1gstlc1stnr","6","FAAt703","BEA_API"
1995,89,"State and local",52567,"m1gstlc1stnr","6","FAAt703","BEA_API"
1996,89,"State and local",55457,"m1gstlc1stnr","6","FAAt703","BEA_API"
1997,89,"State and local",58734,"m1gstlc1stnr","6","FAAt703","BEA_API"
1998,89,"State and local",61865,"m1gstlc1stnr","6","FAAt703","BEA_API"
1999,89,"State and local",65700,"m1gstlc1stnr","6","FAAt703","BEA_API"
2000,89,"State and local",70439,"m1gstlc1stnr","6","FAAt703","BEA_API"
2001,89,"State and local",74865,"m1gstlc1stnr","6","FAAt703","BEA_API"
2002,89,"State and local",79039,"m1gstlc1stnr","6","FAAt703","BEA_API"
2003,89,"State and local",83023,"m1gstlc1stnr","6","FAAt703","BEA_API"
2004,89,"State and local",89987,"m1gstlc1stnr","6","FAAt703","BEA_API"
2005,89,"State and local",101417,"m1gstlc1stnr","6","FAAt703","BEA_API"
2006,89,"State and local",112592,"m1gstlc1stnr","6","FAAt703","BEA_API"
2007,89,"State and local",126359,"m1gstlc1stnr","6","FAAt703","BEA_API"
2008,89,"State and local",136617,"m1gstlc1stnr","6","FAAt703","BEA_API"
2009,89,"State and local",142202,"m1gstlc1stnr","6","FAAt703","BEA_API"
2010,89,"State and local",145305,"m1gstlc1stnr","6","FAAt703","BEA_API"
2011,89,"State and local",152873,"m1gstlc1stnr","6","FAAt703","BEA_API"
2012,89,"State and local",160859,"m1gstlc1stnr","6","FAAt703","BEA_API"
2013,89,"State and local",166182,"m1gstlc1stnr","6","FAAt703","BEA_API"
2014,89,"State and local",171783,"m1gstlc1stnr","6","FAAt703","BEA_API"
2015,89,"State and local",175620,"m1gstlc1stnr","6","FAAt703","BEA_API"
2016,89,"State and local",179223,"m1gstlc1stnr","6","FAAt703","BEA_API"
2017,89,"State and local",186259,"m1gstlc1stnr","6","FAAt703","BEA_API"
2018,89,"State and local",196653,"m1gstlc1stnr","6","FAAt703","BEA_API"
2019,89,"State and local",206103,"m1gstlc1stnr","6","FAAt703","BEA_API"
2020,89,"State and local",210427,"m1gstlc1stnr","6","FAAt703","BEA_API"
2021,89,"State and local",227919,"m1gstlc1stnr","6","FAAt703","BEA_API"
2022,89,"State and local",259449,"m1gstlc1stnr","6","FAAt703","BEA_API"
2023,89,"State and local",274678,"m1gstlc1stnr","6","FAAt703","BEA_API"
2024,89,"State and local",281937,"m1gstlc1stnr","6","FAAt703","BEA_API"
1925,90,"Intellectual property products",13,"m1gtotl1ip00","6","FAAt703","BEA_API"
1926,90,"Intellectual property products",15,"m1gtotl1ip00","6","FAAt703","BEA_API"
1927,90,"Intellectual property products",16,"m1gtotl1ip00","6","FAAt703","BEA_API"
1928,90,"Intellectual property products",18,"m1gtotl1ip00","6","FAAt703","BEA_API"
1929,90,"Intellectual property products",22,"m1gtotl1ip00","6","FAAt703","BEA_API"
1930,90,"Intellectual property products",29,"m1gtotl1ip00","6","FAAt703","BEA_API"
1931,90,"Intellectual property products",37,"m1gtotl1ip00","6","FAAt703","BEA_API"
1932,90,"Intellectual property products",45,"m1gtotl1ip00","6","FAAt703","BEA_API"
1933,90,"Intellectual property products",52,"m1gtotl1ip00","6","FAAt703","BEA_API"
1934,90,"Intellectual property products",60,"m1gtotl1ip00","6","FAAt703","BEA_API"
1935,90,"Intellectual property products",61,"m1gtotl1ip00","6","FAAt703","BEA_API"
1936,90,"Intellectual property products",69,"m1gtotl1ip00","6","FAAt703","BEA_API"
1937,90,"Intellectual property products",77,"m1gtotl1ip00","6","FAAt703","BEA_API"
1938,90,"Intellectual property products",82,"m1gtotl1ip00","6","FAAt703","BEA_API"
1939,90,"Intellectual property products",85,"m1gtotl1ip00","6","FAAt703","BEA_API"
1940,90,"Intellectual property products",90,"m1gtotl1ip00","6","FAAt703","BEA_API"
1941,90,"Intellectual property products",111,"m1gtotl1ip00","6","FAAt703","BEA_API"
1942,90,"Intellectual property products",178,"m1gtotl1ip00","6","FAAt703","BEA_API"
1943,90,"Intellectual property products",295,"m1gtotl1ip00","6","FAAt703","BEA_API"
1944,90,"Intellectual property products",514,"m1gtotl1ip00","6","FAAt703","BEA_API"
1945,90,"Intellectual property products",687,"m1gtotl1ip00","6","FAAt703","BEA_API"
1946,90,"Intellectual property products",831,"m1gtotl1ip00","6","FAAt703","BEA_API"
1947,90,"Intellectual property products",989,"m1gtotl1ip00","6","FAAt703","BEA_API"
1948,90,"Intellectual property products",1087,"m1gtotl1ip00","6","FAAt703","BEA_API"
1949,90,"Intellectual property products",1204,"m1gtotl1ip00","6","FAAt703","BEA_API"
1950,90,"Intellectual property products",1322,"m1gtotl1ip00","6","FAAt703","BEA_API"
1951,90,"Intellectual property products",1531,"m1gtotl1ip00","6","FAAt703","BEA_API"
1952,90,"Intellectual property products",1674,"m1gtotl1ip00","6","FAAt703","BEA_API"
1953,90,"Intellectual property products",1848,"m1gtotl1ip00","6","FAAt703","BEA_API"
1954,90,"Intellectual property products",2031,"m1gtotl1ip00","6","FAAt703","BEA_API"
1955,90,"Intellectual property products",2309,"m1gtotl1ip00","6","FAAt703","BEA_API"
1956,90,"Intellectual property products",2737,"m1gtotl1ip00","6","FAAt703","BEA_API"
1957,90,"Intellectual property products",3279,"m1gtotl1ip00","6","FAAt703","BEA_API"
1958,90,"Intellectual property products",3875,"m1gtotl1ip00","6","FAAt703","BEA_API"
1959,90,"Intellectual property products",4434,"m1gtotl1ip00","6","FAAt703","BEA_API"
1960,90,"Intellectual property products",4973,"m1gtotl1ip00","6","FAAt703","BEA_API"
1961,90,"Intellectual property products",5539,"m1gtotl1ip00","6","FAAt703","BEA_API"
1962,90,"Intellectual property products",6120,"m1gtotl1ip00","6","FAAt703","BEA_API"
1963,90,"Intellectual property products",6738,"m1gtotl1ip00","6","FAAt703","BEA_API"
1964,90,"Intellectual property products",7474,"m1gtotl1ip00","6","FAAt703","BEA_API"
1965,90,"Intellectual property products",8099,"m1gtotl1ip00","6","FAAt703","BEA_API"
1966,90,"Intellectual property products",8828,"m1gtotl1ip00","6","FAAt703","BEA_API"
1967,90,"Intellectual property products",9641,"m1gtotl1ip00","6","FAAt703","BEA_API"
1968,90,"Intellectual property products",10669,"m1gtotl1ip00","6","FAAt703","BEA_API"
1969,90,"Intellectual property products",11798,"m1gtotl1ip00","6","FAAt703","BEA_API"
1970,90,"Intellectual property products",13133,"m1gtotl1ip00","6","FAAt703","BEA_API"
1971,90,"Intellectual property products",14350,"m1gtotl1ip00","6","FAAt703","BEA_API"
1972,90,"Intellectual property products",15367,"m1gtotl1ip00","6","FAAt703","BEA_API"
1973,90,"Intellectual property products",16765,"m1gtotl1ip00","6","FAAt703","BEA_API"
1974,90,"Intellectual property products",18855,"m1gtotl1ip00","6","FAAt703","BEA_API"
1975,90,"Intellectual property products",20760,"m1gtotl1ip00","6","FAAt703","BEA_API"
1976,90,"Intellectual property products",22186,"m1gtotl1ip00","6","FAAt703","BEA_API"
1977,90,"Intellectual property products",23922,"m1gtotl1ip00","6","FAAt703","BEA_API"
1978,90,"Intellectual property products",26036,"m1gtotl1ip00","6","FAAt703","BEA_API"
1979,90,"Intellectual property products",28890,"m1gtotl1ip00","6","FAAt703","BEA_API"
1980,90,"Intellectual property products",32759,"m1gtotl1ip00","6","FAAt703","BEA_API"
1981,90,"Intellectual property products",37161,"m1gtotl1ip00","6","FAAt703","BEA_API"
1982,90,"Intellectual property products",41569,"m1gtotl1ip00","6","FAAt703","BEA_API"
1983,90,"Intellectual property products",45499,"m1gtotl1ip00","6","FAAt703","BEA_API"
1984,90,"Intellectual property products",50154,"m1gtotl1ip00","6","FAAt703","BEA_API"
1985,90,"Intellectual property products",54839,"m1gtotl1ip00","6","FAAt703","BEA_API"
1986,90,"Intellectual property products",59377,"m1gtotl1ip00","6","FAAt703","BEA_API"
1987,90,"Intellectual property products",64252,"m1gtotl1ip00","6","FAAt703","BEA_API"
1988,90,"Intellectual property products",70631,"m1gtotl1ip00","6","FAAt703","BEA_API"
1989,90,"Intellectual property products",75948,"m1gtotl1ip00","6","FAAt703","BEA_API"
1990,90,"Intellectual property products",80396,"m1gtotl1ip00","6","FAAt703","BEA_API"
1991,90,"Intellectual property products",84833,"m1gtotl1ip00","6","FAAt703","BEA_API"
1992,90,"Intellectual property products",87041,"m1gtotl1ip00","6","FAAt703","BEA_API"
1993,90,"Intellectual property products",89286,"m1gtotl1ip00","6","FAAt703","BEA_API"
1994,90,"Intellectual property products",90843,"m1gtotl1ip00","6","FAAt703","BEA_API"
1995,90,"Intellectual property products",94005,"m1gtotl1ip00","6","FAAt703","BEA_API"
1996,90,"Intellectual property products",94657,"m1gtotl1ip00","6","FAAt703","BEA_API"
1997,90,"Intellectual property products",96504,"m1gtotl1ip00","6","FAAt703","BEA_API"
1998,90,"Intellectual property products",98212,"m1gtotl1ip00","6","FAAt703","BEA_API"
1999,90,"Intellectual property products",101476,"m1gtotl1ip00","6","FAAt703","BEA_API"
2000,90,"Intellectual property products",105987,"m1gtotl1ip00","6","FAAt703","BEA_API"
2001,90,"Intellectual property products",108400,"m1gtotl1ip00","6","FAAt703","BEA_API"
2002,90,"Intellectual property products",110761,"m1gtotl1ip00","6","FAAt703","BEA_API"
2003,90,"Intellectual property products",114951,"m1gtotl1ip00","6","FAAt703","BEA_API"
2004,90,"Intellectual property products",120638,"m1gtotl1ip00","6","FAAt703","BEA_API"
2005,90,"Intellectual property products",127406,"m1gtotl1ip00","6","FAAt703","BEA_API"
2006,90,"Intellectual property products",134193,"m1gtotl1ip00","6","FAAt703","BEA_API"
2007,90,"Intellectual property products",141945,"m1gtotl1ip00","6","FAAt703","BEA_API"
2008,90,"Intellectual property products",150548,"m1gtotl1ip00","6","FAAt703","BEA_API"
2009,90,"Intellectual property products",154524,"m1gtotl1ip00","6","FAAt703","BEA_API"
2010,90,"Intellectual property products",161100,"m1gtotl1ip00","6","FAAt703","BEA_API"
2011,90,"Intellectual property products",167818,"m1gtotl1ip00","6","FAAt703","BEA_API"
2012,90,"Intellectual property products",172508,"m1gtotl1ip00","6","FAAt703","BEA_API"
2013,90,"Intellectual property products",177250,"m1gtotl1ip00","6","FAAt703","BEA_API"
2014,90,"Intellectual property products",183693,"m1gtotl1ip00","6","FAAt703","BEA_API"
2015,90,"Intellectual property products",186745,"m1gtotl1ip00","6","FAAt703","BEA_API"
2016,90,"Intellectual property products",190413,"m1gtotl1ip00","6","FAAt703","BEA_API"
2017,90,"Intellectual property products",198485,"m1gtotl1ip00","6","FAAt703","BEA_API"
2018,90,"Intellectual property products",209153,"m1gtotl1ip00","6","FAAt703","BEA_API"
2019,90,"Intellectual property products",217894,"m1gtotl1ip00","6","FAAt703","BEA_API"
2020,90,"Intellectual property products",228442,"m1gtotl1ip00","6","FAAt703","BEA_API"
2021,90,"Intellectual property products",242010,"m1gtotl1ip00","6","FAAt703","BEA_API"
2022,90,"Intellectual property products",263810,"m1gtotl1ip00","6","FAAt703","BEA_API"
2023,90,"Intellectual property products",281257,"m1gtotl1ip00","6","FAAt703","BEA_API"
2024,90,"Intellectual property products",299606,"m1gtotl1ip00","6","FAAt703","BEA_API"
