"year","line_number","line_desc","value","series_code","unit","table_name","source"
1914,1,"Government fixed assets",620,"i3gtotl1es00","6","FAAt705","BEA_API"
1915,1,"Government fixed assets",786,"i3gtotl1es00","6","FAAt705","BEA_API"
1916,1,"Government fixed assets",767,"i3gtotl1es00","6","FAAt705","BEA_API"
1917,1,"Government fixed assets",2187,"i3gtotl1es00","6","FAAt705","BEA_API"
1918,1,"Government fixed assets",4963,"i3gtotl1es00","6","FAAt705","BEA_API"
1919,1,"Government fixed assets",2231,"i3gtotl1es00","6","FAAt705","BEA_API"
1920,1,"Government fixed assets",1474,"i3gtotl1es00","6","FAAt705","BEA_API"
1921,1,"Government fixed assets",1624,"i3gtotl1es00","6","FAAt705","BEA_API"
1922,1,"Government fixed assets",1799,"i3gtotl1es00","6","FAAt705","BEA_API"
1923,1,"Government fixed assets",1799,"i3gtotl1es00","6","FAAt705","BEA_API"
1924,1,"Government fixed assets",2097,"i3gtotl1es00","6","FAAt705","BEA_API"
1925,1,"Government fixed assets",2356,"i3gtotl1es00","6","FAAt705","BEA_API"
1926,1,"Government fixed assets",2371,"i3gtotl1es00","6","FAAt705","BEA_API"
1927,1,"Government fixed assets",2696,"i3gtotl1es00","6","FAAt705","BEA_API"
1928,1,"Government fixed assets",2778,"i3gtotl1es00","6","FAAt705","BEA_API"
1929,1,"Government fixed assets",2902,"i3gtotl1es00","6","FAAt705","BEA_API"
1930,1,"Government fixed assets",3256,"i3gtotl1es00","6","FAAt705","BEA_API"
1931,1,"Government fixed assets",3089,"i3gtotl1es00","6","FAAt705","BEA_API"
1932,1,"Government fixed assets",2265,"i3gtotl1es00","6","FAAt705","BEA_API"
1933,1,"Government fixed assets",2032,"i3gtotl1es00","6","FAAt705","BEA_API"
1934,1,"Government fixed assets",2654,"i3gtotl1es00","6","FAAt705","BEA_API"
1935,1,"Government fixed assets",2837,"i3gtotl1es00","6","FAAt705","BEA_API"
1936,1,"Government fixed assets",4215,"i3gtotl1es00","6","FAAt705","BEA_API"
1937,1,"Government fixed assets",3884,"i3gtotl1es00","6","FAAt705","BEA_API"
1938,1,"Government fixed assets",4285,"i3gtotl1es00","6","FAAt705","BEA_API"
1939,1,"Government fixed assets",4618,"i3gtotl1es00","6","FAAt705","BEA_API"
1940,1,"Government fixed assets",4432,"i3gtotl1es00","6","FAAt705","BEA_API"
1941,1,"Government fixed assets",10746,"i3gtotl1es00","6","FAAt705","BEA_API"
1942,1,"Government fixed assets",28940,"i3gtotl1es00","6","FAAt705","BEA_API"
1943,1,"Government fixed assets",39867,"i3gtotl1es00","6","FAAt705","BEA_API"
1944,1,"Government fixed assets",38231,"i3gtotl1es00","6","FAAt705","BEA_API"
1945,1,"Government fixed assets",25393,"i3gtotl1es00","6","FAAt705","BEA_API"
1946,1,"Government fixed assets",4703,"i3gtotl1es00","6","FAAt705","BEA_API"
1947,1,"Government fixed assets",5663,"i3gtotl1es00","6","FAAt705","BEA_API"
1948,1,"Government fixed assets",8463,"i3gtotl1es00","6","FAAt705","BEA_API"
1949,1,"Government fixed assets",11315,"i3gtotl1es00","6","FAAt705","BEA_API"
1950,1,"Government fixed assets",11429,"i3gtotl1es00","6","FAAt705","BEA_API"
1951,1,"Government fixed assets",19495,"i3gtotl1es00","6","FAAt705","BEA_API"
1952,1,"Government fixed assets",24578,"i3gtotl1es00","6","FAAt705","BEA_API"
1953,1,"Government fixed assets",26474,"i3gtotl1es00","6","FAAt705","BEA_API"
1954,1,"Government fixed assets",25370,"i3gtotl1es00","6","FAAt705","BEA_API"
1955,1,"Government fixed assets",24609,"i3gtotl1es00","6","FAAt705","BEA_API"
1956,1,"Government fixed assets",27238,"i3gtotl1es00","6","FAAt705","BEA_API"
1957,1,"Government fixed assets",30213,"i3gtotl1es00","6","FAAt705","BEA_API"
1958,1,"Government fixed assets",32591,"i3gtotl1es00","6","FAAt705","BEA_API"
1959,1,"Government fixed assets",35873,"i3gtotl1es00","6","FAAt705","BEA_API"
1960,1,"Government fixed assets",35980,"i3gtotl1es00","6","FAAt705","BEA_API"
1961,1,"Government fixed assets",39802,"i3gtotl1es00","6","FAAt705","BEA_API"
1962,1,"Government fixed assets",42545,"i3gtotl1es00","6","FAAt705","BEA_API"
1963,1,"Government fixed assets",44442,"i3gtotl1es00","6","FAAt705","BEA_API"
1964,1,"Government fixed assets",46399,"i3gtotl1es00","6","FAAt705","BEA_API"
1965,1,"Government fixed assets",47899,"i3gtotl1es00","6","FAAt705","BEA_API"
1966,1,"Government fixed assets",53594,"i3gtotl1es00","6","FAAt705","BEA_API"
1967,1,"Government fixed assets",57657,"i3gtotl1es00","6","FAAt705","BEA_API"
1968,1,"Government fixed assets",59130,"i3gtotl1es00","6","FAAt705","BEA_API"
1969,1,"Government fixed assets",59404,"i3gtotl1es00","6","FAAt705","BEA_API"
1970,1,"Government fixed assets",59562,"i3gtotl1es00","6","FAAt705","BEA_API"
1971,1,"Government fixed assets",58103,"i3gtotl1es00","6","FAAt705","BEA_API"
1972,1,"Government fixed assets",60453,"i3gtotl1es00","6","FAAt705","BEA_API"
1973,1,"Government fixed assets",65500,"i3gtotl1es00","6","FAAt705","BEA_API"
1974,1,"Government fixed assets",75939,"i3gtotl1es00","6","FAAt705","BEA_API"
1975,1,"Government fixed assets",83926,"i3gtotl1es00","6","FAAt705","BEA_API"
1976,1,"Government fixed assets",88923,"i3gtotl1es00","6","FAAt705","BEA_API"
1977,1,"Government fixed assets",92308,"i3gtotl1es00","6","FAAt705","BEA_API"
1978,1,"Government fixed assets",104239,"i3gtotl1es00","6","FAAt705","BEA_API"
1979,1,"Government fixed assets",118694,"i3gtotl1es00","6","FAAt705","BEA_API"
1980,1,"Government fixed assets",134437,"i3gtotl1es00","6","FAAt705","BEA_API"
1981,1,"Government fixed assets",146873,"i3gtotl1es00","6","FAAt705","BEA_API"
1982,1,"Government fixed assets",156677,"i3gtotl1es00","6","FAAt705","BEA_API"
1983,1,"Government fixed assets",170411,"i3gtotl1es00","6","FAAt705","BEA_API"
1984,1,"Government fixed assets",192456,"i3gtotl1es00","6","FAAt705","BEA_API"
1985,1,"Government fixed assets",218838,"i3gtotl1es00","6","FAAt705","BEA_API"
1986,1,"Government fixed assets",237185,"i3gtotl1es00","6","FAAt705","BEA_API"
1987,1,"Government fixed assets",253661,"i3gtotl1es00","6","FAAt705","BEA_API"
1988,1,"Government fixed assets",257503,"i3gtotl1es00","6","FAAt705","BEA_API"
1989,1,"Government fixed assets",269861,"i3gtotl1es00","6","FAAt705","BEA_API"
1990,1,"Government fixed assets",289736,"i3gtotl1es00","6","FAAt705","BEA_API"
1991,1,"Government fixed assets",293693,"i3gtotl1es00","6","FAAt705","BEA_API"
1992,1,"Government fixed assets",294791,"i3gtotl1es00","6","FAAt705","BEA_API"
1993,1,"Government fixed assets",290525,"i3gtotl1es00","6","FAAt705","BEA_API"
1994,1,"Government fixed assets",293553,"i3gtotl1es00","6","FAAt705","BEA_API"
1995,1,"Government fixed assets",309195,"i3gtotl1es00","6","FAAt705","BEA_API"
1996,1,"Government fixed assets",327187,"i3gtotl1es00","6","FAAt705","BEA_API"
1997,1,"Government fixed assets",326714,"i3gtotl1es00","6","FAAt705","BEA_API"
1998,1,"Government fixed assets",343989,"i3gtotl1es00","6","FAAt705","BEA_API"
1999,1,"Government fixed assets",368315,"i3gtotl1es00","6","FAAt705","BEA_API"
2000,1,"Government fixed assets",388763,"i3gtotl1es00","6","FAAt705","BEA_API"
2001,1,"Government fixed assets",411746,"i3gtotl1es00","6","FAAt705","BEA_API"
2002,1,"Government fixed assets",443367,"i3gtotl1es00","6","FAAt705","BEA_API"
2003,1,"Government fixed assets",463384,"i3gtotl1es00","6","FAAt705","BEA_API"
2004,1,"Government fixed assets",485654,"i3gtotl1es00","6","FAAt705","BEA_API"
2005,1,"Government fixed assets",512170,"i3gtotl1es00","6","FAAt705","BEA_API"
2006,1,"Government fixed assets",549744,"i3gtotl1es00","6","FAAt705","BEA_API"
2007,1,"Government fixed assets",593112,"i3gtotl1es00","6","FAAt705","BEA_API"
2008,1,"Government fixed assets",627789,"i3gtotl1es00","6","FAAt705","BEA_API"
2009,1,"Government fixed assets",640631,"i3gtotl1es00","6","FAAt705","BEA_API"
2010,1,"Government fixed assets",641689,"i3gtotl1es00","6","FAAt705","BEA_API"
2011,1,"Government fixed assets",632679,"i3gtotl1es00","6","FAAt705","BEA_API"
2012,1,"Government fixed assets",616482,"i3gtotl1es00","6","FAAt705","BEA_API"
2013,1,"Government fixed assets",600871,"i3gtotl1es00","6","FAAt705","BEA_API"
2014,1,"Government fixed assets",605277,"i3gtotl1es00","6","FAAt705","BEA_API"
2015,1,"Government fixed assets",628405,"i3gtotl1es00","6","FAAt705","BEA_API"
2016,1,"Government fixed assets",650236,"i3gtotl1es00","6","FAAt705","BEA_API"
2017,1,"Government fixed assets",686159,"i3gtotl1es00","6","FAAt705","BEA_API"
2018,1,"Government fixed assets",728571,"i3gtotl1es00","6","FAAt705","BEA_API"
2019,1,"Government fixed assets",774103,"i3gtotl1es00","6","FAAt705","BEA_API"
2020,1,"Government fixed assets",818476,"i3gtotl1es00","6","FAAt705","BEA_API"
2021,1,"Government fixed assets",831823,"i3gtotl1es00","6","FAAt705","BEA_API"
2022,1,"Government fixed assets",894948,"i3gtotl1es00","6","FAAt705","BEA_API"
2023,1,"Government fixed assets",977165,"i3gtotl1es00","6","FAAt705","BEA_API"
2024,1,"Government fixed assets",1051368,"i3gtotl1es00","6","FAAt705","BEA_API"
1914,2,"Equipment",41,"i3gtotl1eq00","6","FAAt705","BEA_API"
1915,2,"Equipment",65,"i3gtotl1eq00","6","FAAt705","BEA_API"
1916,2,"Equipment",51,"i3gtotl1eq00","6","FAAt705","BEA_API"
1917,2,"Equipment",918,"i3gtotl1eq00","6","FAAt705","BEA_API"
1918,2,"Equipment",2805,"i3gtotl1eq00","6","FAAt705","BEA_API"
1919,2,"Equipment",311,"i3gtotl1eq00","6","FAAt705","BEA_API"
1920,2,"Equipment",102,"i3gtotl1eq00","6","FAAt705","BEA_API"
1921,2,"Equipment",37,"i3gtotl1eq00","6","FAAt705","BEA_API"
1922,2,"Equipment",92,"i3gtotl1eq00","6","FAAt705","BEA_API"
1923,2,"Equipment",120,"i3gtotl1eq00","6","FAAt705","BEA_API"
1924,2,"Equipment",177,"i3gtotl1eq00","6","FAAt705","BEA_API"
1925,2,"Equipment",195,"i3gtotl1eq00","6","FAAt705","BEA_API"
1926,2,"Equipment",188,"i3gtotl1eq00","6","FAAt705","BEA_API"
1927,2,"Equipment",247,"i3gtotl1eq00","6","FAAt705","BEA_API"
1928,2,"Equipment",255,"i3gtotl1eq00","6","FAAt705","BEA_API"
1929,2,"Equipment",266,"i3gtotl1eq00","6","FAAt705","BEA_API"
1930,2,"Equipment",242,"i3gtotl1eq00","6","FAAt705","BEA_API"
1931,2,"Equipment",264,"i3gtotl1eq00","6","FAAt705","BEA_API"
1932,2,"Equipment",227,"i3gtotl1eq00","6","FAAt705","BEA_API"
1933,2,"Equipment",227,"i3gtotl1eq00","6","FAAt705","BEA_API"
1934,2,"Equipment",317,"i3gtotl1eq00","6","FAAt705","BEA_API"
1935,2,"Equipment",473,"i3gtotl1eq00","6","FAAt705","BEA_API"
1936,2,"Equipment",410,"i3gtotl1eq00","6","FAAt705","BEA_API"
1937,2,"Equipment",463,"i3gtotl1eq00","6","FAAt705","BEA_API"
1938,2,"Equipment",529,"i3gtotl1eq00","6","FAAt705","BEA_API"
1939,2,"Equipment",568,"i3gtotl1eq00","6","FAAt705","BEA_API"
1940,2,"Equipment",572,"i3gtotl1eq00","6","FAAt705","BEA_API"
1941,2,"Equipment",4222,"i3gtotl1eq00","6","FAAt705","BEA_API"
1942,2,"Equipment",16364,"i3gtotl1eq00","6","FAAt705","BEA_API"
1943,2,"Equipment",31963,"i3gtotl1eq00","6","FAAt705","BEA_API"
1944,2,"Equipment",33319,"i3gtotl1eq00","6","FAAt705","BEA_API"
1945,2,"Equipment",21237,"i3gtotl1eq00","6","FAAt705","BEA_API"
1946,2,"Equipment",1612,"i3gtotl1eq00","6","FAAt705","BEA_API"
1947,2,"Equipment",1271,"i3gtotl1eq00","6","FAAt705","BEA_API"
1948,2,"Equipment",2250,"i3gtotl1eq00","6","FAAt705","BEA_API"
1949,2,"Equipment",3249,"i3gtotl1eq00","6","FAAt705","BEA_API"
1950,2,"Equipment",2618,"i3gtotl1eq00","6","FAAt705","BEA_API"
1951,2,"Equipment",7952,"i3gtotl1eq00","6","FAAt705","BEA_API"
1952,2,"Equipment",11141,"i3gtotl1eq00","6","FAAt705","BEA_API"
1953,2,"Equipment",12324,"i3gtotl1eq00","6","FAAt705","BEA_API"
1954,2,"Equipment",10242,"i3gtotl1eq00","6","FAAt705","BEA_API"
1955,2,"Equipment",8760,"i3gtotl1eq00","6","FAAt705","BEA_API"
1956,2,"Equipment",8902,"i3gtotl1eq00","6","FAAt705","BEA_API"
1957,2,"Equipment",9476,"i3gtotl1eq00","6","FAAt705","BEA_API"
1958,2,"Equipment",9691,"i3gtotl1eq00","6","FAAt705","BEA_API"
1959,2,"Equipment",12002,"i3gtotl1eq00","6","FAAt705","BEA_API"
1960,2,"Equipment",11577,"i3gtotl1eq00","6","FAAt705","BEA_API"
1961,2,"Equipment",13077,"i3gtotl1eq00","6","FAAt705","BEA_API"
1962,2,"Equipment",14096,"i3gtotl1eq00","6","FAAt705","BEA_API"
1963,2,"Equipment",12806,"i3gtotl1eq00","6","FAAt705","BEA_API"
1964,2,"Equipment",12417,"i3gtotl1eq00","6","FAAt705","BEA_API"
1965,2,"Equipment",11213,"i3gtotl1eq00","6","FAAt705","BEA_API"
1966,2,"Equipment",13078,"i3gtotl1eq00","6","FAAt705","BEA_API"
1967,2,"Equipment",15035,"i3gtotl1eq00","6","FAAt705","BEA_API"
1968,2,"Equipment",13654,"i3gtotl1eq00","6","FAAt705","BEA_API"
1969,2,"Equipment",12864,"i3gtotl1eq00","6","FAAt705","BEA_API"
1970,2,"Equipment",13045,"i3gtotl1eq00","6","FAAt705","BEA_API"
1971,2,"Equipment",9216,"i3gtotl1eq00","6","FAAt705","BEA_API"
1972,2,"Equipment",9781,"i3gtotl1eq00","6","FAAt705","BEA_API"
1973,2,"Equipment",10940,"i3gtotl1eq00","6","FAAt705","BEA_API"
1974,2,"Equipment",14360,"i3gtotl1eq00","6","FAAt705","BEA_API"
1975,2,"Equipment",16596,"i3gtotl1eq00","6","FAAt705","BEA_API"
1976,2,"Equipment",19246,"i3gtotl1eq00","6","FAAt705","BEA_API"
1977,2,"Equipment",20984,"i3gtotl1eq00","6","FAAt705","BEA_API"
1978,2,"Equipment",23053,"i3gtotl1eq00","6","FAAt705","BEA_API"
1979,2,"Equipment",27272,"i3gtotl1eq00","6","FAAt705","BEA_API"
1980,2,"Equipment",31078,"i3gtotl1eq00","6","FAAt705","BEA_API"
1981,2,"Equipment",35962,"i3gtotl1eq00","6","FAAt705","BEA_API"
1982,2,"Equipment",42308,"i3gtotl1eq00","6","FAAt705","BEA_API"
1983,2,"Equipment",50228,"i3gtotl1eq00","6","FAAt705","BEA_API"
1984,2,"Equipment",58450,"i3gtotl1eq00","6","FAAt705","BEA_API"
1985,2,"Equipment",67766,"i3gtotl1eq00","6","FAAt705","BEA_API"
1986,2,"Equipment",73893,"i3gtotl1eq00","6","FAAt705","BEA_API"
1987,2,"Equipment",77411,"i3gtotl1eq00","6","FAAt705","BEA_API"
1988,2,"Equipment",74279,"i3gtotl1eq00","6","FAAt705","BEA_API"
1989,2,"Equipment",80679,"i3gtotl1eq00","6","FAAt705","BEA_API"
1990,2,"Equipment",86624,"i3gtotl1eq00","6","FAAt705","BEA_API"
1991,2,"Equipment",85694,"i3gtotl1eq00","6","FAAt705","BEA_API"
1992,2,"Equipment",84767,"i3gtotl1eq00","6","FAAt705","BEA_API"
1993,2,"Equipment",79410,"i3gtotl1eq00","6","FAAt705","BEA_API"
1994,2,"Equipment",77455,"i3gtotl1eq00","6","FAAt705","BEA_API"
1995,2,"Equipment",78896,"i3gtotl1eq00","6","FAAt705","BEA_API"
1996,2,"Equipment",80086,"i3gtotl1eq00","6","FAAt705","BEA_API"
1997,2,"Equipment",75654,"i3gtotl1eq00","6","FAAt705","BEA_API"
1998,2,"Equipment",78961,"i3gtotl1eq00","6","FAAt705","BEA_API"
1999,2,"Equipment",86140,"i3gtotl1eq00","6","FAAt705","BEA_API"
2000,2,"Equipment",87381,"i3gtotl1eq00","6","FAAt705","BEA_API"
2001,2,"Equipment",88168,"i3gtotl1eq00","6","FAAt705","BEA_API"
2002,2,"Equipment",96371,"i3gtotl1eq00","6","FAAt705","BEA_API"
2003,2,"Equipment",99793,"i3gtotl1eq00","6","FAAt705","BEA_API"
2004,2,"Equipment",106166,"i3gtotl1eq00","6","FAAt705","BEA_API"
2005,2,"Equipment",113643,"i3gtotl1eq00","6","FAAt705","BEA_API"
2006,2,"Equipment",122504,"i3gtotl1eq00","6","FAAt705","BEA_API"
2007,2,"Equipment",131808,"i3gtotl1eq00","6","FAAt705","BEA_API"
2008,2,"Equipment",145044,"i3gtotl1eq00","6","FAAt705","BEA_API"
2009,2,"Equipment",147265,"i3gtotl1eq00","6","FAAt705","BEA_API"
2010,2,"Equipment",147876,"i3gtotl1eq00","6","FAAt705","BEA_API"
2011,2,"Equipment",144159,"i3gtotl1eq00","6","FAAt705","BEA_API"
2012,2,"Equipment",142919,"i3gtotl1eq00","6","FAAt705","BEA_API"
2013,2,"Equipment",134322,"i3gtotl1eq00","6","FAAt705","BEA_API"
2014,2,"Equipment",130976,"i3gtotl1eq00","6","FAAt705","BEA_API"
2015,2,"Equipment",131128,"i3gtotl1eq00","6","FAAt705","BEA_API"
2016,2,"Equipment",133059,"i3gtotl1eq00","6","FAAt705","BEA_API"
2017,2,"Equipment",140655,"i3gtotl1eq00","6","FAAt705","BEA_API"
2018,2,"Equipment",149610,"i3gtotl1eq00","6","FAAt705","BEA_API"
2019,2,"Equipment",161428,"i3gtotl1eq00","6","FAAt705","BEA_API"
2020,2,"Equipment",169521,"i3gtotl1eq00","6","FAAt705","BEA_API"
2021,2,"Equipment",169846,"i3gtotl1eq00","6","FAAt705","BEA_API"
2022,2,"Equipment",174769,"i3gtotl1eq00","6","FAAt705","BEA_API"
2023,2,"Equipment",188005,"i3gtotl1eq00","6","FAAt705","BEA_API"
2024,2,"Equipment",198358,"i3gtotl1eq00","6","FAAt705","BEA_API"
1901,3,"Structures",220,"i3gtotl1st00","6","FAAt705","BEA_API"
1902,3,"Structures",221,"i3gtotl1st00","6","FAAt705","BEA_API"
1903,3,"Structures",287,"i3gtotl1st00","6","FAAt705","BEA_API"
1904,3,"Structures",313,"i3gtotl1st00","6","FAAt705","BEA_API"
1905,3,"Structures",321,"i3gtotl1st00","6","FAAt705","BEA_API"
1906,3,"Structures",331,"i3gtotl1st00","6","FAAt705","BEA_API"
1907,3,"Structures",395,"i3gtotl1st00","6","FAAt705","BEA_API"
1908,3,"Structures",448,"i3gtotl1st00","6","FAAt705","BEA_API"
1909,3,"Structures",437,"i3gtotl1st00","6","FAAt705","BEA_API"
1910,3,"Structures",477,"i3gtotl1st00","6","FAAt705","BEA_API"
1911,3,"Structures",523,"i3gtotl1st00","6","FAAt705","BEA_API"
1912,3,"Structures",511,"i3gtotl1st00","6","FAAt705","BEA_API"
1913,3,"Structures",534,"i3gtotl1st00","6","FAAt705","BEA_API"
1914,3,"Structures",579,"i3gtotl1st00","6","FAAt705","BEA_API"
1915,3,"Structures",721,"i3gtotl1st00","6","FAAt705","BEA_API"
1916,3,"Structures",716,"i3gtotl1st00","6","FAAt705","BEA_API"
1917,3,"Structures",1269,"i3gtotl1st00","6","FAAt705","BEA_API"
1918,3,"Structures",2158,"i3gtotl1st00","6","FAAt705","BEA_API"
1919,3,"Structures",1920,"i3gtotl1st00","6","FAAt705","BEA_API"
1920,3,"Structures",1354,"i3gtotl1st00","6","FAAt705","BEA_API"
1921,3,"Structures",1567,"i3gtotl1st00","6","FAAt705","BEA_API"
1922,3,"Structures",1686,"i3gtotl1st00","6","FAAt705","BEA_API"
1923,3,"Structures",1658,"i3gtotl1st00","6","FAAt705","BEA_API"
1924,3,"Structures",1898,"i3gtotl1st00","6","FAAt705","BEA_API"
1925,3,"Structures",2138,"i3gtotl1st00","6","FAAt705","BEA_API"
1926,3,"Structures",2159,"i3gtotl1st00","6","FAAt705","BEA_API"
1927,3,"Structures",2424,"i3gtotl1st00","6","FAAt705","BEA_API"
1928,3,"Structures",2497,"i3gtotl1st00","6","FAAt705","BEA_API"
1929,3,"Structures",2575,"i3gtotl1st00","6","FAAt705","BEA_API"
1930,3,"Structures",2933,"i3gtotl1st00","6","FAAt705","BEA_API"
1931,3,"Structures",2730,"i3gtotl1st00","6","FAAt705","BEA_API"
1932,3,"Structures",1923,"i3gtotl1st00","6","FAAt705","BEA_API"
1933,3,"Structures",1700,"i3gtotl1st00","6","FAAt705","BEA_API"
1934,3,"Structures",2246,"i3gtotl1st00","6","FAAt705","BEA_API"
1935,3,"Structures",2273,"i3gtotl1st00","6","FAAt705","BEA_API"
1936,3,"Structures",3702,"i3gtotl1st00","6","FAAt705","BEA_API"
1937,3,"Structures",3313,"i3gtotl1st00","6","FAAt705","BEA_API"
1938,3,"Structures",3639,"i3gtotl1st00","6","FAAt705","BEA_API"
1939,3,"Structures",3925,"i3gtotl1st00","6","FAAt705","BEA_API"
1940,3,"Structures",3723,"i3gtotl1st00","6","FAAt705","BEA_API"
1941,3,"Structures",6200,"i3gtotl1st00","6","FAAt705","BEA_API"
1942,3,"Structures",12068,"i3gtotl1st00","6","FAAt705","BEA_API"
1943,3,"Structures",6971,"i3gtotl1st00","6","FAAt705","BEA_API"
1944,3,"Structures",3359,"i3gtotl1st00","6","FAAt705","BEA_API"
1945,3,"Structures",2625,"i3gtotl1st00","6","FAAt705","BEA_API"
1946,3,"Structures",1684,"i3gtotl1st00","6","FAAt705","BEA_API"
1947,3,"Structures",3003,"i3gtotl1st00","6","FAAt705","BEA_API"
1948,3,"Structures",4618,"i3gtotl1st00","6","FAAt705","BEA_API"
1949,3,"Structures",6344,"i3gtotl1st00","6","FAAt705","BEA_API"
1950,3,"Structures",6929,"i3gtotl1st00","6","FAAt705","BEA_API"
1951,3,"Structures",9440,"i3gtotl1st00","6","FAAt705","BEA_API"
1952,3,"Structures",11062,"i3gtotl1st00","6","FAAt705","BEA_API"
1953,3,"Structures",11467,"i3gtotl1st00","6","FAAt705","BEA_API"
1954,3,"Structures",12086,"i3gtotl1st00","6","FAAt705","BEA_API"
1955,3,"Structures",12263,"i3gtotl1st00","6","FAAt705","BEA_API"
1956,3,"Structures",13490,"i3gtotl1st00","6","FAAt705","BEA_API"
1957,3,"Structures",14857,"i3gtotl1st00","6","FAAt705","BEA_API"
1958,3,"Structures",16473,"i3gtotl1st00","6","FAAt705","BEA_API"
1959,3,"Structures",16865,"i3gtotl1st00","6","FAAt705","BEA_API"
1960,3,"Structures",16575,"i3gtotl1st00","6","FAAt705","BEA_API"
1961,3,"Structures",17918,"i3gtotl1st00","6","FAAt705","BEA_API"
1962,3,"Structures",18582,"i3gtotl1st00","6","FAAt705","BEA_API"
1963,3,"Structures",19931,"i3gtotl1st00","6","FAAt705","BEA_API"
1964,3,"Structures",21062,"i3gtotl1st00","6","FAAt705","BEA_API"
1965,3,"Structures",22882,"i3gtotl1st00","6","FAAt705","BEA_API"
1966,3,"Structures",25112,"i3gtotl1st00","6","FAAt705","BEA_API"
1967,3,"Structures",26443,"i3gtotl1st00","6","FAAt705","BEA_API"
1968,3,"Structures",28432,"i3gtotl1st00","6","FAAt705","BEA_API"
1969,3,"Structures",28816,"i3gtotl1st00","6","FAAt705","BEA_API"
1970,3,"Structures",28933,"i3gtotl1st00","6","FAAt705","BEA_API"
1971,3,"Structures",30833,"i3gtotl1st00","6","FAAt705","BEA_API"
1972,3,"Structures",31366,"i3gtotl1st00","6","FAAt705","BEA_API"
1973,3,"Structures",34215,"i3gtotl1st00","6","FAAt705","BEA_API"
1974,3,"Structures",40089,"i3gtotl1st00","6","FAAt705","BEA_API"
1975,3,"Structures",44051,"i3gtotl1st00","6","FAAt705","BEA_API"
1976,3,"Structures",44155,"i3gtotl1st00","6","FAAt705","BEA_API"
1977,3,"Structures",43433,"i3gtotl1st00","6","FAAt705","BEA_API"
1978,3,"Structures",50163,"i3gtotl1st00","6","FAAt705","BEA_API"
1979,3,"Structures",56411,"i3gtotl1st00","6","FAAt705","BEA_API"
1980,3,"Structures",63798,"i3gtotl1st00","6","FAAt705","BEA_API"
1981,3,"Structures",65890,"i3gtotl1st00","6","FAAt705","BEA_API"
1982,3,"Structures",64717,"i3gtotl1st00","6","FAAt705","BEA_API"
1983,3,"Structures",64966,"i3gtotl1st00","6","FAAt705","BEA_API"
1984,3,"Structures",71778,"i3gtotl1st00","6","FAAt705","BEA_API"
1985,3,"Structures",80078,"i3gtotl1st00","6","FAAt705","BEA_API"
1986,3,"Structures",88084,"i3gtotl1st00","6","FAAt705","BEA_API"
1987,3,"Structures",94533,"i3gtotl1st00","6","FAAt705","BEA_API"
1988,3,"Structures",98100,"i3gtotl1st00","6","FAAt705","BEA_API"
1989,3,"Structures",101395,"i3gtotl1st00","6","FAAt705","BEA_API"
1990,3,"Structures",111987,"i3gtotl1st00","6","FAAt705","BEA_API"
1991,3,"Structures",116580,"i3gtotl1st00","6","FAAt705","BEA_API"
1992,3,"Structures",118417,"i3gtotl1st00","6","FAAt705","BEA_API"
1993,3,"Structures",119717,"i3gtotl1st00","6","FAAt705","BEA_API"
1994,3,"Structures",124065,"i3gtotl1st00","6","FAAt705","BEA_API"
1995,3,"Structures",136256,"i3gtotl1st00","6","FAAt705","BEA_API"
1996,3,"Structures",151609,"i3gtotl1st00","6","FAAt705","BEA_API"
1997,3,"Structures",152722,"i3gtotl1st00","6","FAAt705","BEA_API"
1998,3,"Structures",162732,"i3gtotl1st00","6","FAAt705","BEA_API"
1999,3,"Structures",175641,"i3gtotl1st00","6","FAAt705","BEA_API"
2000,3,"Structures",188233,"i3gtotl1st00","6","FAAt705","BEA_API"
2001,3,"Structures",203897,"i3gtotl1st00","6","FAAt705","BEA_API"
2002,3,"Structures",219865,"i3gtotl1st00","6","FAAt705","BEA_API"
2003,3,"Structures",227894,"i3gtotl1st00","6","FAAt705","BEA_API"
2004,3,"Structures",235438,"i3gtotl1st00","6","FAAt705","BEA_API"
2005,3,"Structures",246106,"i3gtotl1st00","6","FAAt705","BEA_API"
2006,3,"Structures",268173,"i3gtotl1st00","6","FAAt705","BEA_API"
2007,3,"Structures",294653,"i3gtotl1st00","6","FAAt705","BEA_API"
2008,3,"Structures",309329,"i3gtotl1st00","6","FAAt705","BEA_API"
2009,3,"Structures",317830,"i3gtotl1st00","6","FAAt705","BEA_API"
2010,3,"Structures",312222,"i3gtotl1st00","6","FAAt705","BEA_API"
2011,3,"Structures",303065,"i3gtotl1st00","6","FAAt705","BEA_API"
2012,3,"Structures",287404,"i3gtotl1st00","6","FAAt705","BEA_API"
2013,3,"Structures",277342,"i3gtotl1st00","6","FAAt705","BEA_API"
2014,3,"Structures",283961,"i3gtotl1st00","6","FAAt705","BEA_API"
2015,3,"Structures",300182,"i3gtotl1st00","6","FAAt705","BEA_API"
2016,3,"Structures",312738,"i3gtotl1st00","6","FAAt705","BEA_API"
2017,3,"Structures",327760,"i3gtotl1st00","6","FAAt705","BEA_API"
2018,3,"Structures",347105,"i3gtotl1st00","6","FAAt705","BEA_API"
2019,3,"Structures",369449,"i3gtotl1st00","6","FAAt705","BEA_API"
2020,3,"Structures",378976,"i3gtotl1st00","6","FAAt705","BEA_API"
2021,3,"Structures",367820,"i3gtotl1st00","6","FAAt705","BEA_API"
2022,3,"Structures",392889,"i3gtotl1st00","6","FAAt705","BEA_API"
2023,3,"Structures",455206,"i3gtotl1st00","6","FAAt705","BEA_API"
2024,3,"Structures",498183,"i3gtotl1st00","6","FAAt705","BEA_API"
1901,4,"Residential",0,"i3gtotl1sa00","6","FAAt705","BEA_API"
1902,4,"Residential",0,"i3gtotl1sa00","6","FAAt705","BEA_API"
1903,4,"Residential",0,"i3gtotl1sa00","6","FAAt705","BEA_API"
1904,4,"Residential",0,"i3gtotl1sa00","6","FAAt705","BEA_API"
1905,4,"Residential",0,"i3gtotl1sa00","6","FAAt705","BEA_API"
1906,4,"Residential",0,"i3gtotl1sa00","6","FAAt705","BEA_API"
1907,4,"Residential",0,"i3gtotl1sa00","6","FAAt705","BEA_API"
1908,4,"Residential",0,"i3gtotl1sa00","6","FAAt705","BEA_API"
1909,4,"Residential",0,"i3gtotl1sa00","6","FAAt705","BEA_API"
1910,4,"Residential",0,"i3gtotl1sa00","6","FAAt705","BEA_API"
1911,4,"Residential",0,"i3gtotl1sa00","6","FAAt705","BEA_API"
1912,4,"Residential",0,"i3gtotl1sa00","6","FAAt705","BEA_API"
1913,4,"Residential",0,"i3gtotl1sa00","6","FAAt705","BEA_API"
1914,4,"Residential",0,"i3gtotl1sa00","6","FAAt705","BEA_API"
1915,4,"Residential",0,"i3gtotl1sa00","6","FAAt705","BEA_API"
1916,4,"Residential",0,"i3gtotl1sa00","6","FAAt705","BEA_API"
1917,4,"Residential",0,"i3gtotl1sa00","6","FAAt705","BEA_API"
1918,4,"Residential",0,"i3gtotl1sa00","6","FAAt705","BEA_API"
1919,4,"Residential",0,"i3gtotl1sa00","6","FAAt705","BEA_API"
1920,4,"Residential",0,"i3gtotl1sa00","6","FAAt705","BEA_API"
1921,4,"Residential",0,"i3gtotl1sa00","6","FAAt705","BEA_API"
1922,4,"Residential",0,"i3gtotl1sa00","6","FAAt705","BEA_API"
1923,4,"Residential",0,"i3gtotl1sa00","6","FAAt705","BEA_API"
1924,4,"Residential",0,"i3gtotl1sa00","6","FAAt705","BEA_API"
1925,4,"Residential",0,"i3gtotl1sa00","6","FAAt705","BEA_API"
1926,4,"Residential",0,"i3gtotl1sa00","6","FAAt705","BEA_API"
1927,4,"Residential",0,"i3gtotl1sa00","6","FAAt705","BEA_API"
1928,4,"Residential",0,"i3gtotl1sa00","6","FAAt705","BEA_API"
1929,4,"Residential",6,"i3gtotl1sa00","6","FAAt705","BEA_API"
1930,4,"Residential",5,"i3gtotl1sa00","6","FAAt705","BEA_API"
1931,4,"Residential",4,"i3gtotl1sa00","6","FAAt705","BEA_API"
1932,4,"Residential",3,"i3gtotl1sa00","6","FAAt705","BEA_API"
1933,4,"Residential",3,"i3gtotl1sa00","6","FAAt705","BEA_API"
1934,4,"Residential",4,"i3gtotl1sa00","6","FAAt705","BEA_API"
1935,4,"Residential",12,"i3gtotl1sa00","6","FAAt705","BEA_API"
1936,4,"Residential",67,"i3gtotl1sa00","6","FAAt705","BEA_API"
1937,4,"Residential",101,"i3gtotl1sa00","6","FAAt705","BEA_API"
1938,4,"Residential",40,"i3gtotl1sa00","6","FAAt705","BEA_API"
1939,4,"Residential",66,"i3gtotl1sa00","6","FAAt705","BEA_API"
1940,4,"Residential",193,"i3gtotl1sa00","6","FAAt705","BEA_API"
1941,4,"Residential",430,"i3gtotl1sa00","6","FAAt705","BEA_API"
1942,4,"Residential",552,"i3gtotl1sa00","6","FAAt705","BEA_API"
1943,4,"Residential",770,"i3gtotl1sa00","6","FAAt705","BEA_API"
1944,4,"Residential",222,"i3gtotl1sa00","6","FAAt705","BEA_API"
1945,4,"Residential",140,"i3gtotl1sa00","6","FAAt705","BEA_API"
1946,4,"Residential",372,"i3gtotl1sa00","6","FAAt705","BEA_API"
1947,4,"Residential",197,"i3gtotl1sa00","6","FAAt705","BEA_API"
1948,4,"Residential",157,"i3gtotl1sa00","6","FAAt705","BEA_API"
1949,4,"Residential",345,"i3gtotl1sa00","6","FAAt705","BEA_API"
1950,4,"Residential",336,"i3gtotl1sa00","6","FAAt705","BEA_API"
1951,4,"Residential",569,"i3gtotl1sa00","6","FAAt705","BEA_API"
1952,4,"Residential",634,"i3gtotl1sa00","6","FAAt705","BEA_API"
1953,4,"Residential",550,"i3gtotl1sa00","6","FAAt705","BEA_API"
1954,4,"Residential",346,"i3gtotl1sa00","6","FAAt705","BEA_API"
1955,4,"Residential",289,"i3gtotl1sa00","6","FAAt705","BEA_API"
1956,4,"Residential",319,"i3gtotl1sa00","6","FAAt705","BEA_API"
1957,4,"Residential",530,"i3gtotl1sa00","6","FAAt705","BEA_API"
1958,4,"Residential",859,"i3gtotl1sa00","6","FAAt705","BEA_API"
1959,4,"Residential",972,"i3gtotl1sa00","6","FAAt705","BEA_API"
1960,4,"Residential",762,"i3gtotl1sa00","6","FAAt705","BEA_API"
1961,4,"Residential",897,"i3gtotl1sa00","6","FAAt705","BEA_API"
1962,4,"Residential",992,"i3gtotl1sa00","6","FAAt705","BEA_API"
1963,4,"Residential",607,"i3gtotl1sa00","6","FAAt705","BEA_API"
1964,4,"Residential",647,"i3gtotl1sa00","6","FAAt705","BEA_API"
1965,4,"Residential",698,"i3gtotl1sa00","6","FAAt705","BEA_API"
1966,4,"Residential",763,"i3gtotl1sa00","6","FAAt705","BEA_API"
1967,4,"Residential",844,"i3gtotl1sa00","6","FAAt705","BEA_API"
1968,4,"Residential",871,"i3gtotl1sa00","6","FAAt705","BEA_API"
1969,4,"Residential",1155,"i3gtotl1sa00","6","FAAt705","BEA_API"
1970,4,"Residential",1219,"i3gtotl1sa00","6","FAAt705","BEA_API"
1971,4,"Residential",1272,"i3gtotl1sa00","6","FAAt705","BEA_API"
1972,4,"Residential",1212,"i3gtotl1sa00","6","FAAt705","BEA_API"
1973,4,"Residential",1310,"i3gtotl1sa00","6","FAAt705","BEA_API"
1974,4,"Residential",1387,"i3gtotl1sa00","6","FAAt705","BEA_API"
1975,4,"Residential",1723,"i3gtotl1sa00","6","FAAt705","BEA_API"
1976,4,"Residential",1562,"i3gtotl1sa00","6","FAAt705","BEA_API"
1977,4,"Residential",1694,"i3gtotl1sa00","6","FAAt705","BEA_API"
1978,4,"Residential",1715,"i3gtotl1sa00","6","FAAt705","BEA_API"
1979,4,"Residential",2011,"i3gtotl1sa00","6","FAAt705","BEA_API"
1980,4,"Residential",2545,"i3gtotl1sa00","6","FAAt705","BEA_API"
1981,4,"Residential",3035,"i3gtotl1sa00","6","FAAt705","BEA_API"
1982,4,"Residential",3136,"i3gtotl1sa00","6","FAAt705","BEA_API"
1983,4,"Residential",3635,"i3gtotl1sa00","6","FAAt705","BEA_API"
1984,4,"Residential",3557,"i3gtotl1sa00","6","FAAt705","BEA_API"
1985,4,"Residential",4129,"i3gtotl1sa00","6","FAAt705","BEA_API"
1986,4,"Residential",4264,"i3gtotl1sa00","6","FAAt705","BEA_API"
1987,4,"Residential",4670,"i3gtotl1sa00","6","FAAt705","BEA_API"
1988,4,"Residential",4626,"i3gtotl1sa00","6","FAAt705","BEA_API"
1989,4,"Residential",4673,"i3gtotl1sa00","6","FAAt705","BEA_API"
1990,4,"Residential",5168,"i3gtotl1sa00","6","FAAt705","BEA_API"
1991,4,"Residential",4747,"i3gtotl1sa00","6","FAAt705","BEA_API"
1992,4,"Residential",5025,"i3gtotl1sa00","6","FAAt705","BEA_API"
1993,4,"Residential",4904,"i3gtotl1sa00","6","FAAt705","BEA_API"
1994,4,"Residential",4767,"i3gtotl1sa00","6","FAAt705","BEA_API"
1995,4,"Residential",5493,"i3gtotl1sa00","6","FAAt705","BEA_API"
1996,4,"Residential",5601,"i3gtotl1sa00","6","FAAt705","BEA_API"
1997,4,"Residential",5996,"i3gtotl1sa00","6","FAAt705","BEA_API"
1998,4,"Residential",5897,"i3gtotl1sa00","6","FAAt705","BEA_API"
1999,4,"Residential",5929,"i3gtotl1sa00","6","FAAt705","BEA_API"
2000,4,"Residential",5840,"i3gtotl1sa00","6","FAAt705","BEA_API"
2001,4,"Residential",6500,"i3gtotl1sa00","6","FAAt705","BEA_API"
2002,4,"Residential",6938,"i3gtotl1sa00","6","FAAt705","BEA_API"
2003,4,"Residential",7085,"i3gtotl1sa00","6","FAAt705","BEA_API"
2004,4,"Residential",7760,"i3gtotl1sa00","6","FAAt705","BEA_API"
2005,4,"Residential",8323,"i3gtotl1sa00","6","FAAt705","BEA_API"
2006,4,"Residential",7806,"i3gtotl1sa00","6","FAAt705","BEA_API"
2007,4,"Residential",7862,"i3gtotl1sa00","6","FAAt705","BEA_API"
2008,4,"Residential",8655,"i3gtotl1sa00","6","FAAt705","BEA_API"
2009,4,"Residential",8329,"i3gtotl1sa00","6","FAAt705","BEA_API"
2010,4,"Residential",8755,"i3gtotl1sa00","6","FAAt705","BEA_API"
2011,4,"Residential",7610,"i3gtotl1sa00","6","FAAt705","BEA_API"
2012,4,"Residential",5890,"i3gtotl1sa00","6","FAAt705","BEA_API"
2013,4,"Residential",5259,"i3gtotl1sa00","6","FAAt705","BEA_API"
2014,4,"Residential",5258,"i3gtotl1sa00","6","FAAt705","BEA_API"
2015,4,"Residential",5308,"i3gtotl1sa00","6","FAAt705","BEA_API"
2016,4,"Residential",5554,"i3gtotl1sa00","6","FAAt705","BEA_API"
2017,4,"Residential",6002,"i3gtotl1sa00","6","FAAt705","BEA_API"
2018,4,"Residential",6825,"i3gtotl1sa00","6","FAAt705","BEA_API"
2019,4,"Residential",7301,"i3gtotl1sa00","6","FAAt705","BEA_API"
2020,4,"Residential",7031,"i3gtotl1sa00","6","FAAt705","BEA_API"
2021,4,"Residential",6765,"i3gtotl1sa00","6","FAAt705","BEA_API"
2022,4,"Residential",6640,"i3gtotl1sa00","6","FAAt705","BEA_API"
2023,4,"Residential",7315,"i3gtotl1sa00","6","FAAt705","BEA_API"
2024,4,"Residential",8166,"i3gtotl1sa00","6","FAAt705","BEA_API"
1901,5,"Industrial",0,"i3gtotl1sj00","6","FAAt705","BEA_API"
1902,5,"Industrial",0,"i3gtotl1sj00","6","FAAt705","BEA_API"
1903,5,"Industrial",0,"i3gtotl1sj00","6","FAAt705","BEA_API"
1904,5,"Industrial",0,"i3gtotl1sj00","6","FAAt705","BEA_API"
1905,5,"Industrial",0,"i3gtotl1sj00","6","FAAt705","BEA_API"
1906,5,"Industrial",0,"i3gtotl1sj00","6","FAAt705","BEA_API"
1907,5,"Industrial",0,"i3gtotl1sj00","6","FAAt705","BEA_API"
1908,5,"Industrial",0,"i3gtotl1sj00","6","FAAt705","BEA_API"
1909,5,"Industrial",0,"i3gtotl1sj00","6","FAAt705","BEA_API"
1910,5,"Industrial",0,"i3gtotl1sj00","6","FAAt705","BEA_API"
1911,5,"Industrial",0,"i3gtotl1sj00","6","FAAt705","BEA_API"
1912,5,"Industrial",0,"i3gtotl1sj00","6","FAAt705","BEA_API"
1913,5,"Industrial",0,"i3gtotl1sj00","6","FAAt705","BEA_API"
1914,5,"Industrial",0,"i3gtotl1sj00","6","FAAt705","BEA_API"
1915,5,"Industrial",0,"i3gtotl1sj00","6","FAAt705","BEA_API"
1916,5,"Industrial",0,"i3gtotl1sj00","6","FAAt705","BEA_API"
1917,5,"Industrial",0,"i3gtotl1sj00","6","FAAt705","BEA_API"
1918,5,"Industrial",0,"i3gtotl1sj00","6","FAAt705","BEA_API"
1919,5,"Industrial",0,"i3gtotl1sj00","6","FAAt705","BEA_API"
1920,5,"Industrial",0,"i3gtotl1sj00","6","FAAt705","BEA_API"
1921,5,"Industrial",0,"i3gtotl1sj00","6","FAAt705","BEA_API"
1922,5,"Industrial",0,"i3gtotl1sj00","6","FAAt705","BEA_API"
1923,5,"Industrial",0,"i3gtotl1sj00","6","FAAt705","BEA_API"
1924,5,"Industrial",0,"i3gtotl1sj00","6","FAAt705","BEA_API"
1925,5,"Industrial",0,"i3gtotl1sj00","6","FAAt705","BEA_API"
1926,5,"Industrial",0,"i3gtotl1sj00","6","FAAt705","BEA_API"
1927,5,"Industrial",0,"i3gtotl1sj00","6","FAAt705","BEA_API"
1928,5,"Industrial",0,"i3gtotl1sj00","6","FAAt705","BEA_API"
1929,5,"Industrial",0,"i3gtotl1sj00","6","FAAt705","BEA_API"
1930,5,"Industrial",0,"i3gtotl1sj00","6","FAAt705","BEA_API"
1931,5,"Industrial",0,"i3gtotl1sj00","6","FAAt705","BEA_API"
1932,5,"Industrial",0,"i3gtotl1sj00","6","FAAt705","BEA_API"
1933,5,"Industrial",2,"i3gtotl1sj00","6","FAAt705","BEA_API"
1934,5,"Industrial",11,"i3gtotl1sj00","6","FAAt705","BEA_API"
1935,5,"Industrial",4,"i3gtotl1sj00","6","FAAt705","BEA_API"
1936,5,"Industrial",42,"i3gtotl1sj00","6","FAAt705","BEA_API"
1937,5,"Industrial",45,"i3gtotl1sj00","6","FAAt705","BEA_API"
1938,5,"Industrial",52,"i3gtotl1sj00","6","FAAt705","BEA_API"
1939,5,"Industrial",17,"i3gtotl1sj00","6","FAAt705","BEA_API"
1940,5,"Industrial",133,"i3gtotl1sj00","6","FAAt705","BEA_API"
1941,5,"Industrial",1266,"i3gtotl1sj00","6","FAAt705","BEA_API"
1942,5,"Industrial",3422,"i3gtotl1sj00","6","FAAt705","BEA_API"
1943,5,"Industrial",1838,"i3gtotl1sj00","6","FAAt705","BEA_API"
1944,5,"Industrial",1212,"i3gtotl1sj00","6","FAAt705","BEA_API"
1945,5,"Industrial",732,"i3gtotl1sj00","6","FAAt705","BEA_API"
1946,5,"Industrial",-46,"i3gtotl1sj00","6","FAAt705","BEA_API"
1947,5,"Industrial",10,"i3gtotl1sj00","6","FAAt705","BEA_API"
1948,5,"Industrial",141,"i3gtotl1sj00","6","FAAt705","BEA_API"
1949,5,"Industrial",152,"i3gtotl1sj00","6","FAAt705","BEA_API"
1950,5,"Industrial",208,"i3gtotl1sj00","6","FAAt705","BEA_API"
1951,5,"Industrial",973,"i3gtotl1sj00","6","FAAt705","BEA_API"
1952,5,"Industrial",1683,"i3gtotl1sj00","6","FAAt705","BEA_API"
1953,5,"Industrial",1770,"i3gtotl1sj00","6","FAAt705","BEA_API"
1954,5,"Industrial",1500,"i3gtotl1sj00","6","FAAt705","BEA_API"
1955,5,"Industrial",649,"i3gtotl1sj00","6","FAAt705","BEA_API"
1956,5,"Industrial",453,"i3gtotl1sj00","6","FAAt705","BEA_API"
1957,5,"Industrial",508,"i3gtotl1sj00","6","FAAt705","BEA_API"
1958,5,"Industrial",501,"i3gtotl1sj00","6","FAAt705","BEA_API"
1959,5,"Industrial",344,"i3gtotl1sj00","6","FAAt705","BEA_API"
1960,5,"Industrial",385,"i3gtotl1sj00","6","FAAt705","BEA_API"
1961,5,"Industrial",465,"i3gtotl1sj00","6","FAAt705","BEA_API"
1962,5,"Industrial",331,"i3gtotl1sj00","6","FAAt705","BEA_API"
1963,5,"Industrial",216,"i3gtotl1sj00","6","FAAt705","BEA_API"
1964,5,"Industrial",145,"i3gtotl1sj00","6","FAAt705","BEA_API"
1965,5,"Industrial",75,"i3gtotl1sj00","6","FAAt705","BEA_API"
1966,5,"Industrial",106,"i3gtotl1sj00","6","FAAt705","BEA_API"
1967,5,"Industrial",132,"i3gtotl1sj00","6","FAAt705","BEA_API"
1968,5,"Industrial",184,"i3gtotl1sj00","6","FAAt705","BEA_API"
1969,5,"Industrial",197,"i3gtotl1sj00","6","FAAt705","BEA_API"
1970,5,"Industrial",220,"i3gtotl1sj00","6","FAAt705","BEA_API"
1971,5,"Industrial",424,"i3gtotl1sj00","6","FAAt705","BEA_API"
1972,5,"Industrial",285,"i3gtotl1sj00","6","FAAt705","BEA_API"
1973,5,"Industrial",305,"i3gtotl1sj00","6","FAAt705","BEA_API"
1974,5,"Industrial",246,"i3gtotl1sj00","6","FAAt705","BEA_API"
1975,5,"Industrial",22,"i3gtotl1sj00","6","FAAt705","BEA_API"
1976,5,"Industrial",20,"i3gtotl1sj00","6","FAAt705","BEA_API"
1977,5,"Industrial",171,"i3gtotl1sj00","6","FAAt705","BEA_API"
1978,5,"Industrial",216,"i3gtotl1sj00","6","FAAt705","BEA_API"
1979,5,"Industrial",304,"i3gtotl1sj00","6","FAAt705","BEA_API"
1980,5,"Industrial",365,"i3gtotl1sj00","6","FAAt705","BEA_API"
1981,5,"Industrial",515,"i3gtotl1sj00","6","FAAt705","BEA_API"
1982,5,"Industrial",665,"i3gtotl1sj00","6","FAAt705","BEA_API"
1983,5,"Industrial",781,"i3gtotl1sj00","6","FAAt705","BEA_API"
1984,5,"Industrial",810,"i3gtotl1sj00","6","FAAt705","BEA_API"
1985,5,"Industrial",1103,"i3gtotl1sj00","6","FAAt705","BEA_API"
1986,5,"Industrial",965,"i3gtotl1sj00","6","FAAt705","BEA_API"
1987,5,"Industrial",805,"i3gtotl1sj00","6","FAAt705","BEA_API"
1988,5,"Industrial",769,"i3gtotl1sj00","6","FAAt705","BEA_API"
1989,5,"Industrial",708,"i3gtotl1sj00","6","FAAt705","BEA_API"
1990,5,"Industrial",808,"i3gtotl1sj00","6","FAAt705","BEA_API"
1991,5,"Industrial",1087,"i3gtotl1sj00","6","FAAt705","BEA_API"
1992,5,"Industrial",932,"i3gtotl1sj00","6","FAAt705","BEA_API"
1993,5,"Industrial",714,"i3gtotl1sj00","6","FAAt705","BEA_API"
1994,5,"Industrial",616,"i3gtotl1sj00","6","FAAt705","BEA_API"
1995,5,"Industrial",569,"i3gtotl1sj00","6","FAAt705","BEA_API"
1996,5,"Industrial",612,"i3gtotl1sj00","6","FAAt705","BEA_API"
1997,5,"Industrial",455,"i3gtotl1sj00","6","FAAt705","BEA_API"
1998,5,"Industrial",245,"i3gtotl1sj00","6","FAAt705","BEA_API"
1999,5,"Industrial",233,"i3gtotl1sj00","6","FAAt705","BEA_API"
2000,5,"Industrial",277,"i3gtotl1sj00","6","FAAt705","BEA_API"
2001,5,"Industrial",406,"i3gtotl1sj00","6","FAAt705","BEA_API"
2002,5,"Industrial",599,"i3gtotl1sj00","6","FAAt705","BEA_API"
2003,5,"Industrial",596,"i3gtotl1sj00","6","FAAt705","BEA_API"
2004,5,"Industrial",417,"i3gtotl1sj00","6","FAAt705","BEA_API"
2005,5,"Industrial",332,"i3gtotl1sj00","6","FAAt705","BEA_API"
2006,5,"Industrial",328,"i3gtotl1sj00","6","FAAt705","BEA_API"
2007,5,"Industrial",348,"i3gtotl1sj00","6","FAAt705","BEA_API"
2008,5,"Industrial",591,"i3gtotl1sj00","6","FAAt705","BEA_API"
2009,5,"Industrial",769,"i3gtotl1sj00","6","FAAt705","BEA_API"
2010,5,"Industrial",684,"i3gtotl1sj00","6","FAAt705","BEA_API"
2011,5,"Industrial",738,"i3gtotl1sj00","6","FAAt705","BEA_API"
2012,5,"Industrial",600,"i3gtotl1sj00","6","FAAt705","BEA_API"
2013,5,"Industrial",570,"i3gtotl1sj00","6","FAAt705","BEA_API"
2014,5,"Industrial",507,"i3gtotl1sj00","6","FAAt705","BEA_API"
2015,5,"Industrial",694,"i3gtotl1sj00","6","FAAt705","BEA_API"
2016,5,"Industrial",1032,"i3gtotl1sj00","6","FAAt705","BEA_API"
2017,5,"Industrial",1006,"i3gtotl1sj00","6","FAAt705","BEA_API"
2018,5,"Industrial",992,"i3gtotl1sj00","6","FAAt705","BEA_API"
2019,5,"Industrial",1278,"i3gtotl1sj00","6","FAAt705","BEA_API"
2020,5,"Industrial",1470,"i3gtotl1sj00","6","FAAt705","BEA_API"
2021,5,"Industrial",1893,"i3gtotl1sj00","6","FAAt705","BEA_API"
2022,5,"Industrial",2158,"i3gtotl1sj00","6","FAAt705","BEA_API"
2023,5,"Industrial",3219,"i3gtotl1sj00","6","FAAt705","BEA_API"
2024,5,"Industrial",3787,"i3gtotl1sj00","6","FAAt705","BEA_API"
1901,6,"Office",6,"i3gtotl1sd00","6","FAAt705","BEA_API"
1902,6,"Office",6,"i3gtotl1sd00","6","FAAt705","BEA_API"
1903,6,"Office",7,"i3gtotl1sd00","6","FAAt705","BEA_API"
1904,6,"Office",7,"i3gtotl1sd00","6","FAAt705","BEA_API"
1905,6,"Office",9,"i3gtotl1sd00","6","FAAt705","BEA_API"
1906,6,"Office",9,"i3gtotl1sd00","6","FAAt705","BEA_API"
1907,6,"Office",9,"i3gtotl1sd00","6","FAAt705","BEA_API"
1908,6,"Office",11,"i3gtotl1sd00","6","FAAt705","BEA_API"
1909,6,"Office",10,"i3gtotl1sd00","6","FAAt705","BEA_API"
1910,6,"Office",12,"i3gtotl1sd00","6","FAAt705","BEA_API"
1911,6,"Office",11,"i3gtotl1sd00","6","FAAt705","BEA_API"
1912,6,"Office",12,"i3gtotl1sd00","6","FAAt705","BEA_API"
1913,6,"Office",11,"i3gtotl1sd00","6","FAAt705","BEA_API"
1914,6,"Office",11,"i3gtotl1sd00","6","FAAt705","BEA_API"
1915,6,"Office",14,"i3gtotl1sd00","6","FAAt705","BEA_API"
1916,6,"Office",13,"i3gtotl1sd00","6","FAAt705","BEA_API"
1917,6,"Office",12,"i3gtotl1sd00","6","FAAt705","BEA_API"
1918,6,"Office",14,"i3gtotl1sd00","6","FAAt705","BEA_API"
1919,6,"Office",15,"i3gtotl1sd00","6","FAAt705","BEA_API"
1920,6,"Office",19,"i3gtotl1sd00","6","FAAt705","BEA_API"
1921,6,"Office",24,"i3gtotl1sd00","6","FAAt705","BEA_API"
1922,6,"Office",25,"i3gtotl1sd00","6","FAAt705","BEA_API"
1923,6,"Office",35,"i3gtotl1sd00","6","FAAt705","BEA_API"
1924,6,"Office",26,"i3gtotl1sd00","6","FAAt705","BEA_API"
1925,6,"Office",39,"i3gtotl1sd00","6","FAAt705","BEA_API"
1926,6,"Office",49,"i3gtotl1sd00","6","FAAt705","BEA_API"
1927,6,"Office",53,"i3gtotl1sd00","6","FAAt705","BEA_API"
1928,6,"Office",49,"i3gtotl1sd00","6","FAAt705","BEA_API"
1929,6,"Office",68,"i3gtotl1sd00","6","FAAt705","BEA_API"
1930,6,"Office",63,"i3gtotl1sd00","6","FAAt705","BEA_API"
1931,6,"Office",70,"i3gtotl1sd00","6","FAAt705","BEA_API"
1932,6,"Office",42,"i3gtotl1sd00","6","FAAt705","BEA_API"
1933,6,"Office",29,"i3gtotl1sd00","6","FAAt705","BEA_API"
1934,6,"Office",51,"i3gtotl1sd00","6","FAAt705","BEA_API"
1935,6,"Office",48,"i3gtotl1sd00","6","FAAt705","BEA_API"
1936,6,"Office",121,"i3gtotl1sd00","6","FAAt705","BEA_API"
1937,6,"Office",112,"i3gtotl1sd00","6","FAAt705","BEA_API"
1938,6,"Office",121,"i3gtotl1sd00","6","FAAt705","BEA_API"
1939,6,"Office",122,"i3gtotl1sd00","6","FAAt705","BEA_API"
1940,6,"Office",84,"i3gtotl1sd00","6","FAAt705","BEA_API"
1941,6,"Office",65,"i3gtotl1sd00","6","FAAt705","BEA_API"
1942,6,"Office",25,"i3gtotl1sd00","6","FAAt705","BEA_API"
1943,6,"Office",6,"i3gtotl1sd00","6","FAAt705","BEA_API"
1944,6,"Office",7,"i3gtotl1sd00","6","FAAt705","BEA_API"
1945,6,"Office",3,"i3gtotl1sd00","6","FAAt705","BEA_API"
1946,6,"Office",-128,"i3gtotl1sd00","6","FAAt705","BEA_API"
1947,6,"Office",-16,"i3gtotl1sd00","6","FAAt705","BEA_API"
1948,6,"Office",87,"i3gtotl1sd00","6","FAAt705","BEA_API"
1949,6,"Office",218,"i3gtotl1sd00","6","FAAt705","BEA_API"
1950,6,"Office",257,"i3gtotl1sd00","6","FAAt705","BEA_API"
1951,6,"Office",253,"i3gtotl1sd00","6","FAAt705","BEA_API"
1952,6,"Office",216,"i3gtotl1sd00","6","FAAt705","BEA_API"
1953,6,"Office",275,"i3gtotl1sd00","6","FAAt705","BEA_API"
1954,6,"Office",313,"i3gtotl1sd00","6","FAAt705","BEA_API"
1955,6,"Office",296,"i3gtotl1sd00","6","FAAt705","BEA_API"
1956,6,"Office",394,"i3gtotl1sd00","6","FAAt705","BEA_API"
1957,6,"Office",475,"i3gtotl1sd00","6","FAAt705","BEA_API"
1958,6,"Office",604,"i3gtotl1sd00","6","FAAt705","BEA_API"
1959,6,"Office",582,"i3gtotl1sd00","6","FAAt705","BEA_API"
1960,6,"Office",663,"i3gtotl1sd00","6","FAAt705","BEA_API"
1961,6,"Office",658,"i3gtotl1sd00","6","FAAt705","BEA_API"
1962,6,"Office",769,"i3gtotl1sd00","6","FAAt705","BEA_API"
1963,6,"Office",969,"i3gtotl1sd00","6","FAAt705","BEA_API"
1964,6,"Office",1075,"i3gtotl1sd00","6","FAAt705","BEA_API"
1965,6,"Office",1261,"i3gtotl1sd00","6","FAAt705","BEA_API"
1966,6,"Office",1214,"i3gtotl1sd00","6","FAAt705","BEA_API"
1967,6,"Office",1328,"i3gtotl1sd00","6","FAAt705","BEA_API"
1968,6,"Office",1536,"i3gtotl1sd00","6","FAAt705","BEA_API"
1969,6,"Office",1894,"i3gtotl1sd00","6","FAAt705","BEA_API"
1970,6,"Office",1465,"i3gtotl1sd00","6","FAAt705","BEA_API"
1971,6,"Office",1646,"i3gtotl1sd00","6","FAAt705","BEA_API"
1972,6,"Office",1763,"i3gtotl1sd00","6","FAAt705","BEA_API"
1973,6,"Office",2183,"i3gtotl1sd00","6","FAAt705","BEA_API"
1974,6,"Office",2652,"i3gtotl1sd00","6","FAAt705","BEA_API"
1975,6,"Office",3491,"i3gtotl1sd00","6","FAAt705","BEA_API"
1976,6,"Office",3545,"i3gtotl1sd00","6","FAAt705","BEA_API"
1977,6,"Office",3296,"i3gtotl1sd00","6","FAAt705","BEA_API"
1978,6,"Office",3853,"i3gtotl1sd00","6","FAAt705","BEA_API"
1979,6,"Office",3965,"i3gtotl1sd00","6","FAAt705","BEA_API"
1980,6,"Office",4381,"i3gtotl1sd00","6","FAAt705","BEA_API"
1981,6,"Office",4658,"i3gtotl1sd00","6","FAAt705","BEA_API"
1982,6,"Office",4424,"i3gtotl1sd00","6","FAAt705","BEA_API"
1983,6,"Office",4516,"i3gtotl1sd00","6","FAAt705","BEA_API"
1984,6,"Office",4821,"i3gtotl1sd00","6","FAAt705","BEA_API"
1985,6,"Office",5272,"i3gtotl1sd00","6","FAAt705","BEA_API"
1986,6,"Office",6476,"i3gtotl1sd00","6","FAAt705","BEA_API"
1987,6,"Office",6965,"i3gtotl1sd00","6","FAAt705","BEA_API"
1988,6,"Office",6301,"i3gtotl1sd00","6","FAAt705","BEA_API"
1989,6,"Office",7121,"i3gtotl1sd00","6","FAAt705","BEA_API"
1990,6,"Office",8361,"i3gtotl1sd00","6","FAAt705","BEA_API"
1991,6,"Office",8883,"i3gtotl1sd00","6","FAAt705","BEA_API"
1992,6,"Office",8709,"i3gtotl1sd00","6","FAAt705","BEA_API"
1993,6,"Office",9309,"i3gtotl1sd00","6","FAAt705","BEA_API"
1994,6,"Office",9878,"i3gtotl1sd00","6","FAAt705","BEA_API"
1995,6,"Office",11240,"i3gtotl1sd00","6","FAAt705","BEA_API"
1996,6,"Office",13381,"i3gtotl1sd00","6","FAAt705","BEA_API"
1997,6,"Office",13324,"i3gtotl1sd00","6","FAAt705","BEA_API"
1998,6,"Office",15289,"i3gtotl1sd00","6","FAAt705","BEA_API"
1999,6,"Office",16713,"i3gtotl1sd00","6","FAAt705","BEA_API"
2000,6,"Office",16821,"i3gtotl1sd00","6","FAAt705","BEA_API"
2001,6,"Office",16321,"i3gtotl1sd00","6","FAAt705","BEA_API"
2002,6,"Office",21291,"i3gtotl1sd00","6","FAAt705","BEA_API"
2003,6,"Office",22507,"i3gtotl1sd00","6","FAAt705","BEA_API"
2004,6,"Office",23078,"i3gtotl1sd00","6","FAAt705","BEA_API"
2005,6,"Office",22561,"i3gtotl1sd00","6","FAAt705","BEA_API"
2006,6,"Office",23503,"i3gtotl1sd00","6","FAAt705","BEA_API"
2007,6,"Office",25608,"i3gtotl1sd00","6","FAAt705","BEA_API"
2008,6,"Office",26715,"i3gtotl1sd00","6","FAAt705","BEA_API"
2009,6,"Office",26834,"i3gtotl1sd00","6","FAAt705","BEA_API"
2010,6,"Office",26406,"i3gtotl1sd00","6","FAAt705","BEA_API"
2011,6,"Office",26286,"i3gtotl1sd00","6","FAAt705","BEA_API"
2012,6,"Office",25385,"i3gtotl1sd00","6","FAAt705","BEA_API"
2013,6,"Office",23305,"i3gtotl1sd00","6","FAAt705","BEA_API"
2014,6,"Office",23393,"i3gtotl1sd00","6","FAAt705","BEA_API"
2015,6,"Office",23328,"i3gtotl1sd00","6","FAAt705","BEA_API"
2016,6,"Office",23260,"i3gtotl1sd00","6","FAAt705","BEA_API"
2017,6,"Office",23993,"i3gtotl1sd00","6","FAAt705","BEA_API"
2018,6,"Office",26230,"i3gtotl1sd00","6","FAAt705","BEA_API"
2019,6,"Office",26717,"i3gtotl1sd00","6","FAAt705","BEA_API"
2020,6,"Office",27127,"i3gtotl1sd00","6","FAAt705","BEA_API"
2021,6,"Office",29214,"i3gtotl1sd00","6","FAAt705","BEA_API"
2022,6,"Office",31835,"i3gtotl1sd00","6","FAAt705","BEA_API"
2023,6,"Office",36990,"i3gtotl1sd00","6","FAAt705","BEA_API"
2024,6,"Office",39768,"i3gtotl1sd00","6","FAAt705","BEA_API"
1901,7,"Commercial",9,"i3gtotl1se00","6","FAAt705","BEA_API"
1902,7,"Commercial",9,"i3gtotl1se00","6","FAAt705","BEA_API"
1903,7,"Commercial",9,"i3gtotl1se00","6","FAAt705","BEA_API"
1904,7,"Commercial",11,"i3gtotl1se00","6","FAAt705","BEA_API"
1905,7,"Commercial",12,"i3gtotl1se00","6","FAAt705","BEA_API"
1906,7,"Commercial",12,"i3gtotl1se00","6","FAAt705","BEA_API"
1907,7,"Commercial",12,"i3gtotl1se00","6","FAAt705","BEA_API"
1908,7,"Commercial",12,"i3gtotl1se00","6","FAAt705","BEA_API"
1909,7,"Commercial",14,"i3gtotl1se00","6","FAAt705","BEA_API"
1910,7,"Commercial",16,"i3gtotl1se00","6","FAAt705","BEA_API"
1911,7,"Commercial",12,"i3gtotl1se00","6","FAAt705","BEA_API"
1912,7,"Commercial",12,"i3gtotl1se00","6","FAAt705","BEA_API"
1913,7,"Commercial",12,"i3gtotl1se00","6","FAAt705","BEA_API"
1914,7,"Commercial",10,"i3gtotl1se00","6","FAAt705","BEA_API"
1915,7,"Commercial",15,"i3gtotl1se00","6","FAAt705","BEA_API"
1916,7,"Commercial",14,"i3gtotl1se00","6","FAAt705","BEA_API"
1917,7,"Commercial",16,"i3gtotl1se00","6","FAAt705","BEA_API"
1918,7,"Commercial",16,"i3gtotl1se00","6","FAAt705","BEA_API"
1919,7,"Commercial",14,"i3gtotl1se00","6","FAAt705","BEA_API"
1920,7,"Commercial",7,"i3gtotl1se00","6","FAAt705","BEA_API"
1921,7,"Commercial",15,"i3gtotl1se00","6","FAAt705","BEA_API"
1922,7,"Commercial",18,"i3gtotl1se00","6","FAAt705","BEA_API"
1923,7,"Commercial",43,"i3gtotl1se00","6","FAAt705","BEA_API"
1924,7,"Commercial",11,"i3gtotl1se00","6","FAAt705","BEA_API"
1925,7,"Commercial",11,"i3gtotl1se00","6","FAAt705","BEA_API"
1926,7,"Commercial",20,"i3gtotl1se00","6","FAAt705","BEA_API"
1927,7,"Commercial",19,"i3gtotl1se00","6","FAAt705","BEA_API"
1928,7,"Commercial",17,"i3gtotl1se00","6","FAAt705","BEA_API"
1929,7,"Commercial",24,"i3gtotl1se00","6","FAAt705","BEA_API"
1930,7,"Commercial",29,"i3gtotl1se00","6","FAAt705","BEA_API"
1931,7,"Commercial",37,"i3gtotl1se00","6","FAAt705","BEA_API"
1932,7,"Commercial",41,"i3gtotl1se00","6","FAAt705","BEA_API"
1933,7,"Commercial",61,"i3gtotl1se00","6","FAAt705","BEA_API"
1934,7,"Commercial",72,"i3gtotl1se00","6","FAAt705","BEA_API"
1935,7,"Commercial",99,"i3gtotl1se00","6","FAAt705","BEA_API"
1936,7,"Commercial",135,"i3gtotl1se00","6","FAAt705","BEA_API"
1937,7,"Commercial",129,"i3gtotl1se00","6","FAAt705","BEA_API"
1938,7,"Commercial",124,"i3gtotl1se00","6","FAAt705","BEA_API"
1939,7,"Commercial",82,"i3gtotl1se00","6","FAAt705","BEA_API"
1940,7,"Commercial",25,"i3gtotl1se00","6","FAAt705","BEA_API"
1941,7,"Commercial",39,"i3gtotl1se00","6","FAAt705","BEA_API"
1942,7,"Commercial",22,"i3gtotl1se00","6","FAAt705","BEA_API"
1943,7,"Commercial",3,"i3gtotl1se00","6","FAAt705","BEA_API"
1944,7,"Commercial",0,"i3gtotl1se00","6","FAAt705","BEA_API"
1945,7,"Commercial",-6,"i3gtotl1se00","6","FAAt705","BEA_API"
1946,7,"Commercial",-134,"i3gtotl1se00","6","FAAt705","BEA_API"
1947,7,"Commercial",-94,"i3gtotl1se00","6","FAAt705","BEA_API"
1948,7,"Commercial",-35,"i3gtotl1se00","6","FAAt705","BEA_API"
1949,7,"Commercial",35,"i3gtotl1se00","6","FAAt705","BEA_API"
1950,7,"Commercial",49,"i3gtotl1se00","6","FAAt705","BEA_API"
1951,7,"Commercial",46,"i3gtotl1se00","6","FAAt705","BEA_API"
1952,7,"Commercial",37,"i3gtotl1se00","6","FAAt705","BEA_API"
1953,7,"Commercial",48,"i3gtotl1se00","6","FAAt705","BEA_API"
1954,7,"Commercial",44,"i3gtotl1se00","6","FAAt705","BEA_API"
1955,7,"Commercial",-31,"i3gtotl1se00","6","FAAt705","BEA_API"
1956,7,"Commercial",49,"i3gtotl1se00","6","FAAt705","BEA_API"
1957,7,"Commercial",84,"i3gtotl1se00","6","FAAt705","BEA_API"
1958,7,"Commercial",162,"i3gtotl1se00","6","FAAt705","BEA_API"
1959,7,"Commercial",97,"i3gtotl1se00","6","FAAt705","BEA_API"
1960,7,"Commercial",94,"i3gtotl1se00","6","FAAt705","BEA_API"
1961,7,"Commercial",93,"i3gtotl1se00","6","FAAt705","BEA_API"
1962,7,"Commercial",124,"i3gtotl1se00","6","FAAt705","BEA_API"
1963,7,"Commercial",174,"i3gtotl1se00","6","FAAt705","BEA_API"
1964,7,"Commercial",228,"i3gtotl1se00","6","FAAt705","BEA_API"
1965,7,"Commercial",253,"i3gtotl1se00","6","FAAt705","BEA_API"
1966,7,"Commercial",232,"i3gtotl1se00","6","FAAt705","BEA_API"
1967,7,"Commercial",169,"i3gtotl1se00","6","FAAt705","BEA_API"
1968,7,"Commercial",128,"i3gtotl1se00","6","FAAt705","BEA_API"
1969,7,"Commercial",129,"i3gtotl1se00","6","FAAt705","BEA_API"
1970,7,"Commercial",118,"i3gtotl1se00","6","FAAt705","BEA_API"
1971,7,"Commercial",128,"i3gtotl1se00","6","FAAt705","BEA_API"
1972,7,"Commercial",152,"i3gtotl1se00","6","FAAt705","BEA_API"
1973,7,"Commercial",191,"i3gtotl1se00","6","FAAt705","BEA_API"
1974,7,"Commercial",230,"i3gtotl1se00","6","FAAt705","BEA_API"
1975,7,"Commercial",238,"i3gtotl1se00","6","FAAt705","BEA_API"
1976,7,"Commercial",340,"i3gtotl1se00","6","FAAt705","BEA_API"
1977,7,"Commercial",215,"i3gtotl1se00","6","FAAt705","BEA_API"
1978,7,"Commercial",261,"i3gtotl1se00","6","FAAt705","BEA_API"
1979,7,"Commercial",194,"i3gtotl1se00","6","FAAt705","BEA_API"
1980,7,"Commercial",313,"i3gtotl1se00","6","FAAt705","BEA_API"
1981,7,"Commercial",382,"i3gtotl1se00","6","FAAt705","BEA_API"
1982,7,"Commercial",311,"i3gtotl1se00","6","FAAt705","BEA_API"
1983,7,"Commercial",348,"i3gtotl1se00","6","FAAt705","BEA_API"
1984,7,"Commercial",489,"i3gtotl1se00","6","FAAt705","BEA_API"
1985,7,"Commercial",704,"i3gtotl1se00","6","FAAt705","BEA_API"
1986,7,"Commercial",1214,"i3gtotl1se00","6","FAAt705","BEA_API"
1987,7,"Commercial",1378,"i3gtotl1se00","6","FAAt705","BEA_API"
1988,7,"Commercial",435,"i3gtotl1se00","6","FAAt705","BEA_API"
1989,7,"Commercial",467,"i3gtotl1se00","6","FAAt705","BEA_API"
1990,7,"Commercial",762,"i3gtotl1se00","6","FAAt705","BEA_API"
1991,7,"Commercial",748,"i3gtotl1se00","6","FAAt705","BEA_API"
1992,7,"Commercial",635,"i3gtotl1se00","6","FAAt705","BEA_API"
1993,7,"Commercial",535,"i3gtotl1se00","6","FAAt705","BEA_API"
1994,7,"Commercial",217,"i3gtotl1se00","6","FAAt705","BEA_API"
1995,7,"Commercial",406,"i3gtotl1se00","6","FAAt705","BEA_API"
1996,7,"Commercial",765,"i3gtotl1se00","6","FAAt705","BEA_API"
1997,7,"Commercial",705,"i3gtotl1se00","6","FAAt705","BEA_API"
1998,7,"Commercial",1474,"i3gtotl1se00","6","FAAt705","BEA_API"
1999,7,"Commercial",1567,"i3gtotl1se00","6","FAAt705","BEA_API"
2000,7,"Commercial",438,"i3gtotl1se00","6","FAAt705","BEA_API"
2001,7,"Commercial",447,"i3gtotl1se00","6","FAAt705","BEA_API"
2002,7,"Commercial",844,"i3gtotl1se00","6","FAAt705","BEA_API"
2003,7,"Commercial",1052,"i3gtotl1se00","6","FAAt705","BEA_API"
2004,7,"Commercial",971,"i3gtotl1se00","6","FAAt705","BEA_API"
2005,7,"Commercial",361,"i3gtotl1se00","6","FAAt705","BEA_API"
2006,7,"Commercial",1018,"i3gtotl1se00","6","FAAt705","BEA_API"
2007,7,"Commercial",1685,"i3gtotl1se00","6","FAAt705","BEA_API"
2008,7,"Commercial",2070,"i3gtotl1se00","6","FAAt705","BEA_API"
2009,7,"Commercial",1505,"i3gtotl1se00","6","FAAt705","BEA_API"
2010,7,"Commercial",1884,"i3gtotl1se00","6","FAAt705","BEA_API"
2011,7,"Commercial",1439,"i3gtotl1se00","6","FAAt705","BEA_API"
2012,7,"Commercial",1333,"i3gtotl1se00","6","FAAt705","BEA_API"
2013,7,"Commercial",760,"i3gtotl1se00","6","FAAt705","BEA_API"
2014,7,"Commercial",899,"i3gtotl1se00","6","FAAt705","BEA_API"
2015,7,"Commercial",792,"i3gtotl1se00","6","FAAt705","BEA_API"
2016,7,"Commercial",755,"i3gtotl1se00","6","FAAt705","BEA_API"
2017,7,"Commercial",268,"i3gtotl1se00","6","FAAt705","BEA_API"
2018,7,"Commercial",1297,"i3gtotl1se00","6","FAAt705","BEA_API"
2019,7,"Commercial",1403,"i3gtotl1se00","6","FAAt705","BEA_API"
2020,7,"Commercial",458,"i3gtotl1se00","6","FAAt705","BEA_API"
2021,7,"Commercial",1159,"i3gtotl1se00","6","FAAt705","BEA_API"
2022,7,"Commercial",1739,"i3gtotl1se00","6","FAAt705","BEA_API"
2023,7,"Commercial",1742,"i3gtotl1se00","6","FAAt705","BEA_API"
2024,7,"Commercial",1001,"i3gtotl1se00","6","FAAt705","BEA_API"
1901,8,"Health care",10,"i3gtotl1sf00","6","FAAt705","BEA_API"
1902,8,"Health care",8,"i3gtotl1sf00","6","FAAt705","BEA_API"
1903,8,"Health care",11,"i3gtotl1sf00","6","FAAt705","BEA_API"
1904,8,"Health care",11,"i3gtotl1sf00","6","FAAt705","BEA_API"
1905,8,"Health care",11,"i3gtotl1sf00","6","FAAt705","BEA_API"
1906,8,"Health care",12,"i3gtotl1sf00","6","FAAt705","BEA_API"
1907,8,"Health care",15,"i3gtotl1sf00","6","FAAt705","BEA_API"
1908,8,"Health care",18,"i3gtotl1sf00","6","FAAt705","BEA_API"
1909,8,"Health care",16,"i3gtotl1sf00","6","FAAt705","BEA_API"
1910,8,"Health care",18,"i3gtotl1sf00","6","FAAt705","BEA_API"
1911,8,"Health care",20,"i3gtotl1sf00","6","FAAt705","BEA_API"
1912,8,"Health care",19,"i3gtotl1sf00","6","FAAt705","BEA_API"
1913,8,"Health care",20,"i3gtotl1sf00","6","FAAt705","BEA_API"
1914,8,"Health care",21,"i3gtotl1sf00","6","FAAt705","BEA_API"
1915,8,"Health care",24,"i3gtotl1sf00","6","FAAt705","BEA_API"
1916,8,"Health care",23,"i3gtotl1sf00","6","FAAt705","BEA_API"
1917,8,"Health care",21,"i3gtotl1sf00","6","FAAt705","BEA_API"
1918,8,"Health care",21,"i3gtotl1sf00","6","FAAt705","BEA_API"
1919,8,"Health care",28,"i3gtotl1sf00","6","FAAt705","BEA_API"
1920,8,"Health care",34,"i3gtotl1sf00","6","FAAt705","BEA_API"
1921,8,"Health care",41,"i3gtotl1sf00","6","FAAt705","BEA_API"
1922,8,"Health care",61,"i3gtotl1sf00","6","FAAt705","BEA_API"
1923,8,"Health care",56,"i3gtotl1sf00","6","FAAt705","BEA_API"
1924,8,"Health care",61,"i3gtotl1sf00","6","FAAt705","BEA_API"
1925,8,"Health care",62,"i3gtotl1sf00","6","FAAt705","BEA_API"
1926,8,"Health care",69,"i3gtotl1sf00","6","FAAt705","BEA_API"
1927,8,"Health care",81,"i3gtotl1sf00","6","FAAt705","BEA_API"
1928,8,"Health care",110,"i3gtotl1sf00","6","FAAt705","BEA_API"
1929,8,"Health care",104,"i3gtotl1sf00","6","FAAt705","BEA_API"
1930,8,"Health care",120,"i3gtotl1sf00","6","FAAt705","BEA_API"
1931,8,"Health care",111,"i3gtotl1sf00","6","FAAt705","BEA_API"
1932,8,"Health care",80,"i3gtotl1sf00","6","FAAt705","BEA_API"
1933,8,"Health care",48,"i3gtotl1sf00","6","FAAt705","BEA_API"
1934,8,"Health care",53,"i3gtotl1sf00","6","FAAt705","BEA_API"
1935,8,"Health care",42,"i3gtotl1sf00","6","FAAt705","BEA_API"
1936,8,"Health care",77,"i3gtotl1sf00","6","FAAt705","BEA_API"
1937,8,"Health care",76,"i3gtotl1sf00","6","FAAt705","BEA_API"
1938,8,"Health care",99,"i3gtotl1sf00","6","FAAt705","BEA_API"
1939,8,"Health care",131,"i3gtotl1sf00","6","FAAt705","BEA_API"
1940,8,"Health care",53,"i3gtotl1sf00","6","FAAt705","BEA_API"
1941,8,"Health care",41,"i3gtotl1sf00","6","FAAt705","BEA_API"
1942,8,"Health care",33,"i3gtotl1sf00","6","FAAt705","BEA_API"
1943,8,"Health care",40,"i3gtotl1sf00","6","FAAt705","BEA_API"
1944,8,"Health care",50,"i3gtotl1sf00","6","FAAt705","BEA_API"
1945,8,"Health care",66,"i3gtotl1sf00","6","FAAt705","BEA_API"
1946,8,"Health care",77,"i3gtotl1sf00","6","FAAt705","BEA_API"
1947,8,"Health care",108,"i3gtotl1sf00","6","FAAt705","BEA_API"
1948,8,"Health care",297,"i3gtotl1sf00","6","FAAt705","BEA_API"
1949,8,"Health care",631,"i3gtotl1sf00","6","FAAt705","BEA_API"
1950,8,"Health care",664,"i3gtotl1sf00","6","FAAt705","BEA_API"
1951,8,"Health care",586,"i3gtotl1sf00","6","FAAt705","BEA_API"
1952,8,"Health care",533,"i3gtotl1sf00","6","FAAt705","BEA_API"
1953,8,"Health care",396,"i3gtotl1sf00","6","FAAt705","BEA_API"
1954,8,"Health care",372,"i3gtotl1sf00","6","FAAt705","BEA_API"
1955,8,"Health care",346,"i3gtotl1sf00","6","FAAt705","BEA_API"
1956,8,"Health care",361,"i3gtotl1sf00","6","FAAt705","BEA_API"
1957,8,"Health care",419,"i3gtotl1sf00","6","FAAt705","BEA_API"
1958,8,"Health care",458,"i3gtotl1sf00","6","FAAt705","BEA_API"
1959,8,"Health care",510,"i3gtotl1sf00","6","FAAt705","BEA_API"
1960,8,"Health care",477,"i3gtotl1sf00","6","FAAt705","BEA_API"
1961,8,"Health care",452,"i3gtotl1sf00","6","FAAt705","BEA_API"
1962,8,"Health care",483,"i3gtotl1sf00","6","FAAt705","BEA_API"
1963,8,"Health care",496,"i3gtotl1sf00","6","FAAt705","BEA_API"
1964,8,"Health care",536,"i3gtotl1sf00","6","FAAt705","BEA_API"
1965,8,"Health care",612,"i3gtotl1sf00","6","FAAt705","BEA_API"
1966,8,"Health care",594,"i3gtotl1sf00","6","FAAt705","BEA_API"
1967,8,"Health care",732,"i3gtotl1sf00","6","FAAt705","BEA_API"
1968,8,"Health care",825,"i3gtotl1sf00","6","FAAt705","BEA_API"
1969,8,"Health care",908,"i3gtotl1sf00","6","FAAt705","BEA_API"
1970,8,"Health care",951,"i3gtotl1sf00","6","FAAt705","BEA_API"
1971,8,"Health care",1361,"i3gtotl1sf00","6","FAAt705","BEA_API"
1972,8,"Health care",1314,"i3gtotl1sf00","6","FAAt705","BEA_API"
1973,8,"Health care",1308,"i3gtotl1sf00","6","FAAt705","BEA_API"
1974,8,"Health care",1691,"i3gtotl1sf00","6","FAAt705","BEA_API"
1975,8,"Health care",1867,"i3gtotl1sf00","6","FAAt705","BEA_API"
1976,8,"Health care",2140,"i3gtotl1sf00","6","FAAt705","BEA_API"
1977,8,"Health care",2074,"i3gtotl1sf00","6","FAAt705","BEA_API"
1978,8,"Health care",2109,"i3gtotl1sf00","6","FAAt705","BEA_API"
1979,8,"Health care",2271,"i3gtotl1sf00","6","FAAt705","BEA_API"
1980,8,"Health care",2625,"i3gtotl1sf00","6","FAAt705","BEA_API"
1981,8,"Health care",2643,"i3gtotl1sf00","6","FAAt705","BEA_API"
1982,8,"Health care",2635,"i3gtotl1sf00","6","FAAt705","BEA_API"
1983,8,"Health care",2425,"i3gtotl1sf00","6","FAAt705","BEA_API"
1984,8,"Health care",2521,"i3gtotl1sf00","6","FAAt705","BEA_API"
1985,8,"Health care",2560,"i3gtotl1sf00","6","FAAt705","BEA_API"
1986,8,"Health care",2761,"i3gtotl1sf00","6","FAAt705","BEA_API"
1987,8,"Health care",3076,"i3gtotl1sf00","6","FAAt705","BEA_API"
1988,8,"Health care",3016,"i3gtotl1sf00","6","FAAt705","BEA_API"
1989,8,"Health care",3049,"i3gtotl1sf00","6","FAAt705","BEA_API"
1990,8,"Health care",3480,"i3gtotl1sf00","6","FAAt705","BEA_API"
1991,8,"Health care",3626,"i3gtotl1sf00","6","FAAt705","BEA_API"
1992,8,"Health care",4067,"i3gtotl1sf00","6","FAAt705","BEA_API"
1993,8,"Health care",4327,"i3gtotl1sf00","6","FAAt705","BEA_API"
1994,8,"Health care",4078,"i3gtotl1sf00","6","FAAt705","BEA_API"
1995,8,"Health care",4283,"i3gtotl1sf00","6","FAAt705","BEA_API"
1996,8,"Health care",4448,"i3gtotl1sf00","6","FAAt705","BEA_API"
1997,8,"Health care",4649,"i3gtotl1sf00","6","FAAt705","BEA_API"
1998,8,"Health care",4366,"i3gtotl1sf00","6","FAAt705","BEA_API"
1999,8,"Health care",3974,"i3gtotl1sf00","6","FAAt705","BEA_API"
2000,8,"Health care",3772,"i3gtotl1sf00","6","FAAt705","BEA_API"
2001,8,"Health care",4160,"i3gtotl1sf00","6","FAAt705","BEA_API"
2002,8,"Health care",4996,"i3gtotl1sf00","6","FAAt705","BEA_API"
2003,8,"Health care",5083,"i3gtotl1sf00","6","FAAt705","BEA_API"
2004,8,"Health care",5156,"i3gtotl1sf00","6","FAAt705","BEA_API"
2005,8,"Health care",5719,"i3gtotl1sf00","6","FAAt705","BEA_API"
2006,8,"Health care",6538,"i3gtotl1sf00","6","FAAt705","BEA_API"
2007,8,"Health care",7730,"i3gtotl1sf00","6","FAAt705","BEA_API"
2008,8,"Health care",8047,"i3gtotl1sf00","6","FAAt705","BEA_API"
2009,8,"Health care",8703,"i3gtotl1sf00","6","FAAt705","BEA_API"
2010,8,"Health care",8778,"i3gtotl1sf00","6","FAAt705","BEA_API"
2011,8,"Health care",9629,"i3gtotl1sf00","6","FAAt705","BEA_API"
2012,8,"Health care",9705,"i3gtotl1sf00","6","FAAt705","BEA_API"
2013,8,"Health care",9982,"i3gtotl1sf00","6","FAAt705","BEA_API"
2014,8,"Health care",8846,"i3gtotl1sf00","6","FAAt705","BEA_API"
2015,8,"Health care",8196,"i3gtotl1sf00","6","FAAt705","BEA_API"
2016,8,"Health care",8195,"i3gtotl1sf00","6","FAAt705","BEA_API"
2017,8,"Health care",8390,"i3gtotl1sf00","6","FAAt705","BEA_API"
2018,8,"Health care",8645,"i3gtotl1sf00","6","FAAt705","BEA_API"
2019,8,"Health care",8653,"i3gtotl1sf00","6","FAAt705","BEA_API"
2020,8,"Health care",9178,"i3gtotl1sf00","6","FAAt705","BEA_API"
2021,8,"Health care",9587,"i3gtotl1sf00","6","FAAt705","BEA_API"
2022,8,"Health care",10691,"i3gtotl1sf00","6","FAAt705","BEA_API"
2023,8,"Health care",12581,"i3gtotl1sf00","6","FAAt705","BEA_API"
2024,8,"Health care",13353,"i3gtotl1sf00","6","FAAt705","BEA_API"
1901,9,"Educational",61,"i3gtotl1sg00","6","FAAt705","BEA_API"
1902,9,"Educational",52,"i3gtotl1sg00","6","FAAt705","BEA_API"
1903,9,"Educational",71,"i3gtotl1sg00","6","FAAt705","BEA_API"
1904,9,"Educational",69,"i3gtotl1sg00","6","FAAt705","BEA_API"
1905,9,"Educational",72,"i3gtotl1sg00","6","FAAt705","BEA_API"
1906,9,"Educational",77,"i3gtotl1sg00","6","FAAt705","BEA_API"
1907,9,"Educational",93,"i3gtotl1sg00","6","FAAt705","BEA_API"
1908,9,"Educational",112,"i3gtotl1sg00","6","FAAt705","BEA_API"
1909,9,"Educational",101,"i3gtotl1sg00","6","FAAt705","BEA_API"
1910,9,"Educational",111,"i3gtotl1sg00","6","FAAt705","BEA_API"
1911,9,"Educational",124,"i3gtotl1sg00","6","FAAt705","BEA_API"
1912,9,"Educational",119,"i3gtotl1sg00","6","FAAt705","BEA_API"
1913,9,"Educational",129,"i3gtotl1sg00","6","FAAt705","BEA_API"
1914,9,"Educational",134,"i3gtotl1sg00","6","FAAt705","BEA_API"
1915,9,"Educational",149,"i3gtotl1sg00","6","FAAt705","BEA_API"
1916,9,"Educational",142,"i3gtotl1sg00","6","FAAt705","BEA_API"
1917,9,"Educational",130,"i3gtotl1sg00","6","FAAt705","BEA_API"
1918,9,"Educational",134,"i3gtotl1sg00","6","FAAt705","BEA_API"
1919,9,"Educational",171,"i3gtotl1sg00","6","FAAt705","BEA_API"
1920,9,"Educational",191,"i3gtotl1sg00","6","FAAt705","BEA_API"
1921,9,"Educational",276,"i3gtotl1sg00","6","FAAt705","BEA_API"
1922,9,"Educational",344,"i3gtotl1sg00","6","FAAt705","BEA_API"
1923,9,"Educational",348,"i3gtotl1sg00","6","FAAt705","BEA_API"
1924,9,"Educational",355,"i3gtotl1sg00","6","FAAt705","BEA_API"
1925,9,"Educational",403,"i3gtotl1sg00","6","FAAt705","BEA_API"
1926,9,"Educational",402,"i3gtotl1sg00","6","FAAt705","BEA_API"
1927,9,"Educational",369,"i3gtotl1sg00","6","FAAt705","BEA_API"
1928,9,"Educational",381,"i3gtotl1sg00","6","FAAt705","BEA_API"
1929,9,"Educational",397,"i3gtotl1sg00","6","FAAt705","BEA_API"
1930,9,"Educational",371,"i3gtotl1sg00","6","FAAt705","BEA_API"
1931,9,"Educational",291,"i3gtotl1sg00","6","FAAt705","BEA_API"
1932,9,"Educational",133,"i3gtotl1sg00","6","FAAt705","BEA_API"
1933,9,"Educational",58,"i3gtotl1sg00","6","FAAt705","BEA_API"
1934,9,"Educational",156,"i3gtotl1sg00","6","FAAt705","BEA_API"
1935,9,"Educational",163,"i3gtotl1sg00","6","FAAt705","BEA_API"
1936,9,"Educational",377,"i3gtotl1sg00","6","FAAt705","BEA_API"
1937,9,"Educational",262,"i3gtotl1sg00","6","FAAt705","BEA_API"
1938,9,"Educational",321,"i3gtotl1sg00","6","FAAt705","BEA_API"
1939,9,"Educational",481,"i3gtotl1sg00","6","FAAt705","BEA_API"
1940,9,"Educational",256,"i3gtotl1sg00","6","FAAt705","BEA_API"
1941,9,"Educational",256,"i3gtotl1sg00","6","FAAt705","BEA_API"
1942,9,"Educational",201,"i3gtotl1sg00","6","FAAt705","BEA_API"
1943,9,"Educational",130,"i3gtotl1sg00","6","FAAt705","BEA_API"
1944,9,"Educational",70,"i3gtotl1sg00","6","FAAt705","BEA_API"
1945,9,"Educational",80,"i3gtotl1sg00","6","FAAt705","BEA_API"
1946,9,"Educational",146,"i3gtotl1sg00","6","FAAt705","BEA_API"
1947,9,"Educational",273,"i3gtotl1sg00","6","FAAt705","BEA_API"
1948,9,"Educational",671,"i3gtotl1sg00","6","FAAt705","BEA_API"
1949,9,"Educational",1004,"i3gtotl1sg00","6","FAAt705","BEA_API"
1950,9,"Educational",1212,"i3gtotl1sg00","6","FAAt705","BEA_API"
1951,9,"Educational",1594,"i3gtotl1sg00","6","FAAt705","BEA_API"
1952,9,"Educational",1691,"i3gtotl1sg00","6","FAAt705","BEA_API"
1953,9,"Educational",1801,"i3gtotl1sg00","6","FAAt705","BEA_API"
1954,9,"Educational",2221,"i3gtotl1sg00","6","FAAt705","BEA_API"
1955,9,"Educational",2531,"i3gtotl1sg00","6","FAAt705","BEA_API"
1956,9,"Educational",2642,"i3gtotl1sg00","6","FAAt705","BEA_API"
1957,9,"Educational",2916,"i3gtotl1sg00","6","FAAt705","BEA_API"
1958,9,"Educational",2976,"i3gtotl1sg00","6","FAAt705","BEA_API"
1959,9,"Educational",2773,"i3gtotl1sg00","6","FAAt705","BEA_API"
1960,9,"Educational",2949,"i3gtotl1sg00","6","FAAt705","BEA_API"
1961,9,"Educational",3194,"i3gtotl1sg00","6","FAAt705","BEA_API"
1962,9,"Educational",3151,"i3gtotl1sg00","6","FAAt705","BEA_API"
1963,9,"Educational",3666,"i3gtotl1sg00","6","FAAt705","BEA_API"
1964,9,"Educational",4007,"i3gtotl1sg00","6","FAAt705","BEA_API"
1965,9,"Educational",4541,"i3gtotl1sg00","6","FAAt705","BEA_API"
1966,9,"Educational",5598,"i3gtotl1sg00","6","FAAt705","BEA_API"
1967,9,"Educational",6256,"i3gtotl1sg00","6","FAAt705","BEA_API"
1968,9,"Educational",6329,"i3gtotl1sg00","6","FAAt705","BEA_API"
1969,9,"Educational",6119,"i3gtotl1sg00","6","FAAt705","BEA_API"
1970,9,"Educational",5873,"i3gtotl1sg00","6","FAAt705","BEA_API"
1971,9,"Educational",5843,"i3gtotl1sg00","6","FAAt705","BEA_API"
1972,9,"Educational",6003,"i3gtotl1sg00","6","FAAt705","BEA_API"
1973,9,"Educational",6954,"i3gtotl1sg00","6","FAAt705","BEA_API"
1974,9,"Educational",7676,"i3gtotl1sg00","6","FAAt705","BEA_API"
1975,9,"Educational",7813,"i3gtotl1sg00","6","FAAt705","BEA_API"
1976,9,"Educational",7332,"i3gtotl1sg00","6","FAAt705","BEA_API"
1977,9,"Educational",6414,"i3gtotl1sg00","6","FAAt705","BEA_API"
1978,9,"Educational",6990,"i3gtotl1sg00","6","FAAt705","BEA_API"
1979,9,"Educational",7628,"i3gtotl1sg00","6","FAAt705","BEA_API"
1980,9,"Educational",8395,"i3gtotl1sg00","6","FAAt705","BEA_API"
1981,9,"Educational",7880,"i3gtotl1sg00","6","FAAt705","BEA_API"
1982,9,"Educational",7508,"i3gtotl1sg00","6","FAAt705","BEA_API"
1983,9,"Educational",7345,"i3gtotl1sg00","6","FAAt705","BEA_API"
1984,9,"Educational",8378,"i3gtotl1sg00","6","FAAt705","BEA_API"
1985,9,"Educational",9586,"i3gtotl1sg00","6","FAAt705","BEA_API"
1986,9,"Educational",11008,"i3gtotl1sg00","6","FAAt705","BEA_API"
1987,9,"Educational",11295,"i3gtotl1sg00","6","FAAt705","BEA_API"
1988,9,"Educational",13461,"i3gtotl1sg00","6","FAAt705","BEA_API"
1989,9,"Educational",15327,"i3gtotl1sg00","6","FAAt705","BEA_API"
1990,9,"Educational",16777,"i3gtotl1sg00","6","FAAt705","BEA_API"
1991,9,"Educational",19968,"i3gtotl1sg00","6","FAAt705","BEA_API"
1992,9,"Educational",21238,"i3gtotl1sg00","6","FAAt705","BEA_API"
1993,9,"Educational",20146,"i3gtotl1sg00","6","FAAt705","BEA_API"
1994,9,"Educational",21394,"i3gtotl1sg00","6","FAAt705","BEA_API"
1995,9,"Educational",26831,"i3gtotl1sg00","6","FAAt705","BEA_API"
1996,9,"Educational",29666,"i3gtotl1sg00","6","FAAt705","BEA_API"
1997,9,"Educational",33159,"i3gtotl1sg00","6","FAAt705","BEA_API"
1998,9,"Educational",37038,"i3gtotl1sg00","6","FAAt705","BEA_API"
1999,9,"Educational",41823,"i3gtotl1sg00","6","FAAt705","BEA_API"
2000,9,"Educational",46532,"i3gtotl1sg00","6","FAAt705","BEA_API"
2001,9,"Educational",52820,"i3gtotl1sg00","6","FAAt705","BEA_API"
2002,9,"Educational",55689,"i3gtotl1sg00","6","FAAt705","BEA_API"
2003,9,"Educational",58467,"i3gtotl1sg00","6","FAAt705","BEA_API"
2004,9,"Educational",61751,"i3gtotl1sg00","6","FAAt705","BEA_API"
2005,9,"Educational",65975,"i3gtotl1sg00","6","FAAt705","BEA_API"
2006,9,"Educational",72341,"i3gtotl1sg00","6","FAAt705","BEA_API"
2007,9,"Educational",78066,"i3gtotl1sg00","6","FAAt705","BEA_API"
2008,9,"Educational",82106,"i3gtotl1sg00","6","FAAt705","BEA_API"
2009,9,"Educational",79618,"i3gtotl1sg00","6","FAAt705","BEA_API"
2010,9,"Educational",73562,"i3gtotl1sg00","6","FAAt705","BEA_API"
2011,9,"Educational",70131,"i3gtotl1sg00","6","FAAt705","BEA_API"
2012,9,"Educational",66336,"i3gtotl1sg00","6","FAAt705","BEA_API"
2013,9,"Educational",64033,"i3gtotl1sg00","6","FAAt705","BEA_API"
2014,9,"Educational",66030,"i3gtotl1sg00","6","FAAt705","BEA_API"
2015,9,"Educational",72111,"i3gtotl1sg00","6","FAAt705","BEA_API"
2016,9,"Educational",78188,"i3gtotl1sg00","6","FAAt705","BEA_API"
2017,9,"Educational",83133,"i3gtotl1sg00","6","FAAt705","BEA_API"
2018,9,"Educational",88757,"i3gtotl1sg00","6","FAAt705","BEA_API"
2019,9,"Educational",95715,"i3gtotl1sg00","6","FAAt705","BEA_API"
2020,9,"Educational",95185,"i3gtotl1sg00","6","FAAt705","BEA_API"
2021,9,"Educational",92268,"i3gtotl1sg00","6","FAAt705","BEA_API"
2022,9,"Educational",99359,"i3gtotl1sg00","6","FAAt705","BEA_API"
2023,9,"Educational",115546,"i3gtotl1sg00","6","FAAt705","BEA_API"
2024,9,"Educational",126555,"i3gtotl1sg00","6","FAAt705","BEA_API"
1901,10,"Public safety",2,"i3gtotl1si00","6","FAAt705","BEA_API"
1902,10,"Public safety",2,"i3gtotl1si00","6","FAAt705","BEA_API"
1903,10,"Public safety",2,"i3gtotl1si00","6","FAAt705","BEA_API"
1904,10,"Public safety",2,"i3gtotl1si00","6","FAAt705","BEA_API"
1905,10,"Public safety",2,"i3gtotl1si00","6","FAAt705","BEA_API"
1906,10,"Public safety",2,"i3gtotl1si00","6","FAAt705","BEA_API"
1907,10,"Public safety",3,"i3gtotl1si00","6","FAAt705","BEA_API"
1908,10,"Public safety",3,"i3gtotl1si00","6","FAAt705","BEA_API"
1909,10,"Public safety",3,"i3gtotl1si00","6","FAAt705","BEA_API"
1910,10,"Public safety",3,"i3gtotl1si00","6","FAAt705","BEA_API"
1911,10,"Public safety",4,"i3gtotl1si00","6","FAAt705","BEA_API"
1912,10,"Public safety",4,"i3gtotl1si00","6","FAAt705","BEA_API"
1913,10,"Public safety",4,"i3gtotl1si00","6","FAAt705","BEA_API"
1914,10,"Public safety",4,"i3gtotl1si00","6","FAAt705","BEA_API"
1915,10,"Public safety",4,"i3gtotl1si00","6","FAAt705","BEA_API"
1916,10,"Public safety",4,"i3gtotl1si00","6","FAAt705","BEA_API"
1917,10,"Public safety",4,"i3gtotl1si00","6","FAAt705","BEA_API"
1918,10,"Public safety",4,"i3gtotl1si00","6","FAAt705","BEA_API"
1919,10,"Public safety",5,"i3gtotl1si00","6","FAAt705","BEA_API"
1920,10,"Public safety",8,"i3gtotl1si00","6","FAAt705","BEA_API"
1921,10,"Public safety",9,"i3gtotl1si00","6","FAAt705","BEA_API"
1922,10,"Public safety",9,"i3gtotl1si00","6","FAAt705","BEA_API"
1923,10,"Public safety",10,"i3gtotl1si00","6","FAAt705","BEA_API"
1924,10,"Public safety",11,"i3gtotl1si00","6","FAAt705","BEA_API"
1925,10,"Public safety",17,"i3gtotl1si00","6","FAAt705","BEA_API"
1926,10,"Public safety",20,"i3gtotl1si00","6","FAAt705","BEA_API"
1927,10,"Public safety",22,"i3gtotl1si00","6","FAAt705","BEA_API"
1928,10,"Public safety",22,"i3gtotl1si00","6","FAAt705","BEA_API"
1929,10,"Public safety",25,"i3gtotl1si00","6","FAAt705","BEA_API"
1930,10,"Public safety",24,"i3gtotl1si00","6","FAAt705","BEA_API"
1931,10,"Public safety",27,"i3gtotl1si00","6","FAAt705","BEA_API"
1932,10,"Public safety",14,"i3gtotl1si00","6","FAAt705","BEA_API"
1933,10,"Public safety",8,"i3gtotl1si00","6","FAAt705","BEA_API"
1934,10,"Public safety",19,"i3gtotl1si00","6","FAAt705","BEA_API"
1935,10,"Public safety",16,"i3gtotl1si00","6","FAAt705","BEA_API"
1936,10,"Public safety",33,"i3gtotl1si00","6","FAAt705","BEA_API"
1937,10,"Public safety",26,"i3gtotl1si00","6","FAAt705","BEA_API"
1938,10,"Public safety",32,"i3gtotl1si00","6","FAAt705","BEA_API"
1939,10,"Public safety",51,"i3gtotl1si00","6","FAAt705","BEA_API"
1940,10,"Public safety",57,"i3gtotl1si00","6","FAAt705","BEA_API"
1941,10,"Public safety",43,"i3gtotl1si00","6","FAAt705","BEA_API"
1942,10,"Public safety",26,"i3gtotl1si00","6","FAAt705","BEA_API"
1943,10,"Public safety",25,"i3gtotl1si00","6","FAAt705","BEA_API"
1944,10,"Public safety",14,"i3gtotl1si00","6","FAAt705","BEA_API"
1945,10,"Public safety",13,"i3gtotl1si00","6","FAAt705","BEA_API"
1946,10,"Public safety",19,"i3gtotl1si00","6","FAAt705","BEA_API"
1947,10,"Public safety",72,"i3gtotl1si00","6","FAAt705","BEA_API"
1948,10,"Public safety",63,"i3gtotl1si00","6","FAAt705","BEA_API"
1949,10,"Public safety",88,"i3gtotl1si00","6","FAAt705","BEA_API"
1950,10,"Public safety",105,"i3gtotl1si00","6","FAAt705","BEA_API"
1951,10,"Public safety",93,"i3gtotl1si00","6","FAAt705","BEA_API"
1952,10,"Public safety",75,"i3gtotl1si00","6","FAAt705","BEA_API"
1953,10,"Public safety",92,"i3gtotl1si00","6","FAAt705","BEA_API"
1954,10,"Public safety",111,"i3gtotl1si00","6","FAAt705","BEA_API"
1955,10,"Public safety",130,"i3gtotl1si00","6","FAAt705","BEA_API"
1956,10,"Public safety",127,"i3gtotl1si00","6","FAAt705","BEA_API"
1957,10,"Public safety",155,"i3gtotl1si00","6","FAAt705","BEA_API"
1958,10,"Public safety",150,"i3gtotl1si00","6","FAAt705","BEA_API"
1959,10,"Public safety",200,"i3gtotl1si00","6","FAAt705","BEA_API"
1960,10,"Public safety",220,"i3gtotl1si00","6","FAAt705","BEA_API"
1961,10,"Public safety",259,"i3gtotl1si00","6","FAAt705","BEA_API"
1962,10,"Public safety",264,"i3gtotl1si00","6","FAAt705","BEA_API"
1963,10,"Public safety",281,"i3gtotl1si00","6","FAAt705","BEA_API"
1964,10,"Public safety",283,"i3gtotl1si00","6","FAAt705","BEA_API"
1965,10,"Public safety",298,"i3gtotl1si00","6","FAAt705","BEA_API"
1966,10,"Public safety",393,"i3gtotl1si00","6","FAAt705","BEA_API"
1967,10,"Public safety",356,"i3gtotl1si00","6","FAAt705","BEA_API"
1968,10,"Public safety",435,"i3gtotl1si00","6","FAAt705","BEA_API"
1969,10,"Public safety",498,"i3gtotl1si00","6","FAAt705","BEA_API"
1970,10,"Public safety",538,"i3gtotl1si00","6","FAAt705","BEA_API"
1971,10,"Public safety",619,"i3gtotl1si00","6","FAAt705","BEA_API"
1972,10,"Public safety",753,"i3gtotl1si00","6","FAAt705","BEA_API"
1973,10,"Public safety",717,"i3gtotl1si00","6","FAAt705","BEA_API"
1974,10,"Public safety",908,"i3gtotl1si00","6","FAAt705","BEA_API"
1975,10,"Public safety",1239,"i3gtotl1si00","6","FAAt705","BEA_API"
1976,10,"Public safety",1321,"i3gtotl1si00","6","FAAt705","BEA_API"
1977,10,"Public safety",1513,"i3gtotl1si00","6","FAAt705","BEA_API"
1978,10,"Public safety",1821,"i3gtotl1si00","6","FAAt705","BEA_API"
1979,10,"Public safety",2008,"i3gtotl1si00","6","FAAt705","BEA_API"
1980,10,"Public safety",2355,"i3gtotl1si00","6","FAAt705","BEA_API"
1981,10,"Public safety",2509,"i3gtotl1si00","6","FAAt705","BEA_API"
1982,10,"Public safety",2592,"i3gtotl1si00","6","FAAt705","BEA_API"
1983,10,"Public safety",2637,"i3gtotl1si00","6","FAAt705","BEA_API"
1984,10,"Public safety",3328,"i3gtotl1si00","6","FAAt705","BEA_API"
1985,10,"Public safety",3149,"i3gtotl1si00","6","FAAt705","BEA_API"
1986,10,"Public safety",4029,"i3gtotl1si00","6","FAAt705","BEA_API"
1987,10,"Public safety",4467,"i3gtotl1si00","6","FAAt705","BEA_API"
1988,10,"Public safety",4184,"i3gtotl1si00","6","FAAt705","BEA_API"
1989,10,"Public safety",4863,"i3gtotl1si00","6","FAAt705","BEA_API"
1990,10,"Public safety",5818,"i3gtotl1si00","6","FAAt705","BEA_API"
1991,10,"Public safety",5901,"i3gtotl1si00","6","FAAt705","BEA_API"
1992,10,"Public safety",5734,"i3gtotl1si00","6","FAAt705","BEA_API"
1993,10,"Public safety",5687,"i3gtotl1si00","6","FAAt705","BEA_API"
1994,10,"Public safety",5759,"i3gtotl1si00","6","FAAt705","BEA_API"
1995,10,"Public safety",5868,"i3gtotl1si00","6","FAAt705","BEA_API"
1996,10,"Public safety",5722,"i3gtotl1si00","6","FAAt705","BEA_API"
1997,10,"Public safety",6119,"i3gtotl1si00","6","FAAt705","BEA_API"
1998,10,"Public safety",6445,"i3gtotl1si00","6","FAAt705","BEA_API"
1999,10,"Public safety",6555,"i3gtotl1si00","6","FAAt705","BEA_API"
2000,10,"Public safety",6237,"i3gtotl1si00","6","FAAt705","BEA_API"
2001,10,"Public safety",5917,"i3gtotl1si00","6","FAAt705","BEA_API"
2002,10,"Public safety",5652,"i3gtotl1si00","6","FAAt705","BEA_API"
2003,10,"Public safety",4898,"i3gtotl1si00","6","FAAt705","BEA_API"
2004,10,"Public safety",4551,"i3gtotl1si00","6","FAAt705","BEA_API"
2005,10,"Public safety",4367,"i3gtotl1si00","6","FAAt705","BEA_API"
2006,10,"Public safety",4935,"i3gtotl1si00","6","FAAt705","BEA_API"
2007,10,"Public safety",5941,"i3gtotl1si00","6","FAAt705","BEA_API"
2008,10,"Public safety",6095,"i3gtotl1si00","6","FAAt705","BEA_API"
2009,10,"Public safety",5874,"i3gtotl1si00","6","FAAt705","BEA_API"
2010,10,"Public safety",5479,"i3gtotl1si00","6","FAAt705","BEA_API"
2011,10,"Public safety",5846,"i3gtotl1si00","6","FAAt705","BEA_API"
2012,10,"Public safety",5303,"i3gtotl1si00","6","FAAt705","BEA_API"
2013,10,"Public safety",4491,"i3gtotl1si00","6","FAAt705","BEA_API"
2014,10,"Public safety",4520,"i3gtotl1si00","6","FAAt705","BEA_API"
2015,10,"Public safety",4218,"i3gtotl1si00","6","FAAt705","BEA_API"
2016,10,"Public safety",4295,"i3gtotl1si00","6","FAAt705","BEA_API"
2017,10,"Public safety",4337,"i3gtotl1si00","6","FAAt705","BEA_API"
2018,10,"Public safety",4592,"i3gtotl1si00","6","FAAt705","BEA_API"
2019,10,"Public safety",6477,"i3gtotl1si00","6","FAAt705","BEA_API"
2020,10,"Public safety",11953,"i3gtotl1si00","6","FAAt705","BEA_API"
2021,10,"Public safety",7209,"i3gtotl1si00","6","FAAt705","BEA_API"
2022,10,"Public safety",5824,"i3gtotl1si00","6","FAAt705","BEA_API"
2023,10,"Public safety",6546,"i3gtotl1si00","6","FAAt705","BEA_API"
2024,10,"Public safety",7231,"i3gtotl1si00","6","FAAt705","BEA_API"
1901,11,"Amusement and recreation",3,"i3gtotl1sk00","6","FAAt705","BEA_API"
1902,11,"Amusement and recreation",3,"i3gtotl1sk00","6","FAAt705","BEA_API"
1903,11,"Amusement and recreation",4,"i3gtotl1sk00","6","FAAt705","BEA_API"
1904,11,"Amusement and recreation",4,"i3gtotl1sk00","6","FAAt705","BEA_API"
1905,11,"Amusement and recreation",4,"i3gtotl1sk00","6","FAAt705","BEA_API"
1906,11,"Amusement and recreation",4,"i3gtotl1sk00","6","FAAt705","BEA_API"
1907,11,"Amusement and recreation",5,"i3gtotl1sk00","6","FAAt705","BEA_API"
1908,11,"Amusement and recreation",6,"i3gtotl1sk00","6","FAAt705","BEA_API"
1909,11,"Amusement and recreation",5,"i3gtotl1sk00","6","FAAt705","BEA_API"
1910,11,"Amusement and recreation",6,"i3gtotl1sk00","6","FAAt705","BEA_API"
1911,11,"Amusement and recreation",7,"i3gtotl1sk00","6","FAAt705","BEA_API"
1912,11,"Amusement and recreation",6,"i3gtotl1sk00","6","FAAt705","BEA_API"
1913,11,"Amusement and recreation",7,"i3gtotl1sk00","6","FAAt705","BEA_API"
1914,11,"Amusement and recreation",7,"i3gtotl1sk00","6","FAAt705","BEA_API"
1915,11,"Amusement and recreation",9,"i3gtotl1sk00","6","FAAt705","BEA_API"
1916,11,"Amusement and recreation",9,"i3gtotl1sk00","6","FAAt705","BEA_API"
1917,11,"Amusement and recreation",8,"i3gtotl1sk00","6","FAAt705","BEA_API"
1918,11,"Amusement and recreation",8,"i3gtotl1sk00","6","FAAt705","BEA_API"
1919,11,"Amusement and recreation",8,"i3gtotl1sk00","6","FAAt705","BEA_API"
1920,11,"Amusement and recreation",12,"i3gtotl1sk00","6","FAAt705","BEA_API"
1921,11,"Amusement and recreation",13,"i3gtotl1sk00","6","FAAt705","BEA_API"
1922,11,"Amusement and recreation",14,"i3gtotl1sk00","6","FAAt705","BEA_API"
1923,11,"Amusement and recreation",15,"i3gtotl1sk00","6","FAAt705","BEA_API"
1924,11,"Amusement and recreation",18,"i3gtotl1sk00","6","FAAt705","BEA_API"
1925,11,"Amusement and recreation",30,"i3gtotl1sk00","6","FAAt705","BEA_API"
1926,11,"Amusement and recreation",33,"i3gtotl1sk00","6","FAAt705","BEA_API"
1927,11,"Amusement and recreation",44,"i3gtotl1sk00","6","FAAt705","BEA_API"
1928,11,"Amusement and recreation",38,"i3gtotl1sk00","6","FAAt705","BEA_API"
1929,11,"Amusement and recreation",41,"i3gtotl1sk00","6","FAAt705","BEA_API"
1930,11,"Amusement and recreation",41,"i3gtotl1sk00","6","FAAt705","BEA_API"
1931,11,"Amusement and recreation",51,"i3gtotl1sk00","6","FAAt705","BEA_API"
1932,11,"Amusement and recreation",32,"i3gtotl1sk00","6","FAAt705","BEA_API"
1933,11,"Amusement and recreation",19,"i3gtotl1sk00","6","FAAt705","BEA_API"
1934,11,"Amusement and recreation",30,"i3gtotl1sk00","6","FAAt705","BEA_API"
1935,11,"Amusement and recreation",32,"i3gtotl1sk00","6","FAAt705","BEA_API"
1936,11,"Amusement and recreation",74,"i3gtotl1sk00","6","FAAt705","BEA_API"
1937,11,"Amusement and recreation",54,"i3gtotl1sk00","6","FAAt705","BEA_API"
1938,11,"Amusement and recreation",66,"i3gtotl1sk00","6","FAAt705","BEA_API"
1939,11,"Amusement and recreation",84,"i3gtotl1sk00","6","FAAt705","BEA_API"
1940,11,"Amusement and recreation",61,"i3gtotl1sk00","6","FAAt705","BEA_API"
1941,11,"Amusement and recreation",46,"i3gtotl1sk00","6","FAAt705","BEA_API"
1942,11,"Amusement and recreation",23,"i3gtotl1sk00","6","FAAt705","BEA_API"
1943,11,"Amusement and recreation",15,"i3gtotl1sk00","6","FAAt705","BEA_API"
1944,11,"Amusement and recreation",11,"i3gtotl1sk00","6","FAAt705","BEA_API"
1945,11,"Amusement and recreation",11,"i3gtotl1sk00","6","FAAt705","BEA_API"
1946,11,"Amusement and recreation",17,"i3gtotl1sk00","6","FAAt705","BEA_API"
1947,11,"Amusement and recreation",62,"i3gtotl1sk00","6","FAAt705","BEA_API"
1948,11,"Amusement and recreation",93,"i3gtotl1sk00","6","FAAt705","BEA_API"
1949,11,"Amusement and recreation",129,"i3gtotl1sk00","6","FAAt705","BEA_API"
1950,11,"Amusement and recreation",134,"i3gtotl1sk00","6","FAAt705","BEA_API"
1951,11,"Amusement and recreation",137,"i3gtotl1sk00","6","FAAt705","BEA_API"
1952,11,"Amusement and recreation",123,"i3gtotl1sk00","6","FAAt705","BEA_API"
1953,11,"Amusement and recreation",145,"i3gtotl1sk00","6","FAAt705","BEA_API"
1954,11,"Amusement and recreation",160,"i3gtotl1sk00","6","FAAt705","BEA_API"
1955,11,"Amusement and recreation",169,"i3gtotl1sk00","6","FAAt705","BEA_API"
1956,11,"Amusement and recreation",193,"i3gtotl1sk00","6","FAAt705","BEA_API"
1957,11,"Amusement and recreation",220,"i3gtotl1sk00","6","FAAt705","BEA_API"
1958,11,"Amusement and recreation",256,"i3gtotl1sk00","6","FAAt705","BEA_API"
1959,11,"Amusement and recreation",291,"i3gtotl1sk00","6","FAAt705","BEA_API"
1960,11,"Amusement and recreation",274,"i3gtotl1sk00","6","FAAt705","BEA_API"
1961,11,"Amusement and recreation",294,"i3gtotl1sk00","6","FAAt705","BEA_API"
1962,11,"Amusement and recreation",339,"i3gtotl1sk00","6","FAAt705","BEA_API"
1963,11,"Amusement and recreation",383,"i3gtotl1sk00","6","FAAt705","BEA_API"
1964,11,"Amusement and recreation",403,"i3gtotl1sk00","6","FAAt705","BEA_API"
1965,11,"Amusement and recreation",401,"i3gtotl1sk00","6","FAAt705","BEA_API"
1966,11,"Amusement and recreation",432,"i3gtotl1sk00","6","FAAt705","BEA_API"
1967,11,"Amusement and recreation",451,"i3gtotl1sk00","6","FAAt705","BEA_API"
1968,11,"Amusement and recreation",470,"i3gtotl1sk00","6","FAAt705","BEA_API"
1969,11,"Amusement and recreation",531,"i3gtotl1sk00","6","FAAt705","BEA_API"
1970,11,"Amusement and recreation",604,"i3gtotl1sk00","6","FAAt705","BEA_API"
1971,11,"Amusement and recreation",666,"i3gtotl1sk00","6","FAAt705","BEA_API"
1972,11,"Amusement and recreation",634,"i3gtotl1sk00","6","FAAt705","BEA_API"
1973,11,"Amusement and recreation",750,"i3gtotl1sk00","6","FAAt705","BEA_API"
1974,11,"Amusement and recreation",968,"i3gtotl1sk00","6","FAAt705","BEA_API"
1975,11,"Amusement and recreation",1331,"i3gtotl1sk00","6","FAAt705","BEA_API"
1976,11,"Amusement and recreation",1342,"i3gtotl1sk00","6","FAAt705","BEA_API"
1977,11,"Amusement and recreation",1254,"i3gtotl1sk00","6","FAAt705","BEA_API"
1978,11,"Amusement and recreation",1412,"i3gtotl1sk00","6","FAAt705","BEA_API"
1979,11,"Amusement and recreation",1554,"i3gtotl1sk00","6","FAAt705","BEA_API"
1980,11,"Amusement and recreation",1716,"i3gtotl1sk00","6","FAAt705","BEA_API"
1981,11,"Amusement and recreation",1715,"i3gtotl1sk00","6","FAAt705","BEA_API"
1982,11,"Amusement and recreation",1709,"i3gtotl1sk00","6","FAAt705","BEA_API"
1983,11,"Amusement and recreation",1707,"i3gtotl1sk00","6","FAAt705","BEA_API"
1984,11,"Amusement and recreation",1743,"i3gtotl1sk00","6","FAAt705","BEA_API"
1985,11,"Amusement and recreation",1960,"i3gtotl1sk00","6","FAAt705","BEA_API"
1986,11,"Amusement and recreation",2134,"i3gtotl1sk00","6","FAAt705","BEA_API"
1987,11,"Amusement and recreation",2410,"i3gtotl1sk00","6","FAAt705","BEA_API"
1988,11,"Amusement and recreation",2691,"i3gtotl1sk00","6","FAAt705","BEA_API"
1989,11,"Amusement and recreation",2890,"i3gtotl1sk00","6","FAAt705","BEA_API"
1990,11,"Amusement and recreation",3350,"i3gtotl1sk00","6","FAAt705","BEA_API"
1991,11,"Amusement and recreation",3450,"i3gtotl1sk00","6","FAAt705","BEA_API"
1992,11,"Amusement and recreation",3301,"i3gtotl1sk00","6","FAAt705","BEA_API"
1993,11,"Amusement and recreation",3334,"i3gtotl1sk00","6","FAAt705","BEA_API"
1994,11,"Amusement and recreation",3334,"i3gtotl1sk00","6","FAAt705","BEA_API"
1995,11,"Amusement and recreation",3935,"i3gtotl1sk00","6","FAAt705","BEA_API"
1996,11,"Amusement and recreation",4786,"i3gtotl1sk00","6","FAAt705","BEA_API"
1997,11,"Amusement and recreation",5242,"i3gtotl1sk00","6","FAAt705","BEA_API"
1998,11,"Amusement and recreation",5407,"i3gtotl1sk00","6","FAAt705","BEA_API"
1999,11,"Amusement and recreation",5764,"i3gtotl1sk00","6","FAAt705","BEA_API"
2000,11,"Amusement and recreation",6765,"i3gtotl1sk00","6","FAAt705","BEA_API"
2001,11,"Amusement and recreation",7384,"i3gtotl1sk00","6","FAAt705","BEA_API"
2002,11,"Amusement and recreation",7207,"i3gtotl1sk00","6","FAAt705","BEA_API"
2003,11,"Amusement and recreation",6805,"i3gtotl1sk00","6","FAAt705","BEA_API"
2004,11,"Amusement and recreation",6624,"i3gtotl1sk00","6","FAAt705","BEA_API"
2005,11,"Amusement and recreation",7134,"i3gtotl1sk00","6","FAAt705","BEA_API"
2006,11,"Amusement and recreation",7567,"i3gtotl1sk00","6","FAAt705","BEA_API"
2007,11,"Amusement and recreation",8560,"i3gtotl1sk00","6","FAAt705","BEA_API"
2008,11,"Amusement and recreation",9002,"i3gtotl1sk00","6","FAAt705","BEA_API"
2009,11,"Amusement and recreation",8917,"i3gtotl1sk00","6","FAAt705","BEA_API"
2010,11,"Amusement and recreation",8305,"i3gtotl1sk00","6","FAAt705","BEA_API"
2011,11,"Amusement and recreation",7453,"i3gtotl1sk00","6","FAAt705","BEA_API"
2012,11,"Amusement and recreation",6707,"i3gtotl1sk00","6","FAAt705","BEA_API"
2013,11,"Amusement and recreation",6323,"i3gtotl1sk00","6","FAAt705","BEA_API"
2014,11,"Amusement and recreation",6642,"i3gtotl1sk00","6","FAAt705","BEA_API"
2015,11,"Amusement and recreation",7402,"i3gtotl1sk00","6","FAAt705","BEA_API"
2016,11,"Amusement and recreation",8325,"i3gtotl1sk00","6","FAAt705","BEA_API"
2017,11,"Amusement and recreation",8571,"i3gtotl1sk00","6","FAAt705","BEA_API"
2018,11,"Amusement and recreation",9037,"i3gtotl1sk00","6","FAAt705","BEA_API"
2019,11,"Amusement and recreation",10285,"i3gtotl1sk00","6","FAAt705","BEA_API"
2020,11,"Amusement and recreation",10152,"i3gtotl1sk00","6","FAAt705","BEA_API"
2021,11,"Amusement and recreation",9407,"i3gtotl1sk00","6","FAAt705","BEA_API"
2022,11,"Amusement and recreation",10019,"i3gtotl1sk00","6","FAAt705","BEA_API"
2023,11,"Amusement and recreation",11680,"i3gtotl1sk00","6","FAAt705","BEA_API"
2024,11,"Amusement and recreation",12785,"i3gtotl1sk00","6","FAAt705","BEA_API"
1901,12,"Transportation",5,"i3gtotl1sn00","6","FAAt705","BEA_API"
1902,12,"Transportation",5,"i3gtotl1sn00","6","FAAt705","BEA_API"
1903,12,"Transportation",6,"i3gtotl1sn00","6","FAAt705","BEA_API"
1904,12,"Transportation",6,"i3gtotl1sn00","6","FAAt705","BEA_API"
1905,12,"Transportation",6,"i3gtotl1sn00","6","FAAt705","BEA_API"
1906,12,"Transportation",7,"i3gtotl1sn00","6","FAAt705","BEA_API"
1907,12,"Transportation",8,"i3gtotl1sn00","6","FAAt705","BEA_API"
1908,12,"Transportation",10,"i3gtotl1sn00","6","FAAt705","BEA_API"
1909,12,"Transportation",9,"i3gtotl1sn00","6","FAAt705","BEA_API"
1910,12,"Transportation",9,"i3gtotl1sn00","6","FAAt705","BEA_API"
1911,12,"Transportation",10,"i3gtotl1sn00","6","FAAt705","BEA_API"
1912,12,"Transportation",10,"i3gtotl1sn00","6","FAAt705","BEA_API"
1913,12,"Transportation",11,"i3gtotl1sn00","6","FAAt705","BEA_API"
1914,12,"Transportation",12,"i3gtotl1sn00","6","FAAt705","BEA_API"
1915,12,"Transportation",14,"i3gtotl1sn00","6","FAAt705","BEA_API"
1916,12,"Transportation",14,"i3gtotl1sn00","6","FAAt705","BEA_API"
1917,12,"Transportation",13,"i3gtotl1sn00","6","FAAt705","BEA_API"
1918,12,"Transportation",12,"i3gtotl1sn00","6","FAAt705","BEA_API"
1919,12,"Transportation",13,"i3gtotl1sn00","6","FAAt705","BEA_API"
1920,12,"Transportation",20,"i3gtotl1sn00","6","FAAt705","BEA_API"
1921,12,"Transportation",21,"i3gtotl1sn00","6","FAAt705","BEA_API"
1922,12,"Transportation",22,"i3gtotl1sn00","6","FAAt705","BEA_API"
1923,12,"Transportation",23,"i3gtotl1sn00","6","FAAt705","BEA_API"
1924,12,"Transportation",28,"i3gtotl1sn00","6","FAAt705","BEA_API"
1925,12,"Transportation",48,"i3gtotl1sn00","6","FAAt705","BEA_API"
1926,12,"Transportation",53,"i3gtotl1sn00","6","FAAt705","BEA_API"
1927,12,"Transportation",72,"i3gtotl1sn00","6","FAAt705","BEA_API"
1928,12,"Transportation",65,"i3gtotl1sn00","6","FAAt705","BEA_API"
1929,12,"Transportation",70,"i3gtotl1sn00","6","FAAt705","BEA_API"
1930,12,"Transportation",70,"i3gtotl1sn00","6","FAAt705","BEA_API"
1931,12,"Transportation",87,"i3gtotl1sn00","6","FAAt705","BEA_API"
1932,12,"Transportation",53,"i3gtotl1sn00","6","FAAt705","BEA_API"
1933,12,"Transportation",35,"i3gtotl1sn00","6","FAAt705","BEA_API"
1934,12,"Transportation",62,"i3gtotl1sn00","6","FAAt705","BEA_API"
1935,12,"Transportation",64,"i3gtotl1sn00","6","FAAt705","BEA_API"
1936,12,"Transportation",135,"i3gtotl1sn00","6","FAAt705","BEA_API"
1937,12,"Transportation",105,"i3gtotl1sn00","6","FAAt705","BEA_API"
1938,12,"Transportation",117,"i3gtotl1sn00","6","FAAt705","BEA_API"
1939,12,"Transportation",148,"i3gtotl1sn00","6","FAAt705","BEA_API"
1940,12,"Transportation",106,"i3gtotl1sn00","6","FAAt705","BEA_API"
1941,12,"Transportation",80,"i3gtotl1sn00","6","FAAt705","BEA_API"
1942,12,"Transportation",42,"i3gtotl1sn00","6","FAAt705","BEA_API"
1943,12,"Transportation",28,"i3gtotl1sn00","6","FAAt705","BEA_API"
1944,12,"Transportation",22,"i3gtotl1sn00","6","FAAt705","BEA_API"
1945,12,"Transportation",22,"i3gtotl1sn00","6","FAAt705","BEA_API"
1946,12,"Transportation",33,"i3gtotl1sn00","6","FAAt705","BEA_API"
1947,12,"Transportation",102,"i3gtotl1sn00","6","FAAt705","BEA_API"
1948,12,"Transportation",148,"i3gtotl1sn00","6","FAAt705","BEA_API"
1949,12,"Transportation",190,"i3gtotl1sn00","6","FAAt705","BEA_API"
1950,12,"Transportation",198,"i3gtotl1sn00","6","FAAt705","BEA_API"
1951,12,"Transportation",209,"i3gtotl1sn00","6","FAAt705","BEA_API"
1952,12,"Transportation",185,"i3gtotl1sn00","6","FAAt705","BEA_API"
1953,12,"Transportation",222,"i3gtotl1sn00","6","FAAt705","BEA_API"
1954,12,"Transportation",250,"i3gtotl1sn00","6","FAAt705","BEA_API"
1955,12,"Transportation",278,"i3gtotl1sn00","6","FAAt705","BEA_API"
1956,12,"Transportation",315,"i3gtotl1sn00","6","FAAt705","BEA_API"
1957,12,"Transportation",353,"i3gtotl1sn00","6","FAAt705","BEA_API"
1958,12,"Transportation",392,"i3gtotl1sn00","6","FAAt705","BEA_API"
1959,12,"Transportation",425,"i3gtotl1sn00","6","FAAt705","BEA_API"
1960,12,"Transportation",493,"i3gtotl1sn00","6","FAAt705","BEA_API"
1961,12,"Transportation",563,"i3gtotl1sn00","6","FAAt705","BEA_API"
1962,12,"Transportation",497,"i3gtotl1sn00","6","FAAt705","BEA_API"
1963,12,"Transportation",609,"i3gtotl1sn00","6","FAAt705","BEA_API"
1964,12,"Transportation",627,"i3gtotl1sn00","6","FAAt705","BEA_API"
1965,12,"Transportation",712,"i3gtotl1sn00","6","FAAt705","BEA_API"
1966,12,"Transportation",893,"i3gtotl1sn00","6","FAAt705","BEA_API"
1967,12,"Transportation",1131,"i3gtotl1sn00","6","FAAt705","BEA_API"
1968,12,"Transportation",1328,"i3gtotl1sn00","6","FAAt705","BEA_API"
1969,12,"Transportation",1431,"i3gtotl1sn00","6","FAAt705","BEA_API"
1970,12,"Transportation",1439,"i3gtotl1sn00","6","FAAt705","BEA_API"
1971,12,"Transportation",1217,"i3gtotl1sn00","6","FAAt705","BEA_API"
1972,12,"Transportation",1400,"i3gtotl1sn00","6","FAAt705","BEA_API"
1973,12,"Transportation",1575,"i3gtotl1sn00","6","FAAt705","BEA_API"
1974,12,"Transportation",2030,"i3gtotl1sn00","6","FAAt705","BEA_API"
1975,12,"Transportation",2078,"i3gtotl1sn00","6","FAAt705","BEA_API"
1976,12,"Transportation",2289,"i3gtotl1sn00","6","FAAt705","BEA_API"
1977,12,"Transportation",2253,"i3gtotl1sn00","6","FAAt705","BEA_API"
1978,12,"Transportation",2498,"i3gtotl1sn00","6","FAAt705","BEA_API"
1979,12,"Transportation",3003,"i3gtotl1sn00","6","FAAt705","BEA_API"
1980,12,"Transportation",3787,"i3gtotl1sn00","6","FAAt705","BEA_API"
1981,12,"Transportation",4012,"i3gtotl1sn00","6","FAAt705","BEA_API"
1982,12,"Transportation",4180,"i3gtotl1sn00","6","FAAt705","BEA_API"
1983,12,"Transportation",4323,"i3gtotl1sn00","6","FAAt705","BEA_API"
1984,12,"Transportation",4286,"i3gtotl1sn00","6","FAAt705","BEA_API"
1985,12,"Transportation",4533,"i3gtotl1sn00","6","FAAt705","BEA_API"
1986,12,"Transportation",4864,"i3gtotl1sn00","6","FAAt705","BEA_API"
1987,12,"Transportation",5365,"i3gtotl1sn00","6","FAAt705","BEA_API"
1988,12,"Transportation",6157,"i3gtotl1sn00","6","FAAt705","BEA_API"
1989,12,"Transportation",6937,"i3gtotl1sn00","6","FAAt705","BEA_API"
1990,12,"Transportation",7881,"i3gtotl1sn00","6","FAAt705","BEA_API"
1991,12,"Transportation",8592,"i3gtotl1sn00","6","FAAt705","BEA_API"
1992,12,"Transportation",9092,"i3gtotl1sn00","6","FAAt705","BEA_API"
1993,12,"Transportation",9950,"i3gtotl1sn00","6","FAAt705","BEA_API"
1994,12,"Transportation",10059,"i3gtotl1sn00","6","FAAt705","BEA_API"
1995,12,"Transportation",10056,"i3gtotl1sn00","6","FAAt705","BEA_API"
1996,12,"Transportation",10762,"i3gtotl1sn00","6","FAAt705","BEA_API"
1997,12,"Transportation",10930,"i3gtotl1sn00","6","FAAt705","BEA_API"
1998,12,"Transportation",11016,"i3gtotl1sn00","6","FAAt705","BEA_API"
1999,12,"Transportation",12446,"i3gtotl1sn00","6","FAAt705","BEA_API"
2000,12,"Transportation",15610,"i3gtotl1sn00","6","FAAt705","BEA_API"
2001,12,"Transportation",17176,"i3gtotl1sn00","6","FAAt705","BEA_API"
2002,12,"Transportation",18541,"i3gtotl1sn00","6","FAAt705","BEA_API"
2003,12,"Transportation",20138,"i3gtotl1sn00","6","FAAt705","BEA_API"
2004,12,"Transportation",19606,"i3gtotl1sn00","6","FAAt705","BEA_API"
2005,12,"Transportation",18522,"i3gtotl1sn00","6","FAAt705","BEA_API"
2006,12,"Transportation",19079,"i3gtotl1sn00","6","FAAt705","BEA_API"
2007,12,"Transportation",20678,"i3gtotl1sn00","6","FAAt705","BEA_API"
2008,12,"Transportation",22570,"i3gtotl1sn00","6","FAAt705","BEA_API"
2009,12,"Transportation",24799,"i3gtotl1sn00","6","FAAt705","BEA_API"
2010,12,"Transportation",24695,"i3gtotl1sn00","6","FAAt705","BEA_API"
2011,12,"Transportation",23889,"i3gtotl1sn00","6","FAAt705","BEA_API"
2012,12,"Transportation",24127,"i3gtotl1sn00","6","FAAt705","BEA_API"
2013,12,"Transportation",25350,"i3gtotl1sn00","6","FAAt705","BEA_API"
2014,12,"Transportation",28506,"i3gtotl1sn00","6","FAAt705","BEA_API"
2015,12,"Transportation",29673,"i3gtotl1sn00","6","FAAt705","BEA_API"
2016,12,"Transportation",29050,"i3gtotl1sn00","6","FAAt705","BEA_API"
2017,12,"Transportation",30503,"i3gtotl1sn00","6","FAAt705","BEA_API"
2018,12,"Transportation",32726,"i3gtotl1sn00","6","FAAt705","BEA_API"
2019,12,"Transportation",38534,"i3gtotl1sn00","6","FAAt705","BEA_API"
2020,12,"Transportation",42173,"i3gtotl1sn00","6","FAAt705","BEA_API"
2021,12,"Transportation",37080,"i3gtotl1sn00","6","FAAt705","BEA_API"
2022,12,"Transportation",35362,"i3gtotl1sn00","6","FAAt705","BEA_API"
2023,12,"Transportation",41140,"i3gtotl1sn00","6","FAAt705","BEA_API"
2024,12,"Transportation",45857,"i3gtotl1sn00","6","FAAt705","BEA_API"
1901,13,"Power",10,"i3gtotl1sp00","6","FAAt705","BEA_API"
1902,13,"Power",9,"i3gtotl1sp00","6","FAAt705","BEA_API"
1903,13,"Power",11,"i3gtotl1sp00","6","FAAt705","BEA_API"
1904,13,"Power",11,"i3gtotl1sp00","6","FAAt705","BEA_API"
1905,13,"Power",12,"i3gtotl1sp00","6","FAAt705","BEA_API"
1906,13,"Power",13,"i3gtotl1sp00","6","FAAt705","BEA_API"
1907,13,"Power",15,"i3gtotl1sp00","6","FAAt705","BEA_API"
1908,13,"Power",19,"i3gtotl1sp00","6","FAAt705","BEA_API"
1909,13,"Power",16,"i3gtotl1sp00","6","FAAt705","BEA_API"
1910,13,"Power",18,"i3gtotl1sp00","6","FAAt705","BEA_API"
1911,13,"Power",20,"i3gtotl1sp00","6","FAAt705","BEA_API"
1912,13,"Power",19,"i3gtotl1sp00","6","FAAt705","BEA_API"
1913,13,"Power",21,"i3gtotl1sp00","6","FAAt705","BEA_API"
1914,13,"Power",22,"i3gtotl1sp00","6","FAAt705","BEA_API"
1915,13,"Power",26,"i3gtotl1sp00","6","FAAt705","BEA_API"
1916,13,"Power",28,"i3gtotl1sp00","6","FAAt705","BEA_API"
1917,13,"Power",26,"i3gtotl1sp00","6","FAAt705","BEA_API"
1918,13,"Power",24,"i3gtotl1sp00","6","FAAt705","BEA_API"
1919,13,"Power",22,"i3gtotl1sp00","6","FAAt705","BEA_API"
1920,13,"Power",28,"i3gtotl1sp00","6","FAAt705","BEA_API"
1921,13,"Power",29,"i3gtotl1sp00","6","FAAt705","BEA_API"
1922,13,"Power",34,"i3gtotl1sp00","6","FAAt705","BEA_API"
1923,13,"Power",33,"i3gtotl1sp00","6","FAAt705","BEA_API"
1924,13,"Power",45,"i3gtotl1sp00","6","FAAt705","BEA_API"
1925,13,"Power",81,"i3gtotl1sp00","6","FAAt705","BEA_API"
1926,13,"Power",76,"i3gtotl1sp00","6","FAAt705","BEA_API"
1927,13,"Power",132,"i3gtotl1sp00","6","FAAt705","BEA_API"
1928,13,"Power",106,"i3gtotl1sp00","6","FAAt705","BEA_API"
1929,13,"Power",107,"i3gtotl1sp00","6","FAAt705","BEA_API"
1930,13,"Power",109,"i3gtotl1sp00","6","FAAt705","BEA_API"
1931,13,"Power",143,"i3gtotl1sp00","6","FAAt705","BEA_API"
1932,13,"Power",95,"i3gtotl1sp00","6","FAAt705","BEA_API"
1933,13,"Power",51,"i3gtotl1sp00","6","FAAt705","BEA_API"
1934,13,"Power",67,"i3gtotl1sp00","6","FAAt705","BEA_API"
1935,13,"Power",87,"i3gtotl1sp00","6","FAAt705","BEA_API"
1936,13,"Power",235,"i3gtotl1sp00","6","FAAt705","BEA_API"
1937,13,"Power",174,"i3gtotl1sp00","6","FAAt705","BEA_API"
1938,13,"Power",204,"i3gtotl1sp00","6","FAAt705","BEA_API"
1939,13,"Power",203,"i3gtotl1sp00","6","FAAt705","BEA_API"
1940,13,"Power",149,"i3gtotl1sp00","6","FAAt705","BEA_API"
1941,13,"Power",127,"i3gtotl1sp00","6","FAAt705","BEA_API"
1942,13,"Power",69,"i3gtotl1sp00","6","FAAt705","BEA_API"
1943,13,"Power",32,"i3gtotl1sp00","6","FAAt705","BEA_API"
1944,13,"Power",28,"i3gtotl1sp00","6","FAAt705","BEA_API"
1945,13,"Power",31,"i3gtotl1sp00","6","FAAt705","BEA_API"
1946,13,"Power",58,"i3gtotl1sp00","6","FAAt705","BEA_API"
1947,13,"Power",132,"i3gtotl1sp00","6","FAAt705","BEA_API"
1948,13,"Power",156,"i3gtotl1sp00","6","FAAt705","BEA_API"
1949,13,"Power",188,"i3gtotl1sp00","6","FAAt705","BEA_API"
1950,13,"Power",177,"i3gtotl1sp00","6","FAAt705","BEA_API"
1951,13,"Power",172,"i3gtotl1sp00","6","FAAt705","BEA_API"
1952,13,"Power",146,"i3gtotl1sp00","6","FAAt705","BEA_API"
1953,13,"Power",168,"i3gtotl1sp00","6","FAAt705","BEA_API"
1954,13,"Power",199,"i3gtotl1sp00","6","FAAt705","BEA_API"
1955,13,"Power",216,"i3gtotl1sp00","6","FAAt705","BEA_API"
1956,13,"Power",325,"i3gtotl1sp00","6","FAAt705","BEA_API"
1957,13,"Power",340,"i3gtotl1sp00","6","FAAt705","BEA_API"
1958,13,"Power",399,"i3gtotl1sp00","6","FAAt705","BEA_API"
1959,13,"Power",511,"i3gtotl1sp00","6","FAAt705","BEA_API"
1960,13,"Power",549,"i3gtotl1sp00","6","FAAt705","BEA_API"
1961,13,"Power",678,"i3gtotl1sp00","6","FAAt705","BEA_API"
1962,13,"Power",509,"i3gtotl1sp00","6","FAAt705","BEA_API"
1963,13,"Power",603,"i3gtotl1sp00","6","FAAt705","BEA_API"
1964,13,"Power",818,"i3gtotl1sp00","6","FAAt705","BEA_API"
1965,13,"Power",893,"i3gtotl1sp00","6","FAAt705","BEA_API"
1966,13,"Power",700,"i3gtotl1sp00","6","FAAt705","BEA_API"
1967,13,"Power",866,"i3gtotl1sp00","6","FAAt705","BEA_API"
1968,13,"Power",883,"i3gtotl1sp00","6","FAAt705","BEA_API"
1969,13,"Power",926,"i3gtotl1sp00","6","FAAt705","BEA_API"
1970,13,"Power",953,"i3gtotl1sp00","6","FAAt705","BEA_API"
1971,13,"Power",1018,"i3gtotl1sp00","6","FAAt705","BEA_API"
1972,13,"Power",1123,"i3gtotl1sp00","6","FAAt705","BEA_API"
1973,13,"Power",1238,"i3gtotl1sp00","6","FAAt705","BEA_API"
1974,13,"Power",1577,"i3gtotl1sp00","6","FAAt705","BEA_API"
1975,13,"Power",1421,"i3gtotl1sp00","6","FAAt705","BEA_API"
1976,13,"Power",2001,"i3gtotl1sp00","6","FAAt705","BEA_API"
1977,13,"Power",2481,"i3gtotl1sp00","6","FAAt705","BEA_API"
1978,13,"Power",3685,"i3gtotl1sp00","6","FAAt705","BEA_API"
1979,13,"Power",3982,"i3gtotl1sp00","6","FAAt705","BEA_API"
1980,13,"Power",4234,"i3gtotl1sp00","6","FAAt705","BEA_API"
1981,13,"Power",5306,"i3gtotl1sp00","6","FAAt705","BEA_API"
1982,13,"Power",4965,"i3gtotl1sp00","6","FAAt705","BEA_API"
1983,13,"Power",4726,"i3gtotl1sp00","6","FAAt705","BEA_API"
1984,13,"Power",4229,"i3gtotl1sp00","6","FAAt705","BEA_API"
1985,13,"Power",5592,"i3gtotl1sp00","6","FAAt705","BEA_API"
1986,13,"Power",5259,"i3gtotl1sp00","6","FAAt705","BEA_API"
1987,13,"Power",4170,"i3gtotl1sp00","6","FAAt705","BEA_API"
1988,13,"Power",4017,"i3gtotl1sp00","6","FAAt705","BEA_API"
1989,13,"Power",3229,"i3gtotl1sp00","6","FAAt705","BEA_API"
1990,13,"Power",3318,"i3gtotl1sp00","6","FAAt705","BEA_API"
1991,13,"Power",3294,"i3gtotl1sp00","6","FAAt705","BEA_API"
1992,13,"Power",3167,"i3gtotl1sp00","6","FAAt705","BEA_API"
1993,13,"Power",3406,"i3gtotl1sp00","6","FAAt705","BEA_API"
1994,13,"Power",3008,"i3gtotl1sp00","6","FAAt705","BEA_API"
1995,13,"Power",3060,"i3gtotl1sp00","6","FAAt705","BEA_API"
1996,13,"Power",2748,"i3gtotl1sp00","6","FAAt705","BEA_API"
1997,13,"Power",3304,"i3gtotl1sp00","6","FAAt705","BEA_API"
1998,13,"Power",3253,"i3gtotl1sp00","6","FAAt705","BEA_API"
1999,13,"Power",3475,"i3gtotl1sp00","6","FAAt705","BEA_API"
2000,13,"Power",4198,"i3gtotl1sp00","6","FAAt705","BEA_API"
2001,13,"Power",5306,"i3gtotl1sp00","6","FAAt705","BEA_API"
2002,13,"Power",5942,"i3gtotl1sp00","6","FAAt705","BEA_API"
2003,13,"Power",7138,"i3gtotl1sp00","6","FAAt705","BEA_API"
2004,13,"Power",6912,"i3gtotl1sp00","6","FAAt705","BEA_API"
2005,13,"Power",6946,"i3gtotl1sp00","6","FAAt705","BEA_API"
2006,13,"Power",7923,"i3gtotl1sp00","6","FAAt705","BEA_API"
2007,13,"Power",8447,"i3gtotl1sp00","6","FAAt705","BEA_API"
2008,13,"Power",10573,"i3gtotl1sp00","6","FAAt705","BEA_API"
2009,13,"Power",11584,"i3gtotl1sp00","6","FAAt705","BEA_API"
2010,13,"Power",11085,"i3gtotl1sp00","6","FAAt705","BEA_API"
2011,13,"Power",10658,"i3gtotl1sp00","6","FAAt705","BEA_API"
2012,13,"Power",10255,"i3gtotl1sp00","6","FAAt705","BEA_API"
2013,13,"Power",10257,"i3gtotl1sp00","6","FAAt705","BEA_API"
2014,13,"Power",10230,"i3gtotl1sp00","6","FAAt705","BEA_API"
2015,13,"Power",10634,"i3gtotl1sp00","6","FAAt705","BEA_API"
2016,13,"Power",10352,"i3gtotl1sp00","6","FAAt705","BEA_API"
2017,13,"Power",10188,"i3gtotl1sp00","6","FAAt705","BEA_API"
2018,13,"Power",10536,"i3gtotl1sp00","6","FAAt705","BEA_API"
2019,13,"Power",10643,"i3gtotl1sp00","6","FAAt705","BEA_API"
2020,13,"Power",9912,"i3gtotl1sp00","6","FAAt705","BEA_API"
2021,13,"Power",9780,"i3gtotl1sp00","6","FAAt705","BEA_API"
2022,13,"Power",11431,"i3gtotl1sp00","6","FAAt705","BEA_API"
2023,13,"Power",13496,"i3gtotl1sp00","6","FAAt705","BEA_API"
2024,13,"Power",14992,"i3gtotl1sp00","6","FAAt705","BEA_API"
1901,14,"Highways and streets",47,"i3gtotl1sq00","6","FAAt705","BEA_API"
1902,14,"Highways and streets",68,"i3gtotl1sq00","6","FAAt705","BEA_API"
1903,14,"Highways and streets",90,"i3gtotl1sq00","6","FAAt705","BEA_API"
1904,14,"Highways and streets",112,"i3gtotl1sq00","6","FAAt705","BEA_API"
1905,14,"Highways and streets",107,"i3gtotl1sq00","6","FAAt705","BEA_API"
1906,14,"Highways and streets",105,"i3gtotl1sq00","6","FAAt705","BEA_API"
1907,14,"Highways and streets",135,"i3gtotl1sq00","6","FAAt705","BEA_API"
1908,14,"Highways and streets",140,"i3gtotl1sq00","6","FAAt705","BEA_API"
1909,14,"Highways and streets",146,"i3gtotl1sq00","6","FAAt705","BEA_API"
1910,14,"Highways and streets",162,"i3gtotl1sq00","6","FAAt705","BEA_API"
1911,14,"Highways and streets",184,"i3gtotl1sq00","6","FAAt705","BEA_API"
1912,14,"Highways and streets",181,"i3gtotl1sq00","6","FAAt705","BEA_API"
1913,14,"Highways and streets",189,"i3gtotl1sq00","6","FAAt705","BEA_API"
1914,14,"Highways and streets",219,"i3gtotl1sq00","6","FAAt705","BEA_API"
1915,14,"Highways and streets",311,"i3gtotl1sq00","6","FAAt705","BEA_API"
1916,14,"Highways and streets",321,"i3gtotl1sq00","6","FAAt705","BEA_API"
1917,14,"Highways and streets",327,"i3gtotl1sq00","6","FAAt705","BEA_API"
1918,14,"Highways and streets",303,"i3gtotl1sq00","6","FAAt705","BEA_API"
1919,14,"Highways and streets",439,"i3gtotl1sq00","6","FAAt705","BEA_API"
1920,14,"Highways and streets",670,"i3gtotl1sq00","6","FAAt705","BEA_API"
1921,14,"Highways and streets",866,"i3gtotl1sq00","6","FAAt705","BEA_API"
1922,14,"Highways and streets",888,"i3gtotl1sq00","6","FAAt705","BEA_API"
1923,14,"Highways and streets",821,"i3gtotl1sq00","6","FAAt705","BEA_API"
1924,14,"Highways and streets",1007,"i3gtotl1sq00","6","FAAt705","BEA_API"
1925,14,"Highways and streets",1100,"i3gtotl1sq00","6","FAAt705","BEA_API"
1926,14,"Highways and streets",1082,"i3gtotl1sq00","6","FAAt705","BEA_API"
1927,14,"Highways and streets",1238,"i3gtotl1sq00","6","FAAt705","BEA_API"
1928,14,"Highways and streets",1307,"i3gtotl1sq00","6","FAAt705","BEA_API"
1929,14,"Highways and streets",1358,"i3gtotl1sq00","6","FAAt705","BEA_API"
1930,14,"Highways and streets",1564,"i3gtotl1sq00","6","FAAt705","BEA_API"
1931,14,"Highways and streets",1401,"i3gtotl1sq00","6","FAAt705","BEA_API"
1932,14,"Highways and streets",1010,"i3gtotl1sq00","6","FAAt705","BEA_API"
1933,14,"Highways and streets",897,"i3gtotl1sq00","6","FAAt705","BEA_API"
1934,14,"Highways and streets",1042,"i3gtotl1sq00","6","FAAt705","BEA_API"
1935,14,"Highways and streets",913,"i3gtotl1sq00","6","FAAt705","BEA_API"
1936,14,"Highways and streets",1433,"i3gtotl1sq00","6","FAAt705","BEA_API"
1937,14,"Highways and streets",1302,"i3gtotl1sq00","6","FAAt705","BEA_API"
1938,14,"Highways and streets",1500,"i3gtotl1sq00","6","FAAt705","BEA_API"
1939,14,"Highways and streets",1481,"i3gtotl1sq00","6","FAAt705","BEA_API"
1940,14,"Highways and streets",1385,"i3gtotl1sq00","6","FAAt705","BEA_API"
1941,14,"Highways and streets",1132,"i3gtotl1sq00","6","FAAt705","BEA_API"
1942,14,"Highways and streets",775,"i3gtotl1sq00","6","FAAt705","BEA_API"
1943,14,"Highways and streets",469,"i3gtotl1sq00","6","FAAt705","BEA_API"
1944,14,"Highways and streets",362,"i3gtotl1sq00","6","FAAt705","BEA_API"
1945,14,"Highways and streets",371,"i3gtotl1sq00","6","FAAt705","BEA_API"
1946,14,"Highways and streets",789,"i3gtotl1sq00","6","FAAt705","BEA_API"
1947,14,"Highways and streets",1368,"i3gtotl1sq00","6","FAAt705","BEA_API"
1948,14,"Highways and streets",1710,"i3gtotl1sq00","6","FAAt705","BEA_API"
1949,14,"Highways and streets",2095,"i3gtotl1sq00","6","FAAt705","BEA_API"
1950,14,"Highways and streets",2246,"i3gtotl1sq00","6","FAAt705","BEA_API"
1951,14,"Highways and streets",2469,"i3gtotl1sq00","6","FAAt705","BEA_API"
1952,14,"Highways and streets",2774,"i3gtotl1sq00","6","FAAt705","BEA_API"
1953,14,"Highways and streets",3129,"i3gtotl1sq00","6","FAAt705","BEA_API"
1954,14,"Highways and streets",3819,"i3gtotl1sq00","6","FAAt705","BEA_API"
1955,14,"Highways and streets",4031,"i3gtotl1sq00","6","FAAt705","BEA_API"
1956,14,"Highways and streets",4614,"i3gtotl1sq00","6","FAAt705","BEA_API"
1957,14,"Highways and streets",5126,"i3gtotl1sq00","6","FAAt705","BEA_API"
1958,14,"Highways and streets",5759,"i3gtotl1sq00","6","FAAt705","BEA_API"
1959,14,"Highways and streets",6057,"i3gtotl1sq00","6","FAAt705","BEA_API"
1960,14,"Highways and streets",5687,"i3gtotl1sq00","6","FAAt705","BEA_API"
1961,14,"Highways and streets",6148,"i3gtotl1sq00","6","FAAt705","BEA_API"
1962,14,"Highways and streets",6682,"i3gtotl1sq00","6","FAAt705","BEA_API"
1963,14,"Highways and streets",7409,"i3gtotl1sq00","6","FAAt705","BEA_API"
1964,14,"Highways and streets",7492,"i3gtotl1sq00","6","FAAt705","BEA_API"
1965,14,"Highways and streets",8018,"i3gtotl1sq00","6","FAAt705","BEA_API"
1966,14,"Highways and streets",8909,"i3gtotl1sq00","6","FAAt705","BEA_API"
1967,14,"Highways and streets",9057,"i3gtotl1sq00","6","FAAt705","BEA_API"
1968,14,"Highways and streets",9758,"i3gtotl1sq00","6","FAAt705","BEA_API"
1969,14,"Highways and streets",9667,"i3gtotl1sq00","6","FAAt705","BEA_API"
1970,14,"Highways and streets",10363,"i3gtotl1sq00","6","FAAt705","BEA_API"
1971,14,"Highways and streets",11060,"i3gtotl1sq00","6","FAAt705","BEA_API"
1972,14,"Highways and streets",10783,"i3gtotl1sq00","6","FAAt705","BEA_API"
1973,14,"Highways and streets",10844,"i3gtotl1sq00","6","FAAt705","BEA_API"
1974,14,"Highways and streets",12418,"i3gtotl1sq00","6","FAAt705","BEA_API"
1975,14,"Highways and streets",13380,"i3gtotl1sq00","6","FAAt705","BEA_API"
1976,14,"Highways and streets",12551,"i3gtotl1sq00","6","FAAt705","BEA_API"
1977,14,"Highways and streets",12581,"i3gtotl1sq00","6","FAAt705","BEA_API"
1978,14,"Highways and streets",14324,"i3gtotl1sq00","6","FAAt705","BEA_API"
1979,14,"Highways and streets",17194,"i3gtotl1sq00","6","FAAt705","BEA_API"
1980,14,"Highways and streets",18310,"i3gtotl1sq00","6","FAAt705","BEA_API"
1981,14,"Highways and streets",18210,"i3gtotl1sq00","6","FAAt705","BEA_API"
1982,14,"Highways and streets",17363,"i3gtotl1sq00","6","FAAt705","BEA_API"
1983,14,"Highways and streets",18218,"i3gtotl1sq00","6","FAAt705","BEA_API"
1984,14,"Highways and streets",21836,"i3gtotl1sq00","6","FAAt705","BEA_API"
1985,14,"Highways and streets",24195,"i3gtotl1sq00","6","FAAt705","BEA_API"
1986,14,"Highways and streets",25928,"i3gtotl1sq00","6","FAAt705","BEA_API"
1987,14,"Highways and streets",27802,"i3gtotl1sq00","6","FAAt705","BEA_API"
1988,14,"Highways and streets",29928,"i3gtotl1sq00","6","FAAt705","BEA_API"
1989,14,"Highways and streets",29767,"i3gtotl1sq00","6","FAAt705","BEA_API"
1990,14,"Highways and streets",33280,"i3gtotl1sq00","6","FAAt705","BEA_API"
1991,14,"Highways and streets",33650,"i3gtotl1sq00","6","FAAt705","BEA_API"
1992,14,"Highways and streets",33760,"i3gtotl1sq00","6","FAAt705","BEA_API"
1993,14,"Highways and streets",35468,"i3gtotl1sq00","6","FAAt705","BEA_API"
1994,14,"Highways and streets",38467,"i3gtotl1sq00","6","FAAt705","BEA_API"
1995,14,"Highways and streets",38847,"i3gtotl1sq00","6","FAAt705","BEA_API"
1996,14,"Highways and streets",40592,"i3gtotl1sq00","6","FAAt705","BEA_API"
1997,14,"Highways and streets",43014,"i3gtotl1sq00","6","FAAt705","BEA_API"
1998,14,"Highways and streets",46118,"i3gtotl1sq00","6","FAAt705","BEA_API"
1999,14,"Highways and streets",50090,"i3gtotl1sq00","6","FAAt705","BEA_API"
2000,14,"Highways and streets",54059,"i3gtotl1sq00","6","FAAt705","BEA_API"
2001,14,"Highways and streets",58628,"i3gtotl1sq00","6","FAAt705","BEA_API"
2002,14,"Highways and streets",60338,"i3gtotl1sq00","6","FAAt705","BEA_API"
2003,14,"Highways and streets",59356,"i3gtotl1sq00","6","FAAt705","BEA_API"
2004,14,"Highways and streets",62367,"i3gtotl1sq00","6","FAAt705","BEA_API"
2005,14,"Highways and streets",68090,"i3gtotl1sq00","6","FAAt705","BEA_API"
2006,14,"Highways and streets",74191,"i3gtotl1sq00","6","FAAt705","BEA_API"
2007,14,"Highways and streets",78448,"i3gtotl1sq00","6","FAAt705","BEA_API"
2008,14,"Highways and streets",79874,"i3gtotl1sq00","6","FAAt705","BEA_API"
2009,14,"Highways and streets",82250,"i3gtotl1sq00","6","FAAt705","BEA_API"
2010,14,"Highways and streets",82396,"i3gtotl1sq00","6","FAAt705","BEA_API"
2011,14,"Highways and streets",82715,"i3gtotl1sq00","6","FAAt705","BEA_API"
2012,14,"Highways and streets",83131,"i3gtotl1sq00","6","FAAt705","BEA_API"
2013,14,"Highways and streets",81379,"i3gtotl1sq00","6","FAAt705","BEA_API"
2014,14,"Highways and streets",83422,"i3gtotl1sq00","6","FAAt705","BEA_API"
2015,14,"Highways and streets",89053,"i3gtotl1sq00","6","FAAt705","BEA_API"
2016,14,"Highways and streets",92863,"i3gtotl1sq00","6","FAAt705","BEA_API"
2017,14,"Highways and streets",96604,"i3gtotl1sq00","6","FAAt705","BEA_API"
2018,14,"Highways and streets",102535,"i3gtotl1sq00","6","FAAt705","BEA_API"
2019,14,"Highways and streets",105843,"i3gtotl1sq00","6","FAAt705","BEA_API"
2020,14,"Highways and streets",105730,"i3gtotl1sq00","6","FAAt705","BEA_API"
2021,14,"Highways and streets",104588,"i3gtotl1sq00","6","FAAt705","BEA_API"
2022,14,"Highways and streets",113264,"i3gtotl1sq00","6","FAAt705","BEA_API"
2023,14,"Highways and streets",129702,"i3gtotl1sq00","6","FAAt705","BEA_API"
2024,14,"Highways and streets",141505,"i3gtotl1sq00","6","FAAt705","BEA_API"
1901,15,"Military facilities",14,"i3gtotl1sm00","6","FAAt705","BEA_API"
1902,15,"Military facilities",14,"i3gtotl1sm00","6","FAAt705","BEA_API"
1903,15,"Military facilities",16,"i3gtotl1sm00","6","FAAt705","BEA_API"
1904,15,"Military facilities",19,"i3gtotl1sm00","6","FAAt705","BEA_API"
1905,15,"Military facilities",22,"i3gtotl1sm00","6","FAAt705","BEA_API"
1906,15,"Military facilities",21,"i3gtotl1sm00","6","FAAt705","BEA_API"
1907,15,"Military facilities",17,"i3gtotl1sm00","6","FAAt705","BEA_API"
1908,15,"Military facilities",18,"i3gtotl1sm00","6","FAAt705","BEA_API"
1909,15,"Military facilities",22,"i3gtotl1sm00","6","FAAt705","BEA_API"
1910,15,"Military facilities",22,"i3gtotl1sm00","6","FAAt705","BEA_API"
1911,15,"Military facilities",23,"i3gtotl1sm00","6","FAAt705","BEA_API"
1912,15,"Military facilities",22,"i3gtotl1sm00","6","FAAt705","BEA_API"
1913,15,"Military facilities",15,"i3gtotl1sm00","6","FAAt705","BEA_API"
1914,15,"Military facilities",15,"i3gtotl1sm00","6","FAAt705","BEA_API"
1915,15,"Military facilities",17,"i3gtotl1sm00","6","FAAt705","BEA_API"
1916,15,"Military facilities",21,"i3gtotl1sm00","6","FAAt705","BEA_API"
1917,15,"Military facilities",586,"i3gtotl1sm00","6","FAAt705","BEA_API"
1918,15,"Military facilities",1499,"i3gtotl1sm00","6","FAAt705","BEA_API"
1919,15,"Military facilities",1038,"i3gtotl1sm00","6","FAAt705","BEA_API"
1920,15,"Military facilities",161,"i3gtotl1sm00","6","FAAt705","BEA_API"
1921,15,"Military facilities",49,"i3gtotl1sm00","6","FAAt705","BEA_API"
1922,15,"Military facilities",25,"i3gtotl1sm00","6","FAAt705","BEA_API"
1923,15,"Military facilities",16,"i3gtotl1sm00","6","FAAt705","BEA_API"
1924,15,"Military facilities",9,"i3gtotl1sm00","6","FAAt705","BEA_API"
1925,15,"Military facilities",8,"i3gtotl1sm00","6","FAAt705","BEA_API"
1926,15,"Military facilities",11,"i3gtotl1sm00","6","FAAt705","BEA_API"
1927,15,"Military facilities",12,"i3gtotl1sm00","6","FAAt705","BEA_API"
1928,15,"Military facilities",15,"i3gtotl1sm00","6","FAAt705","BEA_API"
1929,15,"Military facilities",24,"i3gtotl1sm00","6","FAAt705","BEA_API"
1930,15,"Military facilities",37,"i3gtotl1sm00","6","FAAt705","BEA_API"
1931,15,"Military facilities",51,"i3gtotl1sm00","6","FAAt705","BEA_API"
1932,15,"Military facilities",43,"i3gtotl1sm00","6","FAAt705","BEA_API"
1933,15,"Military facilities",45,"i3gtotl1sm00","6","FAAt705","BEA_API"
1934,15,"Military facilities",60,"i3gtotl1sm00","6","FAAt705","BEA_API"
1935,15,"Military facilities",48,"i3gtotl1sm00","6","FAAt705","BEA_API"
1936,15,"Military facilities",73,"i3gtotl1sm00","6","FAAt705","BEA_API"
1937,15,"Military facilities",89,"i3gtotl1sm00","6","FAAt705","BEA_API"
1938,15,"Military facilities",118,"i3gtotl1sm00","6","FAAt705","BEA_API"
1939,15,"Military facilities",154,"i3gtotl1sm00","6","FAAt705","BEA_API"
1940,15,"Military facilities",465,"i3gtotl1sm00","6","FAAt705","BEA_API"
1941,15,"Military facilities",2076,"i3gtotl1sm00","6","FAAt705","BEA_API"
1942,15,"Military facilities",6464,"i3gtotl1sm00","6","FAAt705","BEA_API"
1943,15,"Military facilities",3258,"i3gtotl1sm00","6","FAAt705","BEA_API"
1944,15,"Military facilities",1059,"i3gtotl1sm00","6","FAAt705","BEA_API"
1945,15,"Military facilities",856,"i3gtotl1sm00","6","FAAt705","BEA_API"
1946,15,"Military facilities",82,"i3gtotl1sm00","6","FAAt705","BEA_API"
1947,15,"Military facilities",149,"i3gtotl1sm00","6","FAAt705","BEA_API"
1948,15,"Military facilities",186,"i3gtotl1sm00","6","FAAt705","BEA_API"
1949,15,"Military facilities",177,"i3gtotl1sm00","6","FAAt705","BEA_API"
1950,15,"Military facilities",223,"i3gtotl1sm00","6","FAAt705","BEA_API"
1951,15,"Military facilities",1023,"i3gtotl1sm00","6","FAAt705","BEA_API"
1952,15,"Military facilities",1568,"i3gtotl1sm00","6","FAAt705","BEA_API"
1953,15,"Military facilities",1514,"i3gtotl1sm00","6","FAAt705","BEA_API"
1954,15,"Military facilities",1206,"i3gtotl1sm00","6","FAAt705","BEA_API"
1955,15,"Military facilities",1449,"i3gtotl1sm00","6","FAAt705","BEA_API"
1956,15,"Military facilities",1635,"i3gtotl1sm00","6","FAAt705","BEA_API"
1957,15,"Military facilities",1600,"i3gtotl1sm00","6","FAAt705","BEA_API"
1958,15,"Military facilities",1735,"i3gtotl1sm00","6","FAAt705","BEA_API"
1959,15,"Military facilities",1690,"i3gtotl1sm00","6","FAAt705","BEA_API"
1960,15,"Military facilities",1551,"i3gtotl1sm00","6","FAAt705","BEA_API"
1961,15,"Military facilities",1593,"i3gtotl1sm00","6","FAAt705","BEA_API"
1962,15,"Military facilities",1451,"i3gtotl1sm00","6","FAAt705","BEA_API"
1963,15,"Military facilities",1281,"i3gtotl1sm00","6","FAAt705","BEA_API"
1964,15,"Military facilities",1018,"i3gtotl1sm00","6","FAAt705","BEA_API"
1965,15,"Military facilities",906,"i3gtotl1sm00","6","FAAt705","BEA_API"
1966,15,"Military facilities",1049,"i3gtotl1sm00","6","FAAt705","BEA_API"
1967,15,"Military facilities",1007,"i3gtotl1sm00","6","FAAt705","BEA_API"
1968,15,"Military facilities",982,"i3gtotl1sm00","6","FAAt705","BEA_API"
1969,15,"Military facilities",1133,"i3gtotl1sm00","6","FAAt705","BEA_API"
1970,15,"Military facilities",991,"i3gtotl1sm00","6","FAAt705","BEA_API"
1971,15,"Military facilities",1264,"i3gtotl1sm00","6","FAAt705","BEA_API"
1972,15,"Military facilities",1161,"i3gtotl1sm00","6","FAAt705","BEA_API"
1973,15,"Military facilities",1439,"i3gtotl1sm00","6","FAAt705","BEA_API"
1974,15,"Military facilities",1443,"i3gtotl1sm00","6","FAAt705","BEA_API"
1975,15,"Military facilities",1672,"i3gtotl1sm00","6","FAAt705","BEA_API"
1976,15,"Military facilities",1558,"i3gtotl1sm00","6","FAAt705","BEA_API"
1977,15,"Military facilities",1713,"i3gtotl1sm00","6","FAAt705","BEA_API"
1978,15,"Military facilities",1775,"i3gtotl1sm00","6","FAAt705","BEA_API"
1979,15,"Military facilities",1754,"i3gtotl1sm00","6","FAAt705","BEA_API"
1980,15,"Military facilities",2139,"i3gtotl1sm00","6","FAAt705","BEA_API"
1981,15,"Military facilities",1961,"i3gtotl1sm00","6","FAAt705","BEA_API"
1982,15,"Military facilities",2346,"i3gtotl1sm00","6","FAAt705","BEA_API"
1983,15,"Military facilities",2788,"i3gtotl1sm00","6","FAAt705","BEA_API"
1984,15,"Military facilities",2967,"i3gtotl1sm00","6","FAAt705","BEA_API"
1985,15,"Military facilities",3604,"i3gtotl1sm00","6","FAAt705","BEA_API"
1986,15,"Military facilities",4252,"i3gtotl1sm00","6","FAAt705","BEA_API"
1987,15,"Military facilities",5000,"i3gtotl1sm00","6","FAAt705","BEA_API"
1988,15,"Military facilities",4857,"i3gtotl1sm00","6","FAAt705","BEA_API"
1989,15,"Military facilities",3960,"i3gtotl1sm00","6","FAAt705","BEA_API"
1990,15,"Military facilities",3479,"i3gtotl1sm00","6","FAAt705","BEA_API"
1991,15,"Military facilities",2356,"i3gtotl1sm00","6","FAAt705","BEA_API"
1992,15,"Military facilities",3179,"i3gtotl1sm00","6","FAAt705","BEA_API"
1993,15,"Military facilities",3409,"i3gtotl1sm00","6","FAAt705","BEA_API"
1994,15,"Military facilities",3721,"i3gtotl1sm00","6","FAAt705","BEA_API"
1995,15,"Military facilities",4642,"i3gtotl1sm00","6","FAAt705","BEA_API"
1996,15,"Military facilities",4302,"i3gtotl1sm00","6","FAAt705","BEA_API"
1997,15,"Military facilities",4223,"i3gtotl1sm00","6","FAAt705","BEA_API"
1998,15,"Military facilities",4266,"i3gtotl1sm00","6","FAAt705","BEA_API"
1999,15,"Military facilities",3951,"i3gtotl1sm00","6","FAAt705","BEA_API"
2000,15,"Military facilities",4040,"i3gtotl1sm00","6","FAAt705","BEA_API"
2001,15,"Military facilities",3737,"i3gtotl1sm00","6","FAAt705","BEA_API"
2002,15,"Military facilities",4306,"i3gtotl1sm00","6","FAAt705","BEA_API"
2003,15,"Military facilities",5052,"i3gtotl1sm00","6","FAAt705","BEA_API"
2004,15,"Military facilities",5190,"i3gtotl1sm00","6","FAAt705","BEA_API"
2005,15,"Military facilities",5237,"i3gtotl1sm00","6","FAAt705","BEA_API"
2006,15,"Military facilities",5997,"i3gtotl1sm00","6","FAAt705","BEA_API"
2007,15,"Military facilities",7960,"i3gtotl1sm00","6","FAAt705","BEA_API"
2008,15,"Military facilities",11277,"i3gtotl1sm00","6","FAAt705","BEA_API"
2009,15,"Military facilities",15124,"i3gtotl1sm00","6","FAAt705","BEA_API"
2010,15,"Military facilities",14392,"i3gtotl1sm00","6","FAAt705","BEA_API"
2011,15,"Military facilities",11201,"i3gtotl1sm00","6","FAAt705","BEA_API"
2012,15,"Military facilities",6477,"i3gtotl1sm00","6","FAAt705","BEA_API"
2013,15,"Military facilities",5996,"i3gtotl1sm00","6","FAAt705","BEA_API"
2014,15,"Military facilities",5808,"i3gtotl1sm00","6","FAAt705","BEA_API"
2015,15,"Military facilities",5825,"i3gtotl1sm00","6","FAAt705","BEA_API"
2016,15,"Military facilities",5763,"i3gtotl1sm00","6","FAAt705","BEA_API"
2017,15,"Military facilities",6388,"i3gtotl1sm00","6","FAAt705","BEA_API"
2018,15,"Military facilities",6902,"i3gtotl1sm00","6","FAAt705","BEA_API"
2019,15,"Military facilities",7567,"i3gtotl1sm00","6","FAAt705","BEA_API"
2020,15,"Military facilities",9417,"i3gtotl1sm00","6","FAAt705","BEA_API"
2021,15,"Military facilities",9063,"i3gtotl1sm00","6","FAAt705","BEA_API"
2022,15,"Military facilities",9965,"i3gtotl1sm00","6","FAAt705","BEA_API"
2023,15,"Military facilities",10816,"i3gtotl1sm00","6","FAAt705","BEA_API"
2024,15,"Military facilities",12618,"i3gtotl1sm00","6","FAAt705","BEA_API"
1901,16,"Conservation and development",11,"i3gtotl1sv00","6","FAAt705","BEA_API"
1902,16,"Conservation and development",10,"i3gtotl1sv00","6","FAAt705","BEA_API"
1903,16,"Conservation and development",10,"i3gtotl1sv00","6","FAAt705","BEA_API"
1904,16,"Conservation and development",13,"i3gtotl1sv00","6","FAAt705","BEA_API"
1905,16,"Conservation and development",14,"i3gtotl1sv00","6","FAAt705","BEA_API"
1906,16,"Conservation and development",17,"i3gtotl1sv00","6","FAAt705","BEA_API"
1907,16,"Conservation and development",20,"i3gtotl1sv00","6","FAAt705","BEA_API"
1908,16,"Conservation and development",22,"i3gtotl1sv00","6","FAAt705","BEA_API"
1909,16,"Conservation and development",24,"i3gtotl1sv00","6","FAAt705","BEA_API"
1910,16,"Conservation and development",23,"i3gtotl1sv00","6","FAAt705","BEA_API"
1911,16,"Conservation and development",23,"i3gtotl1sv00","6","FAAt705","BEA_API"
1912,16,"Conservation and development",24,"i3gtotl1sv00","6","FAAt705","BEA_API"
1913,16,"Conservation and development",26,"i3gtotl1sv00","6","FAAt705","BEA_API"
1914,16,"Conservation and development",31,"i3gtotl1sv00","6","FAAt705","BEA_API"
1915,16,"Conservation and development",29,"i3gtotl1sv00","6","FAAt705","BEA_API"
1916,16,"Conservation and development",29,"i3gtotl1sv00","6","FAAt705","BEA_API"
1917,16,"Conservation and development",32,"i3gtotl1sv00","6","FAAt705","BEA_API"
1918,16,"Conservation and development",26,"i3gtotl1sv00","6","FAAt705","BEA_API"
1919,16,"Conservation and development",38,"i3gtotl1sv00","6","FAAt705","BEA_API"
1920,16,"Conservation and development",47,"i3gtotl1sv00","6","FAAt705","BEA_API"
1921,16,"Conservation and development",43,"i3gtotl1sv00","6","FAAt705","BEA_API"
1922,16,"Conservation and development",39,"i3gtotl1sv00","6","FAAt705","BEA_API"
1923,16,"Conservation and development",50,"i3gtotl1sv00","6","FAAt705","BEA_API"
1924,16,"Conservation and development",59,"i3gtotl1sv00","6","FAAt705","BEA_API"
1925,16,"Conservation and development",56,"i3gtotl1sv00","6","FAAt705","BEA_API"
1926,16,"Conservation and development",51,"i3gtotl1sv00","6","FAAt705","BEA_API"
1927,16,"Conservation and development",57,"i3gtotl1sv00","6","FAAt705","BEA_API"
1928,16,"Conservation and development",74,"i3gtotl1sv00","6","FAAt705","BEA_API"
1929,16,"Conservation and development",87,"i3gtotl1sv00","6","FAAt705","BEA_API"
1930,16,"Conservation and development",147,"i3gtotl1sv00","6","FAAt705","BEA_API"
1931,16,"Conservation and development",176,"i3gtotl1sv00","6","FAAt705","BEA_API"
1932,16,"Conservation and development",213,"i3gtotl1sv00","6","FAAt705","BEA_API"
1933,16,"Conservation and development",342,"i3gtotl1sv00","6","FAAt705","BEA_API"
1934,16,"Conservation and development",437,"i3gtotl1sv00","6","FAAt705","BEA_API"
1935,16,"Conservation and development",562,"i3gtotl1sv00","6","FAAt705","BEA_API"
1936,16,"Conservation and development",544,"i3gtotl1sv00","6","FAAt705","BEA_API"
1937,16,"Conservation and development",512,"i3gtotl1sv00","6","FAAt705","BEA_API"
1938,16,"Conservation and development",469,"i3gtotl1sv00","6","FAAt705","BEA_API"
1939,16,"Conservation and development",508,"i3gtotl1sv00","6","FAAt705","BEA_API"
1940,16,"Conservation and development",387,"i3gtotl1sv00","6","FAAt705","BEA_API"
1941,16,"Conservation and development",323,"i3gtotl1sv00","6","FAAt705","BEA_API"
1942,16,"Conservation and development",231,"i3gtotl1sv00","6","FAAt705","BEA_API"
1943,16,"Conservation and development",248,"i3gtotl1sv00","6","FAAt705","BEA_API"
1944,16,"Conservation and development",222,"i3gtotl1sv00","6","FAAt705","BEA_API"
1945,16,"Conservation and development",215,"i3gtotl1sv00","6","FAAt705","BEA_API"
1946,16,"Conservation and development",195,"i3gtotl1sv00","6","FAAt705","BEA_API"
1947,16,"Conservation and development",252,"i3gtotl1sv00","6","FAAt705","BEA_API"
1948,16,"Conservation and development",379,"i3gtotl1sv00","6","FAAt705","BEA_API"
1949,16,"Conservation and development",417,"i3gtotl1sv00","6","FAAt705","BEA_API"
1950,16,"Conservation and development",403,"i3gtotl1sv00","6","FAAt705","BEA_API"
1951,16,"Conservation and development",474,"i3gtotl1sv00","6","FAAt705","BEA_API"
1952,16,"Conservation and development",550,"i3gtotl1sv00","6","FAAt705","BEA_API"
1953,16,"Conservation and development",405,"i3gtotl1sv00","6","FAAt705","BEA_API"
1954,16,"Conservation and development",504,"i3gtotl1sv00","6","FAAt705","BEA_API"
1955,16,"Conservation and development",746,"i3gtotl1sv00","6","FAAt705","BEA_API"
1956,16,"Conservation and development",702,"i3gtotl1sv00","6","FAAt705","BEA_API"
1957,16,"Conservation and development",692,"i3gtotl1sv00","6","FAAt705","BEA_API"
1958,16,"Conservation and development",731,"i3gtotl1sv00","6","FAAt705","BEA_API"
1959,16,"Conservation and development",795,"i3gtotl1sv00","6","FAAt705","BEA_API"
1960,16,"Conservation and development",836,"i3gtotl1sv00","6","FAAt705","BEA_API"
1961,16,"Conservation and development",878,"i3gtotl1sv00","6","FAAt705","BEA_API"
1962,16,"Conservation and development",1037,"i3gtotl1sv00","6","FAAt705","BEA_API"
1963,16,"Conservation and development",1242,"i3gtotl1sv00","6","FAAt705","BEA_API"
1964,16,"Conservation and development",1298,"i3gtotl1sv00","6","FAAt705","BEA_API"
1965,16,"Conservation and development",1540,"i3gtotl1sv00","6","FAAt705","BEA_API"
1966,16,"Conservation and development",1631,"i3gtotl1sv00","6","FAAt705","BEA_API"
1967,16,"Conservation and development",1590,"i3gtotl1sv00","6","FAAt705","BEA_API"
1968,16,"Conservation and development",1441,"i3gtotl1sv00","6","FAAt705","BEA_API"
1969,16,"Conservation and development",1322,"i3gtotl1sv00","6","FAAt705","BEA_API"
1970,16,"Conservation and development",1316,"i3gtotl1sv00","6","FAAt705","BEA_API"
1971,16,"Conservation and development",1222,"i3gtotl1sv00","6","FAAt705","BEA_API"
1972,16,"Conservation and development",1437,"i3gtotl1sv00","6","FAAt705","BEA_API"
1973,16,"Conservation and development",1568,"i3gtotl1sv00","6","FAAt705","BEA_API"
1974,16,"Conservation and development",1770,"i3gtotl1sv00","6","FAAt705","BEA_API"
1975,16,"Conservation and development",1827,"i3gtotl1sv00","6","FAAt705","BEA_API"
1976,16,"Conservation and development",1749,"i3gtotl1sv00","6","FAAt705","BEA_API"
1977,16,"Conservation and development",1741,"i3gtotl1sv00","6","FAAt705","BEA_API"
1978,16,"Conservation and development",1813,"i3gtotl1sv00","6","FAAt705","BEA_API"
1979,16,"Conservation and development",2026,"i3gtotl1sv00","6","FAAt705","BEA_API"
1980,16,"Conservation and development",2284,"i3gtotl1sv00","6","FAAt705","BEA_API"
1981,16,"Conservation and development",3535,"i3gtotl1sv00","6","FAAt705","BEA_API"
1982,16,"Conservation and development",3607,"i3gtotl1sv00","6","FAAt705","BEA_API"
1983,16,"Conservation and development",3179,"i3gtotl1sv00","6","FAAt705","BEA_API"
1984,16,"Conservation and development",2998,"i3gtotl1sv00","6","FAAt705","BEA_API"
1985,16,"Conservation and development",3090,"i3gtotl1sv00","6","FAAt705","BEA_API"
1986,16,"Conservation and development",2885,"i3gtotl1sv00","6","FAAt705","BEA_API"
1987,16,"Conservation and development",3091,"i3gtotl1sv00","6","FAAt705","BEA_API"
1988,16,"Conservation and development",3098,"i3gtotl1sv00","6","FAAt705","BEA_API"
1989,16,"Conservation and development",3712,"i3gtotl1sv00","6","FAAt705","BEA_API"
1990,16,"Conservation and development",3486,"i3gtotl1sv00","6","FAAt705","BEA_API"
1991,16,"Conservation and development",3658,"i3gtotl1sv00","6","FAAt705","BEA_API"
1992,16,"Conservation and development",3235,"i3gtotl1sv00","6","FAAt705","BEA_API"
1993,16,"Conservation and development",3208,"i3gtotl1sv00","6","FAAt705","BEA_API"
1994,16,"Conservation and development",4123,"i3gtotl1sv00","6","FAAt705","BEA_API"
1995,16,"Conservation and development",6367,"i3gtotl1sv00","6","FAAt705","BEA_API"
1996,16,"Conservation and development",11316,"i3gtotl1sv00","6","FAAt705","BEA_API"
1997,16,"Conservation and development",3727,"i3gtotl1sv00","6","FAAt705","BEA_API"
1998,16,"Conservation and development",3695,"i3gtotl1sv00","6","FAAt705","BEA_API"
1999,16,"Conservation and development",4092,"i3gtotl1sv00","6","FAAt705","BEA_API"
2000,16,"Conservation and development",4661,"i3gtotl1sv00","6","FAAt705","BEA_API"
2001,16,"Conservation and development",4664,"i3gtotl1sv00","6","FAAt705","BEA_API"
2002,16,"Conservation and development",4351,"i3gtotl1sv00","6","FAAt705","BEA_API"
2003,16,"Conservation and development",4231,"i3gtotl1sv00","6","FAAt705","BEA_API"
2004,16,"Conservation and development",4611,"i3gtotl1sv00","6","FAAt705","BEA_API"
2005,16,"Conservation and development",4517,"i3gtotl1sv00","6","FAAt705","BEA_API"
2006,16,"Conservation and development",5599,"i3gtotl1sv00","6","FAAt705","BEA_API"
2007,16,"Conservation and development",8780,"i3gtotl1sv00","6","FAAt705","BEA_API"
2008,16,"Conservation and development",6707,"i3gtotl1sv00","6","FAAt705","BEA_API"
2009,16,"Conservation and development",7229,"i3gtotl1sv00","6","FAAt705","BEA_API"
2010,16,"Conservation and development",8606,"i3gtotl1sv00","6","FAAt705","BEA_API"
2011,16,"Conservation and development",8597,"i3gtotl1sv00","6","FAAt705","BEA_API"
2012,16,"Conservation and development",7555,"i3gtotl1sv00","6","FAAt705","BEA_API"
2013,16,"Conservation and development",5776,"i3gtotl1sv00","6","FAAt705","BEA_API"
2014,16,"Conservation and development",6115,"i3gtotl1sv00","6","FAAt705","BEA_API"
2015,16,"Conservation and development",7820,"i3gtotl1sv00","6","FAAt705","BEA_API"
2016,16,"Conservation and development",9560,"i3gtotl1sv00","6","FAAt705","BEA_API"
2017,16,"Conservation and development",12668,"i3gtotl1sv00","6","FAAt705","BEA_API"
2018,16,"Conservation and development",10601,"i3gtotl1sv00","6","FAAt705","BEA_API"
2019,16,"Conservation and development",10860,"i3gtotl1sv00","6","FAAt705","BEA_API"
2020,16,"Conservation and development",9814,"i3gtotl1sv00","6","FAAt705","BEA_API"
2021,16,"Conservation and development",9213,"i3gtotl1sv00","6","FAAt705","BEA_API"
2022,16,"Conservation and development",11001,"i3gtotl1sv00","6","FAAt705","BEA_API"
2023,16,"Conservation and development",13325,"i3gtotl1sv00","6","FAAt705","BEA_API"
2024,16,"Conservation and development",13321,"i3gtotl1sv00","6","FAAt705","BEA_API"
1901,17,"Other structures",42,"i3gtotl1sx00","6","FAAt705","BEA_API"
1902,17,"Other structures",37,"i3gtotl1sx00","6","FAAt705","BEA_API"
1903,17,"Other structures",50,"i3gtotl1sx00","6","FAAt705","BEA_API"
1904,17,"Other structures",48,"i3gtotl1sx00","6","FAAt705","BEA_API"
1905,17,"Other structures",50,"i3gtotl1sx00","6","FAAt705","BEA_API"
1906,17,"Other structures",53,"i3gtotl1sx00","6","FAAt705","BEA_API"
1907,17,"Other structures",63,"i3gtotl1sx00","6","FAAt705","BEA_API"
1908,17,"Other structures",76,"i3gtotl1sx00","6","FAAt705","BEA_API"
1909,17,"Other structures",70,"i3gtotl1sx00","6","FAAt705","BEA_API"
1910,17,"Other structures",76,"i3gtotl1sx00","6","FAAt705","BEA_API"
1911,17,"Other structures",86,"i3gtotl1sx00","6","FAAt705","BEA_API"
1912,17,"Other structures",83,"i3gtotl1sx00","6","FAAt705","BEA_API"
1913,17,"Other structures",89,"i3gtotl1sx00","6","FAAt705","BEA_API"
1914,17,"Other structures",92,"i3gtotl1sx00","6","FAAt705","BEA_API"
1915,17,"Other structures",109,"i3gtotl1sx00","6","FAAt705","BEA_API"
1916,17,"Other structures",98,"i3gtotl1sx00","6","FAAt705","BEA_API"
1917,17,"Other structures",94,"i3gtotl1sx00","6","FAAt705","BEA_API"
1918,17,"Other structures",97,"i3gtotl1sx00","6","FAAt705","BEA_API"
1919,17,"Other structures",127,"i3gtotl1sx00","6","FAAt705","BEA_API"
1920,17,"Other structures",157,"i3gtotl1sx00","6","FAAt705","BEA_API"
1921,17,"Other structures",182,"i3gtotl1sx00","6","FAAt705","BEA_API"
1922,17,"Other structures",206,"i3gtotl1sx00","6","FAAt705","BEA_API"
1923,17,"Other structures",208,"i3gtotl1sx00","6","FAAt705","BEA_API"
1924,17,"Other structures",268,"i3gtotl1sx00","6","FAAt705","BEA_API"
1925,17,"Other structures",285,"i3gtotl1sx00","6","FAAt705","BEA_API"
1926,17,"Other structures",293,"i3gtotl1sx00","6","FAAt705","BEA_API"
1927,17,"Other structures",323,"i3gtotl1sx00","6","FAAt705","BEA_API"
1928,17,"Other structures",313,"i3gtotl1sx00","6","FAAt705","BEA_API"
1929,17,"Other structures",264,"i3gtotl1sx00","6","FAAt705","BEA_API"
1930,17,"Other structures",354,"i3gtotl1sx00","6","FAAt705","BEA_API"
1931,17,"Other structures",280,"i3gtotl1sx00","6","FAAt705","BEA_API"
1932,17,"Other structures",164,"i3gtotl1sx00","6","FAAt705","BEA_API"
1933,17,"Other structures",101,"i3gtotl1sx00","6","FAAt705","BEA_API"
1934,17,"Other structures",182,"i3gtotl1sx00","6","FAAt705","BEA_API"
1935,17,"Other structures",184,"i3gtotl1sx00","6","FAAt705","BEA_API"
1936,17,"Other structures",358,"i3gtotl1sx00","6","FAAt705","BEA_API"
1937,17,"Other structures",325,"i3gtotl1sx00","6","FAAt705","BEA_API"
1938,17,"Other structures",376,"i3gtotl1sx00","6","FAAt705","BEA_API"
1939,17,"Other structures",399,"i3gtotl1sx00","6","FAAt705","BEA_API"
1940,17,"Other structures",369,"i3gtotl1sx00","6","FAAt705","BEA_API"
1941,17,"Other structures",276,"i3gtotl1sx00","6","FAAt705","BEA_API"
1942,17,"Other structures",185,"i3gtotl1sx00","6","FAAt705","BEA_API"
1943,17,"Other structures",111,"i3gtotl1sx00","6","FAAt705","BEA_API"
1944,17,"Other structures",79,"i3gtotl1sx00","6","FAAt705","BEA_API"
1945,17,"Other structures",91,"i3gtotl1sx00","6","FAAt705","BEA_API"
1946,17,"Other structures",206,"i3gtotl1sx00","6","FAAt705","BEA_API"
1947,17,"Other structures",388,"i3gtotl1sx00","6","FAAt705","BEA_API"
1948,17,"Other structures",566,"i3gtotl1sx00","6","FAAt705","BEA_API"
1949,17,"Other structures",675,"i3gtotl1sx00","6","FAAt705","BEA_API"
1950,17,"Other structures",718,"i3gtotl1sx00","6","FAAt705","BEA_API"
1951,17,"Other structures",841,"i3gtotl1sx00","6","FAAt705","BEA_API"
1952,17,"Other structures",847,"i3gtotl1sx00","6","FAAt705","BEA_API"
1953,17,"Other structures",951,"i3gtotl1sx00","6","FAAt705","BEA_API"
1954,17,"Other structures",1042,"i3gtotl1sx00","6","FAAt705","BEA_API"
1955,17,"Other structures",1162,"i3gtotl1sx00","6","FAAt705","BEA_API"
1956,17,"Other structures",1361,"i3gtotl1sx00","6","FAAt705","BEA_API"
1957,17,"Other structures",1439,"i3gtotl1sx00","6","FAAt705","BEA_API"
1958,17,"Other structures",1492,"i3gtotl1sx00","6","FAAt705","BEA_API"
1959,17,"Other structures",1618,"i3gtotl1sx00","6","FAAt705","BEA_API"
1960,17,"Other structures",1634,"i3gtotl1sx00","6","FAAt705","BEA_API"
1961,17,"Other structures",1746,"i3gtotl1sx00","6","FAAt705","BEA_API"
1962,17,"Other structures",1953,"i3gtotl1sx00","6","FAAt705","BEA_API"
1963,17,"Other structures",1995,"i3gtotl1sx00","6","FAAt705","BEA_API"
1964,17,"Other structures",2486,"i3gtotl1sx00","6","FAAt705","BEA_API"
1965,17,"Other structures",2674,"i3gtotl1sx00","6","FAAt705","BEA_API"
1966,17,"Other structures",2598,"i3gtotl1sx00","6","FAAt705","BEA_API"
1967,17,"Other structures",2525,"i3gtotl1sx00","6","FAAt705","BEA_API"
1968,17,"Other structures",3261,"i3gtotl1sx00","6","FAAt705","BEA_API"
1969,17,"Other structures",2906,"i3gtotl1sx00","6","FAAt705","BEA_API"
1970,17,"Other structures",2883,"i3gtotl1sx00","6","FAAt705","BEA_API"
1971,17,"Other structures",3092,"i3gtotl1sx00","6","FAAt705","BEA_API"
1972,17,"Other structures",3348,"i3gtotl1sx00","6","FAAt705","BEA_API"
1973,17,"Other structures",3833,"i3gtotl1sx00","6","FAAt705","BEA_API"
1974,17,"Other structures",5095,"i3gtotl1sx00","6","FAAt705","BEA_API"
1975,17,"Other structures",5950,"i3gtotl1sx00","6","FAAt705","BEA_API"
1976,17,"Other structures",6405,"i3gtotl1sx00","6","FAAt705","BEA_API"
1977,17,"Other structures",6032,"i3gtotl1sx00","6","FAAt705","BEA_API"
1978,17,"Other structures",7692,"i3gtotl1sx00","6","FAAt705","BEA_API"
1979,17,"Other structures",8517,"i3gtotl1sx00","6","FAAt705","BEA_API"
1980,17,"Other structures",10350,"i3gtotl1sx00","6","FAAt705","BEA_API"
1981,17,"Other structures",9530,"i3gtotl1sx00","6","FAAt705","BEA_API"
1982,17,"Other structures",9278,"i3gtotl1sx00","6","FAAt705","BEA_API"
1983,17,"Other structures",8338,"i3gtotl1sx00","6","FAAt705","BEA_API"
1984,17,"Other structures",9817,"i3gtotl1sx00","6","FAAt705","BEA_API"
1985,17,"Other structures",10601,"i3gtotl1sx00","6","FAAt705","BEA_API"
1986,17,"Other structures",12046,"i3gtotl1sx00","6","FAAt705","BEA_API"
1987,17,"Other structures",14039,"i3gtotl1sx00","6","FAAt705","BEA_API"
1988,17,"Other structures",14560,"i3gtotl1sx00","6","FAAt705","BEA_API"
1989,17,"Other structures",14694,"i3gtotl1sx00","6","FAAt705","BEA_API"
1990,17,"Other structures",16020,"i3gtotl1sx00","6","FAAt705","BEA_API"
1991,17,"Other structures",16622,"i3gtotl1sx00","6","FAAt705","BEA_API"
1992,17,"Other structures",16345,"i3gtotl1sx00","6","FAAt705","BEA_API"
1993,17,"Other structures",15320,"i3gtotl1sx00","6","FAAt705","BEA_API"
1994,17,"Other structures",14644,"i3gtotl1sx00","6","FAAt705","BEA_API"
1995,17,"Other structures",14660,"i3gtotl1sx00","6","FAAt705","BEA_API"
1996,17,"Other structures",16909,"i3gtotl1sx00","6","FAAt705","BEA_API"
1997,17,"Other structures",17876,"i3gtotl1sx00","6","FAAt705","BEA_API"
1998,17,"Other structures",18223,"i3gtotl1sx00","6","FAAt705","BEA_API"
1999,17,"Other structures",19029,"i3gtotl1sx00","6","FAAt705","BEA_API"
2000,17,"Other structures",18984,"i3gtotl1sx00","6","FAAt705","BEA_API"
2001,17,"Other structures",20431,"i3gtotl1sx00","6","FAAt705","BEA_API"
2002,17,"Other structures",23171,"i3gtotl1sx00","6","FAAt705","BEA_API"
2003,17,"Other structures",25485,"i3gtotl1sx00","6","FAAt705","BEA_API"
2004,17,"Other structures",26444,"i3gtotl1sx00","6","FAAt705","BEA_API"
2005,17,"Other structures",28022,"i3gtotl1sx00","6","FAAt705","BEA_API"
2006,17,"Other structures",31348,"i3gtotl1sx00","6","FAAt705","BEA_API"
2007,17,"Other structures",34540,"i3gtotl1sx00","6","FAAt705","BEA_API"
2008,17,"Other structures",35046,"i3gtotl1sx00","6","FAAt705","BEA_API"
2009,17,"Other structures",36296,"i3gtotl1sx00","6","FAAt705","BEA_API"
2010,17,"Other structures",37195,"i3gtotl1sx00","6","FAAt705","BEA_API"
2011,17,"Other structures",36874,"i3gtotl1sx00","6","FAAt705","BEA_API"
2012,17,"Other structures",34600,"i3gtotl1sx00","6","FAAt705","BEA_API"
2013,17,"Other structures",33862,"i3gtotl1sx00","6","FAAt705","BEA_API"
2014,17,"Other structures",33785,"i3gtotl1sx00","6","FAAt705","BEA_API"
2015,17,"Other structures",35028,"i3gtotl1sx00","6","FAAt705","BEA_API"
2016,17,"Other structures",35482,"i3gtotl1sx00","6","FAAt705","BEA_API"
2017,17,"Other structures",35591,"i3gtotl1sx00","6","FAAt705","BEA_API"
2018,17,"Other structures",37340,"i3gtotl1sx00","6","FAAt705","BEA_API"
2019,17,"Other structures",38122,"i3gtotl1sx00","6","FAAt705","BEA_API"
2020,17,"Other structures",39317,"i3gtotl1sx00","6","FAAt705","BEA_API"
2021,17,"Other structures",40567,"i3gtotl1sx00","6","FAAt705","BEA_API"
2022,17,"Other structures",43560,"i3gtotl1sx00","6","FAAt705","BEA_API"
2023,17,"Other structures",51039,"i3gtotl1sx00","6","FAAt705","BEA_API"
2024,17,"Other structures",57167,"i3gtotl1sx00","6","FAAt705","BEA_API"
1920,18,"Intellectual property products",18,"i3gtotl1ip00","6","FAAt705","BEA_API"
1921,18,"Intellectual property products",20,"i3gtotl1ip00","6","FAAt705","BEA_API"
1922,18,"Intellectual property products",21,"i3gtotl1ip00","6","FAAt705","BEA_API"
1923,18,"Intellectual property products",21,"i3gtotl1ip00","6","FAAt705","BEA_API"
1924,18,"Intellectual property products",22,"i3gtotl1ip00","6","FAAt705","BEA_API"
1925,18,"Intellectual property products",23,"i3gtotl1ip00","6","FAAt705","BEA_API"
1926,18,"Intellectual property products",24,"i3gtotl1ip00","6","FAAt705","BEA_API"
1927,18,"Intellectual property products",25,"i3gtotl1ip00","6","FAAt705","BEA_API"
1928,18,"Intellectual property products",26,"i3gtotl1ip00","6","FAAt705","BEA_API"
1929,18,"Intellectual property products",62,"i3gtotl1ip00","6","FAAt705","BEA_API"
1930,18,"Intellectual property products",80,"i3gtotl1ip00","6","FAAt705","BEA_API"
1931,18,"Intellectual property products",94,"i3gtotl1ip00","6","FAAt705","BEA_API"
1932,18,"Intellectual property products",115,"i3gtotl1ip00","6","FAAt705","BEA_API"
1933,18,"Intellectual property products",105,"i3gtotl1ip00","6","FAAt705","BEA_API"
1934,18,"Intellectual property products",92,"i3gtotl1ip00","6","FAAt705","BEA_API"
1935,18,"Intellectual property products",91,"i3gtotl1ip00","6","FAAt705","BEA_API"
1936,18,"Intellectual property products",103,"i3gtotl1ip00","6","FAAt705","BEA_API"
1937,18,"Intellectual property products",107,"i3gtotl1ip00","6","FAAt705","BEA_API"
1938,18,"Intellectual property products",118,"i3gtotl1ip00","6","FAAt705","BEA_API"
1939,18,"Intellectual property products",126,"i3gtotl1ip00","6","FAAt705","BEA_API"
1940,18,"Intellectual property products",137,"i3gtotl1ip00","6","FAAt705","BEA_API"
1941,18,"Intellectual property products",324,"i3gtotl1ip00","6","FAAt705","BEA_API"
1942,18,"Intellectual property products",508,"i3gtotl1ip00","6","FAAt705","BEA_API"
1943,18,"Intellectual property products",933,"i3gtotl1ip00","6","FAAt705","BEA_API"
1944,18,"Intellectual property products",1553,"i3gtotl1ip00","6","FAAt705","BEA_API"
1945,18,"Intellectual property products",1530,"i3gtotl1ip00","6","FAAt705","BEA_API"
1946,18,"Intellectual property products",1407,"i3gtotl1ip00","6","FAAt705","BEA_API"
1947,18,"Intellectual property products",1389,"i3gtotl1ip00","6","FAAt705","BEA_API"
1948,18,"Intellectual property products",1594,"i3gtotl1ip00","6","FAAt705","BEA_API"
1949,18,"Intellectual property products",1723,"i3gtotl1ip00","6","FAAt705","BEA_API"
1950,18,"Intellectual property products",1883,"i3gtotl1ip00","6","FAAt705","BEA_API"
1951,18,"Intellectual property products",2103,"i3gtotl1ip00","6","FAAt705","BEA_API"
1952,18,"Intellectual property products",2376,"i3gtotl1ip00","6","FAAt705","BEA_API"
1953,18,"Intellectual property products",2684,"i3gtotl1ip00","6","FAAt705","BEA_API"
1954,18,"Intellectual property products",3042,"i3gtotl1ip00","6","FAAt705","BEA_API"
1955,18,"Intellectual property products",3586,"i3gtotl1ip00","6","FAAt705","BEA_API"
1956,18,"Intellectual property products",4846,"i3gtotl1ip00","6","FAAt705","BEA_API"
1957,18,"Intellectual property products",5880,"i3gtotl1ip00","6","FAAt705","BEA_API"
1958,18,"Intellectual property products",6427,"i3gtotl1ip00","6","FAAt705","BEA_API"
1959,18,"Intellectual property products",7005,"i3gtotl1ip00","6","FAAt705","BEA_API"
1960,18,"Intellectual property products",7828,"i3gtotl1ip00","6","FAAt705","BEA_API"
1961,18,"Intellectual property products",8807,"i3gtotl1ip00","6","FAAt705","BEA_API"
1962,18,"Intellectual property products",9867,"i3gtotl1ip00","6","FAAt705","BEA_API"
1963,18,"Intellectual property products",11705,"i3gtotl1ip00","6","FAAt705","BEA_API"
1964,18,"Intellectual property products",12920,"i3gtotl1ip00","6","FAAt705","BEA_API"
1965,18,"Intellectual property products",13804,"i3gtotl1ip00","6","FAAt705","BEA_API"
1966,18,"Intellectual property products",15404,"i3gtotl1ip00","6","FAAt705","BEA_API"
1967,18,"Intellectual property products",16179,"i3gtotl1ip00","6","FAAt705","BEA_API"
1968,18,"Intellectual property products",17044,"i3gtotl1ip00","6","FAAt705","BEA_API"
1969,18,"Intellectual property products",17724,"i3gtotl1ip00","6","FAAt705","BEA_API"
1970,18,"Intellectual property products",17584,"i3gtotl1ip00","6","FAAt705","BEA_API"
1971,18,"Intellectual property products",18054,"i3gtotl1ip00","6","FAAt705","BEA_API"
1972,18,"Intellectual property products",19305,"i3gtotl1ip00","6","FAAt705","BEA_API"
1973,18,"Intellectual property products",20344,"i3gtotl1ip00","6","FAAt705","BEA_API"
1974,18,"Intellectual property products",21489,"i3gtotl1ip00","6","FAAt705","BEA_API"
1975,18,"Intellectual property products",23279,"i3gtotl1ip00","6","FAAt705","BEA_API"
1976,18,"Intellectual property products",25522,"i3gtotl1ip00","6","FAAt705","BEA_API"
1977,18,"Intellectual property products",27892,"i3gtotl1ip00","6","FAAt705","BEA_API"
1978,18,"Intellectual property products",31023,"i3gtotl1ip00","6","FAAt705","BEA_API"
1979,18,"Intellectual property products",35010,"i3gtotl1ip00","6","FAAt705","BEA_API"
1980,18,"Intellectual property products",39561,"i3gtotl1ip00","6","FAAt705","BEA_API"
1981,18,"Intellectual property products",45021,"i3gtotl1ip00","6","FAAt705","BEA_API"
1982,18,"Intellectual property products",49653,"i3gtotl1ip00","6","FAAt705","BEA_API"
1983,18,"Intellectual property products",55217,"i3gtotl1ip00","6","FAAt705","BEA_API"
1984,18,"Intellectual property products",62229,"i3gtotl1ip00","6","FAAt705","BEA_API"
1985,18,"Intellectual property products",70994,"i3gtotl1ip00","6","FAAt705","BEA_API"
1986,18,"Intellectual property products",75207,"i3gtotl1ip00","6","FAAt705","BEA_API"
1987,18,"Intellectual property products",81717,"i3gtotl1ip00","6","FAAt705","BEA_API"
1988,18,"Intellectual property products",85124,"i3gtotl1ip00","6","FAAt705","BEA_API"
1989,18,"Intellectual property products",87786,"i3gtotl1ip00","6","FAAt705","BEA_API"
1990,18,"Intellectual property products",91124,"i3gtotl1ip00","6","FAAt705","BEA_API"
1991,18,"Intellectual property products",91418,"i3gtotl1ip00","6","FAAt705","BEA_API"
1992,18,"Intellectual property products",91607,"i3gtotl1ip00","6","FAAt705","BEA_API"
1993,18,"Intellectual property products",91397,"i3gtotl1ip00","6","FAAt705","BEA_API"
1994,18,"Intellectual property products",92034,"i3gtotl1ip00","6","FAAt705","BEA_API"
1995,18,"Intellectual property products",94044,"i3gtotl1ip00","6","FAAt705","BEA_API"
1996,18,"Intellectual property products",95492,"i3gtotl1ip00","6","FAAt705","BEA_API"
1997,18,"Intellectual property products",98339,"i3gtotl1ip00","6","FAAt705","BEA_API"
1998,18,"Intellectual property products",102296,"i3gtotl1ip00","6","FAAt705","BEA_API"
1999,18,"Intellectual property products",106533,"i3gtotl1ip00","6","FAAt705","BEA_API"
2000,18,"Intellectual property products",113150,"i3gtotl1ip00","6","FAAt705","BEA_API"
2001,18,"Intellectual property products",119681,"i3gtotl1ip00","6","FAAt705","BEA_API"
2002,18,"Intellectual property products",127130,"i3gtotl1ip00","6","FAAt705","BEA_API"
2003,18,"Intellectual property products",135697,"i3gtotl1ip00","6","FAAt705","BEA_API"
2004,18,"Intellectual property products",144050,"i3gtotl1ip00","6","FAAt705","BEA_API"
2005,18,"Intellectual property products",152421,"i3gtotl1ip00","6","FAAt705","BEA_API"
2006,18,"Intellectual property products",159067,"i3gtotl1ip00","6","FAAt705","BEA_API"
2007,18,"Intellectual property products",166652,"i3gtotl1ip00","6","FAAt705","BEA_API"
2008,18,"Intellectual property products",173416,"i3gtotl1ip00","6","FAAt705","BEA_API"
2009,18,"Intellectual property products",175536,"i3gtotl1ip00","6","FAAt705","BEA_API"
2010,18,"Intellectual property products",181592,"i3gtotl1ip00","6","FAAt705","BEA_API"
2011,18,"Intellectual property products",185455,"i3gtotl1ip00","6","FAAt705","BEA_API"
2012,18,"Intellectual property products",186158,"i3gtotl1ip00","6","FAAt705","BEA_API"
2013,18,"Intellectual property products",189208,"i3gtotl1ip00","6","FAAt705","BEA_API"
2014,18,"Intellectual property products",190341,"i3gtotl1ip00","6","FAAt705","BEA_API"
2015,18,"Intellectual property products",197095,"i3gtotl1ip00","6","FAAt705","BEA_API"
2016,18,"Intellectual property products",204438,"i3gtotl1ip00","6","FAAt705","BEA_API"
2017,18,"Intellectual property products",217745,"i3gtotl1ip00","6","FAAt705","BEA_API"
2018,18,"Intellectual property products",231856,"i3gtotl1ip00","6","FAAt705","BEA_API"
2019,18,"Intellectual property products",243226,"i3gtotl1ip00","6","FAAt705","BEA_API"
2020,18,"Intellectual property products",269979,"i3gtotl1ip00","6","FAAt705","BEA_API"
2021,18,"Intellectual property products",294158,"i3gtotl1ip00","6","FAAt705","BEA_API"
2022,18,"Intellectual property products",327289,"i3gtotl1ip00","6","FAAt705","BEA_API"
2023,18,"Intellectual property products",333953,"i3gtotl1ip00","6","FAAt705","BEA_API"
2024,18,"Intellectual property products",354828,"i3gtotl1ip00","6","FAAt705","BEA_API"
1959,19,"Software",1,"i3gtotl1ens0","6","FAAt705","BEA_API"
1960,19,"Software",35,"i3gtotl1ens0","6","FAAt705","BEA_API"
1961,19,"Software",51,"i3gtotl1ens0","6","FAAt705","BEA_API"
1962,19,"Software",65,"i3gtotl1ens0","6","FAAt705","BEA_API"
1963,19,"Software",112,"i3gtotl1ens0","6","FAAt705","BEA_API"
1964,19,"Software",136,"i3gtotl1ens0","6","FAAt705","BEA_API"
1965,19,"Software",171,"i3gtotl1ens0","6","FAAt705","BEA_API"
1966,19,"Software",257,"i3gtotl1ens0","6","FAAt705","BEA_API"
1967,19,"Software",317,"i3gtotl1ens0","6","FAAt705","BEA_API"
1968,19,"Software",380,"i3gtotl1ens0","6","FAAt705","BEA_API"
1969,19,"Software",541,"i3gtotl1ens0","6","FAAt705","BEA_API"
1970,19,"Software",752,"i3gtotl1ens0","6","FAAt705","BEA_API"
1971,19,"Software",826,"i3gtotl1ens0","6","FAAt705","BEA_API"
1972,19,"Software",944,"i3gtotl1ens0","6","FAAt705","BEA_API"
1973,19,"Software",1168,"i3gtotl1ens0","6","FAAt705","BEA_API"
1974,19,"Software",1463,"i3gtotl1ens0","6","FAAt705","BEA_API"
1975,19,"Software",1814,"i3gtotl1ens0","6","FAAt705","BEA_API"
1976,19,"Software",1973,"i3gtotl1ens0","6","FAAt705","BEA_API"
1977,19,"Software",2121,"i3gtotl1ens0","6","FAAt705","BEA_API"
1978,19,"Software",2510,"i3gtotl1ens0","6","FAAt705","BEA_API"
1979,19,"Software",3167,"i3gtotl1ens0","6","FAAt705","BEA_API"
1980,19,"Software",3901,"i3gtotl1ens0","6","FAAt705","BEA_API"
1981,19,"Software",4765,"i3gtotl1ens0","6","FAAt705","BEA_API"
1982,19,"Software",5445,"i3gtotl1ens0","6","FAAt705","BEA_API"
1983,19,"Software",6386,"i3gtotl1ens0","6","FAAt705","BEA_API"
1984,19,"Software",7672,"i3gtotl1ens0","6","FAAt705","BEA_API"
1985,19,"Software",8926,"i3gtotl1ens0","6","FAAt705","BEA_API"
1986,19,"Software",9750,"i3gtotl1ens0","6","FAAt705","BEA_API"
1987,19,"Software",10795,"i3gtotl1ens0","6","FAAt705","BEA_API"
1988,19,"Software",12427,"i3gtotl1ens0","6","FAAt705","BEA_API"
1989,19,"Software",14711,"i3gtotl1ens0","6","FAAt705","BEA_API"
1990,19,"Software",16150,"i3gtotl1ens0","6","FAAt705","BEA_API"
1991,19,"Software",17396,"i3gtotl1ens0","6","FAAt705","BEA_API"
1992,19,"Software",18370,"i3gtotl1ens0","6","FAAt705","BEA_API"
1993,19,"Software",18598,"i3gtotl1ens0","6","FAAt705","BEA_API"
1994,19,"Software",18393,"i3gtotl1ens0","6","FAAt705","BEA_API"
1995,19,"Software",18558,"i3gtotl1ens0","6","FAAt705","BEA_API"
1996,19,"Software",19213,"i3gtotl1ens0","6","FAAt705","BEA_API"
1997,19,"Software",20675,"i3gtotl1ens0","6","FAAt705","BEA_API"
1998,19,"Software",23247,"i3gtotl1ens0","6","FAAt705","BEA_API"
1999,19,"Software",25043,"i3gtotl1ens0","6","FAAt705","BEA_API"
2000,19,"Software",27113,"i3gtotl1ens0","6","FAAt705","BEA_API"
2001,19,"Software",27836,"i3gtotl1ens0","6","FAAt705","BEA_API"
2002,19,"Software",26068,"i3gtotl1ens0","6","FAAt705","BEA_API"
2003,19,"Software",26362,"i3gtotl1ens0","6","FAAt705","BEA_API"
2004,19,"Software",27597,"i3gtotl1ens0","6","FAAt705","BEA_API"
2005,19,"Software",29358,"i3gtotl1ens0","6","FAAt705","BEA_API"
2006,19,"Software",31132,"i3gtotl1ens0","6","FAAt705","BEA_API"
2007,19,"Software",33205,"i3gtotl1ens0","6","FAAt705","BEA_API"
2008,19,"Software",35290,"i3gtotl1ens0","6","FAAt705","BEA_API"
2009,19,"Software",34877,"i3gtotl1ens0","6","FAAt705","BEA_API"
2010,19,"Software",36059,"i3gtotl1ens0","6","FAAt705","BEA_API"
2011,19,"Software",38039,"i3gtotl1ens0","6","FAAt705","BEA_API"
2012,19,"Software",39081,"i3gtotl1ens0","6","FAAt705","BEA_API"
2013,19,"Software",45905,"i3gtotl1ens0","6","FAAt705","BEA_API"
2014,19,"Software",49209,"i3gtotl1ens0","6","FAAt705","BEA_API"
2015,19,"Software",51624,"i3gtotl1ens0","6","FAAt705","BEA_API"
2016,19,"Software",57772,"i3gtotl1ens0","6","FAAt705","BEA_API"
2017,19,"Software",65239,"i3gtotl1ens0","6","FAAt705","BEA_API"
2018,19,"Software",72532,"i3gtotl1ens0","6","FAAt705","BEA_API"
2019,19,"Software",78881,"i3gtotl1ens0","6","FAAt705","BEA_API"
2020,19,"Software",84265,"i3gtotl1ens0","6","FAAt705","BEA_API"
2021,19,"Software",94410,"i3gtotl1ens0","6","FAAt705","BEA_API"
2022,19,"Software",105158,"i3gtotl1ens0","6","FAAt705","BEA_API"
2023,19,"Software",112612,"i3gtotl1ens0","6","FAAt705","BEA_API"
2024,19,"Software",122021,"i3gtotl1ens0","6","FAAt705","BEA_API"
1920,20,"Research and development",18,"i3gtotl1rd00","6","FAAt705","BEA_API"
1921,20,"Research and development",20,"i3gtotl1rd00","6","FAAt705","BEA_API"
1922,20,"Research and development",21,"i3gtotl1rd00","6","FAAt705","BEA_API"
1923,20,"Research and development",21,"i3gtotl1rd00","6","FAAt705","BEA_API"
1924,20,"Research and development",22,"i3gtotl1rd00","6","FAAt705","BEA_API"
1925,20,"Research and development",23,"i3gtotl1rd00","6","FAAt705","BEA_API"
1926,20,"Research and development",24,"i3gtotl1rd00","6","FAAt705","BEA_API"
1927,20,"Research and development",25,"i3gtotl1rd00","6","FAAt705","BEA_API"
1928,20,"Research and development",26,"i3gtotl1rd00","6","FAAt705","BEA_API"
1929,20,"Research and development",62,"i3gtotl1rd00","6","FAAt705","BEA_API"
1930,20,"Research and development",80,"i3gtotl1rd00","6","FAAt705","BEA_API"
1931,20,"Research and development",94,"i3gtotl1rd00","6","FAAt705","BEA_API"
1932,20,"Research and development",115,"i3gtotl1rd00","6","FAAt705","BEA_API"
1933,20,"Research and development",105,"i3gtotl1rd00","6","FAAt705","BEA_API"
1934,20,"Research and development",92,"i3gtotl1rd00","6","FAAt705","BEA_API"
1935,20,"Research and development",91,"i3gtotl1rd00","6","FAAt705","BEA_API"
1936,20,"Research and development",103,"i3gtotl1rd00","6","FAAt705","BEA_API"
1937,20,"Research and development",107,"i3gtotl1rd00","6","FAAt705","BEA_API"
1938,20,"Research and development",118,"i3gtotl1rd00","6","FAAt705","BEA_API"
1939,20,"Research and development",126,"i3gtotl1rd00","6","FAAt705","BEA_API"
1940,20,"Research and development",137,"i3gtotl1rd00","6","FAAt705","BEA_API"
1941,20,"Research and development",324,"i3gtotl1rd00","6","FAAt705","BEA_API"
1942,20,"Research and development",508,"i3gtotl1rd00","6","FAAt705","BEA_API"
1943,20,"Research and development",933,"i3gtotl1rd00","6","FAAt705","BEA_API"
1944,20,"Research and development",1553,"i3gtotl1rd00","6","FAAt705","BEA_API"
1945,20,"Research and development",1530,"i3gtotl1rd00","6","FAAt705","BEA_API"
1946,20,"Research and development",1407,"i3gtotl1rd00","6","FAAt705","BEA_API"
1947,20,"Research and development",1389,"i3gtotl1rd00","6","FAAt705","BEA_API"
1948,20,"Research and development",1594,"i3gtotl1rd00","6","FAAt705","BEA_API"
1949,20,"Research and development",1723,"i3gtotl1rd00","6","FAAt705","BEA_API"
1950,20,"Research and development",1883,"i3gtotl1rd00","6","FAAt705","BEA_API"
1951,20,"Research and development",2103,"i3gtotl1rd00","6","FAAt705","BEA_API"
1952,20,"Research and development",2376,"i3gtotl1rd00","6","FAAt705","BEA_API"
1953,20,"Research and development",2684,"i3gtotl1rd00","6","FAAt705","BEA_API"
1954,20,"Research and development",3042,"i3gtotl1rd00","6","FAAt705","BEA_API"
1955,20,"Research and development",3586,"i3gtotl1rd00","6","FAAt705","BEA_API"
1956,20,"Research and development",4846,"i3gtotl1rd00","6","FAAt705","BEA_API"
1957,20,"Research and development",5880,"i3gtotl1rd00","6","FAAt705","BEA_API"
1958,20,"Research and development",6427,"i3gtotl1rd00","6","FAAt705","BEA_API"
1959,20,"Research and development",7004,"i3gtotl1rd00","6","FAAt705","BEA_API"
1960,20,"Research and development",7793,"i3gtotl1rd00","6","FAAt705","BEA_API"
1961,20,"Research and development",8756,"i3gtotl1rd00","6","FAAt705","BEA_API"
1962,20,"Research and development",9802,"i3gtotl1rd00","6","FAAt705","BEA_API"
1963,20,"Research and development",11593,"i3gtotl1rd00","6","FAAt705","BEA_API"
1964,20,"Research and development",12784,"i3gtotl1rd00","6","FAAt705","BEA_API"
1965,20,"Research and development",13633,"i3gtotl1rd00","6","FAAt705","BEA_API"
1966,20,"Research and development",15147,"i3gtotl1rd00","6","FAAt705","BEA_API"
1967,20,"Research and development",15862,"i3gtotl1rd00","6","FAAt705","BEA_API"
1968,20,"Research and development",16664,"i3gtotl1rd00","6","FAAt705","BEA_API"
1969,20,"Research and development",17183,"i3gtotl1rd00","6","FAAt705","BEA_API"
1970,20,"Research and development",16832,"i3gtotl1rd00","6","FAAt705","BEA_API"
1971,20,"Research and development",17228,"i3gtotl1rd00","6","FAAt705","BEA_API"
1972,20,"Research and development",18361,"i3gtotl1rd00","6","FAAt705","BEA_API"
1973,20,"Research and development",19176,"i3gtotl1rd00","6","FAAt705","BEA_API"
1974,20,"Research and development",20026,"i3gtotl1rd00","6","FAAt705","BEA_API"
1975,20,"Research and development",21465,"i3gtotl1rd00","6","FAAt705","BEA_API"
1976,20,"Research and development",23549,"i3gtotl1rd00","6","FAAt705","BEA_API"
1977,20,"Research and development",25771,"i3gtotl1rd00","6","FAAt705","BEA_API"
1978,20,"Research and development",28513,"i3gtotl1rd00","6","FAAt705","BEA_API"
1979,20,"Research and development",31843,"i3gtotl1rd00","6","FAAt705","BEA_API"
1980,20,"Research and development",35660,"i3gtotl1rd00","6","FAAt705","BEA_API"
1981,20,"Research and development",40256,"i3gtotl1rd00","6","FAAt705","BEA_API"
1982,20,"Research and development",44208,"i3gtotl1rd00","6","FAAt705","BEA_API"
1983,20,"Research and development",48831,"i3gtotl1rd00","6","FAAt705","BEA_API"
1984,20,"Research and development",54557,"i3gtotl1rd00","6","FAAt705","BEA_API"
1985,20,"Research and development",62068,"i3gtotl1rd00","6","FAAt705","BEA_API"
1986,20,"Research and development",65457,"i3gtotl1rd00","6","FAAt705","BEA_API"
1987,20,"Research and development",70922,"i3gtotl1rd00","6","FAAt705","BEA_API"
1988,20,"Research and development",72697,"i3gtotl1rd00","6","FAAt705","BEA_API"
1989,20,"Research and development",73075,"i3gtotl1rd00","6","FAAt705","BEA_API"
1990,20,"Research and development",74974,"i3gtotl1rd00","6","FAAt705","BEA_API"
1991,20,"Research and development",74022,"i3gtotl1rd00","6","FAAt705","BEA_API"
1992,20,"Research and development",73237,"i3gtotl1rd00","6","FAAt705","BEA_API"
1993,20,"Research and development",72799,"i3gtotl1rd00","6","FAAt705","BEA_API"
1994,20,"Research and development",73641,"i3gtotl1rd00","6","FAAt705","BEA_API"
1995,20,"Research and development",75486,"i3gtotl1rd00","6","FAAt705","BEA_API"
1996,20,"Research and development",76279,"i3gtotl1rd00","6","FAAt705","BEA_API"
1997,20,"Research and development",77664,"i3gtotl1rd00","6","FAAt705","BEA_API"
1998,20,"Research and development",79049,"i3gtotl1rd00","6","FAAt705","BEA_API"
1999,20,"Research and development",81490,"i3gtotl1rd00","6","FAAt705","BEA_API"
2000,20,"Research and development",86037,"i3gtotl1rd00","6","FAAt705","BEA_API"
2001,20,"Research and development",91845,"i3gtotl1rd00","6","FAAt705","BEA_API"
2002,20,"Research and development",101062,"i3gtotl1rd00","6","FAAt705","BEA_API"
2003,20,"Research and development",109335,"i3gtotl1rd00","6","FAAt705","BEA_API"
2004,20,"Research and development",116453,"i3gtotl1rd00","6","FAAt705","BEA_API"
2005,20,"Research and development",123062,"i3gtotl1rd00","6","FAAt705","BEA_API"
2006,20,"Research and development",127935,"i3gtotl1rd00","6","FAAt705","BEA_API"
2007,20,"Research and development",133446,"i3gtotl1rd00","6","FAAt705","BEA_API"
2008,20,"Research and development",138126,"i3gtotl1rd00","6","FAAt705","BEA_API"
2009,20,"Research and development",140659,"i3gtotl1rd00","6","FAAt705","BEA_API"
2010,20,"Research and development",145533,"i3gtotl1rd00","6","FAAt705","BEA_API"
2011,20,"Research and development",147416,"i3gtotl1rd00","6","FAAt705","BEA_API"
2012,20,"Research and development",147077,"i3gtotl1rd00","6","FAAt705","BEA_API"
2013,20,"Research and development",143302,"i3gtotl1rd00","6","FAAt705","BEA_API"
2014,20,"Research and development",141132,"i3gtotl1rd00","6","FAAt705","BEA_API"
2015,20,"Research and development",145471,"i3gtotl1rd00","6","FAAt705","BEA_API"
2016,20,"Research and development",146666,"i3gtotl1rd00","6","FAAt705","BEA_API"
2017,20,"Research and development",152506,"i3gtotl1rd00","6","FAAt705","BEA_API"
2018,20,"Research and development",159324,"i3gtotl1rd00","6","FAAt705","BEA_API"
2019,20,"Research and development",164346,"i3gtotl1rd00","6","FAAt705","BEA_API"
2020,20,"Research and development",185713,"i3gtotl1rd00","6","FAAt705","BEA_API"
2021,20,"Research and development",199748,"i3gtotl1rd00","6","FAAt705","BEA_API"
2022,20,"Research and development",222131,"i3gtotl1rd00","6","FAAt705","BEA_API"
2023,20,"Research and development",221341,"i3gtotl1rd00","6","FAAt705","BEA_API"
2024,20,"Research and development",232806,"i3gtotl1rd00","6","FAAt705","BEA_API"
1901,21,"Federal",38,"i3gfedr1es00","6","FAAt705","BEA_API"
1902,21,"Federal",42,"i3gfedr1es00","6","FAAt705","BEA_API"
1903,21,"Federal",49,"i3gfedr1es00","6","FAAt705","BEA_API"
1904,21,"Federal",68,"i3gfedr1es00","6","FAAt705","BEA_API"
1905,21,"Federal",78,"i3gfedr1es00","6","FAAt705","BEA_API"
1906,21,"Federal",79,"i3gfedr1es00","6","FAAt705","BEA_API"
1907,21,"Federal",74,"i3gfedr1es00","6","FAAt705","BEA_API"
1908,21,"Federal",80,"i3gfedr1es00","6","FAAt705","BEA_API"
1909,21,"Federal",93,"i3gfedr1es00","6","FAAt705","BEA_API"
1910,21,"Federal",95,"i3gfedr1es00","6","FAAt705","BEA_API"
1911,21,"Federal",90,"i3gfedr1es00","6","FAAt705","BEA_API"
1912,21,"Federal",91,"i3gfedr1es00","6","FAAt705","BEA_API"
1913,21,"Federal",79,"i3gfedr1es00","6","FAAt705","BEA_API"
1914,21,"Federal",83,"i3gfedr1es00","6","FAAt705","BEA_API"
1915,21,"Federal",90,"i3gfedr1es00","6","FAAt705","BEA_API"
1916,21,"Federal",84,"i3gfedr1es00","6","FAAt705","BEA_API"
1917,21,"Federal",1529,"i3gfedr1es00","6","FAAt705","BEA_API"
1918,21,"Federal",4328,"i3gfedr1es00","6","FAAt705","BEA_API"
1919,21,"Federal",1416,"i3gfedr1es00","6","FAAt705","BEA_API"
1920,21,"Federal",336,"i3gfedr1es00","6","FAAt705","BEA_API"
1921,21,"Federal",162,"i3gfedr1es00","6","FAAt705","BEA_API"
1922,21,"Federal",139,"i3gfedr1es00","6","FAAt705","BEA_API"
1923,21,"Federal",176,"i3gfedr1es00","6","FAAt705","BEA_API"
1924,21,"Federal",132,"i3gfedr1es00","6","FAAt705","BEA_API"
1925,21,"Federal",120,"i3gfedr1es00","6","FAAt705","BEA_API"
1926,21,"Federal",126,"i3gfedr1es00","6","FAAt705","BEA_API"
1927,21,"Federal",138,"i3gfedr1es00","6","FAAt705","BEA_API"
1928,21,"Federal",159,"i3gfedr1es00","6","FAAt705","BEA_API"
1929,21,"Federal",232,"i3gfedr1es00","6","FAAt705","BEA_API"
1930,21,"Federal",316,"i3gfedr1es00","6","FAAt705","BEA_API"
1931,21,"Federal",405,"i3gfedr1es00","6","FAAt705","BEA_API"
1932,21,"Federal",465,"i3gfedr1es00","6","FAAt705","BEA_API"
1933,21,"Federal",673,"i3gfedr1es00","6","FAAt705","BEA_API"
1934,21,"Federal",856,"i3gfedr1es00","6","FAAt705","BEA_API"
1935,21,"Federal",1201,"i3gfedr1es00","6","FAAt705","BEA_API"
1936,21,"Federal",1277,"i3gfedr1es00","6","FAAt705","BEA_API"
1937,21,"Federal",1281,"i3gfedr1es00","6","FAAt705","BEA_API"
1938,21,"Federal",1275,"i3gfedr1es00","6","FAAt705","BEA_API"
1939,21,"Federal",1205,"i3gfedr1es00","6","FAAt705","BEA_API"
1940,21,"Federal",1633,"i3gfedr1es00","6","FAAt705","BEA_API"
1941,21,"Federal",8466,"i3gfedr1es00","6","FAAt705","BEA_API"
1942,21,"Federal",27361,"i3gfedr1es00","6","FAAt705","BEA_API"
1943,21,"Federal",38958,"i3gfedr1es00","6","FAAt705","BEA_API"
1944,21,"Federal",37492,"i3gfedr1es00","6","FAAt705","BEA_API"
1945,21,"Federal",24540,"i3gfedr1es00","6","FAAt705","BEA_API"
1946,21,"Federal",3074,"i3gfedr1es00","6","FAAt705","BEA_API"
1947,21,"Federal",2776,"i3gfedr1es00","6","FAAt705","BEA_API"
1948,21,"Federal",4394,"i3gfedr1es00","6","FAAt705","BEA_API"
1949,21,"Federal",5920,"i3gfedr1es00","6","FAAt705","BEA_API"
1950,21,"Federal",5507,"i3gfedr1es00","6","FAAt705","BEA_API"
1951,21,"Federal",12458,"i3gfedr1es00","6","FAAt705","BEA_API"
1952,21,"Federal",17181,"i3gfedr1es00","6","FAAt705","BEA_API"
1953,21,"Federal",18480,"i3gfedr1es00","6","FAAt705","BEA_API"
1954,21,"Federal",16077,"i3gfedr1es00","6","FAAt705","BEA_API"
1955,21,"Federal",14466,"i3gfedr1es00","6","FAAt705","BEA_API"
1956,21,"Federal",15858,"i3gfedr1es00","6","FAAt705","BEA_API"
1957,21,"Federal",17559,"i3gfedr1es00","6","FAAt705","BEA_API"
1958,21,"Federal",18911,"i3gfedr1es00","6","FAAt705","BEA_API"
1959,21,"Federal",21786,"i3gfedr1es00","6","FAAt705","BEA_API"
1960,21,"Federal",21873,"i3gfedr1es00","6","FAAt705","BEA_API"
1961,21,"Federal",24550,"i3gfedr1es00","6","FAAt705","BEA_API"
1962,21,"Federal",26448,"i3gfedr1es00","6","FAAt705","BEA_API"
1963,21,"Federal",26673,"i3gfedr1es00","6","FAAt705","BEA_API"
1964,21,"Federal",27125,"i3gfedr1es00","6","FAAt705","BEA_API"
1965,21,"Federal",26734,"i3gfedr1es00","6","FAAt705","BEA_API"
1966,21,"Federal",30116,"i3gfedr1es00","6","FAAt705","BEA_API"
1967,21,"Federal",31937,"i3gfedr1es00","6","FAAt705","BEA_API"
1968,21,"Federal",31002,"i3gfedr1es00","6","FAAt705","BEA_API"
1969,21,"Federal",30587,"i3gfedr1es00","6","FAAt705","BEA_API"
1970,21,"Federal",30227,"i3gfedr1es00","6","FAAt705","BEA_API"
1971,21,"Federal",27393,"i3gfedr1es00","6","FAAt705","BEA_API"
1972,21,"Federal",29112,"i3gfedr1es00","6","FAAt705","BEA_API"
1973,21,"Federal",31514,"i3gfedr1es00","6","FAAt705","BEA_API"
1974,21,"Federal",35441,"i3gfedr1es00","6","FAAt705","BEA_API"
1975,21,"Federal",39375,"i3gfedr1es00","6","FAAt705","BEA_API"
1976,21,"Federal",44032,"i3gfedr1es00","6","FAAt705","BEA_API"
1977,21,"Federal",48349,"i3gfedr1es00","6","FAAt705","BEA_API"
1978,21,"Federal",53414,"i3gfedr1es00","6","FAAt705","BEA_API"
1979,21,"Federal",60338,"i3gfedr1es00","6","FAAt705","BEA_API"
1980,21,"Federal",68738,"i3gfedr1es00","6","FAAt705","BEA_API"
1981,21,"Federal",79956,"i3gfedr1es00","6","FAAt705","BEA_API"
1982,21,"Federal",89684,"i3gfedr1es00","6","FAAt705","BEA_API"
1983,21,"Federal",101585,"i3gfedr1es00","6","FAAt705","BEA_API"
1984,21,"Federal",114868,"i3gfedr1es00","6","FAAt705","BEA_API"
1985,21,"Federal",131491,"i3gfedr1es00","6","FAAt705","BEA_API"
1986,21,"Federal",140985,"i3gfedr1es00","6","FAAt705","BEA_API"
1987,21,"Federal",151468,"i3gfedr1es00","6","FAAt705","BEA_API"
1988,21,"Federal",147091,"i3gfedr1es00","6","FAAt705","BEA_API"
1989,21,"Federal",150647,"i3gfedr1es00","6","FAAt705","BEA_API"
1990,21,"Federal",157573,"i3gfedr1es00","6","FAAt705","BEA_API"
1991,21,"Federal",156398,"i3gfedr1es00","6","FAAt705","BEA_API"
1992,21,"Federal",155067,"i3gfedr1es00","6","FAAt705","BEA_API"
1993,21,"Federal",149322,"i3gfedr1es00","6","FAAt705","BEA_API"
1994,21,"Federal",144741,"i3gfedr1es00","6","FAAt705","BEA_API"
1995,21,"Federal",149217,"i3gfedr1es00","6","FAAt705","BEA_API"
1996,21,"Federal",157028,"i3gfedr1es00","6","FAAt705","BEA_API"
1997,21,"Federal",143830,"i3gfedr1es00","6","FAAt705","BEA_API"
1998,21,"Federal",147666,"i3gfedr1es00","6","FAAt705","BEA_API"
1999,21,"Federal",154698,"i3gfedr1es00","6","FAAt705","BEA_API"
2000,21,"Federal",157307,"i3gfedr1es00","6","FAAt705","BEA_API"
2001,21,"Federal",163711,"i3gfedr1es00","6","FAAt705","BEA_API"
2002,21,"Federal",181851,"i3gfedr1es00","6","FAAt705","BEA_API"
2003,21,"Federal",194348,"i3gfedr1es00","6","FAAt705","BEA_API"
2004,21,"Federal",207902,"i3gfedr1es00","6","FAAt705","BEA_API"
2005,21,"Federal",220942,"i3gfedr1es00","6","FAAt705","BEA_API"
2006,21,"Federal",234561,"i3gfedr1es00","6","FAAt705","BEA_API"
2007,21,"Federal",251209,"i3gfedr1es00","6","FAAt705","BEA_API"
2008,21,"Federal",270069,"i3gfedr1es00","6","FAAt705","BEA_API"
2009,21,"Federal",280494,"i3gfedr1es00","6","FAAt705","BEA_API"
2010,21,"Federal",294539,"i3gfedr1es00","6","FAAt705","BEA_API"
2011,21,"Federal",291786,"i3gfedr1es00","6","FAAt705","BEA_API"
2012,21,"Federal",282779,"i3gfedr1es00","6","FAAt705","BEA_API"
2013,21,"Federal",270014,"i3gfedr1es00","6","FAAt705","BEA_API"
2014,21,"Federal",265741,"i3gfedr1es00","6","FAAt705","BEA_API"
2015,21,"Federal",270013,"i3gfedr1es00","6","FAAt705","BEA_API"
2016,21,"Federal",275625,"i3gfedr1es00","6","FAAt705","BEA_API"
2017,21,"Federal",292293,"i3gfedr1es00","6","FAAt705","BEA_API"
2018,21,"Federal",309807,"i3gfedr1es00","6","FAAt705","BEA_API"
2019,21,"Federal",332429,"i3gfedr1es00","6","FAAt705","BEA_API"
2020,21,"Federal",365360,"i3gfedr1es00","6","FAAt705","BEA_API"
2021,21,"Federal",380349,"i3gfedr1es00","6","FAAt705","BEA_API"
2022,21,"Federal",409608,"i3gfedr1es00","6","FAAt705","BEA_API"
2023,21,"Federal",424801,"i3gfedr1es00","6","FAAt705","BEA_API"
2024,21,"Federal",448836,"i3gfedr1es00","6","FAAt705","BEA_API"
1901,22,"National defense",14,"i3gdefn1es00","6","FAAt705","BEA_API"
1902,22,"National defense",19,"i3gdefn1es00","6","FAAt705","BEA_API"
1903,22,"National defense",26,"i3gdefn1es00","6","FAAt705","BEA_API"
1904,22,"National defense",38,"i3gdefn1es00","6","FAAt705","BEA_API"
1905,22,"National defense",44,"i3gdefn1es00","6","FAAt705","BEA_API"
1906,22,"National defense",42,"i3gdefn1es00","6","FAAt705","BEA_API"
1907,22,"National defense",34,"i3gdefn1es00","6","FAAt705","BEA_API"
1908,22,"National defense",36,"i3gdefn1es00","6","FAAt705","BEA_API"
1909,22,"National defense",44,"i3gdefn1es00","6","FAAt705","BEA_API"
1910,22,"National defense",44,"i3gdefn1es00","6","FAAt705","BEA_API"
1911,22,"National defense",46,"i3gdefn1es00","6","FAAt705","BEA_API"
1912,22,"National defense",44,"i3gdefn1es00","6","FAAt705","BEA_API"
1913,22,"National defense",30,"i3gdefn1es00","6","FAAt705","BEA_API"
1914,22,"National defense",30,"i3gdefn1es00","6","FAAt705","BEA_API"
1915,22,"National defense",34,"i3gdefn1es00","6","FAAt705","BEA_API"
1916,22,"National defense",31,"i3gdefn1es00","6","FAAt705","BEA_API"
1917,22,"National defense",1463,"i3gdefn1es00","6","FAAt705","BEA_API"
1918,22,"National defense",4266,"i3gdefn1es00","6","FAAt705","BEA_API"
1919,22,"National defense",1335,"i3gdefn1es00","6","FAAt705","BEA_API"
1920,22,"National defense",236,"i3gdefn1es00","6","FAAt705","BEA_API"
1921,22,"National defense",64,"i3gdefn1es00","6","FAAt705","BEA_API"
1922,22,"National defense",50,"i3gdefn1es00","6","FAAt705","BEA_API"
1923,22,"National defense",32,"i3gdefn1es00","6","FAAt705","BEA_API"
1924,22,"National defense",19,"i3gdefn1es00","6","FAAt705","BEA_API"
1925,22,"National defense",25,"i3gdefn1es00","6","FAAt705","BEA_API"
1926,22,"National defense",31,"i3gdefn1es00","6","FAAt705","BEA_API"
1927,22,"National defense",39,"i3gdefn1es00","6","FAAt705","BEA_API"
1928,22,"National defense",48,"i3gdefn1es00","6","FAAt705","BEA_API"
1929,22,"National defense",55,"i3gdefn1es00","6","FAAt705","BEA_API"
1930,22,"National defense",87,"i3gdefn1es00","6","FAAt705","BEA_API"
1931,22,"National defense",110,"i3gdefn1es00","6","FAAt705","BEA_API"
1932,22,"National defense",102,"i3gdefn1es00","6","FAAt705","BEA_API"
1933,22,"National defense",120,"i3gdefn1es00","6","FAAt705","BEA_API"
1934,22,"National defense",139,"i3gdefn1es00","6","FAAt705","BEA_API"
1935,22,"National defense",126,"i3gdefn1es00","6","FAAt705","BEA_API"
1936,22,"National defense",290,"i3gdefn1es00","6","FAAt705","BEA_API"
1937,22,"National defense",353,"i3gdefn1es00","6","FAAt705","BEA_API"
1938,22,"National defense",346,"i3gdefn1es00","6","FAAt705","BEA_API"
1939,22,"National defense",355,"i3gdefn1es00","6","FAAt705","BEA_API"
1940,22,"National defense",837,"i3gdefn1es00","6","FAAt705","BEA_API"
1941,22,"National defense",7409,"i3gdefn1es00","6","FAAt705","BEA_API"
1942,22,"National defense",26365,"i3gdefn1es00","6","FAAt705","BEA_API"
1943,22,"National defense",38083,"i3gdefn1es00","6","FAAt705","BEA_API"
1944,22,"National defense",36756,"i3gdefn1es00","6","FAAt705","BEA_API"
1945,22,"National defense",23989,"i3gdefn1es00","6","FAAt705","BEA_API"
1946,22,"National defense",2742,"i3gdefn1es00","6","FAAt705","BEA_API"
1947,22,"National defense",2157,"i3gdefn1es00","6","FAAt705","BEA_API"
1948,22,"National defense",3248,"i3gdefn1es00","6","FAAt705","BEA_API"
1949,22,"National defense",4268,"i3gdefn1es00","6","FAAt705","BEA_API"
1950,22,"National defense",3664,"i3gdefn1es00","6","FAAt705","BEA_API"
1951,22,"National defense",10649,"i3gdefn1es00","6","FAAt705","BEA_API"
1952,22,"National defense",15254,"i3gdefn1es00","6","FAAt705","BEA_API"
1953,22,"National defense",16942,"i3gdefn1es00","6","FAAt705","BEA_API"
1954,22,"National defense",14625,"i3gdefn1es00","6","FAAt705","BEA_API"
1955,22,"National defense",12975,"i3gdefn1es00","6","FAAt705","BEA_API"
1956,22,"National defense",14050,"i3gdefn1es00","6","FAAt705","BEA_API"
1957,22,"National defense",15364,"i3gdefn1es00","6","FAAt705","BEA_API"
1958,22,"National defense",16237,"i3gdefn1es00","6","FAAt705","BEA_API"
1959,22,"National defense",18938,"i3gdefn1es00","6","FAAt705","BEA_API"
1960,22,"National defense",18277,"i3gdefn1es00","6","FAAt705","BEA_API"
1961,22,"National defense",20364,"i3gdefn1es00","6","FAAt705","BEA_API"
1962,22,"National defense",21143,"i3gdefn1es00","6","FAAt705","BEA_API"
1963,22,"National defense",19487,"i3gdefn1es00","6","FAAt705","BEA_API"
1964,22,"National defense",18339,"i3gdefn1es00","6","FAAt705","BEA_API"
1965,22,"National defense",16667,"i3gdefn1es00","6","FAAt705","BEA_API"
1966,22,"National defense",18717,"i3gdefn1es00","6","FAAt705","BEA_API"
1967,22,"National defense",21309,"i3gdefn1es00","6","FAAt705","BEA_API"
1968,22,"National defense",19929,"i3gdefn1es00","6","FAAt705","BEA_API"
1969,22,"National defense",19455,"i3gdefn1es00","6","FAAt705","BEA_API"
1970,22,"National defense",18932,"i3gdefn1es00","6","FAAt705","BEA_API"
1971,22,"National defense",15651,"i3gdefn1es00","6","FAAt705","BEA_API"
1972,22,"National defense",16280,"i3gdefn1es00","6","FAAt705","BEA_API"
1973,22,"National defense",17767,"i3gdefn1es00","6","FAAt705","BEA_API"
1974,22,"National defense",20369,"i3gdefn1es00","6","FAAt705","BEA_API"
1975,22,"National defense",22639,"i3gdefn1es00","6","FAAt705","BEA_API"
1976,22,"National defense",25619,"i3gdefn1es00","6","FAAt705","BEA_API"
1977,22,"National defense",27928,"i3gdefn1es00","6","FAAt705","BEA_API"
1978,22,"National defense",30045,"i3gdefn1es00","6","FAAt705","BEA_API"
1979,22,"National defense",34847,"i3gdefn1es00","6","FAAt705","BEA_API"
1980,22,"National defense",40177,"i3gdefn1es00","6","FAAt705","BEA_API"
1981,22,"National defense",48238,"i3gdefn1es00","6","FAAt705","BEA_API"
1982,22,"National defense",58182,"i3gdefn1es00","6","FAAt705","BEA_API"
1983,22,"National defense",69769,"i3gdefn1es00","6","FAAt705","BEA_API"
1984,22,"National defense",81064,"i3gdefn1es00","6","FAAt705","BEA_API"
1985,22,"National defense",95422,"i3gdefn1es00","6","FAAt705","BEA_API"
1986,22,"National defense",103408,"i3gdefn1es00","6","FAAt705","BEA_API"
1987,22,"National defense",110760,"i3gdefn1es00","6","FAAt705","BEA_API"
1988,22,"National defense",105453,"i3gdefn1es00","6","FAAt705","BEA_API"
1989,22,"National defense",105172,"i3gdefn1es00","6","FAAt705","BEA_API"
1990,22,"National defense",107327,"i3gdefn1es00","6","FAAt705","BEA_API"
1991,22,"National defense",101310,"i3gdefn1es00","6","FAAt705","BEA_API"
1992,22,"National defense",97171,"i3gdefn1es00","6","FAAt705","BEA_API"
1993,22,"National defense",89218,"i3gdefn1es00","6","FAAt705","BEA_API"
1994,22,"National defense",85775,"i3gdefn1es00","6","FAAt705","BEA_API"
1995,22,"National defense",84965,"i3gdefn1es00","6","FAAt705","BEA_API"
1996,22,"National defense",85008,"i3gdefn1es00","6","FAAt705","BEA_API"
1997,22,"National defense",78980,"i3gdefn1es00","6","FAAt705","BEA_API"
1998,22,"National defense",79256,"i3gdefn1es00","6","FAAt705","BEA_API"
1999,22,"National defense",81488,"i3gdefn1es00","6","FAAt705","BEA_API"
2000,22,"National defense",83418,"i3gdefn1es00","6","FAAt705","BEA_API"
2001,22,"National defense",87666,"i3gdefn1es00","6","FAAt705","BEA_API"
2002,22,"National defense",100413,"i3gdefn1es00","6","FAAt705","BEA_API"
2003,22,"National defense",109987,"i3gdefn1es00","6","FAAt705","BEA_API"
2004,22,"National defense",120840,"i3gdefn1es00","6","FAAt705","BEA_API"
2005,22,"National defense",131287,"i3gdefn1es00","6","FAAt705","BEA_API"
2006,22,"National defense",139307,"i3gdefn1es00","6","FAAt705","BEA_API"
2007,22,"National defense",150821,"i3gdefn1es00","6","FAAt705","BEA_API"
2008,22,"National defense",166628,"i3gdefn1es00","6","FAAt705","BEA_API"
2009,22,"National defense",172591,"i3gdefn1es00","6","FAAt705","BEA_API"
2010,22,"National defense",175416,"i3gdefn1es00","6","FAAt705","BEA_API"
2011,22,"National defense",170950,"i3gdefn1es00","6","FAAt705","BEA_API"
2012,22,"National defense",162528,"i3gdefn1es00","6","FAAt705","BEA_API"
2013,22,"National defense",154040,"i3gdefn1es00","6","FAAt705","BEA_API"
2014,22,"National defense",146947,"i3gdefn1es00","6","FAAt705","BEA_API"
2015,22,"National defense",145944,"i3gdefn1es00","6","FAAt705","BEA_API"
2016,22,"National defense",142936,"i3gdefn1es00","6","FAAt705","BEA_API"
2017,22,"National defense",148935,"i3gdefn1es00","6","FAAt705","BEA_API"
2018,22,"National defense",159871,"i3gdefn1es00","6","FAAt705","BEA_API"
2019,22,"National defense",174251,"i3gdefn1es00","6","FAAt705","BEA_API"
2020,22,"National defense",187759,"i3gdefn1es00","6","FAAt705","BEA_API"
2021,22,"National defense",189833,"i3gdefn1es00","6","FAAt705","BEA_API"
2022,22,"National defense",200201,"i3gdefn1es00","6","FAAt705","BEA_API"
2023,22,"National defense",214812,"i3gdefn1es00","6","FAAt705","BEA_API"
2024,22,"National defense",228030,"i3gdefn1es00","6","FAAt705","BEA_API"
1901,23,"Equipment",0,"i3gdefn1eq00","6","FAAt705","BEA_API"
1902,23,"Equipment",5,"i3gdefn1eq00","6","FAAt705","BEA_API"
1903,23,"Equipment",10,"i3gdefn1eq00","6","FAAt705","BEA_API"
1904,23,"Equipment",19,"i3gdefn1eq00","6","FAAt705","BEA_API"
1905,23,"Equipment",22,"i3gdefn1eq00","6","FAAt705","BEA_API"
1906,23,"Equipment",21,"i3gdefn1eq00","6","FAAt705","BEA_API"
1907,23,"Equipment",17,"i3gdefn1eq00","6","FAAt705","BEA_API"
1908,23,"Equipment",18,"i3gdefn1eq00","6","FAAt705","BEA_API"
1909,23,"Equipment",22,"i3gdefn1eq00","6","FAAt705","BEA_API"
1910,23,"Equipment",22,"i3gdefn1eq00","6","FAAt705","BEA_API"
1911,23,"Equipment",23,"i3gdefn1eq00","6","FAAt705","BEA_API"
1912,23,"Equipment",22,"i3gdefn1eq00","6","FAAt705","BEA_API"
1913,23,"Equipment",15,"i3gdefn1eq00","6","FAAt705","BEA_API"
1914,23,"Equipment",15,"i3gdefn1eq00","6","FAAt705","BEA_API"
1915,23,"Equipment",17,"i3gdefn1eq00","6","FAAt705","BEA_API"
1916,23,"Equipment",10,"i3gdefn1eq00","6","FAAt705","BEA_API"
1917,23,"Equipment",877,"i3gdefn1eq00","6","FAAt705","BEA_API"
1918,23,"Equipment",2767,"i3gdefn1eq00","6","FAAt705","BEA_API"
1919,23,"Equipment",297,"i3gdefn1eq00","6","FAAt705","BEA_API"
1920,23,"Equipment",75,"i3gdefn1eq00","6","FAAt705","BEA_API"
1921,23,"Equipment",15,"i3gdefn1eq00","6","FAAt705","BEA_API"
1922,23,"Equipment",25,"i3gdefn1eq00","6","FAAt705","BEA_API"
1923,23,"Equipment",16,"i3gdefn1eq00","6","FAAt705","BEA_API"
1924,23,"Equipment",10,"i3gdefn1eq00","6","FAAt705","BEA_API"
1925,23,"Equipment",17,"i3gdefn1eq00","6","FAAt705","BEA_API"
1926,23,"Equipment",20,"i3gdefn1eq00","6","FAAt705","BEA_API"
1927,23,"Equipment",27,"i3gdefn1eq00","6","FAAt705","BEA_API"
1928,23,"Equipment",33,"i3gdefn1eq00","6","FAAt705","BEA_API"
1929,23,"Equipment",14,"i3gdefn1eq00","6","FAAt705","BEA_API"
1930,23,"Equipment",24,"i3gdefn1eq00","6","FAAt705","BEA_API"
1931,23,"Equipment",35,"i3gdefn1eq00","6","FAAt705","BEA_API"
1932,23,"Equipment",26,"i3gdefn1eq00","6","FAAt705","BEA_API"
1933,23,"Equipment",43,"i3gdefn1eq00","6","FAAt705","BEA_API"
1934,23,"Equipment",43,"i3gdefn1eq00","6","FAAt705","BEA_API"
1935,23,"Equipment",42,"i3gdefn1eq00","6","FAAt705","BEA_API"
1936,23,"Equipment",84,"i3gdefn1eq00","6","FAAt705","BEA_API"
1937,23,"Equipment",94,"i3gdefn1eq00","6","FAAt705","BEA_API"
1938,23,"Equipment",113,"i3gdefn1eq00","6","FAAt705","BEA_API"
1939,23,"Equipment",148,"i3gdefn1eq00","6","FAAt705","BEA_API"
1940,23,"Equipment",199,"i3gdefn1eq00","6","FAAt705","BEA_API"
1941,23,"Equipment",3631,"i3gdefn1eq00","6","FAAt705","BEA_API"
1942,23,"Equipment",15739,"i3gdefn1eq00","6","FAAt705","BEA_API"
1943,23,"Equipment",31537,"i3gdefn1eq00","6","FAAt705","BEA_API"
1944,23,"Equipment",32954,"i3gdefn1eq00","6","FAAt705","BEA_API"
1945,23,"Equipment",20995,"i3gdefn1eq00","6","FAAt705","BEA_API"
1946,23,"Equipment",1228,"i3gdefn1eq00","6","FAAt705","BEA_API"
1947,23,"Equipment",797,"i3gdefn1eq00","6","FAAt705","BEA_API"
1948,23,"Equipment",1579,"i3gdefn1eq00","6","FAAt705","BEA_API"
1949,23,"Equipment",2565,"i3gdefn1eq00","6","FAAt705","BEA_API"
1950,23,"Equipment",1909,"i3gdefn1eq00","6","FAAt705","BEA_API"
1951,23,"Equipment",7127,"i3gdefn1eq00","6","FAAt705","BEA_API"
1952,23,"Equipment",10147,"i3gdefn1eq00","6","FAAt705","BEA_API"
1953,23,"Equipment",11388,"i3gdefn1eq00","6","FAAt705","BEA_API"
1954,23,"Equipment",9305,"i3gdefn1eq00","6","FAAt705","BEA_API"
1955,23,"Equipment",7817,"i3gdefn1eq00","6","FAAt705","BEA_API"
1956,23,"Equipment",7805,"i3gdefn1eq00","6","FAAt705","BEA_API"
1957,23,"Equipment",8194,"i3gdefn1eq00","6","FAAt705","BEA_API"
1958,23,"Equipment",8468,"i3gdefn1eq00","6","FAAt705","BEA_API"
1959,23,"Equipment",10700,"i3gdefn1eq00","6","FAAt705","BEA_API"
1960,23,"Equipment",10103,"i3gdefn1eq00","6","FAAt705","BEA_API"
1961,23,"Equipment",11486,"i3gdefn1eq00","6","FAAt705","BEA_API"
1962,23,"Equipment",12452,"i3gdefn1eq00","6","FAAt705","BEA_API"
1963,23,"Equipment",10912,"i3gdefn1eq00","6","FAAt705","BEA_API"
1964,23,"Equipment",10138,"i3gdefn1eq00","6","FAAt705","BEA_API"
1965,23,"Equipment",8863,"i3gdefn1eq00","6","FAAt705","BEA_API"
1966,23,"Equipment",10434,"i3gdefn1eq00","6","FAAt705","BEA_API"
1967,23,"Equipment",12233,"i3gdefn1eq00","6","FAAt705","BEA_API"
1968,23,"Equipment",10814,"i3gdefn1eq00","6","FAAt705","BEA_API"
1969,23,"Equipment",9721,"i3gdefn1eq00","6","FAAt705","BEA_API"
1970,23,"Equipment",9554,"i3gdefn1eq00","6","FAAt705","BEA_API"
1971,23,"Equipment",5450,"i3gdefn1eq00","6","FAAt705","BEA_API"
1972,23,"Equipment",5318,"i3gdefn1eq00","6","FAAt705","BEA_API"
1973,23,"Equipment",5957,"i3gdefn1eq00","6","FAAt705","BEA_API"
1974,23,"Equipment",8220,"i3gdefn1eq00","6","FAAt705","BEA_API"
1975,23,"Equipment",9858,"i3gdefn1eq00","6","FAAt705","BEA_API"
1976,23,"Equipment",12143,"i3gdefn1eq00","6","FAAt705","BEA_API"
1977,23,"Equipment",13256,"i3gdefn1eq00","6","FAAt705","BEA_API"
1978,23,"Equipment",14284,"i3gdefn1eq00","6","FAAt705","BEA_API"
1979,23,"Equipment",17450,"i3gdefn1eq00","6","FAAt705","BEA_API"
1980,23,"Equipment",19793,"i3gdefn1eq00","6","FAAt705","BEA_API"
1981,23,"Equipment",24117,"i3gdefn1eq00","6","FAAt705","BEA_API"
1982,23,"Equipment",29065,"i3gdefn1eq00","6","FAAt705","BEA_API"
1983,23,"Equipment",35179,"i3gdefn1eq00","6","FAAt705","BEA_API"
1984,23,"Equipment",41097,"i3gdefn1eq00","6","FAAt705","BEA_API"
1985,23,"Equipment",47868,"i3gdefn1eq00","6","FAAt705","BEA_API"
1986,23,"Equipment",52724,"i3gdefn1eq00","6","FAAt705","BEA_API"
1987,23,"Equipment",54967,"i3gdefn1eq00","6","FAAt705","BEA_API"
1988,23,"Equipment",49583,"i3gdefn1eq00","6","FAAt705","BEA_API"
1989,23,"Equipment",51527,"i3gdefn1eq00","6","FAAt705","BEA_API"
1990,23,"Equipment",54636,"i3gdefn1eq00","6","FAAt705","BEA_API"
1991,23,"Equipment",53350,"i3gdefn1eq00","6","FAAt705","BEA_API"
1992,23,"Equipment",50700,"i3gdefn1eq00","6","FAAt705","BEA_API"
1993,23,"Equipment",44701,"i3gdefn1eq00","6","FAAt705","BEA_API"
1994,23,"Equipment",41895,"i3gdefn1eq00","6","FAAt705","BEA_API"
1995,23,"Equipment",39840,"i3gdefn1eq00","6","FAAt705","BEA_API"
1996,23,"Equipment",39860,"i3gdefn1eq00","6","FAAt705","BEA_API"
1997,23,"Equipment",33642,"i3gdefn1eq00","6","FAAt705","BEA_API"
1998,23,"Equipment",34062,"i3gdefn1eq00","6","FAAt705","BEA_API"
1999,23,"Equipment",36845,"i3gdefn1eq00","6","FAAt705","BEA_API"
2000,23,"Equipment",37780,"i3gdefn1eq00","6","FAAt705","BEA_API"
2001,23,"Equipment",39852,"i3gdefn1eq00","6","FAAt705","BEA_API"
2002,23,"Equipment",46395,"i3gdefn1eq00","6","FAAt705","BEA_API"
2003,23,"Equipment",49955,"i3gdefn1eq00","6","FAAt705","BEA_API"
2004,23,"Equipment",55691,"i3gdefn1eq00","6","FAAt705","BEA_API"
2005,23,"Equipment",61416,"i3gdefn1eq00","6","FAAt705","BEA_API"
2006,23,"Equipment",66048,"i3gdefn1eq00","6","FAAt705","BEA_API"
2007,23,"Equipment",71774,"i3gdefn1eq00","6","FAAt705","BEA_API"
2008,23,"Equipment",82641,"i3gdefn1eq00","6","FAAt705","BEA_API"
2009,23,"Equipment",86555,"i3gdefn1eq00","6","FAAt705","BEA_API"
2010,23,"Equipment",89314,"i3gdefn1eq00","6","FAAt705","BEA_API"
2011,23,"Equipment",87348,"i3gdefn1eq00","6","FAAt705","BEA_API"
2012,23,"Equipment",85228,"i3gdefn1eq00","6","FAAt705","BEA_API"
2013,23,"Equipment",78826,"i3gdefn1eq00","6","FAAt705","BEA_API"
2014,23,"Equipment",74740,"i3gdefn1eq00","6","FAAt705","BEA_API"
2015,23,"Equipment",72605,"i3gdefn1eq00","6","FAAt705","BEA_API"
2016,23,"Equipment",72341,"i3gdefn1eq00","6","FAAt705","BEA_API"
2017,23,"Equipment",77264,"i3gdefn1eq00","6","FAAt705","BEA_API"
2018,23,"Equipment",84400,"i3gdefn1eq00","6","FAAt705","BEA_API"
2019,23,"Equipment",94658,"i3gdefn1eq00","6","FAAt705","BEA_API"
2020,23,"Equipment",95874,"i3gdefn1eq00","6","FAAt705","BEA_API"
2021,23,"Equipment",95999,"i3gdefn1eq00","6","FAAt705","BEA_API"
2022,23,"Equipment",93251,"i3gdefn1eq00","6","FAAt705","BEA_API"
2023,23,"Equipment",101400,"i3gdefn1eq00","6","FAAt705","BEA_API"
2024,23,"Equipment",108580,"i3gdefn1eq00","6","FAAt705","BEA_API"
1972,24,"Aircraft",-258,"i3gdefn1ea00","6","FAAt705","BEA_API"
1973,24,"Aircraft",324,"i3gdefn1ea00","6","FAAt705","BEA_API"
1974,24,"Aircraft",1376,"i3gdefn1ea00","6","FAAt705","BEA_API"
1975,24,"Aircraft",2745,"i3gdefn1ea00","6","FAAt705","BEA_API"
1976,24,"Aircraft",3373,"i3gdefn1ea00","6","FAAt705","BEA_API"
1977,24,"Aircraft",3707,"i3gdefn1ea00","6","FAAt705","BEA_API"
1978,24,"Aircraft",3669,"i3gdefn1ea00","6","FAAt705","BEA_API"
1979,24,"Aircraft",4821,"i3gdefn1ea00","6","FAAt705","BEA_API"
1980,24,"Aircraft",6107,"i3gdefn1ea00","6","FAAt705","BEA_API"
1981,24,"Aircraft",7416,"i3gdefn1ea00","6","FAAt705","BEA_API"
1982,24,"Aircraft",8378,"i3gdefn1ea00","6","FAAt705","BEA_API"
1983,24,"Aircraft",10057,"i3gdefn1ea00","6","FAAt705","BEA_API"
1984,24,"Aircraft",10876,"i3gdefn1ea00","6","FAAt705","BEA_API"
1985,24,"Aircraft",13374,"i3gdefn1ea00","6","FAAt705","BEA_API"
1986,24,"Aircraft",17892,"i3gdefn1ea00","6","FAAt705","BEA_API"
1987,24,"Aircraft",17533,"i3gdefn1ea00","6","FAAt705","BEA_API"
1988,24,"Aircraft",13504,"i3gdefn1ea00","6","FAAt705","BEA_API"
1989,24,"Aircraft",12166,"i3gdefn1ea00","6","FAAt705","BEA_API"
1990,24,"Aircraft",11738,"i3gdefn1ea00","6","FAAt705","BEA_API"
1991,24,"Aircraft",9199,"i3gdefn1ea00","6","FAAt705","BEA_API"
1992,24,"Aircraft",8316,"i3gdefn1ea00","6","FAAt705","BEA_API"
1993,24,"Aircraft",9328,"i3gdefn1ea00","6","FAAt705","BEA_API"
1994,24,"Aircraft",10441,"i3gdefn1ea00","6","FAAt705","BEA_API"
1995,24,"Aircraft",8988,"i3gdefn1ea00","6","FAAt705","BEA_API"
1996,24,"Aircraft",9139,"i3gdefn1ea00","6","FAAt705","BEA_API"
1997,24,"Aircraft",5777,"i3gdefn1ea00","6","FAAt705","BEA_API"
1998,24,"Aircraft",5753,"i3gdefn1ea00","6","FAAt705","BEA_API"
1999,24,"Aircraft",6966,"i3gdefn1ea00","6","FAAt705","BEA_API"
2000,24,"Aircraft",7735,"i3gdefn1ea00","6","FAAt705","BEA_API"
2001,24,"Aircraft",8467,"i3gdefn1ea00","6","FAAt705","BEA_API"
2002,24,"Aircraft",9647,"i3gdefn1ea00","6","FAAt705","BEA_API"
2003,24,"Aircraft",9230,"i3gdefn1ea00","6","FAAt705","BEA_API"
2004,24,"Aircraft",11054,"i3gdefn1ea00","6","FAAt705","BEA_API"
2005,24,"Aircraft",13516,"i3gdefn1ea00","6","FAAt705","BEA_API"
2006,24,"Aircraft",13595,"i3gdefn1ea00","6","FAAt705","BEA_API"
2007,24,"Aircraft",12888,"i3gdefn1ea00","6","FAAt705","BEA_API"
2008,24,"Aircraft",13505,"i3gdefn1ea00","6","FAAt705","BEA_API"
2009,24,"Aircraft",13801,"i3gdefn1ea00","6","FAAt705","BEA_API"
2010,24,"Aircraft",16670,"i3gdefn1ea00","6","FAAt705","BEA_API"
2011,24,"Aircraft",20203,"i3gdefn1ea00","6","FAAt705","BEA_API"
2012,24,"Aircraft",20187,"i3gdefn1ea00","6","FAAt705","BEA_API"
2013,24,"Aircraft",21667,"i3gdefn1ea00","6","FAAt705","BEA_API"
2014,24,"Aircraft",19195,"i3gdefn1ea00","6","FAAt705","BEA_API"
2015,24,"Aircraft",17618,"i3gdefn1ea00","6","FAAt705","BEA_API"
2016,24,"Aircraft",16433,"i3gdefn1ea00","6","FAAt705","BEA_API"
2017,24,"Aircraft",18678,"i3gdefn1ea00","6","FAAt705","BEA_API"
2018,24,"Aircraft",19738,"i3gdefn1ea00","6","FAAt705","BEA_API"
2019,24,"Aircraft",24908,"i3gdefn1ea00","6","FAAt705","BEA_API"
2020,24,"Aircraft",19456,"i3gdefn1ea00","6","FAAt705","BEA_API"
2021,24,"Aircraft",20062,"i3gdefn1ea00","6","FAAt705","BEA_API"
2022,24,"Aircraft",17961,"i3gdefn1ea00","6","FAAt705","BEA_API"
2023,24,"Aircraft",20782,"i3gdefn1ea00","6","FAAt705","BEA_API"
2024,24,"Aircraft",23672,"i3gdefn1ea00","6","FAAt705","BEA_API"
1972,25,"Missiles",1150,"i3gdefn1em00","6","FAAt705","BEA_API"
1973,25,"Missiles",977,"i3gdefn1em00","6","FAAt705","BEA_API"
1974,25,"Missiles",1359,"i3gdefn1em00","6","FAAt705","BEA_API"
1975,25,"Missiles",953,"i3gdefn1em00","6","FAAt705","BEA_API"
1976,25,"Missiles",1396,"i3gdefn1em00","6","FAAt705","BEA_API"
1977,25,"Missiles",1212,"i3gdefn1em00","6","FAAt705","BEA_API"
1978,25,"Missiles",1072,"i3gdefn1em00","6","FAAt705","BEA_API"
1979,25,"Missiles",1766,"i3gdefn1em00","6","FAAt705","BEA_API"
1980,25,"Missiles",2261,"i3gdefn1em00","6","FAAt705","BEA_API"
1981,25,"Missiles",2753,"i3gdefn1em00","6","FAAt705","BEA_API"
1982,25,"Missiles",3441,"i3gdefn1em00","6","FAAt705","BEA_API"
1983,25,"Missiles",4578,"i3gdefn1em00","6","FAAt705","BEA_API"
1984,25,"Missiles",5734,"i3gdefn1em00","6","FAAt705","BEA_API"
1985,25,"Missiles",6609,"i3gdefn1em00","6","FAAt705","BEA_API"
1986,25,"Missiles",7895,"i3gdefn1em00","6","FAAt705","BEA_API"
1987,25,"Missiles",8740,"i3gdefn1em00","6","FAAt705","BEA_API"
1988,25,"Missiles",7847,"i3gdefn1em00","6","FAAt705","BEA_API"
1989,25,"Missiles",8837,"i3gdefn1em00","6","FAAt705","BEA_API"
1990,25,"Missiles",11152,"i3gdefn1em00","6","FAAt705","BEA_API"
1991,25,"Missiles",10833,"i3gdefn1em00","6","FAAt705","BEA_API"
1992,25,"Missiles",10554,"i3gdefn1em00","6","FAAt705","BEA_API"
1993,25,"Missiles",7909,"i3gdefn1em00","6","FAAt705","BEA_API"
1994,25,"Missiles",5734,"i3gdefn1em00","6","FAAt705","BEA_API"
1995,25,"Missiles",4700,"i3gdefn1em00","6","FAAt705","BEA_API"
1996,25,"Missiles",4067,"i3gdefn1em00","6","FAAt705","BEA_API"
1997,25,"Missiles",2857,"i3gdefn1em00","6","FAAt705","BEA_API"
1998,25,"Missiles",3270,"i3gdefn1em00","6","FAAt705","BEA_API"
1999,25,"Missiles",2853,"i3gdefn1em00","6","FAAt705","BEA_API"
2000,25,"Missiles",2667,"i3gdefn1em00","6","FAAt705","BEA_API"
2001,25,"Missiles",3307,"i3gdefn1em00","6","FAAt705","BEA_API"
2002,25,"Missiles",3269,"i3gdefn1em00","6","FAAt705","BEA_API"
2003,25,"Missiles",3476,"i3gdefn1em00","6","FAAt705","BEA_API"
2004,25,"Missiles",4046,"i3gdefn1em00","6","FAAt705","BEA_API"
2005,25,"Missiles",4008,"i3gdefn1em00","6","FAAt705","BEA_API"
2006,25,"Missiles",4524,"i3gdefn1em00","6","FAAt705","BEA_API"
2007,25,"Missiles",4338,"i3gdefn1em00","6","FAAt705","BEA_API"
2008,25,"Missiles",4331,"i3gdefn1em00","6","FAAt705","BEA_API"
2009,25,"Missiles",5064,"i3gdefn1em00","6","FAAt705","BEA_API"
2010,25,"Missiles",5578,"i3gdefn1em00","6","FAAt705","BEA_API"
2011,25,"Missiles",5130,"i3gdefn1em00","6","FAAt705","BEA_API"
2012,25,"Missiles",6853,"i3gdefn1em00","6","FAAt705","BEA_API"
2013,25,"Missiles",6432,"i3gdefn1em00","6","FAAt705","BEA_API"
2014,25,"Missiles",6619,"i3gdefn1em00","6","FAAt705","BEA_API"
2015,25,"Missiles",6566,"i3gdefn1em00","6","FAAt705","BEA_API"
2016,25,"Missiles",4832,"i3gdefn1em00","6","FAAt705","BEA_API"
2017,25,"Missiles",4688,"i3gdefn1em00","6","FAAt705","BEA_API"
2018,25,"Missiles",4700,"i3gdefn1em00","6","FAAt705","BEA_API"
2019,25,"Missiles",5061,"i3gdefn1em00","6","FAAt705","BEA_API"
2020,25,"Missiles",7234,"i3gdefn1em00","6","FAAt705","BEA_API"
2021,25,"Missiles",6592,"i3gdefn1em00","6","FAAt705","BEA_API"
2022,25,"Missiles",6435,"i3gdefn1em00","6","FAAt705","BEA_API"
2023,25,"Missiles",6647,"i3gdefn1em00","6","FAAt705","BEA_API"
2024,25,"Missiles",6816,"i3gdefn1em00","6","FAAt705","BEA_API"
1972,26,"Ships",1799,"i3gdefn1eb00","6","FAAt705","BEA_API"
1973,26,"Ships",1614,"i3gdefn1eb00","6","FAAt705","BEA_API"
1974,26,"Ships",2191,"i3gdefn1eb00","6","FAAt705","BEA_API"
1975,26,"Ships",2169,"i3gdefn1eb00","6","FAAt705","BEA_API"
1976,26,"Ships",2362,"i3gdefn1eb00","6","FAAt705","BEA_API"
1977,26,"Ships",3070,"i3gdefn1eb00","6","FAAt705","BEA_API"
1978,26,"Ships",3866,"i3gdefn1eb00","6","FAAt705","BEA_API"
1979,26,"Ships",4273,"i3gdefn1eb00","6","FAAt705","BEA_API"
1980,26,"Ships",4140,"i3gdefn1eb00","6","FAAt705","BEA_API"
1981,26,"Ships",5120,"i3gdefn1eb00","6","FAAt705","BEA_API"
1982,26,"Ships",6216,"i3gdefn1eb00","6","FAAt705","BEA_API"
1983,26,"Ships",7134,"i3gdefn1eb00","6","FAAt705","BEA_API"
1984,26,"Ships",8044,"i3gdefn1eb00","6","FAAt705","BEA_API"
1985,26,"Ships",8984,"i3gdefn1eb00","6","FAAt705","BEA_API"
1986,26,"Ships",8880,"i3gdefn1eb00","6","FAAt705","BEA_API"
1987,26,"Ships",8804,"i3gdefn1eb00","6","FAAt705","BEA_API"
1988,26,"Ships",8617,"i3gdefn1eb00","6","FAAt705","BEA_API"
1989,26,"Ships",9980,"i3gdefn1eb00","6","FAAt705","BEA_API"
1990,26,"Ships",10803,"i3gdefn1eb00","6","FAAt705","BEA_API"
1991,26,"Ships",10201,"i3gdefn1eb00","6","FAAt705","BEA_API"
1992,26,"Ships",10082,"i3gdefn1eb00","6","FAAt705","BEA_API"
1993,26,"Ships",8664,"i3gdefn1eb00","6","FAAt705","BEA_API"
1994,26,"Ships",8053,"i3gdefn1eb00","6","FAAt705","BEA_API"
1995,26,"Ships",8000,"i3gdefn1eb00","6","FAAt705","BEA_API"
1996,26,"Ships",6776,"i3gdefn1eb00","6","FAAt705","BEA_API"
1997,26,"Ships",6109,"i3gdefn1eb00","6","FAAt705","BEA_API"
1998,26,"Ships",6428,"i3gdefn1eb00","6","FAAt705","BEA_API"
1999,26,"Ships",6749,"i3gdefn1eb00","6","FAAt705","BEA_API"
2000,26,"Ships",6585,"i3gdefn1eb00","6","FAAt705","BEA_API"
2001,26,"Ships",7205,"i3gdefn1eb00","6","FAAt705","BEA_API"
2002,26,"Ships",8384,"i3gdefn1eb00","6","FAAt705","BEA_API"
2003,26,"Ships",9270,"i3gdefn1eb00","6","FAAt705","BEA_API"
2004,26,"Ships",9787,"i3gdefn1eb00","6","FAAt705","BEA_API"
2005,26,"Ships",9588,"i3gdefn1eb00","6","FAAt705","BEA_API"
2006,26,"Ships",10469,"i3gdefn1eb00","6","FAAt705","BEA_API"
2007,26,"Ships",10293,"i3gdefn1eb00","6","FAAt705","BEA_API"
2008,26,"Ships",11032,"i3gdefn1eb00","6","FAAt705","BEA_API"
2009,26,"Ships",11142,"i3gdefn1eb00","6","FAAt705","BEA_API"
2010,26,"Ships",11776,"i3gdefn1eb00","6","FAAt705","BEA_API"
2011,26,"Ships",11670,"i3gdefn1eb00","6","FAAt705","BEA_API"
2012,26,"Ships",11961,"i3gdefn1eb00","6","FAAt705","BEA_API"
2013,26,"Ships",12536,"i3gdefn1eb00","6","FAAt705","BEA_API"
2014,26,"Ships",13251,"i3gdefn1eb00","6","FAAt705","BEA_API"
2015,26,"Ships",13548,"i3gdefn1eb00","6","FAAt705","BEA_API"
2016,26,"Ships",14386,"i3gdefn1eb00","6","FAAt705","BEA_API"
2017,26,"Ships",14104,"i3gdefn1eb00","6","FAAt705","BEA_API"
2018,26,"Ships",15526,"i3gdefn1eb00","6","FAAt705","BEA_API"
2019,26,"Ships",17162,"i3gdefn1eb00","6","FAAt705","BEA_API"
2020,26,"Ships",18564,"i3gdefn1eb00","6","FAAt705","BEA_API"
2021,26,"Ships",18333,"i3gdefn1eb00","6","FAAt705","BEA_API"
2022,26,"Ships",18180,"i3gdefn1eb00","6","FAAt705","BEA_API"
2023,26,"Ships",19521,"i3gdefn1eb00","6","FAAt705","BEA_API"
2024,26,"Ships",18929,"i3gdefn1eb00","6","FAAt705","BEA_API"
1972,27,"Vehicles",410,"i3gdefn1ev00","6","FAAt705","BEA_API"
1973,27,"Vehicles",314,"i3gdefn1ev00","6","FAAt705","BEA_API"
1974,27,"Vehicles",172,"i3gdefn1ev00","6","FAAt705","BEA_API"
1975,27,"Vehicles",101,"i3gdefn1ev00","6","FAAt705","BEA_API"
1976,27,"Vehicles",474,"i3gdefn1ev00","6","FAAt705","BEA_API"
1977,27,"Vehicles",642,"i3gdefn1ev00","6","FAAt705","BEA_API"
1978,27,"Vehicles",838,"i3gdefn1ev00","6","FAAt705","BEA_API"
1979,27,"Vehicles",912,"i3gdefn1ev00","6","FAAt705","BEA_API"
1980,27,"Vehicles",1164,"i3gdefn1ev00","6","FAAt705","BEA_API"
1981,27,"Vehicles",1074,"i3gdefn1ev00","6","FAAt705","BEA_API"
1982,27,"Vehicles",2065,"i3gdefn1ev00","6","FAAt705","BEA_API"
1983,27,"Vehicles",3446,"i3gdefn1ev00","6","FAAt705","BEA_API"
1984,27,"Vehicles",4158,"i3gdefn1ev00","6","FAAt705","BEA_API"
1985,27,"Vehicles",3746,"i3gdefn1ev00","6","FAAt705","BEA_API"
1986,27,"Vehicles",3814,"i3gdefn1ev00","6","FAAt705","BEA_API"
1987,27,"Vehicles",4305,"i3gdefn1ev00","6","FAAt705","BEA_API"
1988,27,"Vehicles",3700,"i3gdefn1ev00","6","FAAt705","BEA_API"
1989,27,"Vehicles",3139,"i3gdefn1ev00","6","FAAt705","BEA_API"
1990,27,"Vehicles",3182,"i3gdefn1ev00","6","FAAt705","BEA_API"
1991,27,"Vehicles",3434,"i3gdefn1ev00","6","FAAt705","BEA_API"
1992,27,"Vehicles",2784,"i3gdefn1ev00","6","FAAt705","BEA_API"
1993,27,"Vehicles",1846,"i3gdefn1ev00","6","FAAt705","BEA_API"
1994,27,"Vehicles",1029,"i3gdefn1ev00","6","FAAt705","BEA_API"
1995,27,"Vehicles",1086,"i3gdefn1ev00","6","FAAt705","BEA_API"
1996,27,"Vehicles",1190,"i3gdefn1ev00","6","FAAt705","BEA_API"
1997,27,"Vehicles",1384,"i3gdefn1ev00","6","FAAt705","BEA_API"
1998,27,"Vehicles",1516,"i3gdefn1ev00","6","FAAt705","BEA_API"
1999,27,"Vehicles",1705,"i3gdefn1ev00","6","FAAt705","BEA_API"
2000,27,"Vehicles",1863,"i3gdefn1ev00","6","FAAt705","BEA_API"
2001,27,"Vehicles",1956,"i3gdefn1ev00","6","FAAt705","BEA_API"
2002,27,"Vehicles",2693,"i3gdefn1ev00","6","FAAt705","BEA_API"
2003,27,"Vehicles",3160,"i3gdefn1ev00","6","FAAt705","BEA_API"
2004,27,"Vehicles",2800,"i3gdefn1ev00","6","FAAt705","BEA_API"
2005,27,"Vehicles",3873,"i3gdefn1ev00","6","FAAt705","BEA_API"
2006,27,"Vehicles",4873,"i3gdefn1ev00","6","FAAt705","BEA_API"
2007,27,"Vehicles",6445,"i3gdefn1ev00","6","FAAt705","BEA_API"
2008,27,"Vehicles",8865,"i3gdefn1ev00","6","FAAt705","BEA_API"
2009,27,"Vehicles",9328,"i3gdefn1ev00","6","FAAt705","BEA_API"
2010,27,"Vehicles",9382,"i3gdefn1ev00","6","FAAt705","BEA_API"
2011,27,"Vehicles",7147,"i3gdefn1ev00","6","FAAt705","BEA_API"
2012,27,"Vehicles",5826,"i3gdefn1ev00","6","FAAt705","BEA_API"
2013,27,"Vehicles",3880,"i3gdefn1ev00","6","FAAt705","BEA_API"
2014,27,"Vehicles",2934,"i3gdefn1ev00","6","FAAt705","BEA_API"
2015,27,"Vehicles",2400,"i3gdefn1ev00","6","FAAt705","BEA_API"
2016,27,"Vehicles",2460,"i3gdefn1ev00","6","FAAt705","BEA_API"
2017,27,"Vehicles",2679,"i3gdefn1ev00","6","FAAt705","BEA_API"
2018,27,"Vehicles",3202,"i3gdefn1ev00","6","FAAt705","BEA_API"
2019,27,"Vehicles",3942,"i3gdefn1ev00","6","FAAt705","BEA_API"
2020,27,"Vehicles",4800,"i3gdefn1ev00","6","FAAt705","BEA_API"
2021,27,"Vehicles",5193,"i3gdefn1ev00","6","FAAt705","BEA_API"
2022,27,"Vehicles",5242,"i3gdefn1ev00","6","FAAt705","BEA_API"
2023,27,"Vehicles",4615,"i3gdefn1ev00","6","FAAt705","BEA_API"
2024,27,"Vehicles",5467,"i3gdefn1ev00","6","FAAt705","BEA_API"
1972,28,"Electronics",53,"i3gdefn1ee00","6","FAAt705","BEA_API"
1973,28,"Electronics",305,"i3gdefn1ee00","6","FAAt705","BEA_API"
1974,28,"Electronics",398,"i3gdefn1ee00","6","FAAt705","BEA_API"
1975,28,"Electronics",555,"i3gdefn1ee00","6","FAAt705","BEA_API"
1976,28,"Electronics",769,"i3gdefn1ee00","6","FAAt705","BEA_API"
1977,28,"Electronics",913,"i3gdefn1ee00","6","FAAt705","BEA_API"
1978,28,"Electronics",1146,"i3gdefn1ee00","6","FAAt705","BEA_API"
1979,28,"Electronics",1247,"i3gdefn1ee00","6","FAAt705","BEA_API"
1980,28,"Electronics",1613,"i3gdefn1ee00","6","FAAt705","BEA_API"
1981,28,"Electronics",1986,"i3gdefn1ee00","6","FAAt705","BEA_API"
1982,28,"Electronics",2372,"i3gdefn1ee00","6","FAAt705","BEA_API"
1983,28,"Electronics",2904,"i3gdefn1ee00","6","FAAt705","BEA_API"
1984,28,"Electronics",3391,"i3gdefn1ee00","6","FAAt705","BEA_API"
1985,28,"Electronics",4301,"i3gdefn1ee00","6","FAAt705","BEA_API"
1986,28,"Electronics",4558,"i3gdefn1ee00","6","FAAt705","BEA_API"
1987,28,"Electronics",5087,"i3gdefn1ee00","6","FAAt705","BEA_API"
1988,28,"Electronics",4914,"i3gdefn1ee00","6","FAAt705","BEA_API"
1989,28,"Electronics",4749,"i3gdefn1ee00","6","FAAt705","BEA_API"
1990,28,"Electronics",4674,"i3gdefn1ee00","6","FAAt705","BEA_API"
1991,28,"Electronics",4251,"i3gdefn1ee00","6","FAAt705","BEA_API"
1992,28,"Electronics",4194,"i3gdefn1ee00","6","FAAt705","BEA_API"
1993,28,"Electronics",4436,"i3gdefn1ee00","6","FAAt705","BEA_API"
1994,28,"Electronics",3956,"i3gdefn1ee00","6","FAAt705","BEA_API"
1995,28,"Electronics",3484,"i3gdefn1ee00","6","FAAt705","BEA_API"
1996,28,"Electronics",3497,"i3gdefn1ee00","6","FAAt705","BEA_API"
1997,28,"Electronics",3456,"i3gdefn1ee00","6","FAAt705","BEA_API"
1998,28,"Electronics",3259,"i3gdefn1ee00","6","FAAt705","BEA_API"
1999,28,"Electronics",3804,"i3gdefn1ee00","6","FAAt705","BEA_API"
2000,28,"Electronics",4030,"i3gdefn1ee00","6","FAAt705","BEA_API"
2001,28,"Electronics",3952,"i3gdefn1ee00","6","FAAt705","BEA_API"
2002,28,"Electronics",4402,"i3gdefn1ee00","6","FAAt705","BEA_API"
2003,28,"Electronics",5045,"i3gdefn1ee00","6","FAAt705","BEA_API"
2004,28,"Electronics",5696,"i3gdefn1ee00","6","FAAt705","BEA_API"
2005,28,"Electronics",6582,"i3gdefn1ee00","6","FAAt705","BEA_API"
2006,28,"Electronics",8118,"i3gdefn1ee00","6","FAAt705","BEA_API"
2007,28,"Electronics",10565,"i3gdefn1ee00","6","FAAt705","BEA_API"
2008,28,"Electronics",12924,"i3gdefn1ee00","6","FAAt705","BEA_API"
2009,28,"Electronics",13396,"i3gdefn1ee00","6","FAAt705","BEA_API"
2010,28,"Electronics",12316,"i3gdefn1ee00","6","FAAt705","BEA_API"
2011,28,"Electronics",10406,"i3gdefn1ee00","6","FAAt705","BEA_API"
2012,28,"Electronics",9237,"i3gdefn1ee00","6","FAAt705","BEA_API"
2013,28,"Electronics",7306,"i3gdefn1ee00","6","FAAt705","BEA_API"
2014,28,"Electronics",6339,"i3gdefn1ee00","6","FAAt705","BEA_API"
2015,28,"Electronics",6059,"i3gdefn1ee00","6","FAAt705","BEA_API"
2016,28,"Electronics",6410,"i3gdefn1ee00","6","FAAt705","BEA_API"
2017,28,"Electronics",6766,"i3gdefn1ee00","6","FAAt705","BEA_API"
2018,28,"Electronics",7446,"i3gdefn1ee00","6","FAAt705","BEA_API"
2019,28,"Electronics",7936,"i3gdefn1ee00","6","FAAt705","BEA_API"
2020,28,"Electronics",8517,"i3gdefn1ee00","6","FAAt705","BEA_API"
2021,28,"Electronics",8567,"i3gdefn1ee00","6","FAAt705","BEA_API"
2022,28,"Electronics",8844,"i3gdefn1ee00","6","FAAt705","BEA_API"
2023,28,"Electronics",9533,"i3gdefn1ee00","6","FAAt705","BEA_API"
2024,28,"Electronics",10575,"i3gdefn1ee00","6","FAAt705","BEA_API"
1972,29,"Other equipment",2164,"i3gdefn1eo00","6","FAAt705","BEA_API"
1973,29,"Other equipment",2424,"i3gdefn1eo00","6","FAAt705","BEA_API"
1974,29,"Other equipment",2724,"i3gdefn1eo00","6","FAAt705","BEA_API"
1975,29,"Other equipment",3335,"i3gdefn1eo00","6","FAAt705","BEA_API"
1976,29,"Other equipment",3769,"i3gdefn1eo00","6","FAAt705","BEA_API"
1977,29,"Other equipment",3712,"i3gdefn1eo00","6","FAAt705","BEA_API"
1978,29,"Other equipment",3694,"i3gdefn1eo00","6","FAAt705","BEA_API"
1979,29,"Other equipment",4431,"i3gdefn1eo00","6","FAAt705","BEA_API"
1980,29,"Other equipment",4509,"i3gdefn1eo00","6","FAAt705","BEA_API"
1981,29,"Other equipment",5770,"i3gdefn1eo00","6","FAAt705","BEA_API"
1982,29,"Other equipment",6594,"i3gdefn1eo00","6","FAAt705","BEA_API"
1983,29,"Other equipment",7061,"i3gdefn1eo00","6","FAAt705","BEA_API"
1984,29,"Other equipment",8893,"i3gdefn1eo00","6","FAAt705","BEA_API"
1985,29,"Other equipment",10854,"i3gdefn1eo00","6","FAAt705","BEA_API"
1986,29,"Other equipment",9685,"i3gdefn1eo00","6","FAAt705","BEA_API"
1987,29,"Other equipment",10500,"i3gdefn1eo00","6","FAAt705","BEA_API"
1988,29,"Other equipment",11001,"i3gdefn1eo00","6","FAAt705","BEA_API"
1989,29,"Other equipment",12657,"i3gdefn1eo00","6","FAAt705","BEA_API"
1990,29,"Other equipment",13087,"i3gdefn1eo00","6","FAAt705","BEA_API"
1991,29,"Other equipment",15432,"i3gdefn1eo00","6","FAAt705","BEA_API"
1992,29,"Other equipment",14771,"i3gdefn1eo00","6","FAAt705","BEA_API"
1993,29,"Other equipment",12519,"i3gdefn1eo00","6","FAAt705","BEA_API"
1994,29,"Other equipment",12683,"i3gdefn1eo00","6","FAAt705","BEA_API"
1995,29,"Other equipment",13582,"i3gdefn1eo00","6","FAAt705","BEA_API"
1996,29,"Other equipment",15191,"i3gdefn1eo00","6","FAAt705","BEA_API"
1997,29,"Other equipment",14059,"i3gdefn1eo00","6","FAAt705","BEA_API"
1998,29,"Other equipment",13836,"i3gdefn1eo00","6","FAAt705","BEA_API"
1999,29,"Other equipment",14769,"i3gdefn1eo00","6","FAAt705","BEA_API"
2000,29,"Other equipment",14900,"i3gdefn1eo00","6","FAAt705","BEA_API"
2001,29,"Other equipment",14966,"i3gdefn1eo00","6","FAAt705","BEA_API"
2002,29,"Other equipment",18001,"i3gdefn1eo00","6","FAAt705","BEA_API"
2003,29,"Other equipment",19774,"i3gdefn1eo00","6","FAAt705","BEA_API"
2004,29,"Other equipment",22308,"i3gdefn1eo00","6","FAAt705","BEA_API"
2005,29,"Other equipment",23848,"i3gdefn1eo00","6","FAAt705","BEA_API"
2006,29,"Other equipment",24468,"i3gdefn1eo00","6","FAAt705","BEA_API"
2007,29,"Other equipment",27246,"i3gdefn1eo00","6","FAAt705","BEA_API"
2008,29,"Other equipment",31983,"i3gdefn1eo00","6","FAAt705","BEA_API"
2009,29,"Other equipment",33824,"i3gdefn1eo00","6","FAAt705","BEA_API"
2010,29,"Other equipment",33593,"i3gdefn1eo00","6","FAAt705","BEA_API"
2011,29,"Other equipment",32793,"i3gdefn1eo00","6","FAAt705","BEA_API"
2012,29,"Other equipment",31164,"i3gdefn1eo00","6","FAAt705","BEA_API"
2013,29,"Other equipment",27006,"i3gdefn1eo00","6","FAAt705","BEA_API"
2014,29,"Other equipment",26402,"i3gdefn1eo00","6","FAAt705","BEA_API"
2015,29,"Other equipment",26414,"i3gdefn1eo00","6","FAAt705","BEA_API"
2016,29,"Other equipment",27821,"i3gdefn1eo00","6","FAAt705","BEA_API"
2017,29,"Other equipment",30350,"i3gdefn1eo00","6","FAAt705","BEA_API"
2018,29,"Other equipment",33788,"i3gdefn1eo00","6","FAAt705","BEA_API"
2019,29,"Other equipment",35650,"i3gdefn1eo00","6","FAAt705","BEA_API"
2020,29,"Other equipment",37304,"i3gdefn1eo00","6","FAAt705","BEA_API"
2021,29,"Other equipment",37252,"i3gdefn1eo00","6","FAAt705","BEA_API"
2022,29,"Other equipment",36590,"i3gdefn1eo00","6","FAAt705","BEA_API"
2023,29,"Other equipment",40302,"i3gdefn1eo00","6","FAAt705","BEA_API"
2024,29,"Other equipment",43122,"i3gdefn1eo00","6","FAAt705","BEA_API"
1901,30,"Structures",14,"i3gdefn1st00","6","FAAt705","BEA_API"
1902,30,"Structures",14,"i3gdefn1st00","6","FAAt705","BEA_API"
1903,30,"Structures",16,"i3gdefn1st00","6","FAAt705","BEA_API"
1904,30,"Structures",19,"i3gdefn1st00","6","FAAt705","BEA_API"
1905,30,"Structures",22,"i3gdefn1st00","6","FAAt705","BEA_API"
1906,30,"Structures",21,"i3gdefn1st00","6","FAAt705","BEA_API"
1907,30,"Structures",17,"i3gdefn1st00","6","FAAt705","BEA_API"
1908,30,"Structures",18,"i3gdefn1st00","6","FAAt705","BEA_API"
1909,30,"Structures",22,"i3gdefn1st00","6","FAAt705","BEA_API"
1910,30,"Structures",22,"i3gdefn1st00","6","FAAt705","BEA_API"
1911,30,"Structures",23,"i3gdefn1st00","6","FAAt705","BEA_API"
1912,30,"Structures",22,"i3gdefn1st00","6","FAAt705","BEA_API"
1913,30,"Structures",15,"i3gdefn1st00","6","FAAt705","BEA_API"
1914,30,"Structures",15,"i3gdefn1st00","6","FAAt705","BEA_API"
1915,30,"Structures",17,"i3gdefn1st00","6","FAAt705","BEA_API"
1916,30,"Structures",21,"i3gdefn1st00","6","FAAt705","BEA_API"
1917,30,"Structures",586,"i3gdefn1st00","6","FAAt705","BEA_API"
1918,30,"Structures",1499,"i3gdefn1st00","6","FAAt705","BEA_API"
1919,30,"Structures",1038,"i3gdefn1st00","6","FAAt705","BEA_API"
1920,30,"Structures",161,"i3gdefn1st00","6","FAAt705","BEA_API"
1921,30,"Structures",49,"i3gdefn1st00","6","FAAt705","BEA_API"
1922,30,"Structures",25,"i3gdefn1st00","6","FAAt705","BEA_API"
1923,30,"Structures",16,"i3gdefn1st00","6","FAAt705","BEA_API"
1924,30,"Structures",9,"i3gdefn1st00","6","FAAt705","BEA_API"
1925,30,"Structures",8,"i3gdefn1st00","6","FAAt705","BEA_API"
1926,30,"Structures",11,"i3gdefn1st00","6","FAAt705","BEA_API"
1927,30,"Structures",12,"i3gdefn1st00","6","FAAt705","BEA_API"
1928,30,"Structures",15,"i3gdefn1st00","6","FAAt705","BEA_API"
1929,30,"Structures",24,"i3gdefn1st00","6","FAAt705","BEA_API"
1930,30,"Structures",37,"i3gdefn1st00","6","FAAt705","BEA_API"
1931,30,"Structures",51,"i3gdefn1st00","6","FAAt705","BEA_API"
1932,30,"Structures",43,"i3gdefn1st00","6","FAAt705","BEA_API"
1933,30,"Structures",47,"i3gdefn1st00","6","FAAt705","BEA_API"
1934,30,"Structures",72,"i3gdefn1st00","6","FAAt705","BEA_API"
1935,30,"Structures",61,"i3gdefn1st00","6","FAAt705","BEA_API"
1936,30,"Structures",179,"i3gdefn1st00","6","FAAt705","BEA_API"
1937,30,"Structures",232,"i3gdefn1st00","6","FAAt705","BEA_API"
1938,30,"Structures",203,"i3gdefn1st00","6","FAAt705","BEA_API"
1939,30,"Structures",174,"i3gdefn1st00","6","FAAt705","BEA_API"
1940,30,"Structures",602,"i3gdefn1st00","6","FAAt705","BEA_API"
1941,30,"Structures",3568,"i3gdefn1st00","6","FAAt705","BEA_API"
1942,30,"Structures",10266,"i3gdefn1st00","6","FAAt705","BEA_API"
1943,30,"Structures",5825,"i3gdefn1st00","6","FAAt705","BEA_API"
1944,30,"Structures",2484,"i3gdefn1st00","6","FAAt705","BEA_API"
1945,30,"Structures",1672,"i3gdefn1st00","6","FAAt705","BEA_API"
1946,30,"Structures",288,"i3gdefn1st00","6","FAAt705","BEA_API"
1947,30,"Structures",172,"i3gdefn1st00","6","FAAt705","BEA_API"
1948,30,"Structures",368,"i3gdefn1st00","6","FAAt705","BEA_API"
1949,30,"Structures",367,"i3gdefn1st00","6","FAAt705","BEA_API"
1950,30,"Structures",452,"i3gdefn1st00","6","FAAt705","BEA_API"
1951,30,"Structures",2019,"i3gdefn1st00","6","FAAt705","BEA_API"
1952,30,"Structures",3284,"i3gdefn1st00","6","FAAt705","BEA_API"
1953,30,"Structures",3326,"i3gdefn1st00","6","FAAt705","BEA_API"
1954,30,"Structures",2729,"i3gdefn1st00","6","FAAt705","BEA_API"
1955,30,"Structures",2121,"i3gdefn1st00","6","FAAt705","BEA_API"
1956,30,"Structures",2130,"i3gdefn1st00","6","FAAt705","BEA_API"
1957,30,"Structures",2287,"i3gdefn1st00","6","FAAt705","BEA_API"
1958,30,"Structures",2615,"i3gdefn1st00","6","FAAt705","BEA_API"
1959,30,"Structures",2536,"i3gdefn1st00","6","FAAt705","BEA_API"
1960,30,"Structures",2234,"i3gdefn1st00","6","FAAt705","BEA_API"
1961,30,"Structures",2358,"i3gdefn1st00","6","FAAt705","BEA_API"
1962,30,"Structures",1990,"i3gdefn1st00","6","FAAt705","BEA_API"
1963,30,"Structures",1640,"i3gdefn1st00","6","FAAt705","BEA_API"
1964,30,"Structures",1276,"i3gdefn1st00","6","FAAt705","BEA_API"
1965,30,"Structures",1138,"i3gdefn1st00","6","FAAt705","BEA_API"
1966,30,"Structures",1260,"i3gdefn1st00","6","FAAt705","BEA_API"
1967,30,"Structures",1195,"i3gdefn1st00","6","FAAt705","BEA_API"
1968,30,"Structures",1243,"i3gdefn1st00","6","FAAt705","BEA_API"
1969,30,"Structures",1491,"i3gdefn1st00","6","FAAt705","BEA_API"
1970,30,"Structures",1321,"i3gdefn1st00","6","FAAt705","BEA_API"
1971,30,"Structures",1827,"i3gdefn1st00","6","FAAt705","BEA_API"
1972,30,"Structures",1789,"i3gdefn1st00","6","FAAt705","BEA_API"
1973,30,"Structures",2112,"i3gdefn1st00","6","FAAt705","BEA_API"
1974,30,"Structures",2177,"i3gdefn1st00","6","FAAt705","BEA_API"
1975,30,"Structures",2320,"i3gdefn1st00","6","FAAt705","BEA_API"
1976,30,"Structures",2145,"i3gdefn1st00","6","FAAt705","BEA_API"
1977,30,"Structures",2378,"i3gdefn1st00","6","FAAt705","BEA_API"
1978,30,"Structures",2509,"i3gdefn1st00","6","FAAt705","BEA_API"
1979,30,"Structures",2521,"i3gdefn1st00","6","FAAt705","BEA_API"
1980,30,"Structures",3177,"i3gdefn1st00","6","FAAt705","BEA_API"
1981,30,"Structures",3210,"i3gdefn1st00","6","FAAt705","BEA_API"
1982,30,"Structures",3954,"i3gdefn1st00","6","FAAt705","BEA_API"
1983,30,"Structures",4763,"i3gdefn1st00","6","FAAt705","BEA_API"
1984,30,"Structures",4934,"i3gdefn1st00","6","FAAt705","BEA_API"
1985,30,"Structures",6219,"i3gdefn1st00","6","FAAt705","BEA_API"
1986,30,"Structures",6774,"i3gdefn1st00","6","FAAt705","BEA_API"
1987,30,"Structures",7657,"i3gdefn1st00","6","FAAt705","BEA_API"
1988,30,"Structures",7357,"i3gdefn1st00","6","FAAt705","BEA_API"
1989,30,"Structures",6358,"i3gdefn1st00","6","FAAt705","BEA_API"
1990,30,"Structures",6090,"i3gdefn1st00","6","FAAt705","BEA_API"
1991,30,"Structures",4633,"i3gdefn1st00","6","FAAt705","BEA_API"
1992,30,"Structures",5220,"i3gdefn1st00","6","FAAt705","BEA_API"
1993,30,"Structures",5347,"i3gdefn1st00","6","FAAt705","BEA_API"
1994,30,"Structures",5763,"i3gdefn1st00","6","FAAt705","BEA_API"
1995,30,"Structures",6696,"i3gdefn1st00","6","FAAt705","BEA_API"
1996,30,"Structures",6287,"i3gdefn1st00","6","FAAt705","BEA_API"
1997,30,"Structures",6117,"i3gdefn1st00","6","FAAt705","BEA_API"
1998,30,"Structures",5834,"i3gdefn1st00","6","FAAt705","BEA_API"
1999,30,"Structures",5386,"i3gdefn1st00","6","FAAt705","BEA_API"
2000,30,"Structures",5396,"i3gdefn1st00","6","FAAt705","BEA_API"
2001,30,"Structures",5333,"i3gdefn1st00","6","FAAt705","BEA_API"
2002,30,"Structures",6134,"i3gdefn1st00","6","FAAt705","BEA_API"
2003,30,"Structures",7090,"i3gdefn1st00","6","FAAt705","BEA_API"
2004,30,"Structures",6939,"i3gdefn1st00","6","FAAt705","BEA_API"
2005,30,"Structures",7159,"i3gdefn1st00","6","FAAt705","BEA_API"
2006,30,"Structures",7791,"i3gdefn1st00","6","FAAt705","BEA_API"
2007,30,"Structures",10010,"i3gdefn1st00","6","FAAt705","BEA_API"
2008,30,"Structures",13667,"i3gdefn1st00","6","FAAt705","BEA_API"
2009,30,"Structures",17128,"i3gdefn1st00","6","FAAt705","BEA_API"
2010,30,"Structures",16654,"i3gdefn1st00","6","FAAt705","BEA_API"
2011,30,"Structures",13348,"i3gdefn1st00","6","FAAt705","BEA_API"
2012,30,"Structures",8103,"i3gdefn1st00","6","FAAt705","BEA_API"
2013,30,"Structures",7337,"i3gdefn1st00","6","FAAt705","BEA_API"
2014,30,"Structures",6910,"i3gdefn1st00","6","FAAt705","BEA_API"
2015,30,"Structures",7100,"i3gdefn1st00","6","FAAt705","BEA_API"
2016,30,"Structures",7363,"i3gdefn1st00","6","FAAt705","BEA_API"
2017,30,"Structures",7956,"i3gdefn1st00","6","FAAt705","BEA_API"
2018,30,"Structures",8432,"i3gdefn1st00","6","FAAt705","BEA_API"
2019,30,"Structures",9388,"i3gdefn1st00","6","FAAt705","BEA_API"
2020,30,"Structures",11516,"i3gdefn1st00","6","FAAt705","BEA_API"
2021,30,"Structures",11640,"i3gdefn1st00","6","FAAt705","BEA_API"
2022,30,"Structures",12793,"i3gdefn1st00","6","FAAt705","BEA_API"
2023,30,"Structures",14712,"i3gdefn1st00","6","FAAt705","BEA_API"
2024,30,"Structures",17157,"i3gdefn1st00","6","FAAt705","BEA_API"
1901,31,"Buildings",0,"i3gdefn1sb00","6","FAAt705","BEA_API"
1902,31,"Buildings",0,"i3gdefn1sb00","6","FAAt705","BEA_API"
1903,31,"Buildings",0,"i3gdefn1sb00","6","FAAt705","BEA_API"
1904,31,"Buildings",0,"i3gdefn1sb00","6","FAAt705","BEA_API"
1905,31,"Buildings",0,"i3gdefn1sb00","6","FAAt705","BEA_API"
1906,31,"Buildings",0,"i3gdefn1sb00","6","FAAt705","BEA_API"
1907,31,"Buildings",0,"i3gdefn1sb00","6","FAAt705","BEA_API"
1908,31,"Buildings",0,"i3gdefn1sb00","6","FAAt705","BEA_API"
1909,31,"Buildings",0,"i3gdefn1sb00","6","FAAt705","BEA_API"
1910,31,"Buildings",0,"i3gdefn1sb00","6","FAAt705","BEA_API"
1911,31,"Buildings",0,"i3gdefn1sb00","6","FAAt705","BEA_API"
1912,31,"Buildings",0,"i3gdefn1sb00","6","FAAt705","BEA_API"
1913,31,"Buildings",0,"i3gdefn1sb00","6","FAAt705","BEA_API"
1914,31,"Buildings",0,"i3gdefn1sb00","6","FAAt705","BEA_API"
1915,31,"Buildings",0,"i3gdefn1sb00","6","FAAt705","BEA_API"
1916,31,"Buildings",0,"i3gdefn1sb00","6","FAAt705","BEA_API"
1917,31,"Buildings",0,"i3gdefn1sb00","6","FAAt705","BEA_API"
1918,31,"Buildings",0,"i3gdefn1sb00","6","FAAt705","BEA_API"
1919,31,"Buildings",0,"i3gdefn1sb00","6","FAAt705","BEA_API"
1920,31,"Buildings",0,"i3gdefn1sb00","6","FAAt705","BEA_API"
1921,31,"Buildings",0,"i3gdefn1sb00","6","FAAt705","BEA_API"
1922,31,"Buildings",0,"i3gdefn1sb00","6","FAAt705","BEA_API"
1923,31,"Buildings",0,"i3gdefn1sb00","6","FAAt705","BEA_API"
1924,31,"Buildings",0,"i3gdefn1sb00","6","FAAt705","BEA_API"
1925,31,"Buildings",0,"i3gdefn1sb00","6","FAAt705","BEA_API"
1926,31,"Buildings",0,"i3gdefn1sb00","6","FAAt705","BEA_API"
1927,31,"Buildings",0,"i3gdefn1sb00","6","FAAt705","BEA_API"
1928,31,"Buildings",0,"i3gdefn1sb00","6","FAAt705","BEA_API"
1929,31,"Buildings",0,"i3gdefn1sb00","6","FAAt705","BEA_API"
1930,31,"Buildings",0,"i3gdefn1sb00","6","FAAt705","BEA_API"
1931,31,"Buildings",0,"i3gdefn1sb00","6","FAAt705","BEA_API"
1932,31,"Buildings",0,"i3gdefn1sb00","6","FAAt705","BEA_API"
1933,31,"Buildings",2,"i3gdefn1sb00","6","FAAt705","BEA_API"
1934,31,"Buildings",12,"i3gdefn1sb00","6","FAAt705","BEA_API"
1935,31,"Buildings",13,"i3gdefn1sb00","6","FAAt705","BEA_API"
1936,31,"Buildings",106,"i3gdefn1sb00","6","FAAt705","BEA_API"
1937,31,"Buildings",143,"i3gdefn1sb00","6","FAAt705","BEA_API"
1938,31,"Buildings",86,"i3gdefn1sb00","6","FAAt705","BEA_API"
1939,31,"Buildings",21,"i3gdefn1sb00","6","FAAt705","BEA_API"
1940,31,"Buildings",137,"i3gdefn1sb00","6","FAAt705","BEA_API"
1941,31,"Buildings",1492,"i3gdefn1sb00","6","FAAt705","BEA_API"
1942,31,"Buildings",3803,"i3gdefn1sb00","6","FAAt705","BEA_API"
1943,31,"Buildings",2567,"i3gdefn1sb00","6","FAAt705","BEA_API"
1944,31,"Buildings",1425,"i3gdefn1sb00","6","FAAt705","BEA_API"
1945,31,"Buildings",816,"i3gdefn1sb00","6","FAAt705","BEA_API"
1946,31,"Buildings",207,"i3gdefn1sb00","6","FAAt705","BEA_API"
1947,31,"Buildings",24,"i3gdefn1sb00","6","FAAt705","BEA_API"
1948,31,"Buildings",182,"i3gdefn1sb00","6","FAAt705","BEA_API"
1949,31,"Buildings",191,"i3gdefn1sb00","6","FAAt705","BEA_API"
1950,31,"Buildings",229,"i3gdefn1sb00","6","FAAt705","BEA_API"
1951,31,"Buildings",996,"i3gdefn1sb00","6","FAAt705","BEA_API"
1952,31,"Buildings",1716,"i3gdefn1sb00","6","FAAt705","BEA_API"
1953,31,"Buildings",1812,"i3gdefn1sb00","6","FAAt705","BEA_API"
1954,31,"Buildings",1524,"i3gdefn1sb00","6","FAAt705","BEA_API"
1955,31,"Buildings",672,"i3gdefn1sb00","6","FAAt705","BEA_API"
1956,31,"Buildings",495,"i3gdefn1sb00","6","FAAt705","BEA_API"
1957,31,"Buildings",688,"i3gdefn1sb00","6","FAAt705","BEA_API"
1958,31,"Buildings",880,"i3gdefn1sb00","6","FAAt705","BEA_API"
1959,31,"Buildings",846,"i3gdefn1sb00","6","FAAt705","BEA_API"
1960,31,"Buildings",684,"i3gdefn1sb00","6","FAAt705","BEA_API"
1961,31,"Buildings",765,"i3gdefn1sb00","6","FAAt705","BEA_API"
1962,31,"Buildings",540,"i3gdefn1sb00","6","FAAt705","BEA_API"
1963,31,"Buildings",359,"i3gdefn1sb00","6","FAAt705","BEA_API"
1964,31,"Buildings",258,"i3gdefn1sb00","6","FAAt705","BEA_API"
1965,31,"Buildings",233,"i3gdefn1sb00","6","FAAt705","BEA_API"
1966,31,"Buildings",211,"i3gdefn1sb00","6","FAAt705","BEA_API"
1967,31,"Buildings",189,"i3gdefn1sb00","6","FAAt705","BEA_API"
1968,31,"Buildings",261,"i3gdefn1sb00","6","FAAt705","BEA_API"
1969,31,"Buildings",358,"i3gdefn1sb00","6","FAAt705","BEA_API"
1970,31,"Buildings",330,"i3gdefn1sb00","6","FAAt705","BEA_API"
1971,31,"Buildings",563,"i3gdefn1sb00","6","FAAt705","BEA_API"
1972,31,"Buildings",629,"i3gdefn1sb00","6","FAAt705","BEA_API"
1973,31,"Buildings",673,"i3gdefn1sb00","6","FAAt705","BEA_API"
1974,31,"Buildings",735,"i3gdefn1sb00","6","FAAt705","BEA_API"
1975,31,"Buildings",648,"i3gdefn1sb00","6","FAAt705","BEA_API"
1976,31,"Buildings",587,"i3gdefn1sb00","6","FAAt705","BEA_API"
1977,31,"Buildings",665,"i3gdefn1sb00","6","FAAt705","BEA_API"
1978,31,"Buildings",735,"i3gdefn1sb00","6","FAAt705","BEA_API"
1979,31,"Buildings",767,"i3gdefn1sb00","6","FAAt705","BEA_API"
1980,31,"Buildings",1039,"i3gdefn1sb00","6","FAAt705","BEA_API"
1981,31,"Buildings",1249,"i3gdefn1sb00","6","FAAt705","BEA_API"
1982,31,"Buildings",1609,"i3gdefn1sb00","6","FAAt705","BEA_API"
1983,31,"Buildings",1975,"i3gdefn1sb00","6","FAAt705","BEA_API"
1984,31,"Buildings",1968,"i3gdefn1sb00","6","FAAt705","BEA_API"
1985,31,"Buildings",2615,"i3gdefn1sb00","6","FAAt705","BEA_API"
1986,31,"Buildings",2522,"i3gdefn1sb00","6","FAAt705","BEA_API"
1987,31,"Buildings",2657,"i3gdefn1sb00","6","FAAt705","BEA_API"
1988,31,"Buildings",2500,"i3gdefn1sb00","6","FAAt705","BEA_API"
1989,31,"Buildings",2399,"i3gdefn1sb00","6","FAAt705","BEA_API"
1990,31,"Buildings",2611,"i3gdefn1sb00","6","FAAt705","BEA_API"
1991,31,"Buildings",2277,"i3gdefn1sb00","6","FAAt705","BEA_API"
1992,31,"Buildings",2042,"i3gdefn1sb00","6","FAAt705","BEA_API"
1993,31,"Buildings",1938,"i3gdefn1sb00","6","FAAt705","BEA_API"
1994,31,"Buildings",2042,"i3gdefn1sb00","6","FAAt705","BEA_API"
1995,31,"Buildings",2054,"i3gdefn1sb00","6","FAAt705","BEA_API"
1996,31,"Buildings",1985,"i3gdefn1sb00","6","FAAt705","BEA_API"
1997,31,"Buildings",1894,"i3gdefn1sb00","6","FAAt705","BEA_API"
1998,31,"Buildings",1568,"i3gdefn1sb00","6","FAAt705","BEA_API"
1999,31,"Buildings",1435,"i3gdefn1sb00","6","FAAt705","BEA_API"
2000,31,"Buildings",1356,"i3gdefn1sb00","6","FAAt705","BEA_API"
2001,31,"Buildings",1596,"i3gdefn1sb00","6","FAAt705","BEA_API"
2002,31,"Buildings",1828,"i3gdefn1sb00","6","FAAt705","BEA_API"
2003,31,"Buildings",2038,"i3gdefn1sb00","6","FAAt705","BEA_API"
2004,31,"Buildings",1749,"i3gdefn1sb00","6","FAAt705","BEA_API"
2005,31,"Buildings",1922,"i3gdefn1sb00","6","FAAt705","BEA_API"
2006,31,"Buildings",1794,"i3gdefn1sb00","6","FAAt705","BEA_API"
2007,31,"Buildings",2050,"i3gdefn1sb00","6","FAAt705","BEA_API"
2008,31,"Buildings",2390,"i3gdefn1sb00","6","FAAt705","BEA_API"
2009,31,"Buildings",2004,"i3gdefn1sb00","6","FAAt705","BEA_API"
2010,31,"Buildings",2262,"i3gdefn1sb00","6","FAAt705","BEA_API"
2011,31,"Buildings",2147,"i3gdefn1sb00","6","FAAt705","BEA_API"
2012,31,"Buildings",1626,"i3gdefn1sb00","6","FAAt705","BEA_API"
2013,31,"Buildings",1341,"i3gdefn1sb00","6","FAAt705","BEA_API"
2014,31,"Buildings",1102,"i3gdefn1sb00","6","FAAt705","BEA_API"
2015,31,"Buildings",1275,"i3gdefn1sb00","6","FAAt705","BEA_API"
2016,31,"Buildings",1600,"i3gdefn1sb00","6","FAAt705","BEA_API"
2017,31,"Buildings",1568,"i3gdefn1sb00","6","FAAt705","BEA_API"
2018,31,"Buildings",1530,"i3gdefn1sb00","6","FAAt705","BEA_API"
2019,31,"Buildings",1821,"i3gdefn1sb00","6","FAAt705","BEA_API"
2020,31,"Buildings",2099,"i3gdefn1sb00","6","FAAt705","BEA_API"
2021,31,"Buildings",2577,"i3gdefn1sb00","6","FAAt705","BEA_API"
2022,31,"Buildings",2828,"i3gdefn1sb00","6","FAAt705","BEA_API"
2023,31,"Buildings",3896,"i3gdefn1sb00","6","FAAt705","BEA_API"
2024,31,"Buildings",4539,"i3gdefn1sb00","6","FAAt705","BEA_API"
1901,32,"Residential",0,"i3gdefn1sb10","6","FAAt705","BEA_API"
1902,32,"Residential",0,"i3gdefn1sb10","6","FAAt705","BEA_API"
1903,32,"Residential",0,"i3gdefn1sb10","6","FAAt705","BEA_API"
1904,32,"Residential",0,"i3gdefn1sb10","6","FAAt705","BEA_API"
1905,32,"Residential",0,"i3gdefn1sb10","6","FAAt705","BEA_API"
1906,32,"Residential",0,"i3gdefn1sb10","6","FAAt705","BEA_API"
1907,32,"Residential",0,"i3gdefn1sb10","6","FAAt705","BEA_API"
1908,32,"Residential",0,"i3gdefn1sb10","6","FAAt705","BEA_API"
1909,32,"Residential",0,"i3gdefn1sb10","6","FAAt705","BEA_API"
1910,32,"Residential",0,"i3gdefn1sb10","6","FAAt705","BEA_API"
1911,32,"Residential",0,"i3gdefn1sb10","6","FAAt705","BEA_API"
1912,32,"Residential",0,"i3gdefn1sb10","6","FAAt705","BEA_API"
1913,32,"Residential",0,"i3gdefn1sb10","6","FAAt705","BEA_API"
1914,32,"Residential",0,"i3gdefn1sb10","6","FAAt705","BEA_API"
1915,32,"Residential",0,"i3gdefn1sb10","6","FAAt705","BEA_API"
1916,32,"Residential",0,"i3gdefn1sb10","6","FAAt705","BEA_API"
1917,32,"Residential",0,"i3gdefn1sb10","6","FAAt705","BEA_API"
1918,32,"Residential",0,"i3gdefn1sb10","6","FAAt705","BEA_API"
1919,32,"Residential",0,"i3gdefn1sb10","6","FAAt705","BEA_API"
1920,32,"Residential",0,"i3gdefn1sb10","6","FAAt705","BEA_API"
1921,32,"Residential",0,"i3gdefn1sb10","6","FAAt705","BEA_API"
1922,32,"Residential",0,"i3gdefn1sb10","6","FAAt705","BEA_API"
1923,32,"Residential",0,"i3gdefn1sb10","6","FAAt705","BEA_API"
1924,32,"Residential",0,"i3gdefn1sb10","6","FAAt705","BEA_API"
1925,32,"Residential",0,"i3gdefn1sb10","6","FAAt705","BEA_API"
1926,32,"Residential",0,"i3gdefn1sb10","6","FAAt705","BEA_API"
1927,32,"Residential",0,"i3gdefn1sb10","6","FAAt705","BEA_API"
1928,32,"Residential",0,"i3gdefn1sb10","6","FAAt705","BEA_API"
1929,32,"Residential",0,"i3gdefn1sb10","6","FAAt705","BEA_API"
1930,32,"Residential",0,"i3gdefn1sb10","6","FAAt705","BEA_API"
1931,32,"Residential",0,"i3gdefn1sb10","6","FAAt705","BEA_API"
1932,32,"Residential",0,"i3gdefn1sb10","6","FAAt705","BEA_API"
1933,32,"Residential",0,"i3gdefn1sb10","6","FAAt705","BEA_API"
1934,32,"Residential",1,"i3gdefn1sb10","6","FAAt705","BEA_API"
1935,32,"Residential",9,"i3gdefn1sb10","6","FAAt705","BEA_API"
1936,32,"Residential",64,"i3gdefn1sb10","6","FAAt705","BEA_API"
1937,32,"Residential",98,"i3gdefn1sb10","6","FAAt705","BEA_API"
1938,32,"Residential",34,"i3gdefn1sb10","6","FAAt705","BEA_API"
1939,32,"Residential",4,"i3gdefn1sb10","6","FAAt705","BEA_API"
1940,32,"Residential",4,"i3gdefn1sb10","6","FAAt705","BEA_API"
1941,32,"Residential",226,"i3gdefn1sb10","6","FAAt705","BEA_API"
1942,32,"Residential",381,"i3gdefn1sb10","6","FAAt705","BEA_API"
1943,32,"Residential",729,"i3gdefn1sb10","6","FAAt705","BEA_API"
1944,32,"Residential",213,"i3gdefn1sb10","6","FAAt705","BEA_API"
1945,32,"Residential",84,"i3gdefn1sb10","6","FAAt705","BEA_API"
1946,32,"Residential",253,"i3gdefn1sb10","6","FAAt705","BEA_API"
1947,32,"Residential",14,"i3gdefn1sb10","6","FAAt705","BEA_API"
1948,32,"Residential",41,"i3gdefn1sb10","6","FAAt705","BEA_API"
1949,32,"Residential",39,"i3gdefn1sb10","6","FAAt705","BEA_API"
1950,32,"Residential",21,"i3gdefn1sb10","6","FAAt705","BEA_API"
1951,32,"Residential",23,"i3gdefn1sb10","6","FAAt705","BEA_API"
1952,32,"Residential",33,"i3gdefn1sb10","6","FAAt705","BEA_API"
1953,32,"Residential",42,"i3gdefn1sb10","6","FAAt705","BEA_API"
1954,32,"Residential",24,"i3gdefn1sb10","6","FAAt705","BEA_API"
1955,32,"Residential",23,"i3gdefn1sb10","6","FAAt705","BEA_API"
1956,32,"Residential",42,"i3gdefn1sb10","6","FAAt705","BEA_API"
1957,32,"Residential",180,"i3gdefn1sb10","6","FAAt705","BEA_API"
1958,32,"Residential",379,"i3gdefn1sb10","6","FAAt705","BEA_API"
1959,32,"Residential",502,"i3gdefn1sb10","6","FAAt705","BEA_API"
1960,32,"Residential",299,"i3gdefn1sb10","6","FAAt705","BEA_API"
1961,32,"Residential",300,"i3gdefn1sb10","6","FAAt705","BEA_API"
1962,32,"Residential",209,"i3gdefn1sb10","6","FAAt705","BEA_API"
1963,32,"Residential",143,"i3gdefn1sb10","6","FAAt705","BEA_API"
1964,32,"Residential",113,"i3gdefn1sb10","6","FAAt705","BEA_API"
1965,32,"Residential",158,"i3gdefn1sb10","6","FAAt705","BEA_API"
1966,32,"Residential",105,"i3gdefn1sb10","6","FAAt705","BEA_API"
1967,32,"Residential",57,"i3gdefn1sb10","6","FAAt705","BEA_API"
1968,32,"Residential",77,"i3gdefn1sb10","6","FAAt705","BEA_API"
1969,32,"Residential",161,"i3gdefn1sb10","6","FAAt705","BEA_API"
1970,32,"Residential",110,"i3gdefn1sb10","6","FAAt705","BEA_API"
1971,32,"Residential",139,"i3gdefn1sb10","6","FAAt705","BEA_API"
1972,32,"Residential",344,"i3gdefn1sb10","6","FAAt705","BEA_API"
1973,32,"Residential",368,"i3gdefn1sb10","6","FAAt705","BEA_API"
1974,32,"Residential",489,"i3gdefn1sb10","6","FAAt705","BEA_API"
1975,32,"Residential",626,"i3gdefn1sb10","6","FAAt705","BEA_API"
1976,32,"Residential",567,"i3gdefn1sb10","6","FAAt705","BEA_API"
1977,32,"Residential",494,"i3gdefn1sb10","6","FAAt705","BEA_API"
1978,32,"Residential",519,"i3gdefn1sb10","6","FAAt705","BEA_API"
1979,32,"Residential",463,"i3gdefn1sb10","6","FAAt705","BEA_API"
1980,32,"Residential",674,"i3gdefn1sb10","6","FAAt705","BEA_API"
1981,32,"Residential",734,"i3gdefn1sb10","6","FAAt705","BEA_API"
1982,32,"Residential",944,"i3gdefn1sb10","6","FAAt705","BEA_API"
1983,32,"Residential",1194,"i3gdefn1sb10","6","FAAt705","BEA_API"
1984,32,"Residential",1158,"i3gdefn1sb10","6","FAAt705","BEA_API"
1985,32,"Residential",1512,"i3gdefn1sb10","6","FAAt705","BEA_API"
1986,32,"Residential",1557,"i3gdefn1sb10","6","FAAt705","BEA_API"
1987,32,"Residential",1852,"i3gdefn1sb10","6","FAAt705","BEA_API"
1988,32,"Residential",1731,"i3gdefn1sb10","6","FAAt705","BEA_API"
1989,32,"Residential",1691,"i3gdefn1sb10","6","FAAt705","BEA_API"
1990,32,"Residential",1803,"i3gdefn1sb10","6","FAAt705","BEA_API"
1991,32,"Residential",1190,"i3gdefn1sb10","6","FAAt705","BEA_API"
1992,32,"Residential",1110,"i3gdefn1sb10","6","FAAt705","BEA_API"
1993,32,"Residential",1224,"i3gdefn1sb10","6","FAAt705","BEA_API"
1994,32,"Residential",1426,"i3gdefn1sb10","6","FAAt705","BEA_API"
1995,32,"Residential",1485,"i3gdefn1sb10","6","FAAt705","BEA_API"
1996,32,"Residential",1373,"i3gdefn1sb10","6","FAAt705","BEA_API"
1997,32,"Residential",1439,"i3gdefn1sb10","6","FAAt705","BEA_API"
1998,32,"Residential",1323,"i3gdefn1sb10","6","FAAt705","BEA_API"
1999,32,"Residential",1202,"i3gdefn1sb10","6","FAAt705","BEA_API"
2000,32,"Residential",1079,"i3gdefn1sb10","6","FAAt705","BEA_API"
2001,32,"Residential",1190,"i3gdefn1sb10","6","FAAt705","BEA_API"
2002,32,"Residential",1229,"i3gdefn1sb10","6","FAAt705","BEA_API"
2003,32,"Residential",1442,"i3gdefn1sb10","6","FAAt705","BEA_API"
2004,32,"Residential",1332,"i3gdefn1sb10","6","FAAt705","BEA_API"
2005,32,"Residential",1590,"i3gdefn1sb10","6","FAAt705","BEA_API"
2006,32,"Residential",1466,"i3gdefn1sb10","6","FAAt705","BEA_API"
2007,32,"Residential",1702,"i3gdefn1sb10","6","FAAt705","BEA_API"
2008,32,"Residential",1799,"i3gdefn1sb10","6","FAAt705","BEA_API"
2009,32,"Residential",1235,"i3gdefn1sb10","6","FAAt705","BEA_API"
2010,32,"Residential",1578,"i3gdefn1sb10","6","FAAt705","BEA_API"
2011,32,"Residential",1409,"i3gdefn1sb10","6","FAAt705","BEA_API"
2012,32,"Residential",1026,"i3gdefn1sb10","6","FAAt705","BEA_API"
2013,32,"Residential",771,"i3gdefn1sb10","6","FAAt705","BEA_API"
2014,32,"Residential",595,"i3gdefn1sb10","6","FAAt705","BEA_API"
2015,32,"Residential",682,"i3gdefn1sb10","6","FAAt705","BEA_API"
2016,32,"Residential",633,"i3gdefn1sb10","6","FAAt705","BEA_API"
2017,32,"Residential",680,"i3gdefn1sb10","6","FAAt705","BEA_API"
2018,32,"Residential",626,"i3gdefn1sb10","6","FAAt705","BEA_API"
2019,32,"Residential",594,"i3gdefn1sb10","6","FAAt705","BEA_API"
2020,32,"Residential",688,"i3gdefn1sb10","6","FAAt705","BEA_API"
2021,32,"Residential",710,"i3gdefn1sb10","6","FAAt705","BEA_API"
2022,32,"Residential",711,"i3gdefn1sb10","6","FAAt705","BEA_API"
2023,32,"Residential",743,"i3gdefn1sb10","6","FAAt705","BEA_API"
2024,32,"Residential",828,"i3gdefn1sb10","6","FAAt705","BEA_API"
1901,33,"Industrial",0,"i3gdefn1sb20","6","FAAt705","BEA_API"
1902,33,"Industrial",0,"i3gdefn1sb20","6","FAAt705","BEA_API"
1903,33,"Industrial",0,"i3gdefn1sb20","6","FAAt705","BEA_API"
1904,33,"Industrial",0,"i3gdefn1sb20","6","FAAt705","BEA_API"
1905,33,"Industrial",0,"i3gdefn1sb20","6","FAAt705","BEA_API"
1906,33,"Industrial",0,"i3gdefn1sb20","6","FAAt705","BEA_API"
1907,33,"Industrial",0,"i3gdefn1sb20","6","FAAt705","BEA_API"
1908,33,"Industrial",0,"i3gdefn1sb20","6","FAAt705","BEA_API"
1909,33,"Industrial",0,"i3gdefn1sb20","6","FAAt705","BEA_API"
1910,33,"Industrial",0,"i3gdefn1sb20","6","FAAt705","BEA_API"
1911,33,"Industrial",0,"i3gdefn1sb20","6","FAAt705","BEA_API"
1912,33,"Industrial",0,"i3gdefn1sb20","6","FAAt705","BEA_API"
1913,33,"Industrial",0,"i3gdefn1sb20","6","FAAt705","BEA_API"
1914,33,"Industrial",0,"i3gdefn1sb20","6","FAAt705","BEA_API"
1915,33,"Industrial",0,"i3gdefn1sb20","6","FAAt705","BEA_API"
1916,33,"Industrial",0,"i3gdefn1sb20","6","FAAt705","BEA_API"
1917,33,"Industrial",0,"i3gdefn1sb20","6","FAAt705","BEA_API"
1918,33,"Industrial",0,"i3gdefn1sb20","6","FAAt705","BEA_API"
1919,33,"Industrial",0,"i3gdefn1sb20","6","FAAt705","BEA_API"
1920,33,"Industrial",0,"i3gdefn1sb20","6","FAAt705","BEA_API"
1921,33,"Industrial",0,"i3gdefn1sb20","6","FAAt705","BEA_API"
1922,33,"Industrial",0,"i3gdefn1sb20","6","FAAt705","BEA_API"
1923,33,"Industrial",0,"i3gdefn1sb20","6","FAAt705","BEA_API"
1924,33,"Industrial",0,"i3gdefn1sb20","6","FAAt705","BEA_API"
1925,33,"Industrial",0,"i3gdefn1sb20","6","FAAt705","BEA_API"
1926,33,"Industrial",0,"i3gdefn1sb20","6","FAAt705","BEA_API"
1927,33,"Industrial",0,"i3gdefn1sb20","6","FAAt705","BEA_API"
1928,33,"Industrial",0,"i3gdefn1sb20","6","FAAt705","BEA_API"
1929,33,"Industrial",0,"i3gdefn1sb20","6","FAAt705","BEA_API"
1930,33,"Industrial",0,"i3gdefn1sb20","6","FAAt705","BEA_API"
1931,33,"Industrial",0,"i3gdefn1sb20","6","FAAt705","BEA_API"
1932,33,"Industrial",0,"i3gdefn1sb20","6","FAAt705","BEA_API"
1933,33,"Industrial",2,"i3gdefn1sb20","6","FAAt705","BEA_API"
1934,33,"Industrial",11,"i3gdefn1sb20","6","FAAt705","BEA_API"
1935,33,"Industrial",4,"i3gdefn1sb20","6","FAAt705","BEA_API"
1936,33,"Industrial",42,"i3gdefn1sb20","6","FAAt705","BEA_API"
1937,33,"Industrial",45,"i3gdefn1sb20","6","FAAt705","BEA_API"
1938,33,"Industrial",52,"i3gdefn1sb20","6","FAAt705","BEA_API"
1939,33,"Industrial",17,"i3gdefn1sb20","6","FAAt705","BEA_API"
1940,33,"Industrial",133,"i3gdefn1sb20","6","FAAt705","BEA_API"
1941,33,"Industrial",1266,"i3gdefn1sb20","6","FAAt705","BEA_API"
1942,33,"Industrial",3422,"i3gdefn1sb20","6","FAAt705","BEA_API"
1943,33,"Industrial",1838,"i3gdefn1sb20","6","FAAt705","BEA_API"
1944,33,"Industrial",1212,"i3gdefn1sb20","6","FAAt705","BEA_API"
1945,33,"Industrial",732,"i3gdefn1sb20","6","FAAt705","BEA_API"
1946,33,"Industrial",-46,"i3gdefn1sb20","6","FAAt705","BEA_API"
1947,33,"Industrial",10,"i3gdefn1sb20","6","FAAt705","BEA_API"
1948,33,"Industrial",141,"i3gdefn1sb20","6","FAAt705","BEA_API"
1949,33,"Industrial",152,"i3gdefn1sb20","6","FAAt705","BEA_API"
1950,33,"Industrial",208,"i3gdefn1sb20","6","FAAt705","BEA_API"
1951,33,"Industrial",973,"i3gdefn1sb20","6","FAAt705","BEA_API"
1952,33,"Industrial",1683,"i3gdefn1sb20","6","FAAt705","BEA_API"
1953,33,"Industrial",1770,"i3gdefn1sb20","6","FAAt705","BEA_API"
1954,33,"Industrial",1500,"i3gdefn1sb20","6","FAAt705","BEA_API"
1955,33,"Industrial",649,"i3gdefn1sb20","6","FAAt705","BEA_API"
1956,33,"Industrial",453,"i3gdefn1sb20","6","FAAt705","BEA_API"
1957,33,"Industrial",508,"i3gdefn1sb20","6","FAAt705","BEA_API"
1958,33,"Industrial",501,"i3gdefn1sb20","6","FAAt705","BEA_API"
1959,33,"Industrial",344,"i3gdefn1sb20","6","FAAt705","BEA_API"
1960,33,"Industrial",385,"i3gdefn1sb20","6","FAAt705","BEA_API"
1961,33,"Industrial",465,"i3gdefn1sb20","6","FAAt705","BEA_API"
1962,33,"Industrial",331,"i3gdefn1sb20","6","FAAt705","BEA_API"
1963,33,"Industrial",216,"i3gdefn1sb20","6","FAAt705","BEA_API"
1964,33,"Industrial",145,"i3gdefn1sb20","6","FAAt705","BEA_API"
1965,33,"Industrial",75,"i3gdefn1sb20","6","FAAt705","BEA_API"
1966,33,"Industrial",106,"i3gdefn1sb20","6","FAAt705","BEA_API"
1967,33,"Industrial",132,"i3gdefn1sb20","6","FAAt705","BEA_API"
1968,33,"Industrial",184,"i3gdefn1sb20","6","FAAt705","BEA_API"
1969,33,"Industrial",197,"i3gdefn1sb20","6","FAAt705","BEA_API"
1970,33,"Industrial",220,"i3gdefn1sb20","6","FAAt705","BEA_API"
1971,33,"Industrial",424,"i3gdefn1sb20","6","FAAt705","BEA_API"
1972,33,"Industrial",285,"i3gdefn1sb20","6","FAAt705","BEA_API"
1973,33,"Industrial",305,"i3gdefn1sb20","6","FAAt705","BEA_API"
1974,33,"Industrial",246,"i3gdefn1sb20","6","FAAt705","BEA_API"
1975,33,"Industrial",22,"i3gdefn1sb20","6","FAAt705","BEA_API"
1976,33,"Industrial",20,"i3gdefn1sb20","6","FAAt705","BEA_API"
1977,33,"Industrial",171,"i3gdefn1sb20","6","FAAt705","BEA_API"
1978,33,"Industrial",216,"i3gdefn1sb20","6","FAAt705","BEA_API"
1979,33,"Industrial",304,"i3gdefn1sb20","6","FAAt705","BEA_API"
1980,33,"Industrial",365,"i3gdefn1sb20","6","FAAt705","BEA_API"
1981,33,"Industrial",515,"i3gdefn1sb20","6","FAAt705","BEA_API"
1982,33,"Industrial",665,"i3gdefn1sb20","6","FAAt705","BEA_API"
1983,33,"Industrial",781,"i3gdefn1sb20","6","FAAt705","BEA_API"
1984,33,"Industrial",810,"i3gdefn1sb20","6","FAAt705","BEA_API"
1985,33,"Industrial",1103,"i3gdefn1sb20","6","FAAt705","BEA_API"
1986,33,"Industrial",965,"i3gdefn1sb20","6","FAAt705","BEA_API"
1987,33,"Industrial",805,"i3gdefn1sb20","6","FAAt705","BEA_API"
1988,33,"Industrial",769,"i3gdefn1sb20","6","FAAt705","BEA_API"
1989,33,"Industrial",708,"i3gdefn1sb20","6","FAAt705","BEA_API"
1990,33,"Industrial",808,"i3gdefn1sb20","6","FAAt705","BEA_API"
1991,33,"Industrial",1087,"i3gdefn1sb20","6","FAAt705","BEA_API"
1992,33,"Industrial",932,"i3gdefn1sb20","6","FAAt705","BEA_API"
1993,33,"Industrial",714,"i3gdefn1sb20","6","FAAt705","BEA_API"
1994,33,"Industrial",616,"i3gdefn1sb20","6","FAAt705","BEA_API"
1995,33,"Industrial",569,"i3gdefn1sb20","6","FAAt705","BEA_API"
1996,33,"Industrial",612,"i3gdefn1sb20","6","FAAt705","BEA_API"
1997,33,"Industrial",455,"i3gdefn1sb20","6","FAAt705","BEA_API"
1998,33,"Industrial",245,"i3gdefn1sb20","6","FAAt705","BEA_API"
1999,33,"Industrial",233,"i3gdefn1sb20","6","FAAt705","BEA_API"
2000,33,"Industrial",277,"i3gdefn1sb20","6","FAAt705","BEA_API"
2001,33,"Industrial",406,"i3gdefn1sb20","6","FAAt705","BEA_API"
2002,33,"Industrial",599,"i3gdefn1sb20","6","FAAt705","BEA_API"
2003,33,"Industrial",596,"i3gdefn1sb20","6","FAAt705","BEA_API"
2004,33,"Industrial",417,"i3gdefn1sb20","6","FAAt705","BEA_API"
2005,33,"Industrial",332,"i3gdefn1sb20","6","FAAt705","BEA_API"
2006,33,"Industrial",328,"i3gdefn1sb20","6","FAAt705","BEA_API"
2007,33,"Industrial",348,"i3gdefn1sb20","6","FAAt705","BEA_API"
2008,33,"Industrial",591,"i3gdefn1sb20","6","FAAt705","BEA_API"
2009,33,"Industrial",769,"i3gdefn1sb20","6","FAAt705","BEA_API"
2010,33,"Industrial",684,"i3gdefn1sb20","6","FAAt705","BEA_API"
2011,33,"Industrial",738,"i3gdefn1sb20","6","FAAt705","BEA_API"
2012,33,"Industrial",600,"i3gdefn1sb20","6","FAAt705","BEA_API"
2013,33,"Industrial",570,"i3gdefn1sb20","6","FAAt705","BEA_API"
2014,33,"Industrial",507,"i3gdefn1sb20","6","FAAt705","BEA_API"
2015,33,"Industrial",694,"i3gdefn1sb20","6","FAAt705","BEA_API"
2016,33,"Industrial",1032,"i3gdefn1sb20","6","FAAt705","BEA_API"
2017,33,"Industrial",1006,"i3gdefn1sb20","6","FAAt705","BEA_API"
2018,33,"Industrial",992,"i3gdefn1sb20","6","FAAt705","BEA_API"
2019,33,"Industrial",1278,"i3gdefn1sb20","6","FAAt705","BEA_API"
2020,33,"Industrial",1470,"i3gdefn1sb20","6","FAAt705","BEA_API"
2021,33,"Industrial",1893,"i3gdefn1sb20","6","FAAt705","BEA_API"
2022,33,"Industrial",2158,"i3gdefn1sb20","6","FAAt705","BEA_API"
2023,33,"Industrial",3219,"i3gdefn1sb20","6","FAAt705","BEA_API"
2024,33,"Industrial",3787,"i3gdefn1sb20","6","FAAt705","BEA_API"
1901,34,"Military facilities",14,"i3gdefn1sm00","6","FAAt705","BEA_API"
1902,34,"Military facilities",14,"i3gdefn1sm00","6","FAAt705","BEA_API"
1903,34,"Military facilities",16,"i3gdefn1sm00","6","FAAt705","BEA_API"
1904,34,"Military facilities",19,"i3gdefn1sm00","6","FAAt705","BEA_API"
1905,34,"Military facilities",22,"i3gdefn1sm00","6","FAAt705","BEA_API"
1906,34,"Military facilities",21,"i3gdefn1sm00","6","FAAt705","BEA_API"
1907,34,"Military facilities",17,"i3gdefn1sm00","6","FAAt705","BEA_API"
1908,34,"Military facilities",18,"i3gdefn1sm00","6","FAAt705","BEA_API"
1909,34,"Military facilities",22,"i3gdefn1sm00","6","FAAt705","BEA_API"
1910,34,"Military facilities",22,"i3gdefn1sm00","6","FAAt705","BEA_API"
1911,34,"Military facilities",23,"i3gdefn1sm00","6","FAAt705","BEA_API"
1912,34,"Military facilities",22,"i3gdefn1sm00","6","FAAt705","BEA_API"
1913,34,"Military facilities",15,"i3gdefn1sm00","6","FAAt705","BEA_API"
1914,34,"Military facilities",15,"i3gdefn1sm00","6","FAAt705","BEA_API"
1915,34,"Military facilities",17,"i3gdefn1sm00","6","FAAt705","BEA_API"
1916,34,"Military facilities",21,"i3gdefn1sm00","6","FAAt705","BEA_API"
1917,34,"Military facilities",586,"i3gdefn1sm00","6","FAAt705","BEA_API"
1918,34,"Military facilities",1499,"i3gdefn1sm00","6","FAAt705","BEA_API"
1919,34,"Military facilities",1038,"i3gdefn1sm00","6","FAAt705","BEA_API"
1920,34,"Military facilities",161,"i3gdefn1sm00","6","FAAt705","BEA_API"
1921,34,"Military facilities",49,"i3gdefn1sm00","6","FAAt705","BEA_API"
1922,34,"Military facilities",25,"i3gdefn1sm00","6","FAAt705","BEA_API"
1923,34,"Military facilities",16,"i3gdefn1sm00","6","FAAt705","BEA_API"
1924,34,"Military facilities",9,"i3gdefn1sm00","6","FAAt705","BEA_API"
1925,34,"Military facilities",8,"i3gdefn1sm00","6","FAAt705","BEA_API"
1926,34,"Military facilities",11,"i3gdefn1sm00","6","FAAt705","BEA_API"
1927,34,"Military facilities",12,"i3gdefn1sm00","6","FAAt705","BEA_API"
1928,34,"Military facilities",15,"i3gdefn1sm00","6","FAAt705","BEA_API"
1929,34,"Military facilities",24,"i3gdefn1sm00","6","FAAt705","BEA_API"
1930,34,"Military facilities",37,"i3gdefn1sm00","6","FAAt705","BEA_API"
1931,34,"Military facilities",51,"i3gdefn1sm00","6","FAAt705","BEA_API"
1932,34,"Military facilities",43,"i3gdefn1sm00","6","FAAt705","BEA_API"
1933,34,"Military facilities",45,"i3gdefn1sm00","6","FAAt705","BEA_API"
1934,34,"Military facilities",60,"i3gdefn1sm00","6","FAAt705","BEA_API"
1935,34,"Military facilities",48,"i3gdefn1sm00","6","FAAt705","BEA_API"
1936,34,"Military facilities",73,"i3gdefn1sm00","6","FAAt705","BEA_API"
1937,34,"Military facilities",89,"i3gdefn1sm00","6","FAAt705","BEA_API"
1938,34,"Military facilities",118,"i3gdefn1sm00","6","FAAt705","BEA_API"
1939,34,"Military facilities",154,"i3gdefn1sm00","6","FAAt705","BEA_API"
1940,34,"Military facilities",465,"i3gdefn1sm00","6","FAAt705","BEA_API"
1941,34,"Military facilities",2076,"i3gdefn1sm00","6","FAAt705","BEA_API"
1942,34,"Military facilities",6464,"i3gdefn1sm00","6","FAAt705","BEA_API"
1943,34,"Military facilities",3258,"i3gdefn1sm00","6","FAAt705","BEA_API"
1944,34,"Military facilities",1059,"i3gdefn1sm00","6","FAAt705","BEA_API"
1945,34,"Military facilities",856,"i3gdefn1sm00","6","FAAt705","BEA_API"
1946,34,"Military facilities",82,"i3gdefn1sm00","6","FAAt705","BEA_API"
1947,34,"Military facilities",149,"i3gdefn1sm00","6","FAAt705","BEA_API"
1948,34,"Military facilities",186,"i3gdefn1sm00","6","FAAt705","BEA_API"
1949,34,"Military facilities",177,"i3gdefn1sm00","6","FAAt705","BEA_API"
1950,34,"Military facilities",223,"i3gdefn1sm00","6","FAAt705","BEA_API"
1951,34,"Military facilities",1023,"i3gdefn1sm00","6","FAAt705","BEA_API"
1952,34,"Military facilities",1568,"i3gdefn1sm00","6","FAAt705","BEA_API"
1953,34,"Military facilities",1514,"i3gdefn1sm00","6","FAAt705","BEA_API"
1954,34,"Military facilities",1206,"i3gdefn1sm00","6","FAAt705","BEA_API"
1955,34,"Military facilities",1449,"i3gdefn1sm00","6","FAAt705","BEA_API"
1956,34,"Military facilities",1635,"i3gdefn1sm00","6","FAAt705","BEA_API"
1957,34,"Military facilities",1600,"i3gdefn1sm00","6","FAAt705","BEA_API"
1958,34,"Military facilities",1735,"i3gdefn1sm00","6","FAAt705","BEA_API"
1959,34,"Military facilities",1690,"i3gdefn1sm00","6","FAAt705","BEA_API"
1960,34,"Military facilities",1551,"i3gdefn1sm00","6","FAAt705","BEA_API"
1961,34,"Military facilities",1593,"i3gdefn1sm00","6","FAAt705","BEA_API"
1962,34,"Military facilities",1451,"i3gdefn1sm00","6","FAAt705","BEA_API"
1963,34,"Military facilities",1281,"i3gdefn1sm00","6","FAAt705","BEA_API"
1964,34,"Military facilities",1018,"i3gdefn1sm00","6","FAAt705","BEA_API"
1965,34,"Military facilities",906,"i3gdefn1sm00","6","FAAt705","BEA_API"
1966,34,"Military facilities",1049,"i3gdefn1sm00","6","FAAt705","BEA_API"
1967,34,"Military facilities",1007,"i3gdefn1sm00","6","FAAt705","BEA_API"
1968,34,"Military facilities",982,"i3gdefn1sm00","6","FAAt705","BEA_API"
1969,34,"Military facilities",1133,"i3gdefn1sm00","6","FAAt705","BEA_API"
1970,34,"Military facilities",991,"i3gdefn1sm00","6","FAAt705","BEA_API"
1971,34,"Military facilities",1264,"i3gdefn1sm00","6","FAAt705","BEA_API"
1972,34,"Military facilities",1161,"i3gdefn1sm00","6","FAAt705","BEA_API"
1973,34,"Military facilities",1439,"i3gdefn1sm00","6","FAAt705","BEA_API"
1974,34,"Military facilities",1443,"i3gdefn1sm00","6","FAAt705","BEA_API"
1975,34,"Military facilities",1672,"i3gdefn1sm00","6","FAAt705","BEA_API"
1976,34,"Military facilities",1558,"i3gdefn1sm00","6","FAAt705","BEA_API"
1977,34,"Military facilities",1713,"i3gdefn1sm00","6","FAAt705","BEA_API"
1978,34,"Military facilities",1775,"i3gdefn1sm00","6","FAAt705","BEA_API"
1979,34,"Military facilities",1754,"i3gdefn1sm00","6","FAAt705","BEA_API"
1980,34,"Military facilities",2139,"i3gdefn1sm00","6","FAAt705","BEA_API"
1981,34,"Military facilities",1961,"i3gdefn1sm00","6","FAAt705","BEA_API"
1982,34,"Military facilities",2346,"i3gdefn1sm00","6","FAAt705","BEA_API"
1983,34,"Military facilities",2788,"i3gdefn1sm00","6","FAAt705","BEA_API"
1984,34,"Military facilities",2967,"i3gdefn1sm00","6","FAAt705","BEA_API"
1985,34,"Military facilities",3604,"i3gdefn1sm00","6","FAAt705","BEA_API"
1986,34,"Military facilities",4252,"i3gdefn1sm00","6","FAAt705","BEA_API"
1987,34,"Military facilities",5000,"i3gdefn1sm00","6","FAAt705","BEA_API"
1988,34,"Military facilities",4857,"i3gdefn1sm00","6","FAAt705","BEA_API"
1989,34,"Military facilities",3960,"i3gdefn1sm00","6","FAAt705","BEA_API"
1990,34,"Military facilities",3479,"i3gdefn1sm00","6","FAAt705","BEA_API"
1991,34,"Military facilities",2356,"i3gdefn1sm00","6","FAAt705","BEA_API"
1992,34,"Military facilities",3179,"i3gdefn1sm00","6","FAAt705","BEA_API"
1993,34,"Military facilities",3409,"i3gdefn1sm00","6","FAAt705","BEA_API"
1994,34,"Military facilities",3721,"i3gdefn1sm00","6","FAAt705","BEA_API"
1995,34,"Military facilities",4642,"i3gdefn1sm00","6","FAAt705","BEA_API"
1996,34,"Military facilities",4302,"i3gdefn1sm00","6","FAAt705","BEA_API"
1997,34,"Military facilities",4223,"i3gdefn1sm00","6","FAAt705","BEA_API"
1998,34,"Military facilities",4266,"i3gdefn1sm00","6","FAAt705","BEA_API"
1999,34,"Military facilities",3951,"i3gdefn1sm00","6","FAAt705","BEA_API"
2000,34,"Military facilities",4040,"i3gdefn1sm00","6","FAAt705","BEA_API"
2001,34,"Military facilities",3737,"i3gdefn1sm00","6","FAAt705","BEA_API"
2002,34,"Military facilities",4306,"i3gdefn1sm00","6","FAAt705","BEA_API"
2003,34,"Military facilities",5052,"i3gdefn1sm00","6","FAAt705","BEA_API"
2004,34,"Military facilities",5190,"i3gdefn1sm00","6","FAAt705","BEA_API"
2005,34,"Military facilities",5237,"i3gdefn1sm00","6","FAAt705","BEA_API"
2006,34,"Military facilities",5997,"i3gdefn1sm00","6","FAAt705","BEA_API"
2007,34,"Military facilities",7960,"i3gdefn1sm00","6","FAAt705","BEA_API"
2008,34,"Military facilities",11277,"i3gdefn1sm00","6","FAAt705","BEA_API"
2009,34,"Military facilities",15124,"i3gdefn1sm00","6","FAAt705","BEA_API"
2010,34,"Military facilities",14392,"i3gdefn1sm00","6","FAAt705","BEA_API"
2011,34,"Military facilities",11201,"i3gdefn1sm00","6","FAAt705","BEA_API"
2012,34,"Military facilities",6477,"i3gdefn1sm00","6","FAAt705","BEA_API"
2013,34,"Military facilities",5996,"i3gdefn1sm00","6","FAAt705","BEA_API"
2014,34,"Military facilities",5808,"i3gdefn1sm00","6","FAAt705","BEA_API"
2015,34,"Military facilities",5825,"i3gdefn1sm00","6","FAAt705","BEA_API"
2016,34,"Military facilities",5763,"i3gdefn1sm00","6","FAAt705","BEA_API"
2017,34,"Military facilities",6388,"i3gdefn1sm00","6","FAAt705","BEA_API"
2018,34,"Military facilities",6902,"i3gdefn1sm00","6","FAAt705","BEA_API"
2019,34,"Military facilities",7567,"i3gdefn1sm00","6","FAAt705","BEA_API"
2020,34,"Military facilities",9417,"i3gdefn1sm00","6","FAAt705","BEA_API"
2021,34,"Military facilities",9063,"i3gdefn1sm00","6","FAAt705","BEA_API"
2022,34,"Military facilities",9965,"i3gdefn1sm00","6","FAAt705","BEA_API"
2023,34,"Military facilities",10816,"i3gdefn1sm00","6","FAAt705","BEA_API"
2024,34,"Military facilities",12618,"i3gdefn1sm00","6","FAAt705","BEA_API"
1929,35,"Intellectual property products",17,"i3gdefn1ip00","6","FAAt705","BEA_API"
1930,35,"Intellectual property products",26,"i3gdefn1ip00","6","FAAt705","BEA_API"
1931,35,"Intellectual property products",24,"i3gdefn1ip00","6","FAAt705","BEA_API"
1932,35,"Intellectual property products",33,"i3gdefn1ip00","6","FAAt705","BEA_API"
1933,35,"Intellectual property products",30,"i3gdefn1ip00","6","FAAt705","BEA_API"
1934,35,"Intellectual property products",24,"i3gdefn1ip00","6","FAAt705","BEA_API"
1935,35,"Intellectual property products",23,"i3gdefn1ip00","6","FAAt705","BEA_API"
1936,35,"Intellectual property products",27,"i3gdefn1ip00","6","FAAt705","BEA_API"
1937,35,"Intellectual property products",27,"i3gdefn1ip00","6","FAAt705","BEA_API"
1938,35,"Intellectual property products",30,"i3gdefn1ip00","6","FAAt705","BEA_API"
1939,35,"Intellectual property products",33,"i3gdefn1ip00","6","FAAt705","BEA_API"
1940,35,"Intellectual property products",36,"i3gdefn1ip00","6","FAAt705","BEA_API"
1941,35,"Intellectual property products",210,"i3gdefn1ip00","6","FAAt705","BEA_API"
1942,35,"Intellectual property products",360,"i3gdefn1ip00","6","FAAt705","BEA_API"
1943,35,"Intellectual property products",721,"i3gdefn1ip00","6","FAAt705","BEA_API"
1944,35,"Intellectual property products",1318,"i3gdefn1ip00","6","FAAt705","BEA_API"
1945,35,"Intellectual property products",1322,"i3gdefn1ip00","6","FAAt705","BEA_API"
1946,35,"Intellectual property products",1226,"i3gdefn1ip00","6","FAAt705","BEA_API"
1947,35,"Intellectual property products",1188,"i3gdefn1ip00","6","FAAt705","BEA_API"
1948,35,"Intellectual property products",1301,"i3gdefn1ip00","6","FAAt705","BEA_API"
1949,35,"Intellectual property products",1336,"i3gdefn1ip00","6","FAAt705","BEA_API"
1950,35,"Intellectual property products",1303,"i3gdefn1ip00","6","FAAt705","BEA_API"
1951,35,"Intellectual property products",1503,"i3gdefn1ip00","6","FAAt705","BEA_API"
1952,35,"Intellectual property products",1823,"i3gdefn1ip00","6","FAAt705","BEA_API"
1953,35,"Intellectual property products",2228,"i3gdefn1ip00","6","FAAt705","BEA_API"
1954,35,"Intellectual property products",2591,"i3gdefn1ip00","6","FAAt705","BEA_API"
1955,35,"Intellectual property products",3037,"i3gdefn1ip00","6","FAAt705","BEA_API"
1956,35,"Intellectual property products",4115,"i3gdefn1ip00","6","FAAt705","BEA_API"
1957,35,"Intellectual property products",4883,"i3gdefn1ip00","6","FAAt705","BEA_API"
1958,35,"Intellectual property products",5154,"i3gdefn1ip00","6","FAAt705","BEA_API"
1959,35,"Intellectual property products",5702,"i3gdefn1ip00","6","FAAt705","BEA_API"
1960,35,"Intellectual property products",5940,"i3gdefn1ip00","6","FAAt705","BEA_API"
1961,35,"Intellectual property products",6520,"i3gdefn1ip00","6","FAAt705","BEA_API"
1962,35,"Intellectual property products",6701,"i3gdefn1ip00","6","FAAt705","BEA_API"
1963,35,"Intellectual property products",6935,"i3gdefn1ip00","6","FAAt705","BEA_API"
1964,35,"Intellectual property products",6925,"i3gdefn1ip00","6","FAAt705","BEA_API"
1965,35,"Intellectual property products",6666,"i3gdefn1ip00","6","FAAt705","BEA_API"
1966,35,"Intellectual property products",7023,"i3gdefn1ip00","6","FAAt705","BEA_API"
1967,35,"Intellectual property products",7881,"i3gdefn1ip00","6","FAAt705","BEA_API"
1968,35,"Intellectual property products",7872,"i3gdefn1ip00","6","FAAt705","BEA_API"
1969,35,"Intellectual property products",8243,"i3gdefn1ip00","6","FAAt705","BEA_API"
1970,35,"Intellectual property products",8057,"i3gdefn1ip00","6","FAAt705","BEA_API"
1971,35,"Intellectual property products",8374,"i3gdefn1ip00","6","FAAt705","BEA_API"
1972,35,"Intellectual property products",9173,"i3gdefn1ip00","6","FAAt705","BEA_API"
1973,35,"Intellectual property products",9698,"i3gdefn1ip00","6","FAAt705","BEA_API"
1974,35,"Intellectual property products",9972,"i3gdefn1ip00","6","FAAt705","BEA_API"
1975,35,"Intellectual property products",10461,"i3gdefn1ip00","6","FAAt705","BEA_API"
1976,35,"Intellectual property products",11331,"i3gdefn1ip00","6","FAAt705","BEA_API"
1977,35,"Intellectual property products",12294,"i3gdefn1ip00","6","FAAt705","BEA_API"
1978,35,"Intellectual property products",13252,"i3gdefn1ip00","6","FAAt705","BEA_API"
1979,35,"Intellectual property products",14876,"i3gdefn1ip00","6","FAAt705","BEA_API"
1980,35,"Intellectual property products",17207,"i3gdefn1ip00","6","FAAt705","BEA_API"
1981,35,"Intellectual property products",20911,"i3gdefn1ip00","6","FAAt705","BEA_API"
1982,35,"Intellectual property products",25163,"i3gdefn1ip00","6","FAAt705","BEA_API"
1983,35,"Intellectual property products",29827,"i3gdefn1ip00","6","FAAt705","BEA_API"
1984,35,"Intellectual property products",35033,"i3gdefn1ip00","6","FAAt705","BEA_API"
1985,35,"Intellectual property products",41335,"i3gdefn1ip00","6","FAAt705","BEA_API"
1986,35,"Intellectual property products",43910,"i3gdefn1ip00","6","FAAt705","BEA_API"
1987,35,"Intellectual property products",48136,"i3gdefn1ip00","6","FAAt705","BEA_API"
1988,35,"Intellectual property products",48513,"i3gdefn1ip00","6","FAAt705","BEA_API"
1989,35,"Intellectual property products",47287,"i3gdefn1ip00","6","FAAt705","BEA_API"
1990,35,"Intellectual property products",46601,"i3gdefn1ip00","6","FAAt705","BEA_API"
1991,35,"Intellectual property products",43327,"i3gdefn1ip00","6","FAAt705","BEA_API"
1992,35,"Intellectual property products",41251,"i3gdefn1ip00","6","FAAt705","BEA_API"
1993,35,"Intellectual property products",39170,"i3gdefn1ip00","6","FAAt705","BEA_API"
1994,35,"Intellectual property products",38117,"i3gdefn1ip00","6","FAAt705","BEA_API"
1995,35,"Intellectual property products",38429,"i3gdefn1ip00","6","FAAt705","BEA_API"
1996,35,"Intellectual property products",38861,"i3gdefn1ip00","6","FAAt705","BEA_API"
1997,35,"Intellectual property products",39221,"i3gdefn1ip00","6","FAAt705","BEA_API"
1998,35,"Intellectual property products",39360,"i3gdefn1ip00","6","FAAt705","BEA_API"
1999,35,"Intellectual property products",39257,"i3gdefn1ip00","6","FAAt705","BEA_API"
2000,35,"Intellectual property products",40242,"i3gdefn1ip00","6","FAAt705","BEA_API"
2001,35,"Intellectual property products",42481,"i3gdefn1ip00","6","FAAt705","BEA_API"
2002,35,"Intellectual property products",47884,"i3gdefn1ip00","6","FAAt705","BEA_API"
2003,35,"Intellectual property products",52942,"i3gdefn1ip00","6","FAAt705","BEA_API"
2004,35,"Intellectual property products",58209,"i3gdefn1ip00","6","FAAt705","BEA_API"
2005,35,"Intellectual property products",62712,"i3gdefn1ip00","6","FAAt705","BEA_API"
2006,35,"Intellectual property products",65468,"i3gdefn1ip00","6","FAAt705","BEA_API"
2007,35,"Intellectual property products",69037,"i3gdefn1ip00","6","FAAt705","BEA_API"
2008,35,"Intellectual property products",70320,"i3gdefn1ip00","6","FAAt705","BEA_API"
2009,35,"Intellectual property products",68909,"i3gdefn1ip00","6","FAAt705","BEA_API"
2010,35,"Intellectual property products",69448,"i3gdefn1ip00","6","FAAt705","BEA_API"
2011,35,"Intellectual property products",70254,"i3gdefn1ip00","6","FAAt705","BEA_API"
2012,35,"Intellectual property products",69198,"i3gdefn1ip00","6","FAAt705","BEA_API"
2013,35,"Intellectual property products",67876,"i3gdefn1ip00","6","FAAt705","BEA_API"
2014,35,"Intellectual property products",65297,"i3gdefn1ip00","6","FAAt705","BEA_API"
2015,35,"Intellectual property products",66239,"i3gdefn1ip00","6","FAAt705","BEA_API"
2016,35,"Intellectual property products",63232,"i3gdefn1ip00","6","FAAt705","BEA_API"
2017,35,"Intellectual property products",63714,"i3gdefn1ip00","6","FAAt705","BEA_API"
2018,35,"Intellectual property products",67040,"i3gdefn1ip00","6","FAAt705","BEA_API"
2019,35,"Intellectual property products",70204,"i3gdefn1ip00","6","FAAt705","BEA_API"
2020,35,"Intellectual property products",80369,"i3gdefn1ip00","6","FAAt705","BEA_API"
2021,35,"Intellectual property products",82194,"i3gdefn1ip00","6","FAAt705","BEA_API"
2022,35,"Intellectual property products",94156,"i3gdefn1ip00","6","FAAt705","BEA_API"
2023,35,"Intellectual property products",98700,"i3gdefn1ip00","6","FAAt705","BEA_API"
2024,35,"Intellectual property products",102292,"i3gdefn1ip00","6","FAAt705","BEA_API"
1960,36,"Software",17,"i3gdefn1ens0","6","FAAt705","BEA_API"
1961,36,"Software",12,"i3gdefn1ens0","6","FAAt705","BEA_API"
1962,36,"Software",18,"i3gdefn1ens0","6","FAAt705","BEA_API"
1963,36,"Software",30,"i3gdefn1ens0","6","FAAt705","BEA_API"
1964,36,"Software",36,"i3gdefn1ens0","6","FAAt705","BEA_API"
1965,36,"Software",44,"i3gdefn1ens0","6","FAAt705","BEA_API"
1966,36,"Software",73,"i3gdefn1ens0","6","FAAt705","BEA_API"
1967,36,"Software",87,"i3gdefn1ens0","6","FAAt705","BEA_API"
1968,36,"Software",106,"i3gdefn1ens0","6","FAAt705","BEA_API"
1969,36,"Software",140,"i3gdefn1ens0","6","FAAt705","BEA_API"
1970,36,"Software",206,"i3gdefn1ens0","6","FAAt705","BEA_API"
1971,36,"Software",225,"i3gdefn1ens0","6","FAAt705","BEA_API"
1972,36,"Software",257,"i3gdefn1ens0","6","FAAt705","BEA_API"
1973,36,"Software",321,"i3gdefn1ens0","6","FAAt705","BEA_API"
1974,36,"Software",394,"i3gdefn1ens0","6","FAAt705","BEA_API"
1975,36,"Software",491,"i3gdefn1ens0","6","FAAt705","BEA_API"
1976,36,"Software",526,"i3gdefn1ens0","6","FAAt705","BEA_API"
1977,36,"Software",565,"i3gdefn1ens0","6","FAAt705","BEA_API"
1978,36,"Software",661,"i3gdefn1ens0","6","FAAt705","BEA_API"
1979,36,"Software",832,"i3gdefn1ens0","6","FAAt705","BEA_API"
1980,36,"Software",1003,"i3gdefn1ens0","6","FAAt705","BEA_API"
1981,36,"Software",1262,"i3gdefn1ens0","6","FAAt705","BEA_API"
1982,36,"Software",1443,"i3gdefn1ens0","6","FAAt705","BEA_API"
1983,36,"Software",1687,"i3gdefn1ens0","6","FAAt705","BEA_API"
1984,36,"Software",2247,"i3gdefn1ens0","6","FAAt705","BEA_API"
1985,36,"Software",2745,"i3gdefn1ens0","6","FAAt705","BEA_API"
1986,36,"Software",3224,"i3gdefn1ens0","6","FAAt705","BEA_API"
1987,36,"Software",3627,"i3gdefn1ens0","6","FAAt705","BEA_API"
1988,36,"Software",4262,"i3gdefn1ens0","6","FAAt705","BEA_API"
1989,36,"Software",4818,"i3gdefn1ens0","6","FAAt705","BEA_API"
1990,36,"Software",5189,"i3gdefn1ens0","6","FAAt705","BEA_API"
1991,36,"Software",5428,"i3gdefn1ens0","6","FAAt705","BEA_API"
1992,36,"Software",5635,"i3gdefn1ens0","6","FAAt705","BEA_API"
1993,36,"Software",5439,"i3gdefn1ens0","6","FAAt705","BEA_API"
1994,36,"Software",5305,"i3gdefn1ens0","6","FAAt705","BEA_API"
1995,36,"Software",5291,"i3gdefn1ens0","6","FAAt705","BEA_API"
1996,36,"Software",5507,"i3gdefn1ens0","6","FAAt705","BEA_API"
1997,36,"Software",5584,"i3gdefn1ens0","6","FAAt705","BEA_API"
1998,36,"Software",5871,"i3gdefn1ens0","6","FAAt705","BEA_API"
1999,36,"Software",5943,"i3gdefn1ens0","6","FAAt705","BEA_API"
2000,36,"Software",6045,"i3gdefn1ens0","6","FAAt705","BEA_API"
2001,36,"Software",5753,"i3gdefn1ens0","6","FAAt705","BEA_API"
2002,36,"Software",5577,"i3gdefn1ens0","6","FAAt705","BEA_API"
2003,36,"Software",5603,"i3gdefn1ens0","6","FAAt705","BEA_API"
2004,36,"Software",5685,"i3gdefn1ens0","6","FAAt705","BEA_API"
2005,36,"Software",5925,"i3gdefn1ens0","6","FAAt705","BEA_API"
2006,36,"Software",6185,"i3gdefn1ens0","6","FAAt705","BEA_API"
2007,36,"Software",6514,"i3gdefn1ens0","6","FAAt705","BEA_API"
2008,36,"Software",6892,"i3gdefn1ens0","6","FAAt705","BEA_API"
2009,36,"Software",6836,"i3gdefn1ens0","6","FAAt705","BEA_API"
2010,36,"Software",7305,"i3gdefn1ens0","6","FAAt705","BEA_API"
2011,36,"Software",7685,"i3gdefn1ens0","6","FAAt705","BEA_API"
2012,36,"Software",7728,"i3gdefn1ens0","6","FAAt705","BEA_API"
2013,36,"Software",9409,"i3gdefn1ens0","6","FAAt705","BEA_API"
2014,36,"Software",10002,"i3gdefn1ens0","6","FAAt705","BEA_API"
2015,36,"Software",10429,"i3gdefn1ens0","6","FAAt705","BEA_API"
2016,36,"Software",11730,"i3gdefn1ens0","6","FAAt705","BEA_API"
2017,36,"Software",13213,"i3gdefn1ens0","6","FAAt705","BEA_API"
2018,36,"Software",14467,"i3gdefn1ens0","6","FAAt705","BEA_API"
2019,36,"Software",16596,"i3gdefn1ens0","6","FAAt705","BEA_API"
2020,36,"Software",17756,"i3gdefn1ens0","6","FAAt705","BEA_API"
2021,36,"Software",19909,"i3gdefn1ens0","6","FAAt705","BEA_API"
2022,36,"Software",22079,"i3gdefn1ens0","6","FAAt705","BEA_API"
2023,36,"Software",23816,"i3gdefn1ens0","6","FAAt705","BEA_API"
2024,36,"Software",25829,"i3gdefn1ens0","6","FAAt705","BEA_API"
1929,37,"Research and development",17,"i3gdefn1rd00","6","FAAt705","BEA_API"
1930,37,"Research and development",26,"i3gdefn1rd00","6","FAAt705","BEA_API"
1931,37,"Research and development",24,"i3gdefn1rd00","6","FAAt705","BEA_API"
1932,37,"Research and development",33,"i3gdefn1rd00","6","FAAt705","BEA_API"
1933,37,"Research and development",30,"i3gdefn1rd00","6","FAAt705","BEA_API"
1934,37,"Research and development",24,"i3gdefn1rd00","6","FAAt705","BEA_API"
1935,37,"Research and development",23,"i3gdefn1rd00","6","FAAt705","BEA_API"
1936,37,"Research and development",27,"i3gdefn1rd00","6","FAAt705","BEA_API"
1937,37,"Research and development",27,"i3gdefn1rd00","6","FAAt705","BEA_API"
1938,37,"Research and development",30,"i3gdefn1rd00","6","FAAt705","BEA_API"
1939,37,"Research and development",33,"i3gdefn1rd00","6","FAAt705","BEA_API"
1940,37,"Research and development",36,"i3gdefn1rd00","6","FAAt705","BEA_API"
1941,37,"Research and development",210,"i3gdefn1rd00","6","FAAt705","BEA_API"
1942,37,"Research and development",360,"i3gdefn1rd00","6","FAAt705","BEA_API"
1943,37,"Research and development",721,"i3gdefn1rd00","6","FAAt705","BEA_API"
1944,37,"Research and development",1318,"i3gdefn1rd00","6","FAAt705","BEA_API"
1945,37,"Research and development",1322,"i3gdefn1rd00","6","FAAt705","BEA_API"
1946,37,"Research and development",1226,"i3gdefn1rd00","6","FAAt705","BEA_API"
1947,37,"Research and development",1188,"i3gdefn1rd00","6","FAAt705","BEA_API"
1948,37,"Research and development",1301,"i3gdefn1rd00","6","FAAt705","BEA_API"
1949,37,"Research and development",1336,"i3gdefn1rd00","6","FAAt705","BEA_API"
1950,37,"Research and development",1303,"i3gdefn1rd00","6","FAAt705","BEA_API"
1951,37,"Research and development",1503,"i3gdefn1rd00","6","FAAt705","BEA_API"
1952,37,"Research and development",1823,"i3gdefn1rd00","6","FAAt705","BEA_API"
1953,37,"Research and development",2228,"i3gdefn1rd00","6","FAAt705","BEA_API"
1954,37,"Research and development",2591,"i3gdefn1rd00","6","FAAt705","BEA_API"
1955,37,"Research and development",3037,"i3gdefn1rd00","6","FAAt705","BEA_API"
1956,37,"Research and development",4115,"i3gdefn1rd00","6","FAAt705","BEA_API"
1957,37,"Research and development",4883,"i3gdefn1rd00","6","FAAt705","BEA_API"
1958,37,"Research and development",5154,"i3gdefn1rd00","6","FAAt705","BEA_API"
1959,37,"Research and development",5702,"i3gdefn1rd00","6","FAAt705","BEA_API"
1960,37,"Research and development",5923,"i3gdefn1rd00","6","FAAt705","BEA_API"
1961,37,"Research and development",6508,"i3gdefn1rd00","6","FAAt705","BEA_API"
1962,37,"Research and development",6683,"i3gdefn1rd00","6","FAAt705","BEA_API"
1963,37,"Research and development",6905,"i3gdefn1rd00","6","FAAt705","BEA_API"
1964,37,"Research and development",6889,"i3gdefn1rd00","6","FAAt705","BEA_API"
1965,37,"Research and development",6622,"i3gdefn1rd00","6","FAAt705","BEA_API"
1966,37,"Research and development",6950,"i3gdefn1rd00","6","FAAt705","BEA_API"
1967,37,"Research and development",7794,"i3gdefn1rd00","6","FAAt705","BEA_API"
1968,37,"Research and development",7766,"i3gdefn1rd00","6","FAAt705","BEA_API"
1969,37,"Research and development",8103,"i3gdefn1rd00","6","FAAt705","BEA_API"
1970,37,"Research and development",7851,"i3gdefn1rd00","6","FAAt705","BEA_API"
1971,37,"Research and development",8149,"i3gdefn1rd00","6","FAAt705","BEA_API"
1972,37,"Research and development",8916,"i3gdefn1rd00","6","FAAt705","BEA_API"
1973,37,"Research and development",9377,"i3gdefn1rd00","6","FAAt705","BEA_API"
1974,37,"Research and development",9578,"i3gdefn1rd00","6","FAAt705","BEA_API"
1975,37,"Research and development",9970,"i3gdefn1rd00","6","FAAt705","BEA_API"
1976,37,"Research and development",10805,"i3gdefn1rd00","6","FAAt705","BEA_API"
1977,37,"Research and development",11729,"i3gdefn1rd00","6","FAAt705","BEA_API"
1978,37,"Research and development",12591,"i3gdefn1rd00","6","FAAt705","BEA_API"
1979,37,"Research and development",14044,"i3gdefn1rd00","6","FAAt705","BEA_API"
1980,37,"Research and development",16204,"i3gdefn1rd00","6","FAAt705","BEA_API"
1981,37,"Research and development",19649,"i3gdefn1rd00","6","FAAt705","BEA_API"
1982,37,"Research and development",23720,"i3gdefn1rd00","6","FAAt705","BEA_API"
1983,37,"Research and development",28140,"i3gdefn1rd00","6","FAAt705","BEA_API"
1984,37,"Research and development",32786,"i3gdefn1rd00","6","FAAt705","BEA_API"
1985,37,"Research and development",38590,"i3gdefn1rd00","6","FAAt705","BEA_API"
1986,37,"Research and development",40686,"i3gdefn1rd00","6","FAAt705","BEA_API"
1987,37,"Research and development",44509,"i3gdefn1rd00","6","FAAt705","BEA_API"
1988,37,"Research and development",44251,"i3gdefn1rd00","6","FAAt705","BEA_API"
1989,37,"Research and development",42469,"i3gdefn1rd00","6","FAAt705","BEA_API"
1990,37,"Research and development",41412,"i3gdefn1rd00","6","FAAt705","BEA_API"
1991,37,"Research and development",37899,"i3gdefn1rd00","6","FAAt705","BEA_API"
1992,37,"Research and development",35616,"i3gdefn1rd00","6","FAAt705","BEA_API"
1993,37,"Research and development",33731,"i3gdefn1rd00","6","FAAt705","BEA_API"
1994,37,"Research and development",32812,"i3gdefn1rd00","6","FAAt705","BEA_API"
1995,37,"Research and development",33138,"i3gdefn1rd00","6","FAAt705","BEA_API"
1996,37,"Research and development",33354,"i3gdefn1rd00","6","FAAt705","BEA_API"
1997,37,"Research and development",33637,"i3gdefn1rd00","6","FAAt705","BEA_API"
1998,37,"Research and development",33489,"i3gdefn1rd00","6","FAAt705","BEA_API"
1999,37,"Research and development",33314,"i3gdefn1rd00","6","FAAt705","BEA_API"
2000,37,"Research and development",34197,"i3gdefn1rd00","6","FAAt705","BEA_API"
2001,37,"Research and development",36728,"i3gdefn1rd00","6","FAAt705","BEA_API"
2002,37,"Research and development",42307,"i3gdefn1rd00","6","FAAt705","BEA_API"
2003,37,"Research and development",47339,"i3gdefn1rd00","6","FAAt705","BEA_API"
2004,37,"Research and development",52524,"i3gdefn1rd00","6","FAAt705","BEA_API"
2005,37,"Research and development",56787,"i3gdefn1rd00","6","FAAt705","BEA_API"
2006,37,"Research and development",59283,"i3gdefn1rd00","6","FAAt705","BEA_API"
2007,37,"Research and development",62523,"i3gdefn1rd00","6","FAAt705","BEA_API"
2008,37,"Research and development",63428,"i3gdefn1rd00","6","FAAt705","BEA_API"
2009,37,"Research and development",62073,"i3gdefn1rd00","6","FAAt705","BEA_API"
2010,37,"Research and development",62143,"i3gdefn1rd00","6","FAAt705","BEA_API"
2011,37,"Research and development",62569,"i3gdefn1rd00","6","FAAt705","BEA_API"
2012,37,"Research and development",61470,"i3gdefn1rd00","6","FAAt705","BEA_API"
2013,37,"Research and development",58467,"i3gdefn1rd00","6","FAAt705","BEA_API"
2014,37,"Research and development",55295,"i3gdefn1rd00","6","FAAt705","BEA_API"
2015,37,"Research and development",55810,"i3gdefn1rd00","6","FAAt705","BEA_API"
2016,37,"Research and development",51502,"i3gdefn1rd00","6","FAAt705","BEA_API"
2017,37,"Research and development",50501,"i3gdefn1rd00","6","FAAt705","BEA_API"
2018,37,"Research and development",52573,"i3gdefn1rd00","6","FAAt705","BEA_API"
2019,37,"Research and development",53609,"i3gdefn1rd00","6","FAAt705","BEA_API"
2020,37,"Research and development",62613,"i3gdefn1rd00","6","FAAt705","BEA_API"
2021,37,"Research and development",62285,"i3gdefn1rd00","6","FAAt705","BEA_API"
2022,37,"Research and development",72077,"i3gdefn1rd00","6","FAAt705","BEA_API"
2023,37,"Research and development",74884,"i3gdefn1rd00","6","FAAt705","BEA_API"
2024,37,"Research and development",76463,"i3gdefn1rd00","6","FAAt705","BEA_API"
1901,38,"Nondefense",24,"i3gndef1es00","6","FAAt705","BEA_API"
1902,38,"Nondefense",23,"i3gndef1es00","6","FAAt705","BEA_API"
1903,38,"Nondefense",23,"i3gndef1es00","6","FAAt705","BEA_API"
1904,38,"Nondefense",30,"i3gndef1es00","6","FAAt705","BEA_API"
1905,38,"Nondefense",34,"i3gndef1es00","6","FAAt705","BEA_API"
1906,38,"Nondefense",37,"i3gndef1es00","6","FAAt705","BEA_API"
1907,38,"Nondefense",40,"i3gndef1es00","6","FAAt705","BEA_API"
1908,38,"Nondefense",44,"i3gndef1es00","6","FAAt705","BEA_API"
1909,38,"Nondefense",49,"i3gndef1es00","6","FAAt705","BEA_API"
1910,38,"Nondefense",51,"i3gndef1es00","6","FAAt705","BEA_API"
1911,38,"Nondefense",44,"i3gndef1es00","6","FAAt705","BEA_API"
1912,38,"Nondefense",47,"i3gndef1es00","6","FAAt705","BEA_API"
1913,38,"Nondefense",49,"i3gndef1es00","6","FAAt705","BEA_API"
1914,38,"Nondefense",53,"i3gndef1es00","6","FAAt705","BEA_API"
1915,38,"Nondefense",56,"i3gndef1es00","6","FAAt705","BEA_API"
1916,38,"Nondefense",53,"i3gndef1es00","6","FAAt705","BEA_API"
1917,38,"Nondefense",66,"i3gndef1es00","6","FAAt705","BEA_API"
1918,38,"Nondefense",62,"i3gndef1es00","6","FAAt705","BEA_API"
1919,38,"Nondefense",81,"i3gndef1es00","6","FAAt705","BEA_API"
1920,38,"Nondefense",100,"i3gndef1es00","6","FAAt705","BEA_API"
1921,38,"Nondefense",98,"i3gndef1es00","6","FAAt705","BEA_API"
1922,38,"Nondefense",89,"i3gndef1es00","6","FAAt705","BEA_API"
1923,38,"Nondefense",144,"i3gndef1es00","6","FAAt705","BEA_API"
1924,38,"Nondefense",113,"i3gndef1es00","6","FAAt705","BEA_API"
1925,38,"Nondefense",95,"i3gndef1es00","6","FAAt705","BEA_API"
1926,38,"Nondefense",95,"i3gndef1es00","6","FAAt705","BEA_API"
1927,38,"Nondefense",99,"i3gndef1es00","6","FAAt705","BEA_API"
1928,38,"Nondefense",111,"i3gndef1es00","6","FAAt705","BEA_API"
1929,38,"Nondefense",177,"i3gndef1es00","6","FAAt705","BEA_API"
1930,38,"Nondefense",229,"i3gndef1es00","6","FAAt705","BEA_API"
1931,38,"Nondefense",296,"i3gndef1es00","6","FAAt705","BEA_API"
1932,38,"Nondefense",363,"i3gndef1es00","6","FAAt705","BEA_API"
1933,38,"Nondefense",553,"i3gndef1es00","6","FAAt705","BEA_API"
1934,38,"Nondefense",717,"i3gndef1es00","6","FAAt705","BEA_API"
1935,38,"Nondefense",1074,"i3gndef1es00","6","FAAt705","BEA_API"
1936,38,"Nondefense",987,"i3gndef1es00","6","FAAt705","BEA_API"
1937,38,"Nondefense",929,"i3gndef1es00","6","FAAt705","BEA_API"
1938,38,"Nondefense",929,"i3gndef1es00","6","FAAt705","BEA_API"
1939,38,"Nondefense",850,"i3gndef1es00","6","FAAt705","BEA_API"
1940,38,"Nondefense",796,"i3gndef1es00","6","FAAt705","BEA_API"
1941,38,"Nondefense",1057,"i3gndef1es00","6","FAAt705","BEA_API"
1942,38,"Nondefense",995,"i3gndef1es00","6","FAAt705","BEA_API"
1943,38,"Nondefense",875,"i3gndef1es00","6","FAAt705","BEA_API"
1944,38,"Nondefense",736,"i3gndef1es00","6","FAAt705","BEA_API"
1945,38,"Nondefense",551,"i3gndef1es00","6","FAAt705","BEA_API"
1946,38,"Nondefense",332,"i3gndef1es00","6","FAAt705","BEA_API"
1947,38,"Nondefense",619,"i3gndef1es00","6","FAAt705","BEA_API"
1948,38,"Nondefense",1146,"i3gndef1es00","6","FAAt705","BEA_API"
1949,38,"Nondefense",1651,"i3gndef1es00","6","FAAt705","BEA_API"
1950,38,"Nondefense",1843,"i3gndef1es00","6","FAAt705","BEA_API"
1951,38,"Nondefense",1809,"i3gndef1es00","6","FAAt705","BEA_API"
1952,38,"Nondefense",1927,"i3gndef1es00","6","FAAt705","BEA_API"
1953,38,"Nondefense",1538,"i3gndef1es00","6","FAAt705","BEA_API"
1954,38,"Nondefense",1453,"i3gndef1es00","6","FAAt705","BEA_API"
1955,38,"Nondefense",1491,"i3gndef1es00","6","FAAt705","BEA_API"
1956,38,"Nondefense",1808,"i3gndef1es00","6","FAAt705","BEA_API"
1957,38,"Nondefense",2195,"i3gndef1es00","6","FAAt705","BEA_API"
1958,38,"Nondefense",2674,"i3gndef1es00","6","FAAt705","BEA_API"
1959,38,"Nondefense",2848,"i3gndef1es00","6","FAAt705","BEA_API"
1960,38,"Nondefense",3596,"i3gndef1es00","6","FAAt705","BEA_API"
1961,38,"Nondefense",4186,"i3gndef1es00","6","FAAt705","BEA_API"
1962,38,"Nondefense",5305,"i3gndef1es00","6","FAAt705","BEA_API"
1963,38,"Nondefense",7186,"i3gndef1es00","6","FAAt705","BEA_API"
1964,38,"Nondefense",8786,"i3gndef1es00","6","FAAt705","BEA_API"
1965,38,"Nondefense",10067,"i3gndef1es00","6","FAAt705","BEA_API"
1966,38,"Nondefense",11399,"i3gndef1es00","6","FAAt705","BEA_API"
1967,38,"Nondefense",10627,"i3gndef1es00","6","FAAt705","BEA_API"
1968,38,"Nondefense",11074,"i3gndef1es00","6","FAAt705","BEA_API"
1969,38,"Nondefense",11132,"i3gndef1es00","6","FAAt705","BEA_API"
1970,38,"Nondefense",11296,"i3gndef1es00","6","FAAt705","BEA_API"
1971,38,"Nondefense",11742,"i3gndef1es00","6","FAAt705","BEA_API"
1972,38,"Nondefense",12831,"i3gndef1es00","6","FAAt705","BEA_API"
1973,38,"Nondefense",13746,"i3gndef1es00","6","FAAt705","BEA_API"
1974,38,"Nondefense",15072,"i3gndef1es00","6","FAAt705","BEA_API"
1975,38,"Nondefense",16737,"i3gndef1es00","6","FAAt705","BEA_API"
1976,38,"Nondefense",18413,"i3gndef1es00","6","FAAt705","BEA_API"
1977,38,"Nondefense",20421,"i3gndef1es00","6","FAAt705","BEA_API"
1978,38,"Nondefense",23369,"i3gndef1es00","6","FAAt705","BEA_API"
1979,38,"Nondefense",25491,"i3gndef1es00","6","FAAt705","BEA_API"
1980,38,"Nondefense",28561,"i3gndef1es00","6","FAAt705","BEA_API"
1981,38,"Nondefense",31718,"i3gndef1es00","6","FAAt705","BEA_API"
1982,38,"Nondefense",31502,"i3gndef1es00","6","FAAt705","BEA_API"
1983,38,"Nondefense",31815,"i3gndef1es00","6","FAAt705","BEA_API"
1984,38,"Nondefense",33804,"i3gndef1es00","6","FAAt705","BEA_API"
1985,38,"Nondefense",36070,"i3gndef1es00","6","FAAt705","BEA_API"
1986,38,"Nondefense",37578,"i3gndef1es00","6","FAAt705","BEA_API"
1987,38,"Nondefense",40707,"i3gndef1es00","6","FAAt705","BEA_API"
1988,38,"Nondefense",41639,"i3gndef1es00","6","FAAt705","BEA_API"
1989,38,"Nondefense",45474,"i3gndef1es00","6","FAAt705","BEA_API"
1990,38,"Nondefense",50246,"i3gndef1es00","6","FAAt705","BEA_API"
1991,38,"Nondefense",55089,"i3gndef1es00","6","FAAt705","BEA_API"
1992,38,"Nondefense",57896,"i3gndef1es00","6","FAAt705","BEA_API"
1993,38,"Nondefense",60104,"i3gndef1es00","6","FAAt705","BEA_API"
1994,38,"Nondefense",58966,"i3gndef1es00","6","FAAt705","BEA_API"
1995,38,"Nondefense",64252,"i3gndef1es00","6","FAAt705","BEA_API"
1996,38,"Nondefense",72020,"i3gndef1es00","6","FAAt705","BEA_API"
1997,38,"Nondefense",64850,"i3gndef1es00","6","FAAt705","BEA_API"
1998,38,"Nondefense",68410,"i3gndef1es00","6","FAAt705","BEA_API"
1999,38,"Nondefense",73210,"i3gndef1es00","6","FAAt705","BEA_API"
2000,38,"Nondefense",73888,"i3gndef1es00","6","FAAt705","BEA_API"
2001,38,"Nondefense",76045,"i3gndef1es00","6","FAAt705","BEA_API"
2002,38,"Nondefense",81438,"i3gndef1es00","6","FAAt705","BEA_API"
2003,38,"Nondefense",84361,"i3gndef1es00","6","FAAt705","BEA_API"
2004,38,"Nondefense",87062,"i3gndef1es00","6","FAAt705","BEA_API"
2005,38,"Nondefense",89655,"i3gndef1es00","6","FAAt705","BEA_API"
2006,38,"Nondefense",95254,"i3gndef1es00","6","FAAt705","BEA_API"
2007,38,"Nondefense",100388,"i3gndef1es00","6","FAAt705","BEA_API"
2008,38,"Nondefense",103441,"i3gndef1es00","6","FAAt705","BEA_API"
2009,38,"Nondefense",107902,"i3gndef1es00","6","FAAt705","BEA_API"
2010,38,"Nondefense",119123,"i3gndef1es00","6","FAAt705","BEA_API"
2011,38,"Nondefense",120836,"i3gndef1es00","6","FAAt705","BEA_API"
2012,38,"Nondefense",120251,"i3gndef1es00","6","FAAt705","BEA_API"
2013,38,"Nondefense",115974,"i3gndef1es00","6","FAAt705","BEA_API"
2014,38,"Nondefense",118794,"i3gndef1es00","6","FAAt705","BEA_API"
2015,38,"Nondefense",124069,"i3gndef1es00","6","FAAt705","BEA_API"
2016,38,"Nondefense",132689,"i3gndef1es00","6","FAAt705","BEA_API"
2017,38,"Nondefense",143358,"i3gndef1es00","6","FAAt705","BEA_API"
2018,38,"Nondefense",149936,"i3gndef1es00","6","FAAt705","BEA_API"
2019,38,"Nondefense",158178,"i3gndef1es00","6","FAAt705","BEA_API"
2020,38,"Nondefense",177600,"i3gndef1es00","6","FAAt705","BEA_API"
2021,38,"Nondefense",190516,"i3gndef1es00","6","FAAt705","BEA_API"
2022,38,"Nondefense",209407,"i3gndef1es00","6","FAAt705","BEA_API"
2023,38,"Nondefense",209988,"i3gndef1es00","6","FAAt705","BEA_API"
2024,38,"Nondefense",220806,"i3gndef1es00","6","FAAt705","BEA_API"
1901,39,"Equipment",0,"i3gndef1eq00","6","FAAt705","BEA_API"
1902,39,"Equipment",0,"i3gndef1eq00","6","FAAt705","BEA_API"
1903,39,"Equipment",0,"i3gndef1eq00","6","FAAt705","BEA_API"
1904,39,"Equipment",0,"i3gndef1eq00","6","FAAt705","BEA_API"
1905,39,"Equipment",0,"i3gndef1eq00","6","FAAt705","BEA_API"
1906,39,"Equipment",0,"i3gndef1eq00","6","FAAt705","BEA_API"
1907,39,"Equipment",0,"i3gndef1eq00","6","FAAt705","BEA_API"
1908,39,"Equipment",0,"i3gndef1eq00","6","FAAt705","BEA_API"
1909,39,"Equipment",0,"i3gndef1eq00","6","FAAt705","BEA_API"
1910,39,"Equipment",0,"i3gndef1eq00","6","FAAt705","BEA_API"
1911,39,"Equipment",0,"i3gndef1eq00","6","FAAt705","BEA_API"
1912,39,"Equipment",0,"i3gndef1eq00","6","FAAt705","BEA_API"
1913,39,"Equipment",0,"i3gndef1eq00","6","FAAt705","BEA_API"
1914,39,"Equipment",0,"i3gndef1eq00","6","FAAt705","BEA_API"
1915,39,"Equipment",0,"i3gndef1eq00","6","FAAt705","BEA_API"
1916,39,"Equipment",0,"i3gndef1eq00","6","FAAt705","BEA_API"
1917,39,"Equipment",8,"i3gndef1eq00","6","FAAt705","BEA_API"
1918,39,"Equipment",7,"i3gndef1eq00","6","FAAt705","BEA_API"
1919,39,"Equipment",13,"i3gndef1eq00","6","FAAt705","BEA_API"
1920,39,"Equipment",27,"i3gndef1eq00","6","FAAt705","BEA_API"
1921,39,"Equipment",22,"i3gndef1eq00","6","FAAt705","BEA_API"
1922,39,"Equipment",12,"i3gndef1eq00","6","FAAt705","BEA_API"
1923,39,"Equipment",16,"i3gndef1eq00","6","FAAt705","BEA_API"
1924,39,"Equipment",14,"i3gndef1eq00","6","FAAt705","BEA_API"
1925,39,"Equipment",4,"i3gndef1eq00","6","FAAt705","BEA_API"
1926,39,"Equipment",4,"i3gndef1eq00","6","FAAt705","BEA_API"
1927,39,"Equipment",8,"i3gndef1eq00","6","FAAt705","BEA_API"
1928,39,"Equipment",12,"i3gndef1eq00","6","FAAt705","BEA_API"
1929,39,"Equipment",23,"i3gndef1eq00","6","FAAt705","BEA_API"
1930,39,"Equipment",24,"i3gndef1eq00","6","FAAt705","BEA_API"
1931,39,"Equipment",26,"i3gndef1eq00","6","FAAt705","BEA_API"
1932,39,"Equipment",13,"i3gndef1eq00","6","FAAt705","BEA_API"
1933,39,"Equipment",30,"i3gndef1eq00","6","FAAt705","BEA_API"
1934,39,"Equipment",129,"i3gndef1eq00","6","FAAt705","BEA_API"
1935,39,"Equipment",286,"i3gndef1eq00","6","FAAt705","BEA_API"
1936,39,"Equipment",187,"i3gndef1eq00","6","FAAt705","BEA_API"
1937,39,"Equipment",173,"i3gndef1eq00","6","FAAt705","BEA_API"
1938,39,"Equipment",201,"i3gndef1eq00","6","FAAt705","BEA_API"
1939,39,"Equipment",178,"i3gndef1eq00","6","FAAt705","BEA_API"
1940,39,"Equipment",171,"i3gndef1eq00","6","FAAt705","BEA_API"
1941,39,"Equipment",429,"i3gndef1eq00","6","FAAt705","BEA_API"
1942,39,"Equipment",488,"i3gndef1eq00","6","FAAt705","BEA_API"
1943,39,"Equipment",328,"i3gndef1eq00","6","FAAt705","BEA_API"
1944,39,"Equipment",269,"i3gndef1eq00","6","FAAt705","BEA_API"
1945,39,"Equipment",143,"i3gndef1eq00","6","FAAt705","BEA_API"
1946,39,"Equipment",209,"i3gndef1eq00","6","FAAt705","BEA_API"
1947,39,"Equipment",163,"i3gndef1eq00","6","FAAt705","BEA_API"
1948,39,"Equipment",242,"i3gndef1eq00","6","FAAt705","BEA_API"
1949,39,"Equipment",230,"i3gndef1eq00","6","FAAt705","BEA_API"
1950,39,"Equipment",234,"i3gndef1eq00","6","FAAt705","BEA_API"
1951,39,"Equipment",278,"i3gndef1eq00","6","FAAt705","BEA_API"
1952,39,"Equipment",400,"i3gndef1eq00","6","FAAt705","BEA_API"
1953,39,"Equipment",305,"i3gndef1eq00","6","FAAt705","BEA_API"
1954,39,"Equipment",224,"i3gndef1eq00","6","FAAt705","BEA_API"
1955,39,"Equipment",184,"i3gndef1eq00","6","FAAt705","BEA_API"
1956,39,"Equipment",206,"i3gndef1eq00","6","FAAt705","BEA_API"
1957,39,"Equipment",222,"i3gndef1eq00","6","FAAt705","BEA_API"
1958,39,"Equipment",175,"i3gndef1eq00","6","FAAt705","BEA_API"
1959,39,"Equipment",221,"i3gndef1eq00","6","FAAt705","BEA_API"
1960,39,"Equipment",262,"i3gndef1eq00","6","FAAt705","BEA_API"
1961,39,"Equipment",343,"i3gndef1eq00","6","FAAt705","BEA_API"
1962,39,"Equipment",317,"i3gndef1eq00","6","FAAt705","BEA_API"
1963,39,"Equipment",386,"i3gndef1eq00","6","FAAt705","BEA_API"
1964,39,"Equipment",568,"i3gndef1eq00","6","FAAt705","BEA_API"
1965,39,"Equipment",514,"i3gndef1eq00","6","FAAt705","BEA_API"
1966,39,"Equipment",605,"i3gndef1eq00","6","FAAt705","BEA_API"
1967,39,"Equipment",631,"i3gndef1eq00","6","FAAt705","BEA_API"
1968,39,"Equipment",498,"i3gndef1eq00","6","FAAt705","BEA_API"
1969,39,"Equipment",562,"i3gndef1eq00","6","FAAt705","BEA_API"
1970,39,"Equipment",707,"i3gndef1eq00","6","FAAt705","BEA_API"
1971,39,"Equipment",833,"i3gndef1eq00","6","FAAt705","BEA_API"
1972,39,"Equipment",1130,"i3gndef1eq00","6","FAAt705","BEA_API"
1973,39,"Equipment",1144,"i3gndef1eq00","6","FAAt705","BEA_API"
1974,39,"Equipment",1536,"i3gndef1eq00","6","FAAt705","BEA_API"
1975,39,"Equipment",1651,"i3gndef1eq00","6","FAAt705","BEA_API"
1976,39,"Equipment",1825,"i3gndef1eq00","6","FAAt705","BEA_API"
1977,39,"Equipment",2287,"i3gndef1eq00","6","FAAt705","BEA_API"
1978,39,"Equipment",2667,"i3gndef1eq00","6","FAAt705","BEA_API"
1979,39,"Equipment",2721,"i3gndef1eq00","6","FAAt705","BEA_API"
1980,39,"Equipment",3210,"i3gndef1eq00","6","FAAt705","BEA_API"
1981,39,"Equipment",3309,"i3gndef1eq00","6","FAAt705","BEA_API"
1982,39,"Equipment",3859,"i3gndef1eq00","6","FAAt705","BEA_API"
1983,39,"Equipment",4257,"i3gndef1eq00","6","FAAt705","BEA_API"
1984,39,"Equipment",4679,"i3gndef1eq00","6","FAAt705","BEA_API"
1985,39,"Equipment",5140,"i3gndef1eq00","6","FAAt705","BEA_API"
1986,39,"Equipment",4802,"i3gndef1eq00","6","FAAt705","BEA_API"
1987,39,"Equipment",5226,"i3gndef1eq00","6","FAAt705","BEA_API"
1988,39,"Equipment",6123,"i3gndef1eq00","6","FAAt705","BEA_API"
1989,39,"Equipment",7229,"i3gndef1eq00","6","FAAt705","BEA_API"
1990,39,"Equipment",8057,"i3gndef1eq00","6","FAAt705","BEA_API"
1991,39,"Equipment",8879,"i3gndef1eq00","6","FAAt705","BEA_API"
1992,39,"Equipment",10021,"i3gndef1eq00","6","FAAt705","BEA_API"
1993,39,"Equipment",9853,"i3gndef1eq00","6","FAAt705","BEA_API"
1994,39,"Equipment",7499,"i3gndef1eq00","6","FAAt705","BEA_API"
1995,39,"Equipment",8597,"i3gndef1eq00","6","FAAt705","BEA_API"
1996,39,"Equipment",9738,"i3gndef1eq00","6","FAAt705","BEA_API"
1997,39,"Equipment",9966,"i3gndef1eq00","6","FAAt705","BEA_API"
1998,39,"Equipment",10189,"i3gndef1eq00","6","FAAt705","BEA_API"
1999,39,"Equipment",11902,"i3gndef1eq00","6","FAAt705","BEA_API"
2000,39,"Equipment",10825,"i3gndef1eq00","6","FAAt705","BEA_API"
2001,39,"Equipment",9952,"i3gndef1eq00","6","FAAt705","BEA_API"
2002,39,"Equipment",11946,"i3gndef1eq00","6","FAAt705","BEA_API"
2003,39,"Equipment",12299,"i3gndef1eq00","6","FAAt705","BEA_API"
2004,39,"Equipment",13345,"i3gndef1eq00","6","FAAt705","BEA_API"
2005,39,"Equipment",15189,"i3gndef1eq00","6","FAAt705","BEA_API"
2006,39,"Equipment",17392,"i3gndef1eq00","6","FAAt705","BEA_API"
2007,39,"Equipment",16103,"i3gndef1eq00","6","FAAt705","BEA_API"
2008,39,"Equipment",17471,"i3gndef1eq00","6","FAAt705","BEA_API"
2009,39,"Equipment",17790,"i3gndef1eq00","6","FAAt705","BEA_API"
2010,39,"Equipment",19077,"i3gndef1eq00","6","FAAt705","BEA_API"
2011,39,"Equipment",18295,"i3gndef1eq00","6","FAAt705","BEA_API"
2012,39,"Equipment",18552,"i3gndef1eq00","6","FAAt705","BEA_API"
2013,39,"Equipment",16271,"i3gndef1eq00","6","FAAt705","BEA_API"
2014,39,"Equipment",17455,"i3gndef1eq00","6","FAAt705","BEA_API"
2015,39,"Equipment",18826,"i3gndef1eq00","6","FAAt705","BEA_API"
2016,39,"Equipment",18959,"i3gndef1eq00","6","FAAt705","BEA_API"
2017,39,"Equipment",19195,"i3gndef1eq00","6","FAAt705","BEA_API"
2018,39,"Equipment",19840,"i3gndef1eq00","6","FAAt705","BEA_API"
2019,39,"Equipment",20399,"i3gndef1eq00","6","FAAt705","BEA_API"
2020,39,"Equipment",24474,"i3gndef1eq00","6","FAAt705","BEA_API"
2021,39,"Equipment",23142,"i3gndef1eq00","6","FAAt705","BEA_API"
2022,39,"Equipment",24856,"i3gndef1eq00","6","FAAt705","BEA_API"
2023,39,"Equipment",24391,"i3gndef1eq00","6","FAAt705","BEA_API"
2024,39,"Equipment",25098,"i3gndef1eq00","6","FAAt705","BEA_API"
1901,40,"Structures",24,"i3gndef1st00","6","FAAt705","BEA_API"
1902,40,"Structures",23,"i3gndef1st00","6","FAAt705","BEA_API"
1903,40,"Structures",23,"i3gndef1st00","6","FAAt705","BEA_API"
1904,40,"Structures",30,"i3gndef1st00","6","FAAt705","BEA_API"
1905,40,"Structures",34,"i3gndef1st00","6","FAAt705","BEA_API"
1906,40,"Structures",37,"i3gndef1st00","6","FAAt705","BEA_API"
1907,40,"Structures",40,"i3gndef1st00","6","FAAt705","BEA_API"
1908,40,"Structures",44,"i3gndef1st00","6","FAAt705","BEA_API"
1909,40,"Structures",49,"i3gndef1st00","6","FAAt705","BEA_API"
1910,40,"Structures",51,"i3gndef1st00","6","FAAt705","BEA_API"
1911,40,"Structures",44,"i3gndef1st00","6","FAAt705","BEA_API"
1912,40,"Structures",47,"i3gndef1st00","6","FAAt705","BEA_API"
1913,40,"Structures",49,"i3gndef1st00","6","FAAt705","BEA_API"
1914,40,"Structures",53,"i3gndef1st00","6","FAAt705","BEA_API"
1915,40,"Structures",56,"i3gndef1st00","6","FAAt705","BEA_API"
1916,40,"Structures",53,"i3gndef1st00","6","FAAt705","BEA_API"
1917,40,"Structures",58,"i3gndef1st00","6","FAAt705","BEA_API"
1918,40,"Structures",55,"i3gndef1st00","6","FAAt705","BEA_API"
1919,40,"Structures",68,"i3gndef1st00","6","FAAt705","BEA_API"
1920,40,"Structures",73,"i3gndef1st00","6","FAAt705","BEA_API"
1921,40,"Structures",76,"i3gndef1st00","6","FAAt705","BEA_API"
1922,40,"Structures",77,"i3gndef1st00","6","FAAt705","BEA_API"
1923,40,"Structures",128,"i3gndef1st00","6","FAAt705","BEA_API"
1924,40,"Structures",99,"i3gndef1st00","6","FAAt705","BEA_API"
1925,40,"Structures",91,"i3gndef1st00","6","FAAt705","BEA_API"
1926,40,"Structures",91,"i3gndef1st00","6","FAAt705","BEA_API"
1927,40,"Structures",91,"i3gndef1st00","6","FAAt705","BEA_API"
1928,40,"Structures",99,"i3gndef1st00","6","FAAt705","BEA_API"
1929,40,"Structures",138,"i3gndef1st00","6","FAAt705","BEA_API"
1930,40,"Structures",181,"i3gndef1st00","6","FAAt705","BEA_API"
1931,40,"Structures",232,"i3gndef1st00","6","FAAt705","BEA_API"
1932,40,"Structures",300,"i3gndef1st00","6","FAAt705","BEA_API"
1933,40,"Structures",477,"i3gndef1st00","6","FAAt705","BEA_API"
1934,40,"Structures",550,"i3gndef1st00","6","FAAt705","BEA_API"
1935,40,"Structures",753,"i3gndef1st00","6","FAAt705","BEA_API"
1936,40,"Structures",760,"i3gndef1st00","6","FAAt705","BEA_API"
1937,40,"Structures",714,"i3gndef1st00","6","FAAt705","BEA_API"
1938,40,"Structures",680,"i3gndef1st00","6","FAAt705","BEA_API"
1939,40,"Structures",620,"i3gndef1st00","6","FAAt705","BEA_API"
1940,40,"Structures",565,"i3gndef1st00","6","FAAt705","BEA_API"
1941,40,"Structures",558,"i3gndef1st00","6","FAAt705","BEA_API"
1942,40,"Structures",402,"i3gndef1st00","6","FAAt705","BEA_API"
1943,40,"Structures",375,"i3gndef1st00","6","FAAt705","BEA_API"
1944,40,"Structures",272,"i3gndef1st00","6","FAAt705","BEA_API"
1945,40,"Structures",245,"i3gndef1st00","6","FAAt705","BEA_API"
1946,40,"Structures",-9,"i3gndef1st00","6","FAAt705","BEA_API"
1947,40,"Structures",304,"i3gndef1st00","6","FAAt705","BEA_API"
1948,40,"Structures",661,"i3gndef1st00","6","FAAt705","BEA_API"
1949,40,"Structures",1090,"i3gndef1st00","6","FAAt705","BEA_API"
1950,40,"Structures",1092,"i3gndef1st00","6","FAAt705","BEA_API"
1951,40,"Structures",1002,"i3gndef1st00","6","FAAt705","BEA_API"
1952,40,"Structures",1051,"i3gndef1st00","6","FAAt705","BEA_API"
1953,40,"Structures",863,"i3gndef1st00","6","FAAt705","BEA_API"
1954,40,"Structures",878,"i3gndef1st00","6","FAAt705","BEA_API"
1955,40,"Structures",868,"i3gndef1st00","6","FAAt705","BEA_API"
1956,40,"Structures",993,"i3gndef1st00","6","FAAt705","BEA_API"
1957,40,"Structures",1112,"i3gndef1st00","6","FAAt705","BEA_API"
1958,40,"Structures",1376,"i3gndef1st00","6","FAAt705","BEA_API"
1959,40,"Structures",1490,"i3gndef1st00","6","FAAt705","BEA_API"
1960,40,"Structures",1639,"i3gndef1st00","6","FAAt705","BEA_API"
1961,40,"Structures",1774,"i3gndef1st00","6","FAAt705","BEA_API"
1962,40,"Structures",2068,"i3gndef1st00","6","FAAt705","BEA_API"
1963,40,"Structures",2322,"i3gndef1st00","6","FAAt705","BEA_API"
1964,40,"Structures",2554,"i3gndef1st00","6","FAAt705","BEA_API"
1965,40,"Structures",2791,"i3gndef1st00","6","FAAt705","BEA_API"
1966,40,"Structures",2859,"i3gndef1st00","6","FAAt705","BEA_API"
1967,40,"Structures",2207,"i3gndef1st00","6","FAAt705","BEA_API"
1968,40,"Structures",1970,"i3gndef1st00","6","FAAt705","BEA_API"
1969,40,"Structures",1747,"i3gndef1st00","6","FAAt705","BEA_API"
1970,40,"Structures",1824,"i3gndef1st00","6","FAAt705","BEA_API"
1971,40,"Structures",2054,"i3gndef1st00","6","FAAt705","BEA_API"
1972,40,"Structures",2472,"i3gndef1st00","6","FAAt705","BEA_API"
1973,40,"Structures",2968,"i3gndef1st00","6","FAAt705","BEA_API"
1974,40,"Structures",3174,"i3gndef1st00","6","FAAt705","BEA_API"
1975,40,"Structures",3595,"i3gndef1st00","6","FAAt705","BEA_API"
1976,40,"Structures",3862,"i3gndef1st00","6","FAAt705","BEA_API"
1977,40,"Structures",4144,"i3gndef1st00","6","FAAt705","BEA_API"
1978,40,"Structures",4808,"i3gndef1st00","6","FAAt705","BEA_API"
1979,40,"Structures",4850,"i3gndef1st00","6","FAAt705","BEA_API"
1980,40,"Structures",5563,"i3gndef1st00","6","FAAt705","BEA_API"
1981,40,"Structures",7259,"i3gndef1st00","6","FAAt705","BEA_API"
1982,40,"Structures",6518,"i3gndef1st00","6","FAAt705","BEA_API"
1983,40,"Structures",5981,"i3gndef1st00","6","FAAt705","BEA_API"
1984,40,"Structures",6308,"i3gndef1st00","6","FAAt705","BEA_API"
1985,40,"Structures",6306,"i3gndef1st00","6","FAAt705","BEA_API"
1986,40,"Structures",7103,"i3gndef1st00","6","FAAt705","BEA_API"
1987,40,"Structures",8055,"i3gndef1st00","6","FAAt705","BEA_API"
1988,40,"Structures",5950,"i3gndef1st00","6","FAAt705","BEA_API"
1989,40,"Structures",6310,"i3gndef1st00","6","FAAt705","BEA_API"
1990,40,"Structures",7359,"i3gndef1st00","6","FAAt705","BEA_API"
1991,40,"Structures",8767,"i3gndef1st00","6","FAAt705","BEA_API"
1992,40,"Structures",8966,"i3gndef1st00","6","FAAt705","BEA_API"
1993,40,"Structures",9883,"i3gndef1st00","6","FAAt705","BEA_API"
1994,40,"Structures",9592,"i3gndef1st00","6","FAAt705","BEA_API"
1995,40,"Structures",12304,"i3gndef1st00","6","FAAt705","BEA_API"
1996,40,"Structures",18484,"i3gndef1st00","6","FAAt705","BEA_API"
1997,40,"Structures",10018,"i3gndef1st00","6","FAAt705","BEA_API"
1998,40,"Structures",10750,"i3gndef1st00","6","FAAt705","BEA_API"
1999,40,"Structures",10566,"i3gndef1st00","6","FAAt705","BEA_API"
2000,40,"Structures",8279,"i3gndef1st00","6","FAAt705","BEA_API"
2001,40,"Structures",8003,"i3gndef1st00","6","FAAt705","BEA_API"
2002,40,"Structures",9658,"i3gndef1st00","6","FAAt705","BEA_API"
2003,40,"Structures",9667,"i3gndef1st00","6","FAAt705","BEA_API"
2004,40,"Structures",9358,"i3gndef1st00","6","FAAt705","BEA_API"
2005,40,"Structures",7414,"i3gndef1st00","6","FAAt705","BEA_API"
2006,40,"Structures",8934,"i3gndef1st00","6","FAAt705","BEA_API"
2007,40,"Structures",13288,"i3gndef1st00","6","FAAt705","BEA_API"
2008,40,"Structures",11147,"i3gndef1st00","6","FAAt705","BEA_API"
2009,40,"Structures",11791,"i3gndef1st00","6","FAAt705","BEA_API"
2010,40,"Structures",15774,"i3gndef1st00","6","FAAt705","BEA_API"
2011,40,"Structures",16294,"i3gndef1st00","6","FAAt705","BEA_API"
2012,40,"Structures",14350,"i3gndef1st00","6","FAAt705","BEA_API"
2013,40,"Structures",10663,"i3gndef1st00","6","FAAt705","BEA_API"
2014,40,"Structures",10976,"i3gndef1st00","6","FAAt705","BEA_API"
2015,40,"Structures",11642,"i3gndef1st00","6","FAAt705","BEA_API"
2016,40,"Structures",12879,"i3gndef1st00","6","FAAt705","BEA_API"
2017,40,"Structures",14901,"i3gndef1st00","6","FAAt705","BEA_API"
2018,40,"Structures",13743,"i3gndef1st00","6","FAAt705","BEA_API"
2019,40,"Structures",15277,"i3gndef1st00","6","FAAt705","BEA_API"
2020,40,"Structures",16524,"i3gndef1st00","6","FAAt705","BEA_API"
2021,40,"Structures",13200,"i3gndef1st00","6","FAAt705","BEA_API"
2022,40,"Structures",15364,"i3gndef1st00","6","FAAt705","BEA_API"
2023,40,"Structures",18486,"i3gndef1st00","6","FAAt705","BEA_API"
2024,40,"Structures",17109,"i3gndef1st00","6","FAAt705","BEA_API"
1901,41,"Office",2,"i3gndef1sd00","6","FAAt705","BEA_API"
1902,41,"Office",2,"i3gndef1sd00","6","FAAt705","BEA_API"
1903,41,"Office",2,"i3gndef1sd00","6","FAAt705","BEA_API"
1904,41,"Office",3,"i3gndef1sd00","6","FAAt705","BEA_API"
1905,41,"Office",4,"i3gndef1sd00","6","FAAt705","BEA_API"
1906,41,"Office",4,"i3gndef1sd00","6","FAAt705","BEA_API"
1907,41,"Office",3,"i3gndef1sd00","6","FAAt705","BEA_API"
1908,41,"Office",4,"i3gndef1sd00","6","FAAt705","BEA_API"
1909,41,"Office",4,"i3gndef1sd00","6","FAAt705","BEA_API"
1910,41,"Office",5,"i3gndef1sd00","6","FAAt705","BEA_API"
1911,41,"Office",3,"i3gndef1sd00","6","FAAt705","BEA_API"
1912,41,"Office",4,"i3gndef1sd00","6","FAAt705","BEA_API"
1913,41,"Office",3,"i3gndef1sd00","6","FAAt705","BEA_API"
1914,41,"Office",3,"i3gndef1sd00","6","FAAt705","BEA_API"
1915,41,"Office",4,"i3gndef1sd00","6","FAAt705","BEA_API"
1916,41,"Office",4,"i3gndef1sd00","6","FAAt705","BEA_API"
1917,41,"Office",4,"i3gndef1sd00","6","FAAt705","BEA_API"
1918,41,"Office",5,"i3gndef1sd00","6","FAAt705","BEA_API"
1919,41,"Office",4,"i3gndef1sd00","6","FAAt705","BEA_API"
1920,41,"Office",2,"i3gndef1sd00","6","FAAt705","BEA_API"
1921,41,"Office",4,"i3gndef1sd00","6","FAAt705","BEA_API"
1922,41,"Office",5,"i3gndef1sd00","6","FAAt705","BEA_API"
1923,41,"Office",13,"i3gndef1sd00","6","FAAt705","BEA_API"
1924,41,"Office",2,"i3gndef1sd00","6","FAAt705","BEA_API"
1925,41,"Office",2,"i3gndef1sd00","6","FAAt705","BEA_API"
1926,41,"Office",4,"i3gndef1sd00","6","FAAt705","BEA_API"
1927,41,"Office",4,"i3gndef1sd00","6","FAAt705","BEA_API"
1928,41,"Office",1,"i3gndef1sd00","6","FAAt705","BEA_API"
1929,41,"Office",2,"i3gndef1sd00","6","FAAt705","BEA_API"
1930,41,"Office",2,"i3gndef1sd00","6","FAAt705","BEA_API"
1931,41,"Office",3,"i3gndef1sd00","6","FAAt705","BEA_API"
1932,41,"Office",4,"i3gndef1sd00","6","FAAt705","BEA_API"
1933,41,"Office",6,"i3gndef1sd00","6","FAAt705","BEA_API"
1934,41,"Office",7,"i3gndef1sd00","6","FAAt705","BEA_API"
1935,41,"Office",11,"i3gndef1sd00","6","FAAt705","BEA_API"
1936,41,"Office",46,"i3gndef1sd00","6","FAAt705","BEA_API"
1937,41,"Office",51,"i3gndef1sd00","6","FAAt705","BEA_API"
1938,41,"Office",46,"i3gndef1sd00","6","FAAt705","BEA_API"
1939,41,"Office",1,"i3gndef1sd00","6","FAAt705","BEA_API"
1940,41,"Office",0,"i3gndef1sd00","6","FAAt705","BEA_API"
1941,41,"Office",17,"i3gndef1sd00","6","FAAt705","BEA_API"
1942,41,"Office",8,"i3gndef1sd00","6","FAAt705","BEA_API"
1943,41,"Office",-9,"i3gndef1sd00","6","FAAt705","BEA_API"
1944,41,"Office",-7,"i3gndef1sd00","6","FAAt705","BEA_API"
1945,41,"Office",-13,"i3gndef1sd00","6","FAAt705","BEA_API"
1946,41,"Office",-144,"i3gndef1sd00","6","FAAt705","BEA_API"
1947,41,"Office",-69,"i3gndef1sd00","6","FAAt705","BEA_API"
1948,41,"Office",-12,"i3gndef1sd00","6","FAAt705","BEA_API"
1949,41,"Office",70,"i3gndef1sd00","6","FAAt705","BEA_API"
1950,41,"Office",88,"i3gndef1sd00","6","FAAt705","BEA_API"
1951,41,"Office",82,"i3gndef1sd00","6","FAAt705","BEA_API"
1952,41,"Office",85,"i3gndef1sd00","6","FAAt705","BEA_API"
1953,41,"Office",97,"i3gndef1sd00","6","FAAt705","BEA_API"
1954,41,"Office",85,"i3gndef1sd00","6","FAAt705","BEA_API"
1955,41,"Office",-5,"i3gndef1sd00","6","FAAt705","BEA_API"
1956,41,"Office",86,"i3gndef1sd00","6","FAAt705","BEA_API"
1957,41,"Office",131,"i3gndef1sd00","6","FAAt705","BEA_API"
1958,41,"Office",235,"i3gndef1sd00","6","FAAt705","BEA_API"
1959,41,"Office",197,"i3gndef1sd00","6","FAAt705","BEA_API"
1960,41,"Office",238,"i3gndef1sd00","6","FAAt705","BEA_API"
1961,41,"Office",256,"i3gndef1sd00","6","FAAt705","BEA_API"
1962,41,"Office",316,"i3gndef1sd00","6","FAAt705","BEA_API"
1963,41,"Office",382,"i3gndef1sd00","6","FAAt705","BEA_API"
1964,41,"Office",458,"i3gndef1sd00","6","FAAt705","BEA_API"
1965,41,"Office",493,"i3gndef1sd00","6","FAAt705","BEA_API"
1966,41,"Office",467,"i3gndef1sd00","6","FAAt705","BEA_API"
1967,41,"Office",299,"i3gndef1sd00","6","FAAt705","BEA_API"
1968,41,"Office",257,"i3gndef1sd00","6","FAAt705","BEA_API"
1969,41,"Office",223,"i3gndef1sd00","6","FAAt705","BEA_API"
1970,41,"Office",207,"i3gndef1sd00","6","FAAt705","BEA_API"
1971,41,"Office",256,"i3gndef1sd00","6","FAAt705","BEA_API"
1972,41,"Office",308,"i3gndef1sd00","6","FAAt705","BEA_API"
1973,41,"Office",397,"i3gndef1sd00","6","FAAt705","BEA_API"
1974,41,"Office",388,"i3gndef1sd00","6","FAAt705","BEA_API"
1975,41,"Office",427,"i3gndef1sd00","6","FAAt705","BEA_API"
1976,41,"Office",557,"i3gndef1sd00","6","FAAt705","BEA_API"
1977,41,"Office",545,"i3gndef1sd00","6","FAAt705","BEA_API"
1978,41,"Office",655,"i3gndef1sd00","6","FAAt705","BEA_API"
1979,41,"Office",623,"i3gndef1sd00","6","FAAt705","BEA_API"
1980,41,"Office",784,"i3gndef1sd00","6","FAAt705","BEA_API"
1981,41,"Office",897,"i3gndef1sd00","6","FAAt705","BEA_API"
1982,41,"Office",670,"i3gndef1sd00","6","FAAt705","BEA_API"
1983,41,"Office",721,"i3gndef1sd00","6","FAAt705","BEA_API"
1984,41,"Office",828,"i3gndef1sd00","6","FAAt705","BEA_API"
1985,41,"Office",1059,"i3gndef1sd00","6","FAAt705","BEA_API"
1986,41,"Office",1446,"i3gndef1sd00","6","FAAt705","BEA_API"
1987,41,"Office",1674,"i3gndef1sd00","6","FAAt705","BEA_API"
1988,41,"Office",841,"i3gndef1sd00","6","FAAt705","BEA_API"
1989,41,"Office",862,"i3gndef1sd00","6","FAAt705","BEA_API"
1990,41,"Office",1234,"i3gndef1sd00","6","FAAt705","BEA_API"
1991,41,"Office",1573,"i3gndef1sd00","6","FAAt705","BEA_API"
1992,41,"Office",1580,"i3gndef1sd00","6","FAAt705","BEA_API"
1993,41,"Office",1805,"i3gndef1sd00","6","FAAt705","BEA_API"
1994,41,"Office",1394,"i3gndef1sd00","6","FAAt705","BEA_API"
1995,41,"Office",1633,"i3gndef1sd00","6","FAAt705","BEA_API"
1996,41,"Office",2069,"i3gndef1sd00","6","FAAt705","BEA_API"
1997,41,"Office",1707,"i3gndef1sd00","6","FAAt705","BEA_API"
1998,41,"Office",2279,"i3gndef1sd00","6","FAAt705","BEA_API"
1999,41,"Office",2197,"i3gndef1sd00","6","FAAt705","BEA_API"
2000,41,"Office",1007,"i3gndef1sd00","6","FAAt705","BEA_API"
2001,41,"Office",930,"i3gndef1sd00","6","FAAt705","BEA_API"
2002,41,"Office",1448,"i3gndef1sd00","6","FAAt705","BEA_API"
2003,41,"Office",1727,"i3gndef1sd00","6","FAAt705","BEA_API"
2004,41,"Office",1762,"i3gndef1sd00","6","FAAt705","BEA_API"
2005,41,"Office",1020,"i3gndef1sd00","6","FAAt705","BEA_API"
2006,41,"Office",1192,"i3gndef1sd00","6","FAAt705","BEA_API"
2007,41,"Office",2053,"i3gndef1sd00","6","FAAt705","BEA_API"
2008,41,"Office",1924,"i3gndef1sd00","6","FAAt705","BEA_API"
2009,41,"Office",1400,"i3gndef1sd00","6","FAAt705","BEA_API"
2010,41,"Office",2345,"i3gndef1sd00","6","FAAt705","BEA_API"
2011,41,"Office",2427,"i3gndef1sd00","6","FAAt705","BEA_API"
2012,41,"Office",2480,"i3gndef1sd00","6","FAAt705","BEA_API"
2013,41,"Office",1021,"i3gndef1sd00","6","FAAt705","BEA_API"
2014,41,"Office",1179,"i3gndef1sd00","6","FAAt705","BEA_API"
2015,41,"Office",773,"i3gndef1sd00","6","FAAt705","BEA_API"
2016,41,"Office",733,"i3gndef1sd00","6","FAAt705","BEA_API"
2017,41,"Office",102,"i3gndef1sd00","6","FAAt705","BEA_API"
2018,41,"Office",1086,"i3gndef1sd00","6","FAAt705","BEA_API"
2019,41,"Office",1384,"i3gndef1sd00","6","FAAt705","BEA_API"
2020,41,"Office",351,"i3gndef1sd00","6","FAAt705","BEA_API"
2021,41,"Office",1243,"i3gndef1sd00","6","FAAt705","BEA_API"
2022,41,"Office",1305,"i3gndef1sd00","6","FAAt705","BEA_API"
2023,41,"Office",1575,"i3gndef1sd00","6","FAAt705","BEA_API"
2024,41,"Office",1061,"i3gndef1sd00","6","FAAt705","BEA_API"
1901,42,"Commercial",8,"i3gndef1se00","6","FAAt705","BEA_API"
1902,42,"Commercial",8,"i3gndef1se00","6","FAAt705","BEA_API"
1903,42,"Commercial",8,"i3gndef1se00","6","FAAt705","BEA_API"
1904,42,"Commercial",10,"i3gndef1se00","6","FAAt705","BEA_API"
1905,42,"Commercial",11,"i3gndef1se00","6","FAAt705","BEA_API"
1906,42,"Commercial",11,"i3gndef1se00","6","FAAt705","BEA_API"
1907,42,"Commercial",11,"i3gndef1se00","6","FAAt705","BEA_API"
1908,42,"Commercial",11,"i3gndef1se00","6","FAAt705","BEA_API"
1909,42,"Commercial",13,"i3gndef1se00","6","FAAt705","BEA_API"
1910,42,"Commercial",15,"i3gndef1se00","6","FAAt705","BEA_API"
1911,42,"Commercial",11,"i3gndef1se00","6","FAAt705","BEA_API"
1912,42,"Commercial",11,"i3gndef1se00","6","FAAt705","BEA_API"
1913,42,"Commercial",11,"i3gndef1se00","6","FAAt705","BEA_API"
1914,42,"Commercial",9,"i3gndef1se00","6","FAAt705","BEA_API"
1915,42,"Commercial",13,"i3gndef1se00","6","FAAt705","BEA_API"
1916,42,"Commercial",12,"i3gndef1se00","6","FAAt705","BEA_API"
1917,42,"Commercial",14,"i3gndef1se00","6","FAAt705","BEA_API"
1918,42,"Commercial",15,"i3gndef1se00","6","FAAt705","BEA_API"
1919,42,"Commercial",12,"i3gndef1se00","6","FAAt705","BEA_API"
1920,42,"Commercial",5,"i3gndef1se00","6","FAAt705","BEA_API"
1921,42,"Commercial",12,"i3gndef1se00","6","FAAt705","BEA_API"
1922,42,"Commercial",15,"i3gndef1se00","6","FAAt705","BEA_API"
1923,42,"Commercial",40,"i3gndef1se00","6","FAAt705","BEA_API"
1924,42,"Commercial",8,"i3gndef1se00","6","FAAt705","BEA_API"
1925,42,"Commercial",5,"i3gndef1se00","6","FAAt705","BEA_API"
1926,42,"Commercial",14,"i3gndef1se00","6","FAAt705","BEA_API"
1927,42,"Commercial",11,"i3gndef1se00","6","FAAt705","BEA_API"
1928,42,"Commercial",10,"i3gndef1se00","6","FAAt705","BEA_API"
1929,42,"Commercial",16,"i3gndef1se00","6","FAAt705","BEA_API"
1930,42,"Commercial",22,"i3gndef1se00","6","FAAt705","BEA_API"
1931,42,"Commercial",28,"i3gndef1se00","6","FAAt705","BEA_API"
1932,42,"Commercial",36,"i3gndef1se00","6","FAAt705","BEA_API"
1933,42,"Commercial",58,"i3gndef1se00","6","FAAt705","BEA_API"
1934,42,"Commercial",68,"i3gndef1se00","6","FAAt705","BEA_API"
1935,42,"Commercial",94,"i3gndef1se00","6","FAAt705","BEA_API"
1936,42,"Commercial",122,"i3gndef1se00","6","FAAt705","BEA_API"
1937,42,"Commercial",120,"i3gndef1se00","6","FAAt705","BEA_API"
1938,42,"Commercial",112,"i3gndef1se00","6","FAAt705","BEA_API"
1939,42,"Commercial",67,"i3gndef1se00","6","FAAt705","BEA_API"
1940,42,"Commercial",14,"i3gndef1se00","6","FAAt705","BEA_API"
1941,42,"Commercial",31,"i3gndef1se00","6","FAAt705","BEA_API"
1942,42,"Commercial",18,"i3gndef1se00","6","FAAt705","BEA_API"
1943,42,"Commercial",1,"i3gndef1se00","6","FAAt705","BEA_API"
1944,42,"Commercial",-2,"i3gndef1se00","6","FAAt705","BEA_API"
1945,42,"Commercial",-8,"i3gndef1se00","6","FAAt705","BEA_API"
1946,42,"Commercial",-137,"i3gndef1se00","6","FAAt705","BEA_API"
1947,42,"Commercial",-103,"i3gndef1se00","6","FAAt705","BEA_API"
1948,42,"Commercial",-47,"i3gndef1se00","6","FAAt705","BEA_API"
1949,42,"Commercial",19,"i3gndef1se00","6","FAAt705","BEA_API"
1950,42,"Commercial",33,"i3gndef1se00","6","FAAt705","BEA_API"
1951,42,"Commercial",29,"i3gndef1se00","6","FAAt705","BEA_API"
1952,42,"Commercial",24,"i3gndef1se00","6","FAAt705","BEA_API"
1953,42,"Commercial",31,"i3gndef1se00","6","FAAt705","BEA_API"
1954,42,"Commercial",23,"i3gndef1se00","6","FAAt705","BEA_API"
1955,42,"Commercial",-57,"i3gndef1se00","6","FAAt705","BEA_API"
1956,42,"Commercial",21,"i3gndef1se00","6","FAAt705","BEA_API"
1957,42,"Commercial",52,"i3gndef1se00","6","FAAt705","BEA_API"
1958,42,"Commercial",126,"i3gndef1se00","6","FAAt705","BEA_API"
1959,42,"Commercial",58,"i3gndef1se00","6","FAAt705","BEA_API"
1960,42,"Commercial",64,"i3gndef1se00","6","FAAt705","BEA_API"
1961,42,"Commercial",64,"i3gndef1se00","6","FAAt705","BEA_API"
1962,42,"Commercial",95,"i3gndef1se00","6","FAAt705","BEA_API"
1963,42,"Commercial",130,"i3gndef1se00","6","FAAt705","BEA_API"
1964,42,"Commercial",176,"i3gndef1se00","6","FAAt705","BEA_API"
1965,42,"Commercial",193,"i3gndef1se00","6","FAAt705","BEA_API"
1966,42,"Commercial",166,"i3gndef1se00","6","FAAt705","BEA_API"
1967,42,"Commercial",107,"i3gndef1se00","6","FAAt705","BEA_API"
1968,42,"Commercial",68,"i3gndef1se00","6","FAAt705","BEA_API"
1969,42,"Commercial",60,"i3gndef1se00","6","FAAt705","BEA_API"
1970,42,"Commercial",50,"i3gndef1se00","6","FAAt705","BEA_API"
1971,42,"Commercial",60,"i3gndef1se00","6","FAAt705","BEA_API"
1972,42,"Commercial",70,"i3gndef1se00","6","FAAt705","BEA_API"
1973,42,"Commercial",98,"i3gndef1se00","6","FAAt705","BEA_API"
1974,42,"Commercial",84,"i3gndef1se00","6","FAAt705","BEA_API"
1975,42,"Commercial",73,"i3gndef1se00","6","FAAt705","BEA_API"
1976,42,"Commercial",177,"i3gndef1se00","6","FAAt705","BEA_API"
1977,42,"Commercial",96,"i3gndef1se00","6","FAAt705","BEA_API"
1978,42,"Commercial",147,"i3gndef1se00","6","FAAt705","BEA_API"
1979,42,"Commercial",58,"i3gndef1se00","6","FAAt705","BEA_API"
1980,42,"Commercial",157,"i3gndef1se00","6","FAAt705","BEA_API"
1981,42,"Commercial",222,"i3gndef1se00","6","FAAt705","BEA_API"
1982,42,"Commercial",134,"i3gndef1se00","6","FAAt705","BEA_API"
1983,42,"Commercial",165,"i3gndef1se00","6","FAAt705","BEA_API"
1984,42,"Commercial",290,"i3gndef1se00","6","FAAt705","BEA_API"
1985,42,"Commercial",474,"i3gndef1se00","6","FAAt705","BEA_API"
1986,42,"Commercial",957,"i3gndef1se00","6","FAAt705","BEA_API"
1987,42,"Commercial",1089,"i3gndef1se00","6","FAAt705","BEA_API"
1988,42,"Commercial",138,"i3gndef1se00","6","FAAt705","BEA_API"
1989,42,"Commercial",203,"i3gndef1se00","6","FAAt705","BEA_API"
1990,42,"Commercial",491,"i3gndef1se00","6","FAAt705","BEA_API"
1991,42,"Commercial",458,"i3gndef1se00","6","FAAt705","BEA_API"
1992,42,"Commercial",418,"i3gndef1se00","6","FAAt705","BEA_API"
1993,42,"Commercial",381,"i3gndef1se00","6","FAAt705","BEA_API"
1994,42,"Commercial",50,"i3gndef1se00","6","FAAt705","BEA_API"
1995,42,"Commercial",189,"i3gndef1se00","6","FAAt705","BEA_API"
1996,42,"Commercial",563,"i3gndef1se00","6","FAAt705","BEA_API"
1997,42,"Commercial",526,"i3gndef1se00","6","FAAt705","BEA_API"
1998,42,"Commercial",1211,"i3gndef1se00","6","FAAt705","BEA_API"
1999,42,"Commercial",1293,"i3gndef1se00","6","FAAt705","BEA_API"
2000,42,"Commercial",182,"i3gndef1se00","6","FAAt705","BEA_API"
2001,42,"Commercial",116,"i3gndef1se00","6","FAAt705","BEA_API"
2002,42,"Commercial",508,"i3gndef1se00","6","FAAt705","BEA_API"
2003,42,"Commercial",744,"i3gndef1se00","6","FAAt705","BEA_API"
2004,42,"Commercial",624,"i3gndef1se00","6","FAAt705","BEA_API"
2005,42,"Commercial",-53,"i3gndef1se00","6","FAAt705","BEA_API"
2006,42,"Commercial",566,"i3gndef1se00","6","FAAt705","BEA_API"
2007,42,"Commercial",1166,"i3gndef1se00","6","FAAt705","BEA_API"
2008,42,"Commercial",1427,"i3gndef1se00","6","FAAt705","BEA_API"
2009,42,"Commercial",911,"i3gndef1se00","6","FAAt705","BEA_API"
2010,42,"Commercial",1403,"i3gndef1se00","6","FAAt705","BEA_API"
2011,42,"Commercial",953,"i3gndef1se00","6","FAAt705","BEA_API"
2012,42,"Commercial",797,"i3gndef1se00","6","FAAt705","BEA_API"
2013,42,"Commercial",327,"i3gndef1se00","6","FAAt705","BEA_API"
2014,42,"Commercial",453,"i3gndef1se00","6","FAAt705","BEA_API"
2015,42,"Commercial",348,"i3gndef1se00","6","FAAt705","BEA_API"
2016,42,"Commercial",421,"i3gndef1se00","6","FAAt705","BEA_API"
2017,42,"Commercial",-54,"i3gndef1se00","6","FAAt705","BEA_API"
2018,42,"Commercial",963,"i3gndef1se00","6","FAAt705","BEA_API"
2019,42,"Commercial",1064,"i3gndef1se00","6","FAAt705","BEA_API"
2020,42,"Commercial",65,"i3gndef1se00","6","FAAt705","BEA_API"
2021,42,"Commercial",774,"i3gndef1se00","6","FAAt705","BEA_API"
2022,42,"Commercial",1440,"i3gndef1se00","6","FAAt705","BEA_API"
2023,42,"Commercial",1459,"i3gndef1se00","6","FAAt705","BEA_API"
2024,42,"Commercial",684,"i3gndef1se00","6","FAAt705","BEA_API"
1901,43,"Health care",0,"i3gndef1sf00","6","FAAt705","BEA_API"
1902,43,"Health care",0,"i3gndef1sf00","6","FAAt705","BEA_API"
1903,43,"Health care",0,"i3gndef1sf00","6","FAAt705","BEA_API"
1904,43,"Health care",0,"i3gndef1sf00","6","FAAt705","BEA_API"
1905,43,"Health care",0,"i3gndef1sf00","6","FAAt705","BEA_API"
1906,43,"Health care",0,"i3gndef1sf00","6","FAAt705","BEA_API"
1907,43,"Health care",0,"i3gndef1sf00","6","FAAt705","BEA_API"
1908,43,"Health care",0,"i3gndef1sf00","6","FAAt705","BEA_API"
1909,43,"Health care",0,"i3gndef1sf00","6","FAAt705","BEA_API"
1910,43,"Health care",0,"i3gndef1sf00","6","FAAt705","BEA_API"
1911,43,"Health care",0,"i3gndef1sf00","6","FAAt705","BEA_API"
1912,43,"Health care",0,"i3gndef1sf00","6","FAAt705","BEA_API"
1913,43,"Health care",0,"i3gndef1sf00","6","FAAt705","BEA_API"
1914,43,"Health care",0,"i3gndef1sf00","6","FAAt705","BEA_API"
1915,43,"Health care",0,"i3gndef1sf00","6","FAAt705","BEA_API"
1916,43,"Health care",0,"i3gndef1sf00","6","FAAt705","BEA_API"
1917,43,"Health care",0,"i3gndef1sf00","6","FAAt705","BEA_API"
1918,43,"Health care",0,"i3gndef1sf00","6","FAAt705","BEA_API"
1919,43,"Health care",0,"i3gndef1sf00","6","FAAt705","BEA_API"
1920,43,"Health care",0,"i3gndef1sf00","6","FAAt705","BEA_API"
1921,43,"Health care",0,"i3gndef1sf00","6","FAAt705","BEA_API"
1922,43,"Health care",0,"i3gndef1sf00","6","FAAt705","BEA_API"
1923,43,"Health care",0,"i3gndef1sf00","6","FAAt705","BEA_API"
1924,43,"Health care",0,"i3gndef1sf00","6","FAAt705","BEA_API"
1925,43,"Health care",0,"i3gndef1sf00","6","FAAt705","BEA_API"
1926,43,"Health care",0,"i3gndef1sf00","6","FAAt705","BEA_API"
1927,43,"Health care",0,"i3gndef1sf00","6","FAAt705","BEA_API"
1928,43,"Health care",0,"i3gndef1sf00","6","FAAt705","BEA_API"
1929,43,"Health care",1,"i3gndef1sf00","6","FAAt705","BEA_API"
1930,43,"Health care",1,"i3gndef1sf00","6","FAAt705","BEA_API"
1931,43,"Health care",2,"i3gndef1sf00","6","FAAt705","BEA_API"
1932,43,"Health care",2,"i3gndef1sf00","6","FAAt705","BEA_API"
1933,43,"Health care",3,"i3gndef1sf00","6","FAAt705","BEA_API"
1934,43,"Health care",4,"i3gndef1sf00","6","FAAt705","BEA_API"
1935,43,"Health care",6,"i3gndef1sf00","6","FAAt705","BEA_API"
1936,43,"Health care",5,"i3gndef1sf00","6","FAAt705","BEA_API"
1937,43,"Health care",5,"i3gndef1sf00","6","FAAt705","BEA_API"
1938,43,"Health care",4,"i3gndef1sf00","6","FAAt705","BEA_API"
1939,43,"Health care",4,"i3gndef1sf00","6","FAAt705","BEA_API"
1940,43,"Health care",1,"i3gndef1sf00","6","FAAt705","BEA_API"
1941,43,"Health care",1,"i3gndef1sf00","6","FAAt705","BEA_API"
1942,43,"Health care",1,"i3gndef1sf00","6","FAAt705","BEA_API"
1943,43,"Health care",1,"i3gndef1sf00","6","FAAt705","BEA_API"
1944,43,"Health care",0,"i3gndef1sf00","6","FAAt705","BEA_API"
1945,43,"Health care",0,"i3gndef1sf00","6","FAAt705","BEA_API"
1946,43,"Health care",0,"i3gndef1sf00","6","FAAt705","BEA_API"
1947,43,"Health care",60,"i3gndef1sf00","6","FAAt705","BEA_API"
1948,43,"Health care",179,"i3gndef1sf00","6","FAAt705","BEA_API"
1949,43,"Health care",336,"i3gndef1sf00","6","FAAt705","BEA_API"
1950,43,"Health care",303,"i3gndef1sf00","6","FAAt705","BEA_API"
1951,43,"Health care",183,"i3gndef1sf00","6","FAAt705","BEA_API"
1952,43,"Health care",143,"i3gndef1sf00","6","FAAt705","BEA_API"
1953,43,"Health care",86,"i3gndef1sf00","6","FAAt705","BEA_API"
1954,43,"Health care",66,"i3gndef1sf00","6","FAAt705","BEA_API"
1955,43,"Health care",59,"i3gndef1sf00","6","FAAt705","BEA_API"
1956,43,"Health care",89,"i3gndef1sf00","6","FAAt705","BEA_API"
1957,43,"Health care",100,"i3gndef1sf00","6","FAAt705","BEA_API"
1958,43,"Health care",91,"i3gndef1sf00","6","FAAt705","BEA_API"
1959,43,"Health care",127,"i3gndef1sf00","6","FAAt705","BEA_API"
1960,43,"Health care",123,"i3gndef1sf00","6","FAAt705","BEA_API"
1961,43,"Health care",130,"i3gndef1sf00","6","FAAt705","BEA_API"
1962,43,"Health care",134,"i3gndef1sf00","6","FAAt705","BEA_API"
1963,43,"Health care",157,"i3gndef1sf00","6","FAAt705","BEA_API"
1964,43,"Health care",166,"i3gndef1sf00","6","FAAt705","BEA_API"
1965,43,"Health care",208,"i3gndef1sf00","6","FAAt705","BEA_API"
1966,43,"Health care",187,"i3gndef1sf00","6","FAAt705","BEA_API"
1967,43,"Health care",139,"i3gndef1sf00","6","FAAt705","BEA_API"
1968,43,"Health care",140,"i3gndef1sf00","6","FAAt705","BEA_API"
1969,43,"Health care",128,"i3gndef1sf00","6","FAAt705","BEA_API"
1970,43,"Health care",159,"i3gndef1sf00","6","FAAt705","BEA_API"
1971,43,"Health care",211,"i3gndef1sf00","6","FAAt705","BEA_API"
1972,43,"Health care",205,"i3gndef1sf00","6","FAAt705","BEA_API"
1973,43,"Health care",209,"i3gndef1sf00","6","FAAt705","BEA_API"
1974,43,"Health care",253,"i3gndef1sf00","6","FAAt705","BEA_API"
1975,43,"Health care",364,"i3gndef1sf00","6","FAAt705","BEA_API"
1976,43,"Health care",415,"i3gndef1sf00","6","FAAt705","BEA_API"
1977,43,"Health care",489,"i3gndef1sf00","6","FAAt705","BEA_API"
1978,43,"Health care",576,"i3gndef1sf00","6","FAAt705","BEA_API"
1979,43,"Health care",558,"i3gndef1sf00","6","FAAt705","BEA_API"
1980,43,"Health care",648,"i3gndef1sf00","6","FAAt705","BEA_API"
1981,43,"Health care",753,"i3gndef1sf00","6","FAAt705","BEA_API"
1982,43,"Health care",700,"i3gndef1sf00","6","FAAt705","BEA_API"
1983,43,"Health care",673,"i3gndef1sf00","6","FAAt705","BEA_API"
1984,43,"Health care",784,"i3gndef1sf00","6","FAAt705","BEA_API"
1985,43,"Health care",780,"i3gndef1sf00","6","FAAt705","BEA_API"
1986,43,"Health care",874,"i3gndef1sf00","6","FAAt705","BEA_API"
1987,43,"Health care",997,"i3gndef1sf00","6","FAAt705","BEA_API"
1988,43,"Health care",918,"i3gndef1sf00","6","FAAt705","BEA_API"
1989,43,"Health care",861,"i3gndef1sf00","6","FAAt705","BEA_API"
1990,43,"Health care",976,"i3gndef1sf00","6","FAAt705","BEA_API"
1991,43,"Health care",864,"i3gndef1sf00","6","FAAt705","BEA_API"
1992,43,"Health care",938,"i3gndef1sf00","6","FAAt705","BEA_API"
1993,43,"Health care",1066,"i3gndef1sf00","6","FAAt705","BEA_API"
1994,43,"Health care",1025,"i3gndef1sf00","6","FAAt705","BEA_API"
1995,43,"Health care",1125,"i3gndef1sf00","6","FAAt705","BEA_API"
1996,43,"Health care",1334,"i3gndef1sf00","6","FAAt705","BEA_API"
1997,43,"Health care",1346,"i3gndef1sf00","6","FAAt705","BEA_API"
1998,43,"Health care",1018,"i3gndef1sf00","6","FAAt705","BEA_API"
1999,43,"Health care",852,"i3gndef1sf00","6","FAAt705","BEA_API"
2000,43,"Health care",774,"i3gndef1sf00","6","FAAt705","BEA_API"
2001,43,"Health care",723,"i3gndef1sf00","6","FAAt705","BEA_API"
2002,43,"Health care",873,"i3gndef1sf00","6","FAAt705","BEA_API"
2003,43,"Health care",711,"i3gndef1sf00","6","FAAt705","BEA_API"
2004,43,"Health care",659,"i3gndef1sf00","6","FAAt705","BEA_API"
2005,43,"Health care",681,"i3gndef1sf00","6","FAAt705","BEA_API"
2006,43,"Health care",746,"i3gndef1sf00","6","FAAt705","BEA_API"
2007,43,"Health care",1014,"i3gndef1sf00","6","FAAt705","BEA_API"
2008,43,"Health care",944,"i3gndef1sf00","6","FAAt705","BEA_API"
2009,43,"Health care",1763,"i3gndef1sf00","6","FAAt705","BEA_API"
2010,43,"Health care",2127,"i3gndef1sf00","6","FAAt705","BEA_API"
2011,43,"Health care",2589,"i3gndef1sf00","6","FAAt705","BEA_API"
2012,43,"Health care",2620,"i3gndef1sf00","6","FAAt705","BEA_API"
2013,43,"Health care",2660,"i3gndef1sf00","6","FAAt705","BEA_API"
2014,43,"Health care",2348,"i3gndef1sf00","6","FAAt705","BEA_API"
2015,43,"Health care",2242,"i3gndef1sf00","6","FAAt705","BEA_API"
2016,43,"Health care",2140,"i3gndef1sf00","6","FAAt705","BEA_API"
2017,43,"Health care",2091,"i3gndef1sf00","6","FAAt705","BEA_API"
2018,43,"Health care",2216,"i3gndef1sf00","6","FAAt705","BEA_API"
2019,43,"Health care",2114,"i3gndef1sf00","6","FAAt705","BEA_API"
2020,43,"Health care",2026,"i3gndef1sf00","6","FAAt705","BEA_API"
2021,43,"Health care",2044,"i3gndef1sf00","6","FAAt705","BEA_API"
2022,43,"Health care",2544,"i3gndef1sf00","6","FAAt705","BEA_API"
2023,43,"Health care",3236,"i3gndef1sf00","6","FAAt705","BEA_API"
2024,43,"Health care",3160,"i3gndef1sf00","6","FAAt705","BEA_API"
1901,44,"Educational",0,"i3gndef1sg00","6","FAAt705","BEA_API"
1902,44,"Educational",0,"i3gndef1sg00","6","FAAt705","BEA_API"
1903,44,"Educational",0,"i3gndef1sg00","6","FAAt705","BEA_API"
1904,44,"Educational",0,"i3gndef1sg00","6","FAAt705","BEA_API"
1905,44,"Educational",0,"i3gndef1sg00","6","FAAt705","BEA_API"
1906,44,"Educational",0,"i3gndef1sg00","6","FAAt705","BEA_API"
1907,44,"Educational",0,"i3gndef1sg00","6","FAAt705","BEA_API"
1908,44,"Educational",0,"i3gndef1sg00","6","FAAt705","BEA_API"
1909,44,"Educational",0,"i3gndef1sg00","6","FAAt705","BEA_API"
1910,44,"Educational",0,"i3gndef1sg00","6","FAAt705","BEA_API"
1911,44,"Educational",0,"i3gndef1sg00","6","FAAt705","BEA_API"
1912,44,"Educational",0,"i3gndef1sg00","6","FAAt705","BEA_API"
1913,44,"Educational",0,"i3gndef1sg00","6","FAAt705","BEA_API"
1914,44,"Educational",0,"i3gndef1sg00","6","FAAt705","BEA_API"
1915,44,"Educational",0,"i3gndef1sg00","6","FAAt705","BEA_API"
1916,44,"Educational",0,"i3gndef1sg00","6","FAAt705","BEA_API"
1917,44,"Educational",0,"i3gndef1sg00","6","FAAt705","BEA_API"
1918,44,"Educational",0,"i3gndef1sg00","6","FAAt705","BEA_API"
1919,44,"Educational",0,"i3gndef1sg00","6","FAAt705","BEA_API"
1920,44,"Educational",0,"i3gndef1sg00","6","FAAt705","BEA_API"
1921,44,"Educational",0,"i3gndef1sg00","6","FAAt705","BEA_API"
1922,44,"Educational",0,"i3gndef1sg00","6","FAAt705","BEA_API"
1923,44,"Educational",0,"i3gndef1sg00","6","FAAt705","BEA_API"
1924,44,"Educational",0,"i3gndef1sg00","6","FAAt705","BEA_API"
1925,44,"Educational",0,"i3gndef1sg00","6","FAAt705","BEA_API"
1926,44,"Educational",0,"i3gndef1sg00","6","FAAt705","BEA_API"
1927,44,"Educational",0,"i3gndef1sg00","6","FAAt705","BEA_API"
1928,44,"Educational",0,"i3gndef1sg00","6","FAAt705","BEA_API"
1929,44,"Educational",2,"i3gndef1sg00","6","FAAt705","BEA_API"
1930,44,"Educational",2,"i3gndef1sg00","6","FAAt705","BEA_API"
1931,44,"Educational",3,"i3gndef1sg00","6","FAAt705","BEA_API"
1932,44,"Educational",3,"i3gndef1sg00","6","FAAt705","BEA_API"
1933,44,"Educational",6,"i3gndef1sg00","6","FAAt705","BEA_API"
1934,44,"Educational",7,"i3gndef1sg00","6","FAAt705","BEA_API"
1935,44,"Educational",9,"i3gndef1sg00","6","FAAt705","BEA_API"
1936,44,"Educational",8,"i3gndef1sg00","6","FAAt705","BEA_API"
1937,44,"Educational",7,"i3gndef1sg00","6","FAAt705","BEA_API"
1938,44,"Educational",7,"i3gndef1sg00","6","FAAt705","BEA_API"
1939,44,"Educational",7,"i3gndef1sg00","6","FAAt705","BEA_API"
1940,44,"Educational",95,"i3gndef1sg00","6","FAAt705","BEA_API"
1941,44,"Educational",95,"i3gndef1sg00","6","FAAt705","BEA_API"
1942,44,"Educational",72,"i3gndef1sg00","6","FAAt705","BEA_API"
1943,44,"Educational",70,"i3gndef1sg00","6","FAAt705","BEA_API"
1944,44,"Educational",34,"i3gndef1sg00","6","FAAt705","BEA_API"
1945,44,"Educational",31,"i3gndef1sg00","6","FAAt705","BEA_API"
1946,44,"Educational",47,"i3gndef1sg00","6","FAAt705","BEA_API"
1947,44,"Educational",40,"i3gndef1sg00","6","FAAt705","BEA_API"
1948,44,"Educational",48,"i3gndef1sg00","6","FAAt705","BEA_API"
1949,44,"Educational",58,"i3gndef1sg00","6","FAAt705","BEA_API"
1950,44,"Educational",63,"i3gndef1sg00","6","FAAt705","BEA_API"
1951,44,"Educational",64,"i3gndef1sg00","6","FAAt705","BEA_API"
1952,44,"Educational",71,"i3gndef1sg00","6","FAAt705","BEA_API"
1953,44,"Educational",74,"i3gndef1sg00","6","FAAt705","BEA_API"
1954,44,"Educational",70,"i3gndef1sg00","6","FAAt705","BEA_API"
1955,44,"Educational",60,"i3gndef1sg00","6","FAAt705","BEA_API"
1956,44,"Educational",56,"i3gndef1sg00","6","FAAt705","BEA_API"
1957,44,"Educational",59,"i3gndef1sg00","6","FAAt705","BEA_API"
1958,44,"Educational",69,"i3gndef1sg00","6","FAAt705","BEA_API"
1959,44,"Educational",82,"i3gndef1sg00","6","FAAt705","BEA_API"
1960,44,"Educational",95,"i3gndef1sg00","6","FAAt705","BEA_API"
1961,44,"Educational",105,"i3gndef1sg00","6","FAAt705","BEA_API"
1962,44,"Educational",118,"i3gndef1sg00","6","FAAt705","BEA_API"
1963,44,"Educational",137,"i3gndef1sg00","6","FAAt705","BEA_API"
1964,44,"Educational",146,"i3gndef1sg00","6","FAAt705","BEA_API"
1965,44,"Educational",160,"i3gndef1sg00","6","FAAt705","BEA_API"
1966,44,"Educational",155,"i3gndef1sg00","6","FAAt705","BEA_API"
1967,44,"Educational",143,"i3gndef1sg00","6","FAAt705","BEA_API"
1968,44,"Educational",133,"i3gndef1sg00","6","FAAt705","BEA_API"
1969,44,"Educational",115,"i3gndef1sg00","6","FAAt705","BEA_API"
1970,44,"Educational",123,"i3gndef1sg00","6","FAAt705","BEA_API"
1971,44,"Educational",151,"i3gndef1sg00","6","FAAt705","BEA_API"
1972,44,"Educational",170,"i3gndef1sg00","6","FAAt705","BEA_API"
1973,44,"Educational",204,"i3gndef1sg00","6","FAAt705","BEA_API"
1974,44,"Educational",233,"i3gndef1sg00","6","FAAt705","BEA_API"
1975,44,"Educational",269,"i3gndef1sg00","6","FAAt705","BEA_API"
1976,44,"Educational",281,"i3gndef1sg00","6","FAAt705","BEA_API"
1977,44,"Educational",321,"i3gndef1sg00","6","FAAt705","BEA_API"
1978,44,"Educational",383,"i3gndef1sg00","6","FAAt705","BEA_API"
1979,44,"Educational",400,"i3gndef1sg00","6","FAAt705","BEA_API"
1980,44,"Educational",443,"i3gndef1sg00","6","FAAt705","BEA_API"
1981,44,"Educational",450,"i3gndef1sg00","6","FAAt705","BEA_API"
1982,44,"Educational",395,"i3gndef1sg00","6","FAAt705","BEA_API"
1983,44,"Educational",393,"i3gndef1sg00","6","FAAt705","BEA_API"
1984,44,"Educational",437,"i3gndef1sg00","6","FAAt705","BEA_API"
1985,44,"Educational",377,"i3gndef1sg00","6","FAAt705","BEA_API"
1986,44,"Educational",397,"i3gndef1sg00","6","FAAt705","BEA_API"
1987,44,"Educational",431,"i3gndef1sg00","6","FAAt705","BEA_API"
1988,44,"Educational",390,"i3gndef1sg00","6","FAAt705","BEA_API"
1989,44,"Educational",383,"i3gndef1sg00","6","FAAt705","BEA_API"
1990,44,"Educational",450,"i3gndef1sg00","6","FAAt705","BEA_API"
1991,44,"Educational",572,"i3gndef1sg00","6","FAAt705","BEA_API"
1992,44,"Educational",653,"i3gndef1sg00","6","FAAt705","BEA_API"
1993,44,"Educational",724,"i3gndef1sg00","6","FAAt705","BEA_API"
1994,44,"Educational",709,"i3gndef1sg00","6","FAAt705","BEA_API"
1995,44,"Educational",717,"i3gndef1sg00","6","FAAt705","BEA_API"
1996,44,"Educational",755,"i3gndef1sg00","6","FAAt705","BEA_API"
1997,44,"Educational",356,"i3gndef1sg00","6","FAAt705","BEA_API"
1998,44,"Educational",306,"i3gndef1sg00","6","FAAt705","BEA_API"
1999,44,"Educational",277,"i3gndef1sg00","6","FAAt705","BEA_API"
2000,44,"Educational",366,"i3gndef1sg00","6","FAAt705","BEA_API"
2001,44,"Educational",536,"i3gndef1sg00","6","FAAt705","BEA_API"
2002,44,"Educational",750,"i3gndef1sg00","6","FAAt705","BEA_API"
2003,44,"Educational",657,"i3gndef1sg00","6","FAAt705","BEA_API"
2004,44,"Educational",754,"i3gndef1sg00","6","FAAt705","BEA_API"
2005,44,"Educational",343,"i3gndef1sg00","6","FAAt705","BEA_API"
2006,44,"Educational",289,"i3gndef1sg00","6","FAAt705","BEA_API"
2007,44,"Educational",383,"i3gndef1sg00","6","FAAt705","BEA_API"
2008,44,"Educational",389,"i3gndef1sg00","6","FAAt705","BEA_API"
2009,44,"Educational",433,"i3gndef1sg00","6","FAAt705","BEA_API"
2010,44,"Educational",379,"i3gndef1sg00","6","FAAt705","BEA_API"
2011,44,"Educational",455,"i3gndef1sg00","6","FAAt705","BEA_API"
2012,44,"Educational",463,"i3gndef1sg00","6","FAAt705","BEA_API"
2013,44,"Educational",539,"i3gndef1sg00","6","FAAt705","BEA_API"
2014,44,"Educational",491,"i3gndef1sg00","6","FAAt705","BEA_API"
2015,44,"Educational",426,"i3gndef1sg00","6","FAAt705","BEA_API"
2016,44,"Educational",278,"i3gndef1sg00","6","FAAt705","BEA_API"
2017,44,"Educational",210,"i3gndef1sg00","6","FAAt705","BEA_API"
2018,44,"Educational",317,"i3gndef1sg00","6","FAAt705","BEA_API"
2019,44,"Educational",210,"i3gndef1sg00","6","FAAt705","BEA_API"
2020,44,"Educational",103,"i3gndef1sg00","6","FAAt705","BEA_API"
2021,44,"Educational",106,"i3gndef1sg00","6","FAAt705","BEA_API"
2022,44,"Educational",117,"i3gndef1sg00","6","FAAt705","BEA_API"
2023,44,"Educational",240,"i3gndef1sg00","6","FAAt705","BEA_API"
2024,44,"Educational",269,"i3gndef1sg00","6","FAAt705","BEA_API"
1901,45,"Public safety",0,"i3gndef1si00","6","FAAt705","BEA_API"
1902,45,"Public safety",0,"i3gndef1si00","6","FAAt705","BEA_API"
1903,45,"Public safety",0,"i3gndef1si00","6","FAAt705","BEA_API"
1904,45,"Public safety",0,"i3gndef1si00","6","FAAt705","BEA_API"
1905,45,"Public safety",0,"i3gndef1si00","6","FAAt705","BEA_API"
1906,45,"Public safety",0,"i3gndef1si00","6","FAAt705","BEA_API"
1907,45,"Public safety",0,"i3gndef1si00","6","FAAt705","BEA_API"
1908,45,"Public safety",0,"i3gndef1si00","6","FAAt705","BEA_API"
1909,45,"Public safety",0,"i3gndef1si00","6","FAAt705","BEA_API"
1910,45,"Public safety",0,"i3gndef1si00","6","FAAt705","BEA_API"
1911,45,"Public safety",0,"i3gndef1si00","6","FAAt705","BEA_API"
1912,45,"Public safety",0,"i3gndef1si00","6","FAAt705","BEA_API"
1913,45,"Public safety",0,"i3gndef1si00","6","FAAt705","BEA_API"
1914,45,"Public safety",0,"i3gndef1si00","6","FAAt705","BEA_API"
1915,45,"Public safety",0,"i3gndef1si00","6","FAAt705","BEA_API"
1916,45,"Public safety",0,"i3gndef1si00","6","FAAt705","BEA_API"
1917,45,"Public safety",0,"i3gndef1si00","6","FAAt705","BEA_API"
1918,45,"Public safety",0,"i3gndef1si00","6","FAAt705","BEA_API"
1919,45,"Public safety",0,"i3gndef1si00","6","FAAt705","BEA_API"
1920,45,"Public safety",0,"i3gndef1si00","6","FAAt705","BEA_API"
1921,45,"Public safety",0,"i3gndef1si00","6","FAAt705","BEA_API"
1922,45,"Public safety",0,"i3gndef1si00","6","FAAt705","BEA_API"
1923,45,"Public safety",0,"i3gndef1si00","6","FAAt705","BEA_API"
1924,45,"Public safety",0,"i3gndef1si00","6","FAAt705","BEA_API"
1925,45,"Public safety",0,"i3gndef1si00","6","FAAt705","BEA_API"
1926,45,"Public safety",0,"i3gndef1si00","6","FAAt705","BEA_API"
1927,45,"Public safety",0,"i3gndef1si00","6","FAAt705","BEA_API"
1928,45,"Public safety",0,"i3gndef1si00","6","FAAt705","BEA_API"
1929,45,"Public safety",1,"i3gndef1si00","6","FAAt705","BEA_API"
1930,45,"Public safety",1,"i3gndef1si00","6","FAAt705","BEA_API"
1931,45,"Public safety",1,"i3gndef1si00","6","FAAt705","BEA_API"
1932,45,"Public safety",1,"i3gndef1si00","6","FAAt705","BEA_API"
1933,45,"Public safety",1,"i3gndef1si00","6","FAAt705","BEA_API"
1934,45,"Public safety",2,"i3gndef1si00","6","FAAt705","BEA_API"
1935,45,"Public safety",2,"i3gndef1si00","6","FAAt705","BEA_API"
1936,45,"Public safety",2,"i3gndef1si00","6","FAAt705","BEA_API"
1937,45,"Public safety",2,"i3gndef1si00","6","FAAt705","BEA_API"
1938,45,"Public safety",2,"i3gndef1si00","6","FAAt705","BEA_API"
1939,45,"Public safety",2,"i3gndef1si00","6","FAAt705","BEA_API"
1940,45,"Public safety",27,"i3gndef1si00","6","FAAt705","BEA_API"
1941,45,"Public safety",27,"i3gndef1si00","6","FAAt705","BEA_API"
1942,45,"Public safety",21,"i3gndef1si00","6","FAAt705","BEA_API"
1943,45,"Public safety",20,"i3gndef1si00","6","FAAt705","BEA_API"
1944,45,"Public safety",10,"i3gndef1si00","6","FAAt705","BEA_API"
1945,45,"Public safety",9,"i3gndef1si00","6","FAAt705","BEA_API"
1946,45,"Public safety",14,"i3gndef1si00","6","FAAt705","BEA_API"
1947,45,"Public safety",52,"i3gndef1si00","6","FAAt705","BEA_API"
1948,45,"Public safety",23,"i3gndef1si00","6","FAAt705","BEA_API"
1949,45,"Public safety",29,"i3gndef1si00","6","FAAt705","BEA_API"
1950,45,"Public safety",39,"i3gndef1si00","6","FAAt705","BEA_API"
1951,45,"Public safety",26,"i3gndef1si00","6","FAAt705","BEA_API"
1952,45,"Public safety",25,"i3gndef1si00","6","FAAt705","BEA_API"
1953,45,"Public safety",24,"i3gndef1si00","6","FAAt705","BEA_API"
1954,45,"Public safety",22,"i3gndef1si00","6","FAAt705","BEA_API"
1955,45,"Public safety",18,"i3gndef1si00","6","FAAt705","BEA_API"
1956,45,"Public safety",14,"i3gndef1si00","6","FAAt705","BEA_API"
1957,45,"Public safety",27,"i3gndef1si00","6","FAAt705","BEA_API"
1958,45,"Public safety",14,"i3gndef1si00","6","FAAt705","BEA_API"
1959,45,"Public safety",62,"i3gndef1si00","6","FAAt705","BEA_API"
1960,45,"Public safety",95,"i3gndef1si00","6","FAAt705","BEA_API"
1961,45,"Public safety",125,"i3gndef1si00","6","FAAt705","BEA_API"
1962,45,"Public safety",132,"i3gndef1si00","6","FAAt705","BEA_API"
1963,45,"Public safety",131,"i3gndef1si00","6","FAAt705","BEA_API"
1964,45,"Public safety",114,"i3gndef1si00","6","FAAt705","BEA_API"
1965,45,"Public safety",111,"i3gndef1si00","6","FAAt705","BEA_API"
1966,45,"Public safety",160,"i3gndef1si00","6","FAAt705","BEA_API"
1967,45,"Public safety",159,"i3gndef1si00","6","FAAt705","BEA_API"
1968,45,"Public safety",196,"i3gndef1si00","6","FAAt705","BEA_API"
1969,45,"Public safety",201,"i3gndef1si00","6","FAAt705","BEA_API"
1970,45,"Public safety",258,"i3gndef1si00","6","FAAt705","BEA_API"
1971,45,"Public safety",275,"i3gndef1si00","6","FAAt705","BEA_API"
1972,45,"Public safety",304,"i3gndef1si00","6","FAAt705","BEA_API"
1973,45,"Public safety",347,"i3gndef1si00","6","FAAt705","BEA_API"
1974,45,"Public safety",449,"i3gndef1si00","6","FAAt705","BEA_API"
1975,45,"Public safety",593,"i3gndef1si00","6","FAAt705","BEA_API"
1976,45,"Public safety",591,"i3gndef1si00","6","FAAt705","BEA_API"
1977,45,"Public safety",716,"i3gndef1si00","6","FAAt705","BEA_API"
1978,45,"Public safety",957,"i3gndef1si00","6","FAAt705","BEA_API"
1979,45,"Public safety",1010,"i3gndef1si00","6","FAAt705","BEA_API"
1980,45,"Public safety",1139,"i3gndef1si00","6","FAAt705","BEA_API"
1981,45,"Public safety",1223,"i3gndef1si00","6","FAAt705","BEA_API"
1982,45,"Public safety",1164,"i3gndef1si00","6","FAAt705","BEA_API"
1983,45,"Public safety",1083,"i3gndef1si00","6","FAAt705","BEA_API"
1984,45,"Public safety",1514,"i3gndef1si00","6","FAAt705","BEA_API"
1985,45,"Public safety",909,"i3gndef1si00","6","FAAt705","BEA_API"
1986,45,"Public safety",1284,"i3gndef1si00","6","FAAt705","BEA_API"
1987,45,"Public safety",1349,"i3gndef1si00","6","FAAt705","BEA_API"
1988,45,"Public safety",711,"i3gndef1si00","6","FAAt705","BEA_API"
1989,45,"Public safety",771,"i3gndef1si00","6","FAAt705","BEA_API"
1990,45,"Public safety",1213,"i3gndef1si00","6","FAAt705","BEA_API"
1991,45,"Public safety",1396,"i3gndef1si00","6","FAAt705","BEA_API"
1992,45,"Public safety",1831,"i3gndef1si00","6","FAAt705","BEA_API"
1993,45,"Public safety",2114,"i3gndef1si00","6","FAAt705","BEA_API"
1994,45,"Public safety",1960,"i3gndef1si00","6","FAAt705","BEA_API"
1995,45,"Public safety",1903,"i3gndef1si00","6","FAAt705","BEA_API"
1996,45,"Public safety",1905,"i3gndef1si00","6","FAAt705","BEA_API"
1997,45,"Public safety",2042,"i3gndef1si00","6","FAAt705","BEA_API"
1998,45,"Public safety",2043,"i3gndef1si00","6","FAAt705","BEA_API"
1999,45,"Public safety",1907,"i3gndef1si00","6","FAAt705","BEA_API"
2000,45,"Public safety",1661,"i3gndef1si00","6","FAAt705","BEA_API"
2001,45,"Public safety",1201,"i3gndef1si00","6","FAAt705","BEA_API"
2002,45,"Public safety",1337,"i3gndef1si00","6","FAAt705","BEA_API"
2003,45,"Public safety",832,"i3gndef1si00","6","FAAt705","BEA_API"
2004,45,"Public safety",460,"i3gndef1si00","6","FAAt705","BEA_API"
2005,45,"Public safety",270,"i3gndef1si00","6","FAAt705","BEA_API"
2006,45,"Public safety",247,"i3gndef1si00","6","FAAt705","BEA_API"
2007,45,"Public safety",519,"i3gndef1si00","6","FAAt705","BEA_API"
2008,45,"Public safety",533,"i3gndef1si00","6","FAAt705","BEA_API"
2009,45,"Public safety",453,"i3gndef1si00","6","FAAt705","BEA_API"
2010,45,"Public safety",448,"i3gndef1si00","6","FAAt705","BEA_API"
2011,45,"Public safety",791,"i3gndef1si00","6","FAAt705","BEA_API"
2012,45,"Public safety",560,"i3gndef1si00","6","FAAt705","BEA_API"
2013,45,"Public safety",183,"i3gndef1si00","6","FAAt705","BEA_API"
2014,45,"Public safety",183,"i3gndef1si00","6","FAAt705","BEA_API"
2015,45,"Public safety",129,"i3gndef1si00","6","FAAt705","BEA_API"
2016,45,"Public safety",320,"i3gndef1si00","6","FAAt705","BEA_API"
2017,45,"Public safety",472,"i3gndef1si00","6","FAAt705","BEA_API"
2018,45,"Public safety",433,"i3gndef1si00","6","FAAt705","BEA_API"
2019,45,"Public safety",1953,"i3gndef1si00","6","FAAt705","BEA_API"
2020,45,"Public safety",6360,"i3gndef1si00","6","FAAt705","BEA_API"
2021,45,"Public safety",1874,"i3gndef1si00","6","FAAt705","BEA_API"
2022,45,"Public safety",506,"i3gndef1si00","6","FAAt705","BEA_API"
2023,45,"Public safety",292,"i3gndef1si00","6","FAAt705","BEA_API"
2024,45,"Public safety",371,"i3gndef1si00","6","FAAt705","BEA_API"
1901,46,"Amusement and recreation",0,"i3gndef1sk00","6","FAAt705","BEA_API"
1902,46,"Amusement and recreation",0,"i3gndef1sk00","6","FAAt705","BEA_API"
1903,46,"Amusement and recreation",0,"i3gndef1sk00","6","FAAt705","BEA_API"
1904,46,"Amusement and recreation",0,"i3gndef1sk00","6","FAAt705","BEA_API"
1905,46,"Amusement and recreation",0,"i3gndef1sk00","6","FAAt705","BEA_API"
1906,46,"Amusement and recreation",0,"i3gndef1sk00","6","FAAt705","BEA_API"
1907,46,"Amusement and recreation",0,"i3gndef1sk00","6","FAAt705","BEA_API"
1908,46,"Amusement and recreation",0,"i3gndef1sk00","6","FAAt705","BEA_API"
1909,46,"Amusement and recreation",0,"i3gndef1sk00","6","FAAt705","BEA_API"
1910,46,"Amusement and recreation",0,"i3gndef1sk00","6","FAAt705","BEA_API"
1911,46,"Amusement and recreation",0,"i3gndef1sk00","6","FAAt705","BEA_API"
1912,46,"Amusement and recreation",0,"i3gndef1sk00","6","FAAt705","BEA_API"
1913,46,"Amusement and recreation",0,"i3gndef1sk00","6","FAAt705","BEA_API"
1914,46,"Amusement and recreation",0,"i3gndef1sk00","6","FAAt705","BEA_API"
1915,46,"Amusement and recreation",0,"i3gndef1sk00","6","FAAt705","BEA_API"
1916,46,"Amusement and recreation",0,"i3gndef1sk00","6","FAAt705","BEA_API"
1917,46,"Amusement and recreation",0,"i3gndef1sk00","6","FAAt705","BEA_API"
1918,46,"Amusement and recreation",0,"i3gndef1sk00","6","FAAt705","BEA_API"
1919,46,"Amusement and recreation",0,"i3gndef1sk00","6","FAAt705","BEA_API"
1920,46,"Amusement and recreation",0,"i3gndef1sk00","6","FAAt705","BEA_API"
1921,46,"Amusement and recreation",0,"i3gndef1sk00","6","FAAt705","BEA_API"
1922,46,"Amusement and recreation",0,"i3gndef1sk00","6","FAAt705","BEA_API"
1923,46,"Amusement and recreation",0,"i3gndef1sk00","6","FAAt705","BEA_API"
1924,46,"Amusement and recreation",0,"i3gndef1sk00","6","FAAt705","BEA_API"
1925,46,"Amusement and recreation",0,"i3gndef1sk00","6","FAAt705","BEA_API"
1926,46,"Amusement and recreation",0,"i3gndef1sk00","6","FAAt705","BEA_API"
1927,46,"Amusement and recreation",0,"i3gndef1sk00","6","FAAt705","BEA_API"
1928,46,"Amusement and recreation",0,"i3gndef1sk00","6","FAAt705","BEA_API"
1929,46,"Amusement and recreation",1,"i3gndef1sk00","6","FAAt705","BEA_API"
1930,46,"Amusement and recreation",2,"i3gndef1sk00","6","FAAt705","BEA_API"
1931,46,"Amusement and recreation",2,"i3gndef1sk00","6","FAAt705","BEA_API"
1932,46,"Amusement and recreation",3,"i3gndef1sk00","6","FAAt705","BEA_API"
1933,46,"Amusement and recreation",5,"i3gndef1sk00","6","FAAt705","BEA_API"
1934,46,"Amusement and recreation",6,"i3gndef1sk00","6","FAAt705","BEA_API"
1935,46,"Amusement and recreation",8,"i3gndef1sk00","6","FAAt705","BEA_API"
1936,46,"Amusement and recreation",8,"i3gndef1sk00","6","FAAt705","BEA_API"
1937,46,"Amusement and recreation",7,"i3gndef1sk00","6","FAAt705","BEA_API"
1938,46,"Amusement and recreation",7,"i3gndef1sk00","6","FAAt705","BEA_API"
1939,46,"Amusement and recreation",7,"i3gndef1sk00","6","FAAt705","BEA_API"
1940,46,"Amusement and recreation",7,"i3gndef1sk00","6","FAAt705","BEA_API"
1941,46,"Amusement and recreation",7,"i3gndef1sk00","6","FAAt705","BEA_API"
1942,46,"Amusement and recreation",5,"i3gndef1sk00","6","FAAt705","BEA_API"
1943,46,"Amusement and recreation",5,"i3gndef1sk00","6","FAAt705","BEA_API"
1944,46,"Amusement and recreation",2,"i3gndef1sk00","6","FAAt705","BEA_API"
1945,46,"Amusement and recreation",2,"i3gndef1sk00","6","FAAt705","BEA_API"
1946,46,"Amusement and recreation",3,"i3gndef1sk00","6","FAAt705","BEA_API"
1947,46,"Amusement and recreation",20,"i3gndef1sk00","6","FAAt705","BEA_API"
1948,46,"Amusement and recreation",31,"i3gndef1sk00","6","FAAt705","BEA_API"
1949,46,"Amusement and recreation",49,"i3gndef1sk00","6","FAAt705","BEA_API"
1950,46,"Amusement and recreation",51,"i3gndef1sk00","6","FAAt705","BEA_API"
1951,46,"Amusement and recreation",49,"i3gndef1sk00","6","FAAt705","BEA_API"
1952,46,"Amusement and recreation",53,"i3gndef1sk00","6","FAAt705","BEA_API"
1953,46,"Amusement and recreation",56,"i3gndef1sk00","6","FAAt705","BEA_API"
1954,46,"Amusement and recreation",49,"i3gndef1sk00","6","FAAt705","BEA_API"
1955,46,"Amusement and recreation",37,"i3gndef1sk00","6","FAAt705","BEA_API"
1956,46,"Amusement and recreation",45,"i3gndef1sk00","6","FAAt705","BEA_API"
1957,46,"Amusement and recreation",55,"i3gndef1sk00","6","FAAt705","BEA_API"
1958,46,"Amusement and recreation",71,"i3gndef1sk00","6","FAAt705","BEA_API"
1959,46,"Amusement and recreation",87,"i3gndef1sk00","6","FAAt705","BEA_API"
1960,46,"Amusement and recreation",102,"i3gndef1sk00","6","FAAt705","BEA_API"
1961,46,"Amusement and recreation",118,"i3gndef1sk00","6","FAAt705","BEA_API"
1962,46,"Amusement and recreation",134,"i3gndef1sk00","6","FAAt705","BEA_API"
1963,46,"Amusement and recreation",147,"i3gndef1sk00","6","FAAt705","BEA_API"
1964,46,"Amusement and recreation",158,"i3gndef1sk00","6","FAAt705","BEA_API"
1965,46,"Amusement and recreation",169,"i3gndef1sk00","6","FAAt705","BEA_API"
1966,46,"Amusement and recreation",175,"i3gndef1sk00","6","FAAt705","BEA_API"
1967,46,"Amusement and recreation",112,"i3gndef1sk00","6","FAAt705","BEA_API"
1968,46,"Amusement and recreation",97,"i3gndef1sk00","6","FAAt705","BEA_API"
1969,46,"Amusement and recreation",76,"i3gndef1sk00","6","FAAt705","BEA_API"
1970,46,"Amusement and recreation",73,"i3gndef1sk00","6","FAAt705","BEA_API"
1971,46,"Amusement and recreation",101,"i3gndef1sk00","6","FAAt705","BEA_API"
1972,46,"Amusement and recreation",117,"i3gndef1sk00","6","FAAt705","BEA_API"
1973,46,"Amusement and recreation",148,"i3gndef1sk00","6","FAAt705","BEA_API"
1974,46,"Amusement and recreation",155,"i3gndef1sk00","6","FAAt705","BEA_API"
1975,46,"Amusement and recreation",170,"i3gndef1sk00","6","FAAt705","BEA_API"
1976,46,"Amusement and recreation",186,"i3gndef1sk00","6","FAAt705","BEA_API"
1977,46,"Amusement and recreation",208,"i3gndef1sk00","6","FAAt705","BEA_API"
1978,46,"Amusement and recreation",231,"i3gndef1sk00","6","FAAt705","BEA_API"
1979,46,"Amusement and recreation",246,"i3gndef1sk00","6","FAAt705","BEA_API"
1980,46,"Amusement and recreation",273,"i3gndef1sk00","6","FAAt705","BEA_API"
1981,46,"Amusement and recreation",272,"i3gndef1sk00","6","FAAt705","BEA_API"
1982,46,"Amusement and recreation",208,"i3gndef1sk00","6","FAAt705","BEA_API"
1983,46,"Amusement and recreation",221,"i3gndef1sk00","6","FAAt705","BEA_API"
1984,46,"Amusement and recreation",177,"i3gndef1sk00","6","FAAt705","BEA_API"
1985,46,"Amusement and recreation",243,"i3gndef1sk00","6","FAAt705","BEA_API"
1986,46,"Amusement and recreation",180,"i3gndef1sk00","6","FAAt705","BEA_API"
1987,46,"Amusement and recreation",224,"i3gndef1sk00","6","FAAt705","BEA_API"
1988,46,"Amusement and recreation",326,"i3gndef1sk00","6","FAAt705","BEA_API"
1989,46,"Amusement and recreation",299,"i3gndef1sk00","6","FAAt705","BEA_API"
1990,46,"Amusement and recreation",300,"i3gndef1sk00","6","FAAt705","BEA_API"
1991,46,"Amusement and recreation",446,"i3gndef1sk00","6","FAAt705","BEA_API"
1992,46,"Amusement and recreation",450,"i3gndef1sk00","6","FAAt705","BEA_API"
1993,46,"Amusement and recreation",518,"i3gndef1sk00","6","FAAt705","BEA_API"
1994,46,"Amusement and recreation",516,"i3gndef1sk00","6","FAAt705","BEA_API"
1995,46,"Amusement and recreation",562,"i3gndef1sk00","6","FAAt705","BEA_API"
1996,46,"Amusement and recreation",639,"i3gndef1sk00","6","FAAt705","BEA_API"
1997,46,"Amusement and recreation",624,"i3gndef1sk00","6","FAAt705","BEA_API"
1998,46,"Amusement and recreation",627,"i3gndef1sk00","6","FAAt705","BEA_API"
1999,46,"Amusement and recreation",641,"i3gndef1sk00","6","FAAt705","BEA_API"
2000,46,"Amusement and recreation",610,"i3gndef1sk00","6","FAAt705","BEA_API"
2001,46,"Amusement and recreation",446,"i3gndef1sk00","6","FAAt705","BEA_API"
2002,46,"Amusement and recreation",390,"i3gndef1sk00","6","FAAt705","BEA_API"
2003,46,"Amusement and recreation",417,"i3gndef1sk00","6","FAAt705","BEA_API"
2004,46,"Amusement and recreation",259,"i3gndef1sk00","6","FAAt705","BEA_API"
2005,46,"Amusement and recreation",237,"i3gndef1sk00","6","FAAt705","BEA_API"
2006,46,"Amusement and recreation",143,"i3gndef1sk00","6","FAAt705","BEA_API"
2007,46,"Amusement and recreation",188,"i3gndef1sk00","6","FAAt705","BEA_API"
2008,46,"Amusement and recreation",228,"i3gndef1sk00","6","FAAt705","BEA_API"
2009,46,"Amusement and recreation",250,"i3gndef1sk00","6","FAAt705","BEA_API"
2010,46,"Amusement and recreation",640,"i3gndef1sk00","6","FAAt705","BEA_API"
2011,46,"Amusement and recreation",518,"i3gndef1sk00","6","FAAt705","BEA_API"
2012,46,"Amusement and recreation",236,"i3gndef1sk00","6","FAAt705","BEA_API"
2013,46,"Amusement and recreation",150,"i3gndef1sk00","6","FAAt705","BEA_API"
2014,46,"Amusement and recreation",245,"i3gndef1sk00","6","FAAt705","BEA_API"
2015,46,"Amusement and recreation",332,"i3gndef1sk00","6","FAAt705","BEA_API"
2016,46,"Amusement and recreation",330,"i3gndef1sk00","6","FAAt705","BEA_API"
2017,46,"Amusement and recreation",436,"i3gndef1sk00","6","FAAt705","BEA_API"
2018,46,"Amusement and recreation",386,"i3gndef1sk00","6","FAAt705","BEA_API"
2019,46,"Amusement and recreation",365,"i3gndef1sk00","6","FAAt705","BEA_API"
2020,46,"Amusement and recreation",441,"i3gndef1sk00","6","FAAt705","BEA_API"
2021,46,"Amusement and recreation",512,"i3gndef1sk00","6","FAAt705","BEA_API"
2022,46,"Amusement and recreation",557,"i3gndef1sk00","6","FAAt705","BEA_API"
2023,46,"Amusement and recreation",680,"i3gndef1sk00","6","FAAt705","BEA_API"
2024,46,"Amusement and recreation",753,"i3gndef1sk00","6","FAAt705","BEA_API"
1901,47,"Transportation",0,"i3gndef1sn00","6","FAAt705","BEA_API"
1902,47,"Transportation",0,"i3gndef1sn00","6","FAAt705","BEA_API"
1903,47,"Transportation",0,"i3gndef1sn00","6","FAAt705","BEA_API"
1904,47,"Transportation",0,"i3gndef1sn00","6","FAAt705","BEA_API"
1905,47,"Transportation",0,"i3gndef1sn00","6","FAAt705","BEA_API"
1906,47,"Transportation",0,"i3gndef1sn00","6","FAAt705","BEA_API"
1907,47,"Transportation",0,"i3gndef1sn00","6","FAAt705","BEA_API"
1908,47,"Transportation",0,"i3gndef1sn00","6","FAAt705","BEA_API"
1909,47,"Transportation",0,"i3gndef1sn00","6","FAAt705","BEA_API"
1910,47,"Transportation",0,"i3gndef1sn00","6","FAAt705","BEA_API"
1911,47,"Transportation",0,"i3gndef1sn00","6","FAAt705","BEA_API"
1912,47,"Transportation",0,"i3gndef1sn00","6","FAAt705","BEA_API"
1913,47,"Transportation",0,"i3gndef1sn00","6","FAAt705","BEA_API"
1914,47,"Transportation",0,"i3gndef1sn00","6","FAAt705","BEA_API"
1915,47,"Transportation",0,"i3gndef1sn00","6","FAAt705","BEA_API"
1916,47,"Transportation",0,"i3gndef1sn00","6","FAAt705","BEA_API"
1917,47,"Transportation",0,"i3gndef1sn00","6","FAAt705","BEA_API"
1918,47,"Transportation",0,"i3gndef1sn00","6","FAAt705","BEA_API"
1919,47,"Transportation",0,"i3gndef1sn00","6","FAAt705","BEA_API"
1920,47,"Transportation",0,"i3gndef1sn00","6","FAAt705","BEA_API"
1921,47,"Transportation",0,"i3gndef1sn00","6","FAAt705","BEA_API"
1922,47,"Transportation",0,"i3gndef1sn00","6","FAAt705","BEA_API"
1923,47,"Transportation",0,"i3gndef1sn00","6","FAAt705","BEA_API"
1924,47,"Transportation",0,"i3gndef1sn00","6","FAAt705","BEA_API"
1925,47,"Transportation",0,"i3gndef1sn00","6","FAAt705","BEA_API"
1926,47,"Transportation",0,"i3gndef1sn00","6","FAAt705","BEA_API"
1927,47,"Transportation",0,"i3gndef1sn00","6","FAAt705","BEA_API"
1928,47,"Transportation",0,"i3gndef1sn00","6","FAAt705","BEA_API"
1929,47,"Transportation",3,"i3gndef1sn00","6","FAAt705","BEA_API"
1930,47,"Transportation",4,"i3gndef1sn00","6","FAAt705","BEA_API"
1931,47,"Transportation",5,"i3gndef1sn00","6","FAAt705","BEA_API"
1932,47,"Transportation",6,"i3gndef1sn00","6","FAAt705","BEA_API"
1933,47,"Transportation",9,"i3gndef1sn00","6","FAAt705","BEA_API"
1934,47,"Transportation",11,"i3gndef1sn00","6","FAAt705","BEA_API"
1935,47,"Transportation",15,"i3gndef1sn00","6","FAAt705","BEA_API"
1936,47,"Transportation",14,"i3gndef1sn00","6","FAAt705","BEA_API"
1937,47,"Transportation",13,"i3gndef1sn00","6","FAAt705","BEA_API"
1938,47,"Transportation",12,"i3gndef1sn00","6","FAAt705","BEA_API"
1939,47,"Transportation",12,"i3gndef1sn00","6","FAAt705","BEA_API"
1940,47,"Transportation",15,"i3gndef1sn00","6","FAAt705","BEA_API"
1941,47,"Transportation",16,"i3gndef1sn00","6","FAAt705","BEA_API"
1942,47,"Transportation",12,"i3gndef1sn00","6","FAAt705","BEA_API"
1943,47,"Transportation",11,"i3gndef1sn00","6","FAAt705","BEA_API"
1944,47,"Transportation",6,"i3gndef1sn00","6","FAAt705","BEA_API"
1945,47,"Transportation",5,"i3gndef1sn00","6","FAAt705","BEA_API"
1946,47,"Transportation",8,"i3gndef1sn00","6","FAAt705","BEA_API"
1947,47,"Transportation",29,"i3gndef1sn00","6","FAAt705","BEA_API"
1948,47,"Transportation",43,"i3gndef1sn00","6","FAAt705","BEA_API"
1949,47,"Transportation",51,"i3gndef1sn00","6","FAAt705","BEA_API"
1950,47,"Transportation",55,"i3gndef1sn00","6","FAAt705","BEA_API"
1951,47,"Transportation",58,"i3gndef1sn00","6","FAAt705","BEA_API"
1952,47,"Transportation",66,"i3gndef1sn00","6","FAAt705","BEA_API"
1953,47,"Transportation",70,"i3gndef1sn00","6","FAAt705","BEA_API"
1954,47,"Transportation",62,"i3gndef1sn00","6","FAAt705","BEA_API"
1955,47,"Transportation",52,"i3gndef1sn00","6","FAAt705","BEA_API"
1956,47,"Transportation",56,"i3gndef1sn00","6","FAAt705","BEA_API"
1957,47,"Transportation",66,"i3gndef1sn00","6","FAAt705","BEA_API"
1958,47,"Transportation",76,"i3gndef1sn00","6","FAAt705","BEA_API"
1959,47,"Transportation",78,"i3gndef1sn00","6","FAAt705","BEA_API"
1960,47,"Transportation",80,"i3gndef1sn00","6","FAAt705","BEA_API"
1961,47,"Transportation",94,"i3gndef1sn00","6","FAAt705","BEA_API"
1962,47,"Transportation",100,"i3gndef1sn00","6","FAAt705","BEA_API"
1963,47,"Transportation",109,"i3gndef1sn00","6","FAAt705","BEA_API"
1964,47,"Transportation",113,"i3gndef1sn00","6","FAAt705","BEA_API"
1965,47,"Transportation",124,"i3gndef1sn00","6","FAAt705","BEA_API"
1966,47,"Transportation",133,"i3gndef1sn00","6","FAAt705","BEA_API"
1967,47,"Transportation",97,"i3gndef1sn00","6","FAAt705","BEA_API"
1968,47,"Transportation",83,"i3gndef1sn00","6","FAAt705","BEA_API"
1969,47,"Transportation",61,"i3gndef1sn00","6","FAAt705","BEA_API"
1970,47,"Transportation",57,"i3gndef1sn00","6","FAAt705","BEA_API"
1971,47,"Transportation",77,"i3gndef1sn00","6","FAAt705","BEA_API"
1972,47,"Transportation",89,"i3gndef1sn00","6","FAAt705","BEA_API"
1973,47,"Transportation",111,"i3gndef1sn00","6","FAAt705","BEA_API"
1974,47,"Transportation",116,"i3gndef1sn00","6","FAAt705","BEA_API"
1975,47,"Transportation",119,"i3gndef1sn00","6","FAAt705","BEA_API"
1976,47,"Transportation",131,"i3gndef1sn00","6","FAAt705","BEA_API"
1977,47,"Transportation",139,"i3gndef1sn00","6","FAAt705","BEA_API"
1978,47,"Transportation",145,"i3gndef1sn00","6","FAAt705","BEA_API"
1979,47,"Transportation",150,"i3gndef1sn00","6","FAAt705","BEA_API"
1980,47,"Transportation",164,"i3gndef1sn00","6","FAAt705","BEA_API"
1981,47,"Transportation",150,"i3gndef1sn00","6","FAAt705","BEA_API"
1982,47,"Transportation",113,"i3gndef1sn00","6","FAAt705","BEA_API"
1983,47,"Transportation",126,"i3gndef1sn00","6","FAAt705","BEA_API"
1984,47,"Transportation",75,"i3gndef1sn00","6","FAAt705","BEA_API"
1985,47,"Transportation",146,"i3gndef1sn00","6","FAAt705","BEA_API"
1986,47,"Transportation",93,"i3gndef1sn00","6","FAAt705","BEA_API"
1987,47,"Transportation",111,"i3gndef1sn00","6","FAAt705","BEA_API"
1988,47,"Transportation",206,"i3gndef1sn00","6","FAAt705","BEA_API"
1989,47,"Transportation",188,"i3gndef1sn00","6","FAAt705","BEA_API"
1990,47,"Transportation",160,"i3gndef1sn00","6","FAAt705","BEA_API"
1991,47,"Transportation",231,"i3gndef1sn00","6","FAAt705","BEA_API"
1992,47,"Transportation",216,"i3gndef1sn00","6","FAAt705","BEA_API"
1993,47,"Transportation",210,"i3gndef1sn00","6","FAAt705","BEA_API"
1994,47,"Transportation",232,"i3gndef1sn00","6","FAAt705","BEA_API"
1995,47,"Transportation",249,"i3gndef1sn00","6","FAAt705","BEA_API"
1996,47,"Transportation",335,"i3gndef1sn00","6","FAAt705","BEA_API"
1997,47,"Transportation",377,"i3gndef1sn00","6","FAAt705","BEA_API"
1998,47,"Transportation",368,"i3gndef1sn00","6","FAAt705","BEA_API"
1999,47,"Transportation",388,"i3gndef1sn00","6","FAAt705","BEA_API"
2000,47,"Transportation",383,"i3gndef1sn00","6","FAAt705","BEA_API"
2001,47,"Transportation",408,"i3gndef1sn00","6","FAAt705","BEA_API"
2002,47,"Transportation",610,"i3gndef1sn00","6","FAAt705","BEA_API"
2003,47,"Transportation",326,"i3gndef1sn00","6","FAAt705","BEA_API"
2004,47,"Transportation",399,"i3gndef1sn00","6","FAAt705","BEA_API"
2005,47,"Transportation",241,"i3gndef1sn00","6","FAAt705","BEA_API"
2006,47,"Transportation",181,"i3gndef1sn00","6","FAAt705","BEA_API"
2007,47,"Transportation",290,"i3gndef1sn00","6","FAAt705","BEA_API"
2008,47,"Transportation",302,"i3gndef1sn00","6","FAAt705","BEA_API"
2009,47,"Transportation",318,"i3gndef1sn00","6","FAAt705","BEA_API"
2010,47,"Transportation",288,"i3gndef1sn00","6","FAAt705","BEA_API"
2011,47,"Transportation",374,"i3gndef1sn00","6","FAAt705","BEA_API"
2012,47,"Transportation",241,"i3gndef1sn00","6","FAAt705","BEA_API"
2013,47,"Transportation",254,"i3gndef1sn00","6","FAAt705","BEA_API"
2014,47,"Transportation",211,"i3gndef1sn00","6","FAAt705","BEA_API"
2015,47,"Transportation",333,"i3gndef1sn00","6","FAAt705","BEA_API"
2016,47,"Transportation",433,"i3gndef1sn00","6","FAAt705","BEA_API"
2017,47,"Transportation",299,"i3gndef1sn00","6","FAAt705","BEA_API"
2018,47,"Transportation",280,"i3gndef1sn00","6","FAAt705","BEA_API"
2019,47,"Transportation",276,"i3gndef1sn00","6","FAAt705","BEA_API"
2020,47,"Transportation",348,"i3gndef1sn00","6","FAAt705","BEA_API"
2021,47,"Transportation",311,"i3gndef1sn00","6","FAAt705","BEA_API"
2022,47,"Transportation",763,"i3gndef1sn00","6","FAAt705","BEA_API"
2023,47,"Transportation",1095,"i3gndef1sn00","6","FAAt705","BEA_API"
2024,47,"Transportation",1262,"i3gndef1sn00","6","FAAt705","BEA_API"
1949,48,"Power",34,"i3gndef1sp00","6","FAAt705","BEA_API"
1950,48,"Power",34,"i3gndef1sp00","6","FAAt705","BEA_API"
1951,48,"Power",18,"i3gndef1sp00","6","FAAt705","BEA_API"
1952,48,"Power",8,"i3gndef1sp00","6","FAAt705","BEA_API"
1953,48,"Power",8,"i3gndef1sp00","6","FAAt705","BEA_API"
1954,48,"Power",8,"i3gndef1sp00","6","FAAt705","BEA_API"
1955,48,"Power",4,"i3gndef1sp00","6","FAAt705","BEA_API"
1956,48,"Power",8,"i3gndef1sp00","6","FAAt705","BEA_API"
1957,48,"Power",8,"i3gndef1sp00","6","FAAt705","BEA_API"
1958,48,"Power",12,"i3gndef1sp00","6","FAAt705","BEA_API"
1959,48,"Power",16,"i3gndef1sp00","6","FAAt705","BEA_API"
1960,48,"Power",16,"i3gndef1sp00","6","FAAt705","BEA_API"
1961,48,"Power",15,"i3gndef1sp00","6","FAAt705","BEA_API"
1962,48,"Power",16,"i3gndef1sp00","6","FAAt705","BEA_API"
1963,48,"Power",20,"i3gndef1sp00","6","FAAt705","BEA_API"
1964,48,"Power",28,"i3gndef1sp00","6","FAAt705","BEA_API"
1965,48,"Power",32,"i3gndef1sp00","6","FAAt705","BEA_API"
1966,48,"Power",26,"i3gndef1sp00","6","FAAt705","BEA_API"
1967,48,"Power",16,"i3gndef1sp00","6","FAAt705","BEA_API"
1968,48,"Power",12,"i3gndef1sp00","6","FAAt705","BEA_API"
1969,48,"Power",12,"i3gndef1sp00","6","FAAt705","BEA_API"
1970,48,"Power",8,"i3gndef1sp00","6","FAAt705","BEA_API"
1971,48,"Power",8,"i3gndef1sp00","6","FAAt705","BEA_API"
1972,48,"Power",8,"i3gndef1sp00","6","FAAt705","BEA_API"
1973,48,"Power",12,"i3gndef1sp00","6","FAAt705","BEA_API"
1974,48,"Power",12,"i3gndef1sp00","6","FAAt705","BEA_API"
1975,48,"Power",5,"i3gndef1sp00","6","FAAt705","BEA_API"
1976,48,"Power",16,"i3gndef1sp00","6","FAAt705","BEA_API"
1977,48,"Power",12,"i3gndef1sp00","6","FAAt705","BEA_API"
1978,48,"Power",12,"i3gndef1sp00","6","FAAt705","BEA_API"
1979,48,"Power",12,"i3gndef1sp00","6","FAAt705","BEA_API"
1980,48,"Power",12,"i3gndef1sp00","6","FAAt705","BEA_API"
1981,48,"Power",16,"i3gndef1sp00","6","FAAt705","BEA_API"
1982,48,"Power",12,"i3gndef1sp00","6","FAAt705","BEA_API"
1983,48,"Power",20,"i3gndef1sp00","6","FAAt705","BEA_API"
1984,48,"Power",26,"i3gndef1sp00","6","FAAt705","BEA_API"
1985,48,"Power",38,"i3gndef1sp00","6","FAAt705","BEA_API"
1986,48,"Power",46,"i3gndef1sp00","6","FAAt705","BEA_API"
1987,48,"Power",67,"i3gndef1sp00","6","FAAt705","BEA_API"
1988,48,"Power",41,"i3gndef1sp00","6","FAAt705","BEA_API"
1989,48,"Power",36,"i3gndef1sp00","6","FAAt705","BEA_API"
1990,48,"Power",57,"i3gndef1sp00","6","FAAt705","BEA_API"
1991,48,"Power",63,"i3gndef1sp00","6","FAAt705","BEA_API"
1992,48,"Power",56,"i3gndef1sp00","6","FAAt705","BEA_API"
1993,48,"Power",21,"i3gndef1sp00","6","FAAt705","BEA_API"
1994,48,"Power",42,"i3gndef1sp00","6","FAAt705","BEA_API"
1995,48,"Power",54,"i3gndef1sp00","6","FAAt705","BEA_API"
1996,48,"Power",68,"i3gndef1sp00","6","FAAt705","BEA_API"
1997,48,"Power",66,"i3gndef1sp00","6","FAAt705","BEA_API"
1998,48,"Power",61,"i3gndef1sp00","6","FAAt705","BEA_API"
1999,48,"Power",57,"i3gndef1sp00","6","FAAt705","BEA_API"
2000,48,"Power",71,"i3gndef1sp00","6","FAAt705","BEA_API"
2001,48,"Power",202,"i3gndef1sp00","6","FAAt705","BEA_API"
2002,48,"Power",311,"i3gndef1sp00","6","FAAt705","BEA_API"
2003,48,"Power",903,"i3gndef1sp00","6","FAAt705","BEA_API"
2004,48,"Power",902,"i3gndef1sp00","6","FAAt705","BEA_API"
2005,48,"Power",768,"i3gndef1sp00","6","FAAt705","BEA_API"
2006,48,"Power",771,"i3gndef1sp00","6","FAAt705","BEA_API"
2007,48,"Power",441,"i3gndef1sp00","6","FAAt705","BEA_API"
2008,48,"Power",776,"i3gndef1sp00","6","FAAt705","BEA_API"
2009,48,"Power",928,"i3gndef1sp00","6","FAAt705","BEA_API"
2010,48,"Power",949,"i3gndef1sp00","6","FAAt705","BEA_API"
2011,48,"Power",1320,"i3gndef1sp00","6","FAAt705","BEA_API"
2012,48,"Power",1159,"i3gndef1sp00","6","FAAt705","BEA_API"
2013,48,"Power",1065,"i3gndef1sp00","6","FAAt705","BEA_API"
2014,48,"Power",1129,"i3gndef1sp00","6","FAAt705","BEA_API"
2015,48,"Power",1626,"i3gndef1sp00","6","FAAt705","BEA_API"
2016,48,"Power",1285,"i3gndef1sp00","6","FAAt705","BEA_API"
2017,48,"Power",715,"i3gndef1sp00","6","FAAt705","BEA_API"
2018,48,"Power",507,"i3gndef1sp00","6","FAAt705","BEA_API"
2019,48,"Power",278,"i3gndef1sp00","6","FAAt705","BEA_API"
2020,48,"Power",220,"i3gndef1sp00","6","FAAt705","BEA_API"
2021,48,"Power",342,"i3gndef1sp00","6","FAAt705","BEA_API"
2022,48,"Power",562,"i3gndef1sp00","6","FAAt705","BEA_API"
2023,48,"Power",693,"i3gndef1sp00","6","FAAt705","BEA_API"
2024,48,"Power",732,"i3gndef1sp00","6","FAAt705","BEA_API"
1901,49,"Highways and streets",3,"i3gndef1sq00","6","FAAt705","BEA_API"
1902,49,"Highways and streets",3,"i3gndef1sq00","6","FAAt705","BEA_API"
1903,49,"Highways and streets",3,"i3gndef1sq00","6","FAAt705","BEA_API"
1904,49,"Highways and streets",4,"i3gndef1sq00","6","FAAt705","BEA_API"
1905,49,"Highways and streets",5,"i3gndef1sq00","6","FAAt705","BEA_API"
1906,49,"Highways and streets",5,"i3gndef1sq00","6","FAAt705","BEA_API"
1907,49,"Highways and streets",6,"i3gndef1sq00","6","FAAt705","BEA_API"
1908,49,"Highways and streets",7,"i3gndef1sq00","6","FAAt705","BEA_API"
1909,49,"Highways and streets",8,"i3gndef1sq00","6","FAAt705","BEA_API"
1910,49,"Highways and streets",8,"i3gndef1sq00","6","FAAt705","BEA_API"
1911,49,"Highways and streets",7,"i3gndef1sq00","6","FAAt705","BEA_API"
1912,49,"Highways and streets",8,"i3gndef1sq00","6","FAAt705","BEA_API"
1913,49,"Highways and streets",9,"i3gndef1sq00","6","FAAt705","BEA_API"
1914,49,"Highways and streets",10,"i3gndef1sq00","6","FAAt705","BEA_API"
1915,49,"Highways and streets",9,"i3gndef1sq00","6","FAAt705","BEA_API"
1916,49,"Highways and streets",7,"i3gndef1sq00","6","FAAt705","BEA_API"
1917,49,"Highways and streets",7,"i3gndef1sq00","6","FAAt705","BEA_API"
1918,49,"Highways and streets",8,"i3gndef1sq00","6","FAAt705","BEA_API"
1919,49,"Highways and streets",13,"i3gndef1sq00","6","FAAt705","BEA_API"
1920,49,"Highways and streets",18,"i3gndef1sq00","6","FAAt705","BEA_API"
1921,49,"Highways and streets",16,"i3gndef1sq00","6","FAAt705","BEA_API"
1922,49,"Highways and streets",16,"i3gndef1sq00","6","FAAt705","BEA_API"
1923,49,"Highways and streets",23,"i3gndef1sq00","6","FAAt705","BEA_API"
1924,49,"Highways and streets",29,"i3gndef1sq00","6","FAAt705","BEA_API"
1925,49,"Highways and streets",28,"i3gndef1sq00","6","FAAt705","BEA_API"
1926,49,"Highways and streets",25,"i3gndef1sq00","6","FAAt705","BEA_API"
1927,49,"Highways and streets",26,"i3gndef1sq00","6","FAAt705","BEA_API"
1928,49,"Highways and streets",29,"i3gndef1sq00","6","FAAt705","BEA_API"
1929,49,"Highways and streets",53,"i3gndef1sq00","6","FAAt705","BEA_API"
1930,49,"Highways and streets",25,"i3gndef1sq00","6","FAAt705","BEA_API"
1931,49,"Highways and streets",32,"i3gndef1sq00","6","FAAt705","BEA_API"
1932,49,"Highways and streets",42,"i3gndef1sq00","6","FAAt705","BEA_API"
1933,49,"Highways and streets",67,"i3gndef1sq00","6","FAAt705","BEA_API"
1934,49,"Highways and streets",79,"i3gndef1sq00","6","FAAt705","BEA_API"
1935,49,"Highways and streets",107,"i3gndef1sq00","6","FAAt705","BEA_API"
1936,49,"Highways and streets",98,"i3gndef1sq00","6","FAAt705","BEA_API"
1937,49,"Highways and streets",90,"i3gndef1sq00","6","FAAt705","BEA_API"
1938,49,"Highways and streets",85,"i3gndef1sq00","6","FAAt705","BEA_API"
1939,49,"Highways and streets",85,"i3gndef1sq00","6","FAAt705","BEA_API"
1940,49,"Highways and streets",46,"i3gndef1sq00","6","FAAt705","BEA_API"
1941,49,"Highways and streets",47,"i3gndef1sq00","6","FAAt705","BEA_API"
1942,49,"Highways and streets",36,"i3gndef1sq00","6","FAAt705","BEA_API"
1943,49,"Highways and streets",34,"i3gndef1sq00","6","FAAt705","BEA_API"
1944,49,"Highways and streets",17,"i3gndef1sq00","6","FAAt705","BEA_API"
1945,49,"Highways and streets",15,"i3gndef1sq00","6","FAAt705","BEA_API"
1946,49,"Highways and streets",23,"i3gndef1sq00","6","FAAt705","BEA_API"
1947,49,"Highways and streets",32,"i3gndef1sq00","6","FAAt705","BEA_API"
1948,49,"Highways and streets",48,"i3gndef1sq00","6","FAAt705","BEA_API"
1949,49,"Highways and streets",68,"i3gndef1sq00","6","FAAt705","BEA_API"
1950,49,"Highways and streets",69,"i3gndef1sq00","6","FAAt705","BEA_API"
1951,49,"Highways and streets",65,"i3gndef1sq00","6","FAAt705","BEA_API"
1952,49,"Highways and streets",65,"i3gndef1sq00","6","FAAt705","BEA_API"
1953,49,"Highways and streets",63,"i3gndef1sq00","6","FAAt705","BEA_API"
1954,49,"Highways and streets",55,"i3gndef1sq00","6","FAAt705","BEA_API"
1955,49,"Highways and streets",45,"i3gndef1sq00","6","FAAt705","BEA_API"
1956,49,"Highways and streets",54,"i3gndef1sq00","6","FAAt705","BEA_API"
1957,49,"Highways and streets",63,"i3gndef1sq00","6","FAAt705","BEA_API"
1958,49,"Highways and streets",74,"i3gndef1sq00","6","FAAt705","BEA_API"
1959,49,"Highways and streets",88,"i3gndef1sq00","6","FAAt705","BEA_API"
1960,49,"Highways and streets",99,"i3gndef1sq00","6","FAAt705","BEA_API"
1961,49,"Highways and streets",112,"i3gndef1sq00","6","FAAt705","BEA_API"
1962,49,"Highways and streets",127,"i3gndef1sq00","6","FAAt705","BEA_API"
1963,49,"Highways and streets",139,"i3gndef1sq00","6","FAAt705","BEA_API"
1964,49,"Highways and streets",153,"i3gndef1sq00","6","FAAt705","BEA_API"
1965,49,"Highways and streets",164,"i3gndef1sq00","6","FAAt705","BEA_API"
1966,49,"Highways and streets",170,"i3gndef1sq00","6","FAAt705","BEA_API"
1967,49,"Highways and streets",116,"i3gndef1sq00","6","FAAt705","BEA_API"
1968,49,"Highways and streets",105,"i3gndef1sq00","6","FAAt705","BEA_API"
1969,49,"Highways and streets",92,"i3gndef1sq00","6","FAAt705","BEA_API"
1970,49,"Highways and streets",72,"i3gndef1sq00","6","FAAt705","BEA_API"
1971,49,"Highways and streets",91,"i3gndef1sq00","6","FAAt705","BEA_API"
1972,49,"Highways and streets",103,"i3gndef1sq00","6","FAAt705","BEA_API"
1973,49,"Highways and streets",123,"i3gndef1sq00","6","FAAt705","BEA_API"
1974,49,"Highways and streets",125,"i3gndef1sq00","6","FAAt705","BEA_API"
1975,49,"Highways and streets",141,"i3gndef1sq00","6","FAAt705","BEA_API"
1976,49,"Highways and streets",166,"i3gndef1sq00","6","FAAt705","BEA_API"
1977,49,"Highways and streets",179,"i3gndef1sq00","6","FAAt705","BEA_API"
1978,49,"Highways and streets",197,"i3gndef1sq00","6","FAAt705","BEA_API"
1979,49,"Highways and streets",208,"i3gndef1sq00","6","FAAt705","BEA_API"
1980,49,"Highways and streets",161,"i3gndef1sq00","6","FAAt705","BEA_API"
1981,49,"Highways and streets",175,"i3gndef1sq00","6","FAAt705","BEA_API"
1982,49,"Highways and streets",136,"i3gndef1sq00","6","FAAt705","BEA_API"
1983,49,"Highways and streets",150,"i3gndef1sq00","6","FAAt705","BEA_API"
1984,49,"Highways and streets",117,"i3gndef1sq00","6","FAAt705","BEA_API"
1985,49,"Highways and streets",185,"i3gndef1sq00","6","FAAt705","BEA_API"
1986,49,"Highways and streets",140,"i3gndef1sq00","6","FAAt705","BEA_API"
1987,49,"Highways and streets",184,"i3gndef1sq00","6","FAAt705","BEA_API"
1988,49,"Highways and streets",234,"i3gndef1sq00","6","FAAt705","BEA_API"
1989,49,"Highways and streets",217,"i3gndef1sq00","6","FAAt705","BEA_API"
1990,49,"Highways and streets",306,"i3gndef1sq00","6","FAAt705","BEA_API"
1991,49,"Highways and streets",396,"i3gndef1sq00","6","FAAt705","BEA_API"
1992,49,"Highways and streets",390,"i3gndef1sq00","6","FAAt705","BEA_API"
1993,49,"Highways and streets",409,"i3gndef1sq00","6","FAAt705","BEA_API"
1994,49,"Highways and streets",418,"i3gndef1sq00","6","FAAt705","BEA_API"
1995,49,"Highways and streets",461,"i3gndef1sq00","6","FAAt705","BEA_API"
1996,49,"Highways and streets",500,"i3gndef1sq00","6","FAAt705","BEA_API"
1997,49,"Highways and streets",492,"i3gndef1sq00","6","FAAt705","BEA_API"
1998,49,"Highways and streets",459,"i3gndef1sq00","6","FAAt705","BEA_API"
1999,49,"Highways and streets",440,"i3gndef1sq00","6","FAAt705","BEA_API"
2000,49,"Highways and streets",575,"i3gndef1sq00","6","FAAt705","BEA_API"
2001,49,"Highways and streets",546,"i3gndef1sq00","6","FAAt705","BEA_API"
2002,49,"Highways and streets",568,"i3gndef1sq00","6","FAAt705","BEA_API"
2003,49,"Highways and streets",573,"i3gndef1sq00","6","FAAt705","BEA_API"
2004,49,"Highways and streets",725,"i3gndef1sq00","6","FAAt705","BEA_API"
2005,49,"Highways and streets",541,"i3gndef1sq00","6","FAAt705","BEA_API"
2006,49,"Highways and streets",492,"i3gndef1sq00","6","FAAt705","BEA_API"
2007,49,"Highways and streets",680,"i3gndef1sq00","6","FAAt705","BEA_API"
2008,49,"Highways and streets",598,"i3gndef1sq00","6","FAAt705","BEA_API"
2009,49,"Highways and streets",569,"i3gndef1sq00","6","FAAt705","BEA_API"
2010,49,"Highways and streets",875,"i3gndef1sq00","6","FAAt705","BEA_API"
2011,49,"Highways and streets",584,"i3gndef1sq00","6","FAAt705","BEA_API"
2012,49,"Highways and streets",496,"i3gndef1sq00","6","FAAt705","BEA_API"
2013,49,"Highways and streets",572,"i3gndef1sq00","6","FAAt705","BEA_API"
2014,49,"Highways and streets",421,"i3gndef1sq00","6","FAAt705","BEA_API"
2015,49,"Highways and streets",440,"i3gndef1sq00","6","FAAt705","BEA_API"
2016,49,"Highways and streets",593,"i3gndef1sq00","6","FAAt705","BEA_API"
2017,49,"Highways and streets",815,"i3gndef1sq00","6","FAAt705","BEA_API"
2018,49,"Highways and streets",696,"i3gndef1sq00","6","FAAt705","BEA_API"
2019,49,"Highways and streets",997,"i3gndef1sq00","6","FAAt705","BEA_API"
2020,49,"Highways and streets",675,"i3gndef1sq00","6","FAAt705","BEA_API"
2021,49,"Highways and streets",848,"i3gndef1sq00","6","FAAt705","BEA_API"
2022,49,"Highways and streets",1456,"i3gndef1sq00","6","FAAt705","BEA_API"
2023,49,"Highways and streets",1558,"i3gndef1sq00","6","FAAt705","BEA_API"
2024,49,"Highways and streets",1513,"i3gndef1sq00","6","FAAt705","BEA_API"
1901,50,"Conservation and development",11,"i3gndef1sv00","6","FAAt705","BEA_API"
1902,50,"Conservation and development",10,"i3gndef1sv00","6","FAAt705","BEA_API"
1903,50,"Conservation and development",10,"i3gndef1sv00","6","FAAt705","BEA_API"
1904,50,"Conservation and development",13,"i3gndef1sv00","6","FAAt705","BEA_API"
1905,50,"Conservation and development",14,"i3gndef1sv00","6","FAAt705","BEA_API"
1906,50,"Conservation and development",17,"i3gndef1sv00","6","FAAt705","BEA_API"
1907,50,"Conservation and development",20,"i3gndef1sv00","6","FAAt705","BEA_API"
1908,50,"Conservation and development",22,"i3gndef1sv00","6","FAAt705","BEA_API"
1909,50,"Conservation and development",24,"i3gndef1sv00","6","FAAt705","BEA_API"
1910,50,"Conservation and development",23,"i3gndef1sv00","6","FAAt705","BEA_API"
1911,50,"Conservation and development",23,"i3gndef1sv00","6","FAAt705","BEA_API"
1912,50,"Conservation and development",24,"i3gndef1sv00","6","FAAt705","BEA_API"
1913,50,"Conservation and development",26,"i3gndef1sv00","6","FAAt705","BEA_API"
1914,50,"Conservation and development",31,"i3gndef1sv00","6","FAAt705","BEA_API"
1915,50,"Conservation and development",29,"i3gndef1sv00","6","FAAt705","BEA_API"
1916,50,"Conservation and development",29,"i3gndef1sv00","6","FAAt705","BEA_API"
1917,50,"Conservation and development",32,"i3gndef1sv00","6","FAAt705","BEA_API"
1918,50,"Conservation and development",26,"i3gndef1sv00","6","FAAt705","BEA_API"
1919,50,"Conservation and development",38,"i3gndef1sv00","6","FAAt705","BEA_API"
1920,50,"Conservation and development",47,"i3gndef1sv00","6","FAAt705","BEA_API"
1921,50,"Conservation and development",43,"i3gndef1sv00","6","FAAt705","BEA_API"
1922,50,"Conservation and development",39,"i3gndef1sv00","6","FAAt705","BEA_API"
1923,50,"Conservation and development",50,"i3gndef1sv00","6","FAAt705","BEA_API"
1924,50,"Conservation and development",59,"i3gndef1sv00","6","FAAt705","BEA_API"
1925,50,"Conservation and development",55,"i3gndef1sv00","6","FAAt705","BEA_API"
1926,50,"Conservation and development",46,"i3gndef1sv00","6","FAAt705","BEA_API"
1927,50,"Conservation and development",47,"i3gndef1sv00","6","FAAt705","BEA_API"
1928,50,"Conservation and development",54,"i3gndef1sv00","6","FAAt705","BEA_API"
1929,50,"Conservation and development",58,"i3gndef1sv00","6","FAAt705","BEA_API"
1930,50,"Conservation and development",121,"i3gndef1sv00","6","FAAt705","BEA_API"
1931,50,"Conservation and development",155,"i3gndef1sv00","6","FAAt705","BEA_API"
1932,50,"Conservation and development",202,"i3gndef1sv00","6","FAAt705","BEA_API"
1933,50,"Conservation and development",321,"i3gndef1sv00","6","FAAt705","BEA_API"
1934,50,"Conservation and development",364,"i3gndef1sv00","6","FAAt705","BEA_API"
1935,50,"Conservation and development",499,"i3gndef1sv00","6","FAAt705","BEA_API"
1936,50,"Conservation and development",455,"i3gndef1sv00","6","FAAt705","BEA_API"
1937,50,"Conservation and development",417,"i3gndef1sv00","6","FAAt705","BEA_API"
1938,50,"Conservation and development",402,"i3gndef1sv00","6","FAAt705","BEA_API"
1939,50,"Conservation and development",433,"i3gndef1sv00","6","FAAt705","BEA_API"
1940,50,"Conservation and development",354,"i3gndef1sv00","6","FAAt705","BEA_API"
1941,50,"Conservation and development",311,"i3gndef1sv00","6","FAAt705","BEA_API"
1942,50,"Conservation and development",224,"i3gndef1sv00","6","FAAt705","BEA_API"
1943,50,"Conservation and development",238,"i3gndef1sv00","6","FAAt705","BEA_API"
1944,50,"Conservation and development",209,"i3gndef1sv00","6","FAAt705","BEA_API"
1945,50,"Conservation and development",201,"i3gndef1sv00","6","FAAt705","BEA_API"
1946,50,"Conservation and development",175,"i3gndef1sv00","6","FAAt705","BEA_API"
1947,50,"Conservation and development",222,"i3gndef1sv00","6","FAAt705","BEA_API"
1948,50,"Conservation and development",338,"i3gndef1sv00","6","FAAt705","BEA_API"
1949,50,"Conservation and development",358,"i3gndef1sv00","6","FAAt705","BEA_API"
1950,50,"Conservation and development",342,"i3gndef1sv00","6","FAAt705","BEA_API"
1951,50,"Conservation and development",416,"i3gndef1sv00","6","FAAt705","BEA_API"
1952,50,"Conservation and development",504,"i3gndef1sv00","6","FAAt705","BEA_API"
1953,50,"Conservation and development",344,"i3gndef1sv00","6","FAAt705","BEA_API"
1954,50,"Conservation and development",436,"i3gndef1sv00","6","FAAt705","BEA_API"
1955,50,"Conservation and development",646,"i3gndef1sv00","6","FAAt705","BEA_API"
1956,50,"Conservation and development",553,"i3gndef1sv00","6","FAAt705","BEA_API"
1957,50,"Conservation and development",539,"i3gndef1sv00","6","FAAt705","BEA_API"
1958,50,"Conservation and development",597,"i3gndef1sv00","6","FAAt705","BEA_API"
1959,50,"Conservation and development",646,"i3gndef1sv00","6","FAAt705","BEA_API"
1960,50,"Conservation and development",666,"i3gndef1sv00","6","FAAt705","BEA_API"
1961,50,"Conservation and development",694,"i3gndef1sv00","6","FAAt705","BEA_API"
1962,50,"Conservation and development",811,"i3gndef1sv00","6","FAAt705","BEA_API"
1963,50,"Conservation and development",885,"i3gndef1sv00","6","FAAt705","BEA_API"
1964,50,"Conservation and development",938,"i3gndef1sv00","6","FAAt705","BEA_API"
1965,50,"Conservation and development",1027,"i3gndef1sv00","6","FAAt705","BEA_API"
1966,50,"Conservation and development",1102,"i3gndef1sv00","6","FAAt705","BEA_API"
1967,50,"Conservation and development",963,"i3gndef1sv00","6","FAAt705","BEA_API"
1968,50,"Conservation and development",831,"i3gndef1sv00","6","FAAt705","BEA_API"
1969,50,"Conservation and development",729,"i3gndef1sv00","6","FAAt705","BEA_API"
1970,50,"Conservation and development",775,"i3gndef1sv00","6","FAAt705","BEA_API"
1971,50,"Conservation and development",772,"i3gndef1sv00","6","FAAt705","BEA_API"
1972,50,"Conservation and development",1027,"i3gndef1sv00","6","FAAt705","BEA_API"
1973,50,"Conservation and development",1212,"i3gndef1sv00","6","FAAt705","BEA_API"
1974,50,"Conservation and development",1275,"i3gndef1sv00","6","FAAt705","BEA_API"
1975,50,"Conservation and development",1340,"i3gndef1sv00","6","FAAt705","BEA_API"
1976,50,"Conservation and development",1227,"i3gndef1sv00","6","FAAt705","BEA_API"
1977,50,"Conservation and development",1292,"i3gndef1sv00","6","FAAt705","BEA_API"
1978,50,"Conservation and development",1369,"i3gndef1sv00","6","FAAt705","BEA_API"
1979,50,"Conservation and development",1402,"i3gndef1sv00","6","FAAt705","BEA_API"
1980,50,"Conservation and development",1573,"i3gndef1sv00","6","FAAt705","BEA_API"
1981,50,"Conservation and development",2866,"i3gndef1sv00","6","FAAt705","BEA_API"
1982,50,"Conservation and development",2817,"i3gndef1sv00","6","FAAt705","BEA_API"
1983,50,"Conservation and development",2246,"i3gndef1sv00","6","FAAt705","BEA_API"
1984,50,"Conservation and development",1901,"i3gndef1sv00","6","FAAt705","BEA_API"
1985,50,"Conservation and development",1885,"i3gndef1sv00","6","FAAt705","BEA_API"
1986,50,"Conservation and development",1539,"i3gndef1sv00","6","FAAt705","BEA_API"
1987,50,"Conservation and development",1726,"i3gndef1sv00","6","FAAt705","BEA_API"
1988,50,"Conservation and development",1851,"i3gndef1sv00","6","FAAt705","BEA_API"
1989,50,"Conservation and development",2225,"i3gndef1sv00","6","FAAt705","BEA_API"
1990,50,"Conservation and development",1840,"i3gndef1sv00","6","FAAt705","BEA_API"
1991,50,"Conservation and development",2189,"i3gndef1sv00","6","FAAt705","BEA_API"
1992,50,"Conservation and development",1876,"i3gndef1sv00","6","FAAt705","BEA_API"
1993,50,"Conservation and development",1877,"i3gndef1sv00","6","FAAt705","BEA_API"
1994,50,"Conservation and development",2559,"i3gndef1sv00","6","FAAt705","BEA_API"
1995,50,"Conservation and development",4633,"i3gndef1sv00","6","FAAt705","BEA_API"
1996,50,"Conservation and development",9515,"i3gndef1sv00","6","FAAt705","BEA_API"
1997,50,"Conservation and development",1857,"i3gndef1sv00","6","FAAt705","BEA_API"
1998,50,"Conservation and development",1774,"i3gndef1sv00","6","FAAt705","BEA_API"
1999,50,"Conservation and development",1871,"i3gndef1sv00","6","FAAt705","BEA_API"
2000,50,"Conservation and development",1961,"i3gndef1sv00","6","FAAt705","BEA_API"
2001,50,"Conservation and development",2149,"i3gndef1sv00","6","FAAt705","BEA_API"
2002,50,"Conservation and development",2191,"i3gndef1sv00","6","FAAt705","BEA_API"
2003,50,"Conservation and development",1962,"i3gndef1sv00","6","FAAt705","BEA_API"
2004,50,"Conservation and development",2118,"i3gndef1sv00","6","FAAt705","BEA_API"
2005,50,"Conservation and development",1971,"i3gndef1sv00","6","FAAt705","BEA_API"
2006,50,"Conservation and development",2634,"i3gndef1sv00","6","FAAt705","BEA_API"
2007,50,"Conservation and development",4989,"i3gndef1sv00","6","FAAt705","BEA_API"
2008,50,"Conservation and development",2854,"i3gndef1sv00","6","FAAt705","BEA_API"
2009,50,"Conservation and development",3680,"i3gndef1sv00","6","FAAt705","BEA_API"
2010,50,"Conservation and development",5126,"i3gndef1sv00","6","FAAt705","BEA_API"
2011,50,"Conservation and development",4912,"i3gndef1sv00","6","FAAt705","BEA_API"
2012,50,"Conservation and development",3991,"i3gndef1sv00","6","FAAt705","BEA_API"
2013,50,"Conservation and development",2567,"i3gndef1sv00","6","FAAt705","BEA_API"
2014,50,"Conservation and development",3145,"i3gndef1sv00","6","FAAt705","BEA_API"
2015,50,"Conservation and development",3620,"i3gndef1sv00","6","FAAt705","BEA_API"
2016,50,"Conservation and development",5114,"i3gndef1sv00","6","FAAt705","BEA_API"
2017,50,"Conservation and development",8906,"i3gndef1sv00","6","FAAt705","BEA_API"
2018,50,"Conservation and development",6019,"i3gndef1sv00","6","FAAt705","BEA_API"
2019,50,"Conservation and development",5979,"i3gndef1sv00","6","FAAt705","BEA_API"
2020,50,"Conservation and development",5320,"i3gndef1sv00","6","FAAt705","BEA_API"
2021,50,"Conservation and development",4534,"i3gndef1sv00","6","FAAt705","BEA_API"
2022,50,"Conservation and development",5234,"i3gndef1sv00","6","FAAt705","BEA_API"
2023,50,"Conservation and development",6352,"i3gndef1sv00","6","FAAt705","BEA_API"
2024,50,"Conservation and development",5685,"i3gndef1sv00","6","FAAt705","BEA_API"
1901,51,"Other structures",0,"i3gndef1sx00","6","FAAt705","BEA_API"
1902,51,"Other structures",0,"i3gndef1sx00","6","FAAt705","BEA_API"
1903,51,"Other structures",0,"i3gndef1sx00","6","FAAt705","BEA_API"
1904,51,"Other structures",0,"i3gndef1sx00","6","FAAt705","BEA_API"
1905,51,"Other structures",0,"i3gndef1sx00","6","FAAt705","BEA_API"
1906,51,"Other structures",0,"i3gndef1sx00","6","FAAt705","BEA_API"
1907,51,"Other structures",0,"i3gndef1sx00","6","FAAt705","BEA_API"
1908,51,"Other structures",0,"i3gndef1sx00","6","FAAt705","BEA_API"
1909,51,"Other structures",0,"i3gndef1sx00","6","FAAt705","BEA_API"
1910,51,"Other structures",0,"i3gndef1sx00","6","FAAt705","BEA_API"
1911,51,"Other structures",0,"i3gndef1sx00","6","FAAt705","BEA_API"
1912,51,"Other structures",0,"i3gndef1sx00","6","FAAt705","BEA_API"
1913,51,"Other structures",0,"i3gndef1sx00","6","FAAt705","BEA_API"
1914,51,"Other structures",0,"i3gndef1sx00","6","FAAt705","BEA_API"
1915,51,"Other structures",1,"i3gndef1sx00","6","FAAt705","BEA_API"
1916,51,"Other structures",1,"i3gndef1sx00","6","FAAt705","BEA_API"
1917,51,"Other structures",1,"i3gndef1sx00","6","FAAt705","BEA_API"
1918,51,"Other structures",1,"i3gndef1sx00","6","FAAt705","BEA_API"
1919,51,"Other structures",1,"i3gndef1sx00","6","FAAt705","BEA_API"
1920,51,"Other structures",1,"i3gndef1sx00","6","FAAt705","BEA_API"
1921,51,"Other structures",1,"i3gndef1sx00","6","FAAt705","BEA_API"
1922,51,"Other structures",2,"i3gndef1sx00","6","FAAt705","BEA_API"
1923,51,"Other structures",2,"i3gndef1sx00","6","FAAt705","BEA_API"
1924,51,"Other structures",1,"i3gndef1sx00","6","FAAt705","BEA_API"
1925,51,"Other structures",1,"i3gndef1sx00","6","FAAt705","BEA_API"
1926,51,"Other structures",2,"i3gndef1sx00","6","FAAt705","BEA_API"
1927,51,"Other structures",3,"i3gndef1sx00","6","FAAt705","BEA_API"
1928,51,"Other structures",5,"i3gndef1sx00","6","FAAt705","BEA_API"
1929,51,"Other structures",1,"i3gndef1sx00","6","FAAt705","BEA_API"
1930,51,"Other structures",1,"i3gndef1sx00","6","FAAt705","BEA_API"
1931,51,"Other structures",1,"i3gndef1sx00","6","FAAt705","BEA_API"
1932,51,"Other structures",1,"i3gndef1sx00","6","FAAt705","BEA_API"
1933,51,"Other structures",1,"i3gndef1sx00","6","FAAt705","BEA_API"
1934,51,"Other structures",2,"i3gndef1sx00","6","FAAt705","BEA_API"
1935,51,"Other structures",2,"i3gndef1sx00","6","FAAt705","BEA_API"
1936,51,"Other structures",2,"i3gndef1sx00","6","FAAt705","BEA_API"
1937,51,"Other structures",2,"i3gndef1sx00","6","FAAt705","BEA_API"
1938,51,"Other structures",2,"i3gndef1sx00","6","FAAt705","BEA_API"
1939,51,"Other structures",2,"i3gndef1sx00","6","FAAt705","BEA_API"
1940,51,"Other structures",5,"i3gndef1sx00","6","FAAt705","BEA_API"
1941,51,"Other structures",5,"i3gndef1sx00","6","FAAt705","BEA_API"
1942,51,"Other structures",4,"i3gndef1sx00","6","FAAt705","BEA_API"
1943,51,"Other structures",4,"i3gndef1sx00","6","FAAt705","BEA_API"
1944,51,"Other structures",2,"i3gndef1sx00","6","FAAt705","BEA_API"
1945,51,"Other structures",2,"i3gndef1sx00","6","FAAt705","BEA_API"
1946,51,"Other structures",2,"i3gndef1sx00","6","FAAt705","BEA_API"
1947,51,"Other structures",20,"i3gndef1sx00","6","FAAt705","BEA_API"
1948,51,"Other structures",5,"i3gndef1sx00","6","FAAt705","BEA_API"
1949,51,"Other structures",17,"i3gndef1sx00","6","FAAt705","BEA_API"
1950,51,"Other structures",14,"i3gndef1sx00","6","FAAt705","BEA_API"
1951,51,"Other structures",11,"i3gndef1sx00","6","FAAt705","BEA_API"
1952,51,"Other structures",7,"i3gndef1sx00","6","FAAt705","BEA_API"
1953,51,"Other structures",10,"i3gndef1sx00","6","FAAt705","BEA_API"
1954,51,"Other structures",2,"i3gndef1sx00","6","FAAt705","BEA_API"
1955,51,"Other structures",8,"i3gndef1sx00","6","FAAt705","BEA_API"
1956,51,"Other structures",11,"i3gndef1sx00","6","FAAt705","BEA_API"
1957,51,"Other structures",11,"i3gndef1sx00","6","FAAt705","BEA_API"
1958,51,"Other structures",10,"i3gndef1sx00","6","FAAt705","BEA_API"
1959,51,"Other structures",49,"i3gndef1sx00","6","FAAt705","BEA_API"
1960,51,"Other structures",60,"i3gndef1sx00","6","FAAt705","BEA_API"
1961,51,"Other structures",61,"i3gndef1sx00","6","FAAt705","BEA_API"
1962,51,"Other structures",84,"i3gndef1sx00","6","FAAt705","BEA_API"
1963,51,"Other structures",85,"i3gndef1sx00","6","FAAt705","BEA_API"
1964,51,"Other structures",104,"i3gndef1sx00","6","FAAt705","BEA_API"
1965,51,"Other structures",109,"i3gndef1sx00","6","FAAt705","BEA_API"
1966,51,"Other structures",118,"i3gndef1sx00","6","FAAt705","BEA_API"
1967,51,"Other structures",56,"i3gndef1sx00","6","FAAt705","BEA_API"
1968,51,"Other structures",47,"i3gndef1sx00","6","FAAt705","BEA_API"
1969,51,"Other structures",50,"i3gndef1sx00","6","FAAt705","BEA_API"
1970,51,"Other structures",42,"i3gndef1sx00","6","FAAt705","BEA_API"
1971,51,"Other structures",51,"i3gndef1sx00","6","FAAt705","BEA_API"
1972,51,"Other structures",71,"i3gndef1sx00","6","FAAt705","BEA_API"
1973,51,"Other structures",107,"i3gndef1sx00","6","FAAt705","BEA_API"
1974,51,"Other structures",84,"i3gndef1sx00","6","FAAt705","BEA_API"
1975,51,"Other structures",94,"i3gndef1sx00","6","FAAt705","BEA_API"
1976,51,"Other structures",115,"i3gndef1sx00","6","FAAt705","BEA_API"
1977,51,"Other structures",146,"i3gndef1sx00","6","FAAt705","BEA_API"
1978,51,"Other structures",135,"i3gndef1sx00","6","FAAt705","BEA_API"
1979,51,"Other structures",183,"i3gndef1sx00","6","FAAt705","BEA_API"
1980,51,"Other structures",208,"i3gndef1sx00","6","FAAt705","BEA_API"
1981,51,"Other structures",234,"i3gndef1sx00","6","FAAt705","BEA_API"
1982,51,"Other structures",168,"i3gndef1sx00","6","FAAt705","BEA_API"
1983,51,"Other structures",183,"i3gndef1sx00","6","FAAt705","BEA_API"
1984,51,"Other structures",158,"i3gndef1sx00","6","FAAt705","BEA_API"
1985,51,"Other structures",209,"i3gndef1sx00","6","FAAt705","BEA_API"
1986,51,"Other structures",148,"i3gndef1sx00","6","FAAt705","BEA_API"
1987,51,"Other structures",203,"i3gndef1sx00","6","FAAt705","BEA_API"
1988,51,"Other structures",293,"i3gndef1sx00","6","FAAt705","BEA_API"
1989,51,"Other structures",264,"i3gndef1sx00","6","FAAt705","BEA_API"
1990,51,"Other structures",332,"i3gndef1sx00","6","FAAt705","BEA_API"
1991,51,"Other structures",578,"i3gndef1sx00","6","FAAt705","BEA_API"
1992,51,"Other structures",558,"i3gndef1sx00","6","FAAt705","BEA_API"
1993,51,"Other structures",758,"i3gndef1sx00","6","FAAt705","BEA_API"
1994,51,"Other structures",687,"i3gndef1sx00","6","FAAt705","BEA_API"
1995,51,"Other structures",778,"i3gndef1sx00","6","FAAt705","BEA_API"
1996,51,"Other structures",801,"i3gndef1sx00","6","FAAt705","BEA_API"
1997,51,"Other structures",626,"i3gndef1sx00","6","FAAt705","BEA_API"
1998,51,"Other structures",605,"i3gndef1sx00","6","FAAt705","BEA_API"
1999,51,"Other structures",644,"i3gndef1sx00","6","FAAt705","BEA_API"
2000,51,"Other structures",689,"i3gndef1sx00","6","FAAt705","BEA_API"
2001,51,"Other structures",746,"i3gndef1sx00","6","FAAt705","BEA_API"
2002,51,"Other structures",673,"i3gndef1sx00","6","FAAt705","BEA_API"
2003,51,"Other structures",816,"i3gndef1sx00","6","FAAt705","BEA_API"
2004,51,"Other structures",697,"i3gndef1sx00","6","FAAt705","BEA_API"
2005,51,"Other structures",1395,"i3gndef1sx00","6","FAAt705","BEA_API"
2006,51,"Other structures",1674,"i3gndef1sx00","6","FAAt705","BEA_API"
2007,51,"Other structures",1566,"i3gndef1sx00","6","FAAt705","BEA_API"
2008,51,"Other structures",1172,"i3gndef1sx00","6","FAAt705","BEA_API"
2009,51,"Other structures",1087,"i3gndef1sx00","6","FAAt705","BEA_API"
2010,51,"Other structures",1195,"i3gndef1sx00","6","FAAt705","BEA_API"
2011,51,"Other structures",1371,"i3gndef1sx00","6","FAAt705","BEA_API"
2012,51,"Other structures",1307,"i3gndef1sx00","6","FAAt705","BEA_API"
2013,51,"Other structures",1326,"i3gndef1sx00","6","FAAt705","BEA_API"
2014,51,"Other structures",1171,"i3gndef1sx00","6","FAAt705","BEA_API"
2015,51,"Other structures",1274,"i3gndef1sx00","6","FAAt705","BEA_API"
2016,51,"Other structures",1167,"i3gndef1sx00","6","FAAt705","BEA_API"
2017,51,"Other structures",789,"i3gndef1sx00","6","FAAt705","BEA_API"
2018,51,"Other structures",750,"i3gndef1sx00","6","FAAt705","BEA_API"
2019,51,"Other structures",606,"i3gndef1sx00","6","FAAt705","BEA_API"
2020,51,"Other structures",556,"i3gndef1sx00","6","FAAt705","BEA_API"
2021,51,"Other structures",586,"i3gndef1sx00","6","FAAt705","BEA_API"
2022,51,"Other structures",838,"i3gndef1sx00","6","FAAt705","BEA_API"
2023,51,"Other structures",1240,"i3gndef1sx00","6","FAAt705","BEA_API"
2024,51,"Other structures",1544,"i3gndef1sx00","6","FAAt705","BEA_API"
1929,52,"Intellectual property products",16,"i3gndef1ip00","6","FAAt705","BEA_API"
1930,52,"Intellectual property products",24,"i3gndef1ip00","6","FAAt705","BEA_API"
1931,52,"Intellectual property products",38,"i3gndef1ip00","6","FAAt705","BEA_API"
1932,52,"Intellectual property products",50,"i3gndef1ip00","6","FAAt705","BEA_API"
1933,52,"Intellectual property products",46,"i3gndef1ip00","6","FAAt705","BEA_API"
1934,52,"Intellectual property products",38,"i3gndef1ip00","6","FAAt705","BEA_API"
1935,52,"Intellectual property products",35,"i3gndef1ip00","6","FAAt705","BEA_API"
1936,52,"Intellectual property products",40,"i3gndef1ip00","6","FAAt705","BEA_API"
1937,52,"Intellectual property products",42,"i3gndef1ip00","6","FAAt705","BEA_API"
1938,52,"Intellectual property products",48,"i3gndef1ip00","6","FAAt705","BEA_API"
1939,52,"Intellectual property products",52,"i3gndef1ip00","6","FAAt705","BEA_API"
1940,52,"Intellectual property products",60,"i3gndef1ip00","6","FAAt705","BEA_API"
1941,52,"Intellectual property products",70,"i3gndef1ip00","6","FAAt705","BEA_API"
1942,52,"Intellectual property products",105,"i3gndef1ip00","6","FAAt705","BEA_API"
1943,52,"Intellectual property products",172,"i3gndef1ip00","6","FAAt705","BEA_API"
1944,52,"Intellectual property products",195,"i3gndef1ip00","6","FAAt705","BEA_API"
1945,52,"Intellectual property products",163,"i3gndef1ip00","6","FAAt705","BEA_API"
1946,52,"Intellectual property products",132,"i3gndef1ip00","6","FAAt705","BEA_API"
1947,52,"Intellectual property products",152,"i3gndef1ip00","6","FAAt705","BEA_API"
1948,52,"Intellectual property products",243,"i3gndef1ip00","6","FAAt705","BEA_API"
1949,52,"Intellectual property products",331,"i3gndef1ip00","6","FAAt705","BEA_API"
1950,52,"Intellectual property products",517,"i3gndef1ip00","6","FAAt705","BEA_API"
1951,52,"Intellectual property products",529,"i3gndef1ip00","6","FAAt705","BEA_API"
1952,52,"Intellectual property products",476,"i3gndef1ip00","6","FAAt705","BEA_API"
1953,52,"Intellectual property products",370,"i3gndef1ip00","6","FAAt705","BEA_API"
1954,52,"Intellectual property products",351,"i3gndef1ip00","6","FAAt705","BEA_API"
1955,52,"Intellectual property products",439,"i3gndef1ip00","6","FAAt705","BEA_API"
1956,52,"Intellectual property products",609,"i3gndef1ip00","6","FAAt705","BEA_API"
1957,52,"Intellectual property products",861,"i3gndef1ip00","6","FAAt705","BEA_API"
1958,52,"Intellectual property products",1123,"i3gndef1ip00","6","FAAt705","BEA_API"
1959,52,"Intellectual property products",1137,"i3gndef1ip00","6","FAAt705","BEA_API"
1960,52,"Intellectual property products",1695,"i3gndef1ip00","6","FAAt705","BEA_API"
1961,52,"Intellectual property products",2069,"i3gndef1ip00","6","FAAt705","BEA_API"
1962,52,"Intellectual property products",2920,"i3gndef1ip00","6","FAAt705","BEA_API"
1963,52,"Intellectual property products",4478,"i3gndef1ip00","6","FAAt705","BEA_API"
1964,52,"Intellectual property products",5664,"i3gndef1ip00","6","FAAt705","BEA_API"
1965,52,"Intellectual property products",6762,"i3gndef1ip00","6","FAAt705","BEA_API"
1966,52,"Intellectual property products",7935,"i3gndef1ip00","6","FAAt705","BEA_API"
1967,52,"Intellectual property products",7789,"i3gndef1ip00","6","FAAt705","BEA_API"
1968,52,"Intellectual property products",8606,"i3gndef1ip00","6","FAAt705","BEA_API"
1969,52,"Intellectual property products",8823,"i3gndef1ip00","6","FAAt705","BEA_API"
1970,52,"Intellectual property products",8765,"i3gndef1ip00","6","FAAt705","BEA_API"
1971,52,"Intellectual property products",8855,"i3gndef1ip00","6","FAAt705","BEA_API"
1972,52,"Intellectual property products",9229,"i3gndef1ip00","6","FAAt705","BEA_API"
1973,52,"Intellectual property products",9634,"i3gndef1ip00","6","FAAt705","BEA_API"
1974,52,"Intellectual property products",10361,"i3gndef1ip00","6","FAAt705","BEA_API"
1975,52,"Intellectual property products",11491,"i3gndef1ip00","6","FAAt705","BEA_API"
1976,52,"Intellectual property products",12726,"i3gndef1ip00","6","FAAt705","BEA_API"
1977,52,"Intellectual property products",13990,"i3gndef1ip00","6","FAAt705","BEA_API"
1978,52,"Intellectual property products",15894,"i3gndef1ip00","6","FAAt705","BEA_API"
1979,52,"Intellectual property products",17920,"i3gndef1ip00","6","FAAt705","BEA_API"
1980,52,"Intellectual property products",19788,"i3gndef1ip00","6","FAAt705","BEA_API"
1981,52,"Intellectual property products",21150,"i3gndef1ip00","6","FAAt705","BEA_API"
1982,52,"Intellectual property products",21125,"i3gndef1ip00","6","FAAt705","BEA_API"
1983,52,"Intellectual property products",21577,"i3gndef1ip00","6","FAAt705","BEA_API"
1984,52,"Intellectual property products",22817,"i3gndef1ip00","6","FAAt705","BEA_API"
1985,52,"Intellectual property products",24624,"i3gndef1ip00","6","FAAt705","BEA_API"
1986,52,"Intellectual property products",25672,"i3gndef1ip00","6","FAAt705","BEA_API"
1987,52,"Intellectual property products",27426,"i3gndef1ip00","6","FAAt705","BEA_API"
1988,52,"Intellectual property products",29565,"i3gndef1ip00","6","FAAt705","BEA_API"
1989,52,"Intellectual property products",31935,"i3gndef1ip00","6","FAAt705","BEA_API"
1990,52,"Intellectual property products",34831,"i3gndef1ip00","6","FAAt705","BEA_API"
1991,52,"Intellectual property products",37442,"i3gndef1ip00","6","FAAt705","BEA_API"
1992,52,"Intellectual property products",38910,"i3gndef1ip00","6","FAAt705","BEA_API"
1993,52,"Intellectual property products",40368,"i3gndef1ip00","6","FAAt705","BEA_API"
1994,52,"Intellectual property products",41875,"i3gndef1ip00","6","FAAt705","BEA_API"
1995,52,"Intellectual property products",43351,"i3gndef1ip00","6","FAAt705","BEA_API"
1996,52,"Intellectual property products",43798,"i3gndef1ip00","6","FAAt705","BEA_API"
1997,52,"Intellectual property products",44866,"i3gndef1ip00","6","FAAt705","BEA_API"
1998,52,"Intellectual property products",47471,"i3gndef1ip00","6","FAAt705","BEA_API"
1999,52,"Intellectual property products",50742,"i3gndef1ip00","6","FAAt705","BEA_API"
2000,52,"Intellectual property products",54784,"i3gndef1ip00","6","FAAt705","BEA_API"
2001,52,"Intellectual property products",58090,"i3gndef1ip00","6","FAAt705","BEA_API"
2002,52,"Intellectual property products",59834,"i3gndef1ip00","6","FAAt705","BEA_API"
2003,52,"Intellectual property products",62395,"i3gndef1ip00","6","FAAt705","BEA_API"
2004,52,"Intellectual property products",64360,"i3gndef1ip00","6","FAAt705","BEA_API"
2005,52,"Intellectual property products",67053,"i3gndef1ip00","6","FAAt705","BEA_API"
2006,52,"Intellectual property products",68929,"i3gndef1ip00","6","FAAt705","BEA_API"
2007,52,"Intellectual property products",70997,"i3gndef1ip00","6","FAAt705","BEA_API"
2008,52,"Intellectual property products",74823,"i3gndef1ip00","6","FAAt705","BEA_API"
2009,52,"Intellectual property products",78321,"i3gndef1ip00","6","FAAt705","BEA_API"
2010,52,"Intellectual property products",84272,"i3gndef1ip00","6","FAAt705","BEA_API"
2011,52,"Intellectual property products",86247,"i3gndef1ip00","6","FAAt705","BEA_API"
2012,52,"Intellectual property products",87349,"i3gndef1ip00","6","FAAt705","BEA_API"
2013,52,"Intellectual property products",89040,"i3gndef1ip00","6","FAAt705","BEA_API"
2014,52,"Intellectual property products",90363,"i3gndef1ip00","6","FAAt705","BEA_API"
2015,52,"Intellectual property products",93601,"i3gndef1ip00","6","FAAt705","BEA_API"
2016,52,"Intellectual property products",100850,"i3gndef1ip00","6","FAAt705","BEA_API"
2017,52,"Intellectual property products",109262,"i3gndef1ip00","6","FAAt705","BEA_API"
2018,52,"Intellectual property products",116354,"i3gndef1ip00","6","FAAt705","BEA_API"
2019,52,"Intellectual property products",122502,"i3gndef1ip00","6","FAAt705","BEA_API"
2020,52,"Intellectual property products",136602,"i3gndef1ip00","6","FAAt705","BEA_API"
2021,52,"Intellectual property products",154174,"i3gndef1ip00","6","FAAt705","BEA_API"
2022,52,"Intellectual property products",169187,"i3gndef1ip00","6","FAAt705","BEA_API"
2023,52,"Intellectual property products",167111,"i3gndef1ip00","6","FAAt705","BEA_API"
2024,52,"Intellectual property products",178600,"i3gndef1ip00","6","FAAt705","BEA_API"
1960,53,"Software",8,"i3gndef1ens0","6","FAAt705","BEA_API"
1961,53,"Software",25,"i3gndef1ens0","6","FAAt705","BEA_API"
1962,53,"Software",29,"i3gndef1ens0","6","FAAt705","BEA_API"
1963,53,"Software",46,"i3gndef1ens0","6","FAAt705","BEA_API"
1964,53,"Software",54,"i3gndef1ens0","6","FAAt705","BEA_API"
1965,53,"Software",69,"i3gndef1ens0","6","FAAt705","BEA_API"
1966,53,"Software",99,"i3gndef1ens0","6","FAAt705","BEA_API"
1967,53,"Software",133,"i3gndef1ens0","6","FAAt705","BEA_API"
1968,53,"Software",168,"i3gndef1ens0","6","FAAt705","BEA_API"
1969,53,"Software",260,"i3gndef1ens0","6","FAAt705","BEA_API"
1970,53,"Software",371,"i3gndef1ens0","6","FAAt705","BEA_API"
1971,53,"Software",424,"i3gndef1ens0","6","FAAt705","BEA_API"
1972,53,"Software",483,"i3gndef1ens0","6","FAAt705","BEA_API"
1973,53,"Software",606,"i3gndef1ens0","6","FAAt705","BEA_API"
1974,53,"Software",777,"i3gndef1ens0","6","FAAt705","BEA_API"
1975,53,"Software",957,"i3gndef1ens0","6","FAAt705","BEA_API"
1976,53,"Software",1035,"i3gndef1ens0","6","FAAt705","BEA_API"
1977,53,"Software",1119,"i3gndef1ens0","6","FAAt705","BEA_API"
1978,53,"Software",1317,"i3gndef1ens0","6","FAAt705","BEA_API"
1979,53,"Software",1642,"i3gndef1ens0","6","FAAt705","BEA_API"
1980,53,"Software",2059,"i3gndef1ens0","6","FAAt705","BEA_API"
1981,53,"Software",2503,"i3gndef1ens0","6","FAAt705","BEA_API"
1982,53,"Software",2803,"i3gndef1ens0","6","FAAt705","BEA_API"
1983,53,"Software",3265,"i3gndef1ens0","6","FAAt705","BEA_API"
1984,53,"Software",3659,"i3gndef1ens0","6","FAAt705","BEA_API"
1985,53,"Software",4109,"i3gndef1ens0","6","FAAt705","BEA_API"
1986,53,"Software",4291,"i3gndef1ens0","6","FAAt705","BEA_API"
1987,53,"Software",4758,"i3gndef1ens0","6","FAAt705","BEA_API"
1988,53,"Software",5227,"i3gndef1ens0","6","FAAt705","BEA_API"
1989,53,"Software",5834,"i3gndef1ens0","6","FAAt705","BEA_API"
1990,53,"Software",6195,"i3gndef1ens0","6","FAAt705","BEA_API"
1991,53,"Software",6562,"i3gndef1ens0","6","FAAt705","BEA_API"
1992,53,"Software",6672,"i3gndef1ens0","6","FAAt705","BEA_API"
1993,53,"Software",6831,"i3gndef1ens0","6","FAAt705","BEA_API"
1994,53,"Software",6814,"i3gndef1ens0","6","FAAt705","BEA_API"
1995,53,"Software",7013,"i3gndef1ens0","6","FAAt705","BEA_API"
1996,53,"Software",7254,"i3gndef1ens0","6","FAAt705","BEA_API"
1997,53,"Software",7731,"i3gndef1ens0","6","FAAt705","BEA_API"
1998,53,"Software",9216,"i3gndef1ens0","6","FAAt705","BEA_API"
1999,53,"Software",10439,"i3gndef1ens0","6","FAAt705","BEA_API"
2000,53,"Software",11565,"i3gndef1ens0","6","FAAt705","BEA_API"
2001,53,"Software",12274,"i3gndef1ens0","6","FAAt705","BEA_API"
2002,53,"Software",11050,"i3gndef1ens0","6","FAAt705","BEA_API"
2003,53,"Software",10874,"i3gndef1ens0","6","FAAt705","BEA_API"
2004,53,"Software",11369,"i3gndef1ens0","6","FAAt705","BEA_API"
2005,53,"Software",12328,"i3gndef1ens0","6","FAAt705","BEA_API"
2006,53,"Software",13097,"i3gndef1ens0","6","FAAt705","BEA_API"
2007,53,"Software",14177,"i3gndef1ens0","6","FAAt705","BEA_API"
2008,53,"Software",15217,"i3gndef1ens0","6","FAAt705","BEA_API"
2009,53,"Software",14995,"i3gndef1ens0","6","FAAt705","BEA_API"
2010,53,"Software",16000,"i3gndef1ens0","6","FAAt705","BEA_API"
2011,53,"Software",16963,"i3gndef1ens0","6","FAAt705","BEA_API"
2012,53,"Software",17417,"i3gndef1ens0","6","FAAt705","BEA_API"
2013,53,"Software",21157,"i3gndef1ens0","6","FAAt705","BEA_API"
2014,53,"Software",22426,"i3gndef1ens0","6","FAAt705","BEA_API"
2015,53,"Software",22983,"i3gndef1ens0","6","FAAt705","BEA_API"
2016,53,"Software",25621,"i3gndef1ens0","6","FAAt705","BEA_API"
2017,53,"Software",28661,"i3gndef1ens0","6","FAAt705","BEA_API"
2018,53,"Software",31347,"i3gndef1ens0","6","FAAt705","BEA_API"
2019,53,"Software",34375,"i3gndef1ens0","6","FAAt705","BEA_API"
2020,53,"Software",36439,"i3gndef1ens0","6","FAAt705","BEA_API"
2021,53,"Software",40964,"i3gndef1ens0","6","FAAt705","BEA_API"
2022,53,"Software",45598,"i3gndef1ens0","6","FAAt705","BEA_API"
2023,53,"Software",48705,"i3gndef1ens0","6","FAAt705","BEA_API"
2024,53,"Software",52075,"i3gndef1ens0","6","FAAt705","BEA_API"
1929,54,"Research and development",16,"i3gndef1rd00","6","FAAt705","BEA_API"
1930,54,"Research and development",24,"i3gndef1rd00","6","FAAt705","BEA_API"
1931,54,"Research and development",38,"i3gndef1rd00","6","FAAt705","BEA_API"
1932,54,"Research and development",50,"i3gndef1rd00","6","FAAt705","BEA_API"
1933,54,"Research and development",46,"i3gndef1rd00","6","FAAt705","BEA_API"
1934,54,"Research and development",38,"i3gndef1rd00","6","FAAt705","BEA_API"
1935,54,"Research and development",35,"i3gndef1rd00","6","FAAt705","BEA_API"
1936,54,"Research and development",40,"i3gndef1rd00","6","FAAt705","BEA_API"
1937,54,"Research and development",42,"i3gndef1rd00","6","FAAt705","BEA_API"
1938,54,"Research and development",48,"i3gndef1rd00","6","FAAt705","BEA_API"
1939,54,"Research and development",52,"i3gndef1rd00","6","FAAt705","BEA_API"
1940,54,"Research and development",60,"i3gndef1rd00","6","FAAt705","BEA_API"
1941,54,"Research and development",70,"i3gndef1rd00","6","FAAt705","BEA_API"
1942,54,"Research and development",105,"i3gndef1rd00","6","FAAt705","BEA_API"
1943,54,"Research and development",172,"i3gndef1rd00","6","FAAt705","BEA_API"
1944,54,"Research and development",195,"i3gndef1rd00","6","FAAt705","BEA_API"
1945,54,"Research and development",163,"i3gndef1rd00","6","FAAt705","BEA_API"
1946,54,"Research and development",132,"i3gndef1rd00","6","FAAt705","BEA_API"
1947,54,"Research and development",152,"i3gndef1rd00","6","FAAt705","BEA_API"
1948,54,"Research and development",243,"i3gndef1rd00","6","FAAt705","BEA_API"
1949,54,"Research and development",331,"i3gndef1rd00","6","FAAt705","BEA_API"
1950,54,"Research and development",517,"i3gndef1rd00","6","FAAt705","BEA_API"
1951,54,"Research and development",529,"i3gndef1rd00","6","FAAt705","BEA_API"
1952,54,"Research and development",476,"i3gndef1rd00","6","FAAt705","BEA_API"
1953,54,"Research and development",370,"i3gndef1rd00","6","FAAt705","BEA_API"
1954,54,"Research and development",351,"i3gndef1rd00","6","FAAt705","BEA_API"
1955,54,"Research and development",439,"i3gndef1rd00","6","FAAt705","BEA_API"
1956,54,"Research and development",609,"i3gndef1rd00","6","FAAt705","BEA_API"
1957,54,"Research and development",861,"i3gndef1rd00","6","FAAt705","BEA_API"
1958,54,"Research and development",1123,"i3gndef1rd00","6","FAAt705","BEA_API"
1959,54,"Research and development",1137,"i3gndef1rd00","6","FAAt705","BEA_API"
1960,54,"Research and development",1687,"i3gndef1rd00","6","FAAt705","BEA_API"
1961,54,"Research and development",2044,"i3gndef1rd00","6","FAAt705","BEA_API"
1962,54,"Research and development",2891,"i3gndef1rd00","6","FAAt705","BEA_API"
1963,54,"Research and development",4432,"i3gndef1rd00","6","FAAt705","BEA_API"
1964,54,"Research and development",5610,"i3gndef1rd00","6","FAAt705","BEA_API"
1965,54,"Research and development",6693,"i3gndef1rd00","6","FAAt705","BEA_API"
1966,54,"Research and development",7836,"i3gndef1rd00","6","FAAt705","BEA_API"
1967,54,"Research and development",7656,"i3gndef1rd00","6","FAAt705","BEA_API"
1968,54,"Research and development",8438,"i3gndef1rd00","6","FAAt705","BEA_API"
1969,54,"Research and development",8563,"i3gndef1rd00","6","FAAt705","BEA_API"
1970,54,"Research and development",8394,"i3gndef1rd00","6","FAAt705","BEA_API"
1971,54,"Research and development",8431,"i3gndef1rd00","6","FAAt705","BEA_API"
1972,54,"Research and development",8746,"i3gndef1rd00","6","FAAt705","BEA_API"
1973,54,"Research and development",9028,"i3gndef1rd00","6","FAAt705","BEA_API"
1974,54,"Research and development",9584,"i3gndef1rd00","6","FAAt705","BEA_API"
1975,54,"Research and development",10534,"i3gndef1rd00","6","FAAt705","BEA_API"
1976,54,"Research and development",11691,"i3gndef1rd00","6","FAAt705","BEA_API"
1977,54,"Research and development",12871,"i3gndef1rd00","6","FAAt705","BEA_API"
1978,54,"Research and development",14577,"i3gndef1rd00","6","FAAt705","BEA_API"
1979,54,"Research and development",16278,"i3gndef1rd00","6","FAAt705","BEA_API"
1980,54,"Research and development",17729,"i3gndef1rd00","6","FAAt705","BEA_API"
1981,54,"Research and development",18647,"i3gndef1rd00","6","FAAt705","BEA_API"
1982,54,"Research and development",18322,"i3gndef1rd00","6","FAAt705","BEA_API"
1983,54,"Research and development",18312,"i3gndef1rd00","6","FAAt705","BEA_API"
1984,54,"Research and development",19158,"i3gndef1rd00","6","FAAt705","BEA_API"
1985,54,"Research and development",20515,"i3gndef1rd00","6","FAAt705","BEA_API"
1986,54,"Research and development",21381,"i3gndef1rd00","6","FAAt705","BEA_API"
1987,54,"Research and development",22668,"i3gndef1rd00","6","FAAt705","BEA_API"
1988,54,"Research and development",24338,"i3gndef1rd00","6","FAAt705","BEA_API"
1989,54,"Research and development",26101,"i3gndef1rd00","6","FAAt705","BEA_API"
1990,54,"Research and development",28636,"i3gndef1rd00","6","FAAt705","BEA_API"
1991,54,"Research and development",30880,"i3gndef1rd00","6","FAAt705","BEA_API"
1992,54,"Research and development",32238,"i3gndef1rd00","6","FAAt705","BEA_API"
1993,54,"Research and development",33537,"i3gndef1rd00","6","FAAt705","BEA_API"
1994,54,"Research and development",35061,"i3gndef1rd00","6","FAAt705","BEA_API"
1995,54,"Research and development",36338,"i3gndef1rd00","6","FAAt705","BEA_API"
1996,54,"Research and development",36544,"i3gndef1rd00","6","FAAt705","BEA_API"
1997,54,"Research and development",37135,"i3gndef1rd00","6","FAAt705","BEA_API"
1998,54,"Research and development",38255,"i3gndef1rd00","6","FAAt705","BEA_API"
1999,54,"Research and development",40303,"i3gndef1rd00","6","FAAt705","BEA_API"
2000,54,"Research and development",43219,"i3gndef1rd00","6","FAAt705","BEA_API"
2001,54,"Research and development",45816,"i3gndef1rd00","6","FAAt705","BEA_API"
2002,54,"Research and development",48784,"i3gndef1rd00","6","FAAt705","BEA_API"
2003,54,"Research and development",51521,"i3gndef1rd00","6","FAAt705","BEA_API"
2004,54,"Research and development",52991,"i3gndef1rd00","6","FAAt705","BEA_API"
2005,54,"Research and development",54725,"i3gndef1rd00","6","FAAt705","BEA_API"
2006,54,"Research and development",55832,"i3gndef1rd00","6","FAAt705","BEA_API"
2007,54,"Research and development",56820,"i3gndef1rd00","6","FAAt705","BEA_API"
2008,54,"Research and development",59606,"i3gndef1rd00","6","FAAt705","BEA_API"
2009,54,"Research and development",63326,"i3gndef1rd00","6","FAAt705","BEA_API"
2010,54,"Research and development",68272,"i3gndef1rd00","6","FAAt705","BEA_API"
2011,54,"Research and development",69284,"i3gndef1rd00","6","FAAt705","BEA_API"
2012,54,"Research and development",69932,"i3gndef1rd00","6","FAAt705","BEA_API"
2013,54,"Research and development",67884,"i3gndef1rd00","6","FAAt705","BEA_API"
2014,54,"Research and development",67938,"i3gndef1rd00","6","FAAt705","BEA_API"
2015,54,"Research and development",70617,"i3gndef1rd00","6","FAAt705","BEA_API"
2016,54,"Research and development",75229,"i3gndef1rd00","6","FAAt705","BEA_API"
2017,54,"Research and development",80601,"i3gndef1rd00","6","FAAt705","BEA_API"
2018,54,"Research and development",85007,"i3gndef1rd00","6","FAAt705","BEA_API"
2019,54,"Research and development",88127,"i3gndef1rd00","6","FAAt705","BEA_API"
2020,54,"Research and development",100163,"i3gndef1rd00","6","FAAt705","BEA_API"
2021,54,"Research and development",113210,"i3gndef1rd00","6","FAAt705","BEA_API"
2022,54,"Research and development",123589,"i3gndef1rd00","6","FAAt705","BEA_API"
2023,54,"Research and development",118405,"i3gndef1rd00","6","FAAt705","BEA_API"
2024,54,"Research and development",126524,"i3gndef1rd00","6","FAAt705","BEA_API"
1914,55,"State and local",537,"i3gstlc1es00","6","FAAt705","BEA_API"
1915,55,"State and local",696,"i3gstlc1es00","6","FAAt705","BEA_API"
1916,55,"State and local",683,"i3gstlc1es00","6","FAAt705","BEA_API"
1917,55,"State and local",658,"i3gstlc1es00","6","FAAt705","BEA_API"
1918,55,"State and local",635,"i3gstlc1es00","6","FAAt705","BEA_API"
1919,55,"State and local",815,"i3gstlc1es00","6","FAAt705","BEA_API"
1920,55,"State and local",1138,"i3gstlc1es00","6","FAAt705","BEA_API"
1921,55,"State and local",1462,"i3gstlc1es00","6","FAAt705","BEA_API"
1922,55,"State and local",1660,"i3gstlc1es00","6","FAAt705","BEA_API"
1923,55,"State and local",1623,"i3gstlc1es00","6","FAAt705","BEA_API"
1924,55,"State and local",1965,"i3gstlc1es00","6","FAAt705","BEA_API"
1925,55,"State and local",2236,"i3gstlc1es00","6","FAAt705","BEA_API"
1926,55,"State and local",2245,"i3gstlc1es00","6","FAAt705","BEA_API"
1927,55,"State and local",2558,"i3gstlc1es00","6","FAAt705","BEA_API"
1928,55,"State and local",2619,"i3gstlc1es00","6","FAAt705","BEA_API"
1929,55,"State and local",2671,"i3gstlc1es00","6","FAAt705","BEA_API"
1930,55,"State and local",2939,"i3gstlc1es00","6","FAAt705","BEA_API"
1931,55,"State and local",2683,"i3gstlc1es00","6","FAAt705","BEA_API"
1932,55,"State and local",1800,"i3gstlc1es00","6","FAAt705","BEA_API"
1933,55,"State and local",1359,"i3gstlc1es00","6","FAAt705","BEA_API"
1934,55,"State and local",1799,"i3gstlc1es00","6","FAAt705","BEA_API"
1935,55,"State and local",1636,"i3gstlc1es00","6","FAAt705","BEA_API"
1936,55,"State and local",2938,"i3gstlc1es00","6","FAAt705","BEA_API"
1937,55,"State and local",2603,"i3gstlc1es00","6","FAAt705","BEA_API"
1938,55,"State and local",3011,"i3gstlc1es00","6","FAAt705","BEA_API"
1939,55,"State and local",3414,"i3gstlc1es00","6","FAAt705","BEA_API"
1940,55,"State and local",2799,"i3gstlc1es00","6","FAAt705","BEA_API"
1941,55,"State and local",2280,"i3gstlc1es00","6","FAAt705","BEA_API"
1942,55,"State and local",1579,"i3gstlc1es00","6","FAAt705","BEA_API"
1943,55,"State and local",909,"i3gstlc1es00","6","FAAt705","BEA_API"
1944,55,"State and local",739,"i3gstlc1es00","6","FAAt705","BEA_API"
1945,55,"State and local",852,"i3gstlc1es00","6","FAAt705","BEA_API"
1946,55,"State and local",1629,"i3gstlc1es00","6","FAAt705","BEA_API"
1947,55,"State and local",2887,"i3gstlc1es00","6","FAAt705","BEA_API"
1948,55,"State and local",4068,"i3gstlc1es00","6","FAAt705","BEA_API"
1949,55,"State and local",5396,"i3gstlc1es00","6","FAAt705","BEA_API"
1950,55,"State and local",5923,"i3gstlc1es00","6","FAAt705","BEA_API"
1951,55,"State and local",7037,"i3gstlc1es00","6","FAAt705","BEA_API"
1952,55,"State and local",7397,"i3gstlc1es00","6","FAAt705","BEA_API"
1953,55,"State and local",7995,"i3gstlc1es00","6","FAAt705","BEA_API"
1954,55,"State and local",9293,"i3gstlc1es00","6","FAAt705","BEA_API"
1955,55,"State and local",10143,"i3gstlc1es00","6","FAAt705","BEA_API"
1956,55,"State and local",11380,"i3gstlc1es00","6","FAAt705","BEA_API"
1957,55,"State and local",12654,"i3gstlc1es00","6","FAAt705","BEA_API"
1958,55,"State and local",13680,"i3gstlc1es00","6","FAAt705","BEA_API"
1959,55,"State and local",14086,"i3gstlc1es00","6","FAAt705","BEA_API"
1960,55,"State and local",14107,"i3gstlc1es00","6","FAAt705","BEA_API"
1961,55,"State and local",15252,"i3gstlc1es00","6","FAAt705","BEA_API"
1962,55,"State and local",16097,"i3gstlc1es00","6","FAAt705","BEA_API"
1963,55,"State and local",17769,"i3gstlc1es00","6","FAAt705","BEA_API"
1964,55,"State and local",19274,"i3gstlc1es00","6","FAAt705","BEA_API"
1965,55,"State and local",21165,"i3gstlc1es00","6","FAAt705","BEA_API"
1966,55,"State and local",23479,"i3gstlc1es00","6","FAAt705","BEA_API"
1967,55,"State and local",25721,"i3gstlc1es00","6","FAAt705","BEA_API"
1968,55,"State and local",28127,"i3gstlc1es00","6","FAAt705","BEA_API"
1969,55,"State and local",28817,"i3gstlc1es00","6","FAAt705","BEA_API"
1970,55,"State and local",29335,"i3gstlc1es00","6","FAAt705","BEA_API"
1971,55,"State and local",30710,"i3gstlc1es00","6","FAAt705","BEA_API"
1972,55,"State and local",31341,"i3gstlc1es00","6","FAAt705","BEA_API"
1973,55,"State and local",33986,"i3gstlc1es00","6","FAAt705","BEA_API"
1974,55,"State and local",40498,"i3gstlc1es00","6","FAAt705","BEA_API"
1975,55,"State and local",44550,"i3gstlc1es00","6","FAAt705","BEA_API"
1976,55,"State and local",44891,"i3gstlc1es00","6","FAAt705","BEA_API"
1977,55,"State and local",43960,"i3gstlc1es00","6","FAAt705","BEA_API"
1978,55,"State and local",50825,"i3gstlc1es00","6","FAAt705","BEA_API"
1979,55,"State and local",58356,"i3gstlc1es00","6","FAAt705","BEA_API"
1980,55,"State and local",65699,"i3gstlc1es00","6","FAAt705","BEA_API"
1981,55,"State and local",66916,"i3gstlc1es00","6","FAAt705","BEA_API"
1982,55,"State and local",66993,"i3gstlc1es00","6","FAAt705","BEA_API"
1983,55,"State and local",68827,"i3gstlc1es00","6","FAAt705","BEA_API"
1984,55,"State and local",77588,"i3gstlc1es00","6","FAAt705","BEA_API"
1985,55,"State and local",87347,"i3gstlc1es00","6","FAAt705","BEA_API"
1986,55,"State and local",96200,"i3gstlc1es00","6","FAAt705","BEA_API"
1987,55,"State and local",102194,"i3gstlc1es00","6","FAAt705","BEA_API"
1988,55,"State and local",110412,"i3gstlc1es00","6","FAAt705","BEA_API"
1989,55,"State and local",119214,"i3gstlc1es00","6","FAAt705","BEA_API"
1990,55,"State and local",132163,"i3gstlc1es00","6","FAAt705","BEA_API"
1991,55,"State and local",137295,"i3gstlc1es00","6","FAAt705","BEA_API"
1992,55,"State and local",139723,"i3gstlc1es00","6","FAAt705","BEA_API"
1993,55,"State and local",141203,"i3gstlc1es00","6","FAAt705","BEA_API"
1994,55,"State and local",148812,"i3gstlc1es00","6","FAAt705","BEA_API"
1995,55,"State and local",159979,"i3gstlc1es00","6","FAAt705","BEA_API"
1996,55,"State and local",170159,"i3gstlc1es00","6","FAAt705","BEA_API"
1997,55,"State and local",182884,"i3gstlc1es00","6","FAAt705","BEA_API"
1998,55,"State and local",196323,"i3gstlc1es00","6","FAAt705","BEA_API"
1999,55,"State and local",213616,"i3gstlc1es00","6","FAAt705","BEA_API"
2000,55,"State and local",231457,"i3gstlc1es00","6","FAAt705","BEA_API"
2001,55,"State and local",248035,"i3gstlc1es00","6","FAAt705","BEA_API"
2002,55,"State and local",261516,"i3gstlc1es00","6","FAAt705","BEA_API"
2003,55,"State and local",269036,"i3gstlc1es00","6","FAAt705","BEA_API"
2004,55,"State and local",277752,"i3gstlc1es00","6","FAAt705","BEA_API"
2005,55,"State and local",291228,"i3gstlc1es00","6","FAAt705","BEA_API"
2006,55,"State and local",315183,"i3gstlc1es00","6","FAAt705","BEA_API"
2007,55,"State and local",341903,"i3gstlc1es00","6","FAAt705","BEA_API"
2008,55,"State and local",357720,"i3gstlc1es00","6","FAAt705","BEA_API"
2009,55,"State and local",360137,"i3gstlc1es00","6","FAAt705","BEA_API"
2010,55,"State and local",347150,"i3gstlc1es00","6","FAAt705","BEA_API"
2011,55,"State and local",340893,"i3gstlc1es00","6","FAAt705","BEA_API"
2012,55,"State and local",333702,"i3gstlc1es00","6","FAAt705","BEA_API"
2013,55,"State and local",330857,"i3gstlc1es00","6","FAAt705","BEA_API"
2014,55,"State and local",339535,"i3gstlc1es00","6","FAAt705","BEA_API"
2015,55,"State and local",358393,"i3gstlc1es00","6","FAAt705","BEA_API"
2016,55,"State and local",374611,"i3gstlc1es00","6","FAAt705","BEA_API"
2017,55,"State and local",393866,"i3gstlc1es00","6","FAAt705","BEA_API"
2018,55,"State and local",418764,"i3gstlc1es00","6","FAAt705","BEA_API"
2019,55,"State and local",441674,"i3gstlc1es00","6","FAAt705","BEA_API"
2020,55,"State and local",453116,"i3gstlc1es00","6","FAAt705","BEA_API"
2021,55,"State and local",451474,"i3gstlc1es00","6","FAAt705","BEA_API"
2022,55,"State and local",485340,"i3gstlc1es00","6","FAAt705","BEA_API"
2023,55,"State and local",552365,"i3gstlc1es00","6","FAAt705","BEA_API"
2024,55,"State and local",602532,"i3gstlc1es00","6","FAAt705","BEA_API"
1914,56,"Equipment",26,"i3gstlc1eq00","6","FAAt705","BEA_API"
1915,56,"Equipment",48,"i3gstlc1eq00","6","FAAt705","BEA_API"
1916,56,"Equipment",41,"i3gstlc1eq00","6","FAAt705","BEA_API"
1917,56,"Equipment",33,"i3gstlc1eq00","6","FAAt705","BEA_API"
1918,56,"Equipment",31,"i3gstlc1eq00","6","FAAt705","BEA_API"
1919,56,"Equipment",1,"i3gstlc1eq00","6","FAAt705","BEA_API"
1920,56,"Equipment",0,"i3gstlc1eq00","6","FAAt705","BEA_API"
1921,56,"Equipment",0,"i3gstlc1eq00","6","FAAt705","BEA_API"
1922,56,"Equipment",55,"i3gstlc1eq00","6","FAAt705","BEA_API"
1923,56,"Equipment",88,"i3gstlc1eq00","6","FAAt705","BEA_API"
1924,56,"Equipment",153,"i3gstlc1eq00","6","FAAt705","BEA_API"
1925,56,"Equipment",174,"i3gstlc1eq00","6","FAAt705","BEA_API"
1926,56,"Equipment",164,"i3gstlc1eq00","6","FAAt705","BEA_API"
1927,56,"Equipment",212,"i3gstlc1eq00","6","FAAt705","BEA_API"
1928,56,"Equipment",210,"i3gstlc1eq00","6","FAAt705","BEA_API"
1929,56,"Equipment",229,"i3gstlc1eq00","6","FAAt705","BEA_API"
1930,56,"Equipment",194,"i3gstlc1eq00","6","FAAt705","BEA_API"
1931,56,"Equipment",204,"i3gstlc1eq00","6","FAAt705","BEA_API"
1932,56,"Equipment",188,"i3gstlc1eq00","6","FAAt705","BEA_API"
1933,56,"Equipment",154,"i3gstlc1eq00","6","FAAt705","BEA_API"
1934,56,"Equipment",145,"i3gstlc1eq00","6","FAAt705","BEA_API"
1935,56,"Equipment",144,"i3gstlc1eq00","6","FAAt705","BEA_API"
1936,56,"Equipment",139,"i3gstlc1eq00","6","FAAt705","BEA_API"
1937,56,"Equipment",197,"i3gstlc1eq00","6","FAAt705","BEA_API"
1938,56,"Equipment",215,"i3gstlc1eq00","6","FAAt705","BEA_API"
1939,56,"Equipment",242,"i3gstlc1eq00","6","FAAt705","BEA_API"
1940,56,"Equipment",202,"i3gstlc1eq00","6","FAAt705","BEA_API"
1941,56,"Equipment",162,"i3gstlc1eq00","6","FAAt705","BEA_API"
1942,56,"Equipment",136,"i3gstlc1eq00","6","FAAt705","BEA_API"
1943,56,"Equipment",98,"i3gstlc1eq00","6","FAAt705","BEA_API"
1944,56,"Equipment",96,"i3gstlc1eq00","6","FAAt705","BEA_API"
1945,56,"Equipment",99,"i3gstlc1eq00","6","FAAt705","BEA_API"
1946,56,"Equipment",175,"i3gstlc1eq00","6","FAAt705","BEA_API"
1947,56,"Equipment",311,"i3gstlc1eq00","6","FAAt705","BEA_API"
1948,56,"Equipment",429,"i3gstlc1eq00","6","FAAt705","BEA_API"
1949,56,"Equipment",453,"i3gstlc1eq00","6","FAAt705","BEA_API"
1950,56,"Equipment",475,"i3gstlc1eq00","6","FAAt705","BEA_API"
1951,56,"Equipment",547,"i3gstlc1eq00","6","FAAt705","BEA_API"
1952,56,"Equipment",594,"i3gstlc1eq00","6","FAAt705","BEA_API"
1953,56,"Equipment",631,"i3gstlc1eq00","6","FAAt705","BEA_API"
1954,56,"Equipment",714,"i3gstlc1eq00","6","FAAt705","BEA_API"
1955,56,"Equipment",759,"i3gstlc1eq00","6","FAAt705","BEA_API"
1956,56,"Equipment",891,"i3gstlc1eq00","6","FAAt705","BEA_API"
1957,56,"Equipment",1060,"i3gstlc1eq00","6","FAAt705","BEA_API"
1958,56,"Equipment",1048,"i3gstlc1eq00","6","FAAt705","BEA_API"
1959,56,"Equipment",1081,"i3gstlc1eq00","6","FAAt705","BEA_API"
1960,56,"Equipment",1212,"i3gstlc1eq00","6","FAAt705","BEA_API"
1961,56,"Equipment",1248,"i3gstlc1eq00","6","FAAt705","BEA_API"
1962,56,"Equipment",1327,"i3gstlc1eq00","6","FAAt705","BEA_API"
1963,56,"Equipment",1509,"i3gstlc1eq00","6","FAAt705","BEA_API"
1964,56,"Equipment",1711,"i3gstlc1eq00","6","FAAt705","BEA_API"
1965,56,"Equipment",1836,"i3gstlc1eq00","6","FAAt705","BEA_API"
1966,56,"Equipment",2040,"i3gstlc1eq00","6","FAAt705","BEA_API"
1967,56,"Equipment",2170,"i3gstlc1eq00","6","FAAt705","BEA_API"
1968,56,"Equipment",2342,"i3gstlc1eq00","6","FAAt705","BEA_API"
1969,56,"Equipment",2581,"i3gstlc1eq00","6","FAAt705","BEA_API"
1970,56,"Equipment",2785,"i3gstlc1eq00","6","FAAt705","BEA_API"
1971,56,"Equipment",2933,"i3gstlc1eq00","6","FAAt705","BEA_API"
1972,56,"Equipment",3332,"i3gstlc1eq00","6","FAAt705","BEA_API"
1973,56,"Equipment",3839,"i3gstlc1eq00","6","FAAt705","BEA_API"
1974,56,"Equipment",4604,"i3gstlc1eq00","6","FAAt705","BEA_API"
1975,56,"Equipment",5087,"i3gstlc1eq00","6","FAAt705","BEA_API"
1976,56,"Equipment",5278,"i3gstlc1eq00","6","FAAt705","BEA_API"
1977,56,"Equipment",5441,"i3gstlc1eq00","6","FAAt705","BEA_API"
1978,56,"Equipment",6101,"i3gstlc1eq00","6","FAAt705","BEA_API"
1979,56,"Equipment",7101,"i3gstlc1eq00","6","FAAt705","BEA_API"
1980,56,"Equipment",8075,"i3gstlc1eq00","6","FAAt705","BEA_API"
1981,56,"Equipment",8535,"i3gstlc1eq00","6","FAAt705","BEA_API"
1982,56,"Equipment",9383,"i3gstlc1eq00","6","FAAt705","BEA_API"
1983,56,"Equipment",10792,"i3gstlc1eq00","6","FAAt705","BEA_API"
1984,56,"Equipment",12674,"i3gstlc1eq00","6","FAAt705","BEA_API"
1985,56,"Equipment",14759,"i3gstlc1eq00","6","FAAt705","BEA_API"
1986,56,"Equipment",16368,"i3gstlc1eq00","6","FAAt705","BEA_API"
1987,56,"Equipment",17218,"i3gstlc1eq00","6","FAAt705","BEA_API"
1988,56,"Equipment",18573,"i3gstlc1eq00","6","FAAt705","BEA_API"
1989,56,"Equipment",21923,"i3gstlc1eq00","6","FAAt705","BEA_API"
1990,56,"Equipment",23932,"i3gstlc1eq00","6","FAAt705","BEA_API"
1991,56,"Equipment",23465,"i3gstlc1eq00","6","FAAt705","BEA_API"
1992,56,"Equipment",24046,"i3gstlc1eq00","6","FAAt705","BEA_API"
1993,56,"Equipment",24856,"i3gstlc1eq00","6","FAAt705","BEA_API"
1994,56,"Equipment",28061,"i3gstlc1eq00","6","FAAt705","BEA_API"
1995,56,"Equipment",30459,"i3gstlc1eq00","6","FAAt705","BEA_API"
1996,56,"Equipment",30488,"i3gstlc1eq00","6","FAAt705","BEA_API"
1997,56,"Equipment",32046,"i3gstlc1eq00","6","FAAt705","BEA_API"
1998,56,"Equipment",34710,"i3gstlc1eq00","6","FAAt705","BEA_API"
1999,56,"Equipment",37393,"i3gstlc1eq00","6","FAAt705","BEA_API"
2000,56,"Equipment",38775,"i3gstlc1eq00","6","FAAt705","BEA_API"
2001,56,"Equipment",38364,"i3gstlc1eq00","6","FAAt705","BEA_API"
2002,56,"Equipment",38030,"i3gstlc1eq00","6","FAAt705","BEA_API"
2003,56,"Equipment",37539,"i3gstlc1eq00","6","FAAt705","BEA_API"
2004,56,"Equipment",37130,"i3gstlc1eq00","6","FAAt705","BEA_API"
2005,56,"Equipment",37039,"i3gstlc1eq00","6","FAAt705","BEA_API"
2006,56,"Equipment",39064,"i3gstlc1eq00","6","FAAt705","BEA_API"
2007,56,"Equipment",43931,"i3gstlc1eq00","6","FAAt705","BEA_API"
2008,56,"Equipment",44932,"i3gstlc1eq00","6","FAAt705","BEA_API"
2009,56,"Equipment",42920,"i3gstlc1eq00","6","FAAt705","BEA_API"
2010,56,"Equipment",39485,"i3gstlc1eq00","6","FAAt705","BEA_API"
2011,56,"Equipment",38516,"i3gstlc1eq00","6","FAAt705","BEA_API"
2012,56,"Equipment",39140,"i3gstlc1eq00","6","FAAt705","BEA_API"
2013,56,"Equipment",39224,"i3gstlc1eq00","6","FAAt705","BEA_API"
2014,56,"Equipment",38781,"i3gstlc1eq00","6","FAAt705","BEA_API"
2015,56,"Equipment",39698,"i3gstlc1eq00","6","FAAt705","BEA_API"
2016,56,"Equipment",41759,"i3gstlc1eq00","6","FAAt705","BEA_API"
2017,56,"Equipment",44196,"i3gstlc1eq00","6","FAAt705","BEA_API"
2018,56,"Equipment",45371,"i3gstlc1eq00","6","FAAt705","BEA_API"
2019,56,"Equipment",46371,"i3gstlc1eq00","6","FAAt705","BEA_API"
2020,56,"Equipment",49173,"i3gstlc1eq00","6","FAAt705","BEA_API"
2021,56,"Equipment",50705,"i3gstlc1eq00","6","FAAt705","BEA_API"
2022,56,"Equipment",56661,"i3gstlc1eq00","6","FAAt705","BEA_API"
2023,56,"Equipment",62214,"i3gstlc1eq00","6","FAAt705","BEA_API"
2024,56,"Equipment",64680,"i3gstlc1eq00","6","FAAt705","BEA_API"
1901,57,"Structures",182,"i3gstlc1st00","6","FAAt705","BEA_API"
1902,57,"Structures",184,"i3gstlc1st00","6","FAAt705","BEA_API"
1903,57,"Structures",248,"i3gstlc1st00","6","FAAt705","BEA_API"
1904,57,"Structures",264,"i3gstlc1st00","6","FAAt705","BEA_API"
1905,57,"Structures",265,"i3gstlc1st00","6","FAAt705","BEA_API"
1906,57,"Structures",273,"i3gstlc1st00","6","FAAt705","BEA_API"
1907,57,"Structures",338,"i3gstlc1st00","6","FAAt705","BEA_API"
1908,57,"Structures",386,"i3gstlc1st00","6","FAAt705","BEA_API"
1909,57,"Structures",366,"i3gstlc1st00","6","FAAt705","BEA_API"
1910,57,"Structures",404,"i3gstlc1st00","6","FAAt705","BEA_API"
1911,57,"Structures",456,"i3gstlc1st00","6","FAAt705","BEA_API"
1912,57,"Structures",442,"i3gstlc1st00","6","FAAt705","BEA_API"
1913,57,"Structures",470,"i3gstlc1st00","6","FAAt705","BEA_API"
1914,57,"Structures",511,"i3gstlc1st00","6","FAAt705","BEA_API"
1915,57,"Structures",648,"i3gstlc1st00","6","FAAt705","BEA_API"
1916,57,"Structures",642,"i3gstlc1st00","6","FAAt705","BEA_API"
1917,57,"Structures",625,"i3gstlc1st00","6","FAAt705","BEA_API"
1918,57,"Structures",604,"i3gstlc1st00","6","FAAt705","BEA_API"
1919,57,"Structures",814,"i3gstlc1st00","6","FAAt705","BEA_API"
1920,57,"Structures",1120,"i3gstlc1st00","6","FAAt705","BEA_API"
1921,57,"Structures",1442,"i3gstlc1st00","6","FAAt705","BEA_API"
1922,57,"Structures",1584,"i3gstlc1st00","6","FAAt705","BEA_API"
1923,57,"Structures",1514,"i3gstlc1st00","6","FAAt705","BEA_API"
1924,57,"Structures",1790,"i3gstlc1st00","6","FAAt705","BEA_API"
1925,57,"Structures",2039,"i3gstlc1st00","6","FAAt705","BEA_API"
1926,57,"Structures",2057,"i3gstlc1st00","6","FAAt705","BEA_API"
1927,57,"Structures",2321,"i3gstlc1st00","6","FAAt705","BEA_API"
1928,57,"Structures",2383,"i3gstlc1st00","6","FAAt705","BEA_API"
1929,57,"Structures",2413,"i3gstlc1st00","6","FAAt705","BEA_API"
1930,57,"Structures",2715,"i3gstlc1st00","6","FAAt705","BEA_API"
1931,57,"Structures",2447,"i3gstlc1st00","6","FAAt705","BEA_API"
1932,57,"Structures",1580,"i3gstlc1st00","6","FAAt705","BEA_API"
1933,57,"Structures",1176,"i3gstlc1st00","6","FAAt705","BEA_API"
1934,57,"Structures",1624,"i3gstlc1st00","6","FAAt705","BEA_API"
1935,57,"Structures",1459,"i3gstlc1st00","6","FAAt705","BEA_API"
1936,57,"Structures",2763,"i3gstlc1st00","6","FAAt705","BEA_API"
1937,57,"Structures",2367,"i3gstlc1st00","6","FAAt705","BEA_API"
1938,57,"Structures",2756,"i3gstlc1st00","6","FAAt705","BEA_API"
1939,57,"Structures",3131,"i3gstlc1st00","6","FAAt705","BEA_API"
1940,57,"Structures",2556,"i3gstlc1st00","6","FAAt705","BEA_API"
1941,57,"Structures",2074,"i3gstlc1st00","6","FAAt705","BEA_API"
1942,57,"Structures",1400,"i3gstlc1st00","6","FAAt705","BEA_API"
1943,57,"Structures",771,"i3gstlc1st00","6","FAAt705","BEA_API"
1944,57,"Structures",603,"i3gstlc1st00","6","FAAt705","BEA_API"
1945,57,"Structures",708,"i3gstlc1st00","6","FAAt705","BEA_API"
1946,57,"Structures",1405,"i3gstlc1st00","6","FAAt705","BEA_API"
1947,57,"Structures",2527,"i3gstlc1st00","6","FAAt705","BEA_API"
1948,57,"Structures",3589,"i3gstlc1st00","6","FAAt705","BEA_API"
1949,57,"Structures",4887,"i3gstlc1st00","6","FAAt705","BEA_API"
1950,57,"Structures",5385,"i3gstlc1st00","6","FAAt705","BEA_API"
1951,57,"Structures",6419,"i3gstlc1st00","6","FAAt705","BEA_API"
1952,57,"Structures",6727,"i3gstlc1st00","6","FAAt705","BEA_API"
1953,57,"Structures",7278,"i3gstlc1st00","6","FAAt705","BEA_API"
1954,57,"Structures",8479,"i3gstlc1st00","6","FAAt705","BEA_API"
1955,57,"Structures",9274,"i3gstlc1st00","6","FAAt705","BEA_API"
1956,57,"Structures",10367,"i3gstlc1st00","6","FAAt705","BEA_API"
1957,57,"Structures",11458,"i3gstlc1st00","6","FAAt705","BEA_API"
1958,57,"Structures",12482,"i3gstlc1st00","6","FAAt705","BEA_API"
1959,57,"Structures",12839,"i3gstlc1st00","6","FAAt705","BEA_API"
1960,57,"Structures",12702,"i3gstlc1st00","6","FAAt705","BEA_API"
1961,57,"Structures",13786,"i3gstlc1st00","6","FAAt705","BEA_API"
1962,57,"Structures",14524,"i3gstlc1st00","6","FAAt705","BEA_API"
1963,57,"Structures",15969,"i3gstlc1st00","6","FAAt705","BEA_API"
1964,57,"Structures",17232,"i3gstlc1st00","6","FAAt705","BEA_API"
1965,57,"Structures",18953,"i3gstlc1st00","6","FAAt705","BEA_API"
1966,57,"Structures",20993,"i3gstlc1st00","6","FAAt705","BEA_API"
1967,57,"Structures",23041,"i3gstlc1st00","6","FAAt705","BEA_API"
1968,57,"Structures",25219,"i3gstlc1st00","6","FAAt705","BEA_API"
1969,57,"Structures",25578,"i3gstlc1st00","6","FAAt705","BEA_API"
1970,57,"Structures",25788,"i3gstlc1st00","6","FAAt705","BEA_API"
1971,57,"Structures",26952,"i3gstlc1st00","6","FAAt705","BEA_API"
1972,57,"Structures",27105,"i3gstlc1st00","6","FAAt705","BEA_API"
1973,57,"Structures",29135,"i3gstlc1st00","6","FAAt705","BEA_API"
1974,57,"Structures",34738,"i3gstlc1st00","6","FAAt705","BEA_API"
1975,57,"Structures",38136,"i3gstlc1st00","6","FAAt705","BEA_API"
1976,57,"Structures",38148,"i3gstlc1st00","6","FAAt705","BEA_API"
1977,57,"Structures",36911,"i3gstlc1st00","6","FAAt705","BEA_API"
1978,57,"Structures",42846,"i3gstlc1st00","6","FAAt705","BEA_API"
1979,57,"Structures",49040,"i3gstlc1st00","6","FAAt705","BEA_API"
1980,57,"Structures",55058,"i3gstlc1st00","6","FAAt705","BEA_API"
1981,57,"Structures",55421,"i3gstlc1st00","6","FAAt705","BEA_API"
1982,57,"Structures",54245,"i3gstlc1st00","6","FAAt705","BEA_API"
1983,57,"Structures",54222,"i3gstlc1st00","6","FAAt705","BEA_API"
1984,57,"Structures",60536,"i3gstlc1st00","6","FAAt705","BEA_API"
1985,57,"Structures",67553,"i3gstlc1st00","6","FAAt705","BEA_API"
1986,57,"Structures",74207,"i3gstlc1st00","6","FAAt705","BEA_API"
1987,57,"Structures",78821,"i3gstlc1st00","6","FAAt705","BEA_API"
1988,57,"Structures",84793,"i3gstlc1st00","6","FAAt705","BEA_API"
1989,57,"Structures",88727,"i3gstlc1st00","6","FAAt705","BEA_API"
1990,57,"Structures",98539,"i3gstlc1st00","6","FAAt705","BEA_API"
1991,57,"Structures",103180,"i3gstlc1st00","6","FAAt705","BEA_API"
1992,57,"Structures",104232,"i3gstlc1st00","6","FAAt705","BEA_API"
1993,57,"Structures",104487,"i3gstlc1st00","6","FAAt705","BEA_API"
1994,57,"Structures",108710,"i3gstlc1st00","6","FAAt705","BEA_API"
1995,57,"Structures",117256,"i3gstlc1st00","6","FAAt705","BEA_API"
1996,57,"Structures",126838,"i3gstlc1st00","6","FAAt705","BEA_API"
1997,57,"Structures",136587,"i3gstlc1st00","6","FAAt705","BEA_API"
1998,57,"Structures",146148,"i3gstlc1st00","6","FAAt705","BEA_API"
1999,57,"Structures",159689,"i3gstlc1st00","6","FAAt705","BEA_API"
2000,57,"Structures",174558,"i3gstlc1st00","6","FAAt705","BEA_API"
2001,57,"Structures",190561,"i3gstlc1st00","6","FAAt705","BEA_API"
2002,57,"Structures",204073,"i3gstlc1st00","6","FAAt705","BEA_API"
2003,57,"Structures",211137,"i3gstlc1st00","6","FAAt705","BEA_API"
2004,57,"Structures",219141,"i3gstlc1st00","6","FAAt705","BEA_API"
2005,57,"Structures",231533,"i3gstlc1st00","6","FAAt705","BEA_API"
2006,57,"Structures",251448,"i3gstlc1st00","6","FAAt705","BEA_API"
2007,57,"Structures",271355,"i3gstlc1st00","6","FAAt705","BEA_API"
2008,57,"Structures",284515,"i3gstlc1st00","6","FAAt705","BEA_API"
2009,57,"Structures",288911,"i3gstlc1st00","6","FAAt705","BEA_API"
2010,57,"Structures",279794,"i3gstlc1st00","6","FAAt705","BEA_API"
2011,57,"Structures",273423,"i3gstlc1st00","6","FAAt705","BEA_API"
2012,57,"Structures",264951,"i3gstlc1st00","6","FAAt705","BEA_API"
2013,57,"Structures",259342,"i3gstlc1st00","6","FAAt705","BEA_API"
2014,57,"Structures",266075,"i3gstlc1st00","6","FAAt705","BEA_API"
2015,57,"Structures",281440,"i3gstlc1st00","6","FAAt705","BEA_API"
2016,57,"Structures",292496,"i3gstlc1st00","6","FAAt705","BEA_API"
2017,57,"Structures",304902,"i3gstlc1st00","6","FAAt705","BEA_API"
2018,57,"Structures",324930,"i3gstlc1st00","6","FAAt705","BEA_API"
2019,57,"Structures",344784,"i3gstlc1st00","6","FAAt705","BEA_API"
2020,57,"Structures",350935,"i3gstlc1st00","6","FAAt705","BEA_API"
2021,57,"Structures",342980,"i3gstlc1st00","6","FAAt705","BEA_API"
2022,57,"Structures",364732,"i3gstlc1st00","6","FAAt705","BEA_API"
2023,57,"Structures",422008,"i3gstlc1st00","6","FAAt705","BEA_API"
2024,57,"Structures",463917,"i3gstlc1st00","6","FAAt705","BEA_API"
1901,58,"Residential",0,"i3gstlc1sa00","6","FAAt705","BEA_API"
1902,58,"Residential",0,"i3gstlc1sa00","6","FAAt705","BEA_API"
1903,58,"Residential",0,"i3gstlc1sa00","6","FAAt705","BEA_API"
1904,58,"Residential",0,"i3gstlc1sa00","6","FAAt705","BEA_API"
1905,58,"Residential",0,"i3gstlc1sa00","6","FAAt705","BEA_API"
1906,58,"Residential",0,"i3gstlc1sa00","6","FAAt705","BEA_API"
1907,58,"Residential",0,"i3gstlc1sa00","6","FAAt705","BEA_API"
1908,58,"Residential",0,"i3gstlc1sa00","6","FAAt705","BEA_API"
1909,58,"Residential",0,"i3gstlc1sa00","6","FAAt705","BEA_API"
1910,58,"Residential",0,"i3gstlc1sa00","6","FAAt705","BEA_API"
1911,58,"Residential",0,"i3gstlc1sa00","6","FAAt705","BEA_API"
1912,58,"Residential",0,"i3gstlc1sa00","6","FAAt705","BEA_API"
1913,58,"Residential",0,"i3gstlc1sa00","6","FAAt705","BEA_API"
1914,58,"Residential",0,"i3gstlc1sa00","6","FAAt705","BEA_API"
1915,58,"Residential",0,"i3gstlc1sa00","6","FAAt705","BEA_API"
1916,58,"Residential",0,"i3gstlc1sa00","6","FAAt705","BEA_API"
1917,58,"Residential",0,"i3gstlc1sa00","6","FAAt705","BEA_API"
1918,58,"Residential",0,"i3gstlc1sa00","6","FAAt705","BEA_API"
1919,58,"Residential",0,"i3gstlc1sa00","6","FAAt705","BEA_API"
1920,58,"Residential",0,"i3gstlc1sa00","6","FAAt705","BEA_API"
1921,58,"Residential",0,"i3gstlc1sa00","6","FAAt705","BEA_API"
1922,58,"Residential",0,"i3gstlc1sa00","6","FAAt705","BEA_API"
1923,58,"Residential",0,"i3gstlc1sa00","6","FAAt705","BEA_API"
1924,58,"Residential",0,"i3gstlc1sa00","6","FAAt705","BEA_API"
1925,58,"Residential",0,"i3gstlc1sa00","6","FAAt705","BEA_API"
1926,58,"Residential",0,"i3gstlc1sa00","6","FAAt705","BEA_API"
1927,58,"Residential",0,"i3gstlc1sa00","6","FAAt705","BEA_API"
1928,58,"Residential",0,"i3gstlc1sa00","6","FAAt705","BEA_API"
1929,58,"Residential",6,"i3gstlc1sa00","6","FAAt705","BEA_API"
1930,58,"Residential",5,"i3gstlc1sa00","6","FAAt705","BEA_API"
1931,58,"Residential",4,"i3gstlc1sa00","6","FAAt705","BEA_API"
1932,58,"Residential",3,"i3gstlc1sa00","6","FAAt705","BEA_API"
1933,58,"Residential",3,"i3gstlc1sa00","6","FAAt705","BEA_API"
1934,58,"Residential",3,"i3gstlc1sa00","6","FAAt705","BEA_API"
1935,58,"Residential",3,"i3gstlc1sa00","6","FAAt705","BEA_API"
1936,58,"Residential",3,"i3gstlc1sa00","6","FAAt705","BEA_API"
1937,58,"Residential",3,"i3gstlc1sa00","6","FAAt705","BEA_API"
1938,58,"Residential",6,"i3gstlc1sa00","6","FAAt705","BEA_API"
1939,58,"Residential",62,"i3gstlc1sa00","6","FAAt705","BEA_API"
1940,58,"Residential",189,"i3gstlc1sa00","6","FAAt705","BEA_API"
1941,58,"Residential",204,"i3gstlc1sa00","6","FAAt705","BEA_API"
1942,58,"Residential",171,"i3gstlc1sa00","6","FAAt705","BEA_API"
1943,58,"Residential",41,"i3gstlc1sa00","6","FAAt705","BEA_API"
1944,58,"Residential",9,"i3gstlc1sa00","6","FAAt705","BEA_API"
1945,58,"Residential",56,"i3gstlc1sa00","6","FAAt705","BEA_API"
1946,58,"Residential",119,"i3gstlc1sa00","6","FAAt705","BEA_API"
1947,58,"Residential",183,"i3gstlc1sa00","6","FAAt705","BEA_API"
1948,58,"Residential",116,"i3gstlc1sa00","6","FAAt705","BEA_API"
1949,58,"Residential",306,"i3gstlc1sa00","6","FAAt705","BEA_API"
1950,58,"Residential",315,"i3gstlc1sa00","6","FAAt705","BEA_API"
1951,58,"Residential",546,"i3gstlc1sa00","6","FAAt705","BEA_API"
1952,58,"Residential",601,"i3gstlc1sa00","6","FAAt705","BEA_API"
1953,58,"Residential",508,"i3gstlc1sa00","6","FAAt705","BEA_API"
1954,58,"Residential",322,"i3gstlc1sa00","6","FAAt705","BEA_API"
1955,58,"Residential",266,"i3gstlc1sa00","6","FAAt705","BEA_API"
1956,58,"Residential",277,"i3gstlc1sa00","6","FAAt705","BEA_API"
1957,58,"Residential",350,"i3gstlc1sa00","6","FAAt705","BEA_API"
1958,58,"Residential",480,"i3gstlc1sa00","6","FAAt705","BEA_API"
1959,58,"Residential",470,"i3gstlc1sa00","6","FAAt705","BEA_API"
1960,58,"Residential",463,"i3gstlc1sa00","6","FAAt705","BEA_API"
1961,58,"Residential",597,"i3gstlc1sa00","6","FAAt705","BEA_API"
1962,58,"Residential",783,"i3gstlc1sa00","6","FAAt705","BEA_API"
1963,58,"Residential",464,"i3gstlc1sa00","6","FAAt705","BEA_API"
1964,58,"Residential",534,"i3gstlc1sa00","6","FAAt705","BEA_API"
1965,58,"Residential",540,"i3gstlc1sa00","6","FAAt705","BEA_API"
1966,58,"Residential",658,"i3gstlc1sa00","6","FAAt705","BEA_API"
1967,58,"Residential",787,"i3gstlc1sa00","6","FAAt705","BEA_API"
1968,58,"Residential",794,"i3gstlc1sa00","6","FAAt705","BEA_API"
1969,58,"Residential",994,"i3gstlc1sa00","6","FAAt705","BEA_API"
1970,58,"Residential",1109,"i3gstlc1sa00","6","FAAt705","BEA_API"
1971,58,"Residential",1133,"i3gstlc1sa00","6","FAAt705","BEA_API"
1972,58,"Residential",868,"i3gstlc1sa00","6","FAAt705","BEA_API"
1973,58,"Residential",942,"i3gstlc1sa00","6","FAAt705","BEA_API"
1974,58,"Residential",898,"i3gstlc1sa00","6","FAAt705","BEA_API"
1975,58,"Residential",1097,"i3gstlc1sa00","6","FAAt705","BEA_API"
1976,58,"Residential",995,"i3gstlc1sa00","6","FAAt705","BEA_API"
1977,58,"Residential",1200,"i3gstlc1sa00","6","FAAt705","BEA_API"
1978,58,"Residential",1196,"i3gstlc1sa00","6","FAAt705","BEA_API"
1979,58,"Residential",1548,"i3gstlc1sa00","6","FAAt705","BEA_API"
1980,58,"Residential",1871,"i3gstlc1sa00","6","FAAt705","BEA_API"
1981,58,"Residential",2301,"i3gstlc1sa00","6","FAAt705","BEA_API"
1982,58,"Residential",2192,"i3gstlc1sa00","6","FAAt705","BEA_API"
1983,58,"Residential",2441,"i3gstlc1sa00","6","FAAt705","BEA_API"
1984,58,"Residential",2399,"i3gstlc1sa00","6","FAAt705","BEA_API"
1985,58,"Residential",2617,"i3gstlc1sa00","6","FAAt705","BEA_API"
1986,58,"Residential",2707,"i3gstlc1sa00","6","FAAt705","BEA_API"
1987,58,"Residential",2818,"i3gstlc1sa00","6","FAAt705","BEA_API"
1988,58,"Residential",2895,"i3gstlc1sa00","6","FAAt705","BEA_API"
1989,58,"Residential",2982,"i3gstlc1sa00","6","FAAt705","BEA_API"
1990,58,"Residential",3365,"i3gstlc1sa00","6","FAAt705","BEA_API"
1991,58,"Residential",3557,"i3gstlc1sa00","6","FAAt705","BEA_API"
1992,58,"Residential",3915,"i3gstlc1sa00","6","FAAt705","BEA_API"
1993,58,"Residential",3680,"i3gstlc1sa00","6","FAAt705","BEA_API"
1994,58,"Residential",3341,"i3gstlc1sa00","6","FAAt705","BEA_API"
1995,58,"Residential",4008,"i3gstlc1sa00","6","FAAt705","BEA_API"
1996,58,"Residential",4228,"i3gstlc1sa00","6","FAAt705","BEA_API"
1997,58,"Residential",4557,"i3gstlc1sa00","6","FAAt705","BEA_API"
1998,58,"Residential",4574,"i3gstlc1sa00","6","FAAt705","BEA_API"
1999,58,"Residential",4727,"i3gstlc1sa00","6","FAAt705","BEA_API"
2000,58,"Residential",4761,"i3gstlc1sa00","6","FAAt705","BEA_API"
2001,58,"Residential",5310,"i3gstlc1sa00","6","FAAt705","BEA_API"
2002,58,"Residential",5709,"i3gstlc1sa00","6","FAAt705","BEA_API"
2003,58,"Residential",5643,"i3gstlc1sa00","6","FAAt705","BEA_API"
2004,58,"Residential",6428,"i3gstlc1sa00","6","FAAt705","BEA_API"
2005,58,"Residential",6733,"i3gstlc1sa00","6","FAAt705","BEA_API"
2006,58,"Residential",6340,"i3gstlc1sa00","6","FAAt705","BEA_API"
2007,58,"Residential",6160,"i3gstlc1sa00","6","FAAt705","BEA_API"
2008,58,"Residential",6856,"i3gstlc1sa00","6","FAAt705","BEA_API"
2009,58,"Residential",7094,"i3gstlc1sa00","6","FAAt705","BEA_API"
2010,58,"Residential",7177,"i3gstlc1sa00","6","FAAt705","BEA_API"
2011,58,"Residential",6201,"i3gstlc1sa00","6","FAAt705","BEA_API"
2012,58,"Residential",4864,"i3gstlc1sa00","6","FAAt705","BEA_API"
2013,58,"Residential",4488,"i3gstlc1sa00","6","FAAt705","BEA_API"
2014,58,"Residential",4663,"i3gstlc1sa00","6","FAAt705","BEA_API"
2015,58,"Residential",4727,"i3gstlc1sa00","6","FAAt705","BEA_API"
2016,58,"Residential",4986,"i3gstlc1sa00","6","FAAt705","BEA_API"
2017,58,"Residential",5440,"i3gstlc1sa00","6","FAAt705","BEA_API"
2018,58,"Residential",6287,"i3gstlc1sa00","6","FAAt705","BEA_API"
2019,58,"Residential",6758,"i3gstlc1sa00","6","FAAt705","BEA_API"
2020,58,"Residential",6402,"i3gstlc1sa00","6","FAAt705","BEA_API"
2021,58,"Residential",6081,"i3gstlc1sa00","6","FAAt705","BEA_API"
2022,58,"Residential",5970,"i3gstlc1sa00","6","FAAt705","BEA_API"
2023,58,"Residential",6638,"i3gstlc1sa00","6","FAAt705","BEA_API"
2024,58,"Residential",7414,"i3gstlc1sa00","6","FAAt705","BEA_API"
1901,59,"Office",4,"i3gstlc1sd00","6","FAAt705","BEA_API"
1902,59,"Office",4,"i3gstlc1sd00","6","FAAt705","BEA_API"
1903,59,"Office",5,"i3gstlc1sd00","6","FAAt705","BEA_API"
1904,59,"Office",4,"i3gstlc1sd00","6","FAAt705","BEA_API"
1905,59,"Office",5,"i3gstlc1sd00","6","FAAt705","BEA_API"
1906,59,"Office",5,"i3gstlc1sd00","6","FAAt705","BEA_API"
1907,59,"Office",6,"i3gstlc1sd00","6","FAAt705","BEA_API"
1908,59,"Office",7,"i3gstlc1sd00","6","FAAt705","BEA_API"
1909,59,"Office",6,"i3gstlc1sd00","6","FAAt705","BEA_API"
1910,59,"Office",7,"i3gstlc1sd00","6","FAAt705","BEA_API"
1911,59,"Office",8,"i3gstlc1sd00","6","FAAt705","BEA_API"
1912,59,"Office",8,"i3gstlc1sd00","6","FAAt705","BEA_API"
1913,59,"Office",8,"i3gstlc1sd00","6","FAAt705","BEA_API"
1914,59,"Office",8,"i3gstlc1sd00","6","FAAt705","BEA_API"
1915,59,"Office",10,"i3gstlc1sd00","6","FAAt705","BEA_API"
1916,59,"Office",9,"i3gstlc1sd00","6","FAAt705","BEA_API"
1917,59,"Office",8,"i3gstlc1sd00","6","FAAt705","BEA_API"
1918,59,"Office",9,"i3gstlc1sd00","6","FAAt705","BEA_API"
1919,59,"Office",11,"i3gstlc1sd00","6","FAAt705","BEA_API"
1920,59,"Office",17,"i3gstlc1sd00","6","FAAt705","BEA_API"
1921,59,"Office",20,"i3gstlc1sd00","6","FAAt705","BEA_API"
1922,59,"Office",20,"i3gstlc1sd00","6","FAAt705","BEA_API"
1923,59,"Office",22,"i3gstlc1sd00","6","FAAt705","BEA_API"
1924,59,"Office",24,"i3gstlc1sd00","6","FAAt705","BEA_API"
1925,59,"Office",37,"i3gstlc1sd00","6","FAAt705","BEA_API"
1926,59,"Office",45,"i3gstlc1sd00","6","FAAt705","BEA_API"
1927,59,"Office",49,"i3gstlc1sd00","6","FAAt705","BEA_API"
1928,59,"Office",48,"i3gstlc1sd00","6","FAAt705","BEA_API"
1929,59,"Office",66,"i3gstlc1sd00","6","FAAt705","BEA_API"
1930,59,"Office",61,"i3gstlc1sd00","6","FAAt705","BEA_API"
1931,59,"Office",67,"i3gstlc1sd00","6","FAAt705","BEA_API"
1932,59,"Office",38,"i3gstlc1sd00","6","FAAt705","BEA_API"
1933,59,"Office",23,"i3gstlc1sd00","6","FAAt705","BEA_API"
1934,59,"Office",44,"i3gstlc1sd00","6","FAAt705","BEA_API"
1935,59,"Office",37,"i3gstlc1sd00","6","FAAt705","BEA_API"
1936,59,"Office",75,"i3gstlc1sd00","6","FAAt705","BEA_API"
1937,59,"Office",61,"i3gstlc1sd00","6","FAAt705","BEA_API"
1938,59,"Office",75,"i3gstlc1sd00","6","FAAt705","BEA_API"
1939,59,"Office",121,"i3gstlc1sd00","6","FAAt705","BEA_API"
1940,59,"Office",83,"i3gstlc1sd00","6","FAAt705","BEA_API"
1941,59,"Office",47,"i3gstlc1sd00","6","FAAt705","BEA_API"
1942,59,"Office",17,"i3gstlc1sd00","6","FAAt705","BEA_API"
1943,59,"Office",15,"i3gstlc1sd00","6","FAAt705","BEA_API"
1944,59,"Office",14,"i3gstlc1sd00","6","FAAt705","BEA_API"
1945,59,"Office",16,"i3gstlc1sd00","6","FAAt705","BEA_API"
1946,59,"Office",16,"i3gstlc1sd00","6","FAAt705","BEA_API"
1947,59,"Office",53,"i3gstlc1sd00","6","FAAt705","BEA_API"
1948,59,"Office",99,"i3gstlc1sd00","6","FAAt705","BEA_API"
1949,59,"Office",148,"i3gstlc1sd00","6","FAAt705","BEA_API"
1950,59,"Office",168,"i3gstlc1sd00","6","FAAt705","BEA_API"
1951,59,"Office",171,"i3gstlc1sd00","6","FAAt705","BEA_API"
1952,59,"Office",131,"i3gstlc1sd00","6","FAAt705","BEA_API"
1953,59,"Office",178,"i3gstlc1sd00","6","FAAt705","BEA_API"
1954,59,"Office",228,"i3gstlc1sd00","6","FAAt705","BEA_API"
1955,59,"Office",301,"i3gstlc1sd00","6","FAAt705","BEA_API"
1956,59,"Office",308,"i3gstlc1sd00","6","FAAt705","BEA_API"
1957,59,"Office",344,"i3gstlc1sd00","6","FAAt705","BEA_API"
1958,59,"Office",368,"i3gstlc1sd00","6","FAAt705","BEA_API"
1959,59,"Office",385,"i3gstlc1sd00","6","FAAt705","BEA_API"
1960,59,"Office",425,"i3gstlc1sd00","6","FAAt705","BEA_API"
1961,59,"Office",402,"i3gstlc1sd00","6","FAAt705","BEA_API"
1962,59,"Office",453,"i3gstlc1sd00","6","FAAt705","BEA_API"
1963,59,"Office",587,"i3gstlc1sd00","6","FAAt705","BEA_API"
1964,59,"Office",617,"i3gstlc1sd00","6","FAAt705","BEA_API"
1965,59,"Office",768,"i3gstlc1sd00","6","FAAt705","BEA_API"
1966,59,"Office",747,"i3gstlc1sd00","6","FAAt705","BEA_API"
1967,59,"Office",1029,"i3gstlc1sd00","6","FAAt705","BEA_API"
1968,59,"Office",1279,"i3gstlc1sd00","6","FAAt705","BEA_API"
1969,59,"Office",1671,"i3gstlc1sd00","6","FAAt705","BEA_API"
1970,59,"Office",1258,"i3gstlc1sd00","6","FAAt705","BEA_API"
1971,59,"Office",1390,"i3gstlc1sd00","6","FAAt705","BEA_API"
1972,59,"Office",1455,"i3gstlc1sd00","6","FAAt705","BEA_API"
1973,59,"Office",1786,"i3gstlc1sd00","6","FAAt705","BEA_API"
1974,59,"Office",2264,"i3gstlc1sd00","6","FAAt705","BEA_API"
1975,59,"Office",3064,"i3gstlc1sd00","6","FAAt705","BEA_API"
1976,59,"Office",2988,"i3gstlc1sd00","6","FAAt705","BEA_API"
1977,59,"Office",2751,"i3gstlc1sd00","6","FAAt705","BEA_API"
1978,59,"Office",3198,"i3gstlc1sd00","6","FAAt705","BEA_API"
1979,59,"Office",3342,"i3gstlc1sd00","6","FAAt705","BEA_API"
1980,59,"Office",3596,"i3gstlc1sd00","6","FAAt705","BEA_API"
1981,59,"Office",3760,"i3gstlc1sd00","6","FAAt705","BEA_API"
1982,59,"Office",3753,"i3gstlc1sd00","6","FAAt705","BEA_API"
1983,59,"Office",3794,"i3gstlc1sd00","6","FAAt705","BEA_API"
1984,59,"Office",3992,"i3gstlc1sd00","6","FAAt705","BEA_API"
1985,59,"Office",4212,"i3gstlc1sd00","6","FAAt705","BEA_API"
1986,59,"Office",5030,"i3gstlc1sd00","6","FAAt705","BEA_API"
1987,59,"Office",5291,"i3gstlc1sd00","6","FAAt705","BEA_API"
1988,59,"Office",5459,"i3gstlc1sd00","6","FAAt705","BEA_API"
1989,59,"Office",6258,"i3gstlc1sd00","6","FAAt705","BEA_API"
1990,59,"Office",7127,"i3gstlc1sd00","6","FAAt705","BEA_API"
1991,59,"Office",7309,"i3gstlc1sd00","6","FAAt705","BEA_API"
1992,59,"Office",7129,"i3gstlc1sd00","6","FAAt705","BEA_API"
1993,59,"Office",7504,"i3gstlc1sd00","6","FAAt705","BEA_API"
1994,59,"Office",8484,"i3gstlc1sd00","6","FAAt705","BEA_API"
1995,59,"Office",9606,"i3gstlc1sd00","6","FAAt705","BEA_API"
1996,59,"Office",11312,"i3gstlc1sd00","6","FAAt705","BEA_API"
1997,59,"Office",11617,"i3gstlc1sd00","6","FAAt705","BEA_API"
1998,59,"Office",13010,"i3gstlc1sd00","6","FAAt705","BEA_API"
1999,59,"Office",14516,"i3gstlc1sd00","6","FAAt705","BEA_API"
2000,59,"Office",15814,"i3gstlc1sd00","6","FAAt705","BEA_API"
2001,59,"Office",15391,"i3gstlc1sd00","6","FAAt705","BEA_API"
2002,59,"Office",19843,"i3gstlc1sd00","6","FAAt705","BEA_API"
2003,59,"Office",20780,"i3gstlc1sd00","6","FAAt705","BEA_API"
2004,59,"Office",21316,"i3gstlc1sd00","6","FAAt705","BEA_API"
2005,59,"Office",21541,"i3gstlc1sd00","6","FAAt705","BEA_API"
2006,59,"Office",22311,"i3gstlc1sd00","6","FAAt705","BEA_API"
2007,59,"Office",23555,"i3gstlc1sd00","6","FAAt705","BEA_API"
2008,59,"Office",24791,"i3gstlc1sd00","6","FAAt705","BEA_API"
2009,59,"Office",25434,"i3gstlc1sd00","6","FAAt705","BEA_API"
2010,59,"Office",24062,"i3gstlc1sd00","6","FAAt705","BEA_API"
2011,59,"Office",23859,"i3gstlc1sd00","6","FAAt705","BEA_API"
2012,59,"Office",22905,"i3gstlc1sd00","6","FAAt705","BEA_API"
2013,59,"Office",22284,"i3gstlc1sd00","6","FAAt705","BEA_API"
2014,59,"Office",22214,"i3gstlc1sd00","6","FAAt705","BEA_API"
2015,59,"Office",22556,"i3gstlc1sd00","6","FAAt705","BEA_API"
2016,59,"Office",22526,"i3gstlc1sd00","6","FAAt705","BEA_API"
2017,59,"Office",23891,"i3gstlc1sd00","6","FAAt705","BEA_API"
2018,59,"Office",25144,"i3gstlc1sd00","6","FAAt705","BEA_API"
2019,59,"Office",25334,"i3gstlc1sd00","6","FAAt705","BEA_API"
2020,59,"Office",26776,"i3gstlc1sd00","6","FAAt705","BEA_API"
2021,59,"Office",27971,"i3gstlc1sd00","6","FAAt705","BEA_API"
2022,59,"Office",30531,"i3gstlc1sd00","6","FAAt705","BEA_API"
2023,59,"Office",35415,"i3gstlc1sd00","6","FAAt705","BEA_API"
2024,59,"Office",38706,"i3gstlc1sd00","6","FAAt705","BEA_API"
1901,60,"Commercial",1,"i3gstlc1se00","6","FAAt705","BEA_API"
1902,60,"Commercial",1,"i3gstlc1se00","6","FAAt705","BEA_API"
1903,60,"Commercial",1,"i3gstlc1se00","6","FAAt705","BEA_API"
1904,60,"Commercial",1,"i3gstlc1se00","6","FAAt705","BEA_API"
1905,60,"Commercial",1,"i3gstlc1se00","6","FAAt705","BEA_API"
1906,60,"Commercial",1,"i3gstlc1se00","6","FAAt705","BEA_API"
1907,60,"Commercial",1,"i3gstlc1se00","6","FAAt705","BEA_API"
1908,60,"Commercial",1,"i3gstlc1se00","6","FAAt705","BEA_API"
1909,60,"Commercial",1,"i3gstlc1se00","6","FAAt705","BEA_API"
1910,60,"Commercial",1,"i3gstlc1se00","6","FAAt705","BEA_API"
1911,60,"Commercial",1,"i3gstlc1se00","6","FAAt705","BEA_API"
1912,60,"Commercial",1,"i3gstlc1se00","6","FAAt705","BEA_API"
1913,60,"Commercial",1,"i3gstlc1se00","6","FAAt705","BEA_API"
1914,60,"Commercial",1,"i3gstlc1se00","6","FAAt705","BEA_API"
1915,60,"Commercial",2,"i3gstlc1se00","6","FAAt705","BEA_API"
1916,60,"Commercial",2,"i3gstlc1se00","6","FAAt705","BEA_API"
1917,60,"Commercial",2,"i3gstlc1se00","6","FAAt705","BEA_API"
1918,60,"Commercial",1,"i3gstlc1se00","6","FAAt705","BEA_API"
1919,60,"Commercial",2,"i3gstlc1se00","6","FAAt705","BEA_API"
1920,60,"Commercial",2,"i3gstlc1se00","6","FAAt705","BEA_API"
1921,60,"Commercial",3,"i3gstlc1se00","6","FAAt705","BEA_API"
1922,60,"Commercial",3,"i3gstlc1se00","6","FAAt705","BEA_API"
1923,60,"Commercial",3,"i3gstlc1se00","6","FAAt705","BEA_API"
1924,60,"Commercial",3,"i3gstlc1se00","6","FAAt705","BEA_API"
1925,60,"Commercial",6,"i3gstlc1se00","6","FAAt705","BEA_API"
1926,60,"Commercial",6,"i3gstlc1se00","6","FAAt705","BEA_API"
1927,60,"Commercial",8,"i3gstlc1se00","6","FAAt705","BEA_API"
1928,60,"Commercial",7,"i3gstlc1se00","6","FAAt705","BEA_API"
1929,60,"Commercial",8,"i3gstlc1se00","6","FAAt705","BEA_API"
1930,60,"Commercial",7,"i3gstlc1se00","6","FAAt705","BEA_API"
1931,60,"Commercial",9,"i3gstlc1se00","6","FAAt705","BEA_API"
1932,60,"Commercial",5,"i3gstlc1se00","6","FAAt705","BEA_API"
1933,60,"Commercial",3,"i3gstlc1se00","6","FAAt705","BEA_API"
1934,60,"Commercial",4,"i3gstlc1se00","6","FAAt705","BEA_API"
1935,60,"Commercial",5,"i3gstlc1se00","6","FAAt705","BEA_API"
1936,60,"Commercial",13,"i3gstlc1se00","6","FAAt705","BEA_API"
1937,60,"Commercial",9,"i3gstlc1se00","6","FAAt705","BEA_API"
1938,60,"Commercial",11,"i3gstlc1se00","6","FAAt705","BEA_API"
1939,60,"Commercial",15,"i3gstlc1se00","6","FAAt705","BEA_API"
1940,60,"Commercial",10,"i3gstlc1se00","6","FAAt705","BEA_API"
1941,60,"Commercial",7,"i3gstlc1se00","6","FAAt705","BEA_API"
1942,60,"Commercial",3,"i3gstlc1se00","6","FAAt705","BEA_API"
1943,60,"Commercial",2,"i3gstlc1se00","6","FAAt705","BEA_API"
1944,60,"Commercial",2,"i3gstlc1se00","6","FAAt705","BEA_API"
1945,60,"Commercial",2,"i3gstlc1se00","6","FAAt705","BEA_API"
1946,60,"Commercial",3,"i3gstlc1se00","6","FAAt705","BEA_API"
1947,60,"Commercial",8,"i3gstlc1se00","6","FAAt705","BEA_API"
1948,60,"Commercial",12,"i3gstlc1se00","6","FAAt705","BEA_API"
1949,60,"Commercial",15,"i3gstlc1se00","6","FAAt705","BEA_API"
1950,60,"Commercial",16,"i3gstlc1se00","6","FAAt705","BEA_API"
1951,60,"Commercial",17,"i3gstlc1se00","6","FAAt705","BEA_API"
1952,60,"Commercial",13,"i3gstlc1se00","6","FAAt705","BEA_API"
1953,60,"Commercial",17,"i3gstlc1se00","6","FAAt705","BEA_API"
1954,60,"Commercial",21,"i3gstlc1se00","6","FAAt705","BEA_API"
1955,60,"Commercial",25,"i3gstlc1se00","6","FAAt705","BEA_API"
1956,60,"Commercial",28,"i3gstlc1se00","6","FAAt705","BEA_API"
1957,60,"Commercial",32,"i3gstlc1se00","6","FAAt705","BEA_API"
1958,60,"Commercial",35,"i3gstlc1se00","6","FAAt705","BEA_API"
1959,60,"Commercial",39,"i3gstlc1se00","6","FAAt705","BEA_API"
1960,60,"Commercial",30,"i3gstlc1se00","6","FAAt705","BEA_API"
1961,60,"Commercial",29,"i3gstlc1se00","6","FAAt705","BEA_API"
1962,60,"Commercial",29,"i3gstlc1se00","6","FAAt705","BEA_API"
1963,60,"Commercial",44,"i3gstlc1se00","6","FAAt705","BEA_API"
1964,60,"Commercial",52,"i3gstlc1se00","6","FAAt705","BEA_API"
1965,60,"Commercial",60,"i3gstlc1se00","6","FAAt705","BEA_API"
1966,60,"Commercial",66,"i3gstlc1se00","6","FAAt705","BEA_API"
1967,60,"Commercial",62,"i3gstlc1se00","6","FAAt705","BEA_API"
1968,60,"Commercial",60,"i3gstlc1se00","6","FAAt705","BEA_API"
1969,60,"Commercial",69,"i3gstlc1se00","6","FAAt705","BEA_API"
1970,60,"Commercial",68,"i3gstlc1se00","6","FAAt705","BEA_API"
1971,60,"Commercial",68,"i3gstlc1se00","6","FAAt705","BEA_API"
1972,60,"Commercial",82,"i3gstlc1se00","6","FAAt705","BEA_API"
1973,60,"Commercial",93,"i3gstlc1se00","6","FAAt705","BEA_API"
1974,60,"Commercial",146,"i3gstlc1se00","6","FAAt705","BEA_API"
1975,60,"Commercial",165,"i3gstlc1se00","6","FAAt705","BEA_API"
1976,60,"Commercial",163,"i3gstlc1se00","6","FAAt705","BEA_API"
1977,60,"Commercial",119,"i3gstlc1se00","6","FAAt705","BEA_API"
1978,60,"Commercial",114,"i3gstlc1se00","6","FAAt705","BEA_API"
1979,60,"Commercial",136,"i3gstlc1se00","6","FAAt705","BEA_API"
1980,60,"Commercial",156,"i3gstlc1se00","6","FAAt705","BEA_API"
1981,60,"Commercial",159,"i3gstlc1se00","6","FAAt705","BEA_API"
1982,60,"Commercial",177,"i3gstlc1se00","6","FAAt705","BEA_API"
1983,60,"Commercial",183,"i3gstlc1se00","6","FAAt705","BEA_API"
1984,60,"Commercial",198,"i3gstlc1se00","6","FAAt705","BEA_API"
1985,60,"Commercial",229,"i3gstlc1se00","6","FAAt705","BEA_API"
1986,60,"Commercial",257,"i3gstlc1se00","6","FAAt705","BEA_API"
1987,60,"Commercial",289,"i3gstlc1se00","6","FAAt705","BEA_API"
1988,60,"Commercial",297,"i3gstlc1se00","6","FAAt705","BEA_API"
1989,60,"Commercial",263,"i3gstlc1se00","6","FAAt705","BEA_API"
1990,60,"Commercial",271,"i3gstlc1se00","6","FAAt705","BEA_API"
1991,60,"Commercial",289,"i3gstlc1se00","6","FAAt705","BEA_API"
1992,60,"Commercial",217,"i3gstlc1se00","6","FAAt705","BEA_API"
1993,60,"Commercial",154,"i3gstlc1se00","6","FAAt705","BEA_API"
1994,60,"Commercial",167,"i3gstlc1se00","6","FAAt705","BEA_API"
1995,60,"Commercial",218,"i3gstlc1se00","6","FAAt705","BEA_API"
1996,60,"Commercial",202,"i3gstlc1se00","6","FAAt705","BEA_API"
1997,60,"Commercial",179,"i3gstlc1se00","6","FAAt705","BEA_API"
1998,60,"Commercial",264,"i3gstlc1se00","6","FAAt705","BEA_API"
1999,60,"Commercial",274,"i3gstlc1se00","6","FAAt705","BEA_API"
2000,60,"Commercial",256,"i3gstlc1se00","6","FAAt705","BEA_API"
2001,60,"Commercial",331,"i3gstlc1se00","6","FAAt705","BEA_API"
2002,60,"Commercial",337,"i3gstlc1se00","6","FAAt705","BEA_API"
2003,60,"Commercial",309,"i3gstlc1se00","6","FAAt705","BEA_API"
2004,60,"Commercial",348,"i3gstlc1se00","6","FAAt705","BEA_API"
2005,60,"Commercial",414,"i3gstlc1se00","6","FAAt705","BEA_API"
2006,60,"Commercial",452,"i3gstlc1se00","6","FAAt705","BEA_API"
2007,60,"Commercial",519,"i3gstlc1se00","6","FAAt705","BEA_API"
2008,60,"Commercial",643,"i3gstlc1se00","6","FAAt705","BEA_API"
2009,60,"Commercial",594,"i3gstlc1se00","6","FAAt705","BEA_API"
2010,60,"Commercial",481,"i3gstlc1se00","6","FAAt705","BEA_API"
2011,60,"Commercial",486,"i3gstlc1se00","6","FAAt705","BEA_API"
2012,60,"Commercial",536,"i3gstlc1se00","6","FAAt705","BEA_API"
2013,60,"Commercial",433,"i3gstlc1se00","6","FAAt705","BEA_API"
2014,60,"Commercial",446,"i3gstlc1se00","6","FAAt705","BEA_API"
2015,60,"Commercial",443,"i3gstlc1se00","6","FAAt705","BEA_API"
2016,60,"Commercial",333,"i3gstlc1se00","6","FAAt705","BEA_API"
2017,60,"Commercial",321,"i3gstlc1se00","6","FAAt705","BEA_API"
2018,60,"Commercial",334,"i3gstlc1se00","6","FAAt705","BEA_API"
2019,60,"Commercial",338,"i3gstlc1se00","6","FAAt705","BEA_API"
2020,60,"Commercial",393,"i3gstlc1se00","6","FAAt705","BEA_API"
2021,60,"Commercial",386,"i3gstlc1se00","6","FAAt705","BEA_API"
2022,60,"Commercial",299,"i3gstlc1se00","6","FAAt705","BEA_API"
2023,60,"Commercial",284,"i3gstlc1se00","6","FAAt705","BEA_API"
2024,60,"Commercial",317,"i3gstlc1se00","6","FAAt705","BEA_API"
1901,61,"Health care",10,"i3gstlc1sf00","6","FAAt705","BEA_API"
1902,61,"Health care",8,"i3gstlc1sf00","6","FAAt705","BEA_API"
1903,61,"Health care",11,"i3gstlc1sf00","6","FAAt705","BEA_API"
1904,61,"Health care",11,"i3gstlc1sf00","6","FAAt705","BEA_API"
1905,61,"Health care",11,"i3gstlc1sf00","6","FAAt705","BEA_API"
1906,61,"Health care",12,"i3gstlc1sf00","6","FAAt705","BEA_API"
1907,61,"Health care",15,"i3gstlc1sf00","6","FAAt705","BEA_API"
1908,61,"Health care",18,"i3gstlc1sf00","6","FAAt705","BEA_API"
1909,61,"Health care",16,"i3gstlc1sf00","6","FAAt705","BEA_API"
1910,61,"Health care",18,"i3gstlc1sf00","6","FAAt705","BEA_API"
1911,61,"Health care",20,"i3gstlc1sf00","6","FAAt705","BEA_API"
1912,61,"Health care",19,"i3gstlc1sf00","6","FAAt705","BEA_API"
1913,61,"Health care",20,"i3gstlc1sf00","6","FAAt705","BEA_API"
1914,61,"Health care",21,"i3gstlc1sf00","6","FAAt705","BEA_API"
1915,61,"Health care",24,"i3gstlc1sf00","6","FAAt705","BEA_API"
1916,61,"Health care",23,"i3gstlc1sf00","6","FAAt705","BEA_API"
1917,61,"Health care",21,"i3gstlc1sf00","6","FAAt705","BEA_API"
1918,61,"Health care",21,"i3gstlc1sf00","6","FAAt705","BEA_API"
1919,61,"Health care",28,"i3gstlc1sf00","6","FAAt705","BEA_API"
1920,61,"Health care",34,"i3gstlc1sf00","6","FAAt705","BEA_API"
1921,61,"Health care",41,"i3gstlc1sf00","6","FAAt705","BEA_API"
1922,61,"Health care",61,"i3gstlc1sf00","6","FAAt705","BEA_API"
1923,61,"Health care",56,"i3gstlc1sf00","6","FAAt705","BEA_API"
1924,61,"Health care",61,"i3gstlc1sf00","6","FAAt705","BEA_API"
1925,61,"Health care",62,"i3gstlc1sf00","6","FAAt705","BEA_API"
1926,61,"Health care",69,"i3gstlc1sf00","6","FAAt705","BEA_API"
1927,61,"Health care",81,"i3gstlc1sf00","6","FAAt705","BEA_API"
1928,61,"Health care",110,"i3gstlc1sf00","6","FAAt705","BEA_API"
1929,61,"Health care",103,"i3gstlc1sf00","6","FAAt705","BEA_API"
1930,61,"Health care",119,"i3gstlc1sf00","6","FAAt705","BEA_API"
1931,61,"Health care",109,"i3gstlc1sf00","6","FAAt705","BEA_API"
1932,61,"Health care",78,"i3gstlc1sf00","6","FAAt705","BEA_API"
1933,61,"Health care",45,"i3gstlc1sf00","6","FAAt705","BEA_API"
1934,61,"Health care",49,"i3gstlc1sf00","6","FAAt705","BEA_API"
1935,61,"Health care",36,"i3gstlc1sf00","6","FAAt705","BEA_API"
1936,61,"Health care",72,"i3gstlc1sf00","6","FAAt705","BEA_API"
1937,61,"Health care",71,"i3gstlc1sf00","6","FAAt705","BEA_API"
1938,61,"Health care",95,"i3gstlc1sf00","6","FAAt705","BEA_API"
1939,61,"Health care",127,"i3gstlc1sf00","6","FAAt705","BEA_API"
1940,61,"Health care",52,"i3gstlc1sf00","6","FAAt705","BEA_API"
1941,61,"Health care",40,"i3gstlc1sf00","6","FAAt705","BEA_API"
1942,61,"Health care",32,"i3gstlc1sf00","6","FAAt705","BEA_API"
1943,61,"Health care",39,"i3gstlc1sf00","6","FAAt705","BEA_API"
1944,61,"Health care",50,"i3gstlc1sf00","6","FAAt705","BEA_API"
1945,61,"Health care",66,"i3gstlc1sf00","6","FAAt705","BEA_API"
1946,61,"Health care",77,"i3gstlc1sf00","6","FAAt705","BEA_API"
1947,61,"Health care",48,"i3gstlc1sf00","6","FAAt705","BEA_API"
1948,61,"Health care",118,"i3gstlc1sf00","6","FAAt705","BEA_API"
1949,61,"Health care",295,"i3gstlc1sf00","6","FAAt705","BEA_API"
1950,61,"Health care",361,"i3gstlc1sf00","6","FAAt705","BEA_API"
1951,61,"Health care",403,"i3gstlc1sf00","6","FAAt705","BEA_API"
1952,61,"Health care",390,"i3gstlc1sf00","6","FAAt705","BEA_API"
1953,61,"Health care",310,"i3gstlc1sf00","6","FAAt705","BEA_API"
1954,61,"Health care",306,"i3gstlc1sf00","6","FAAt705","BEA_API"
1955,61,"Health care",287,"i3gstlc1sf00","6","FAAt705","BEA_API"
1956,61,"Health care",272,"i3gstlc1sf00","6","FAAt705","BEA_API"
1957,61,"Health care",319,"i3gstlc1sf00","6","FAAt705","BEA_API"
1958,61,"Health care",367,"i3gstlc1sf00","6","FAAt705","BEA_API"
1959,61,"Health care",383,"i3gstlc1sf00","6","FAAt705","BEA_API"
1960,61,"Health care",354,"i3gstlc1sf00","6","FAAt705","BEA_API"
1961,61,"Health care",322,"i3gstlc1sf00","6","FAAt705","BEA_API"
1962,61,"Health care",349,"i3gstlc1sf00","6","FAAt705","BEA_API"
1963,61,"Health care",339,"i3gstlc1sf00","6","FAAt705","BEA_API"
1964,61,"Health care",370,"i3gstlc1sf00","6","FAAt705","BEA_API"
1965,61,"Health care",404,"i3gstlc1sf00","6","FAAt705","BEA_API"
1966,61,"Health care",407,"i3gstlc1sf00","6","FAAt705","BEA_API"
1967,61,"Health care",593,"i3gstlc1sf00","6","FAAt705","BEA_API"
1968,61,"Health care",685,"i3gstlc1sf00","6","FAAt705","BEA_API"
1969,61,"Health care",780,"i3gstlc1sf00","6","FAAt705","BEA_API"
1970,61,"Health care",792,"i3gstlc1sf00","6","FAAt705","BEA_API"
1971,61,"Health care",1150,"i3gstlc1sf00","6","FAAt705","BEA_API"
1972,61,"Health care",1109,"i3gstlc1sf00","6","FAAt705","BEA_API"
1973,61,"Health care",1099,"i3gstlc1sf00","6","FAAt705","BEA_API"
1974,61,"Health care",1438,"i3gstlc1sf00","6","FAAt705","BEA_API"
1975,61,"Health care",1503,"i3gstlc1sf00","6","FAAt705","BEA_API"
1976,61,"Health care",1725,"i3gstlc1sf00","6","FAAt705","BEA_API"
1977,61,"Health care",1585,"i3gstlc1sf00","6","FAAt705","BEA_API"
1978,61,"Health care",1533,"i3gstlc1sf00","6","FAAt705","BEA_API"
1979,61,"Health care",1713,"i3gstlc1sf00","6","FAAt705","BEA_API"
1980,61,"Health care",1977,"i3gstlc1sf00","6","FAAt705","BEA_API"
1981,61,"Health care",1890,"i3gstlc1sf00","6","FAAt705","BEA_API"
1982,61,"Health care",1935,"i3gstlc1sf00","6","FAAt705","BEA_API"
1983,61,"Health care",1752,"i3gstlc1sf00","6","FAAt705","BEA_API"
1984,61,"Health care",1737,"i3gstlc1sf00","6","FAAt705","BEA_API"
1985,61,"Health care",1780,"i3gstlc1sf00","6","FAAt705","BEA_API"
1986,61,"Health care",1887,"i3gstlc1sf00","6","FAAt705","BEA_API"
1987,61,"Health care",2079,"i3gstlc1sf00","6","FAAt705","BEA_API"
1988,61,"Health care",2098,"i3gstlc1sf00","6","FAAt705","BEA_API"
1989,61,"Health care",2188,"i3gstlc1sf00","6","FAAt705","BEA_API"
1990,61,"Health care",2504,"i3gstlc1sf00","6","FAAt705","BEA_API"
1991,61,"Health care",2762,"i3gstlc1sf00","6","FAAt705","BEA_API"
1992,61,"Health care",3129,"i3gstlc1sf00","6","FAAt705","BEA_API"
1993,61,"Health care",3261,"i3gstlc1sf00","6","FAAt705","BEA_API"
1994,61,"Health care",3053,"i3gstlc1sf00","6","FAAt705","BEA_API"
1995,61,"Health care",3158,"i3gstlc1sf00","6","FAAt705","BEA_API"
1996,61,"Health care",3114,"i3gstlc1sf00","6","FAAt705","BEA_API"
1997,61,"Health care",3303,"i3gstlc1sf00","6","FAAt705","BEA_API"
1998,61,"Health care",3348,"i3gstlc1sf00","6","FAAt705","BEA_API"
1999,61,"Health care",3122,"i3gstlc1sf00","6","FAAt705","BEA_API"
2000,61,"Health care",2998,"i3gstlc1sf00","6","FAAt705","BEA_API"
2001,61,"Health care",3437,"i3gstlc1sf00","6","FAAt705","BEA_API"
2002,61,"Health care",4123,"i3gstlc1sf00","6","FAAt705","BEA_API"
2003,61,"Health care",4372,"i3gstlc1sf00","6","FAAt705","BEA_API"
2004,61,"Health care",4497,"i3gstlc1sf00","6","FAAt705","BEA_API"
2005,61,"Health care",5038,"i3gstlc1sf00","6","FAAt705","BEA_API"
2006,61,"Health care",5792,"i3gstlc1sf00","6","FAAt705","BEA_API"
2007,61,"Health care",6716,"i3gstlc1sf00","6","FAAt705","BEA_API"
2008,61,"Health care",7103,"i3gstlc1sf00","6","FAAt705","BEA_API"
2009,61,"Health care",6940,"i3gstlc1sf00","6","FAAt705","BEA_API"
2010,61,"Health care",6651,"i3gstlc1sf00","6","FAAt705","BEA_API"
2011,61,"Health care",7040,"i3gstlc1sf00","6","FAAt705","BEA_API"
2012,61,"Health care",7085,"i3gstlc1sf00","6","FAAt705","BEA_API"
2013,61,"Health care",7322,"i3gstlc1sf00","6","FAAt705","BEA_API"
2014,61,"Health care",6498,"i3gstlc1sf00","6","FAAt705","BEA_API"
2015,61,"Health care",5954,"i3gstlc1sf00","6","FAAt705","BEA_API"
2016,61,"Health care",6055,"i3gstlc1sf00","6","FAAt705","BEA_API"
2017,61,"Health care",6298,"i3gstlc1sf00","6","FAAt705","BEA_API"
2018,61,"Health care",6429,"i3gstlc1sf00","6","FAAt705","BEA_API"
2019,61,"Health care",6539,"i3gstlc1sf00","6","FAAt705","BEA_API"
2020,61,"Health care",7152,"i3gstlc1sf00","6","FAAt705","BEA_API"
2021,61,"Health care",7542,"i3gstlc1sf00","6","FAAt705","BEA_API"
2022,61,"Health care",8147,"i3gstlc1sf00","6","FAAt705","BEA_API"
2023,61,"Health care",9346,"i3gstlc1sf00","6","FAAt705","BEA_API"
2024,61,"Health care",10194,"i3gstlc1sf00","6","FAAt705","BEA_API"
1901,62,"Educational",61,"i3gstlc1sg00","6","FAAt705","BEA_API"
1902,62,"Educational",52,"i3gstlc1sg00","6","FAAt705","BEA_API"
1903,62,"Educational",71,"i3gstlc1sg00","6","FAAt705","BEA_API"
1904,62,"Educational",69,"i3gstlc1sg00","6","FAAt705","BEA_API"
1905,62,"Educational",72,"i3gstlc1sg00","6","FAAt705","BEA_API"
1906,62,"Educational",77,"i3gstlc1sg00","6","FAAt705","BEA_API"
1907,62,"Educational",93,"i3gstlc1sg00","6","FAAt705","BEA_API"
1908,62,"Educational",112,"i3gstlc1sg00","6","FAAt705","BEA_API"
1909,62,"Educational",101,"i3gstlc1sg00","6","FAAt705","BEA_API"
1910,62,"Educational",111,"i3gstlc1sg00","6","FAAt705","BEA_API"
1911,62,"Educational",124,"i3gstlc1sg00","6","FAAt705","BEA_API"
1912,62,"Educational",119,"i3gstlc1sg00","6","FAAt705","BEA_API"
1913,62,"Educational",129,"i3gstlc1sg00","6","FAAt705","BEA_API"
1914,62,"Educational",134,"i3gstlc1sg00","6","FAAt705","BEA_API"
1915,62,"Educational",149,"i3gstlc1sg00","6","FAAt705","BEA_API"
1916,62,"Educational",142,"i3gstlc1sg00","6","FAAt705","BEA_API"
1917,62,"Educational",130,"i3gstlc1sg00","6","FAAt705","BEA_API"
1918,62,"Educational",134,"i3gstlc1sg00","6","FAAt705","BEA_API"
1919,62,"Educational",171,"i3gstlc1sg00","6","FAAt705","BEA_API"
1920,62,"Educational",191,"i3gstlc1sg00","6","FAAt705","BEA_API"
1921,62,"Educational",276,"i3gstlc1sg00","6","FAAt705","BEA_API"
1922,62,"Educational",344,"i3gstlc1sg00","6","FAAt705","BEA_API"
1923,62,"Educational",348,"i3gstlc1sg00","6","FAAt705","BEA_API"
1924,62,"Educational",355,"i3gstlc1sg00","6","FAAt705","BEA_API"
1925,62,"Educational",403,"i3gstlc1sg00","6","FAAt705","BEA_API"
1926,62,"Educational",402,"i3gstlc1sg00","6","FAAt705","BEA_API"
1927,62,"Educational",369,"i3gstlc1sg00","6","FAAt705","BEA_API"
1928,62,"Educational",381,"i3gstlc1sg00","6","FAAt705","BEA_API"
1929,62,"Educational",395,"i3gstlc1sg00","6","FAAt705","BEA_API"
1930,62,"Educational",369,"i3gstlc1sg00","6","FAAt705","BEA_API"
1931,62,"Educational",288,"i3gstlc1sg00","6","FAAt705","BEA_API"
1932,62,"Educational",130,"i3gstlc1sg00","6","FAAt705","BEA_API"
1933,62,"Educational",52,"i3gstlc1sg00","6","FAAt705","BEA_API"
1934,62,"Educational",149,"i3gstlc1sg00","6","FAAt705","BEA_API"
1935,62,"Educational",154,"i3gstlc1sg00","6","FAAt705","BEA_API"
1936,62,"Educational",369,"i3gstlc1sg00","6","FAAt705","BEA_API"
1937,62,"Educational",255,"i3gstlc1sg00","6","FAAt705","BEA_API"
1938,62,"Educational",314,"i3gstlc1sg00","6","FAAt705","BEA_API"
1939,62,"Educational",474,"i3gstlc1sg00","6","FAAt705","BEA_API"
1940,62,"Educational",161,"i3gstlc1sg00","6","FAAt705","BEA_API"
1941,62,"Educational",161,"i3gstlc1sg00","6","FAAt705","BEA_API"
1942,62,"Educational",129,"i3gstlc1sg00","6","FAAt705","BEA_API"
1943,62,"Educational",60,"i3gstlc1sg00","6","FAAt705","BEA_API"
1944,62,"Educational",36,"i3gstlc1sg00","6","FAAt705","BEA_API"
1945,62,"Educational",49,"i3gstlc1sg00","6","FAAt705","BEA_API"
1946,62,"Educational",99,"i3gstlc1sg00","6","FAAt705","BEA_API"
1947,62,"Educational",233,"i3gstlc1sg00","6","FAAt705","BEA_API"
1948,62,"Educational",623,"i3gstlc1sg00","6","FAAt705","BEA_API"
1949,62,"Educational",946,"i3gstlc1sg00","6","FAAt705","BEA_API"
1950,62,"Educational",1149,"i3gstlc1sg00","6","FAAt705","BEA_API"
1951,62,"Educational",1530,"i3gstlc1sg00","6","FAAt705","BEA_API"
1952,62,"Educational",1620,"i3gstlc1sg00","6","FAAt705","BEA_API"
1953,62,"Educational",1727,"i3gstlc1sg00","6","FAAt705","BEA_API"
1954,62,"Educational",2151,"i3gstlc1sg00","6","FAAt705","BEA_API"
1955,62,"Educational",2471,"i3gstlc1sg00","6","FAAt705","BEA_API"
1956,62,"Educational",2586,"i3gstlc1sg00","6","FAAt705","BEA_API"
1957,62,"Educational",2857,"i3gstlc1sg00","6","FAAt705","BEA_API"
1958,62,"Educational",2907,"i3gstlc1sg00","6","FAAt705","BEA_API"
1959,62,"Educational",2691,"i3gstlc1sg00","6","FAAt705","BEA_API"
1960,62,"Educational",2854,"i3gstlc1sg00","6","FAAt705","BEA_API"
1961,62,"Educational",3089,"i3gstlc1sg00","6","FAAt705","BEA_API"
1962,62,"Educational",3033,"i3gstlc1sg00","6","FAAt705","BEA_API"
1963,62,"Educational",3529,"i3gstlc1sg00","6","FAAt705","BEA_API"
1964,62,"Educational",3861,"i3gstlc1sg00","6","FAAt705","BEA_API"
1965,62,"Educational",4381,"i3gstlc1sg00","6","FAAt705","BEA_API"
1966,62,"Educational",5443,"i3gstlc1sg00","6","FAAt705","BEA_API"
1967,62,"Educational",6113,"i3gstlc1sg00","6","FAAt705","BEA_API"
1968,62,"Educational",6196,"i3gstlc1sg00","6","FAAt705","BEA_API"
1969,62,"Educational",6004,"i3gstlc1sg00","6","FAAt705","BEA_API"
1970,62,"Educational",5750,"i3gstlc1sg00","6","FAAt705","BEA_API"
1971,62,"Educational",5692,"i3gstlc1sg00","6","FAAt705","BEA_API"
1972,62,"Educational",5833,"i3gstlc1sg00","6","FAAt705","BEA_API"
1973,62,"Educational",6750,"i3gstlc1sg00","6","FAAt705","BEA_API"
1974,62,"Educational",7443,"i3gstlc1sg00","6","FAAt705","BEA_API"
1975,62,"Educational",7544,"i3gstlc1sg00","6","FAAt705","BEA_API"
1976,62,"Educational",7051,"i3gstlc1sg00","6","FAAt705","BEA_API"
1977,62,"Educational",6093,"i3gstlc1sg00","6","FAAt705","BEA_API"
1978,62,"Educational",6607,"i3gstlc1sg00","6","FAAt705","BEA_API"
1979,62,"Educational",7228,"i3gstlc1sg00","6","FAAt705","BEA_API"
1980,62,"Educational",7952,"i3gstlc1sg00","6","FAAt705","BEA_API"
1981,62,"Educational",7430,"i3gstlc1sg00","6","FAAt705","BEA_API"
1982,62,"Educational",7113,"i3gstlc1sg00","6","FAAt705","BEA_API"
1983,62,"Educational",6952,"i3gstlc1sg00","6","FAAt705","BEA_API"
1984,62,"Educational",7941,"i3gstlc1sg00","6","FAAt705","BEA_API"
1985,62,"Educational",9209,"i3gstlc1sg00","6","FAAt705","BEA_API"
1986,62,"Educational",10611,"i3gstlc1sg00","6","FAAt705","BEA_API"
1987,62,"Educational",10864,"i3gstlc1sg00","6","FAAt705","BEA_API"
1988,62,"Educational",13071,"i3gstlc1sg00","6","FAAt705","BEA_API"
1989,62,"Educational",14944,"i3gstlc1sg00","6","FAAt705","BEA_API"
1990,62,"Educational",16327,"i3gstlc1sg00","6","FAAt705","BEA_API"
1991,62,"Educational",19396,"i3gstlc1sg00","6","FAAt705","BEA_API"
1992,62,"Educational",20585,"i3gstlc1sg00","6","FAAt705","BEA_API"
1993,62,"Educational",19422,"i3gstlc1sg00","6","FAAt705","BEA_API"
1994,62,"Educational",20685,"i3gstlc1sg00","6","FAAt705","BEA_API"
1995,62,"Educational",26114,"i3gstlc1sg00","6","FAAt705","BEA_API"
1996,62,"Educational",28911,"i3gstlc1sg00","6","FAAt705","BEA_API"
1997,62,"Educational",32803,"i3gstlc1sg00","6","FAAt705","BEA_API"
1998,62,"Educational",36732,"i3gstlc1sg00","6","FAAt705","BEA_API"
1999,62,"Educational",41546,"i3gstlc1sg00","6","FAAt705","BEA_API"
2000,62,"Educational",46166,"i3gstlc1sg00","6","FAAt705","BEA_API"
2001,62,"Educational",52284,"i3gstlc1sg00","6","FAAt705","BEA_API"
2002,62,"Educational",54939,"i3gstlc1sg00","6","FAAt705","BEA_API"
2003,62,"Educational",57810,"i3gstlc1sg00","6","FAAt705","BEA_API"
2004,62,"Educational",60997,"i3gstlc1sg00","6","FAAt705","BEA_API"
2005,62,"Educational",65632,"i3gstlc1sg00","6","FAAt705","BEA_API"
2006,62,"Educational",72052,"i3gstlc1sg00","6","FAAt705","BEA_API"
2007,62,"Educational",77683,"i3gstlc1sg00","6","FAAt705","BEA_API"
2008,62,"Educational",81717,"i3gstlc1sg00","6","FAAt705","BEA_API"
2009,62,"Educational",79185,"i3gstlc1sg00","6","FAAt705","BEA_API"
2010,62,"Educational",73183,"i3gstlc1sg00","6","FAAt705","BEA_API"
2011,62,"Educational",69676,"i3gstlc1sg00","6","FAAt705","BEA_API"
2012,62,"Educational",65873,"i3gstlc1sg00","6","FAAt705","BEA_API"
2013,62,"Educational",63494,"i3gstlc1sg00","6","FAAt705","BEA_API"
2014,62,"Educational",65539,"i3gstlc1sg00","6","FAAt705","BEA_API"
2015,62,"Educational",71684,"i3gstlc1sg00","6","FAAt705","BEA_API"
2016,62,"Educational",77910,"i3gstlc1sg00","6","FAAt705","BEA_API"
2017,62,"Educational",82924,"i3gstlc1sg00","6","FAAt705","BEA_API"
2018,62,"Educational",88440,"i3gstlc1sg00","6","FAAt705","BEA_API"
2019,62,"Educational",95505,"i3gstlc1sg00","6","FAAt705","BEA_API"
2020,62,"Educational",95083,"i3gstlc1sg00","6","FAAt705","BEA_API"
2021,62,"Educational",92162,"i3gstlc1sg00","6","FAAt705","BEA_API"
2022,62,"Educational",99242,"i3gstlc1sg00","6","FAAt705","BEA_API"
2023,62,"Educational",115306,"i3gstlc1sg00","6","FAAt705","BEA_API"
2024,62,"Educational",126286,"i3gstlc1sg00","6","FAAt705","BEA_API"
1901,63,"Public safety",2,"i3gstlc1si00","6","FAAt705","BEA_API"
1902,63,"Public safety",2,"i3gstlc1si00","6","FAAt705","BEA_API"
1903,63,"Public safety",2,"i3gstlc1si00","6","FAAt705","BEA_API"
1904,63,"Public safety",2,"i3gstlc1si00","6","FAAt705","BEA_API"
1905,63,"Public safety",2,"i3gstlc1si00","6","FAAt705","BEA_API"
1906,63,"Public safety",2,"i3gstlc1si00","6","FAAt705","BEA_API"
1907,63,"Public safety",3,"i3gstlc1si00","6","FAAt705","BEA_API"
1908,63,"Public safety",3,"i3gstlc1si00","6","FAAt705","BEA_API"
1909,63,"Public safety",3,"i3gstlc1si00","6","FAAt705","BEA_API"
1910,63,"Public safety",3,"i3gstlc1si00","6","FAAt705","BEA_API"
1911,63,"Public safety",4,"i3gstlc1si00","6","FAAt705","BEA_API"
1912,63,"Public safety",4,"i3gstlc1si00","6","FAAt705","BEA_API"
1913,63,"Public safety",4,"i3gstlc1si00","6","FAAt705","BEA_API"
1914,63,"Public safety",4,"i3gstlc1si00","6","FAAt705","BEA_API"
1915,63,"Public safety",4,"i3gstlc1si00","6","FAAt705","BEA_API"
1916,63,"Public safety",4,"i3gstlc1si00","6","FAAt705","BEA_API"
1917,63,"Public safety",4,"i3gstlc1si00","6","FAAt705","BEA_API"
1918,63,"Public safety",4,"i3gstlc1si00","6","FAAt705","BEA_API"
1919,63,"Public safety",5,"i3gstlc1si00","6","FAAt705","BEA_API"
1920,63,"Public safety",8,"i3gstlc1si00","6","FAAt705","BEA_API"
1921,63,"Public safety",9,"i3gstlc1si00","6","FAAt705","BEA_API"
1922,63,"Public safety",9,"i3gstlc1si00","6","FAAt705","BEA_API"
1923,63,"Public safety",10,"i3gstlc1si00","6","FAAt705","BEA_API"
1924,63,"Public safety",11,"i3gstlc1si00","6","FAAt705","BEA_API"
1925,63,"Public safety",17,"i3gstlc1si00","6","FAAt705","BEA_API"
1926,63,"Public safety",20,"i3gstlc1si00","6","FAAt705","BEA_API"
1927,63,"Public safety",22,"i3gstlc1si00","6","FAAt705","BEA_API"
1928,63,"Public safety",22,"i3gstlc1si00","6","FAAt705","BEA_API"
1929,63,"Public safety",24,"i3gstlc1si00","6","FAAt705","BEA_API"
1930,63,"Public safety",23,"i3gstlc1si00","6","FAAt705","BEA_API"
1931,63,"Public safety",26,"i3gstlc1si00","6","FAAt705","BEA_API"
1932,63,"Public safety",13,"i3gstlc1si00","6","FAAt705","BEA_API"
1933,63,"Public safety",7,"i3gstlc1si00","6","FAAt705","BEA_API"
1934,63,"Public safety",17,"i3gstlc1si00","6","FAAt705","BEA_API"
1935,63,"Public safety",14,"i3gstlc1si00","6","FAAt705","BEA_API"
1936,63,"Public safety",31,"i3gstlc1si00","6","FAAt705","BEA_API"
1937,63,"Public safety",24,"i3gstlc1si00","6","FAAt705","BEA_API"
1938,63,"Public safety",30,"i3gstlc1si00","6","FAAt705","BEA_API"
1939,63,"Public safety",49,"i3gstlc1si00","6","FAAt705","BEA_API"
1940,63,"Public safety",30,"i3gstlc1si00","6","FAAt705","BEA_API"
1941,63,"Public safety",16,"i3gstlc1si00","6","FAAt705","BEA_API"
1942,63,"Public safety",5,"i3gstlc1si00","6","FAAt705","BEA_API"
1943,63,"Public safety",5,"i3gstlc1si00","6","FAAt705","BEA_API"
1944,63,"Public safety",4,"i3gstlc1si00","6","FAAt705","BEA_API"
1945,63,"Public safety",4,"i3gstlc1si00","6","FAAt705","BEA_API"
1946,63,"Public safety",5,"i3gstlc1si00","6","FAAt705","BEA_API"
1947,63,"Public safety",20,"i3gstlc1si00","6","FAAt705","BEA_API"
1948,63,"Public safety",40,"i3gstlc1si00","6","FAAt705","BEA_API"
1949,63,"Public safety",59,"i3gstlc1si00","6","FAAt705","BEA_API"
1950,63,"Public safety",66,"i3gstlc1si00","6","FAAt705","BEA_API"
1951,63,"Public safety",67,"i3gstlc1si00","6","FAAt705","BEA_API"
1952,63,"Public safety",50,"i3gstlc1si00","6","FAAt705","BEA_API"
1953,63,"Public safety",68,"i3gstlc1si00","6","FAAt705","BEA_API"
1954,63,"Public safety",89,"i3gstlc1si00","6","FAAt705","BEA_API"
1955,63,"Public safety",112,"i3gstlc1si00","6","FAAt705","BEA_API"
1956,63,"Public safety",113,"i3gstlc1si00","6","FAAt705","BEA_API"
1957,63,"Public safety",128,"i3gstlc1si00","6","FAAt705","BEA_API"
1958,63,"Public safety",136,"i3gstlc1si00","6","FAAt705","BEA_API"
1959,63,"Public safety",138,"i3gstlc1si00","6","FAAt705","BEA_API"
1960,63,"Public safety",125,"i3gstlc1si00","6","FAAt705","BEA_API"
1961,63,"Public safety",134,"i3gstlc1si00","6","FAAt705","BEA_API"
1962,63,"Public safety",132,"i3gstlc1si00","6","FAAt705","BEA_API"
1963,63,"Public safety",150,"i3gstlc1si00","6","FAAt705","BEA_API"
1964,63,"Public safety",169,"i3gstlc1si00","6","FAAt705","BEA_API"
1965,63,"Public safety",187,"i3gstlc1si00","6","FAAt705","BEA_API"
1966,63,"Public safety",233,"i3gstlc1si00","6","FAAt705","BEA_API"
1967,63,"Public safety",197,"i3gstlc1si00","6","FAAt705","BEA_API"
1968,63,"Public safety",239,"i3gstlc1si00","6","FAAt705","BEA_API"
1969,63,"Public safety",297,"i3gstlc1si00","6","FAAt705","BEA_API"
1970,63,"Public safety",280,"i3gstlc1si00","6","FAAt705","BEA_API"
1971,63,"Public safety",344,"i3gstlc1si00","6","FAAt705","BEA_API"
1972,63,"Public safety",449,"i3gstlc1si00","6","FAAt705","BEA_API"
1973,63,"Public safety",370,"i3gstlc1si00","6","FAAt705","BEA_API"
1974,63,"Public safety",459,"i3gstlc1si00","6","FAAt705","BEA_API"
1975,63,"Public safety",646,"i3gstlc1si00","6","FAAt705","BEA_API"
1976,63,"Public safety",730,"i3gstlc1si00","6","FAAt705","BEA_API"
1977,63,"Public safety",797,"i3gstlc1si00","6","FAAt705","BEA_API"
1978,63,"Public safety",864,"i3gstlc1si00","6","FAAt705","BEA_API"
1979,63,"Public safety",998,"i3gstlc1si00","6","FAAt705","BEA_API"
1980,63,"Public safety",1216,"i3gstlc1si00","6","FAAt705","BEA_API"
1981,63,"Public safety",1286,"i3gstlc1si00","6","FAAt705","BEA_API"
1982,63,"Public safety",1428,"i3gstlc1si00","6","FAAt705","BEA_API"
1983,63,"Public safety",1554,"i3gstlc1si00","6","FAAt705","BEA_API"
1984,63,"Public safety",1814,"i3gstlc1si00","6","FAAt705","BEA_API"
1985,63,"Public safety",2240,"i3gstlc1si00","6","FAAt705","BEA_API"
1986,63,"Public safety",2745,"i3gstlc1si00","6","FAAt705","BEA_API"
1987,63,"Public safety",3118,"i3gstlc1si00","6","FAAt705","BEA_API"
1988,63,"Public safety",3473,"i3gstlc1si00","6","FAAt705","BEA_API"
1989,63,"Public safety",4092,"i3gstlc1si00","6","FAAt705","BEA_API"
1990,63,"Public safety",4605,"i3gstlc1si00","6","FAAt705","BEA_API"
1991,63,"Public safety",4505,"i3gstlc1si00","6","FAAt705","BEA_API"
1992,63,"Public safety",3903,"i3gstlc1si00","6","FAAt705","BEA_API"
1993,63,"Public safety",3573,"i3gstlc1si00","6","FAAt705","BEA_API"
1994,63,"Public safety",3799,"i3gstlc1si00","6","FAAt705","BEA_API"
1995,63,"Public safety",3965,"i3gstlc1si00","6","FAAt705","BEA_API"
1996,63,"Public safety",3817,"i3gstlc1si00","6","FAAt705","BEA_API"
1997,63,"Public safety",4077,"i3gstlc1si00","6","FAAt705","BEA_API"
1998,63,"Public safety",4402,"i3gstlc1si00","6","FAAt705","BEA_API"
1999,63,"Public safety",4648,"i3gstlc1si00","6","FAAt705","BEA_API"
2000,63,"Public safety",4576,"i3gstlc1si00","6","FAAt705","BEA_API"
2001,63,"Public safety",4716,"i3gstlc1si00","6","FAAt705","BEA_API"
2002,63,"Public safety",4315,"i3gstlc1si00","6","FAAt705","BEA_API"
2003,63,"Public safety",4066,"i3gstlc1si00","6","FAAt705","BEA_API"
2004,63,"Public safety",4091,"i3gstlc1si00","6","FAAt705","BEA_API"
2005,63,"Public safety",4097,"i3gstlc1si00","6","FAAt705","BEA_API"
2006,63,"Public safety",4688,"i3gstlc1si00","6","FAAt705","BEA_API"
2007,63,"Public safety",5422,"i3gstlc1si00","6","FAAt705","BEA_API"
2008,63,"Public safety",5562,"i3gstlc1si00","6","FAAt705","BEA_API"
2009,63,"Public safety",5421,"i3gstlc1si00","6","FAAt705","BEA_API"
2010,63,"Public safety",5031,"i3gstlc1si00","6","FAAt705","BEA_API"
2011,63,"Public safety",5055,"i3gstlc1si00","6","FAAt705","BEA_API"
2012,63,"Public safety",4743,"i3gstlc1si00","6","FAAt705","BEA_API"
2013,63,"Public safety",4308,"i3gstlc1si00","6","FAAt705","BEA_API"
2014,63,"Public safety",4337,"i3gstlc1si00","6","FAAt705","BEA_API"
2015,63,"Public safety",4089,"i3gstlc1si00","6","FAAt705","BEA_API"
2016,63,"Public safety",3975,"i3gstlc1si00","6","FAAt705","BEA_API"
2017,63,"Public safety",3865,"i3gstlc1si00","6","FAAt705","BEA_API"
2018,63,"Public safety",4158,"i3gstlc1si00","6","FAAt705","BEA_API"
2019,63,"Public safety",4524,"i3gstlc1si00","6","FAAt705","BEA_API"
2020,63,"Public safety",5593,"i3gstlc1si00","6","FAAt705","BEA_API"
2021,63,"Public safety",5335,"i3gstlc1si00","6","FAAt705","BEA_API"
2022,63,"Public safety",5317,"i3gstlc1si00","6","FAAt705","BEA_API"
2023,63,"Public safety",6254,"i3gstlc1si00","6","FAAt705","BEA_API"
2024,63,"Public safety",6860,"i3gstlc1si00","6","FAAt705","BEA_API"
1901,64,"Amusement and recreation",3,"i3gstlc1sk00","6","FAAt705","BEA_API"
1902,64,"Amusement and recreation",3,"i3gstlc1sk00","6","FAAt705","BEA_API"
1903,64,"Amusement and recreation",4,"i3gstlc1sk00","6","FAAt705","BEA_API"
1904,64,"Amusement and recreation",4,"i3gstlc1sk00","6","FAAt705","BEA_API"
1905,64,"Amusement and recreation",4,"i3gstlc1sk00","6","FAAt705","BEA_API"
1906,64,"Amusement and recreation",4,"i3gstlc1sk00","6","FAAt705","BEA_API"
1907,64,"Amusement and recreation",5,"i3gstlc1sk00","6","FAAt705","BEA_API"
1908,64,"Amusement and recreation",6,"i3gstlc1sk00","6","FAAt705","BEA_API"
1909,64,"Amusement and recreation",5,"i3gstlc1sk00","6","FAAt705","BEA_API"
1910,64,"Amusement and recreation",6,"i3gstlc1sk00","6","FAAt705","BEA_API"
1911,64,"Amusement and recreation",7,"i3gstlc1sk00","6","FAAt705","BEA_API"
1912,64,"Amusement and recreation",6,"i3gstlc1sk00","6","FAAt705","BEA_API"
1913,64,"Amusement and recreation",7,"i3gstlc1sk00","6","FAAt705","BEA_API"
1914,64,"Amusement and recreation",7,"i3gstlc1sk00","6","FAAt705","BEA_API"
1915,64,"Amusement and recreation",9,"i3gstlc1sk00","6","FAAt705","BEA_API"
1916,64,"Amusement and recreation",9,"i3gstlc1sk00","6","FAAt705","BEA_API"
1917,64,"Amusement and recreation",8,"i3gstlc1sk00","6","FAAt705","BEA_API"
1918,64,"Amusement and recreation",8,"i3gstlc1sk00","6","FAAt705","BEA_API"
1919,64,"Amusement and recreation",8,"i3gstlc1sk00","6","FAAt705","BEA_API"
1920,64,"Amusement and recreation",12,"i3gstlc1sk00","6","FAAt705","BEA_API"
1921,64,"Amusement and recreation",13,"i3gstlc1sk00","6","FAAt705","BEA_API"
1922,64,"Amusement and recreation",14,"i3gstlc1sk00","6","FAAt705","BEA_API"
1923,64,"Amusement and recreation",15,"i3gstlc1sk00","6","FAAt705","BEA_API"
1924,64,"Amusement and recreation",18,"i3gstlc1sk00","6","FAAt705","BEA_API"
1925,64,"Amusement and recreation",30,"i3gstlc1sk00","6","FAAt705","BEA_API"
1926,64,"Amusement and recreation",33,"i3gstlc1sk00","6","FAAt705","BEA_API"
1927,64,"Amusement and recreation",44,"i3gstlc1sk00","6","FAAt705","BEA_API"
1928,64,"Amusement and recreation",38,"i3gstlc1sk00","6","FAAt705","BEA_API"
1929,64,"Amusement and recreation",40,"i3gstlc1sk00","6","FAAt705","BEA_API"
1930,64,"Amusement and recreation",39,"i3gstlc1sk00","6","FAAt705","BEA_API"
1931,64,"Amusement and recreation",49,"i3gstlc1sk00","6","FAAt705","BEA_API"
1932,64,"Amusement and recreation",29,"i3gstlc1sk00","6","FAAt705","BEA_API"
1933,64,"Amusement and recreation",14,"i3gstlc1sk00","6","FAAt705","BEA_API"
1934,64,"Amusement and recreation",24,"i3gstlc1sk00","6","FAAt705","BEA_API"
1935,64,"Amusement and recreation",24,"i3gstlc1sk00","6","FAAt705","BEA_API"
1936,64,"Amusement and recreation",66,"i3gstlc1sk00","6","FAAt705","BEA_API"
1937,64,"Amusement and recreation",47,"i3gstlc1sk00","6","FAAt705","BEA_API"
1938,64,"Amusement and recreation",59,"i3gstlc1sk00","6","FAAt705","BEA_API"
1939,64,"Amusement and recreation",77,"i3gstlc1sk00","6","FAAt705","BEA_API"
1940,64,"Amusement and recreation",54,"i3gstlc1sk00","6","FAAt705","BEA_API"
1941,64,"Amusement and recreation",39,"i3gstlc1sk00","6","FAAt705","BEA_API"
1942,64,"Amusement and recreation",18,"i3gstlc1sk00","6","FAAt705","BEA_API"
1943,64,"Amusement and recreation",10,"i3gstlc1sk00","6","FAAt705","BEA_API"
1944,64,"Amusement and recreation",9,"i3gstlc1sk00","6","FAAt705","BEA_API"
1945,64,"Amusement and recreation",9,"i3gstlc1sk00","6","FAAt705","BEA_API"
1946,64,"Amusement and recreation",14,"i3gstlc1sk00","6","FAAt705","BEA_API"
1947,64,"Amusement and recreation",42,"i3gstlc1sk00","6","FAAt705","BEA_API"
1948,64,"Amusement and recreation",62,"i3gstlc1sk00","6","FAAt705","BEA_API"
1949,64,"Amusement and recreation",80,"i3gstlc1sk00","6","FAAt705","BEA_API"
1950,64,"Amusement and recreation",83,"i3gstlc1sk00","6","FAAt705","BEA_API"
1951,64,"Amusement and recreation",88,"i3gstlc1sk00","6","FAAt705","BEA_API"
1952,64,"Amusement and recreation",70,"i3gstlc1sk00","6","FAAt705","BEA_API"
1953,64,"Amusement and recreation",89,"i3gstlc1sk00","6","FAAt705","BEA_API"
1954,64,"Amusement and recreation",111,"i3gstlc1sk00","6","FAAt705","BEA_API"
1955,64,"Amusement and recreation",132,"i3gstlc1sk00","6","FAAt705","BEA_API"
1956,64,"Amusement and recreation",148,"i3gstlc1sk00","6","FAAt705","BEA_API"
1957,64,"Amusement and recreation",165,"i3gstlc1sk00","6","FAAt705","BEA_API"
1958,64,"Amusement and recreation",185,"i3gstlc1sk00","6","FAAt705","BEA_API"
1959,64,"Amusement and recreation",204,"i3gstlc1sk00","6","FAAt705","BEA_API"
1960,64,"Amusement and recreation",172,"i3gstlc1sk00","6","FAAt705","BEA_API"
1961,64,"Amusement and recreation",176,"i3gstlc1sk00","6","FAAt705","BEA_API"
1962,64,"Amusement and recreation",205,"i3gstlc1sk00","6","FAAt705","BEA_API"
1963,64,"Amusement and recreation",236,"i3gstlc1sk00","6","FAAt705","BEA_API"
1964,64,"Amusement and recreation",245,"i3gstlc1sk00","6","FAAt705","BEA_API"
1965,64,"Amusement and recreation",232,"i3gstlc1sk00","6","FAAt705","BEA_API"
1966,64,"Amusement and recreation",257,"i3gstlc1sk00","6","FAAt705","BEA_API"
1967,64,"Amusement and recreation",339,"i3gstlc1sk00","6","FAAt705","BEA_API"
1968,64,"Amusement and recreation",373,"i3gstlc1sk00","6","FAAt705","BEA_API"
1969,64,"Amusement and recreation",455,"i3gstlc1sk00","6","FAAt705","BEA_API"
1970,64,"Amusement and recreation",531,"i3gstlc1sk00","6","FAAt705","BEA_API"
1971,64,"Amusement and recreation",565,"i3gstlc1sk00","6","FAAt705","BEA_API"
1972,64,"Amusement and recreation",517,"i3gstlc1sk00","6","FAAt705","BEA_API"
1973,64,"Amusement and recreation",602,"i3gstlc1sk00","6","FAAt705","BEA_API"
1974,64,"Amusement and recreation",813,"i3gstlc1sk00","6","FAAt705","BEA_API"
1975,64,"Amusement and recreation",1161,"i3gstlc1sk00","6","FAAt705","BEA_API"
1976,64,"Amusement and recreation",1156,"i3gstlc1sk00","6","FAAt705","BEA_API"
1977,64,"Amusement and recreation",1046,"i3gstlc1sk00","6","FAAt705","BEA_API"
1978,64,"Amusement and recreation",1181,"i3gstlc1sk00","6","FAAt705","BEA_API"
1979,64,"Amusement and recreation",1308,"i3gstlc1sk00","6","FAAt705","BEA_API"
1980,64,"Amusement and recreation",1443,"i3gstlc1sk00","6","FAAt705","BEA_API"
1981,64,"Amusement and recreation",1443,"i3gstlc1sk00","6","FAAt705","BEA_API"
1982,64,"Amusement and recreation",1501,"i3gstlc1sk00","6","FAAt705","BEA_API"
1983,64,"Amusement and recreation",1486,"i3gstlc1sk00","6","FAAt705","BEA_API"
1984,64,"Amusement and recreation",1566,"i3gstlc1sk00","6","FAAt705","BEA_API"
1985,64,"Amusement and recreation",1717,"i3gstlc1sk00","6","FAAt705","BEA_API"
1986,64,"Amusement and recreation",1954,"i3gstlc1sk00","6","FAAt705","BEA_API"
1987,64,"Amusement and recreation",2186,"i3gstlc1sk00","6","FAAt705","BEA_API"
1988,64,"Amusement and recreation",2365,"i3gstlc1sk00","6","FAAt705","BEA_API"
1989,64,"Amusement and recreation",2591,"i3gstlc1sk00","6","FAAt705","BEA_API"
1990,64,"Amusement and recreation",3050,"i3gstlc1sk00","6","FAAt705","BEA_API"
1991,64,"Amusement and recreation",3004,"i3gstlc1sk00","6","FAAt705","BEA_API"
1992,64,"Amusement and recreation",2851,"i3gstlc1sk00","6","FAAt705","BEA_API"
1993,64,"Amusement and recreation",2816,"i3gstlc1sk00","6","FAAt705","BEA_API"
1994,64,"Amusement and recreation",2818,"i3gstlc1sk00","6","FAAt705","BEA_API"
1995,64,"Amusement and recreation",3373,"i3gstlc1sk00","6","FAAt705","BEA_API"
1996,64,"Amusement and recreation",4147,"i3gstlc1sk00","6","FAAt705","BEA_API"
1997,64,"Amusement and recreation",4618,"i3gstlc1sk00","6","FAAt705","BEA_API"
1998,64,"Amusement and recreation",4780,"i3gstlc1sk00","6","FAAt705","BEA_API"
1999,64,"Amusement and recreation",5123,"i3gstlc1sk00","6","FAAt705","BEA_API"
2000,64,"Amusement and recreation",6155,"i3gstlc1sk00","6","FAAt705","BEA_API"
2001,64,"Amusement and recreation",6938,"i3gstlc1sk00","6","FAAt705","BEA_API"
2002,64,"Amusement and recreation",6817,"i3gstlc1sk00","6","FAAt705","BEA_API"
2003,64,"Amusement and recreation",6388,"i3gstlc1sk00","6","FAAt705","BEA_API"
2004,64,"Amusement and recreation",6365,"i3gstlc1sk00","6","FAAt705","BEA_API"
2005,64,"Amusement and recreation",6897,"i3gstlc1sk00","6","FAAt705","BEA_API"
2006,64,"Amusement and recreation",7424,"i3gstlc1sk00","6","FAAt705","BEA_API"
2007,64,"Amusement and recreation",8372,"i3gstlc1sk00","6","FAAt705","BEA_API"
2008,64,"Amusement and recreation",8774,"i3gstlc1sk00","6","FAAt705","BEA_API"
2009,64,"Amusement and recreation",8667,"i3gstlc1sk00","6","FAAt705","BEA_API"
2010,64,"Amusement and recreation",7665,"i3gstlc1sk00","6","FAAt705","BEA_API"
2011,64,"Amusement and recreation",6935,"i3gstlc1sk00","6","FAAt705","BEA_API"
2012,64,"Amusement and recreation",6471,"i3gstlc1sk00","6","FAAt705","BEA_API"
2013,64,"Amusement and recreation",6173,"i3gstlc1sk00","6","FAAt705","BEA_API"
2014,64,"Amusement and recreation",6397,"i3gstlc1sk00","6","FAAt705","BEA_API"
2015,64,"Amusement and recreation",7070,"i3gstlc1sk00","6","FAAt705","BEA_API"
2016,64,"Amusement and recreation",7995,"i3gstlc1sk00","6","FAAt705","BEA_API"
2017,64,"Amusement and recreation",8135,"i3gstlc1sk00","6","FAAt705","BEA_API"
2018,64,"Amusement and recreation",8651,"i3gstlc1sk00","6","FAAt705","BEA_API"
2019,64,"Amusement and recreation",9920,"i3gstlc1sk00","6","FAAt705","BEA_API"
2020,64,"Amusement and recreation",9711,"i3gstlc1sk00","6","FAAt705","BEA_API"
2021,64,"Amusement and recreation",8894,"i3gstlc1sk00","6","FAAt705","BEA_API"
2022,64,"Amusement and recreation",9461,"i3gstlc1sk00","6","FAAt705","BEA_API"
2023,64,"Amusement and recreation",11000,"i3gstlc1sk00","6","FAAt705","BEA_API"
2024,64,"Amusement and recreation",12033,"i3gstlc1sk00","6","FAAt705","BEA_API"
1901,65,"Transportation",5,"i3gstlc1sn00","6","FAAt705","BEA_API"
1902,65,"Transportation",5,"i3gstlc1sn00","6","FAAt705","BEA_API"
1903,65,"Transportation",6,"i3gstlc1sn00","6","FAAt705","BEA_API"
1904,65,"Transportation",6,"i3gstlc1sn00","6","FAAt705","BEA_API"
1905,65,"Transportation",6,"i3gstlc1sn00","6","FAAt705","BEA_API"
1906,65,"Transportation",7,"i3gstlc1sn00","6","FAAt705","BEA_API"
1907,65,"Transportation",8,"i3gstlc1sn00","6","FAAt705","BEA_API"
1908,65,"Transportation",10,"i3gstlc1sn00","6","FAAt705","BEA_API"
1909,65,"Transportation",9,"i3gstlc1sn00","6","FAAt705","BEA_API"
1910,65,"Transportation",9,"i3gstlc1sn00","6","FAAt705","BEA_API"
1911,65,"Transportation",10,"i3gstlc1sn00","6","FAAt705","BEA_API"
1912,65,"Transportation",10,"i3gstlc1sn00","6","FAAt705","BEA_API"
1913,65,"Transportation",11,"i3gstlc1sn00","6","FAAt705","BEA_API"
1914,65,"Transportation",12,"i3gstlc1sn00","6","FAAt705","BEA_API"
1915,65,"Transportation",14,"i3gstlc1sn00","6","FAAt705","BEA_API"
1916,65,"Transportation",14,"i3gstlc1sn00","6","FAAt705","BEA_API"
1917,65,"Transportation",13,"i3gstlc1sn00","6","FAAt705","BEA_API"
1918,65,"Transportation",12,"i3gstlc1sn00","6","FAAt705","BEA_API"
1919,65,"Transportation",13,"i3gstlc1sn00","6","FAAt705","BEA_API"
1920,65,"Transportation",20,"i3gstlc1sn00","6","FAAt705","BEA_API"
1921,65,"Transportation",21,"i3gstlc1sn00","6","FAAt705","BEA_API"
1922,65,"Transportation",22,"i3gstlc1sn00","6","FAAt705","BEA_API"
1923,65,"Transportation",23,"i3gstlc1sn00","6","FAAt705","BEA_API"
1924,65,"Transportation",28,"i3gstlc1sn00","6","FAAt705","BEA_API"
1925,65,"Transportation",48,"i3gstlc1sn00","6","FAAt705","BEA_API"
1926,65,"Transportation",53,"i3gstlc1sn00","6","FAAt705","BEA_API"
1927,65,"Transportation",72,"i3gstlc1sn00","6","FAAt705","BEA_API"
1928,65,"Transportation",65,"i3gstlc1sn00","6","FAAt705","BEA_API"
1929,65,"Transportation",67,"i3gstlc1sn00","6","FAAt705","BEA_API"
1930,65,"Transportation",66,"i3gstlc1sn00","6","FAAt705","BEA_API"
1931,65,"Transportation",82,"i3gstlc1sn00","6","FAAt705","BEA_API"
1932,65,"Transportation",47,"i3gstlc1sn00","6","FAAt705","BEA_API"
1933,65,"Transportation",26,"i3gstlc1sn00","6","FAAt705","BEA_API"
1934,65,"Transportation",51,"i3gstlc1sn00","6","FAAt705","BEA_API"
1935,65,"Transportation",49,"i3gstlc1sn00","6","FAAt705","BEA_API"
1936,65,"Transportation",121,"i3gstlc1sn00","6","FAAt705","BEA_API"
1937,65,"Transportation",92,"i3gstlc1sn00","6","FAAt705","BEA_API"
1938,65,"Transportation",105,"i3gstlc1sn00","6","FAAt705","BEA_API"
1939,65,"Transportation",136,"i3gstlc1sn00","6","FAAt705","BEA_API"
1940,65,"Transportation",91,"i3gstlc1sn00","6","FAAt705","BEA_API"
1941,65,"Transportation",64,"i3gstlc1sn00","6","FAAt705","BEA_API"
1942,65,"Transportation",30,"i3gstlc1sn00","6","FAAt705","BEA_API"
1943,65,"Transportation",17,"i3gstlc1sn00","6","FAAt705","BEA_API"
1944,65,"Transportation",16,"i3gstlc1sn00","6","FAAt705","BEA_API"
1945,65,"Transportation",17,"i3gstlc1sn00","6","FAAt705","BEA_API"
1946,65,"Transportation",25,"i3gstlc1sn00","6","FAAt705","BEA_API"
1947,65,"Transportation",73,"i3gstlc1sn00","6","FAAt705","BEA_API"
1948,65,"Transportation",105,"i3gstlc1sn00","6","FAAt705","BEA_API"
1949,65,"Transportation",139,"i3gstlc1sn00","6","FAAt705","BEA_API"
1950,65,"Transportation",143,"i3gstlc1sn00","6","FAAt705","BEA_API"
1951,65,"Transportation",151,"i3gstlc1sn00","6","FAAt705","BEA_API"
1952,65,"Transportation",119,"i3gstlc1sn00","6","FAAt705","BEA_API"
1953,65,"Transportation",152,"i3gstlc1sn00","6","FAAt705","BEA_API"
1954,65,"Transportation",188,"i3gstlc1sn00","6","FAAt705","BEA_API"
1955,65,"Transportation",226,"i3gstlc1sn00","6","FAAt705","BEA_API"
1956,65,"Transportation",259,"i3gstlc1sn00","6","FAAt705","BEA_API"
1957,65,"Transportation",287,"i3gstlc1sn00","6","FAAt705","BEA_API"
1958,65,"Transportation",316,"i3gstlc1sn00","6","FAAt705","BEA_API"
1959,65,"Transportation",347,"i3gstlc1sn00","6","FAAt705","BEA_API"
1960,65,"Transportation",413,"i3gstlc1sn00","6","FAAt705","BEA_API"
1961,65,"Transportation",469,"i3gstlc1sn00","6","FAAt705","BEA_API"
1962,65,"Transportation",397,"i3gstlc1sn00","6","FAAt705","BEA_API"
1963,65,"Transportation",500,"i3gstlc1sn00","6","FAAt705","BEA_API"
1964,65,"Transportation",514,"i3gstlc1sn00","6","FAAt705","BEA_API"
1965,65,"Transportation",588,"i3gstlc1sn00","6","FAAt705","BEA_API"
1966,65,"Transportation",760,"i3gstlc1sn00","6","FAAt705","BEA_API"
1967,65,"Transportation",1034,"i3gstlc1sn00","6","FAAt705","BEA_API"
1968,65,"Transportation",1245,"i3gstlc1sn00","6","FAAt705","BEA_API"
1969,65,"Transportation",1370,"i3gstlc1sn00","6","FAAt705","BEA_API"
1970,65,"Transportation",1382,"i3gstlc1sn00","6","FAAt705","BEA_API"
1971,65,"Transportation",1140,"i3gstlc1sn00","6","FAAt705","BEA_API"
1972,65,"Transportation",1311,"i3gstlc1sn00","6","FAAt705","BEA_API"
1973,65,"Transportation",1464,"i3gstlc1sn00","6","FAAt705","BEA_API"
1974,65,"Transportation",1914,"i3gstlc1sn00","6","FAAt705","BEA_API"
1975,65,"Transportation",1959,"i3gstlc1sn00","6","FAAt705","BEA_API"
1976,65,"Transportation",2158,"i3gstlc1sn00","6","FAAt705","BEA_API"
1977,65,"Transportation",2114,"i3gstlc1sn00","6","FAAt705","BEA_API"
1978,65,"Transportation",2353,"i3gstlc1sn00","6","FAAt705","BEA_API"
1979,65,"Transportation",2853,"i3gstlc1sn00","6","FAAt705","BEA_API"
1980,65,"Transportation",3623,"i3gstlc1sn00","6","FAAt705","BEA_API"
1981,65,"Transportation",3862,"i3gstlc1sn00","6","FAAt705","BEA_API"
1982,65,"Transportation",4067,"i3gstlc1sn00","6","FAAt705","BEA_API"
1983,65,"Transportation",4197,"i3gstlc1sn00","6","FAAt705","BEA_API"
1984,65,"Transportation",4211,"i3gstlc1sn00","6","FAAt705","BEA_API"
1985,65,"Transportation",4387,"i3gstlc1sn00","6","FAAt705","BEA_API"
1986,65,"Transportation",4771,"i3gstlc1sn00","6","FAAt705","BEA_API"
1987,65,"Transportation",5254,"i3gstlc1sn00","6","FAAt705","BEA_API"
1988,65,"Transportation",5951,"i3gstlc1sn00","6","FAAt705","BEA_API"
1989,65,"Transportation",6749,"i3gstlc1sn00","6","FAAt705","BEA_API"
1990,65,"Transportation",7721,"i3gstlc1sn00","6","FAAt705","BEA_API"
1991,65,"Transportation",8361,"i3gstlc1sn00","6","FAAt705","BEA_API"
1992,65,"Transportation",8876,"i3gstlc1sn00","6","FAAt705","BEA_API"
1993,65,"Transportation",9740,"i3gstlc1sn00","6","FAAt705","BEA_API"
1994,65,"Transportation",9827,"i3gstlc1sn00","6","FAAt705","BEA_API"
1995,65,"Transportation",9807,"i3gstlc1sn00","6","FAAt705","BEA_API"
1996,65,"Transportation",10427,"i3gstlc1sn00","6","FAAt705","BEA_API"
1997,65,"Transportation",10553,"i3gstlc1sn00","6","FAAt705","BEA_API"
1998,65,"Transportation",10648,"i3gstlc1sn00","6","FAAt705","BEA_API"
1999,65,"Transportation",12058,"i3gstlc1sn00","6","FAAt705","BEA_API"
2000,65,"Transportation",15227,"i3gstlc1sn00","6","FAAt705","BEA_API"
2001,65,"Transportation",16768,"i3gstlc1sn00","6","FAAt705","BEA_API"
2002,65,"Transportation",17931,"i3gstlc1sn00","6","FAAt705","BEA_API"
2003,65,"Transportation",19812,"i3gstlc1sn00","6","FAAt705","BEA_API"
2004,65,"Transportation",19207,"i3gstlc1sn00","6","FAAt705","BEA_API"
2005,65,"Transportation",18281,"i3gstlc1sn00","6","FAAt705","BEA_API"
2006,65,"Transportation",18898,"i3gstlc1sn00","6","FAAt705","BEA_API"
2007,65,"Transportation",20388,"i3gstlc1sn00","6","FAAt705","BEA_API"
2008,65,"Transportation",22268,"i3gstlc1sn00","6","FAAt705","BEA_API"
2009,65,"Transportation",24481,"i3gstlc1sn00","6","FAAt705","BEA_API"
2010,65,"Transportation",24407,"i3gstlc1sn00","6","FAAt705","BEA_API"
2011,65,"Transportation",23515,"i3gstlc1sn00","6","FAAt705","BEA_API"
2012,65,"Transportation",23886,"i3gstlc1sn00","6","FAAt705","BEA_API"
2013,65,"Transportation",25096,"i3gstlc1sn00","6","FAAt705","BEA_API"
2014,65,"Transportation",28295,"i3gstlc1sn00","6","FAAt705","BEA_API"
2015,65,"Transportation",29340,"i3gstlc1sn00","6","FAAt705","BEA_API"
2016,65,"Transportation",28617,"i3gstlc1sn00","6","FAAt705","BEA_API"
2017,65,"Transportation",30204,"i3gstlc1sn00","6","FAAt705","BEA_API"
2018,65,"Transportation",32446,"i3gstlc1sn00","6","FAAt705","BEA_API"
2019,65,"Transportation",38258,"i3gstlc1sn00","6","FAAt705","BEA_API"
2020,65,"Transportation",41824,"i3gstlc1sn00","6","FAAt705","BEA_API"
2021,65,"Transportation",36769,"i3gstlc1sn00","6","FAAt705","BEA_API"
2022,65,"Transportation",34600,"i3gstlc1sn00","6","FAAt705","BEA_API"
2023,65,"Transportation",40045,"i3gstlc1sn00","6","FAAt705","BEA_API"
2024,65,"Transportation",44595,"i3gstlc1sn00","6","FAAt705","BEA_API"
1901,66,"Power",10,"i3gstlc1sp00","6","FAAt705","BEA_API"
1902,66,"Power",9,"i3gstlc1sp00","6","FAAt705","BEA_API"
1903,66,"Power",11,"i3gstlc1sp00","6","FAAt705","BEA_API"
1904,66,"Power",11,"i3gstlc1sp00","6","FAAt705","BEA_API"
1905,66,"Power",12,"i3gstlc1sp00","6","FAAt705","BEA_API"
1906,66,"Power",13,"i3gstlc1sp00","6","FAAt705","BEA_API"
1907,66,"Power",15,"i3gstlc1sp00","6","FAAt705","BEA_API"
1908,66,"Power",19,"i3gstlc1sp00","6","FAAt705","BEA_API"
1909,66,"Power",16,"i3gstlc1sp00","6","FAAt705","BEA_API"
1910,66,"Power",18,"i3gstlc1sp00","6","FAAt705","BEA_API"
1911,66,"Power",20,"i3gstlc1sp00","6","FAAt705","BEA_API"
1912,66,"Power",19,"i3gstlc1sp00","6","FAAt705","BEA_API"
1913,66,"Power",21,"i3gstlc1sp00","6","FAAt705","BEA_API"
1914,66,"Power",22,"i3gstlc1sp00","6","FAAt705","BEA_API"
1915,66,"Power",26,"i3gstlc1sp00","6","FAAt705","BEA_API"
1916,66,"Power",28,"i3gstlc1sp00","6","FAAt705","BEA_API"
1917,66,"Power",26,"i3gstlc1sp00","6","FAAt705","BEA_API"
1918,66,"Power",24,"i3gstlc1sp00","6","FAAt705","BEA_API"
1919,66,"Power",22,"i3gstlc1sp00","6","FAAt705","BEA_API"
1920,66,"Power",28,"i3gstlc1sp00","6","FAAt705","BEA_API"
1921,66,"Power",29,"i3gstlc1sp00","6","FAAt705","BEA_API"
1922,66,"Power",34,"i3gstlc1sp00","6","FAAt705","BEA_API"
1923,66,"Power",33,"i3gstlc1sp00","6","FAAt705","BEA_API"
1924,66,"Power",45,"i3gstlc1sp00","6","FAAt705","BEA_API"
1925,66,"Power",81,"i3gstlc1sp00","6","FAAt705","BEA_API"
1926,66,"Power",76,"i3gstlc1sp00","6","FAAt705","BEA_API"
1927,66,"Power",132,"i3gstlc1sp00","6","FAAt705","BEA_API"
1928,66,"Power",106,"i3gstlc1sp00","6","FAAt705","BEA_API"
1929,66,"Power",107,"i3gstlc1sp00","6","FAAt705","BEA_API"
1930,66,"Power",109,"i3gstlc1sp00","6","FAAt705","BEA_API"
1931,66,"Power",143,"i3gstlc1sp00","6","FAAt705","BEA_API"
1932,66,"Power",95,"i3gstlc1sp00","6","FAAt705","BEA_API"
1933,66,"Power",51,"i3gstlc1sp00","6","FAAt705","BEA_API"
1934,66,"Power",67,"i3gstlc1sp00","6","FAAt705","BEA_API"
1935,66,"Power",87,"i3gstlc1sp00","6","FAAt705","BEA_API"
1936,66,"Power",235,"i3gstlc1sp00","6","FAAt705","BEA_API"
1937,66,"Power",174,"i3gstlc1sp00","6","FAAt705","BEA_API"
1938,66,"Power",204,"i3gstlc1sp00","6","FAAt705","BEA_API"
1939,66,"Power",203,"i3gstlc1sp00","6","FAAt705","BEA_API"
1940,66,"Power",149,"i3gstlc1sp00","6","FAAt705","BEA_API"
1941,66,"Power",127,"i3gstlc1sp00","6","FAAt705","BEA_API"
1942,66,"Power",69,"i3gstlc1sp00","6","FAAt705","BEA_API"
1943,66,"Power",32,"i3gstlc1sp00","6","FAAt705","BEA_API"
1944,66,"Power",28,"i3gstlc1sp00","6","FAAt705","BEA_API"
1945,66,"Power",31,"i3gstlc1sp00","6","FAAt705","BEA_API"
1946,66,"Power",58,"i3gstlc1sp00","6","FAAt705","BEA_API"
1947,66,"Power",132,"i3gstlc1sp00","6","FAAt705","BEA_API"
1948,66,"Power",151,"i3gstlc1sp00","6","FAAt705","BEA_API"
1949,66,"Power",154,"i3gstlc1sp00","6","FAAt705","BEA_API"
1950,66,"Power",143,"i3gstlc1sp00","6","FAAt705","BEA_API"
1951,66,"Power",154,"i3gstlc1sp00","6","FAAt705","BEA_API"
1952,66,"Power",138,"i3gstlc1sp00","6","FAAt705","BEA_API"
1953,66,"Power",160,"i3gstlc1sp00","6","FAAt705","BEA_API"
1954,66,"Power",191,"i3gstlc1sp00","6","FAAt705","BEA_API"
1955,66,"Power",212,"i3gstlc1sp00","6","FAAt705","BEA_API"
1956,66,"Power",317,"i3gstlc1sp00","6","FAAt705","BEA_API"
1957,66,"Power",332,"i3gstlc1sp00","6","FAAt705","BEA_API"
1958,66,"Power",387,"i3gstlc1sp00","6","FAAt705","BEA_API"
1959,66,"Power",495,"i3gstlc1sp00","6","FAAt705","BEA_API"
1960,66,"Power",533,"i3gstlc1sp00","6","FAAt705","BEA_API"
1961,66,"Power",663,"i3gstlc1sp00","6","FAAt705","BEA_API"
1962,66,"Power",493,"i3gstlc1sp00","6","FAAt705","BEA_API"
1963,66,"Power",583,"i3gstlc1sp00","6","FAAt705","BEA_API"
1964,66,"Power",790,"i3gstlc1sp00","6","FAAt705","BEA_API"
1965,66,"Power",861,"i3gstlc1sp00","6","FAAt705","BEA_API"
1966,66,"Power",674,"i3gstlc1sp00","6","FAAt705","BEA_API"
1967,66,"Power",850,"i3gstlc1sp00","6","FAAt705","BEA_API"
1968,66,"Power",871,"i3gstlc1sp00","6","FAAt705","BEA_API"
1969,66,"Power",914,"i3gstlc1sp00","6","FAAt705","BEA_API"
1970,66,"Power",945,"i3gstlc1sp00","6","FAAt705","BEA_API"
1971,66,"Power",1010,"i3gstlc1sp00","6","FAAt705","BEA_API"
1972,66,"Power",1115,"i3gstlc1sp00","6","FAAt705","BEA_API"
1973,66,"Power",1226,"i3gstlc1sp00","6","FAAt705","BEA_API"
1974,66,"Power",1565,"i3gstlc1sp00","6","FAAt705","BEA_API"
1975,66,"Power",1416,"i3gstlc1sp00","6","FAAt705","BEA_API"
1976,66,"Power",1985,"i3gstlc1sp00","6","FAAt705","BEA_API"
1977,66,"Power",2469,"i3gstlc1sp00","6","FAAt705","BEA_API"
1978,66,"Power",3673,"i3gstlc1sp00","6","FAAt705","BEA_API"
1979,66,"Power",3970,"i3gstlc1sp00","6","FAAt705","BEA_API"
1980,66,"Power",4222,"i3gstlc1sp00","6","FAAt705","BEA_API"
1981,66,"Power",5290,"i3gstlc1sp00","6","FAAt705","BEA_API"
1982,66,"Power",4953,"i3gstlc1sp00","6","FAAt705","BEA_API"
1983,66,"Power",4706,"i3gstlc1sp00","6","FAAt705","BEA_API"
1984,66,"Power",4203,"i3gstlc1sp00","6","FAAt705","BEA_API"
1985,66,"Power",5554,"i3gstlc1sp00","6","FAAt705","BEA_API"
1986,66,"Power",5213,"i3gstlc1sp00","6","FAAt705","BEA_API"
1987,66,"Power",4103,"i3gstlc1sp00","6","FAAt705","BEA_API"
1988,66,"Power",3976,"i3gstlc1sp00","6","FAAt705","BEA_API"
1989,66,"Power",3193,"i3gstlc1sp00","6","FAAt705","BEA_API"
1990,66,"Power",3261,"i3gstlc1sp00","6","FAAt705","BEA_API"
1991,66,"Power",3231,"i3gstlc1sp00","6","FAAt705","BEA_API"
1992,66,"Power",3111,"i3gstlc1sp00","6","FAAt705","BEA_API"
1993,66,"Power",3385,"i3gstlc1sp00","6","FAAt705","BEA_API"
1994,66,"Power",2966,"i3gstlc1sp00","6","FAAt705","BEA_API"
1995,66,"Power",3006,"i3gstlc1sp00","6","FAAt705","BEA_API"
1996,66,"Power",2680,"i3gstlc1sp00","6","FAAt705","BEA_API"
1997,66,"Power",3238,"i3gstlc1sp00","6","FAAt705","BEA_API"
1998,66,"Power",3192,"i3gstlc1sp00","6","FAAt705","BEA_API"
1999,66,"Power",3418,"i3gstlc1sp00","6","FAAt705","BEA_API"
2000,66,"Power",4127,"i3gstlc1sp00","6","FAAt705","BEA_API"
2001,66,"Power",5104,"i3gstlc1sp00","6","FAAt705","BEA_API"
2002,66,"Power",5631,"i3gstlc1sp00","6","FAAt705","BEA_API"
2003,66,"Power",6235,"i3gstlc1sp00","6","FAAt705","BEA_API"
2004,66,"Power",6010,"i3gstlc1sp00","6","FAAt705","BEA_API"
2005,66,"Power",6178,"i3gstlc1sp00","6","FAAt705","BEA_API"
2006,66,"Power",7152,"i3gstlc1sp00","6","FAAt705","BEA_API"
2007,66,"Power",8006,"i3gstlc1sp00","6","FAAt705","BEA_API"
2008,66,"Power",9797,"i3gstlc1sp00","6","FAAt705","BEA_API"
2009,66,"Power",10656,"i3gstlc1sp00","6","FAAt705","BEA_API"
2010,66,"Power",10136,"i3gstlc1sp00","6","FAAt705","BEA_API"
2011,66,"Power",9338,"i3gstlc1sp00","6","FAAt705","BEA_API"
2012,66,"Power",9096,"i3gstlc1sp00","6","FAAt705","BEA_API"
2013,66,"Power",9192,"i3gstlc1sp00","6","FAAt705","BEA_API"
2014,66,"Power",9101,"i3gstlc1sp00","6","FAAt705","BEA_API"
2015,66,"Power",9008,"i3gstlc1sp00","6","FAAt705","BEA_API"
2016,66,"Power",9067,"i3gstlc1sp00","6","FAAt705","BEA_API"
2017,66,"Power",9474,"i3gstlc1sp00","6","FAAt705","BEA_API"
2018,66,"Power",10029,"i3gstlc1sp00","6","FAAt705","BEA_API"
2019,66,"Power",10365,"i3gstlc1sp00","6","FAAt705","BEA_API"
2020,66,"Power",9692,"i3gstlc1sp00","6","FAAt705","BEA_API"
2021,66,"Power",9438,"i3gstlc1sp00","6","FAAt705","BEA_API"
2022,66,"Power",10868,"i3gstlc1sp00","6","FAAt705","BEA_API"
2023,66,"Power",12803,"i3gstlc1sp00","6","FAAt705","BEA_API"
2024,66,"Power",14260,"i3gstlc1sp00","6","FAAt705","BEA_API"
1901,67,"Highways and streets",44,"i3gstlc1sq00","6","FAAt705","BEA_API"
1902,67,"Highways and streets",65,"i3gstlc1sq00","6","FAAt705","BEA_API"
1903,67,"Highways and streets",87,"i3gstlc1sq00","6","FAAt705","BEA_API"
1904,67,"Highways and streets",108,"i3gstlc1sq00","6","FAAt705","BEA_API"
1905,67,"Highways and streets",102,"i3gstlc1sq00","6","FAAt705","BEA_API"
1906,67,"Highways and streets",100,"i3gstlc1sq00","6","FAAt705","BEA_API"
1907,67,"Highways and streets",129,"i3gstlc1sq00","6","FAAt705","BEA_API"
1908,67,"Highways and streets",133,"i3gstlc1sq00","6","FAAt705","BEA_API"
1909,67,"Highways and streets",138,"i3gstlc1sq00","6","FAAt705","BEA_API"
1910,67,"Highways and streets",154,"i3gstlc1sq00","6","FAAt705","BEA_API"
1911,67,"Highways and streets",177,"i3gstlc1sq00","6","FAAt705","BEA_API"
1912,67,"Highways and streets",173,"i3gstlc1sq00","6","FAAt705","BEA_API"
1913,67,"Highways and streets",180,"i3gstlc1sq00","6","FAAt705","BEA_API"
1914,67,"Highways and streets",209,"i3gstlc1sq00","6","FAAt705","BEA_API"
1915,67,"Highways and streets",302,"i3gstlc1sq00","6","FAAt705","BEA_API"
1916,67,"Highways and streets",314,"i3gstlc1sq00","6","FAAt705","BEA_API"
1917,67,"Highways and streets",320,"i3gstlc1sq00","6","FAAt705","BEA_API"
1918,67,"Highways and streets",295,"i3gstlc1sq00","6","FAAt705","BEA_API"
1919,67,"Highways and streets",426,"i3gstlc1sq00","6","FAAt705","BEA_API"
1920,67,"Highways and streets",652,"i3gstlc1sq00","6","FAAt705","BEA_API"
1921,67,"Highways and streets",850,"i3gstlc1sq00","6","FAAt705","BEA_API"
1922,67,"Highways and streets",872,"i3gstlc1sq00","6","FAAt705","BEA_API"
1923,67,"Highways and streets",798,"i3gstlc1sq00","6","FAAt705","BEA_API"
1924,67,"Highways and streets",978,"i3gstlc1sq00","6","FAAt705","BEA_API"
1925,67,"Highways and streets",1072,"i3gstlc1sq00","6","FAAt705","BEA_API"
1926,67,"Highways and streets",1057,"i3gstlc1sq00","6","FAAt705","BEA_API"
1927,67,"Highways and streets",1212,"i3gstlc1sq00","6","FAAt705","BEA_API"
1928,67,"Highways and streets",1278,"i3gstlc1sq00","6","FAAt705","BEA_API"
1929,67,"Highways and streets",1305,"i3gstlc1sq00","6","FAAt705","BEA_API"
1930,67,"Highways and streets",1539,"i3gstlc1sq00","6","FAAt705","BEA_API"
1931,67,"Highways and streets",1369,"i3gstlc1sq00","6","FAAt705","BEA_API"
1932,67,"Highways and streets",968,"i3gstlc1sq00","6","FAAt705","BEA_API"
1933,67,"Highways and streets",830,"i3gstlc1sq00","6","FAAt705","BEA_API"
1934,67,"Highways and streets",963,"i3gstlc1sq00","6","FAAt705","BEA_API"
1935,67,"Highways and streets",806,"i3gstlc1sq00","6","FAAt705","BEA_API"
1936,67,"Highways and streets",1335,"i3gstlc1sq00","6","FAAt705","BEA_API"
1937,67,"Highways and streets",1212,"i3gstlc1sq00","6","FAAt705","BEA_API"
1938,67,"Highways and streets",1415,"i3gstlc1sq00","6","FAAt705","BEA_API"
1939,67,"Highways and streets",1396,"i3gstlc1sq00","6","FAAt705","BEA_API"
1940,67,"Highways and streets",1339,"i3gstlc1sq00","6","FAAt705","BEA_API"
1941,67,"Highways and streets",1085,"i3gstlc1sq00","6","FAAt705","BEA_API"
1942,67,"Highways and streets",739,"i3gstlc1sq00","6","FAAt705","BEA_API"
1943,67,"Highways and streets",435,"i3gstlc1sq00","6","FAAt705","BEA_API"
1944,67,"Highways and streets",345,"i3gstlc1sq00","6","FAAt705","BEA_API"
1945,67,"Highways and streets",356,"i3gstlc1sq00","6","FAAt705","BEA_API"
1946,67,"Highways and streets",766,"i3gstlc1sq00","6","FAAt705","BEA_API"
1947,67,"Highways and streets",1336,"i3gstlc1sq00","6","FAAt705","BEA_API"
1948,67,"Highways and streets",1662,"i3gstlc1sq00","6","FAAt705","BEA_API"
1949,67,"Highways and streets",2027,"i3gstlc1sq00","6","FAAt705","BEA_API"
1950,67,"Highways and streets",2177,"i3gstlc1sq00","6","FAAt705","BEA_API"
1951,67,"Highways and streets",2404,"i3gstlc1sq00","6","FAAt705","BEA_API"
1952,67,"Highways and streets",2709,"i3gstlc1sq00","6","FAAt705","BEA_API"
1953,67,"Highways and streets",3066,"i3gstlc1sq00","6","FAAt705","BEA_API"
1954,67,"Highways and streets",3764,"i3gstlc1sq00","6","FAAt705","BEA_API"
1955,67,"Highways and streets",3986,"i3gstlc1sq00","6","FAAt705","BEA_API"
1956,67,"Highways and streets",4560,"i3gstlc1sq00","6","FAAt705","BEA_API"
1957,67,"Highways and streets",5063,"i3gstlc1sq00","6","FAAt705","BEA_API"
1958,67,"Highways and streets",5685,"i3gstlc1sq00","6","FAAt705","BEA_API"
1959,67,"Highways and streets",5969,"i3gstlc1sq00","6","FAAt705","BEA_API"
1960,67,"Highways and streets",5588,"i3gstlc1sq00","6","FAAt705","BEA_API"
1961,67,"Highways and streets",6036,"i3gstlc1sq00","6","FAAt705","BEA_API"
1962,67,"Highways and streets",6555,"i3gstlc1sq00","6","FAAt705","BEA_API"
1963,67,"Highways and streets",7270,"i3gstlc1sq00","6","FAAt705","BEA_API"
1964,67,"Highways and streets",7339,"i3gstlc1sq00","6","FAAt705","BEA_API"
1965,67,"Highways and streets",7854,"i3gstlc1sq00","6","FAAt705","BEA_API"
1966,67,"Highways and streets",8739,"i3gstlc1sq00","6","FAAt705","BEA_API"
1967,67,"Highways and streets",8941,"i3gstlc1sq00","6","FAAt705","BEA_API"
1968,67,"Highways and streets",9653,"i3gstlc1sq00","6","FAAt705","BEA_API"
1969,67,"Highways and streets",9575,"i3gstlc1sq00","6","FAAt705","BEA_API"
1970,67,"Highways and streets",10291,"i3gstlc1sq00","6","FAAt705","BEA_API"
1971,67,"Highways and streets",10969,"i3gstlc1sq00","6","FAAt705","BEA_API"
1972,67,"Highways and streets",10680,"i3gstlc1sq00","6","FAAt705","BEA_API"
1973,67,"Highways and streets",10721,"i3gstlc1sq00","6","FAAt705","BEA_API"
1974,67,"Highways and streets",12293,"i3gstlc1sq00","6","FAAt705","BEA_API"
1975,67,"Highways and streets",13239,"i3gstlc1sq00","6","FAAt705","BEA_API"
1976,67,"Highways and streets",12385,"i3gstlc1sq00","6","FAAt705","BEA_API"
1977,67,"Highways and streets",12402,"i3gstlc1sq00","6","FAAt705","BEA_API"
1978,67,"Highways and streets",14127,"i3gstlc1sq00","6","FAAt705","BEA_API"
1979,67,"Highways and streets",16986,"i3gstlc1sq00","6","FAAt705","BEA_API"
1980,67,"Highways and streets",18149,"i3gstlc1sq00","6","FAAt705","BEA_API"
1981,67,"Highways and streets",18035,"i3gstlc1sq00","6","FAAt705","BEA_API"
1982,67,"Highways and streets",17227,"i3gstlc1sq00","6","FAAt705","BEA_API"
1983,67,"Highways and streets",18068,"i3gstlc1sq00","6","FAAt705","BEA_API"
1984,67,"Highways and streets",21719,"i3gstlc1sq00","6","FAAt705","BEA_API"
1985,67,"Highways and streets",24010,"i3gstlc1sq00","6","FAAt705","BEA_API"
1986,67,"Highways and streets",25788,"i3gstlc1sq00","6","FAAt705","BEA_API"
1987,67,"Highways and streets",27618,"i3gstlc1sq00","6","FAAt705","BEA_API"
1988,67,"Highways and streets",29694,"i3gstlc1sq00","6","FAAt705","BEA_API"
1989,67,"Highways and streets",29550,"i3gstlc1sq00","6","FAAt705","BEA_API"
1990,67,"Highways and streets",32974,"i3gstlc1sq00","6","FAAt705","BEA_API"
1991,67,"Highways and streets",33254,"i3gstlc1sq00","6","FAAt705","BEA_API"
1992,67,"Highways and streets",33370,"i3gstlc1sq00","6","FAAt705","BEA_API"
1993,67,"Highways and streets",35059,"i3gstlc1sq00","6","FAAt705","BEA_API"
1994,67,"Highways and streets",38049,"i3gstlc1sq00","6","FAAt705","BEA_API"
1995,67,"Highways and streets",38386,"i3gstlc1sq00","6","FAAt705","BEA_API"
1996,67,"Highways and streets",40092,"i3gstlc1sq00","6","FAAt705","BEA_API"
1997,67,"Highways and streets",42522,"i3gstlc1sq00","6","FAAt705","BEA_API"
1998,67,"Highways and streets",45659,"i3gstlc1sq00","6","FAAt705","BEA_API"
1999,67,"Highways and streets",49650,"i3gstlc1sq00","6","FAAt705","BEA_API"
2000,67,"Highways and streets",53484,"i3gstlc1sq00","6","FAAt705","BEA_API"
2001,67,"Highways and streets",58082,"i3gstlc1sq00","6","FAAt705","BEA_API"
2002,67,"Highways and streets",59770,"i3gstlc1sq00","6","FAAt705","BEA_API"
2003,67,"Highways and streets",58783,"i3gstlc1sq00","6","FAAt705","BEA_API"
2004,67,"Highways and streets",61642,"i3gstlc1sq00","6","FAAt705","BEA_API"
2005,67,"Highways and streets",67549,"i3gstlc1sq00","6","FAAt705","BEA_API"
2006,67,"Highways and streets",73699,"i3gstlc1sq00","6","FAAt705","BEA_API"
2007,67,"Highways and streets",77768,"i3gstlc1sq00","6","FAAt705","BEA_API"
2008,67,"Highways and streets",79276,"i3gstlc1sq00","6","FAAt705","BEA_API"
2009,67,"Highways and streets",81681,"i3gstlc1sq00","6","FAAt705","BEA_API"
2010,67,"Highways and streets",81521,"i3gstlc1sq00","6","FAAt705","BEA_API"
2011,67,"Highways and streets",82131,"i3gstlc1sq00","6","FAAt705","BEA_API"
2012,67,"Highways and streets",82635,"i3gstlc1sq00","6","FAAt705","BEA_API"
2013,67,"Highways and streets",80807,"i3gstlc1sq00","6","FAAt705","BEA_API"
2014,67,"Highways and streets",83001,"i3gstlc1sq00","6","FAAt705","BEA_API"
2015,67,"Highways and streets",88613,"i3gstlc1sq00","6","FAAt705","BEA_API"
2016,67,"Highways and streets",92270,"i3gstlc1sq00","6","FAAt705","BEA_API"
2017,67,"Highways and streets",95789,"i3gstlc1sq00","6","FAAt705","BEA_API"
2018,67,"Highways and streets",101839,"i3gstlc1sq00","6","FAAt705","BEA_API"
2019,67,"Highways and streets",104846,"i3gstlc1sq00","6","FAAt705","BEA_API"
2020,67,"Highways and streets",105055,"i3gstlc1sq00","6","FAAt705","BEA_API"
2021,67,"Highways and streets",103740,"i3gstlc1sq00","6","FAAt705","BEA_API"
2022,67,"Highways and streets",111808,"i3gstlc1sq00","6","FAAt705","BEA_API"
2023,67,"Highways and streets",128144,"i3gstlc1sq00","6","FAAt705","BEA_API"
2024,67,"Highways and streets",139992,"i3gstlc1sq00","6","FAAt705","BEA_API"
1901,68,"Sewer systems",20,"i3gstlc1sr00","6","FAAt705","BEA_API"
1902,68,"Sewer systems",18,"i3gstlc1sr00","6","FAAt705","BEA_API"
1903,68,"Sewer systems",24,"i3gstlc1sr00","6","FAAt705","BEA_API"
1904,68,"Sewer systems",23,"i3gstlc1sr00","6","FAAt705","BEA_API"
1905,68,"Sewer systems",24,"i3gstlc1sr00","6","FAAt705","BEA_API"
1906,68,"Sewer systems",25,"i3gstlc1sr00","6","FAAt705","BEA_API"
1907,68,"Sewer systems",30,"i3gstlc1sr00","6","FAAt705","BEA_API"
1908,68,"Sewer systems",36,"i3gstlc1sr00","6","FAAt705","BEA_API"
1909,68,"Sewer systems",33,"i3gstlc1sr00","6","FAAt705","BEA_API"
1910,68,"Sewer systems",36,"i3gstlc1sr00","6","FAAt705","BEA_API"
1911,68,"Sewer systems",40,"i3gstlc1sr00","6","FAAt705","BEA_API"
1912,68,"Sewer systems",39,"i3gstlc1sr00","6","FAAt705","BEA_API"
1913,68,"Sewer systems",42,"i3gstlc1sr00","6","FAAt705","BEA_API"
1914,68,"Sewer systems",43,"i3gstlc1sr00","6","FAAt705","BEA_API"
1915,68,"Sewer systems",54,"i3gstlc1sr00","6","FAAt705","BEA_API"
1916,68,"Sewer systems",47,"i3gstlc1sr00","6","FAAt705","BEA_API"
1917,68,"Sewer systems",46,"i3gstlc1sr00","6","FAAt705","BEA_API"
1918,68,"Sewer systems",39,"i3gstlc1sr00","6","FAAt705","BEA_API"
1919,68,"Sewer systems",55,"i3gstlc1sr00","6","FAAt705","BEA_API"
1920,68,"Sewer systems",69,"i3gstlc1sr00","6","FAAt705","BEA_API"
1921,68,"Sewer systems",80,"i3gstlc1sr00","6","FAAt705","BEA_API"
1922,68,"Sewer systems",91,"i3gstlc1sr00","6","FAAt705","BEA_API"
1923,68,"Sewer systems",93,"i3gstlc1sr00","6","FAAt705","BEA_API"
1924,68,"Sewer systems",111,"i3gstlc1sr00","6","FAAt705","BEA_API"
1925,68,"Sewer systems",137,"i3gstlc1sr00","6","FAAt705","BEA_API"
1926,68,"Sewer systems",150,"i3gstlc1sr00","6","FAAt705","BEA_API"
1927,68,"Sewer systems",180,"i3gstlc1sr00","6","FAAt705","BEA_API"
1928,68,"Sewer systems",189,"i3gstlc1sr00","6","FAAt705","BEA_API"
1929,68,"Sewer systems",131,"i3gstlc1sr00","6","FAAt705","BEA_API"
1930,68,"Sewer systems",147,"i3gstlc1sr00","6","FAAt705","BEA_API"
1931,68,"Sewer systems",118,"i3gstlc1sr00","6","FAAt705","BEA_API"
1932,68,"Sewer systems",71,"i3gstlc1sr00","6","FAAt705","BEA_API"
1933,68,"Sewer systems",46,"i3gstlc1sr00","6","FAAt705","BEA_API"
1934,68,"Sewer systems",105,"i3gstlc1sr00","6","FAAt705","BEA_API"
1935,68,"Sewer systems",104,"i3gstlc1sr00","6","FAAt705","BEA_API"
1936,68,"Sewer systems",237,"i3gstlc1sr00","6","FAAt705","BEA_API"
1937,68,"Sewer systems",216,"i3gstlc1sr00","6","FAAt705","BEA_API"
1938,68,"Sewer systems",243,"i3gstlc1sr00","6","FAAt705","BEA_API"
1939,68,"Sewer systems",251,"i3gstlc1sr00","6","FAAt705","BEA_API"
1940,68,"Sewer systems",190,"i3gstlc1sr00","6","FAAt705","BEA_API"
1941,68,"Sewer systems",122,"i3gstlc1sr00","6","FAAt705","BEA_API"
1942,68,"Sewer systems",78,"i3gstlc1sr00","6","FAAt705","BEA_API"
1943,68,"Sewer systems",36,"i3gstlc1sr00","6","FAAt705","BEA_API"
1944,68,"Sewer systems",25,"i3gstlc1sr00","6","FAAt705","BEA_API"
1945,68,"Sewer systems",33,"i3gstlc1sr00","6","FAAt705","BEA_API"
1946,68,"Sewer systems",100,"i3gstlc1sr00","6","FAAt705","BEA_API"
1947,68,"Sewer systems",191,"i3gstlc1sr00","6","FAAt705","BEA_API"
1948,68,"Sewer systems",310,"i3gstlc1sr00","6","FAAt705","BEA_API"
1949,68,"Sewer systems",364,"i3gstlc1sr00","6","FAAt705","BEA_API"
1950,68,"Sewer systems",395,"i3gstlc1sr00","6","FAAt705","BEA_API"
1951,68,"Sewer systems",439,"i3gstlc1sr00","6","FAAt705","BEA_API"
1952,68,"Sewer systems",446,"i3gstlc1sr00","6","FAAt705","BEA_API"
1953,68,"Sewer systems",537,"i3gstlc1sr00","6","FAAt705","BEA_API"
1954,68,"Sewer systems",586,"i3gstlc1sr00","6","FAAt705","BEA_API"
1955,68,"Sewer systems",635,"i3gstlc1sr00","6","FAAt705","BEA_API"
1956,68,"Sewer systems",723,"i3gstlc1sr00","6","FAAt705","BEA_API"
1957,68,"Sewer systems",806,"i3gstlc1sr00","6","FAAt705","BEA_API"
1958,68,"Sewer systems",863,"i3gstlc1sr00","6","FAAt705","BEA_API"
1959,68,"Sewer systems",935,"i3gstlc1sr00","6","FAAt705","BEA_API"
1960,68,"Sewer systems",903,"i3gstlc1sr00","6","FAAt705","BEA_API"
1961,68,"Sewer systems",940,"i3gstlc1sr00","6","FAAt705","BEA_API"
1962,68,"Sewer systems",1099,"i3gstlc1sr00","6","FAAt705","BEA_API"
1963,68,"Sewer systems",967,"i3gstlc1sr00","6","FAAt705","BEA_API"
1964,68,"Sewer systems",1354,"i3gstlc1sr00","6","FAAt705","BEA_API"
1965,68,"Sewer systems",1223,"i3gstlc1sr00","6","FAAt705","BEA_API"
1966,68,"Sewer systems",1330,"i3gstlc1sr00","6","FAAt705","BEA_API"
1967,68,"Sewer systems",1094,"i3gstlc1sr00","6","FAAt705","BEA_API"
1968,68,"Sewer systems",1590,"i3gstlc1sr00","6","FAAt705","BEA_API"
1969,68,"Sewer systems",1398,"i3gstlc1sr00","6","FAAt705","BEA_API"
1970,68,"Sewer systems",1618,"i3gstlc1sr00","6","FAAt705","BEA_API"
1971,68,"Sewer systems",1914,"i3gstlc1sr00","6","FAAt705","BEA_API"
1972,68,"Sewer systems",2084,"i3gstlc1sr00","6","FAAt705","BEA_API"
1973,68,"Sewer systems",2529,"i3gstlc1sr00","6","FAAt705","BEA_API"
1974,68,"Sewer systems",3495,"i3gstlc1sr00","6","FAAt705","BEA_API"
1975,68,"Sewer systems",3748,"i3gstlc1sr00","6","FAAt705","BEA_API"
1976,68,"Sewer systems",4243,"i3gstlc1sr00","6","FAAt705","BEA_API"
1977,68,"Sewer systems",4033,"i3gstlc1sr00","6","FAAt705","BEA_API"
1978,68,"Sewer systems",5136,"i3gstlc1sr00","6","FAAt705","BEA_API"
1979,68,"Sewer systems",5561,"i3gstlc1sr00","6","FAAt705","BEA_API"
1980,68,"Sewer systems",6644,"i3gstlc1sr00","6","FAAt705","BEA_API"
1981,68,"Sewer systems",5886,"i3gstlc1sr00","6","FAAt705","BEA_API"
1982,68,"Sewer systems",5574,"i3gstlc1sr00","6","FAAt705","BEA_API"
1983,68,"Sewer systems",5007,"i3gstlc1sr00","6","FAAt705","BEA_API"
1984,68,"Sewer systems",5903,"i3gstlc1sr00","6","FAAt705","BEA_API"
1985,68,"Sewer systems",6049,"i3gstlc1sr00","6","FAAt705","BEA_API"
1986,68,"Sewer systems",6815,"i3gstlc1sr00","6","FAAt705","BEA_API"
1987,68,"Sewer systems",8107,"i3gstlc1sr00","6","FAAt705","BEA_API"
1988,68,"Sewer systems",8519,"i3gstlc1sr00","6","FAAt705","BEA_API"
1989,68,"Sewer systems",8497,"i3gstlc1sr00","6","FAAt705","BEA_API"
1990,68,"Sewer systems",9059,"i3gstlc1sr00","6","FAAt705","BEA_API"
1991,68,"Sewer systems",9172,"i3gstlc1sr00","6","FAAt705","BEA_API"
1992,68,"Sewer systems",9588,"i3gstlc1sr00","6","FAAt705","BEA_API"
1993,68,"Sewer systems",8958,"i3gstlc1sr00","6","FAAt705","BEA_API"
1994,68,"Sewer systems",8141,"i3gstlc1sr00","6","FAAt705","BEA_API"
1995,68,"Sewer systems",8160,"i3gstlc1sr00","6","FAAt705","BEA_API"
1996,68,"Sewer systems",9177,"i3gstlc1sr00","6","FAAt705","BEA_API"
1997,68,"Sewer systems",9250,"i3gstlc1sr00","6","FAAt705","BEA_API"
1998,68,"Sewer systems",8973,"i3gstlc1sr00","6","FAAt705","BEA_API"
1999,68,"Sewer systems",9095,"i3gstlc1sr00","6","FAAt705","BEA_API"
2000,68,"Sewer systems",9032,"i3gstlc1sr00","6","FAAt705","BEA_API"
2001,68,"Sewer systems",9832,"i3gstlc1sr00","6","FAAt705","BEA_API"
2002,68,"Sewer systems",11036,"i3gstlc1sr00","6","FAAt705","BEA_API"
2003,68,"Sewer systems",12234,"i3gstlc1sr00","6","FAAt705","BEA_API"
2004,68,"Sewer systems",13293,"i3gstlc1sr00","6","FAAt705","BEA_API"
2005,68,"Sewer systems",13927,"i3gstlc1sr00","6","FAAt705","BEA_API"
2006,68,"Sewer systems",15571,"i3gstlc1sr00","6","FAAt705","BEA_API"
2007,68,"Sewer systems",17318,"i3gstlc1sr00","6","FAAt705","BEA_API"
2008,68,"Sewer systems",18540,"i3gstlc1sr00","6","FAAt705","BEA_API"
2009,68,"Sewer systems",19890,"i3gstlc1sr00","6","FAAt705","BEA_API"
2010,68,"Sewer systems",20836,"i3gstlc1sr00","6","FAAt705","BEA_API"
2011,68,"Sewer systems",20296,"i3gstlc1sr00","6","FAAt705","BEA_API"
2012,68,"Sewer systems",18145,"i3gstlc1sr00","6","FAAt705","BEA_API"
2013,68,"Sewer systems",17211,"i3gstlc1sr00","6","FAAt705","BEA_API"
2014,68,"Sewer systems",17189,"i3gstlc1sr00","6","FAAt705","BEA_API"
2015,68,"Sewer systems",17928,"i3gstlc1sr00","6","FAAt705","BEA_API"
2016,68,"Sewer systems",18329,"i3gstlc1sr00","6","FAAt705","BEA_API"
2017,68,"Sewer systems",18774,"i3gstlc1sr00","6","FAAt705","BEA_API"
2018,68,"Sewer systems",19944,"i3gstlc1sr00","6","FAAt705","BEA_API"
2019,68,"Sewer systems",20215,"i3gstlc1sr00","6","FAAt705","BEA_API"
2020,68,"Sewer systems",20778,"i3gstlc1sr00","6","FAAt705","BEA_API"
2021,68,"Sewer systems",21590,"i3gstlc1sr00","6","FAAt705","BEA_API"
2022,68,"Sewer systems",23449,"i3gstlc1sr00","6","FAAt705","BEA_API"
2023,68,"Sewer systems",27516,"i3gstlc1sr00","6","FAAt705","BEA_API"
2024,68,"Sewer systems",30721,"i3gstlc1sr00","6","FAAt705","BEA_API"
1901,69,"Water systems",22,"i3gstlc1su00","6","FAAt705","BEA_API"
1902,69,"Water systems",19,"i3gstlc1su00","6","FAAt705","BEA_API"
1903,69,"Water systems",26,"i3gstlc1su00","6","FAAt705","BEA_API"
1904,69,"Water systems",25,"i3gstlc1su00","6","FAAt705","BEA_API"
1905,69,"Water systems",26,"i3gstlc1su00","6","FAAt705","BEA_API"
1906,69,"Water systems",28,"i3gstlc1su00","6","FAAt705","BEA_API"
1907,69,"Water systems",33,"i3gstlc1su00","6","FAAt705","BEA_API"
1908,69,"Water systems",40,"i3gstlc1su00","6","FAAt705","BEA_API"
1909,69,"Water systems",37,"i3gstlc1su00","6","FAAt705","BEA_API"
1910,69,"Water systems",40,"i3gstlc1su00","6","FAAt705","BEA_API"
1911,69,"Water systems",45,"i3gstlc1su00","6","FAAt705","BEA_API"
1912,69,"Water systems",43,"i3gstlc1su00","6","FAAt705","BEA_API"
1913,69,"Water systems",46,"i3gstlc1su00","6","FAAt705","BEA_API"
1914,69,"Water systems",48,"i3gstlc1su00","6","FAAt705","BEA_API"
1915,69,"Water systems",54,"i3gstlc1su00","6","FAAt705","BEA_API"
1916,69,"Water systems",49,"i3gstlc1su00","6","FAAt705","BEA_API"
1917,69,"Water systems",46,"i3gstlc1su00","6","FAAt705","BEA_API"
1918,69,"Water systems",56,"i3gstlc1su00","6","FAAt705","BEA_API"
1919,69,"Water systems",71,"i3gstlc1su00","6","FAAt705","BEA_API"
1920,69,"Water systems",86,"i3gstlc1su00","6","FAAt705","BEA_API"
1921,69,"Water systems",100,"i3gstlc1su00","6","FAAt705","BEA_API"
1922,69,"Water systems",113,"i3gstlc1su00","6","FAAt705","BEA_API"
1923,69,"Water systems",113,"i3gstlc1su00","6","FAAt705","BEA_API"
1924,69,"Water systems",155,"i3gstlc1su00","6","FAAt705","BEA_API"
1925,69,"Water systems",145,"i3gstlc1su00","6","FAAt705","BEA_API"
1926,69,"Water systems",140,"i3gstlc1su00","6","FAAt705","BEA_API"
1927,69,"Water systems",138,"i3gstlc1su00","6","FAAt705","BEA_API"
1928,69,"Water systems",117,"i3gstlc1su00","6","FAAt705","BEA_API"
1929,69,"Water systems",130,"i3gstlc1su00","6","FAAt705","BEA_API"
1930,69,"Water systems",204,"i3gstlc1su00","6","FAAt705","BEA_API"
1931,69,"Water systems",159,"i3gstlc1su00","6","FAAt705","BEA_API"
1932,69,"Water systems",90,"i3gstlc1su00","6","FAAt705","BEA_API"
1933,69,"Water systems",52,"i3gstlc1su00","6","FAAt705","BEA_API"
1934,69,"Water systems",73,"i3gstlc1su00","6","FAAt705","BEA_API"
1935,69,"Water systems",76,"i3gstlc1su00","6","FAAt705","BEA_API"
1936,69,"Water systems",114,"i3gstlc1su00","6","FAAt705","BEA_API"
1937,69,"Water systems",104,"i3gstlc1su00","6","FAAt705","BEA_API"
1938,69,"Water systems",123,"i3gstlc1su00","6","FAAt705","BEA_API"
1939,69,"Water systems",132,"i3gstlc1su00","6","FAAt705","BEA_API"
1940,69,"Water systems",160,"i3gstlc1su00","6","FAAt705","BEA_API"
1941,69,"Water systems",138,"i3gstlc1su00","6","FAAt705","BEA_API"
1942,69,"Water systems",95,"i3gstlc1su00","6","FAAt705","BEA_API"
1943,69,"Water systems",68,"i3gstlc1su00","6","FAAt705","BEA_API"
1944,69,"Water systems",51,"i3gstlc1su00","6","FAAt705","BEA_API"
1945,69,"Water systems",53,"i3gstlc1su00","6","FAAt705","BEA_API"
1946,69,"Water systems",99,"i3gstlc1su00","6","FAAt705","BEA_API"
1947,69,"Water systems",165,"i3gstlc1su00","6","FAAt705","BEA_API"
1948,69,"Water systems",238,"i3gstlc1su00","6","FAAt705","BEA_API"
1949,69,"Water systems",270,"i3gstlc1su00","6","FAAt705","BEA_API"
1950,69,"Water systems",283,"i3gstlc1su00","6","FAAt705","BEA_API"
1951,69,"Water systems",357,"i3gstlc1su00","6","FAAt705","BEA_API"
1952,69,"Water systems",362,"i3gstlc1su00","6","FAAt705","BEA_API"
1953,69,"Water systems",372,"i3gstlc1su00","6","FAAt705","BEA_API"
1954,69,"Water systems",424,"i3gstlc1su00","6","FAAt705","BEA_API"
1955,69,"Water systems",487,"i3gstlc1su00","6","FAAt705","BEA_API"
1956,69,"Water systems",592,"i3gstlc1su00","6","FAAt705","BEA_API"
1957,69,"Water systems",582,"i3gstlc1su00","6","FAAt705","BEA_API"
1958,69,"Water systems",572,"i3gstlc1su00","6","FAAt705","BEA_API"
1959,69,"Water systems",586,"i3gstlc1su00","6","FAAt705","BEA_API"
1960,69,"Water systems",624,"i3gstlc1su00","6","FAAt705","BEA_API"
1961,69,"Water systems",684,"i3gstlc1su00","6","FAAt705","BEA_API"
1962,69,"Water systems",696,"i3gstlc1su00","6","FAAt705","BEA_API"
1963,69,"Water systems",895,"i3gstlc1su00","6","FAAt705","BEA_API"
1964,69,"Water systems",972,"i3gstlc1su00","6","FAAt705","BEA_API"
1965,69,"Water systems",1285,"i3gstlc1su00","6","FAAt705","BEA_API"
1966,69,"Water systems",1085,"i3gstlc1su00","6","FAAt705","BEA_API"
1967,69,"Water systems",1296,"i3gstlc1su00","6","FAAt705","BEA_API"
1968,69,"Water systems",1544,"i3gstlc1su00","6","FAAt705","BEA_API"
1969,69,"Water systems",1360,"i3gstlc1su00","6","FAAt705","BEA_API"
1970,69,"Water systems",1115,"i3gstlc1su00","6","FAAt705","BEA_API"
1971,69,"Water systems",1016,"i3gstlc1su00","6","FAAt705","BEA_API"
1972,69,"Water systems",1103,"i3gstlc1su00","6","FAAt705","BEA_API"
1973,69,"Water systems",1099,"i3gstlc1su00","6","FAAt705","BEA_API"
1974,69,"Water systems",1415,"i3gstlc1su00","6","FAAt705","BEA_API"
1975,69,"Water systems",1992,"i3gstlc1su00","6","FAAt705","BEA_API"
1976,69,"Water systems",1931,"i3gstlc1su00","6","FAAt705","BEA_API"
1977,69,"Water systems",1710,"i3gstlc1su00","6","FAAt705","BEA_API"
1978,69,"Water systems",2256,"i3gstlc1su00","6","FAAt705","BEA_API"
1979,69,"Water systems",2573,"i3gstlc1su00","6","FAAt705","BEA_API"
1980,69,"Water systems",3268,"i3gstlc1su00","6","FAAt705","BEA_API"
1981,69,"Water systems",3126,"i3gstlc1su00","6","FAAt705","BEA_API"
1982,69,"Water systems",3266,"i3gstlc1su00","6","FAAt705","BEA_API"
1983,69,"Water systems",2860,"i3gstlc1su00","6","FAAt705","BEA_API"
1984,69,"Water systems",3481,"i3gstlc1su00","6","FAAt705","BEA_API"
1985,69,"Water systems",4028,"i3gstlc1su00","6","FAAt705","BEA_API"
1986,69,"Water systems",4766,"i3gstlc1su00","6","FAAt705","BEA_API"
1987,69,"Water systems",5420,"i3gstlc1su00","6","FAAt705","BEA_API"
1988,69,"Water systems",5436,"i3gstlc1su00","6","FAAt705","BEA_API"
1989,69,"Water systems",5628,"i3gstlc1su00","6","FAAt705","BEA_API"
1990,69,"Water systems",6290,"i3gstlc1su00","6","FAAt705","BEA_API"
1991,69,"Water systems",6516,"i3gstlc1su00","6","FAAt705","BEA_API"
1992,69,"Water systems",5814,"i3gstlc1su00","6","FAAt705","BEA_API"
1993,69,"Water systems",5234,"i3gstlc1su00","6","FAAt705","BEA_API"
1994,69,"Water systems",5483,"i3gstlc1su00","6","FAAt705","BEA_API"
1995,69,"Water systems",5330,"i3gstlc1su00","6","FAAt705","BEA_API"
1996,69,"Water systems",6526,"i3gstlc1su00","6","FAAt705","BEA_API"
1997,69,"Water systems",7563,"i3gstlc1su00","6","FAAt705","BEA_API"
1998,69,"Water systems",8208,"i3gstlc1su00","6","FAAt705","BEA_API"
1999,69,"Water systems",8832,"i3gstlc1su00","6","FAAt705","BEA_API"
2000,69,"Water systems",8924,"i3gstlc1su00","6","FAAt705","BEA_API"
2001,69,"Water systems",9623,"i3gstlc1su00","6","FAAt705","BEA_API"
2002,69,"Water systems",10763,"i3gstlc1su00","6","FAAt705","BEA_API"
2003,69,"Water systems",11422,"i3gstlc1su00","6","FAAt705","BEA_API"
2004,69,"Water systems",11982,"i3gstlc1su00","6","FAAt705","BEA_API"
2005,69,"Water systems",12354,"i3gstlc1su00","6","FAAt705","BEA_API"
2006,69,"Water systems",13421,"i3gstlc1su00","6","FAAt705","BEA_API"
2007,69,"Water systems",14284,"i3gstlc1su00","6","FAAt705","BEA_API"
2008,69,"Water systems",14703,"i3gstlc1su00","6","FAAt705","BEA_API"
2009,69,"Water systems",15197,"i3gstlc1su00","6","FAAt705","BEA_API"
2010,69,"Water systems",14722,"i3gstlc1su00","6","FAAt705","BEA_API"
2011,69,"Water systems",14271,"i3gstlc1su00","6","FAAt705","BEA_API"
2012,69,"Water systems",14251,"i3gstlc1su00","6","FAAt705","BEA_API"
2013,69,"Water systems",14732,"i3gstlc1su00","6","FAAt705","BEA_API"
2014,69,"Water systems",14817,"i3gstlc1su00","6","FAAt705","BEA_API"
2015,69,"Water systems",15216,"i3gstlc1su00","6","FAAt705","BEA_API"
2016,69,"Water systems",15350,"i3gstlc1su00","6","FAAt705","BEA_API"
2017,69,"Water systems",15338,"i3gstlc1su00","6","FAAt705","BEA_API"
2018,69,"Water systems",15870,"i3gstlc1su00","6","FAAt705","BEA_API"
2019,69,"Water systems",16477,"i3gstlc1su00","6","FAAt705","BEA_API"
2020,69,"Water systems",17207,"i3gstlc1su00","6","FAAt705","BEA_API"
2021,69,"Water systems",17648,"i3gstlc1su00","6","FAAt705","BEA_API"
2022,69,"Water systems",18509,"i3gstlc1su00","6","FAAt705","BEA_API"
2023,69,"Water systems",21420,"i3gstlc1su00","6","FAAt705","BEA_API"
2024,69,"Water systems",23939,"i3gstlc1su00","6","FAAt705","BEA_API"
1901,70,"Conservation and development",0,"i3gstlc1sv00","6","FAAt705","BEA_API"
1902,70,"Conservation and development",0,"i3gstlc1sv00","6","FAAt705","BEA_API"
1903,70,"Conservation and development",0,"i3gstlc1sv00","6","FAAt705","BEA_API"
1904,70,"Conservation and development",0,"i3gstlc1sv00","6","FAAt705","BEA_API"
1905,70,"Conservation and development",0,"i3gstlc1sv00","6","FAAt705","BEA_API"
1906,70,"Conservation and development",0,"i3gstlc1sv00","6","FAAt705","BEA_API"
1907,70,"Conservation and development",0,"i3gstlc1sv00","6","FAAt705","BEA_API"
1908,70,"Conservation and development",0,"i3gstlc1sv00","6","FAAt705","BEA_API"
1909,70,"Conservation and development",0,"i3gstlc1sv00","6","FAAt705","BEA_API"
1910,70,"Conservation and development",0,"i3gstlc1sv00","6","FAAt705","BEA_API"
1911,70,"Conservation and development",0,"i3gstlc1sv00","6","FAAt705","BEA_API"
1912,70,"Conservation and development",0,"i3gstlc1sv00","6","FAAt705","BEA_API"
1913,70,"Conservation and development",0,"i3gstlc1sv00","6","FAAt705","BEA_API"
1914,70,"Conservation and development",0,"i3gstlc1sv00","6","FAAt705","BEA_API"
1915,70,"Conservation and development",0,"i3gstlc1sv00","6","FAAt705","BEA_API"
1916,70,"Conservation and development",0,"i3gstlc1sv00","6","FAAt705","BEA_API"
1917,70,"Conservation and development",0,"i3gstlc1sv00","6","FAAt705","BEA_API"
1918,70,"Conservation and development",0,"i3gstlc1sv00","6","FAAt705","BEA_API"
1919,70,"Conservation and development",0,"i3gstlc1sv00","6","FAAt705","BEA_API"
1920,70,"Conservation and development",0,"i3gstlc1sv00","6","FAAt705","BEA_API"
1921,70,"Conservation and development",0,"i3gstlc1sv00","6","FAAt705","BEA_API"
1922,70,"Conservation and development",0,"i3gstlc1sv00","6","FAAt705","BEA_API"
1923,70,"Conservation and development",0,"i3gstlc1sv00","6","FAAt705","BEA_API"
1924,70,"Conservation and development",0,"i3gstlc1sv00","6","FAAt705","BEA_API"
1925,70,"Conservation and development",1,"i3gstlc1sv00","6","FAAt705","BEA_API"
1926,70,"Conservation and development",5,"i3gstlc1sv00","6","FAAt705","BEA_API"
1927,70,"Conservation and development",10,"i3gstlc1sv00","6","FAAt705","BEA_API"
1928,70,"Conservation and development",20,"i3gstlc1sv00","6","FAAt705","BEA_API"
1929,70,"Conservation and development",29,"i3gstlc1sv00","6","FAAt705","BEA_API"
1930,70,"Conservation and development",26,"i3gstlc1sv00","6","FAAt705","BEA_API"
1931,70,"Conservation and development",21,"i3gstlc1sv00","6","FAAt705","BEA_API"
1932,70,"Conservation and development",11,"i3gstlc1sv00","6","FAAt705","BEA_API"
1933,70,"Conservation and development",21,"i3gstlc1sv00","6","FAAt705","BEA_API"
1934,70,"Conservation and development",73,"i3gstlc1sv00","6","FAAt705","BEA_API"
1935,70,"Conservation and development",63,"i3gstlc1sv00","6","FAAt705","BEA_API"
1936,70,"Conservation and development",89,"i3gstlc1sv00","6","FAAt705","BEA_API"
1937,70,"Conservation and development",95,"i3gstlc1sv00","6","FAAt705","BEA_API"
1938,70,"Conservation and development",67,"i3gstlc1sv00","6","FAAt705","BEA_API"
1939,70,"Conservation and development",75,"i3gstlc1sv00","6","FAAt705","BEA_API"
1940,70,"Conservation and development",33,"i3gstlc1sv00","6","FAAt705","BEA_API"
1941,70,"Conservation and development",12,"i3gstlc1sv00","6","FAAt705","BEA_API"
1942,70,"Conservation and development",7,"i3gstlc1sv00","6","FAAt705","BEA_API"
1943,70,"Conservation and development",10,"i3gstlc1sv00","6","FAAt705","BEA_API"
1944,70,"Conservation and development",13,"i3gstlc1sv00","6","FAAt705","BEA_API"
1945,70,"Conservation and development",14,"i3gstlc1sv00","6","FAAt705","BEA_API"
1946,70,"Conservation and development",20,"i3gstlc1sv00","6","FAAt705","BEA_API"
1947,70,"Conservation and development",30,"i3gstlc1sv00","6","FAAt705","BEA_API"
1948,70,"Conservation and development",41,"i3gstlc1sv00","6","FAAt705","BEA_API"
1949,70,"Conservation and development",59,"i3gstlc1sv00","6","FAAt705","BEA_API"
1950,70,"Conservation and development",61,"i3gstlc1sv00","6","FAAt705","BEA_API"
1951,70,"Conservation and development",58,"i3gstlc1sv00","6","FAAt705","BEA_API"
1952,70,"Conservation and development",46,"i3gstlc1sv00","6","FAAt705","BEA_API"
1953,70,"Conservation and development",61,"i3gstlc1sv00","6","FAAt705","BEA_API"
1954,70,"Conservation and development",68,"i3gstlc1sv00","6","FAAt705","BEA_API"
1955,70,"Conservation and development",100,"i3gstlc1sv00","6","FAAt705","BEA_API"
1956,70,"Conservation and development",149,"i3gstlc1sv00","6","FAAt705","BEA_API"
1957,70,"Conservation and development",153,"i3gstlc1sv00","6","FAAt705","BEA_API"
1958,70,"Conservation and development",134,"i3gstlc1sv00","6","FAAt705","BEA_API"
1959,70,"Conservation and development",149,"i3gstlc1sv00","6","FAAt705","BEA_API"
1960,70,"Conservation and development",170,"i3gstlc1sv00","6","FAAt705","BEA_API"
1961,70,"Conservation and development",184,"i3gstlc1sv00","6","FAAt705","BEA_API"
1962,70,"Conservation and development",226,"i3gstlc1sv00","6","FAAt705","BEA_API"
1963,70,"Conservation and development",357,"i3gstlc1sv00","6","FAAt705","BEA_API"
1964,70,"Conservation and development",360,"i3gstlc1sv00","6","FAAt705","BEA_API"
1965,70,"Conservation and development",513,"i3gstlc1sv00","6","FAAt705","BEA_API"
1966,70,"Conservation and development",529,"i3gstlc1sv00","6","FAAt705","BEA_API"
1967,70,"Conservation and development",627,"i3gstlc1sv00","6","FAAt705","BEA_API"
1968,70,"Conservation and development",610,"i3gstlc1sv00","6","FAAt705","BEA_API"
1969,70,"Conservation and development",593,"i3gstlc1sv00","6","FAAt705","BEA_API"
1970,70,"Conservation and development",541,"i3gstlc1sv00","6","FAAt705","BEA_API"
1971,70,"Conservation and development",450,"i3gstlc1sv00","6","FAAt705","BEA_API"
1972,70,"Conservation and development",410,"i3gstlc1sv00","6","FAAt705","BEA_API"
1973,70,"Conservation and development",356,"i3gstlc1sv00","6","FAAt705","BEA_API"
1974,70,"Conservation and development",495,"i3gstlc1sv00","6","FAAt705","BEA_API"
1975,70,"Conservation and development",487,"i3gstlc1sv00","6","FAAt705","BEA_API"
1976,70,"Conservation and development",522,"i3gstlc1sv00","6","FAAt705","BEA_API"
1977,70,"Conservation and development",449,"i3gstlc1sv00","6","FAAt705","BEA_API"
1978,70,"Conservation and development",444,"i3gstlc1sv00","6","FAAt705","BEA_API"
1979,70,"Conservation and development",624,"i3gstlc1sv00","6","FAAt705","BEA_API"
1980,70,"Conservation and development",711,"i3gstlc1sv00","6","FAAt705","BEA_API"
1981,70,"Conservation and development",669,"i3gstlc1sv00","6","FAAt705","BEA_API"
1982,70,"Conservation and development",790,"i3gstlc1sv00","6","FAAt705","BEA_API"
1983,70,"Conservation and development",933,"i3gstlc1sv00","6","FAAt705","BEA_API"
1984,70,"Conservation and development",1097,"i3gstlc1sv00","6","FAAt705","BEA_API"
1985,70,"Conservation and development",1205,"i3gstlc1sv00","6","FAAt705","BEA_API"
1986,70,"Conservation and development",1346,"i3gstlc1sv00","6","FAAt705","BEA_API"
1987,70,"Conservation and development",1365,"i3gstlc1sv00","6","FAAt705","BEA_API"
1988,70,"Conservation and development",1247,"i3gstlc1sv00","6","FAAt705","BEA_API"
1989,70,"Conservation and development",1487,"i3gstlc1sv00","6","FAAt705","BEA_API"
1990,70,"Conservation and development",1646,"i3gstlc1sv00","6","FAAt705","BEA_API"
1991,70,"Conservation and development",1469,"i3gstlc1sv00","6","FAAt705","BEA_API"
1992,70,"Conservation and development",1359,"i3gstlc1sv00","6","FAAt705","BEA_API"
1993,70,"Conservation and development",1331,"i3gstlc1sv00","6","FAAt705","BEA_API"
1994,70,"Conservation and development",1564,"i3gstlc1sv00","6","FAAt705","BEA_API"
1995,70,"Conservation and development",1734,"i3gstlc1sv00","6","FAAt705","BEA_API"
1996,70,"Conservation and development",1801,"i3gstlc1sv00","6","FAAt705","BEA_API"
1997,70,"Conservation and development",1870,"i3gstlc1sv00","6","FAAt705","BEA_API"
1998,70,"Conservation and development",1921,"i3gstlc1sv00","6","FAAt705","BEA_API"
1999,70,"Conservation and development",2221,"i3gstlc1sv00","6","FAAt705","BEA_API"
2000,70,"Conservation and development",2700,"i3gstlc1sv00","6","FAAt705","BEA_API"
2001,70,"Conservation and development",2515,"i3gstlc1sv00","6","FAAt705","BEA_API"
2002,70,"Conservation and development",2160,"i3gstlc1sv00","6","FAAt705","BEA_API"
2003,70,"Conservation and development",2269,"i3gstlc1sv00","6","FAAt705","BEA_API"
2004,70,"Conservation and development",2493,"i3gstlc1sv00","6","FAAt705","BEA_API"
2005,70,"Conservation and development",2546,"i3gstlc1sv00","6","FAAt705","BEA_API"
2006,70,"Conservation and development",2965,"i3gstlc1sv00","6","FAAt705","BEA_API"
2007,70,"Conservation and development",3791,"i3gstlc1sv00","6","FAAt705","BEA_API"
2008,70,"Conservation and development",3853,"i3gstlc1sv00","6","FAAt705","BEA_API"
2009,70,"Conservation and development",3549,"i3gstlc1sv00","6","FAAt705","BEA_API"
2010,70,"Conservation and development",3480,"i3gstlc1sv00","6","FAAt705","BEA_API"
2011,70,"Conservation and development",3685,"i3gstlc1sv00","6","FAAt705","BEA_API"
2012,70,"Conservation and development",3564,"i3gstlc1sv00","6","FAAt705","BEA_API"
2013,70,"Conservation and development",3209,"i3gstlc1sv00","6","FAAt705","BEA_API"
2014,70,"Conservation and development",2970,"i3gstlc1sv00","6","FAAt705","BEA_API"
2015,70,"Conservation and development",4201,"i3gstlc1sv00","6","FAAt705","BEA_API"
2016,70,"Conservation and development",4446,"i3gstlc1sv00","6","FAAt705","BEA_API"
2017,70,"Conservation and development",3761,"i3gstlc1sv00","6","FAAt705","BEA_API"
2018,70,"Conservation and development",4582,"i3gstlc1sv00","6","FAAt705","BEA_API"
2019,70,"Conservation and development",4881,"i3gstlc1sv00","6","FAAt705","BEA_API"
2020,70,"Conservation and development",4494,"i3gstlc1sv00","6","FAAt705","BEA_API"
2021,70,"Conservation and development",4679,"i3gstlc1sv00","6","FAAt705","BEA_API"
2022,70,"Conservation and development",5767,"i3gstlc1sv00","6","FAAt705","BEA_API"
2023,70,"Conservation and development",6973,"i3gstlc1sv00","6","FAAt705","BEA_API"
2024,70,"Conservation and development",7636,"i3gstlc1sv00","6","FAAt705","BEA_API"
1901,71,"Other structures",0,"i3gstlc1sx00","6","FAAt705","BEA_API"
1902,71,"Other structures",0,"i3gstlc1sx00","6","FAAt705","BEA_API"
1903,71,"Other structures",0,"i3gstlc1sx00","6","FAAt705","BEA_API"
1904,71,"Other structures",0,"i3gstlc1sx00","6","FAAt705","BEA_API"
1905,71,"Other structures",0,"i3gstlc1sx00","6","FAAt705","BEA_API"
1906,71,"Other structures",0,"i3gstlc1sx00","6","FAAt705","BEA_API"
1907,71,"Other structures",0,"i3gstlc1sx00","6","FAAt705","BEA_API"
1908,71,"Other structures",0,"i3gstlc1sx00","6","FAAt705","BEA_API"
1909,71,"Other structures",0,"i3gstlc1sx00","6","FAAt705","BEA_API"
1910,71,"Other structures",0,"i3gstlc1sx00","6","FAAt705","BEA_API"
1911,71,"Other structures",0,"i3gstlc1sx00","6","FAAt705","BEA_API"
1912,71,"Other structures",0,"i3gstlc1sx00","6","FAAt705","BEA_API"
1913,71,"Other structures",0,"i3gstlc1sx00","6","FAAt705","BEA_API"
1914,71,"Other structures",0,"i3gstlc1sx00","6","FAAt705","BEA_API"
1915,71,"Other structures",0,"i3gstlc1sx00","6","FAAt705","BEA_API"
1916,71,"Other structures",0,"i3gstlc1sx00","6","FAAt705","BEA_API"
1917,71,"Other structures",0,"i3gstlc1sx00","6","FAAt705","BEA_API"
1918,71,"Other structures",0,"i3gstlc1sx00","6","FAAt705","BEA_API"
1919,71,"Other structures",0,"i3gstlc1sx00","6","FAAt705","BEA_API"
1920,71,"Other structures",0,"i3gstlc1sx00","6","FAAt705","BEA_API"
1921,71,"Other structures",0,"i3gstlc1sx00","6","FAAt705","BEA_API"
1922,71,"Other structures",1,"i3gstlc1sx00","6","FAAt705","BEA_API"
1923,71,"Other structures",1,"i3gstlc1sx00","6","FAAt705","BEA_API"
1924,71,"Other structures",1,"i3gstlc1sx00","6","FAAt705","BEA_API"
1925,71,"Other structures",1,"i3gstlc1sx00","6","FAAt705","BEA_API"
1926,71,"Other structures",1,"i3gstlc1sx00","6","FAAt705","BEA_API"
1927,71,"Other structures",2,"i3gstlc1sx00","6","FAAt705","BEA_API"
1928,71,"Other structures",2,"i3gstlc1sx00","6","FAAt705","BEA_API"
1929,71,"Other structures",2,"i3gstlc1sx00","6","FAAt705","BEA_API"
1930,71,"Other structures",2,"i3gstlc1sx00","6","FAAt705","BEA_API"
1931,71,"Other structures",3,"i3gstlc1sx00","6","FAAt705","BEA_API"
1932,71,"Other structures",2,"i3gstlc1sx00","6","FAAt705","BEA_API"
1933,71,"Other structures",1,"i3gstlc1sx00","6","FAAt705","BEA_API"
1934,71,"Other structures",1,"i3gstlc1sx00","6","FAAt705","BEA_API"
1935,71,"Other structures",2,"i3gstlc1sx00","6","FAAt705","BEA_API"
1936,71,"Other structures",4,"i3gstlc1sx00","6","FAAt705","BEA_API"
1937,71,"Other structures",3,"i3gstlc1sx00","6","FAAt705","BEA_API"
1938,71,"Other structures",9,"i3gstlc1sx00","6","FAAt705","BEA_API"
1939,71,"Other structures",14,"i3gstlc1sx00","6","FAAt705","BEA_API"
1940,71,"Other structures",14,"i3gstlc1sx00","6","FAAt705","BEA_API"
1941,71,"Other structures",12,"i3gstlc1sx00","6","FAAt705","BEA_API"
1942,71,"Other structures",8,"i3gstlc1sx00","6","FAAt705","BEA_API"
1943,71,"Other structures",3,"i3gstlc1sx00","6","FAAt705","BEA_API"
1944,71,"Other structures",2,"i3gstlc1sx00","6","FAAt705","BEA_API"
1945,71,"Other structures",3,"i3gstlc1sx00","6","FAAt705","BEA_API"
1946,71,"Other structures",5,"i3gstlc1sx00","6","FAAt705","BEA_API"
1947,71,"Other structures",12,"i3gstlc1sx00","6","FAAt705","BEA_API"
1948,71,"Other structures",13,"i3gstlc1sx00","6","FAAt705","BEA_API"
1949,71,"Other structures",24,"i3gstlc1sx00","6","FAAt705","BEA_API"
1950,71,"Other structures",25,"i3gstlc1sx00","6","FAAt705","BEA_API"
1951,71,"Other structures",34,"i3gstlc1sx00","6","FAAt705","BEA_API"
1952,71,"Other structures",32,"i3gstlc1sx00","6","FAAt705","BEA_API"
1953,71,"Other structures",32,"i3gstlc1sx00","6","FAAt705","BEA_API"
1954,71,"Other structures",30,"i3gstlc1sx00","6","FAAt705","BEA_API"
1955,71,"Other structures",33,"i3gstlc1sx00","6","FAAt705","BEA_API"
1956,71,"Other structures",34,"i3gstlc1sx00","6","FAAt705","BEA_API"
1957,71,"Other structures",40,"i3gstlc1sx00","6","FAAt705","BEA_API"
1958,71,"Other structures",47,"i3gstlc1sx00","6","FAAt705","BEA_API"
1959,71,"Other structures",48,"i3gstlc1sx00","6","FAAt705","BEA_API"
1960,71,"Other structures",47,"i3gstlc1sx00","6","FAAt705","BEA_API"
1961,71,"Other structures",61,"i3gstlc1sx00","6","FAAt705","BEA_API"
1962,71,"Other structures",74,"i3gstlc1sx00","6","FAAt705","BEA_API"
1963,71,"Other structures",48,"i3gstlc1sx00","6","FAAt705","BEA_API"
1964,71,"Other structures",56,"i3gstlc1sx00","6","FAAt705","BEA_API"
1965,71,"Other structures",57,"i3gstlc1sx00","6","FAAt705","BEA_API"
1966,71,"Other structures",65,"i3gstlc1sx00","6","FAAt705","BEA_API"
1967,71,"Other structures",79,"i3gstlc1sx00","6","FAAt705","BEA_API"
1968,71,"Other structures",80,"i3gstlc1sx00","6","FAAt705","BEA_API"
1969,71,"Other structures",98,"i3gstlc1sx00","6","FAAt705","BEA_API"
1970,71,"Other structures",108,"i3gstlc1sx00","6","FAAt705","BEA_API"
1971,71,"Other structures",111,"i3gstlc1sx00","6","FAAt705","BEA_API"
1972,71,"Other structures",90,"i3gstlc1sx00","6","FAAt705","BEA_API"
1973,71,"Other structures",98,"i3gstlc1sx00","6","FAAt705","BEA_API"
1974,71,"Other structures",101,"i3gstlc1sx00","6","FAAt705","BEA_API"
1975,71,"Other structures",116,"i3gstlc1sx00","6","FAAt705","BEA_API"
1976,71,"Other structures",116,"i3gstlc1sx00","6","FAAt705","BEA_API"
1977,71,"Other structures",143,"i3gstlc1sx00","6","FAAt705","BEA_API"
1978,71,"Other structures",165,"i3gstlc1sx00","6","FAAt705","BEA_API"
1979,71,"Other structures",200,"i3gstlc1sx00","6","FAAt705","BEA_API"
1980,71,"Other structures",230,"i3gstlc1sx00","6","FAAt705","BEA_API"
1981,71,"Other structures",284,"i3gstlc1sx00","6","FAAt705","BEA_API"
1982,71,"Other structures",270,"i3gstlc1sx00","6","FAAt705","BEA_API"
1983,71,"Other structures",288,"i3gstlc1sx00","6","FAAt705","BEA_API"
1984,71,"Other structures",275,"i3gstlc1sx00","6","FAAt705","BEA_API"
1985,71,"Other structures",315,"i3gstlc1sx00","6","FAAt705","BEA_API"
1986,71,"Other structures",317,"i3gstlc1sx00","6","FAAt705","BEA_API"
1987,71,"Other structures",309,"i3gstlc1sx00","6","FAAt705","BEA_API"
1988,71,"Other structures",312,"i3gstlc1sx00","6","FAAt705","BEA_API"
1989,71,"Other structures",305,"i3gstlc1sx00","6","FAAt705","BEA_API"
1990,71,"Other structures",339,"i3gstlc1sx00","6","FAAt705","BEA_API"
1991,71,"Other structures",356,"i3gstlc1sx00","6","FAAt705","BEA_API"
1992,71,"Other structures",385,"i3gstlc1sx00","6","FAAt705","BEA_API"
1993,71,"Other structures",370,"i3gstlc1sx00","6","FAAt705","BEA_API"
1994,71,"Other structures",333,"i3gstlc1sx00","6","FAAt705","BEA_API"
1995,71,"Other structures",392,"i3gstlc1sx00","6","FAAt705","BEA_API"
1996,71,"Other structures",405,"i3gstlc1sx00","6","FAAt705","BEA_API"
1997,71,"Other structures",437,"i3gstlc1sx00","6","FAAt705","BEA_API"
1998,71,"Other structures",437,"i3gstlc1sx00","6","FAAt705","BEA_API"
1999,71,"Other structures",458,"i3gstlc1sx00","6","FAAt705","BEA_API"
2000,71,"Other structures",339,"i3gstlc1sx00","6","FAAt705","BEA_API"
2001,71,"Other structures",230,"i3gstlc1sx00","6","FAAt705","BEA_API"
2002,71,"Other structures",699,"i3gstlc1sx00","6","FAAt705","BEA_API"
2003,71,"Other structures",1013,"i3gstlc1sx00","6","FAAt705","BEA_API"
2004,71,"Other structures",472,"i3gstlc1sx00","6","FAAt705","BEA_API"
2005,71,"Other structures",346,"i3gstlc1sx00","6","FAAt705","BEA_API"
2006,71,"Other structures",682,"i3gstlc1sx00","6","FAAt705","BEA_API"
2007,71,"Other structures",1372,"i3gstlc1sx00","6","FAAt705","BEA_API"
2008,71,"Other structures",631,"i3gstlc1sx00","6","FAAt705","BEA_API"
2009,71,"Other structures",121,"i3gstlc1sx00","6","FAAt705","BEA_API"
2010,71,"Other structures",443,"i3gstlc1sx00","6","FAAt705","BEA_API"
2011,71,"Other structures",936,"i3gstlc1sx00","6","FAAt705","BEA_API"
2012,71,"Other structures",897,"i3gstlc1sx00","6","FAAt705","BEA_API"
2013,71,"Other structures",593,"i3gstlc1sx00","6","FAAt705","BEA_API"
2014,71,"Other structures",608,"i3gstlc1sx00","6","FAAt705","BEA_API"
2015,71,"Other structures",610,"i3gstlc1sx00","6","FAAt705","BEA_API"
2016,71,"Other structures",635,"i3gstlc1sx00","6","FAAt705","BEA_API"
2017,71,"Other structures",690,"i3gstlc1sx00","6","FAAt705","BEA_API"
2018,71,"Other structures",777,"i3gstlc1sx00","6","FAAt705","BEA_API"
2019,71,"Other structures",824,"i3gstlc1sx00","6","FAAt705","BEA_API"
2020,71,"Other structures",776,"i3gstlc1sx00","6","FAAt705","BEA_API"
2021,71,"Other structures",743,"i3gstlc1sx00","6","FAAt705","BEA_API"
2022,71,"Other structures",764,"i3gstlc1sx00","6","FAAt705","BEA_API"
2023,71,"Other structures",863,"i3gstlc1sx00","6","FAAt705","BEA_API"
2024,71,"Other structures",964,"i3gstlc1sx00","6","FAAt705","BEA_API"
1920,72,"Intellectual property products",18,"i3gstlc1ip00","6","FAAt705","BEA_API"
1921,72,"Intellectual property products",20,"i3gstlc1ip00","6","FAAt705","BEA_API"
1922,72,"Intellectual property products",21,"i3gstlc1ip00","6","FAAt705","BEA_API"
1923,72,"Intellectual property products",21,"i3gstlc1ip00","6","FAAt705","BEA_API"
1924,72,"Intellectual property products",22,"i3gstlc1ip00","6","FAAt705","BEA_API"
1925,72,"Intellectual property products",23,"i3gstlc1ip00","6","FAAt705","BEA_API"
1926,72,"Intellectual property products",24,"i3gstlc1ip00","6","FAAt705","BEA_API"
1927,72,"Intellectual property products",25,"i3gstlc1ip00","6","FAAt705","BEA_API"
1928,72,"Intellectual property products",26,"i3gstlc1ip00","6","FAAt705","BEA_API"
1929,72,"Intellectual property products",29,"i3gstlc1ip00","6","FAAt705","BEA_API"
1930,72,"Intellectual property products",30,"i3gstlc1ip00","6","FAAt705","BEA_API"
1931,72,"Intellectual property products",32,"i3gstlc1ip00","6","FAAt705","BEA_API"
1932,72,"Intellectual property products",32,"i3gstlc1ip00","6","FAAt705","BEA_API"
1933,72,"Intellectual property products",29,"i3gstlc1ip00","6","FAAt705","BEA_API"
1934,72,"Intellectual property products",30,"i3gstlc1ip00","6","FAAt705","BEA_API"
1935,72,"Intellectual property products",33,"i3gstlc1ip00","6","FAAt705","BEA_API"
1936,72,"Intellectual property products",36,"i3gstlc1ip00","6","FAAt705","BEA_API"
1937,72,"Intellectual property products",38,"i3gstlc1ip00","6","FAAt705","BEA_API"
1938,72,"Intellectual property products",40,"i3gstlc1ip00","6","FAAt705","BEA_API"
1939,72,"Intellectual property products",41,"i3gstlc1ip00","6","FAAt705","BEA_API"
1940,72,"Intellectual property products",41,"i3gstlc1ip00","6","FAAt705","BEA_API"
1941,72,"Intellectual property products",44,"i3gstlc1ip00","6","FAAt705","BEA_API"
1942,72,"Intellectual property products",43,"i3gstlc1ip00","6","FAAt705","BEA_API"
1943,72,"Intellectual property products",40,"i3gstlc1ip00","6","FAAt705","BEA_API"
1944,72,"Intellectual property products",40,"i3gstlc1ip00","6","FAAt705","BEA_API"
1945,72,"Intellectual property products",45,"i3gstlc1ip00","6","FAAt705","BEA_API"
1946,72,"Intellectual property products",49,"i3gstlc1ip00","6","FAAt705","BEA_API"
1947,72,"Intellectual property products",49,"i3gstlc1ip00","6","FAAt705","BEA_API"
1948,72,"Intellectual property products",50,"i3gstlc1ip00","6","FAAt705","BEA_API"
1949,72,"Intellectual property products",56,"i3gstlc1ip00","6","FAAt705","BEA_API"
1950,72,"Intellectual property products",63,"i3gstlc1ip00","6","FAAt705","BEA_API"
1951,72,"Intellectual property products",71,"i3gstlc1ip00","6","FAAt705","BEA_API"
1952,72,"Intellectual property products",77,"i3gstlc1ip00","6","FAAt705","BEA_API"
1953,72,"Intellectual property products",86,"i3gstlc1ip00","6","FAAt705","BEA_API"
1954,72,"Intellectual property products",100,"i3gstlc1ip00","6","FAAt705","BEA_API"
1955,72,"Intellectual property products",110,"i3gstlc1ip00","6","FAAt705","BEA_API"
1956,72,"Intellectual property products",122,"i3gstlc1ip00","6","FAAt705","BEA_API"
1957,72,"Intellectual property products",136,"i3gstlc1ip00","6","FAAt705","BEA_API"
1958,72,"Intellectual property products",150,"i3gstlc1ip00","6","FAAt705","BEA_API"
1959,72,"Intellectual property products",166,"i3gstlc1ip00","6","FAAt705","BEA_API"
1960,72,"Intellectual property products",193,"i3gstlc1ip00","6","FAAt705","BEA_API"
1961,72,"Intellectual property products",218,"i3gstlc1ip00","6","FAAt705","BEA_API"
1962,72,"Intellectual property products",246,"i3gstlc1ip00","6","FAAt705","BEA_API"
1963,72,"Intellectual property products",292,"i3gstlc1ip00","6","FAAt705","BEA_API"
1964,72,"Intellectual property products",331,"i3gstlc1ip00","6","FAAt705","BEA_API"
1965,72,"Intellectual property products",376,"i3gstlc1ip00","6","FAAt705","BEA_API"
1966,72,"Intellectual property products",446,"i3gstlc1ip00","6","FAAt705","BEA_API"
1967,72,"Intellectual property products",509,"i3gstlc1ip00","6","FAAt705","BEA_API"
1968,72,"Intellectual property products",566,"i3gstlc1ip00","6","FAAt705","BEA_API"
1969,72,"Intellectual property products",658,"i3gstlc1ip00","6","FAAt705","BEA_API"
1970,72,"Intellectual property products",762,"i3gstlc1ip00","6","FAAt705","BEA_API"
1971,72,"Intellectual property products",825,"i3gstlc1ip00","6","FAAt705","BEA_API"
1972,72,"Intellectual property products",903,"i3gstlc1ip00","6","FAAt705","BEA_API"
1973,72,"Intellectual property products",1012,"i3gstlc1ip00","6","FAAt705","BEA_API"
1974,72,"Intellectual property products",1156,"i3gstlc1ip00","6","FAAt705","BEA_API"
1975,72,"Intellectual property products",1327,"i3gstlc1ip00","6","FAAt705","BEA_API"
1976,72,"Intellectual property products",1465,"i3gstlc1ip00","6","FAAt705","BEA_API"
1977,72,"Intellectual property products",1608,"i3gstlc1ip00","6","FAAt705","BEA_API"
1978,72,"Intellectual property products",1877,"i3gstlc1ip00","6","FAAt705","BEA_API"
1979,72,"Intellectual property products",2214,"i3gstlc1ip00","6","FAAt705","BEA_API"
1980,72,"Intellectual property products",2566,"i3gstlc1ip00","6","FAAt705","BEA_API"
1981,72,"Intellectual property products",2960,"i3gstlc1ip00","6","FAAt705","BEA_API"
1982,72,"Intellectual property products",3365,"i3gstlc1ip00","6","FAAt705","BEA_API"
1983,72,"Intellectual property products",3813,"i3gstlc1ip00","6","FAAt705","BEA_API"
1984,72,"Intellectual property products",4379,"i3gstlc1ip00","6","FAAt705","BEA_API"
1985,72,"Intellectual property products",5035,"i3gstlc1ip00","6","FAAt705","BEA_API"
1986,72,"Intellectual property products",5625,"i3gstlc1ip00","6","FAAt705","BEA_API"
1987,72,"Intellectual property products",6155,"i3gstlc1ip00","6","FAAt705","BEA_API"
1988,72,"Intellectual property products",7046,"i3gstlc1ip00","6","FAAt705","BEA_API"
1989,72,"Intellectual property products",8564,"i3gstlc1ip00","6","FAAt705","BEA_API"
1990,72,"Intellectual property products",9692,"i3gstlc1ip00","6","FAAt705","BEA_API"
1991,72,"Intellectual property products",10649,"i3gstlc1ip00","6","FAAt705","BEA_API"
1992,72,"Intellectual property products",11446,"i3gstlc1ip00","6","FAAt705","BEA_API"
1993,72,"Intellectual property products",11859,"i3gstlc1ip00","6","FAAt705","BEA_API"
1994,72,"Intellectual property products",12042,"i3gstlc1ip00","6","FAAt705","BEA_API"
1995,72,"Intellectual property products",12264,"i3gstlc1ip00","6","FAAt705","BEA_API"
1996,72,"Intellectual property products",12833,"i3gstlc1ip00","6","FAAt705","BEA_API"
1997,72,"Intellectual property products",14252,"i3gstlc1ip00","6","FAAt705","BEA_API"
1998,72,"Intellectual property products",15465,"i3gstlc1ip00","6","FAAt705","BEA_API"
1999,72,"Intellectual property products",16534,"i3gstlc1ip00","6","FAAt705","BEA_API"
2000,72,"Intellectual property products",18124,"i3gstlc1ip00","6","FAAt705","BEA_API"
2001,72,"Intellectual property products",19110,"i3gstlc1ip00","6","FAAt705","BEA_API"
2002,72,"Intellectual property products",19412,"i3gstlc1ip00","6","FAAt705","BEA_API"
2003,72,"Intellectual property products",20360,"i3gstlc1ip00","6","FAAt705","BEA_API"
2004,72,"Intellectual property products",21481,"i3gstlc1ip00","6","FAAt705","BEA_API"
2005,72,"Intellectual property products",22656,"i3gstlc1ip00","6","FAAt705","BEA_API"
2006,72,"Intellectual property products",24670,"i3gstlc1ip00","6","FAAt705","BEA_API"
2007,72,"Intellectual property products",26618,"i3gstlc1ip00","6","FAAt705","BEA_API"
2008,72,"Intellectual property products",28273,"i3gstlc1ip00","6","FAAt705","BEA_API"
2009,72,"Intellectual property products",28306,"i3gstlc1ip00","6","FAAt705","BEA_API"
2010,72,"Intellectual property products",27871,"i3gstlc1ip00","6","FAAt705","BEA_API"
2011,72,"Intellectual property products",28955,"i3gstlc1ip00","6","FAAt705","BEA_API"
2012,72,"Intellectual property products",29611,"i3gstlc1ip00","6","FAAt705","BEA_API"
2013,72,"Intellectual property products",32291,"i3gstlc1ip00","6","FAAt705","BEA_API"
2014,72,"Intellectual property products",34680,"i3gstlc1ip00","6","FAAt705","BEA_API"
2015,72,"Intellectual property products",37255,"i3gstlc1ip00","6","FAAt705","BEA_API"
2016,72,"Intellectual property products",40356,"i3gstlc1ip00","6","FAAt705","BEA_API"
2017,72,"Intellectual property products",44768,"i3gstlc1ip00","6","FAAt705","BEA_API"
2018,72,"Intellectual property products",48463,"i3gstlc1ip00","6","FAAt705","BEA_API"
2019,72,"Intellectual property products",50520,"i3gstlc1ip00","6","FAAt705","BEA_API"
2020,72,"Intellectual property products",53008,"i3gstlc1ip00","6","FAAt705","BEA_API"
2021,72,"Intellectual property products",57790,"i3gstlc1ip00","6","FAAt705","BEA_API"
2022,72,"Intellectual property products",63947,"i3gstlc1ip00","6","FAAt705","BEA_API"
2023,72,"Intellectual property products",68143,"i3gstlc1ip00","6","FAAt705","BEA_API"
2024,72,"Intellectual property products",73936,"i3gstlc1ip00","6","FAAt705","BEA_API"
1959,73,"Software",1,"i3gstlc1ens0","6","FAAt705","BEA_API"
1960,73,"Software",10,"i3gstlc1ens0","6","FAAt705","BEA_API"
1961,73,"Software",14,"i3gstlc1ens0","6","FAAt705","BEA_API"
1962,73,"Software",18,"i3gstlc1ens0","6","FAAt705","BEA_API"
1963,73,"Software",36,"i3gstlc1ens0","6","FAAt705","BEA_API"
1964,73,"Software",46,"i3gstlc1ens0","6","FAAt705","BEA_API"
1965,73,"Software",58,"i3gstlc1ens0","6","FAAt705","BEA_API"
1966,73,"Software",85,"i3gstlc1ens0","6","FAAt705","BEA_API"
1967,73,"Software",97,"i3gstlc1ens0","6","FAAt705","BEA_API"
1968,73,"Software",106,"i3gstlc1ens0","6","FAAt705","BEA_API"
1969,73,"Software",141,"i3gstlc1ens0","6","FAAt705","BEA_API"
1970,73,"Software",175,"i3gstlc1ens0","6","FAAt705","BEA_API"
1971,73,"Software",177,"i3gstlc1ens0","6","FAAt705","BEA_API"
1972,73,"Software",204,"i3gstlc1ens0","6","FAAt705","BEA_API"
1973,73,"Software",241,"i3gstlc1ens0","6","FAAt705","BEA_API"
1974,73,"Software",292,"i3gstlc1ens0","6","FAAt705","BEA_API"
1975,73,"Software",366,"i3gstlc1ens0","6","FAAt705","BEA_API"
1976,73,"Software",412,"i3gstlc1ens0","6","FAAt705","BEA_API"
1977,73,"Software",437,"i3gstlc1ens0","6","FAAt705","BEA_API"
1978,73,"Software",532,"i3gstlc1ens0","6","FAAt705","BEA_API"
1979,73,"Software",693,"i3gstlc1ens0","6","FAAt705","BEA_API"
1980,73,"Software",839,"i3gstlc1ens0","6","FAAt705","BEA_API"
1981,73,"Software",1000,"i3gstlc1ens0","6","FAAt705","BEA_API"
1982,73,"Software",1199,"i3gstlc1ens0","6","FAAt705","BEA_API"
1983,73,"Software",1434,"i3gstlc1ens0","6","FAAt705","BEA_API"
1984,73,"Software",1766,"i3gstlc1ens0","6","FAAt705","BEA_API"
1985,73,"Software",2072,"i3gstlc1ens0","6","FAAt705","BEA_API"
1986,73,"Software",2235,"i3gstlc1ens0","6","FAAt705","BEA_API"
1987,73,"Software",2410,"i3gstlc1ens0","6","FAAt705","BEA_API"
1988,73,"Software",2938,"i3gstlc1ens0","6","FAAt705","BEA_API"
1989,73,"Software",4059,"i3gstlc1ens0","6","FAAt705","BEA_API"
1990,73,"Software",4766,"i3gstlc1ens0","6","FAAt705","BEA_API"
1991,73,"Software",5406,"i3gstlc1ens0","6","FAAt705","BEA_API"
1992,73,"Software",6063,"i3gstlc1ens0","6","FAAt705","BEA_API"
1993,73,"Software",6328,"i3gstlc1ens0","6","FAAt705","BEA_API"
1994,73,"Software",6274,"i3gstlc1ens0","6","FAAt705","BEA_API"
1995,73,"Software",6254,"i3gstlc1ens0","6","FAAt705","BEA_API"
1996,73,"Software",6452,"i3gstlc1ens0","6","FAAt705","BEA_API"
1997,73,"Software",7360,"i3gstlc1ens0","6","FAAt705","BEA_API"
1998,73,"Software",8160,"i3gstlc1ens0","6","FAAt705","BEA_API"
1999,73,"Software",8661,"i3gstlc1ens0","6","FAAt705","BEA_API"
2000,73,"Software",9503,"i3gstlc1ens0","6","FAAt705","BEA_API"
2001,73,"Software",9809,"i3gstlc1ens0","6","FAAt705","BEA_API"
2002,73,"Software",9441,"i3gstlc1ens0","6","FAAt705","BEA_API"
2003,73,"Software",9884,"i3gstlc1ens0","6","FAAt705","BEA_API"
2004,73,"Software",10543,"i3gstlc1ens0","6","FAAt705","BEA_API"
2005,73,"Software",11106,"i3gstlc1ens0","6","FAAt705","BEA_API"
2006,73,"Software",11850,"i3gstlc1ens0","6","FAAt705","BEA_API"
2007,73,"Software",12514,"i3gstlc1ens0","6","FAAt705","BEA_API"
2008,73,"Software",13181,"i3gstlc1ens0","6","FAAt705","BEA_API"
2009,73,"Software",13046,"i3gstlc1ens0","6","FAAt705","BEA_API"
2010,73,"Software",12753,"i3gstlc1ens0","6","FAAt705","BEA_API"
2011,73,"Software",13392,"i3gstlc1ens0","6","FAAt705","BEA_API"
2012,73,"Software",13936,"i3gstlc1ens0","6","FAAt705","BEA_API"
2013,73,"Software",15340,"i3gstlc1ens0","6","FAAt705","BEA_API"
2014,73,"Software",16780,"i3gstlc1ens0","6","FAAt705","BEA_API"
2015,73,"Software",18212,"i3gstlc1ens0","6","FAAt705","BEA_API"
2016,73,"Software",20421,"i3gstlc1ens0","6","FAAt705","BEA_API"
2017,73,"Software",23364,"i3gstlc1ens0","6","FAAt705","BEA_API"
2018,73,"Software",26718,"i3gstlc1ens0","6","FAAt705","BEA_API"
2019,73,"Software",27910,"i3gstlc1ens0","6","FAAt705","BEA_API"
2020,73,"Software",30071,"i3gstlc1ens0","6","FAAt705","BEA_API"
2021,73,"Software",33537,"i3gstlc1ens0","6","FAAt705","BEA_API"
2022,73,"Software",37481,"i3gstlc1ens0","6","FAAt705","BEA_API"
2023,73,"Software",40091,"i3gstlc1ens0","6","FAAt705","BEA_API"
2024,73,"Software",44117,"i3gstlc1ens0","6","FAAt705","BEA_API"
1920,74,"Research and development",18,"i3gstlc1rd00","6","FAAt705","BEA_API"
1921,74,"Research and development",20,"i3gstlc1rd00","6","FAAt705","BEA_API"
1922,74,"Research and development",21,"i3gstlc1rd00","6","FAAt705","BEA_API"
1923,74,"Research and development",21,"i3gstlc1rd00","6","FAAt705","BEA_API"
1924,74,"Research and development",22,"i3gstlc1rd00","6","FAAt705","BEA_API"
1925,74,"Research and development",23,"i3gstlc1rd00","6","FAAt705","BEA_API"
1926,74,"Research and development",24,"i3gstlc1rd00","6","FAAt705","BEA_API"
1927,74,"Research and development",25,"i3gstlc1rd00","6","FAAt705","BEA_API"
1928,74,"Research and development",26,"i3gstlc1rd00","6","FAAt705","BEA_API"
1929,74,"Research and development",29,"i3gstlc1rd00","6","FAAt705","BEA_API"
1930,74,"Research and development",30,"i3gstlc1rd00","6","FAAt705","BEA_API"
1931,74,"Research and development",32,"i3gstlc1rd00","6","FAAt705","BEA_API"
1932,74,"Research and development",32,"i3gstlc1rd00","6","FAAt705","BEA_API"
1933,74,"Research and development",29,"i3gstlc1rd00","6","FAAt705","BEA_API"
1934,74,"Research and development",30,"i3gstlc1rd00","6","FAAt705","BEA_API"
1935,74,"Research and development",33,"i3gstlc1rd00","6","FAAt705","BEA_API"
1936,74,"Research and development",36,"i3gstlc1rd00","6","FAAt705","BEA_API"
1937,74,"Research and development",38,"i3gstlc1rd00","6","FAAt705","BEA_API"
1938,74,"Research and development",40,"i3gstlc1rd00","6","FAAt705","BEA_API"
1939,74,"Research and development",41,"i3gstlc1rd00","6","FAAt705","BEA_API"
1940,74,"Research and development",41,"i3gstlc1rd00","6","FAAt705","BEA_API"
1941,74,"Research and development",44,"i3gstlc1rd00","6","FAAt705","BEA_API"
1942,74,"Research and development",43,"i3gstlc1rd00","6","FAAt705","BEA_API"
1943,74,"Research and development",40,"i3gstlc1rd00","6","FAAt705","BEA_API"
1944,74,"Research and development",40,"i3gstlc1rd00","6","FAAt705","BEA_API"
1945,74,"Research and development",45,"i3gstlc1rd00","6","FAAt705","BEA_API"
1946,74,"Research and development",49,"i3gstlc1rd00","6","FAAt705","BEA_API"
1947,74,"Research and development",49,"i3gstlc1rd00","6","FAAt705","BEA_API"
1948,74,"Research and development",50,"i3gstlc1rd00","6","FAAt705","BEA_API"
1949,74,"Research and development",56,"i3gstlc1rd00","6","FAAt705","BEA_API"
1950,74,"Research and development",63,"i3gstlc1rd00","6","FAAt705","BEA_API"
1951,74,"Research and development",71,"i3gstlc1rd00","6","FAAt705","BEA_API"
1952,74,"Research and development",77,"i3gstlc1rd00","6","FAAt705","BEA_API"
1953,74,"Research and development",86,"i3gstlc1rd00","6","FAAt705","BEA_API"
1954,74,"Research and development",100,"i3gstlc1rd00","6","FAAt705","BEA_API"
1955,74,"Research and development",110,"i3gstlc1rd00","6","FAAt705","BEA_API"
1956,74,"Research and development",122,"i3gstlc1rd00","6","FAAt705","BEA_API"
1957,74,"Research and development",136,"i3gstlc1rd00","6","FAAt705","BEA_API"
1958,74,"Research and development",150,"i3gstlc1rd00","6","FAAt705","BEA_API"
1959,74,"Research and development",165,"i3gstlc1rd00","6","FAAt705","BEA_API"
1960,74,"Research and development",183,"i3gstlc1rd00","6","FAAt705","BEA_API"
1961,74,"Research and development",204,"i3gstlc1rd00","6","FAAt705","BEA_API"
1962,74,"Research and development",228,"i3gstlc1rd00","6","FAAt705","BEA_API"
1963,74,"Research and development",256,"i3gstlc1rd00","6","FAAt705","BEA_API"
1964,74,"Research and development",285,"i3gstlc1rd00","6","FAAt705","BEA_API"
1965,74,"Research and development",318,"i3gstlc1rd00","6","FAAt705","BEA_API"
1966,74,"Research and development",361,"i3gstlc1rd00","6","FAAt705","BEA_API"
1967,74,"Research and development",412,"i3gstlc1rd00","6","FAAt705","BEA_API"
1968,74,"Research and development",460,"i3gstlc1rd00","6","FAAt705","BEA_API"
1969,74,"Research and development",517,"i3gstlc1rd00","6","FAAt705","BEA_API"
1970,74,"Research and development",587,"i3gstlc1rd00","6","FAAt705","BEA_API"
1971,74,"Research and development",648,"i3gstlc1rd00","6","FAAt705","BEA_API"
1972,74,"Research and development",699,"i3gstlc1rd00","6","FAAt705","BEA_API"
1973,74,"Research and development",771,"i3gstlc1rd00","6","FAAt705","BEA_API"
1974,74,"Research and development",864,"i3gstlc1rd00","6","FAAt705","BEA_API"
1975,74,"Research and development",961,"i3gstlc1rd00","6","FAAt705","BEA_API"
1976,74,"Research and development",1053,"i3gstlc1rd00","6","FAAt705","BEA_API"
1977,74,"Research and development",1171,"i3gstlc1rd00","6","FAAt705","BEA_API"
1978,74,"Research and development",1345,"i3gstlc1rd00","6","FAAt705","BEA_API"
1979,74,"Research and development",1521,"i3gstlc1rd00","6","FAAt705","BEA_API"
1980,74,"Research and development",1727,"i3gstlc1rd00","6","FAAt705","BEA_API"
1981,74,"Research and development",1960,"i3gstlc1rd00","6","FAAt705","BEA_API"
1982,74,"Research and development",2166,"i3gstlc1rd00","6","FAAt705","BEA_API"
1983,74,"Research and development",2379,"i3gstlc1rd00","6","FAAt705","BEA_API"
1984,74,"Research and development",2613,"i3gstlc1rd00","6","FAAt705","BEA_API"
1985,74,"Research and development",2963,"i3gstlc1rd00","6","FAAt705","BEA_API"
1986,74,"Research and development",3390,"i3gstlc1rd00","6","FAAt705","BEA_API"
1987,74,"Research and development",3745,"i3gstlc1rd00","6","FAAt705","BEA_API"
1988,74,"Research and development",4108,"i3gstlc1rd00","6","FAAt705","BEA_API"
1989,74,"Research and development",4505,"i3gstlc1rd00","6","FAAt705","BEA_API"
1990,74,"Research and development",4926,"i3gstlc1rd00","6","FAAt705","BEA_API"
1991,74,"Research and development",5243,"i3gstlc1rd00","6","FAAt705","BEA_API"
1992,74,"Research and development",5383,"i3gstlc1rd00","6","FAAt705","BEA_API"
1993,74,"Research and development",5531,"i3gstlc1rd00","6","FAAt705","BEA_API"
1994,74,"Research and development",5768,"i3gstlc1rd00","6","FAAt705","BEA_API"
1995,74,"Research and development",6010,"i3gstlc1rd00","6","FAAt705","BEA_API"
1996,74,"Research and development",6381,"i3gstlc1rd00","6","FAAt705","BEA_API"
1997,74,"Research and development",6892,"i3gstlc1rd00","6","FAAt705","BEA_API"
1998,74,"Research and development",7305,"i3gstlc1rd00","6","FAAt705","BEA_API"
1999,74,"Research and development",7873,"i3gstlc1rd00","6","FAAt705","BEA_API"
2000,74,"Research and development",8621,"i3gstlc1rd00","6","FAAt705","BEA_API"
2001,74,"Research and development",9301,"i3gstlc1rd00","6","FAAt705","BEA_API"
2002,74,"Research and development",9971,"i3gstlc1rd00","6","FAAt705","BEA_API"
2003,74,"Research and development",10475,"i3gstlc1rd00","6","FAAt705","BEA_API"
2004,74,"Research and development",10938,"i3gstlc1rd00","6","FAAt705","BEA_API"
2005,74,"Research and development",11550,"i3gstlc1rd00","6","FAAt705","BEA_API"
2006,74,"Research and development",12820,"i3gstlc1rd00","6","FAAt705","BEA_API"
2007,74,"Research and development",14103,"i3gstlc1rd00","6","FAAt705","BEA_API"
2008,74,"Research and development",15092,"i3gstlc1rd00","6","FAAt705","BEA_API"
2009,74,"Research and development",15260,"i3gstlc1rd00","6","FAAt705","BEA_API"
2010,74,"Research and development",15118,"i3gstlc1rd00","6","FAAt705","BEA_API"
2011,74,"Research and development",15563,"i3gstlc1rd00","6","FAAt705","BEA_API"
2012,74,"Research and development",15675,"i3gstlc1rd00","6","FAAt705","BEA_API"
2013,74,"Research and development",16951,"i3gstlc1rd00","6","FAAt705","BEA_API"
2014,74,"Research and development",17900,"i3gstlc1rd00","6","FAAt705","BEA_API"
2015,74,"Research and development",19043,"i3gstlc1rd00","6","FAAt705","BEA_API"
2016,74,"Research and development",19935,"i3gstlc1rd00","6","FAAt705","BEA_API"
2017,74,"Research and development",21404,"i3gstlc1rd00","6","FAAt705","BEA_API"
2018,74,"Research and development",21745,"i3gstlc1rd00","6","FAAt705","BEA_API"
2019,74,"Research and development",22610,"i3gstlc1rd00","6","FAAt705","BEA_API"
2020,74,"Research and development",22937,"i3gstlc1rd00","6","FAAt705","BEA_API"
2021,74,"Research and development",24253,"i3gstlc1rd00","6","FAAt705","BEA_API"
2022,74,"Research and development",26466,"i3gstlc1rd00","6","FAAt705","BEA_API"
2023,74,"Research and development",28052,"i3gstlc1rd00","6","FAAt705","BEA_API"
2024,74,"Research and development",29819,"i3gstlc1rd00","6","FAAt705","BEA_API"
1914,75,"General government fixed assets",490,"i3gtotlges00","6","FAAt705","BEA_API"
1915,75,"General government fixed assets",629,"i3gtotlges00","6","FAAt705","BEA_API"
1916,75,"General government fixed assets",615,"i3gtotlges00","6","FAAt705","BEA_API"
1917,75,"General government fixed assets",2036,"i3gtotlges00","6","FAAt705","BEA_API"
1918,75,"General government fixed assets",4822,"i3gtotlges00","6","FAAt705","BEA_API"
1919,75,"General government fixed assets",2059,"i3gtotlges00","6","FAAt705","BEA_API"
1920,75,"General government fixed assets",1264,"i3gtotlges00","6","FAAt705","BEA_API"
1921,75,"General government fixed assets",1388,"i3gtotlges00","6","FAAt705","BEA_API"
1922,75,"General government fixed assets",1528,"i3gtotlges00","6","FAAt705","BEA_API"
1923,75,"General government fixed assets",1523,"i3gtotlges00","6","FAAt705","BEA_API"
1924,75,"General government fixed assets",1736,"i3gtotlges00","6","FAAt705","BEA_API"
1925,75,"General government fixed assets",1918,"i3gtotlges00","6","FAAt705","BEA_API"
1926,75,"General government fixed assets",1927,"i3gtotlges00","6","FAAt705","BEA_API"
1927,75,"General government fixed assets",2139,"i3gtotlges00","6","FAAt705","BEA_API"
1928,75,"General government fixed assets",2268,"i3gtotlges00","6","FAAt705","BEA_API"
1929,75,"General government fixed assets",2362,"i3gtotlges00","6","FAAt705","BEA_API"
1930,75,"General government fixed assets",2614,"i3gtotlges00","6","FAAt705","BEA_API"
1931,75,"General government fixed assets",2462,"i3gtotlges00","6","FAAt705","BEA_API"
1932,75,"General government fixed assets",1839,"i3gtotlges00","6","FAAt705","BEA_API"
1933,75,"General government fixed assets",1759,"i3gtotlges00","6","FAAt705","BEA_API"
1934,75,"General government fixed assets",2281,"i3gtotlges00","6","FAAt705","BEA_API"
1935,75,"General government fixed assets",2441,"i3gtotlges00","6","FAAt705","BEA_API"
1936,75,"General government fixed assets",3389,"i3gtotlges00","6","FAAt705","BEA_API"
1937,75,"General government fixed assets",3178,"i3gtotlges00","6","FAAt705","BEA_API"
1938,75,"General government fixed assets",3469,"i3gtotlges00","6","FAAt705","BEA_API"
1939,75,"General government fixed assets",3651,"i3gtotlges00","6","FAAt705","BEA_API"
1940,75,"General government fixed assets",3511,"i3gtotlges00","6","FAAt705","BEA_API"
1941,75,"General government fixed assets",9978,"i3gtotlges00","6","FAAt705","BEA_API"
1942,75,"General government fixed assets",28370,"i3gtotlges00","6","FAAt705","BEA_API"
1943,75,"General government fixed assets",39602,"i3gtotlges00","6","FAAt705","BEA_API"
1944,75,"General government fixed assets",37955,"i3gtotlges00","6","FAAt705","BEA_API"
1945,75,"General government fixed assets",25049,"i3gtotlges00","6","FAAt705","BEA_API"
1946,75,"General government fixed assets",4197,"i3gtotlges00","6","FAAt705","BEA_API"
1947,75,"General government fixed assets",4759,"i3gtotlges00","6","FAAt705","BEA_API"
1948,75,"General government fixed assets",7316,"i3gtotlges00","6","FAAt705","BEA_API"
1949,75,"General government fixed assets",9729,"i3gtotlges00","6","FAAt705","BEA_API"
1950,75,"General government fixed assets",9737,"i3gtotlges00","6","FAAt705","BEA_API"
1951,75,"General government fixed assets",17472,"i3gtotlges00","6","FAAt705","BEA_API"
1952,75,"General government fixed assets",22380,"i3gtotlges00","6","FAAt705","BEA_API"
1953,75,"General government fixed assets",24448,"i3gtotlges00","6","FAAt705","BEA_API"
1954,75,"General government fixed assets",23224,"i3gtotlges00","6","FAAt705","BEA_API"
1955,75,"General government fixed assets",22099,"i3gtotlges00","6","FAAt705","BEA_API"
1956,75,"General government fixed assets",24449,"i3gtotlges00","6","FAAt705","BEA_API"
1957,75,"General government fixed assets",27221,"i3gtotlges00","6","FAAt705","BEA_API"
1958,75,"General government fixed assets",29264,"i3gtotlges00","6","FAAt705","BEA_API"
1959,75,"General government fixed assets",32223,"i3gtotlges00","6","FAAt705","BEA_API"
1960,75,"General government fixed assets",32243,"i3gtotlges00","6","FAAt705","BEA_API"
1961,75,"General government fixed assets",35655,"i3gtotlges00","6","FAAt705","BEA_API"
1962,75,"General government fixed assets",38141,"i3gtotlges00","6","FAAt705","BEA_API"
1963,75,"General government fixed assets",39867,"i3gtotlges00","6","FAAt705","BEA_API"
1964,75,"General government fixed assets",41032,"i3gtotlges00","6","FAAt705","BEA_API"
1965,75,"General government fixed assets",42187,"i3gtotlges00","6","FAAt705","BEA_API"
1966,75,"General government fixed assets",47759,"i3gtotlges00","6","FAAt705","BEA_API"
1967,75,"General government fixed assets",51196,"i3gtotlges00","6","FAAt705","BEA_API"
1968,75,"General government fixed assets",51658,"i3gtotlges00","6","FAAt705","BEA_API"
1969,75,"General government fixed assets",51825,"i3gtotlges00","6","FAAt705","BEA_API"
1970,75,"General government fixed assets",51741,"i3gtotlges00","6","FAAt705","BEA_API"
1971,75,"General government fixed assets",50236,"i3gtotlges00","6","FAAt705","BEA_API"
1972,75,"General government fixed assets",51655,"i3gtotlges00","6","FAAt705","BEA_API"
1973,75,"General government fixed assets",55657,"i3gtotlges00","6","FAAt705","BEA_API"
1974,75,"General government fixed assets",63760,"i3gtotlges00","6","FAAt705","BEA_API"
1975,75,"General government fixed assets",70710,"i3gtotlges00","6","FAAt705","BEA_API"
1976,75,"General government fixed assets",74578,"i3gtotlges00","6","FAAt705","BEA_API"
1977,75,"General government fixed assets",77899,"i3gtotlges00","6","FAAt705","BEA_API"
1978,75,"General government fixed assets",86481,"i3gtotlges00","6","FAAt705","BEA_API"
1979,75,"General government fixed assets",98637,"i3gtotlges00","6","FAAt705","BEA_API"
1980,75,"General government fixed assets",110677,"i3gtotlges00","6","FAAt705","BEA_API"
1981,75,"General government fixed assets",120679,"i3gtotlges00","6","FAAt705","BEA_API"
1982,75,"General government fixed assets",130299,"i3gtotlges00","6","FAAt705","BEA_API"
1983,75,"General government fixed assets",144968,"i3gtotlges00","6","FAAt705","BEA_API"
1984,75,"General government fixed assets",165124,"i3gtotlges00","6","FAAt705","BEA_API"
1985,75,"General government fixed assets",188774,"i3gtotlges00","6","FAAt705","BEA_API"
1986,75,"General government fixed assets",204978,"i3gtotlges00","6","FAAt705","BEA_API"
1987,75,"General government fixed assets",219548,"i3gtotlges00","6","FAAt705","BEA_API"
1988,75,"General government fixed assets",222766,"i3gtotlges00","6","FAAt705","BEA_API"
1989,75,"General government fixed assets",233673,"i3gtotlges00","6","FAAt705","BEA_API"
1990,75,"General government fixed assets",249805,"i3gtotlges00","6","FAAt705","BEA_API"
1991,75,"General government fixed assets",251512,"i3gtotlges00","6","FAAt705","BEA_API"
1992,75,"General government fixed assets",250893,"i3gtotlges00","6","FAAt705","BEA_API"
1993,75,"General government fixed assets",247392,"i3gtotlges00","6","FAAt705","BEA_API"
1994,75,"General government fixed assets",251883,"i3gtotlges00","6","FAAt705","BEA_API"
1995,75,"General government fixed assets",263328,"i3gtotlges00","6","FAAt705","BEA_API"
1996,75,"General government fixed assets",273503,"i3gtotlges00","6","FAAt705","BEA_API"
1997,75,"General government fixed assets",278193,"i3gtotlges00","6","FAAt705","BEA_API"
1998,75,"General government fixed assets",292328,"i3gtotlges00","6","FAAt705","BEA_API"
1999,75,"General government fixed assets",311869,"i3gtotlges00","6","FAAt705","BEA_API"
2000,75,"General government fixed assets",328951,"i3gtotlges00","6","FAAt705","BEA_API"
2001,75,"General government fixed assets",347508,"i3gtotlges00","6","FAAt705","BEA_API"
2002,75,"General government fixed assets",372943,"i3gtotlges00","6","FAAt705","BEA_API"
2003,75,"General government fixed assets",386494,"i3gtotlges00","6","FAAt705","BEA_API"
2004,75,"General government fixed assets",407670,"i3gtotlges00","6","FAAt705","BEA_API"
2005,75,"General government fixed assets",434504,"i3gtotlges00","6","FAAt705","BEA_API"
2006,75,"General government fixed assets",467323,"i3gtotlges00","6","FAAt705","BEA_API"
2007,75,"General government fixed assets",502514,"i3gtotlges00","6","FAAt705","BEA_API"
2008,75,"General government fixed assets",529901,"i3gtotlges00","6","FAAt705","BEA_API"
2009,75,"General government fixed assets",536730,"i3gtotlges00","6","FAAt705","BEA_API"
2010,75,"General government fixed assets",538882,"i3gtotlges00","6","FAAt705","BEA_API"
2011,75,"General government fixed assets",532707,"i3gtotlges00","6","FAAt705","BEA_API"
2012,75,"General government fixed assets",519380,"i3gtotlges00","6","FAAt705","BEA_API"
2013,75,"General government fixed assets",504019,"i3gtotlges00","6","FAAt705","BEA_API"
2014,75,"General government fixed assets",503928,"i3gtotlges00","6","FAAt705","BEA_API"
2015,75,"General government fixed assets",523092,"i3gtotlges00","6","FAAt705","BEA_API"
2016,75,"General government fixed assets",541586,"i3gtotlges00","6","FAAt705","BEA_API"
2017,75,"General government fixed assets",567308,"i3gtotlges00","6","FAAt705","BEA_API"
2018,75,"General government fixed assets",603660,"i3gtotlges00","6","FAAt705","BEA_API"
2019,75,"General government fixed assets",645284,"i3gtotlges00","6","FAAt705","BEA_API"
2020,75,"General government fixed assets",688790,"i3gtotlges00","6","FAAt705","BEA_API"
2021,75,"General government fixed assets",704820,"i3gtotlges00","6","FAAt705","BEA_API"
2022,75,"General government fixed assets",761325,"i3gtotlges00","6","FAAt705","BEA_API"
2023,75,"General government fixed assets",824622,"i3gtotlges00","6","FAAt705","BEA_API"
2024,75,"General government fixed assets",883440,"i3gtotlges00","6","FAAt705","BEA_API"
1914,76,"Equipment",37,"i3gtotlgeq00","6","FAAt705","BEA_API"
1915,76,"Equipment",58,"i3gtotlgeq00","6","FAAt705","BEA_API"
1916,76,"Equipment",45,"i3gtotlgeq00","6","FAAt705","BEA_API"
1917,76,"Equipment",911,"i3gtotlgeq00","6","FAAt705","BEA_API"
1918,76,"Equipment",2800,"i3gtotlgeq00","6","FAAt705","BEA_API"
1919,76,"Equipment",310,"i3gtotlgeq00","6","FAAt705","BEA_API"
1920,76,"Equipment",101,"i3gtotlgeq00","6","FAAt705","BEA_API"
1921,76,"Equipment",37,"i3gtotlgeq00","6","FAAt705","BEA_API"
1922,76,"Equipment",84,"i3gtotlgeq00","6","FAAt705","BEA_API"
1923,76,"Equipment",108,"i3gtotlgeq00","6","FAAt705","BEA_API"
1924,76,"Equipment",155,"i3gtotlgeq00","6","FAAt705","BEA_API"
1925,76,"Equipment",171,"i3gtotlgeq00","6","FAAt705","BEA_API"
1926,76,"Equipment",165,"i3gtotlgeq00","6","FAAt705","BEA_API"
1927,76,"Equipment",217,"i3gtotlgeq00","6","FAAt705","BEA_API"
1928,76,"Equipment",225,"i3gtotlgeq00","6","FAAt705","BEA_API"
1929,76,"Equipment",234,"i3gtotlgeq00","6","FAAt705","BEA_API"
1930,76,"Equipment",215,"i3gtotlgeq00","6","FAAt705","BEA_API"
1931,76,"Equipment",232,"i3gtotlgeq00","6","FAAt705","BEA_API"
1932,76,"Equipment",199,"i3gtotlgeq00","6","FAAt705","BEA_API"
1933,76,"Equipment",204,"i3gtotlgeq00","6","FAAt705","BEA_API"
1934,76,"Equipment",296,"i3gtotlgeq00","6","FAAt705","BEA_API"
1935,76,"Equipment",452,"i3gtotlgeq00","6","FAAt705","BEA_API"
1936,76,"Equipment",390,"i3gtotlgeq00","6","FAAt705","BEA_API"
1937,76,"Equipment",436,"i3gtotlgeq00","6","FAAt705","BEA_API"
1938,76,"Equipment",498,"i3gtotlgeq00","6","FAAt705","BEA_API"
1939,76,"Equipment",534,"i3gtotlgeq00","6","FAAt705","BEA_API"
1940,76,"Equipment",541,"i3gtotlgeq00","6","FAAt705","BEA_API"
1941,76,"Equipment",4163,"i3gtotlgeq00","6","FAAt705","BEA_API"
1942,76,"Equipment",16271,"i3gtotlgeq00","6","FAAt705","BEA_API"
1943,76,"Equipment",31924,"i3gtotlgeq00","6","FAAt705","BEA_API"
1944,76,"Equipment",33297,"i3gtotlgeq00","6","FAAt705","BEA_API"
1945,76,"Equipment",21213,"i3gtotlgeq00","6","FAAt705","BEA_API"
1946,76,"Equipment",1573,"i3gtotlgeq00","6","FAAt705","BEA_API"
1947,76,"Equipment",1203,"i3gtotlgeq00","6","FAAt705","BEA_API"
1948,76,"Equipment",2161,"i3gtotlgeq00","6","FAAt705","BEA_API"
1949,76,"Equipment",3135,"i3gtotlgeq00","6","FAAt705","BEA_API"
1950,76,"Equipment",2438,"i3gtotlgeq00","6","FAAt705","BEA_API"
1951,76,"Equipment",7739,"i3gtotlgeq00","6","FAAt705","BEA_API"
1952,76,"Equipment",10809,"i3gtotlgeq00","6","FAAt705","BEA_API"
1953,76,"Equipment",12102,"i3gtotlgeq00","6","FAAt705","BEA_API"
1954,76,"Equipment",10072,"i3gtotlgeq00","6","FAAt705","BEA_API"
1955,76,"Equipment",8601,"i3gtotlgeq00","6","FAAt705","BEA_API"
1956,76,"Equipment",8711,"i3gtotlgeq00","6","FAAt705","BEA_API"
1957,76,"Equipment",9230,"i3gtotlgeq00","6","FAAt705","BEA_API"
1958,76,"Equipment",9428,"i3gtotlgeq00","6","FAAt705","BEA_API"
1959,76,"Equipment",11720,"i3gtotlgeq00","6","FAAt705","BEA_API"
1960,76,"Equipment",11203,"i3gtotlgeq00","6","FAAt705","BEA_API"
1961,76,"Equipment",12688,"i3gtotlgeq00","6","FAAt705","BEA_API"
1962,76,"Equipment",13784,"i3gtotlgeq00","6","FAAt705","BEA_API"
1963,76,"Equipment",12434,"i3gtotlgeq00","6","FAAt705","BEA_API"
1964,76,"Equipment",12085,"i3gtotlgeq00","6","FAAt705","BEA_API"
1965,76,"Equipment",10900,"i3gtotlgeq00","6","FAAt705","BEA_API"
1966,76,"Equipment",12657,"i3gtotlgeq00","6","FAAt705","BEA_API"
1967,76,"Equipment",14558,"i3gtotlgeq00","6","FAAt705","BEA_API"
1968,76,"Equipment",13079,"i3gtotlgeq00","6","FAAt705","BEA_API"
1969,76,"Equipment",12202,"i3gtotlgeq00","6","FAAt705","BEA_API"
1970,76,"Equipment",12284,"i3gtotlgeq00","6","FAAt705","BEA_API"
1971,76,"Equipment",8352,"i3gtotlgeq00","6","FAAt705","BEA_API"
1972,76,"Equipment",8509,"i3gtotlgeq00","6","FAAt705","BEA_API"
1973,76,"Equipment",9638,"i3gtotlgeq00","6","FAAt705","BEA_API"
1974,76,"Equipment",12810,"i3gtotlgeq00","6","FAAt705","BEA_API"
1975,76,"Equipment",14880,"i3gtotlgeq00","6","FAAt705","BEA_API"
1976,76,"Equipment",17503,"i3gtotlgeq00","6","FAAt705","BEA_API"
1977,76,"Equipment",19296,"i3gtotlgeq00","6","FAAt705","BEA_API"
1978,76,"Equipment",21050,"i3gtotlgeq00","6","FAAt705","BEA_API"
1979,76,"Equipment",25099,"i3gtotlgeq00","6","FAAt705","BEA_API"
1980,76,"Equipment",28538,"i3gtotlgeq00","6","FAAt705","BEA_API"
1981,76,"Equipment",33315,"i3gtotlgeq00","6","FAAt705","BEA_API"
1982,76,"Equipment",39093,"i3gtotlgeq00","6","FAAt705","BEA_API"
1983,76,"Equipment",46797,"i3gtotlgeq00","6","FAAt705","BEA_API"
1984,76,"Equipment",54343,"i3gtotlgeq00","6","FAAt705","BEA_API"
1985,76,"Equipment",63227,"i3gtotlgeq00","6","FAAt705","BEA_API"
1986,76,"Equipment",69197,"i3gtotlgeq00","6","FAAt705","BEA_API"
1987,76,"Equipment",72802,"i3gtotlgeq00","6","FAAt705","BEA_API"
1988,76,"Equipment",69343,"i3gtotlgeq00","6","FAAt705","BEA_API"
1989,76,"Equipment",74864,"i3gtotlgeq00","6","FAAt705","BEA_API"
1990,76,"Equipment",80374,"i3gtotlgeq00","6","FAAt705","BEA_API"
1991,76,"Equipment",79231,"i3gtotlgeq00","6","FAAt705","BEA_API"
1992,76,"Equipment",76858,"i3gtotlgeq00","6","FAAt705","BEA_API"
1993,76,"Equipment",71274,"i3gtotlgeq00","6","FAAt705","BEA_API"
1994,76,"Equipment",70576,"i3gtotlgeq00","6","FAAt705","BEA_API"
1995,76,"Equipment",70966,"i3gtotlgeq00","6","FAAt705","BEA_API"
1996,76,"Equipment",72319,"i3gtotlgeq00","6","FAAt705","BEA_API"
1997,76,"Equipment",68245,"i3gtotlgeq00","6","FAAt705","BEA_API"
1998,76,"Equipment",69808,"i3gtotlgeq00","6","FAAt705","BEA_API"
1999,76,"Equipment",75977,"i3gtotlgeq00","6","FAAt705","BEA_API"
2000,76,"Equipment",78241,"i3gtotlgeq00","6","FAAt705","BEA_API"
2001,76,"Equipment",79539,"i3gtotlgeq00","6","FAAt705","BEA_API"
2002,76,"Equipment",85603,"i3gtotlgeq00","6","FAAt705","BEA_API"
2003,76,"Equipment",86898,"i3gtotlgeq00","6","FAAt705","BEA_API"
2004,76,"Equipment",93493,"i3gtotlgeq00","6","FAAt705","BEA_API"
2005,76,"Equipment",101077,"i3gtotlgeq00","6","FAAt705","BEA_API"
2006,76,"Equipment",110159,"i3gtotlgeq00","6","FAAt705","BEA_API"
2007,76,"Equipment",119785,"i3gtotlgeq00","6","FAAt705","BEA_API"
2008,76,"Equipment",130384,"i3gtotlgeq00","6","FAAt705","BEA_API"
2009,76,"Equipment",131696,"i3gtotlgeq00","6","FAAt705","BEA_API"
2010,76,"Equipment",133479,"i3gtotlgeq00","6","FAAt705","BEA_API"
2011,76,"Equipment",130214,"i3gtotlgeq00","6","FAAt705","BEA_API"
2012,76,"Equipment",128348,"i3gtotlgeq00","6","FAAt705","BEA_API"
2013,76,"Equipment",120393,"i3gtotlgeq00","6","FAAt705","BEA_API"
2014,76,"Equipment",117435,"i3gtotlgeq00","6","FAAt705","BEA_API"
2015,76,"Equipment",116131,"i3gtotlgeq00","6","FAAt705","BEA_API"
2016,76,"Equipment",117203,"i3gtotlgeq00","6","FAAt705","BEA_API"
2017,76,"Equipment",122187,"i3gtotlgeq00","6","FAAt705","BEA_API"
2018,76,"Equipment",130651,"i3gtotlgeq00","6","FAAt705","BEA_API"
2019,76,"Equipment",143436,"i3gtotlgeq00","6","FAAt705","BEA_API"
2020,76,"Equipment",151537,"i3gtotlgeq00","6","FAAt705","BEA_API"
2021,76,"Equipment",151349,"i3gtotlgeq00","6","FAAt705","BEA_API"
2022,76,"Equipment",153519,"i3gtotlgeq00","6","FAAt705","BEA_API"
2023,76,"Equipment",163854,"i3gtotlgeq00","6","FAAt705","BEA_API"
2024,76,"Equipment",172655,"i3gtotlgeq00","6","FAAt705","BEA_API"
1901,77,"Structures",163,"i3gtotlgst00","6","FAAt705","BEA_API"
1902,77,"Structures",171,"i3gtotlgst00","6","FAAt705","BEA_API"
1903,77,"Structures",220,"i3gtotlgst00","6","FAAt705","BEA_API"
1904,77,"Structures",248,"i3gtotlgst00","6","FAAt705","BEA_API"
1905,77,"Structures",253,"i3gtotlgst00","6","FAAt705","BEA_API"
1906,77,"Structures",259,"i3gtotlgst00","6","FAAt705","BEA_API"
1907,77,"Structures",309,"i3gtotlgst00","6","FAAt705","BEA_API"
1908,77,"Structures",343,"i3gtotlgst00","6","FAAt705","BEA_API"
1909,77,"Structures",342,"i3gtotlgst00","6","FAAt705","BEA_API"
1910,77,"Structures",373,"i3gtotlgst00","6","FAAt705","BEA_API"
1911,77,"Structures",407,"i3gtotlgst00","6","FAAt705","BEA_API"
1912,77,"Structures",399,"i3gtotlgst00","6","FAAt705","BEA_API"
1913,77,"Structures",413,"i3gtotlgst00","6","FAAt705","BEA_API"
1914,77,"Structures",452,"i3gtotlgst00","6","FAAt705","BEA_API"
1915,77,"Structures",571,"i3gtotlgst00","6","FAAt705","BEA_API"
1916,77,"Structures",569,"i3gtotlgst00","6","FAAt705","BEA_API"
1917,77,"Structures",1125,"i3gtotlgst00","6","FAAt705","BEA_API"
1918,77,"Structures",2022,"i3gtotlgst00","6","FAAt705","BEA_API"
1919,77,"Structures",1749,"i3gtotlgst00","6","FAAt705","BEA_API"
1920,77,"Structures",1144,"i3gtotlgst00","6","FAAt705","BEA_API"
1921,77,"Structures",1332,"i3gtotlgst00","6","FAAt705","BEA_API"
1922,77,"Structures",1423,"i3gtotlgst00","6","FAAt705","BEA_API"
1923,77,"Structures",1394,"i3gtotlgst00","6","FAAt705","BEA_API"
1924,77,"Structures",1558,"i3gtotlgst00","6","FAAt705","BEA_API"
1925,77,"Structures",1724,"i3gtotlgst00","6","FAAt705","BEA_API"
1926,77,"Structures",1738,"i3gtotlgst00","6","FAAt705","BEA_API"
1927,77,"Structures",1897,"i3gtotlgst00","6","FAAt705","BEA_API"
1928,77,"Structures",2017,"i3gtotlgst00","6","FAAt705","BEA_API"
1929,77,"Structures",2066,"i3gtotlgst00","6","FAAt705","BEA_API"
1930,77,"Structures",2318,"i3gtotlgst00","6","FAAt705","BEA_API"
1931,77,"Structures",2136,"i3gtotlgst00","6","FAAt705","BEA_API"
1932,77,"Structures",1525,"i3gtotlgst00","6","FAAt705","BEA_API"
1933,77,"Structures",1451,"i3gtotlgst00","6","FAAt705","BEA_API"
1934,77,"Structures",1893,"i3gtotlgst00","6","FAAt705","BEA_API"
1935,77,"Structures",1897,"i3gtotlgst00","6","FAAt705","BEA_API"
1936,77,"Structures",2895,"i3gtotlgst00","6","FAAt705","BEA_API"
1937,77,"Structures",2635,"i3gtotlgst00","6","FAAt705","BEA_API"
1938,77,"Structures",2852,"i3gtotlgst00","6","FAAt705","BEA_API"
1939,77,"Structures",2992,"i3gtotlgst00","6","FAAt705","BEA_API"
1940,77,"Structures",2832,"i3gtotlgst00","6","FAAt705","BEA_API"
1941,77,"Structures",5490,"i3gtotlgst00","6","FAAt705","BEA_API"
1942,77,"Structures",11592,"i3gtotlgst00","6","FAAt705","BEA_API"
1943,77,"Structures",6745,"i3gtotlgst00","6","FAAt705","BEA_API"
1944,77,"Structures",3105,"i3gtotlgst00","6","FAAt705","BEA_API"
1945,77,"Structures",2305,"i3gtotlgst00","6","FAAt705","BEA_API"
1946,77,"Structures",1216,"i3gtotlgst00","6","FAAt705","BEA_API"
1947,77,"Structures",2167,"i3gtotlgst00","6","FAAt705","BEA_API"
1948,77,"Structures",3561,"i3gtotlgst00","6","FAAt705","BEA_API"
1949,77,"Structures",4872,"i3gtotlgst00","6","FAAt705","BEA_API"
1950,77,"Structures",5416,"i3gtotlgst00","6","FAAt705","BEA_API"
1951,77,"Structures",7629,"i3gtotlgst00","6","FAAt705","BEA_API"
1952,77,"Structures",9195,"i3gtotlgst00","6","FAAt705","BEA_API"
1953,77,"Structures",9662,"i3gtotlgst00","6","FAAt705","BEA_API"
1954,77,"Structures",10110,"i3gtotlgst00","6","FAAt705","BEA_API"
1955,77,"Structures",9912,"i3gtotlgst00","6","FAAt705","BEA_API"
1956,77,"Structures",10893,"i3gtotlgst00","6","FAAt705","BEA_API"
1957,77,"Structures",12111,"i3gtotlgst00","6","FAAt705","BEA_API"
1958,77,"Structures",13409,"i3gtotlgst00","6","FAAt705","BEA_API"
1959,77,"Structures",13498,"i3gtotlgst00","6","FAAt705","BEA_API"
1960,77,"Structures",13221,"i3gtotlgst00","6","FAAt705","BEA_API"
1961,77,"Structures",14181,"i3gtotlgst00","6","FAAt705","BEA_API"
1962,77,"Structures",14498,"i3gtotlgst00","6","FAAt705","BEA_API"
1963,77,"Structures",15738,"i3gtotlgst00","6","FAAt705","BEA_API"
1964,77,"Structures",16037,"i3gtotlgst00","6","FAAt705","BEA_API"
1965,77,"Structures",17509,"i3gtotlgst00","6","FAAt705","BEA_API"
1966,77,"Structures",19715,"i3gtotlgst00","6","FAAt705","BEA_API"
1967,77,"Structures",20482,"i3gtotlgst00","6","FAAt705","BEA_API"
1968,77,"Structures",21570,"i3gtotlgst00","6","FAAt705","BEA_API"
1969,77,"Structures",21950,"i3gtotlgst00","6","FAAt705","BEA_API"
1970,77,"Structures",21947,"i3gtotlgst00","6","FAAt705","BEA_API"
1971,77,"Structures",23914,"i3gtotlgst00","6","FAAt705","BEA_API"
1972,77,"Structures",23932,"i3gtotlgst00","6","FAAt705","BEA_API"
1973,77,"Structures",25786,"i3gtotlgst00","6","FAAt705","BEA_API"
1974,77,"Structures",29610,"i3gtotlgst00","6","FAAt705","BEA_API"
1975,77,"Structures",32730,"i3gtotlgst00","6","FAAt705","BEA_API"
1976,77,"Structures",31744,"i3gtotlgst00","6","FAAt705","BEA_API"
1977,77,"Structures",30919,"i3gtotlgst00","6","FAAt705","BEA_API"
1978,77,"Structures",34648,"i3gtotlgst00","6","FAAt705","BEA_API"
1979,77,"Structures",38832,"i3gtotlgst00","6","FAAt705","BEA_API"
1980,77,"Structures",42958,"i3gtotlgst00","6","FAAt705","BEA_API"
1981,77,"Structures",42812,"i3gtotlgst00","6","FAAt705","BEA_API"
1982,77,"Structures",42057,"i3gtotlgst00","6","FAAt705","BEA_API"
1983,77,"Structures",43496,"i3gtotlgst00","6","FAAt705","BEA_API"
1984,77,"Structures",49167,"i3gtotlgst00","6","FAAt705","BEA_API"
1985,77,"Structures",55194,"i3gtotlgst00","6","FAAt705","BEA_API"
1986,77,"Structures",61246,"i3gtotlgst00","6","FAAt705","BEA_API"
1987,77,"Structures",65708,"i3gtotlgst00","6","FAAt705","BEA_API"
1988,77,"Structures",69067,"i3gtotlgst00","6","FAAt705","BEA_API"
1989,77,"Structures",71982,"i3gtotlgst00","6","FAAt705","BEA_API"
1990,77,"Structures",79408,"i3gtotlgst00","6","FAAt705","BEA_API"
1991,77,"Structures",82170,"i3gtotlgst00","6","FAAt705","BEA_API"
1992,77,"Structures",83928,"i3gtotlgst00","6","FAAt705","BEA_API"
1993,77,"Structures",86369,"i3gtotlgst00","6","FAAt705","BEA_API"
1994,77,"Structures",90912,"i3gtotlgst00","6","FAAt705","BEA_API"
1995,77,"Structures",99874,"i3gtotlgst00","6","FAAt705","BEA_API"
1996,77,"Structures",107260,"i3gtotlgst00","6","FAAt705","BEA_API"
1997,77,"Structures",113220,"i3gtotlgst00","6","FAAt705","BEA_API"
1998,77,"Structures",122182,"i3gtotlgst00","6","FAAt705","BEA_API"
1999,77,"Structures",131529,"i3gtotlgst00","6","FAAt705","BEA_API"
2000,77,"Structures",140063,"i3gtotlgst00","6","FAAt705","BEA_API"
2001,77,"Structures",150797,"i3gtotlgst00","6","FAAt705","BEA_API"
2002,77,"Structures",162555,"i3gtotlgst00","6","FAAt705","BEA_API"
2003,77,"Structures",166250,"i3gtotlgst00","6","FAAt705","BEA_API"
2004,77,"Structures",172600,"i3gtotlgst00","6","FAAt705","BEA_API"
2005,77,"Structures",183615,"i3gtotlgst00","6","FAAt705","BEA_API"
2006,77,"Structures",200860,"i3gtotlgst00","6","FAAt705","BEA_API"
2007,77,"Structures",219036,"i3gtotlgst00","6","FAAt705","BEA_API"
2008,77,"Structures",229273,"i3gtotlgst00","6","FAAt705","BEA_API"
2009,77,"Structures",232628,"i3gtotlgst00","6","FAAt705","BEA_API"
2010,77,"Structures",227095,"i3gtotlgst00","6","FAAt705","BEA_API"
2011,77,"Structures",220498,"i3gtotlgst00","6","FAAt705","BEA_API"
2012,77,"Structures",208440,"i3gtotlgst00","6","FAAt705","BEA_API"
2013,77,"Structures",198608,"i3gtotlgst00","6","FAAt705","BEA_API"
2014,77,"Structures",200508,"i3gtotlgst00","6","FAAt705","BEA_API"
2015,77,"Structures",214275,"i3gtotlgst00","6","FAAt705","BEA_API"
2016,77,"Structures",224787,"i3gtotlgst00","6","FAAt705","BEA_API"
2017,77,"Structures",232690,"i3gtotlgst00","6","FAAt705","BEA_API"
2018,77,"Structures",247061,"i3gtotlgst00","6","FAAt705","BEA_API"
2019,77,"Structures",265896,"i3gtotlgst00","6","FAAt705","BEA_API"
2020,77,"Structures",275027,"i3gtotlgst00","6","FAAt705","BEA_API"
2021,77,"Structures",268014,"i3gtotlgst00","6","FAAt705","BEA_API"
2022,77,"Structures",290206,"i3gtotlgst00","6","FAAt705","BEA_API"
2023,77,"Structures",337194,"i3gtotlgst00","6","FAAt705","BEA_API"
2024,77,"Structures",367149,"i3gtotlgst00","6","FAAt705","BEA_API"
1920,78,"Intellectual property products",18,"i3gtotlgip00","6","FAAt705","BEA_API"
1921,78,"Intellectual property products",20,"i3gtotlgip00","6","FAAt705","BEA_API"
1922,78,"Intellectual property products",21,"i3gtotlgip00","6","FAAt705","BEA_API"
1923,78,"Intellectual property products",21,"i3gtotlgip00","6","FAAt705","BEA_API"
1924,78,"Intellectual property products",22,"i3gtotlgip00","6","FAAt705","BEA_API"
1925,78,"Intellectual property products",23,"i3gtotlgip00","6","FAAt705","BEA_API"
1926,78,"Intellectual property products",24,"i3gtotlgip00","6","FAAt705","BEA_API"
1927,78,"Intellectual property products",25,"i3gtotlgip00","6","FAAt705","BEA_API"
1928,78,"Intellectual property products",26,"i3gtotlgip00","6","FAAt705","BEA_API"
1929,78,"Intellectual property products",62,"i3gtotlgip00","6","FAAt705","BEA_API"
1930,78,"Intellectual property products",80,"i3gtotlgip00","6","FAAt705","BEA_API"
1931,78,"Intellectual property products",94,"i3gtotlgip00","6","FAAt705","BEA_API"
1932,78,"Intellectual property products",115,"i3gtotlgip00","6","FAAt705","BEA_API"
1933,78,"Intellectual property products",105,"i3gtotlgip00","6","FAAt705","BEA_API"
1934,78,"Intellectual property products",92,"i3gtotlgip00","6","FAAt705","BEA_API"
1935,78,"Intellectual property products",91,"i3gtotlgip00","6","FAAt705","BEA_API"
1936,78,"Intellectual property products",103,"i3gtotlgip00","6","FAAt705","BEA_API"
1937,78,"Intellectual property products",107,"i3gtotlgip00","6","FAAt705","BEA_API"
1938,78,"Intellectual property products",118,"i3gtotlgip00","6","FAAt705","BEA_API"
1939,78,"Intellectual property products",126,"i3gtotlgip00","6","FAAt705","BEA_API"
1940,78,"Intellectual property products",137,"i3gtotlgip00","6","FAAt705","BEA_API"
1941,78,"Intellectual property products",324,"i3gtotlgip00","6","FAAt705","BEA_API"
1942,78,"Intellectual property products",508,"i3gtotlgip00","6","FAAt705","BEA_API"
1943,78,"Intellectual property products",933,"i3gtotlgip00","6","FAAt705","BEA_API"
1944,78,"Intellectual property products",1553,"i3gtotlgip00","6","FAAt705","BEA_API"
1945,78,"Intellectual property products",1530,"i3gtotlgip00","6","FAAt705","BEA_API"
1946,78,"Intellectual property products",1407,"i3gtotlgip00","6","FAAt705","BEA_API"
1947,78,"Intellectual property products",1389,"i3gtotlgip00","6","FAAt705","BEA_API"
1948,78,"Intellectual property products",1594,"i3gtotlgip00","6","FAAt705","BEA_API"
1949,78,"Intellectual property products",1723,"i3gtotlgip00","6","FAAt705","BEA_API"
1950,78,"Intellectual property products",1883,"i3gtotlgip00","6","FAAt705","BEA_API"
1951,78,"Intellectual property products",2103,"i3gtotlgip00","6","FAAt705","BEA_API"
1952,78,"Intellectual property products",2376,"i3gtotlgip00","6","FAAt705","BEA_API"
1953,78,"Intellectual property products",2684,"i3gtotlgip00","6","FAAt705","BEA_API"
1954,78,"Intellectual property products",3042,"i3gtotlgip00","6","FAAt705","BEA_API"
1955,78,"Intellectual property products",3586,"i3gtotlgip00","6","FAAt705","BEA_API"
1956,78,"Intellectual property products",4846,"i3gtotlgip00","6","FAAt705","BEA_API"
1957,78,"Intellectual property products",5880,"i3gtotlgip00","6","FAAt705","BEA_API"
1958,78,"Intellectual property products",6427,"i3gtotlgip00","6","FAAt705","BEA_API"
1959,78,"Intellectual property products",7004,"i3gtotlgip00","6","FAAt705","BEA_API"
1960,78,"Intellectual property products",7819,"i3gtotlgip00","6","FAAt705","BEA_API"
1961,78,"Intellectual property products",8786,"i3gtotlgip00","6","FAAt705","BEA_API"
1962,78,"Intellectual property products",9859,"i3gtotlgip00","6","FAAt705","BEA_API"
1963,78,"Intellectual property products",11695,"i3gtotlgip00","6","FAAt705","BEA_API"
1964,78,"Intellectual property products",12910,"i3gtotlgip00","6","FAAt705","BEA_API"
1965,78,"Intellectual property products",13778,"i3gtotlgip00","6","FAAt705","BEA_API"
1966,78,"Intellectual property products",15387,"i3gtotlgip00","6","FAAt705","BEA_API"
1967,78,"Intellectual property products",16156,"i3gtotlgip00","6","FAAt705","BEA_API"
1968,78,"Intellectual property products",17009,"i3gtotlgip00","6","FAAt705","BEA_API"
1969,78,"Intellectual property products",17673,"i3gtotlgip00","6","FAAt705","BEA_API"
1970,78,"Intellectual property products",17510,"i3gtotlgip00","6","FAAt705","BEA_API"
1971,78,"Intellectual property products",17970,"i3gtotlgip00","6","FAAt705","BEA_API"
1972,78,"Intellectual property products",19214,"i3gtotlgip00","6","FAAt705","BEA_API"
1973,78,"Intellectual property products",20232,"i3gtotlgip00","6","FAAt705","BEA_API"
1974,78,"Intellectual property products",21340,"i3gtotlgip00","6","FAAt705","BEA_API"
1975,78,"Intellectual property products",23100,"i3gtotlgip00","6","FAAt705","BEA_API"
1976,78,"Intellectual property products",25331,"i3gtotlgip00","6","FAAt705","BEA_API"
1977,78,"Intellectual property products",27684,"i3gtotlgip00","6","FAAt705","BEA_API"
1978,78,"Intellectual property products",30782,"i3gtotlgip00","6","FAAt705","BEA_API"
1979,78,"Intellectual property products",34706,"i3gtotlgip00","6","FAAt705","BEA_API"
1980,78,"Intellectual property products",39182,"i3gtotlgip00","6","FAAt705","BEA_API"
1981,78,"Intellectual property products",44552,"i3gtotlgip00","6","FAAt705","BEA_API"
1982,78,"Intellectual property products",49150,"i3gtotlgip00","6","FAAt705","BEA_API"
1983,78,"Intellectual property products",54675,"i3gtotlgip00","6","FAAt705","BEA_API"
1984,78,"Intellectual property products",61615,"i3gtotlgip00","6","FAAt705","BEA_API"
1985,78,"Intellectual property products",70353,"i3gtotlgip00","6","FAAt705","BEA_API"
1986,78,"Intellectual property products",74534,"i3gtotlgip00","6","FAAt705","BEA_API"
1987,78,"Intellectual property products",81038,"i3gtotlgip00","6","FAAt705","BEA_API"
1988,78,"Intellectual property products",84357,"i3gtotlgip00","6","FAAt705","BEA_API"
1989,78,"Intellectual property products",86827,"i3gtotlgip00","6","FAAt705","BEA_API"
1990,78,"Intellectual property products",90022,"i3gtotlgip00","6","FAAt705","BEA_API"
1991,78,"Intellectual property products",90110,"i3gtotlgip00","6","FAAt705","BEA_API"
1992,78,"Intellectual property products",90107,"i3gtotlgip00","6","FAAt705","BEA_API"
1993,78,"Intellectual property products",89748,"i3gtotlgip00","6","FAAt705","BEA_API"
1994,78,"Intellectual property products",90395,"i3gtotlgip00","6","FAAt705","BEA_API"
1995,78,"Intellectual property products",92488,"i3gtotlgip00","6","FAAt705","BEA_API"
1996,78,"Intellectual property products",93923,"i3gtotlgip00","6","FAAt705","BEA_API"
1997,78,"Intellectual property products",96728,"i3gtotlgip00","6","FAAt705","BEA_API"
1998,78,"Intellectual property products",100338,"i3gtotlgip00","6","FAAt705","BEA_API"
1999,78,"Intellectual property products",104362,"i3gtotlgip00","6","FAAt705","BEA_API"
2000,78,"Intellectual property products",110648,"i3gtotlgip00","6","FAAt705","BEA_API"
2001,78,"Intellectual property products",117172,"i3gtotlgip00","6","FAAt705","BEA_API"
2002,78,"Intellectual property products",124785,"i3gtotlgip00","6","FAAt705","BEA_API"
2003,78,"Intellectual property products",133346,"i3gtotlgip00","6","FAAt705","BEA_API"
2004,78,"Intellectual property products",141577,"i3gtotlgip00","6","FAAt705","BEA_API"
2005,78,"Intellectual property products",149813,"i3gtotlgip00","6","FAAt705","BEA_API"
2006,78,"Intellectual property products",156305,"i3gtotlgip00","6","FAAt705","BEA_API"
2007,78,"Intellectual property products",163693,"i3gtotlgip00","6","FAAt705","BEA_API"
2008,78,"Intellectual property products",170244,"i3gtotlgip00","6","FAAt705","BEA_API"
2009,78,"Intellectual property products",172405,"i3gtotlgip00","6","FAAt705","BEA_API"
2010,78,"Intellectual property products",178308,"i3gtotlgip00","6","FAAt705","BEA_API"
2011,78,"Intellectual property products",181995,"i3gtotlgip00","6","FAAt705","BEA_API"
2012,78,"Intellectual property products",182592,"i3gtotlgip00","6","FAAt705","BEA_API"
2013,78,"Intellectual property products",185018,"i3gtotlgip00","6","FAAt705","BEA_API"
2014,78,"Intellectual property products",185985,"i3gtotlgip00","6","FAAt705","BEA_API"
2015,78,"Intellectual property products",192686,"i3gtotlgip00","6","FAAt705","BEA_API"
2016,78,"Intellectual property products",199597,"i3gtotlgip00","6","FAAt705","BEA_API"
2017,78,"Intellectual property products",212431,"i3gtotlgip00","6","FAAt705","BEA_API"
2018,78,"Intellectual property products",225949,"i3gtotlgip00","6","FAAt705","BEA_API"
2019,78,"Intellectual property products",235952,"i3gtotlgip00","6","FAAt705","BEA_API"
2020,78,"Intellectual property products",262227,"i3gtotlgip00","6","FAAt705","BEA_API"
2021,78,"Intellectual property products",285457,"i3gtotlgip00","6","FAAt705","BEA_API"
2022,78,"Intellectual property products",317600,"i3gtotlgip00","6","FAAt705","BEA_API"
2023,78,"Intellectual property products",323575,"i3gtotlgip00","6","FAAt705","BEA_API"
2024,78,"Intellectual property products",343636,"i3gtotlgip00","6","FAAt705","BEA_API"
1914,79,"Government enterprise fixed assets",130,"i3gtotlees00","6","FAAt705","BEA_API"
1915,79,"Government enterprise fixed assets",157,"i3gtotlees00","6","FAAt705","BEA_API"
1916,79,"Government enterprise fixed assets",152,"i3gtotlees00","6","FAAt705","BEA_API"
1917,79,"Government enterprise fixed assets",151,"i3gtotlees00","6","FAAt705","BEA_API"
1918,79,"Government enterprise fixed assets",141,"i3gtotlees00","6","FAAt705","BEA_API"
1919,79,"Government enterprise fixed assets",172,"i3gtotlees00","6","FAAt705","BEA_API"
1920,79,"Government enterprise fixed assets",211,"i3gtotlees00","6","FAAt705","BEA_API"
1921,79,"Government enterprise fixed assets",235,"i3gtotlees00","6","FAAt705","BEA_API"
1922,79,"Government enterprise fixed assets",271,"i3gtotlees00","6","FAAt705","BEA_API"
1923,79,"Government enterprise fixed assets",276,"i3gtotlees00","6","FAAt705","BEA_API"
1924,79,"Government enterprise fixed assets",361,"i3gtotlees00","6","FAAt705","BEA_API"
1925,79,"Government enterprise fixed assets",438,"i3gtotlees00","6","FAAt705","BEA_API"
1926,79,"Government enterprise fixed assets",444,"i3gtotlees00","6","FAAt705","BEA_API"
1927,79,"Government enterprise fixed assets",557,"i3gtotlees00","6","FAAt705","BEA_API"
1928,79,"Government enterprise fixed assets",509,"i3gtotlees00","6","FAAt705","BEA_API"
1929,79,"Government enterprise fixed assets",541,"i3gtotlees00","6","FAAt705","BEA_API"
1930,79,"Government enterprise fixed assets",642,"i3gtotlees00","6","FAAt705","BEA_API"
1931,79,"Government enterprise fixed assets",627,"i3gtotlees00","6","FAAt705","BEA_API"
1932,79,"Government enterprise fixed assets",426,"i3gtotlees00","6","FAAt705","BEA_API"
1933,79,"Government enterprise fixed assets",273,"i3gtotlees00","6","FAAt705","BEA_API"
1934,79,"Government enterprise fixed assets",373,"i3gtotlees00","6","FAAt705","BEA_API"
1935,79,"Government enterprise fixed assets",396,"i3gtotlees00","6","FAAt705","BEA_API"
1936,79,"Government enterprise fixed assets",826,"i3gtotlees00","6","FAAt705","BEA_API"
1937,79,"Government enterprise fixed assets",706,"i3gtotlees00","6","FAAt705","BEA_API"
1938,79,"Government enterprise fixed assets",816,"i3gtotlees00","6","FAAt705","BEA_API"
1939,79,"Government enterprise fixed assets",967,"i3gtotlees00","6","FAAt705","BEA_API"
1940,79,"Government enterprise fixed assets",921,"i3gtotlees00","6","FAAt705","BEA_API"
1941,79,"Government enterprise fixed assets",768,"i3gtotlees00","6","FAAt705","BEA_API"
1942,79,"Government enterprise fixed assets",569,"i3gtotlees00","6","FAAt705","BEA_API"
1943,79,"Government enterprise fixed assets",265,"i3gtotlees00","6","FAAt705","BEA_API"
1944,79,"Government enterprise fixed assets",275,"i3gtotlees00","6","FAAt705","BEA_API"
1945,79,"Government enterprise fixed assets",344,"i3gtotlees00","6","FAAt705","BEA_API"
1946,79,"Government enterprise fixed assets",506,"i3gtotlees00","6","FAAt705","BEA_API"
1947,79,"Government enterprise fixed assets",903,"i3gtotlees00","6","FAAt705","BEA_API"
1948,79,"Government enterprise fixed assets",1147,"i3gtotlees00","6","FAAt705","BEA_API"
1949,79,"Government enterprise fixed assets",1586,"i3gtotlees00","6","FAAt705","BEA_API"
1950,79,"Government enterprise fixed assets",1693,"i3gtotlees00","6","FAAt705","BEA_API"
1951,79,"Government enterprise fixed assets",2023,"i3gtotlees00","6","FAAt705","BEA_API"
1952,79,"Government enterprise fixed assets",2198,"i3gtotlees00","6","FAAt705","BEA_API"
1953,79,"Government enterprise fixed assets",2026,"i3gtotlees00","6","FAAt705","BEA_API"
1954,79,"Government enterprise fixed assets",2146,"i3gtotlees00","6","FAAt705","BEA_API"
1955,79,"Government enterprise fixed assets",2509,"i3gtotlees00","6","FAAt705","BEA_API"
1956,79,"Government enterprise fixed assets",2789,"i3gtotlees00","6","FAAt705","BEA_API"
1957,79,"Government enterprise fixed assets",2992,"i3gtotlees00","6","FAAt705","BEA_API"
1958,79,"Government enterprise fixed assets",3326,"i3gtotlees00","6","FAAt705","BEA_API"
1959,79,"Government enterprise fixed assets",3650,"i3gtotlees00","6","FAAt705","BEA_API"
1960,79,"Government enterprise fixed assets",3737,"i3gtotlees00","6","FAAt705","BEA_API"
1961,79,"Government enterprise fixed assets",4147,"i3gtotlees00","6","FAAt705","BEA_API"
1962,79,"Government enterprise fixed assets",4404,"i3gtotlees00","6","FAAt705","BEA_API"
1963,79,"Government enterprise fixed assets",4575,"i3gtotlees00","6","FAAt705","BEA_API"
1964,79,"Government enterprise fixed assets",5367,"i3gtotlees00","6","FAAt705","BEA_API"
1965,79,"Government enterprise fixed assets",5712,"i3gtotlees00","6","FAAt705","BEA_API"
1966,79,"Government enterprise fixed assets",5835,"i3gtotlees00","6","FAAt705","BEA_API"
1967,79,"Government enterprise fixed assets",6461,"i3gtotlees00","6","FAAt705","BEA_API"
1968,79,"Government enterprise fixed assets",7472,"i3gtotlees00","6","FAAt705","BEA_API"
1969,79,"Government enterprise fixed assets",7579,"i3gtotlees00","6","FAAt705","BEA_API"
1970,79,"Government enterprise fixed assets",7821,"i3gtotlees00","6","FAAt705","BEA_API"
1971,79,"Government enterprise fixed assets",7867,"i3gtotlees00","6","FAAt705","BEA_API"
1972,79,"Government enterprise fixed assets",8797,"i3gtotlees00","6","FAAt705","BEA_API"
1973,79,"Government enterprise fixed assets",9843,"i3gtotlees00","6","FAAt705","BEA_API"
1974,79,"Government enterprise fixed assets",12179,"i3gtotlees00","6","FAAt705","BEA_API"
1975,79,"Government enterprise fixed assets",13216,"i3gtotlees00","6","FAAt705","BEA_API"
1976,79,"Government enterprise fixed assets",14344,"i3gtotlees00","6","FAAt705","BEA_API"
1977,79,"Government enterprise fixed assets",14409,"i3gtotlees00","6","FAAt705","BEA_API"
1978,79,"Government enterprise fixed assets",17758,"i3gtotlees00","6","FAAt705","BEA_API"
1979,79,"Government enterprise fixed assets",20056,"i3gtotlees00","6","FAAt705","BEA_API"
1980,79,"Government enterprise fixed assets",23760,"i3gtotlees00","6","FAAt705","BEA_API"
1981,79,"Government enterprise fixed assets",26194,"i3gtotlees00","6","FAAt705","BEA_API"
1982,79,"Government enterprise fixed assets",26378,"i3gtotlees00","6","FAAt705","BEA_API"
1983,79,"Government enterprise fixed assets",25444,"i3gtotlees00","6","FAAt705","BEA_API"
1984,79,"Government enterprise fixed assets",27332,"i3gtotlees00","6","FAAt705","BEA_API"
1985,79,"Government enterprise fixed assets",30064,"i3gtotlees00","6","FAAt705","BEA_API"
1986,79,"Government enterprise fixed assets",32208,"i3gtotlees00","6","FAAt705","BEA_API"
1987,79,"Government enterprise fixed assets",34113,"i3gtotlees00","6","FAAt705","BEA_API"
1988,79,"Government enterprise fixed assets",34737,"i3gtotlees00","6","FAAt705","BEA_API"
1989,79,"Government enterprise fixed assets",36187,"i3gtotlees00","6","FAAt705","BEA_API"
1990,79,"Government enterprise fixed assets",39931,"i3gtotlees00","6","FAAt705","BEA_API"
1991,79,"Government enterprise fixed assets",42181,"i3gtotlees00","6","FAAt705","BEA_API"
1992,79,"Government enterprise fixed assets",43898,"i3gtotlees00","6","FAAt705","BEA_API"
1993,79,"Government enterprise fixed assets",43133,"i3gtotlees00","6","FAAt705","BEA_API"
1994,79,"Government enterprise fixed assets",41670,"i3gtotlees00","6","FAAt705","BEA_API"
1995,79,"Government enterprise fixed assets",45867,"i3gtotlees00","6","FAAt705","BEA_API"
1996,79,"Government enterprise fixed assets",53684,"i3gtotlees00","6","FAAt705","BEA_API"
1997,79,"Government enterprise fixed assets",48522,"i3gtotlees00","6","FAAt705","BEA_API"
1998,79,"Government enterprise fixed assets",51661,"i3gtotlees00","6","FAAt705","BEA_API"
1999,79,"Government enterprise fixed assets",56446,"i3gtotlees00","6","FAAt705","BEA_API"
2000,79,"Government enterprise fixed assets",59813,"i3gtotlees00","6","FAAt705","BEA_API"
2001,79,"Government enterprise fixed assets",64238,"i3gtotlees00","6","FAAt705","BEA_API"
2002,79,"Government enterprise fixed assets",70424,"i3gtotlees00","6","FAAt705","BEA_API"
2003,79,"Government enterprise fixed assets",76890,"i3gtotlees00","6","FAAt705","BEA_API"
2004,79,"Government enterprise fixed assets",77984,"i3gtotlees00","6","FAAt705","BEA_API"
2005,79,"Government enterprise fixed assets",77666,"i3gtotlees00","6","FAAt705","BEA_API"
2006,79,"Government enterprise fixed assets",82421,"i3gtotlees00","6","FAAt705","BEA_API"
2007,79,"Government enterprise fixed assets",90598,"i3gtotlees00","6","FAAt705","BEA_API"
2008,79,"Government enterprise fixed assets",97887,"i3gtotlees00","6","FAAt705","BEA_API"
2009,79,"Government enterprise fixed assets",103901,"i3gtotlees00","6","FAAt705","BEA_API"
2010,79,"Government enterprise fixed assets",102807,"i3gtotlees00","6","FAAt705","BEA_API"
2011,79,"Government enterprise fixed assets",99972,"i3gtotlees00","6","FAAt705","BEA_API"
2012,79,"Government enterprise fixed assets",97101,"i3gtotlees00","6","FAAt705","BEA_API"
2013,79,"Government enterprise fixed assets",96852,"i3gtotlees00","6","FAAt705","BEA_API"
2014,79,"Government enterprise fixed assets",101349,"i3gtotlees00","6","FAAt705","BEA_API"
2015,79,"Government enterprise fixed assets",105314,"i3gtotlees00","6","FAAt705","BEA_API"
2016,79,"Government enterprise fixed assets",108650,"i3gtotlees00","6","FAAt705","BEA_API"
2017,79,"Government enterprise fixed assets",118851,"i3gtotlees00","6","FAAt705","BEA_API"
2018,79,"Government enterprise fixed assets",124911,"i3gtotlees00","6","FAAt705","BEA_API"
2019,79,"Government enterprise fixed assets",128819,"i3gtotlees00","6","FAAt705","BEA_API"
2020,79,"Government enterprise fixed assets",129685,"i3gtotlees00","6","FAAt705","BEA_API"
2021,79,"Government enterprise fixed assets",127004,"i3gtotlees00","6","FAAt705","BEA_API"
2022,79,"Government enterprise fixed assets",133623,"i3gtotlees00","6","FAAt705","BEA_API"
2023,79,"Government enterprise fixed assets",152543,"i3gtotlees00","6","FAAt705","BEA_API"
2024,79,"Government enterprise fixed assets",167929,"i3gtotlees00","6","FAAt705","BEA_API"
1914,80,"Equipment",4,"i3gtotleeq00","6","FAAt705","BEA_API"
1915,80,"Equipment",7,"i3gtotleeq00","6","FAAt705","BEA_API"
1916,80,"Equipment",6,"i3gtotleeq00","6","FAAt705","BEA_API"
1917,80,"Equipment",7,"i3gtotleeq00","6","FAAt705","BEA_API"
1918,80,"Equipment",5,"i3gtotleeq00","6","FAAt705","BEA_API"
1919,80,"Equipment",1,"i3gtotleeq00","6","FAAt705","BEA_API"
1920,80,"Equipment",1,"i3gtotleeq00","6","FAAt705","BEA_API"
1921,80,"Equipment",0,"i3gtotleeq00","6","FAAt705","BEA_API"
1922,80,"Equipment",8,"i3gtotleeq00","6","FAAt705","BEA_API"
1923,80,"Equipment",12,"i3gtotleeq00","6","FAAt705","BEA_API"
1924,80,"Equipment",22,"i3gtotleeq00","6","FAAt705","BEA_API"
1925,80,"Equipment",24,"i3gtotleeq00","6","FAAt705","BEA_API"
1926,80,"Equipment",23,"i3gtotleeq00","6","FAAt705","BEA_API"
1927,80,"Equipment",30,"i3gtotleeq00","6","FAAt705","BEA_API"
1928,80,"Equipment",30,"i3gtotleeq00","6","FAAt705","BEA_API"
1929,80,"Equipment",32,"i3gtotleeq00","6","FAAt705","BEA_API"
1930,80,"Equipment",27,"i3gtotleeq00","6","FAAt705","BEA_API"
1931,80,"Equipment",33,"i3gtotleeq00","6","FAAt705","BEA_API"
1932,80,"Equipment",28,"i3gtotleeq00","6","FAAt705","BEA_API"
1933,80,"Equipment",24,"i3gtotleeq00","6","FAAt705","BEA_API"
1934,80,"Equipment",20,"i3gtotleeq00","6","FAAt705","BEA_API"
1935,80,"Equipment",20,"i3gtotleeq00","6","FAAt705","BEA_API"
1936,80,"Equipment",20,"i3gtotleeq00","6","FAAt705","BEA_API"
1937,80,"Equipment",28,"i3gtotleeq00","6","FAAt705","BEA_API"
1938,80,"Equipment",30,"i3gtotleeq00","6","FAAt705","BEA_API"
1939,80,"Equipment",34,"i3gtotleeq00","6","FAAt705","BEA_API"
1940,80,"Equipment",30,"i3gtotleeq00","6","FAAt705","BEA_API"
1941,80,"Equipment",59,"i3gtotleeq00","6","FAAt705","BEA_API"
1942,80,"Equipment",93,"i3gtotleeq00","6","FAAt705","BEA_API"
1943,80,"Equipment",39,"i3gtotleeq00","6","FAAt705","BEA_API"
1944,80,"Equipment",21,"i3gtotleeq00","6","FAAt705","BEA_API"
1945,80,"Equipment",24,"i3gtotleeq00","6","FAAt705","BEA_API"
1946,80,"Equipment",39,"i3gtotleeq00","6","FAAt705","BEA_API"
1947,80,"Equipment",68,"i3gtotleeq00","6","FAAt705","BEA_API"
1948,80,"Equipment",89,"i3gtotleeq00","6","FAAt705","BEA_API"
1949,80,"Equipment",114,"i3gtotleeq00","6","FAAt705","BEA_API"
1950,80,"Equipment",180,"i3gtotleeq00","6","FAAt705","BEA_API"
1951,80,"Equipment",213,"i3gtotleeq00","6","FAAt705","BEA_API"
1952,80,"Equipment",332,"i3gtotleeq00","6","FAAt705","BEA_API"
1953,80,"Equipment",222,"i3gtotleeq00","6","FAAt705","BEA_API"
1954,80,"Equipment",170,"i3gtotleeq00","6","FAAt705","BEA_API"
1955,80,"Equipment",159,"i3gtotleeq00","6","FAAt705","BEA_API"
1956,80,"Equipment",191,"i3gtotleeq00","6","FAAt705","BEA_API"
1957,80,"Equipment",246,"i3gtotleeq00","6","FAAt705","BEA_API"
1958,80,"Equipment",262,"i3gtotleeq00","6","FAAt705","BEA_API"
1959,80,"Equipment",282,"i3gtotleeq00","6","FAAt705","BEA_API"
1960,80,"Equipment",374,"i3gtotleeq00","6","FAAt705","BEA_API"
1961,80,"Equipment",389,"i3gtotleeq00","6","FAAt705","BEA_API"
1962,80,"Equipment",312,"i3gtotleeq00","6","FAAt705","BEA_API"
1963,80,"Equipment",372,"i3gtotleeq00","6","FAAt705","BEA_API"
1964,80,"Equipment",332,"i3gtotleeq00","6","FAAt705","BEA_API"
1965,80,"Equipment",313,"i3gtotleeq00","6","FAAt705","BEA_API"
1966,80,"Equipment",421,"i3gtotleeq00","6","FAAt705","BEA_API"
1967,80,"Equipment",477,"i3gtotleeq00","6","FAAt705","BEA_API"
1968,80,"Equipment",575,"i3gtotleeq00","6","FAAt705","BEA_API"
1969,80,"Equipment",662,"i3gtotleeq00","6","FAAt705","BEA_API"
1970,80,"Equipment",761,"i3gtotleeq00","6","FAAt705","BEA_API"
1971,80,"Equipment",864,"i3gtotleeq00","6","FAAt705","BEA_API"
1972,80,"Equipment",1272,"i3gtotleeq00","6","FAAt705","BEA_API"
1973,80,"Equipment",1302,"i3gtotleeq00","6","FAAt705","BEA_API"
1974,80,"Equipment",1550,"i3gtotleeq00","6","FAAt705","BEA_API"
1975,80,"Equipment",1716,"i3gtotleeq00","6","FAAt705","BEA_API"
1976,80,"Equipment",1743,"i3gtotleeq00","6","FAAt705","BEA_API"
1977,80,"Equipment",1688,"i3gtotleeq00","6","FAAt705","BEA_API"
1978,80,"Equipment",2002,"i3gtotleeq00","6","FAAt705","BEA_API"
1979,80,"Equipment",2173,"i3gtotleeq00","6","FAAt705","BEA_API"
1980,80,"Equipment",2541,"i3gtotleeq00","6","FAAt705","BEA_API"
1981,80,"Equipment",2647,"i3gtotleeq00","6","FAAt705","BEA_API"
1982,80,"Equipment",3215,"i3gtotleeq00","6","FAAt705","BEA_API"
1983,80,"Equipment",3431,"i3gtotleeq00","6","FAAt705","BEA_API"
1984,80,"Equipment",4107,"i3gtotleeq00","6","FAAt705","BEA_API"
1985,80,"Equipment",4539,"i3gtotleeq00","6","FAAt705","BEA_API"
1986,80,"Equipment",4696,"i3gtotleeq00","6","FAAt705","BEA_API"
1987,80,"Equipment",4609,"i3gtotleeq00","6","FAAt705","BEA_API"
1988,80,"Equipment",4937,"i3gtotleeq00","6","FAAt705","BEA_API"
1989,80,"Equipment",5815,"i3gtotleeq00","6","FAAt705","BEA_API"
1990,80,"Equipment",6250,"i3gtotleeq00","6","FAAt705","BEA_API"
1991,80,"Equipment",6463,"i3gtotleeq00","6","FAAt705","BEA_API"
1992,80,"Equipment",7909,"i3gtotleeq00","6","FAAt705","BEA_API"
1993,80,"Equipment",8136,"i3gtotleeq00","6","FAAt705","BEA_API"
1994,80,"Equipment",6878,"i3gtotleeq00","6","FAAt705","BEA_API"
1995,80,"Equipment",7929,"i3gtotleeq00","6","FAAt705","BEA_API"
1996,80,"Equipment",7766,"i3gtotleeq00","6","FAAt705","BEA_API"
1997,80,"Equipment",7408,"i3gtotleeq00","6","FAAt705","BEA_API"
1998,80,"Equipment",9153,"i3gtotleeq00","6","FAAt705","BEA_API"
1999,80,"Equipment",10163,"i3gtotleeq00","6","FAAt705","BEA_API"
2000,80,"Equipment",9140,"i3gtotleeq00","6","FAAt705","BEA_API"
2001,80,"Equipment",8629,"i3gtotleeq00","6","FAAt705","BEA_API"
2002,80,"Equipment",10768,"i3gtotleeq00","6","FAAt705","BEA_API"
2003,80,"Equipment",12895,"i3gtotleeq00","6","FAAt705","BEA_API"
2004,80,"Equipment",12673,"i3gtotleeq00","6","FAAt705","BEA_API"
2005,80,"Equipment",12566,"i3gtotleeq00","6","FAAt705","BEA_API"
2006,80,"Equipment",12345,"i3gtotleeq00","6","FAAt705","BEA_API"
2007,80,"Equipment",12023,"i3gtotleeq00","6","FAAt705","BEA_API"
2008,80,"Equipment",14659,"i3gtotleeq00","6","FAAt705","BEA_API"
2009,80,"Equipment",15569,"i3gtotleeq00","6","FAAt705","BEA_API"
2010,80,"Equipment",14397,"i3gtotleeq00","6","FAAt705","BEA_API"
2011,80,"Equipment",13945,"i3gtotleeq00","6","FAAt705","BEA_API"
2012,80,"Equipment",14571,"i3gtotleeq00","6","FAAt705","BEA_API"
2013,80,"Equipment",13928,"i3gtotleeq00","6","FAAt705","BEA_API"
2014,80,"Equipment",13541,"i3gtotleeq00","6","FAAt705","BEA_API"
2015,80,"Equipment",14997,"i3gtotleeq00","6","FAAt705","BEA_API"
2016,80,"Equipment",15857,"i3gtotleeq00","6","FAAt705","BEA_API"
2017,80,"Equipment",18467,"i3gtotleeq00","6","FAAt705","BEA_API"
2018,80,"Equipment",18959,"i3gtotleeq00","6","FAAt705","BEA_API"
2019,80,"Equipment",17992,"i3gtotleeq00","6","FAAt705","BEA_API"
2020,80,"Equipment",17985,"i3gtotleeq00","6","FAAt705","BEA_API"
2021,80,"Equipment",18497,"i3gtotleeq00","6","FAAt705","BEA_API"
2022,80,"Equipment",21250,"i3gtotleeq00","6","FAAt705","BEA_API"
2023,80,"Equipment",24151,"i3gtotleeq00","6","FAAt705","BEA_API"
2024,80,"Equipment",25704,"i3gtotleeq00","6","FAAt705","BEA_API"
1901,81,"Structures",57,"i3gtotlest00","6","FAAt705","BEA_API"
1902,81,"Structures",50,"i3gtotlest00","6","FAAt705","BEA_API"
1903,81,"Structures",67,"i3gtotlest00","6","FAAt705","BEA_API"
1904,81,"Structures",65,"i3gtotlest00","6","FAAt705","BEA_API"
1905,81,"Structures",68,"i3gtotlest00","6","FAAt705","BEA_API"
1906,81,"Structures",72,"i3gtotlest00","6","FAAt705","BEA_API"
1907,81,"Structures",86,"i3gtotlest00","6","FAAt705","BEA_API"
1908,81,"Structures",105,"i3gtotlest00","6","FAAt705","BEA_API"
1909,81,"Structures",95,"i3gtotlest00","6","FAAt705","BEA_API"
1910,81,"Structures",104,"i3gtotlest00","6","FAAt705","BEA_API"
1911,81,"Structures",116,"i3gtotlest00","6","FAAt705","BEA_API"
1912,81,"Structures",112,"i3gtotlest00","6","FAAt705","BEA_API"
1913,81,"Structures",121,"i3gtotlest00","6","FAAt705","BEA_API"
1914,81,"Structures",127,"i3gtotlest00","6","FAAt705","BEA_API"
1915,81,"Structures",150,"i3gtotlest00","6","FAAt705","BEA_API"
1916,81,"Structures",147,"i3gtotlest00","6","FAAt705","BEA_API"
1917,81,"Structures",144,"i3gtotlest00","6","FAAt705","BEA_API"
1918,81,"Structures",136,"i3gtotlest00","6","FAAt705","BEA_API"
1919,81,"Structures",171,"i3gtotlest00","6","FAAt705","BEA_API"
1920,81,"Structures",210,"i3gtotlest00","6","FAAt705","BEA_API"
1921,81,"Structures",235,"i3gtotlest00","6","FAAt705","BEA_API"
1922,81,"Structures",263,"i3gtotlest00","6","FAAt705","BEA_API"
1923,81,"Structures",264,"i3gtotlest00","6","FAAt705","BEA_API"
1924,81,"Structures",340,"i3gtotlest00","6","FAAt705","BEA_API"
1925,81,"Structures",414,"i3gtotlest00","6","FAAt705","BEA_API"
1926,81,"Structures",421,"i3gtotlest00","6","FAAt705","BEA_API"
1927,81,"Structures",527,"i3gtotlest00","6","FAAt705","BEA_API"
1928,81,"Structures",480,"i3gtotlest00","6","FAAt705","BEA_API"
1929,81,"Structures",509,"i3gtotlest00","6","FAAt705","BEA_API"
1930,81,"Structures",615,"i3gtotlest00","6","FAAt705","BEA_API"
1931,81,"Structures",594,"i3gtotlest00","6","FAAt705","BEA_API"
1932,81,"Structures",398,"i3gtotlest00","6","FAAt705","BEA_API"
1933,81,"Structures",249,"i3gtotlest00","6","FAAt705","BEA_API"
1934,81,"Structures",353,"i3gtotlest00","6","FAAt705","BEA_API"
1935,81,"Structures",376,"i3gtotlest00","6","FAAt705","BEA_API"
1936,81,"Structures",806,"i3gtotlest00","6","FAAt705","BEA_API"
1937,81,"Structures",678,"i3gtotlest00","6","FAAt705","BEA_API"
1938,81,"Structures",786,"i3gtotlest00","6","FAAt705","BEA_API"
1939,81,"Structures",933,"i3gtotlest00","6","FAAt705","BEA_API"
1940,81,"Structures",891,"i3gtotlest00","6","FAAt705","BEA_API"
1941,81,"Structures",710,"i3gtotlest00","6","FAAt705","BEA_API"
1942,81,"Structures",476,"i3gtotlest00","6","FAAt705","BEA_API"
1943,81,"Structures",226,"i3gtotlest00","6","FAAt705","BEA_API"
1944,81,"Structures",254,"i3gtotlest00","6","FAAt705","BEA_API"
1945,81,"Structures",320,"i3gtotlest00","6","FAAt705","BEA_API"
1946,81,"Structures",468,"i3gtotlest00","6","FAAt705","BEA_API"
1947,81,"Structures",836,"i3gtotlest00","6","FAAt705","BEA_API"
1948,81,"Structures",1057,"i3gtotlest00","6","FAAt705","BEA_API"
1949,81,"Structures",1472,"i3gtotlest00","6","FAAt705","BEA_API"
1950,81,"Structures",1513,"i3gtotlest00","6","FAAt705","BEA_API"
1951,81,"Structures",1810,"i3gtotlest00","6","FAAt705","BEA_API"
1952,81,"Structures",1867,"i3gtotlest00","6","FAAt705","BEA_API"
1953,81,"Structures",1805,"i3gtotlest00","6","FAAt705","BEA_API"
1954,81,"Structures",1976,"i3gtotlest00","6","FAAt705","BEA_API"
1955,81,"Structures",2351,"i3gtotlest00","6","FAAt705","BEA_API"
1956,81,"Structures",2597,"i3gtotlest00","6","FAAt705","BEA_API"
1957,81,"Structures",2746,"i3gtotlest00","6","FAAt705","BEA_API"
1958,81,"Structures",3064,"i3gtotlest00","6","FAAt705","BEA_API"
1959,81,"Structures",3367,"i3gtotlest00","6","FAAt705","BEA_API"
1960,81,"Structures",3354,"i3gtotlest00","6","FAAt705","BEA_API"
1961,81,"Structures",3737,"i3gtotlest00","6","FAAt705","BEA_API"
1962,81,"Structures",4084,"i3gtotlest00","6","FAAt705","BEA_API"
1963,81,"Structures",4193,"i3gtotlest00","6","FAAt705","BEA_API"
1964,81,"Structures",5025,"i3gtotlest00","6","FAAt705","BEA_API"
1965,81,"Structures",5373,"i3gtotlest00","6","FAAt705","BEA_API"
1966,81,"Structures",5397,"i3gtotlest00","6","FAAt705","BEA_API"
1967,81,"Structures",5961,"i3gtotlest00","6","FAAt705","BEA_API"
1968,81,"Structures",6862,"i3gtotlest00","6","FAAt705","BEA_API"
1969,81,"Structures",6866,"i3gtotlest00","6","FAAt705","BEA_API"
1970,81,"Structures",6986,"i3gtotlest00","6","FAAt705","BEA_API"
1971,81,"Structures",6919,"i3gtotlest00","6","FAAt705","BEA_API"
1972,81,"Structures",7434,"i3gtotlest00","6","FAAt705","BEA_API"
1973,81,"Structures",8429,"i3gtotlest00","6","FAAt705","BEA_API"
1974,81,"Structures",10479,"i3gtotlest00","6","FAAt705","BEA_API"
1975,81,"Structures",11321,"i3gtotlest00","6","FAAt705","BEA_API"
1976,81,"Structures",12411,"i3gtotlest00","6","FAAt705","BEA_API"
1977,81,"Structures",12514,"i3gtotlest00","6","FAAt705","BEA_API"
1978,81,"Structures",15515,"i3gtotlest00","6","FAAt705","BEA_API"
1979,81,"Structures",17579,"i3gtotlest00","6","FAAt705","BEA_API"
1980,81,"Structures",20840,"i3gtotlest00","6","FAAt705","BEA_API"
1981,81,"Structures",23078,"i3gtotlest00","6","FAAt705","BEA_API"
1982,81,"Structures",22660,"i3gtotlest00","6","FAAt705","BEA_API"
1983,81,"Structures",21470,"i3gtotlest00","6","FAAt705","BEA_API"
1984,81,"Structures",22611,"i3gtotlest00","6","FAAt705","BEA_API"
1985,81,"Structures",24884,"i3gtotlest00","6","FAAt705","BEA_API"
1986,81,"Structures",26838,"i3gtotlest00","6","FAAt705","BEA_API"
1987,81,"Structures",28825,"i3gtotlest00","6","FAAt705","BEA_API"
1988,81,"Structures",29034,"i3gtotlest00","6","FAAt705","BEA_API"
1989,81,"Structures",29413,"i3gtotlest00","6","FAAt705","BEA_API"
1990,81,"Structures",32579,"i3gtotlest00","6","FAAt705","BEA_API"
1991,81,"Structures",34410,"i3gtotlest00","6","FAAt705","BEA_API"
1992,81,"Structures",34490,"i3gtotlest00","6","FAAt705","BEA_API"
1993,81,"Structures",33348,"i3gtotlest00","6","FAAt705","BEA_API"
1994,81,"Structures",33153,"i3gtotlest00","6","FAAt705","BEA_API"
1995,81,"Structures",36382,"i3gtotlest00","6","FAAt705","BEA_API"
1996,81,"Structures",44349,"i3gtotlest00","6","FAAt705","BEA_API"
1997,81,"Structures",39502,"i3gtotlest00","6","FAAt705","BEA_API"
1998,81,"Structures",40550,"i3gtotlest00","6","FAAt705","BEA_API"
1999,81,"Structures",44112,"i3gtotlest00","6","FAAt705","BEA_API"
2000,81,"Structures",48171,"i3gtotlest00","6","FAAt705","BEA_API"
2001,81,"Structures",53100,"i3gtotlest00","6","FAAt705","BEA_API"
2002,81,"Structures",57311,"i3gtotlest00","6","FAAt705","BEA_API"
2003,81,"Structures",61644,"i3gtotlest00","6","FAAt705","BEA_API"
2004,81,"Structures",62838,"i3gtotlest00","6","FAAt705","BEA_API"
2005,81,"Structures",62492,"i3gtotlest00","6","FAAt705","BEA_API"
2006,81,"Structures",67313,"i3gtotlest00","6","FAAt705","BEA_API"
2007,81,"Structures",75616,"i3gtotlest00","6","FAAt705","BEA_API"
2008,81,"Structures",80056,"i3gtotlest00","6","FAAt705","BEA_API"
2009,81,"Structures",85201,"i3gtotlest00","6","FAAt705","BEA_API"
2010,81,"Structures",85126,"i3gtotlest00","6","FAAt705","BEA_API"
2011,81,"Structures",82567,"i3gtotlest00","6","FAAt705","BEA_API"
2012,81,"Structures",78964,"i3gtotlest00","6","FAAt705","BEA_API"
2013,81,"Structures",78734,"i3gtotlest00","6","FAAt705","BEA_API"
2014,81,"Structures",83453,"i3gtotlest00","6","FAAt705","BEA_API"
2015,81,"Structures",85908,"i3gtotlest00","6","FAAt705","BEA_API"
2016,81,"Structures",87951,"i3gtotlest00","6","FAAt705","BEA_API"
2017,81,"Structures",95070,"i3gtotlest00","6","FAAt705","BEA_API"
2018,81,"Structures",100044,"i3gtotlest00","6","FAAt705","BEA_API"
2019,81,"Structures",103553,"i3gtotlest00","6","FAAt705","BEA_API"
2020,81,"Structures",103949,"i3gtotlest00","6","FAAt705","BEA_API"
2021,81,"Structures",99806,"i3gtotlest00","6","FAAt705","BEA_API"
2022,81,"Structures",102683,"i3gtotlest00","6","FAAt705","BEA_API"
2023,81,"Structures",118013,"i3gtotlest00","6","FAAt705","BEA_API"
2024,81,"Structures",131033,"i3gtotlest00","6","FAAt705","BEA_API"
1959,82,"Intellectual property products",1,"i3gtotleip00","6","FAAt705","BEA_API"
1960,82,"Intellectual property products",9,"i3gtotleip00","6","FAAt705","BEA_API"
1961,82,"Intellectual property products",21,"i3gtotleip00","6","FAAt705","BEA_API"
1962,82,"Intellectual property products",8,"i3gtotleip00","6","FAAt705","BEA_API"
1963,82,"Intellectual property products",10,"i3gtotleip00","6","FAAt705","BEA_API"
1964,82,"Intellectual property products",10,"i3gtotleip00","6","FAAt705","BEA_API"
1965,82,"Intellectual property products",26,"i3gtotleip00","6","FAAt705","BEA_API"
1966,82,"Intellectual property products",17,"i3gtotleip00","6","FAAt705","BEA_API"
1967,82,"Intellectual property products",23,"i3gtotleip00","6","FAAt705","BEA_API"
1968,82,"Intellectual property products",35,"i3gtotleip00","6","FAAt705","BEA_API"
1969,82,"Intellectual property products",51,"i3gtotleip00","6","FAAt705","BEA_API"
1970,82,"Intellectual property products",74,"i3gtotleip00","6","FAAt705","BEA_API"
1971,82,"Intellectual property products",84,"i3gtotleip00","6","FAAt705","BEA_API"
1972,82,"Intellectual property products",91,"i3gtotleip00","6","FAAt705","BEA_API"
1973,82,"Intellectual property products",112,"i3gtotleip00","6","FAAt705","BEA_API"
1974,82,"Intellectual property products",149,"i3gtotleip00","6","FAAt705","BEA_API"
1975,82,"Intellectual property products",179,"i3gtotleip00","6","FAAt705","BEA_API"
1976,82,"Intellectual property products",191,"i3gtotleip00","6","FAAt705","BEA_API"
1977,82,"Intellectual property products",208,"i3gtotleip00","6","FAAt705","BEA_API"
1978,82,"Intellectual property products",241,"i3gtotleip00","6","FAAt705","BEA_API"
1979,82,"Intellectual property products",304,"i3gtotleip00","6","FAAt705","BEA_API"
1980,82,"Intellectual property products",379,"i3gtotleip00","6","FAAt705","BEA_API"
1981,82,"Intellectual property products",469,"i3gtotleip00","6","FAAt705","BEA_API"
1982,82,"Intellectual property products",503,"i3gtotleip00","6","FAAt705","BEA_API"
1983,82,"Intellectual property products",542,"i3gtotleip00","6","FAAt705","BEA_API"
1984,82,"Intellectual property products",614,"i3gtotleip00","6","FAAt705","BEA_API"
1985,82,"Intellectual property products",641,"i3gtotleip00","6","FAAt705","BEA_API"
1986,82,"Intellectual property products",673,"i3gtotleip00","6","FAAt705","BEA_API"
1987,82,"Intellectual property products",679,"i3gtotleip00","6","FAAt705","BEA_API"
1988,82,"Intellectual property products",767,"i3gtotleip00","6","FAAt705","BEA_API"
1989,82,"Intellectual property products",959,"i3gtotleip00","6","FAAt705","BEA_API"
1990,82,"Intellectual property products",1102,"i3gtotleip00","6","FAAt705","BEA_API"
1991,82,"Intellectual property products",1308,"i3gtotleip00","6","FAAt705","BEA_API"
1992,82,"Intellectual property products",1500,"i3gtotleip00","6","FAAt705","BEA_API"
1993,82,"Intellectual property products",1649,"i3gtotleip00","6","FAAt705","BEA_API"
1994,82,"Intellectual property products",1639,"i3gtotleip00","6","FAAt705","BEA_API"
1995,82,"Intellectual property products",1556,"i3gtotleip00","6","FAAt705","BEA_API"
1996,82,"Intellectual property products",1569,"i3gtotleip00","6","FAAt705","BEA_API"
1997,82,"Intellectual property products",1611,"i3gtotleip00","6","FAAt705","BEA_API"
1998,82,"Intellectual property products",1958,"i3gtotleip00","6","FAAt705","BEA_API"
1999,82,"Intellectual property products",2171,"i3gtotleip00","6","FAAt705","BEA_API"
2000,82,"Intellectual property products",2502,"i3gtotleip00","6","FAAt705","BEA_API"
2001,82,"Intellectual property products",2509,"i3gtotleip00","6","FAAt705","BEA_API"
2002,82,"Intellectual property products",2345,"i3gtotleip00","6","FAAt705","BEA_API"
2003,82,"Intellectual property products",2351,"i3gtotleip00","6","FAAt705","BEA_API"
2004,82,"Intellectual property products",2473,"i3gtotleip00","6","FAAt705","BEA_API"
2005,82,"Intellectual property products",2608,"i3gtotleip00","6","FAAt705","BEA_API"
2006,82,"Intellectual property products",2762,"i3gtotleip00","6","FAAt705","BEA_API"
2007,82,"Intellectual property products",2959,"i3gtotleip00","6","FAAt705","BEA_API"
2008,82,"Intellectual property products",3172,"i3gtotleip00","6","FAAt705","BEA_API"
2009,82,"Intellectual property products",3131,"i3gtotleip00","6","FAAt705","BEA_API"
2010,82,"Intellectual property products",3284,"i3gtotleip00","6","FAAt705","BEA_API"
2011,82,"Intellectual property products",3460,"i3gtotleip00","6","FAAt705","BEA_API"
2012,82,"Intellectual property products",3566,"i3gtotleip00","6","FAAt705","BEA_API"
2013,82,"Intellectual property products",4190,"i3gtotleip00","6","FAAt705","BEA_API"
2014,82,"Intellectual property products",4355,"i3gtotleip00","6","FAAt705","BEA_API"
2015,82,"Intellectual property products",4409,"i3gtotleip00","6","FAAt705","BEA_API"
2016,82,"Intellectual property products",4841,"i3gtotleip00","6","FAAt705","BEA_API"
2017,82,"Intellectual property products",5314,"i3gtotleip00","6","FAAt705","BEA_API"
2018,82,"Intellectual property products",5907,"i3gtotleip00","6","FAAt705","BEA_API"
2019,82,"Intellectual property products",7274,"i3gtotleip00","6","FAAt705","BEA_API"
2020,82,"Intellectual property products",7752,"i3gtotleip00","6","FAAt705","BEA_API"
2021,82,"Intellectual property products",8700,"i3gtotleip00","6","FAAt705","BEA_API"
2022,82,"Intellectual property products",9689,"i3gtotleip00","6","FAAt705","BEA_API"
2023,82,"Intellectual property products",10379,"i3gtotleip00","6","FAAt705","BEA_API"
2024,82,"Intellectual property products",11192,"i3gtotleip00","6","FAAt705","BEA_API"
1914,83,"Government nonresidential fixed assets",620,"i3gtotl1esnr","6","FAAt705","BEA_API"
1915,83,"Government nonresidential fixed assets",786,"i3gtotl1esnr","6","FAAt705","BEA_API"
1916,83,"Government nonresidential fixed assets",767,"i3gtotl1esnr","6","FAAt705","BEA_API"
1917,83,"Government nonresidential fixed assets",2187,"i3gtotl1esnr","6","FAAt705","BEA_API"
1918,83,"Government nonresidential fixed assets",4963,"i3gtotl1esnr","6","FAAt705","BEA_API"
1919,83,"Government nonresidential fixed assets",2231,"i3gtotl1esnr","6","FAAt705","BEA_API"
1920,83,"Government nonresidential fixed assets",1474,"i3gtotl1esnr","6","FAAt705","BEA_API"
1921,83,"Government nonresidential fixed assets",1624,"i3gtotl1esnr","6","FAAt705","BEA_API"
1922,83,"Government nonresidential fixed assets",1799,"i3gtotl1esnr","6","FAAt705","BEA_API"
1923,83,"Government nonresidential fixed assets",1799,"i3gtotl1esnr","6","FAAt705","BEA_API"
1924,83,"Government nonresidential fixed assets",2097,"i3gtotl1esnr","6","FAAt705","BEA_API"
1925,83,"Government nonresidential fixed assets",2356,"i3gtotl1esnr","6","FAAt705","BEA_API"
1926,83,"Government nonresidential fixed assets",2371,"i3gtotl1esnr","6","FAAt705","BEA_API"
1927,83,"Government nonresidential fixed assets",2696,"i3gtotl1esnr","6","FAAt705","BEA_API"
1928,83,"Government nonresidential fixed assets",2778,"i3gtotl1esnr","6","FAAt705","BEA_API"
1929,83,"Government nonresidential fixed assets",2897,"i3gtotl1esnr","6","FAAt705","BEA_API"
1930,83,"Government nonresidential fixed assets",3251,"i3gtotl1esnr","6","FAAt705","BEA_API"
1931,83,"Government nonresidential fixed assets",3085,"i3gtotl1esnr","6","FAAt705","BEA_API"
1932,83,"Government nonresidential fixed assets",2262,"i3gtotl1esnr","6","FAAt705","BEA_API"
1933,83,"Government nonresidential fixed assets",2029,"i3gtotl1esnr","6","FAAt705","BEA_API"
1934,83,"Government nonresidential fixed assets",2650,"i3gtotl1esnr","6","FAAt705","BEA_API"
1935,83,"Government nonresidential fixed assets",2825,"i3gtotl1esnr","6","FAAt705","BEA_API"
1936,83,"Government nonresidential fixed assets",4148,"i3gtotl1esnr","6","FAAt705","BEA_API"
1937,83,"Government nonresidential fixed assets",3783,"i3gtotl1esnr","6","FAAt705","BEA_API"
1938,83,"Government nonresidential fixed assets",4245,"i3gtotl1esnr","6","FAAt705","BEA_API"
1939,83,"Government nonresidential fixed assets",4552,"i3gtotl1esnr","6","FAAt705","BEA_API"
1940,83,"Government nonresidential fixed assets",4239,"i3gtotl1esnr","6","FAAt705","BEA_API"
1941,83,"Government nonresidential fixed assets",10316,"i3gtotl1esnr","6","FAAt705","BEA_API"
1942,83,"Government nonresidential fixed assets",28388,"i3gtotl1esnr","6","FAAt705","BEA_API"
1943,83,"Government nonresidential fixed assets",39096,"i3gtotl1esnr","6","FAAt705","BEA_API"
1944,83,"Government nonresidential fixed assets",38009,"i3gtotl1esnr","6","FAAt705","BEA_API"
1945,83,"Government nonresidential fixed assets",25253,"i3gtotl1esnr","6","FAAt705","BEA_API"
1946,83,"Government nonresidential fixed assets",4331,"i3gtotl1esnr","6","FAAt705","BEA_API"
1947,83,"Government nonresidential fixed assets",5466,"i3gtotl1esnr","6","FAAt705","BEA_API"
1948,83,"Government nonresidential fixed assets",8306,"i3gtotl1esnr","6","FAAt705","BEA_API"
1949,83,"Government nonresidential fixed assets",10971,"i3gtotl1esnr","6","FAAt705","BEA_API"
1950,83,"Government nonresidential fixed assets",11094,"i3gtotl1esnr","6","FAAt705","BEA_API"
1951,83,"Government nonresidential fixed assets",18926,"i3gtotl1esnr","6","FAAt705","BEA_API"
1952,83,"Government nonresidential fixed assets",23944,"i3gtotl1esnr","6","FAAt705","BEA_API"
1953,83,"Government nonresidential fixed assets",25924,"i3gtotl1esnr","6","FAAt705","BEA_API"
1954,83,"Government nonresidential fixed assets",25024,"i3gtotl1esnr","6","FAAt705","BEA_API"
1955,83,"Government nonresidential fixed assets",24319,"i3gtotl1esnr","6","FAAt705","BEA_API"
1956,83,"Government nonresidential fixed assets",26919,"i3gtotl1esnr","6","FAAt705","BEA_API"
1957,83,"Government nonresidential fixed assets",29683,"i3gtotl1esnr","6","FAAt705","BEA_API"
1958,83,"Government nonresidential fixed assets",31732,"i3gtotl1esnr","6","FAAt705","BEA_API"
1959,83,"Government nonresidential fixed assets",34901,"i3gtotl1esnr","6","FAAt705","BEA_API"
1960,83,"Government nonresidential fixed assets",35217,"i3gtotl1esnr","6","FAAt705","BEA_API"
1961,83,"Government nonresidential fixed assets",38905,"i3gtotl1esnr","6","FAAt705","BEA_API"
1962,83,"Government nonresidential fixed assets",41553,"i3gtotl1esnr","6","FAAt705","BEA_API"
1963,83,"Government nonresidential fixed assets",43835,"i3gtotl1esnr","6","FAAt705","BEA_API"
1964,83,"Government nonresidential fixed assets",45752,"i3gtotl1esnr","6","FAAt705","BEA_API"
1965,83,"Government nonresidential fixed assets",47201,"i3gtotl1esnr","6","FAAt705","BEA_API"
1966,83,"Government nonresidential fixed assets",52832,"i3gtotl1esnr","6","FAAt705","BEA_API"
1967,83,"Government nonresidential fixed assets",56814,"i3gtotl1esnr","6","FAAt705","BEA_API"
1968,83,"Government nonresidential fixed assets",58258,"i3gtotl1esnr","6","FAAt705","BEA_API"
1969,83,"Government nonresidential fixed assets",58249,"i3gtotl1esnr","6","FAAt705","BEA_API"
1970,83,"Government nonresidential fixed assets",58343,"i3gtotl1esnr","6","FAAt705","BEA_API"
1971,83,"Government nonresidential fixed assets",56831,"i3gtotl1esnr","6","FAAt705","BEA_API"
1972,83,"Government nonresidential fixed assets",59241,"i3gtotl1esnr","6","FAAt705","BEA_API"
1973,83,"Government nonresidential fixed assets",64190,"i3gtotl1esnr","6","FAAt705","BEA_API"
1974,83,"Government nonresidential fixed assets",74552,"i3gtotl1esnr","6","FAAt705","BEA_API"
1975,83,"Government nonresidential fixed assets",82203,"i3gtotl1esnr","6","FAAt705","BEA_API"
1976,83,"Government nonresidential fixed assets",87361,"i3gtotl1esnr","6","FAAt705","BEA_API"
1977,83,"Government nonresidential fixed assets",90614,"i3gtotl1esnr","6","FAAt705","BEA_API"
1978,83,"Government nonresidential fixed assets",102524,"i3gtotl1esnr","6","FAAt705","BEA_API"
1979,83,"Government nonresidential fixed assets",116683,"i3gtotl1esnr","6","FAAt705","BEA_API"
1980,83,"Government nonresidential fixed assets",131892,"i3gtotl1esnr","6","FAAt705","BEA_API"
1981,83,"Government nonresidential fixed assets",143838,"i3gtotl1esnr","6","FAAt705","BEA_API"
1982,83,"Government nonresidential fixed assets",153542,"i3gtotl1esnr","6","FAAt705","BEA_API"
1983,83,"Government nonresidential fixed assets",166776,"i3gtotl1esnr","6","FAAt705","BEA_API"
1984,83,"Government nonresidential fixed assets",188898,"i3gtotl1esnr","6","FAAt705","BEA_API"
1985,83,"Government nonresidential fixed assets",214709,"i3gtotl1esnr","6","FAAt705","BEA_API"
1986,83,"Government nonresidential fixed assets",232922,"i3gtotl1esnr","6","FAAt705","BEA_API"
1987,83,"Government nonresidential fixed assets",248991,"i3gtotl1esnr","6","FAAt705","BEA_API"
1988,83,"Government nonresidential fixed assets",252878,"i3gtotl1esnr","6","FAAt705","BEA_API"
1989,83,"Government nonresidential fixed assets",265187,"i3gtotl1esnr","6","FAAt705","BEA_API"
1990,83,"Government nonresidential fixed assets",284568,"i3gtotl1esnr","6","FAAt705","BEA_API"
1991,83,"Government nonresidential fixed assets",288947,"i3gtotl1esnr","6","FAAt705","BEA_API"
1992,83,"Government nonresidential fixed assets",289766,"i3gtotl1esnr","6","FAAt705","BEA_API"
1993,83,"Government nonresidential fixed assets",285620,"i3gtotl1esnr","6","FAAt705","BEA_API"
1994,83,"Government nonresidential fixed assets",288786,"i3gtotl1esnr","6","FAAt705","BEA_API"
1995,83,"Government nonresidential fixed assets",303703,"i3gtotl1esnr","6","FAAt705","BEA_API"
1996,83,"Government nonresidential fixed assets",321586,"i3gtotl1esnr","6","FAAt705","BEA_API"
1997,83,"Government nonresidential fixed assets",320718,"i3gtotl1esnr","6","FAAt705","BEA_API"
1998,83,"Government nonresidential fixed assets",338092,"i3gtotl1esnr","6","FAAt705","BEA_API"
1999,83,"Government nonresidential fixed assets",362386,"i3gtotl1esnr","6","FAAt705","BEA_API"
2000,83,"Government nonresidential fixed assets",382923,"i3gtotl1esnr","6","FAAt705","BEA_API"
2001,83,"Government nonresidential fixed assets",405245,"i3gtotl1esnr","6","FAAt705","BEA_API"
2002,83,"Government nonresidential fixed assets",436428,"i3gtotl1esnr","6","FAAt705","BEA_API"
2003,83,"Government nonresidential fixed assets",456299,"i3gtotl1esnr","6","FAAt705","BEA_API"
2004,83,"Government nonresidential fixed assets",477894,"i3gtotl1esnr","6","FAAt705","BEA_API"
2005,83,"Government nonresidential fixed assets",503846,"i3gtotl1esnr","6","FAAt705","BEA_API"
2006,83,"Government nonresidential fixed assets",541938,"i3gtotl1esnr","6","FAAt705","BEA_API"
2007,83,"Government nonresidential fixed assets",585250,"i3gtotl1esnr","6","FAAt705","BEA_API"
2008,83,"Government nonresidential fixed assets",619134,"i3gtotl1esnr","6","FAAt705","BEA_API"
2009,83,"Government nonresidential fixed assets",632302,"i3gtotl1esnr","6","FAAt705","BEA_API"
2010,83,"Government nonresidential fixed assets",632934,"i3gtotl1esnr","6","FAAt705","BEA_API"
2011,83,"Government nonresidential fixed assets",625069,"i3gtotl1esnr","6","FAAt705","BEA_API"
2012,83,"Government nonresidential fixed assets",610592,"i3gtotl1esnr","6","FAAt705","BEA_API"
2013,83,"Government nonresidential fixed assets",595612,"i3gtotl1esnr","6","FAAt705","BEA_API"
2014,83,"Government nonresidential fixed assets",600019,"i3gtotl1esnr","6","FAAt705","BEA_API"
2015,83,"Government nonresidential fixed assets",623097,"i3gtotl1esnr","6","FAAt705","BEA_API"
2016,83,"Government nonresidential fixed assets",644682,"i3gtotl1esnr","6","FAAt705","BEA_API"
2017,83,"Government nonresidential fixed assets",680157,"i3gtotl1esnr","6","FAAt705","BEA_API"
2018,83,"Government nonresidential fixed assets",721746,"i3gtotl1esnr","6","FAAt705","BEA_API"
2019,83,"Government nonresidential fixed assets",766802,"i3gtotl1esnr","6","FAAt705","BEA_API"
2020,83,"Government nonresidential fixed assets",811445,"i3gtotl1esnr","6","FAAt705","BEA_API"
2021,83,"Government nonresidential fixed assets",825058,"i3gtotl1esnr","6","FAAt705","BEA_API"
2022,83,"Government nonresidential fixed assets",888308,"i3gtotl1esnr","6","FAAt705","BEA_API"
2023,83,"Government nonresidential fixed assets",969850,"i3gtotl1esnr","6","FAAt705","BEA_API"
2024,83,"Government nonresidential fixed assets",1043202,"i3gtotl1esnr","6","FAAt705","BEA_API"
1914,84,"Equipment",41,"i3gtotl1eq00","6","FAAt705","BEA_API"
1915,84,"Equipment",65,"i3gtotl1eq00","6","FAAt705","BEA_API"
1916,84,"Equipment",51,"i3gtotl1eq00","6","FAAt705","BEA_API"
1917,84,"Equipment",918,"i3gtotl1eq00","6","FAAt705","BEA_API"
1918,84,"Equipment",2805,"i3gtotl1eq00","6","FAAt705","BEA_API"
1919,84,"Equipment",311,"i3gtotl1eq00","6","FAAt705","BEA_API"
1920,84,"Equipment",102,"i3gtotl1eq00","6","FAAt705","BEA_API"
1921,84,"Equipment",37,"i3gtotl1eq00","6","FAAt705","BEA_API"
1922,84,"Equipment",92,"i3gtotl1eq00","6","FAAt705","BEA_API"
1923,84,"Equipment",120,"i3gtotl1eq00","6","FAAt705","BEA_API"
1924,84,"Equipment",177,"i3gtotl1eq00","6","FAAt705","BEA_API"
1925,84,"Equipment",195,"i3gtotl1eq00","6","FAAt705","BEA_API"
1926,84,"Equipment",188,"i3gtotl1eq00","6","FAAt705","BEA_API"
1927,84,"Equipment",247,"i3gtotl1eq00","6","FAAt705","BEA_API"
1928,84,"Equipment",255,"i3gtotl1eq00","6","FAAt705","BEA_API"
1929,84,"Equipment",266,"i3gtotl1eq00","6","FAAt705","BEA_API"
1930,84,"Equipment",242,"i3gtotl1eq00","6","FAAt705","BEA_API"
1931,84,"Equipment",264,"i3gtotl1eq00","6","FAAt705","BEA_API"
1932,84,"Equipment",227,"i3gtotl1eq00","6","FAAt705","BEA_API"
1933,84,"Equipment",227,"i3gtotl1eq00","6","FAAt705","BEA_API"
1934,84,"Equipment",317,"i3gtotl1eq00","6","FAAt705","BEA_API"
1935,84,"Equipment",473,"i3gtotl1eq00","6","FAAt705","BEA_API"
1936,84,"Equipment",410,"i3gtotl1eq00","6","FAAt705","BEA_API"
1937,84,"Equipment",463,"i3gtotl1eq00","6","FAAt705","BEA_API"
1938,84,"Equipment",529,"i3gtotl1eq00","6","FAAt705","BEA_API"
1939,84,"Equipment",568,"i3gtotl1eq00","6","FAAt705","BEA_API"
1940,84,"Equipment",572,"i3gtotl1eq00","6","FAAt705","BEA_API"
1941,84,"Equipment",4222,"i3gtotl1eq00","6","FAAt705","BEA_API"
1942,84,"Equipment",16364,"i3gtotl1eq00","6","FAAt705","BEA_API"
1943,84,"Equipment",31963,"i3gtotl1eq00","6","FAAt705","BEA_API"
1944,84,"Equipment",33319,"i3gtotl1eq00","6","FAAt705","BEA_API"
1945,84,"Equipment",21237,"i3gtotl1eq00","6","FAAt705","BEA_API"
1946,84,"Equipment",1612,"i3gtotl1eq00","6","FAAt705","BEA_API"
1947,84,"Equipment",1271,"i3gtotl1eq00","6","FAAt705","BEA_API"
1948,84,"Equipment",2250,"i3gtotl1eq00","6","FAAt705","BEA_API"
1949,84,"Equipment",3249,"i3gtotl1eq00","6","FAAt705","BEA_API"
1950,84,"Equipment",2618,"i3gtotl1eq00","6","FAAt705","BEA_API"
1951,84,"Equipment",7952,"i3gtotl1eq00","6","FAAt705","BEA_API"
1952,84,"Equipment",11141,"i3gtotl1eq00","6","FAAt705","BEA_API"
1953,84,"Equipment",12324,"i3gtotl1eq00","6","FAAt705","BEA_API"
1954,84,"Equipment",10242,"i3gtotl1eq00","6","FAAt705","BEA_API"
1955,84,"Equipment",8760,"i3gtotl1eq00","6","FAAt705","BEA_API"
1956,84,"Equipment",8902,"i3gtotl1eq00","6","FAAt705","BEA_API"
1957,84,"Equipment",9476,"i3gtotl1eq00","6","FAAt705","BEA_API"
1958,84,"Equipment",9691,"i3gtotl1eq00","6","FAAt705","BEA_API"
1959,84,"Equipment",12002,"i3gtotl1eq00","6","FAAt705","BEA_API"
1960,84,"Equipment",11577,"i3gtotl1eq00","6","FAAt705","BEA_API"
1961,84,"Equipment",13077,"i3gtotl1eq00","6","FAAt705","BEA_API"
1962,84,"Equipment",14096,"i3gtotl1eq00","6","FAAt705","BEA_API"
1963,84,"Equipment",12806,"i3gtotl1eq00","6","FAAt705","BEA_API"
1964,84,"Equipment",12417,"i3gtotl1eq00","6","FAAt705","BEA_API"
1965,84,"Equipment",11213,"i3gtotl1eq00","6","FAAt705","BEA_API"
1966,84,"Equipment",13078,"i3gtotl1eq00","6","FAAt705","BEA_API"
1967,84,"Equipment",15035,"i3gtotl1eq00","6","FAAt705","BEA_API"
1968,84,"Equipment",13654,"i3gtotl1eq00","6","FAAt705","BEA_API"
1969,84,"Equipment",12864,"i3gtotl1eq00","6","FAAt705","BEA_API"
1970,84,"Equipment",13045,"i3gtotl1eq00","6","FAAt705","BEA_API"
1971,84,"Equipment",9216,"i3gtotl1eq00","6","FAAt705","BEA_API"
1972,84,"Equipment",9781,"i3gtotl1eq00","6","FAAt705","BEA_API"
1973,84,"Equipment",10940,"i3gtotl1eq00","6","FAAt705","BEA_API"
1974,84,"Equipment",14360,"i3gtotl1eq00","6","FAAt705","BEA_API"
1975,84,"Equipment",16596,"i3gtotl1eq00","6","FAAt705","BEA_API"
1976,84,"Equipment",19246,"i3gtotl1eq00","6","FAAt705","BEA_API"
1977,84,"Equipment",20984,"i3gtotl1eq00","6","FAAt705","BEA_API"
1978,84,"Equipment",23053,"i3gtotl1eq00","6","FAAt705","BEA_API"
1979,84,"Equipment",27272,"i3gtotl1eq00","6","FAAt705","BEA_API"
1980,84,"Equipment",31078,"i3gtotl1eq00","6","FAAt705","BEA_API"
1981,84,"Equipment",35962,"i3gtotl1eq00","6","FAAt705","BEA_API"
1982,84,"Equipment",42308,"i3gtotl1eq00","6","FAAt705","BEA_API"
1983,84,"Equipment",50228,"i3gtotl1eq00","6","FAAt705","BEA_API"
1984,84,"Equipment",58450,"i3gtotl1eq00","6","FAAt705","BEA_API"
1985,84,"Equipment",67766,"i3gtotl1eq00","6","FAAt705","BEA_API"
1986,84,"Equipment",73893,"i3gtotl1eq00","6","FAAt705","BEA_API"
1987,84,"Equipment",77411,"i3gtotl1eq00","6","FAAt705","BEA_API"
1988,84,"Equipment",74279,"i3gtotl1eq00","6","FAAt705","BEA_API"
1989,84,"Equipment",80679,"i3gtotl1eq00","6","FAAt705","BEA_API"
1990,84,"Equipment",86624,"i3gtotl1eq00","6","FAAt705","BEA_API"
1991,84,"Equipment",85694,"i3gtotl1eq00","6","FAAt705","BEA_API"
1992,84,"Equipment",84767,"i3gtotl1eq00","6","FAAt705","BEA_API"
1993,84,"Equipment",79410,"i3gtotl1eq00","6","FAAt705","BEA_API"
1994,84,"Equipment",77455,"i3gtotl1eq00","6","FAAt705","BEA_API"
1995,84,"Equipment",78896,"i3gtotl1eq00","6","FAAt705","BEA_API"
1996,84,"Equipment",80086,"i3gtotl1eq00","6","FAAt705","BEA_API"
1997,84,"Equipment",75654,"i3gtotl1eq00","6","FAAt705","BEA_API"
1998,84,"Equipment",78961,"i3gtotl1eq00","6","FAAt705","BEA_API"
1999,84,"Equipment",86140,"i3gtotl1eq00","6","FAAt705","BEA_API"
2000,84,"Equipment",87381,"i3gtotl1eq00","6","FAAt705","BEA_API"
2001,84,"Equipment",88168,"i3gtotl1eq00","6","FAAt705","BEA_API"
2002,84,"Equipment",96371,"i3gtotl1eq00","6","FAAt705","BEA_API"
2003,84,"Equipment",99793,"i3gtotl1eq00","6","FAAt705","BEA_API"
2004,84,"Equipment",106166,"i3gtotl1eq00","6","FAAt705","BEA_API"
2005,84,"Equipment",113643,"i3gtotl1eq00","6","FAAt705","BEA_API"
2006,84,"Equipment",122504,"i3gtotl1eq00","6","FAAt705","BEA_API"
2007,84,"Equipment",131808,"i3gtotl1eq00","6","FAAt705","BEA_API"
2008,84,"Equipment",145044,"i3gtotl1eq00","6","FAAt705","BEA_API"
2009,84,"Equipment",147265,"i3gtotl1eq00","6","FAAt705","BEA_API"
2010,84,"Equipment",147876,"i3gtotl1eq00","6","FAAt705","BEA_API"
2011,84,"Equipment",144159,"i3gtotl1eq00","6","FAAt705","BEA_API"
2012,84,"Equipment",142919,"i3gtotl1eq00","6","FAAt705","BEA_API"
2013,84,"Equipment",134322,"i3gtotl1eq00","6","FAAt705","BEA_API"
2014,84,"Equipment",130976,"i3gtotl1eq00","6","FAAt705","BEA_API"
2015,84,"Equipment",131128,"i3gtotl1eq00","6","FAAt705","BEA_API"
2016,84,"Equipment",133059,"i3gtotl1eq00","6","FAAt705","BEA_API"
2017,84,"Equipment",140655,"i3gtotl1eq00","6","FAAt705","BEA_API"
2018,84,"Equipment",149610,"i3gtotl1eq00","6","FAAt705","BEA_API"
2019,84,"Equipment",161428,"i3gtotl1eq00","6","FAAt705","BEA_API"
2020,84,"Equipment",169521,"i3gtotl1eq00","6","FAAt705","BEA_API"
2021,84,"Equipment",169846,"i3gtotl1eq00","6","FAAt705","BEA_API"
2022,84,"Equipment",174769,"i3gtotl1eq00","6","FAAt705","BEA_API"
2023,84,"Equipment",188005,"i3gtotl1eq00","6","FAAt705","BEA_API"
2024,84,"Equipment",198358,"i3gtotl1eq00","6","FAAt705","BEA_API"
1901,85,"Structures",220,"i3gtotl1stnr","6","FAAt705","BEA_API"
1902,85,"Structures",221,"i3gtotl1stnr","6","FAAt705","BEA_API"
1903,85,"Structures",287,"i3gtotl1stnr","6","FAAt705","BEA_API"
1904,85,"Structures",313,"i3gtotl1stnr","6","FAAt705","BEA_API"
1905,85,"Structures",321,"i3gtotl1stnr","6","FAAt705","BEA_API"
1906,85,"Structures",331,"i3gtotl1stnr","6","FAAt705","BEA_API"
1907,85,"Structures",395,"i3gtotl1stnr","6","FAAt705","BEA_API"
1908,85,"Structures",448,"i3gtotl1stnr","6","FAAt705","BEA_API"
1909,85,"Structures",437,"i3gtotl1stnr","6","FAAt705","BEA_API"
1910,85,"Structures",477,"i3gtotl1stnr","6","FAAt705","BEA_API"
1911,85,"Structures",523,"i3gtotl1stnr","6","FAAt705","BEA_API"
1912,85,"Structures",511,"i3gtotl1stnr","6","FAAt705","BEA_API"
1913,85,"Structures",534,"i3gtotl1stnr","6","FAAt705","BEA_API"
1914,85,"Structures",579,"i3gtotl1stnr","6","FAAt705","BEA_API"
1915,85,"Structures",721,"i3gtotl1stnr","6","FAAt705","BEA_API"
1916,85,"Structures",716,"i3gtotl1stnr","6","FAAt705","BEA_API"
1917,85,"Structures",1269,"i3gtotl1stnr","6","FAAt705","BEA_API"
1918,85,"Structures",2158,"i3gtotl1stnr","6","FAAt705","BEA_API"
1919,85,"Structures",1920,"i3gtotl1stnr","6","FAAt705","BEA_API"
1920,85,"Structures",1354,"i3gtotl1stnr","6","FAAt705","BEA_API"
1921,85,"Structures",1567,"i3gtotl1stnr","6","FAAt705","BEA_API"
1922,85,"Structures",1686,"i3gtotl1stnr","6","FAAt705","BEA_API"
1923,85,"Structures",1658,"i3gtotl1stnr","6","FAAt705","BEA_API"
1924,85,"Structures",1898,"i3gtotl1stnr","6","FAAt705","BEA_API"
1925,85,"Structures",2138,"i3gtotl1stnr","6","FAAt705","BEA_API"
1926,85,"Structures",2159,"i3gtotl1stnr","6","FAAt705","BEA_API"
1927,85,"Structures",2424,"i3gtotl1stnr","6","FAAt705","BEA_API"
1928,85,"Structures",2497,"i3gtotl1stnr","6","FAAt705","BEA_API"
1929,85,"Structures",2569,"i3gtotl1stnr","6","FAAt705","BEA_API"
1930,85,"Structures",2928,"i3gtotl1stnr","6","FAAt705","BEA_API"
1931,85,"Structures",2726,"i3gtotl1stnr","6","FAAt705","BEA_API"
1932,85,"Structures",1920,"i3gtotl1stnr","6","FAAt705","BEA_API"
1933,85,"Structures",1697,"i3gtotl1stnr","6","FAAt705","BEA_API"
1934,85,"Structures",2242,"i3gtotl1stnr","6","FAAt705","BEA_API"
1935,85,"Structures",2261,"i3gtotl1stnr","6","FAAt705","BEA_API"
1936,85,"Structures",3635,"i3gtotl1stnr","6","FAAt705","BEA_API"
1937,85,"Structures",3212,"i3gtotl1stnr","6","FAAt705","BEA_API"
1938,85,"Structures",3598,"i3gtotl1stnr","6","FAAt705","BEA_API"
1939,85,"Structures",3859,"i3gtotl1stnr","6","FAAt705","BEA_API"
1940,85,"Structures",3530,"i3gtotl1stnr","6","FAAt705","BEA_API"
1941,85,"Structures",5770,"i3gtotl1stnr","6","FAAt705","BEA_API"
1942,85,"Structures",11516,"i3gtotl1stnr","6","FAAt705","BEA_API"
1943,85,"Structures",6201,"i3gtotl1stnr","6","FAAt705","BEA_API"
1944,85,"Structures",3137,"i3gtotl1stnr","6","FAAt705","BEA_API"
1945,85,"Structures",2485,"i3gtotl1stnr","6","FAAt705","BEA_API"
1946,85,"Structures",1312,"i3gtotl1stnr","6","FAAt705","BEA_API"
1947,85,"Structures",2806,"i3gtotl1stnr","6","FAAt705","BEA_API"
1948,85,"Structures",4461,"i3gtotl1stnr","6","FAAt705","BEA_API"
1949,85,"Structures",5999,"i3gtotl1stnr","6","FAAt705","BEA_API"
1950,85,"Structures",6593,"i3gtotl1stnr","6","FAAt705","BEA_API"
1951,85,"Structures",8871,"i3gtotl1stnr","6","FAAt705","BEA_API"
1952,85,"Structures",10427,"i3gtotl1stnr","6","FAAt705","BEA_API"
1953,85,"Structures",10917,"i3gtotl1stnr","6","FAAt705","BEA_API"
1954,85,"Structures",11740,"i3gtotl1stnr","6","FAAt705","BEA_API"
1955,85,"Structures",11974,"i3gtotl1stnr","6","FAAt705","BEA_API"
1956,85,"Structures",13171,"i3gtotl1stnr","6","FAAt705","BEA_API"
1957,85,"Structures",14327,"i3gtotl1stnr","6","FAAt705","BEA_API"
1958,85,"Structures",15614,"i3gtotl1stnr","6","FAAt705","BEA_API"
1959,85,"Structures",15893,"i3gtotl1stnr","6","FAAt705","BEA_API"
1960,85,"Structures",15813,"i3gtotl1stnr","6","FAAt705","BEA_API"
1961,85,"Structures",17021,"i3gtotl1stnr","6","FAAt705","BEA_API"
1962,85,"Structures",17590,"i3gtotl1stnr","6","FAAt705","BEA_API"
1963,85,"Structures",19324,"i3gtotl1stnr","6","FAAt705","BEA_API"
1964,85,"Structures",20415,"i3gtotl1stnr","6","FAAt705","BEA_API"
1965,85,"Structures",22184,"i3gtotl1stnr","6","FAAt705","BEA_API"
1966,85,"Structures",24349,"i3gtotl1stnr","6","FAAt705","BEA_API"
1967,85,"Structures",25599,"i3gtotl1stnr","6","FAAt705","BEA_API"
1968,85,"Structures",27561,"i3gtotl1stnr","6","FAAt705","BEA_API"
1969,85,"Structures",27661,"i3gtotl1stnr","6","FAAt705","BEA_API"
1970,85,"Structures",27714,"i3gtotl1stnr","6","FAAt705","BEA_API"
1971,85,"Structures",29561,"i3gtotl1stnr","6","FAAt705","BEA_API"
1972,85,"Structures",30154,"i3gtotl1stnr","6","FAAt705","BEA_API"
1973,85,"Structures",32905,"i3gtotl1stnr","6","FAAt705","BEA_API"
1974,85,"Structures",38702,"i3gtotl1stnr","6","FAAt705","BEA_API"
1975,85,"Structures",42328,"i3gtotl1stnr","6","FAAt705","BEA_API"
1976,85,"Structures",42592,"i3gtotl1stnr","6","FAAt705","BEA_API"
1977,85,"Structures",41739,"i3gtotl1stnr","6","FAAt705","BEA_API"
1978,85,"Structures",48448,"i3gtotl1stnr","6","FAAt705","BEA_API"
1979,85,"Structures",54400,"i3gtotl1stnr","6","FAAt705","BEA_API"
1980,85,"Structures",61253,"i3gtotl1stnr","6","FAAt705","BEA_API"
1981,85,"Structures",62855,"i3gtotl1stnr","6","FAAt705","BEA_API"
1982,85,"Structures",61581,"i3gtotl1stnr","6","FAAt705","BEA_API"
1983,85,"Structures",61331,"i3gtotl1stnr","6","FAAt705","BEA_API"
1984,85,"Structures",68220,"i3gtotl1stnr","6","FAAt705","BEA_API"
1985,85,"Structures",75949,"i3gtotl1stnr","6","FAAt705","BEA_API"
1986,85,"Structures",83821,"i3gtotl1stnr","6","FAAt705","BEA_API"
1987,85,"Structures",89863,"i3gtotl1stnr","6","FAAt705","BEA_API"
1988,85,"Structures",93475,"i3gtotl1stnr","6","FAAt705","BEA_API"
1989,85,"Structures",96722,"i3gtotl1stnr","6","FAAt705","BEA_API"
1990,85,"Structures",106820,"i3gtotl1stnr","6","FAAt705","BEA_API"
1991,85,"Structures",111834,"i3gtotl1stnr","6","FAAt705","BEA_API"
1992,85,"Structures",113393,"i3gtotl1stnr","6","FAAt705","BEA_API"
1993,85,"Structures",114813,"i3gtotl1stnr","6","FAAt705","BEA_API"
1994,85,"Structures",119298,"i3gtotl1stnr","6","FAAt705","BEA_API"
1995,85,"Structures",130763,"i3gtotl1stnr","6","FAAt705","BEA_API"
1996,85,"Structures",146008,"i3gtotl1stnr","6","FAAt705","BEA_API"
1997,85,"Structures",146726,"i3gtotl1stnr","6","FAAt705","BEA_API"
1998,85,"Structures",156835,"i3gtotl1stnr","6","FAAt705","BEA_API"
1999,85,"Structures",169712,"i3gtotl1stnr","6","FAAt705","BEA_API"
2000,85,"Structures",182393,"i3gtotl1stnr","6","FAAt705","BEA_API"
2001,85,"Structures",197396,"i3gtotl1stnr","6","FAAt705","BEA_API"
2002,85,"Structures",212927,"i3gtotl1stnr","6","FAAt705","BEA_API"
2003,85,"Structures",220809,"i3gtotl1stnr","6","FAAt705","BEA_API"
2004,85,"Structures",227678,"i3gtotl1stnr","6","FAAt705","BEA_API"
2005,85,"Structures",237783,"i3gtotl1stnr","6","FAAt705","BEA_API"
2006,85,"Structures",260367,"i3gtotl1stnr","6","FAAt705","BEA_API"
2007,85,"Structures",286790,"i3gtotl1stnr","6","FAAt705","BEA_API"
2008,85,"Structures",300674,"i3gtotl1stnr","6","FAAt705","BEA_API"
2009,85,"Structures",309501,"i3gtotl1stnr","6","FAAt705","BEA_API"
2010,85,"Structures",303467,"i3gtotl1stnr","6","FAAt705","BEA_API"
2011,85,"Structures",295455,"i3gtotl1stnr","6","FAAt705","BEA_API"
2012,85,"Structures",281515,"i3gtotl1stnr","6","FAAt705","BEA_API"
2013,85,"Structures",272082,"i3gtotl1stnr","6","FAAt705","BEA_API"
2014,85,"Structures",278703,"i3gtotl1stnr","6","FAAt705","BEA_API"
2015,85,"Structures",294874,"i3gtotl1stnr","6","FAAt705","BEA_API"
2016,85,"Structures",307185,"i3gtotl1stnr","6","FAAt705","BEA_API"
2017,85,"Structures",321758,"i3gtotl1stnr","6","FAAt705","BEA_API"
2018,85,"Structures",340279,"i3gtotl1stnr","6","FAAt705","BEA_API"
2019,85,"Structures",362148,"i3gtotl1stnr","6","FAAt705","BEA_API"
2020,85,"Structures",371945,"i3gtotl1stnr","6","FAAt705","BEA_API"
2021,85,"Structures",361055,"i3gtotl1stnr","6","FAAt705","BEA_API"
2022,85,"Structures",386249,"i3gtotl1stnr","6","FAAt705","BEA_API"
2023,85,"Structures",447891,"i3gtotl1stnr","6","FAAt705","BEA_API"
2024,85,"Structures",490017,"i3gtotl1stnr","6","FAAt705","BEA_API"
1901,86,"Federal",38,"i3gfedr1stnr","6","FAAt705","BEA_API"
1902,86,"Federal",37,"i3gfedr1stnr","6","FAAt705","BEA_API"
1903,86,"Federal",39,"i3gfedr1stnr","6","FAAt705","BEA_API"
1904,86,"Federal",49,"i3gfedr1stnr","6","FAAt705","BEA_API"
1905,86,"Federal",56,"i3gfedr1stnr","6","FAAt705","BEA_API"
1906,86,"Federal",58,"i3gfedr1stnr","6","FAAt705","BEA_API"
1907,86,"Federal",57,"i3gfedr1stnr","6","FAAt705","BEA_API"
1908,86,"Federal",62,"i3gfedr1stnr","6","FAAt705","BEA_API"
1909,86,"Federal",71,"i3gfedr1stnr","6","FAAt705","BEA_API"
1910,86,"Federal",73,"i3gfedr1stnr","6","FAAt705","BEA_API"
1911,86,"Federal",67,"i3gfedr1stnr","6","FAAt705","BEA_API"
1912,86,"Federal",69,"i3gfedr1stnr","6","FAAt705","BEA_API"
1913,86,"Federal",64,"i3gfedr1stnr","6","FAAt705","BEA_API"
1914,86,"Federal",68,"i3gfedr1stnr","6","FAAt705","BEA_API"
1915,86,"Federal",73,"i3gfedr1stnr","6","FAAt705","BEA_API"
1916,86,"Federal",74,"i3gfedr1stnr","6","FAAt705","BEA_API"
1917,86,"Federal",644,"i3gfedr1stnr","6","FAAt705","BEA_API"
1918,86,"Federal",1554,"i3gfedr1stnr","6","FAAt705","BEA_API"
1919,86,"Federal",1106,"i3gfedr1stnr","6","FAAt705","BEA_API"
1920,86,"Federal",234,"i3gfedr1stnr","6","FAAt705","BEA_API"
1921,86,"Federal",125,"i3gfedr1stnr","6","FAAt705","BEA_API"
1922,86,"Federal",102,"i3gfedr1stnr","6","FAAt705","BEA_API"
1923,86,"Federal",144,"i3gfedr1stnr","6","FAAt705","BEA_API"
1924,86,"Federal",108,"i3gfedr1stnr","6","FAAt705","BEA_API"
1925,86,"Federal",99,"i3gfedr1stnr","6","FAAt705","BEA_API"
1926,86,"Federal",102,"i3gfedr1stnr","6","FAAt705","BEA_API"
1927,86,"Federal",103,"i3gfedr1stnr","6","FAAt705","BEA_API"
1928,86,"Federal",114,"i3gfedr1stnr","6","FAAt705","BEA_API"
1929,86,"Federal",162,"i3gfedr1stnr","6","FAAt705","BEA_API"
1930,86,"Federal",218,"i3gfedr1stnr","6","FAAt705","BEA_API"
1931,86,"Federal",283,"i3gfedr1stnr","6","FAAt705","BEA_API"
1932,86,"Federal",343,"i3gfedr1stnr","6","FAAt705","BEA_API"
1933,86,"Federal",524,"i3gfedr1stnr","6","FAAt705","BEA_API"
1934,86,"Federal",621,"i3gfedr1stnr","6","FAAt705","BEA_API"
1935,86,"Federal",805,"i3gfedr1stnr","6","FAAt705","BEA_API"
1936,86,"Federal",875,"i3gfedr1stnr","6","FAAt705","BEA_API"
1937,86,"Federal",848,"i3gfedr1stnr","6","FAAt705","BEA_API"
1938,86,"Federal",849,"i3gfedr1stnr","6","FAAt705","BEA_API"
1939,86,"Federal",790,"i3gfedr1stnr","6","FAAt705","BEA_API"
1940,86,"Federal",1163,"i3gfedr1stnr","6","FAAt705","BEA_API"
1941,86,"Federal",3900,"i3gfedr1stnr","6","FAAt705","BEA_API"
1942,86,"Federal",10287,"i3gfedr1stnr","6","FAAt705","BEA_API"
1943,86,"Federal",5471,"i3gfedr1stnr","6","FAAt705","BEA_API"
1944,86,"Federal",2543,"i3gfedr1stnr","6","FAAt705","BEA_API"
1945,86,"Federal",1833,"i3gfedr1stnr","6","FAAt705","BEA_API"
1946,86,"Federal",26,"i3gfedr1stnr","6","FAAt705","BEA_API"
1947,86,"Federal",462,"i3gfedr1stnr","6","FAAt705","BEA_API"
1948,86,"Federal",988,"i3gfedr1stnr","6","FAAt705","BEA_API"
1949,86,"Federal",1418,"i3gfedr1stnr","6","FAAt705","BEA_API"
1950,86,"Federal",1523,"i3gfedr1stnr","6","FAAt705","BEA_API"
1951,86,"Federal",2998,"i3gfedr1stnr","6","FAAt705","BEA_API"
1952,86,"Federal",4302,"i3gfedr1stnr","6","FAAt705","BEA_API"
1953,86,"Federal",4147,"i3gfedr1stnr","6","FAAt705","BEA_API"
1954,86,"Federal",3583,"i3gfedr1stnr","6","FAAt705","BEA_API"
1955,86,"Federal",2966,"i3gfedr1stnr","6","FAAt705","BEA_API"
1956,86,"Federal",3081,"i3gfedr1stnr","6","FAAt705","BEA_API"
1957,86,"Federal",3219,"i3gfedr1stnr","6","FAAt705","BEA_API"
1958,86,"Federal",3612,"i3gfedr1stnr","6","FAAt705","BEA_API"
1959,86,"Federal",3524,"i3gfedr1stnr","6","FAAt705","BEA_API"
1960,86,"Federal",3574,"i3gfedr1stnr","6","FAAt705","BEA_API"
1961,86,"Federal",3832,"i3gfedr1stnr","6","FAAt705","BEA_API"
1962,86,"Federal",3849,"i3gfedr1stnr","6","FAAt705","BEA_API"
1963,86,"Federal",3819,"i3gfedr1stnr","6","FAAt705","BEA_API"
1964,86,"Federal",3717,"i3gfedr1stnr","6","FAAt705","BEA_API"
1965,86,"Federal",3771,"i3gfedr1stnr","6","FAAt705","BEA_API"
1966,86,"Federal",4014,"i3gfedr1stnr","6","FAAt705","BEA_API"
1967,86,"Federal",3345,"i3gfedr1stnr","6","FAAt705","BEA_API"
1968,86,"Federal",3136,"i3gfedr1stnr","6","FAAt705","BEA_API"
1969,86,"Federal",3077,"i3gfedr1stnr","6","FAAt705","BEA_API"
1970,86,"Federal",3035,"i3gfedr1stnr","6","FAAt705","BEA_API"
1971,86,"Federal",3742,"i3gfedr1stnr","6","FAAt705","BEA_API"
1972,86,"Federal",3917,"i3gfedr1stnr","6","FAAt705","BEA_API"
1973,86,"Federal",4712,"i3gfedr1stnr","6","FAAt705","BEA_API"
1974,86,"Federal",4862,"i3gfedr1stnr","6","FAAt705","BEA_API"
1975,86,"Federal",5289,"i3gfedr1stnr","6","FAAt705","BEA_API"
1976,86,"Federal",5440,"i3gfedr1stnr","6","FAAt705","BEA_API"
1977,86,"Federal",6028,"i3gfedr1stnr","6","FAAt705","BEA_API"
1978,86,"Federal",6798,"i3gfedr1stnr","6","FAAt705","BEA_API"
1979,86,"Federal",6908,"i3gfedr1stnr","6","FAAt705","BEA_API"
1980,86,"Federal",8066,"i3gfedr1stnr","6","FAAt705","BEA_API"
1981,86,"Federal",9735,"i3gfedr1stnr","6","FAAt705","BEA_API"
1982,86,"Federal",9528,"i3gfedr1stnr","6","FAAt705","BEA_API"
1983,86,"Federal",9550,"i3gfedr1stnr","6","FAAt705","BEA_API"
1984,86,"Federal",10084,"i3gfedr1stnr","6","FAAt705","BEA_API"
1985,86,"Federal",11013,"i3gfedr1stnr","6","FAAt705","BEA_API"
1986,86,"Federal",12321,"i3gfedr1stnr","6","FAAt705","BEA_API"
1987,86,"Federal",13860,"i3gfedr1stnr","6","FAAt705","BEA_API"
1988,86,"Federal",11576,"i3gfedr1stnr","6","FAAt705","BEA_API"
1989,86,"Federal",10977,"i3gfedr1stnr","6","FAAt705","BEA_API"
1990,86,"Federal",11646,"i3gfedr1stnr","6","FAAt705","BEA_API"
1991,86,"Federal",12210,"i3gfedr1stnr","6","FAAt705","BEA_API"
1992,86,"Federal",13076,"i3gfedr1stnr","6","FAAt705","BEA_API"
1993,86,"Federal",14006,"i3gfedr1stnr","6","FAAt705","BEA_API"
1994,86,"Federal",13929,"i3gfedr1stnr","6","FAAt705","BEA_API"
1995,86,"Federal",17515,"i3gfedr1stnr","6","FAAt705","BEA_API"
1996,86,"Federal",23398,"i3gfedr1stnr","6","FAAt705","BEA_API"
1997,86,"Federal",14696,"i3gfedr1stnr","6","FAAt705","BEA_API"
1998,86,"Federal",15261,"i3gfedr1stnr","6","FAAt705","BEA_API"
1999,86,"Federal",14750,"i3gfedr1stnr","6","FAAt705","BEA_API"
2000,86,"Federal",12596,"i3gfedr1stnr","6","FAAt705","BEA_API"
2001,86,"Federal",12146,"i3gfedr1stnr","6","FAAt705","BEA_API"
2002,86,"Federal",14563,"i3gfedr1stnr","6","FAAt705","BEA_API"
2003,86,"Federal",15315,"i3gfedr1stnr","6","FAAt705","BEA_API"
2004,86,"Federal",14965,"i3gfedr1stnr","6","FAAt705","BEA_API"
2005,86,"Federal",12983,"i3gfedr1stnr","6","FAAt705","BEA_API"
2006,86,"Federal",15259,"i3gfedr1stnr","6","FAAt705","BEA_API"
2007,86,"Federal",21596,"i3gfedr1stnr","6","FAAt705","BEA_API"
2008,86,"Federal",23015,"i3gfedr1stnr","6","FAAt705","BEA_API"
2009,86,"Federal",27684,"i3gfedr1stnr","6","FAAt705","BEA_API"
2010,86,"Federal",30850,"i3gfedr1stnr","6","FAAt705","BEA_API"
2011,86,"Federal",28233,"i3gfedr1stnr","6","FAAt705","BEA_API"
2012,86,"Federal",21427,"i3gfedr1stnr","6","FAAt705","BEA_API"
2013,86,"Federal",17229,"i3gfedr1stnr","6","FAAt705","BEA_API"
2014,86,"Federal",17291,"i3gfedr1stnr","6","FAAt705","BEA_API"
2015,86,"Federal",18162,"i3gfedr1stnr","6","FAAt705","BEA_API"
2016,86,"Federal",19674,"i3gfedr1stnr","6","FAAt705","BEA_API"
2017,86,"Federal",22296,"i3gfedr1stnr","6","FAAt705","BEA_API"
2018,86,"Federal",21637,"i3gfedr1stnr","6","FAAt705","BEA_API"
2019,86,"Federal",24122,"i3gfedr1stnr","6","FAAt705","BEA_API"
2020,86,"Federal",27411,"i3gfedr1stnr","6","FAAt705","BEA_API"
2021,86,"Federal",24156,"i3gfedr1stnr","6","FAAt705","BEA_API"
2022,86,"Federal",27487,"i3gfedr1stnr","6","FAAt705","BEA_API"
2023,86,"Federal",32522,"i3gfedr1stnr","6","FAAt705","BEA_API"
2024,86,"Federal",33514,"i3gfedr1stnr","6","FAAt705","BEA_API"
1901,87,"National defense",14,"i3gdefn1stnr","6","FAAt705","BEA_API"
1902,87,"National defense",14,"i3gdefn1stnr","6","FAAt705","BEA_API"
1903,87,"National defense",16,"i3gdefn1stnr","6","FAAt705","BEA_API"
1904,87,"National defense",19,"i3gdefn1stnr","6","FAAt705","BEA_API"
1905,87,"National defense",22,"i3gdefn1stnr","6","FAAt705","BEA_API"
1906,87,"National defense",21,"i3gdefn1stnr","6","FAAt705","BEA_API"
1907,87,"National defense",17,"i3gdefn1stnr","6","FAAt705","BEA_API"
1908,87,"National defense",18,"i3gdefn1stnr","6","FAAt705","BEA_API"
1909,87,"National defense",22,"i3gdefn1stnr","6","FAAt705","BEA_API"
1910,87,"National defense",22,"i3gdefn1stnr","6","FAAt705","BEA_API"
1911,87,"National defense",23,"i3gdefn1stnr","6","FAAt705","BEA_API"
1912,87,"National defense",22,"i3gdefn1stnr","6","FAAt705","BEA_API"
1913,87,"National defense",15,"i3gdefn1stnr","6","FAAt705","BEA_API"
1914,87,"National defense",15,"i3gdefn1stnr","6","FAAt705","BEA_API"
1915,87,"National defense",17,"i3gdefn1stnr","6","FAAt705","BEA_API"
1916,87,"National defense",21,"i3gdefn1stnr","6","FAAt705","BEA_API"
1917,87,"National defense",586,"i3gdefn1stnr","6","FAAt705","BEA_API"
1918,87,"National defense",1499,"i3gdefn1stnr","6","FAAt705","BEA_API"
1919,87,"National defense",1038,"i3gdefn1stnr","6","FAAt705","BEA_API"
1920,87,"National defense",161,"i3gdefn1stnr","6","FAAt705","BEA_API"
1921,87,"National defense",49,"i3gdefn1stnr","6","FAAt705","BEA_API"
1922,87,"National defense",25,"i3gdefn1stnr","6","FAAt705","BEA_API"
1923,87,"National defense",16,"i3gdefn1stnr","6","FAAt705","BEA_API"
1924,87,"National defense",9,"i3gdefn1stnr","6","FAAt705","BEA_API"
1925,87,"National defense",8,"i3gdefn1stnr","6","FAAt705","BEA_API"
1926,87,"National defense",11,"i3gdefn1stnr","6","FAAt705","BEA_API"
1927,87,"National defense",12,"i3gdefn1stnr","6","FAAt705","BEA_API"
1928,87,"National defense",15,"i3gdefn1stnr","6","FAAt705","BEA_API"
1929,87,"National defense",24,"i3gdefn1stnr","6","FAAt705","BEA_API"
1930,87,"National defense",37,"i3gdefn1stnr","6","FAAt705","BEA_API"
1931,87,"National defense",51,"i3gdefn1stnr","6","FAAt705","BEA_API"
1932,87,"National defense",43,"i3gdefn1stnr","6","FAAt705","BEA_API"
1933,87,"National defense",47,"i3gdefn1stnr","6","FAAt705","BEA_API"
1934,87,"National defense",71,"i3gdefn1stnr","6","FAAt705","BEA_API"
1935,87,"National defense",52,"i3gdefn1stnr","6","FAAt705","BEA_API"
1936,87,"National defense",115,"i3gdefn1stnr","6","FAAt705","BEA_API"
1937,87,"National defense",134,"i3gdefn1stnr","6","FAAt705","BEA_API"
1938,87,"National defense",169,"i3gdefn1stnr","6","FAAt705","BEA_API"
1939,87,"National defense",170,"i3gdefn1stnr","6","FAAt705","BEA_API"
1940,87,"National defense",598,"i3gdefn1stnr","6","FAAt705","BEA_API"
1941,87,"National defense",3342,"i3gdefn1stnr","6","FAAt705","BEA_API"
1942,87,"National defense",9885,"i3gdefn1stnr","6","FAAt705","BEA_API"
1943,87,"National defense",5096,"i3gdefn1stnr","6","FAAt705","BEA_API"
1944,87,"National defense",2271,"i3gdefn1stnr","6","FAAt705","BEA_API"
1945,87,"National defense",1588,"i3gdefn1stnr","6","FAAt705","BEA_API"
1946,87,"National defense",35,"i3gdefn1stnr","6","FAAt705","BEA_API"
1947,87,"National defense",158,"i3gdefn1stnr","6","FAAt705","BEA_API"
1948,87,"National defense",327,"i3gdefn1stnr","6","FAAt705","BEA_API"
1949,87,"National defense",328,"i3gdefn1stnr","6","FAAt705","BEA_API"
1950,87,"National defense",431,"i3gdefn1stnr","6","FAAt705","BEA_API"
1951,87,"National defense",1996,"i3gdefn1stnr","6","FAAt705","BEA_API"
1952,87,"National defense",3251,"i3gdefn1stnr","6","FAAt705","BEA_API"
1953,87,"National defense",3284,"i3gdefn1stnr","6","FAAt705","BEA_API"
1954,87,"National defense",2705,"i3gdefn1stnr","6","FAAt705","BEA_API"
1955,87,"National defense",2098,"i3gdefn1stnr","6","FAAt705","BEA_API"
1956,87,"National defense",2088,"i3gdefn1stnr","6","FAAt705","BEA_API"
1957,87,"National defense",2107,"i3gdefn1stnr","6","FAAt705","BEA_API"
1958,87,"National defense",2236,"i3gdefn1stnr","6","FAAt705","BEA_API"
1959,87,"National defense",2034,"i3gdefn1stnr","6","FAAt705","BEA_API"
1960,87,"National defense",1935,"i3gdefn1stnr","6","FAAt705","BEA_API"
1961,87,"National defense",2058,"i3gdefn1stnr","6","FAAt705","BEA_API"
1962,87,"National defense",1781,"i3gdefn1stnr","6","FAAt705","BEA_API"
1963,87,"National defense",1497,"i3gdefn1stnr","6","FAAt705","BEA_API"
1964,87,"National defense",1163,"i3gdefn1stnr","6","FAAt705","BEA_API"
1965,87,"National defense",980,"i3gdefn1stnr","6","FAAt705","BEA_API"
1966,87,"National defense",1155,"i3gdefn1stnr","6","FAAt705","BEA_API"
1967,87,"National defense",1138,"i3gdefn1stnr","6","FAAt705","BEA_API"
1968,87,"National defense",1166,"i3gdefn1stnr","6","FAAt705","BEA_API"
1969,87,"National defense",1330,"i3gdefn1stnr","6","FAAt705","BEA_API"
1970,87,"National defense",1211,"i3gdefn1stnr","6","FAAt705","BEA_API"
1971,87,"National defense",1688,"i3gdefn1stnr","6","FAAt705","BEA_API"
1972,87,"National defense",1445,"i3gdefn1stnr","6","FAAt705","BEA_API"
1973,87,"National defense",1744,"i3gdefn1stnr","6","FAAt705","BEA_API"
1974,87,"National defense",1688,"i3gdefn1stnr","6","FAAt705","BEA_API"
1975,87,"National defense",1694,"i3gdefn1stnr","6","FAAt705","BEA_API"
1976,87,"National defense",1578,"i3gdefn1stnr","6","FAAt705","BEA_API"
1977,87,"National defense",1884,"i3gdefn1stnr","6","FAAt705","BEA_API"
1978,87,"National defense",1990,"i3gdefn1stnr","6","FAAt705","BEA_API"
1979,87,"National defense",2058,"i3gdefn1stnr","6","FAAt705","BEA_API"
1980,87,"National defense",2503,"i3gdefn1stnr","6","FAAt705","BEA_API"
1981,87,"National defense",2476,"i3gdefn1stnr","6","FAAt705","BEA_API"
1982,87,"National defense",3010,"i3gdefn1stnr","6","FAAt705","BEA_API"
1983,87,"National defense",3569,"i3gdefn1stnr","6","FAAt705","BEA_API"
1984,87,"National defense",3776,"i3gdefn1stnr","6","FAAt705","BEA_API"
1985,87,"National defense",4707,"i3gdefn1stnr","6","FAAt705","BEA_API"
1986,87,"National defense",5217,"i3gdefn1stnr","6","FAAt705","BEA_API"
1987,87,"National defense",5805,"i3gdefn1stnr","6","FAAt705","BEA_API"
1988,87,"National defense",5626,"i3gdefn1stnr","6","FAAt705","BEA_API"
1989,87,"National defense",4667,"i3gdefn1stnr","6","FAAt705","BEA_API"
1990,87,"National defense",4287,"i3gdefn1stnr","6","FAAt705","BEA_API"
1991,87,"National defense",3443,"i3gdefn1stnr","6","FAAt705","BEA_API"
1992,87,"National defense",4110,"i3gdefn1stnr","6","FAAt705","BEA_API"
1993,87,"National defense",4123,"i3gdefn1stnr","6","FAAt705","BEA_API"
1994,87,"National defense",4337,"i3gdefn1stnr","6","FAAt705","BEA_API"
1995,87,"National defense",5211,"i3gdefn1stnr","6","FAAt705","BEA_API"
1996,87,"National defense",4914,"i3gdefn1stnr","6","FAAt705","BEA_API"
1997,87,"National defense",4678,"i3gdefn1stnr","6","FAAt705","BEA_API"
1998,87,"National defense",4511,"i3gdefn1stnr","6","FAAt705","BEA_API"
1999,87,"National defense",4184,"i3gdefn1stnr","6","FAAt705","BEA_API"
2000,87,"National defense",4317,"i3gdefn1stnr","6","FAAt705","BEA_API"
2001,87,"National defense",4143,"i3gdefn1stnr","6","FAAt705","BEA_API"
2002,87,"National defense",4905,"i3gdefn1stnr","6","FAAt705","BEA_API"
2003,87,"National defense",5648,"i3gdefn1stnr","6","FAAt705","BEA_API"
2004,87,"National defense",5607,"i3gdefn1stnr","6","FAAt705","BEA_API"
2005,87,"National defense",5569,"i3gdefn1stnr","6","FAAt705","BEA_API"
2006,87,"National defense",6325,"i3gdefn1stnr","6","FAAt705","BEA_API"
2007,87,"National defense",8308,"i3gdefn1stnr","6","FAAt705","BEA_API"
2008,87,"National defense",11868,"i3gdefn1stnr","6","FAAt705","BEA_API"
2009,87,"National defense",15893,"i3gdefn1stnr","6","FAAt705","BEA_API"
2010,87,"National defense",15076,"i3gdefn1stnr","6","FAAt705","BEA_API"
2011,87,"National defense",11939,"i3gdefn1stnr","6","FAAt705","BEA_API"
2012,87,"National defense",7077,"i3gdefn1stnr","6","FAAt705","BEA_API"
2013,87,"National defense",6566,"i3gdefn1stnr","6","FAAt705","BEA_API"
2014,87,"National defense",6315,"i3gdefn1stnr","6","FAAt705","BEA_API"
2015,87,"National defense",6519,"i3gdefn1stnr","6","FAAt705","BEA_API"
2016,87,"National defense",6795,"i3gdefn1stnr","6","FAAt705","BEA_API"
2017,87,"National defense",7394,"i3gdefn1stnr","6","FAAt705","BEA_API"
2018,87,"National defense",7894,"i3gdefn1stnr","6","FAAt705","BEA_API"
2019,87,"National defense",8845,"i3gdefn1stnr","6","FAAt705","BEA_API"
2020,87,"National defense",10887,"i3gdefn1stnr","6","FAAt705","BEA_API"
2021,87,"National defense",10956,"i3gdefn1stnr","6","FAAt705","BEA_API"
2022,87,"National defense",12123,"i3gdefn1stnr","6","FAAt705","BEA_API"
2023,87,"National defense",14035,"i3gdefn1stnr","6","FAAt705","BEA_API"
2024,87,"National defense",16405,"i3gdefn1stnr","6","FAAt705","BEA_API"
1901,88,"Nondefense",24,"i3gndef1stnr","6","FAAt705","BEA_API"
1902,88,"Nondefense",23,"i3gndef1stnr","6","FAAt705","BEA_API"
1903,88,"Nondefense",23,"i3gndef1stnr","6","FAAt705","BEA_API"
1904,88,"Nondefense",30,"i3gndef1stnr","6","FAAt705","BEA_API"
1905,88,"Nondefense",34,"i3gndef1stnr","6","FAAt705","BEA_API"
1906,88,"Nondefense",37,"i3gndef1stnr","6","FAAt705","BEA_API"
1907,88,"Nondefense",40,"i3gndef1stnr","6","FAAt705","BEA_API"
1908,88,"Nondefense",44,"i3gndef1stnr","6","FAAt705","BEA_API"
1909,88,"Nondefense",49,"i3gndef1stnr","6","FAAt705","BEA_API"
1910,88,"Nondefense",51,"i3gndef1stnr","6","FAAt705","BEA_API"
1911,88,"Nondefense",44,"i3gndef1stnr","6","FAAt705","BEA_API"
1912,88,"Nondefense",47,"i3gndef1stnr","6","FAAt705","BEA_API"
1913,88,"Nondefense",49,"i3gndef1stnr","6","FAAt705","BEA_API"
1914,88,"Nondefense",53,"i3gndef1stnr","6","FAAt705","BEA_API"
1915,88,"Nondefense",56,"i3gndef1stnr","6","FAAt705","BEA_API"
1916,88,"Nondefense",53,"i3gndef1stnr","6","FAAt705","BEA_API"
1917,88,"Nondefense",58,"i3gndef1stnr","6","FAAt705","BEA_API"
1918,88,"Nondefense",55,"i3gndef1stnr","6","FAAt705","BEA_API"
1919,88,"Nondefense",68,"i3gndef1stnr","6","FAAt705","BEA_API"
1920,88,"Nondefense",73,"i3gndef1stnr","6","FAAt705","BEA_API"
1921,88,"Nondefense",76,"i3gndef1stnr","6","FAAt705","BEA_API"
1922,88,"Nondefense",77,"i3gndef1stnr","6","FAAt705","BEA_API"
1923,88,"Nondefense",128,"i3gndef1stnr","6","FAAt705","BEA_API"
1924,88,"Nondefense",99,"i3gndef1stnr","6","FAAt705","BEA_API"
1925,88,"Nondefense",91,"i3gndef1stnr","6","FAAt705","BEA_API"
1926,88,"Nondefense",91,"i3gndef1stnr","6","FAAt705","BEA_API"
1927,88,"Nondefense",91,"i3gndef1stnr","6","FAAt705","BEA_API"
1928,88,"Nondefense",99,"i3gndef1stnr","6","FAAt705","BEA_API"
1929,88,"Nondefense",138,"i3gndef1stnr","6","FAAt705","BEA_API"
1930,88,"Nondefense",181,"i3gndef1stnr","6","FAAt705","BEA_API"
1931,88,"Nondefense",232,"i3gndef1stnr","6","FAAt705","BEA_API"
1932,88,"Nondefense",300,"i3gndef1stnr","6","FAAt705","BEA_API"
1933,88,"Nondefense",477,"i3gndef1stnr","6","FAAt705","BEA_API"
1934,88,"Nondefense",550,"i3gndef1stnr","6","FAAt705","BEA_API"
1935,88,"Nondefense",753,"i3gndef1stnr","6","FAAt705","BEA_API"
1936,88,"Nondefense",760,"i3gndef1stnr","6","FAAt705","BEA_API"
1937,88,"Nondefense",714,"i3gndef1stnr","6","FAAt705","BEA_API"
1938,88,"Nondefense",680,"i3gndef1stnr","6","FAAt705","BEA_API"
1939,88,"Nondefense",620,"i3gndef1stnr","6","FAAt705","BEA_API"
1940,88,"Nondefense",565,"i3gndef1stnr","6","FAAt705","BEA_API"
1941,88,"Nondefense",558,"i3gndef1stnr","6","FAAt705","BEA_API"
1942,88,"Nondefense",402,"i3gndef1stnr","6","FAAt705","BEA_API"
1943,88,"Nondefense",375,"i3gndef1stnr","6","FAAt705","BEA_API"
1944,88,"Nondefense",272,"i3gndef1stnr","6","FAAt705","BEA_API"
1945,88,"Nondefense",245,"i3gndef1stnr","6","FAAt705","BEA_API"
1946,88,"Nondefense",-9,"i3gndef1stnr","6","FAAt705","BEA_API"
1947,88,"Nondefense",304,"i3gndef1stnr","6","FAAt705","BEA_API"
1948,88,"Nondefense",661,"i3gndef1stnr","6","FAAt705","BEA_API"
1949,88,"Nondefense",1090,"i3gndef1stnr","6","FAAt705","BEA_API"
1950,88,"Nondefense",1092,"i3gndef1stnr","6","FAAt705","BEA_API"
1951,88,"Nondefense",1002,"i3gndef1stnr","6","FAAt705","BEA_API"
1952,88,"Nondefense",1051,"i3gndef1stnr","6","FAAt705","BEA_API"
1953,88,"Nondefense",863,"i3gndef1stnr","6","FAAt705","BEA_API"
1954,88,"Nondefense",878,"i3gndef1stnr","6","FAAt705","BEA_API"
1955,88,"Nondefense",868,"i3gndef1stnr","6","FAAt705","BEA_API"
1956,88,"Nondefense",993,"i3gndef1stnr","6","FAAt705","BEA_API"
1957,88,"Nondefense",1112,"i3gndef1stnr","6","FAAt705","BEA_API"
1958,88,"Nondefense",1376,"i3gndef1stnr","6","FAAt705","BEA_API"
1959,88,"Nondefense",1490,"i3gndef1stnr","6","FAAt705","BEA_API"
1960,88,"Nondefense",1639,"i3gndef1stnr","6","FAAt705","BEA_API"
1961,88,"Nondefense",1774,"i3gndef1stnr","6","FAAt705","BEA_API"
1962,88,"Nondefense",2068,"i3gndef1stnr","6","FAAt705","BEA_API"
1963,88,"Nondefense",2322,"i3gndef1stnr","6","FAAt705","BEA_API"
1964,88,"Nondefense",2554,"i3gndef1stnr","6","FAAt705","BEA_API"
1965,88,"Nondefense",2791,"i3gndef1stnr","6","FAAt705","BEA_API"
1966,88,"Nondefense",2859,"i3gndef1stnr","6","FAAt705","BEA_API"
1967,88,"Nondefense",2207,"i3gndef1stnr","6","FAAt705","BEA_API"
1968,88,"Nondefense",1970,"i3gndef1stnr","6","FAAt705","BEA_API"
1969,88,"Nondefense",1747,"i3gndef1stnr","6","FAAt705","BEA_API"
1970,88,"Nondefense",1824,"i3gndef1stnr","6","FAAt705","BEA_API"
1971,88,"Nondefense",2054,"i3gndef1stnr","6","FAAt705","BEA_API"
1972,88,"Nondefense",2472,"i3gndef1stnr","6","FAAt705","BEA_API"
1973,88,"Nondefense",2968,"i3gndef1stnr","6","FAAt705","BEA_API"
1974,88,"Nondefense",3174,"i3gndef1stnr","6","FAAt705","BEA_API"
1975,88,"Nondefense",3595,"i3gndef1stnr","6","FAAt705","BEA_API"
1976,88,"Nondefense",3862,"i3gndef1stnr","6","FAAt705","BEA_API"
1977,88,"Nondefense",4144,"i3gndef1stnr","6","FAAt705","BEA_API"
1978,88,"Nondefense",4808,"i3gndef1stnr","6","FAAt705","BEA_API"
1979,88,"Nondefense",4850,"i3gndef1stnr","6","FAAt705","BEA_API"
1980,88,"Nondefense",5563,"i3gndef1stnr","6","FAAt705","BEA_API"
1981,88,"Nondefense",7259,"i3gndef1stnr","6","FAAt705","BEA_API"
1982,88,"Nondefense",6518,"i3gndef1stnr","6","FAAt705","BEA_API"
1983,88,"Nondefense",5981,"i3gndef1stnr","6","FAAt705","BEA_API"
1984,88,"Nondefense",6308,"i3gndef1stnr","6","FAAt705","BEA_API"
1985,88,"Nondefense",6306,"i3gndef1stnr","6","FAAt705","BEA_API"
1986,88,"Nondefense",7103,"i3gndef1stnr","6","FAAt705","BEA_API"
1987,88,"Nondefense",8055,"i3gndef1stnr","6","FAAt705","BEA_API"
1988,88,"Nondefense",5950,"i3gndef1stnr","6","FAAt705","BEA_API"
1989,88,"Nondefense",6310,"i3gndef1stnr","6","FAAt705","BEA_API"
1990,88,"Nondefense",7359,"i3gndef1stnr","6","FAAt705","BEA_API"
1991,88,"Nondefense",8767,"i3gndef1stnr","6","FAAt705","BEA_API"
1992,88,"Nondefense",8966,"i3gndef1stnr","6","FAAt705","BEA_API"
1993,88,"Nondefense",9883,"i3gndef1stnr","6","FAAt705","BEA_API"
1994,88,"Nondefense",9592,"i3gndef1stnr","6","FAAt705","BEA_API"
1995,88,"Nondefense",12304,"i3gndef1stnr","6","FAAt705","BEA_API"
1996,88,"Nondefense",18484,"i3gndef1stnr","6","FAAt705","BEA_API"
1997,88,"Nondefense",10018,"i3gndef1stnr","6","FAAt705","BEA_API"
1998,88,"Nondefense",10750,"i3gndef1stnr","6","FAAt705","BEA_API"
1999,88,"Nondefense",10566,"i3gndef1stnr","6","FAAt705","BEA_API"
2000,88,"Nondefense",8279,"i3gndef1stnr","6","FAAt705","BEA_API"
2001,88,"Nondefense",8003,"i3gndef1stnr","6","FAAt705","BEA_API"
2002,88,"Nondefense",9658,"i3gndef1stnr","6","FAAt705","BEA_API"
2003,88,"Nondefense",9667,"i3gndef1stnr","6","FAAt705","BEA_API"
2004,88,"Nondefense",9358,"i3gndef1stnr","6","FAAt705","BEA_API"
2005,88,"Nondefense",7414,"i3gndef1stnr","6","FAAt705","BEA_API"
2006,88,"Nondefense",8934,"i3gndef1stnr","6","FAAt705","BEA_API"
2007,88,"Nondefense",13288,"i3gndef1stnr","6","FAAt705","BEA_API"
2008,88,"Nondefense",11147,"i3gndef1stnr","6","FAAt705","BEA_API"
2009,88,"Nondefense",11791,"i3gndef1stnr","6","FAAt705","BEA_API"
2010,88,"Nondefense",15774,"i3gndef1stnr","6","FAAt705","BEA_API"
2011,88,"Nondefense",16294,"i3gndef1stnr","6","FAAt705","BEA_API"
2012,88,"Nondefense",14350,"i3gndef1stnr","6","FAAt705","BEA_API"
2013,88,"Nondefense",10663,"i3gndef1stnr","6","FAAt705","BEA_API"
2014,88,"Nondefense",10976,"i3gndef1stnr","6","FAAt705","BEA_API"
2015,88,"Nondefense",11642,"i3gndef1stnr","6","FAAt705","BEA_API"
2016,88,"Nondefense",12879,"i3gndef1stnr","6","FAAt705","BEA_API"
2017,88,"Nondefense",14901,"i3gndef1stnr","6","FAAt705","BEA_API"
2018,88,"Nondefense",13743,"i3gndef1stnr","6","FAAt705","BEA_API"
2019,88,"Nondefense",15277,"i3gndef1stnr","6","FAAt705","BEA_API"
2020,88,"Nondefense",16524,"i3gndef1stnr","6","FAAt705","BEA_API"
2021,88,"Nondefense",13200,"i3gndef1stnr","6","FAAt705","BEA_API"
2022,88,"Nondefense",15364,"i3gndef1stnr","6","FAAt705","BEA_API"
2023,88,"Nondefense",18486,"i3gndef1stnr","6","FAAt705","BEA_API"
2024,88,"Nondefense",17109,"i3gndef1stnr","6","FAAt705","BEA_API"
1901,89,"State and local",182,"i3gstlc1stnr","6","FAAt705","BEA_API"
1902,89,"State and local",184,"i3gstlc1stnr","6","FAAt705","BEA_API"
1903,89,"State and local",248,"i3gstlc1stnr","6","FAAt705","BEA_API"
1904,89,"State and local",264,"i3gstlc1stnr","6","FAAt705","BEA_API"
1905,89,"State and local",265,"i3gstlc1stnr","6","FAAt705","BEA_API"
1906,89,"State and local",273,"i3gstlc1stnr","6","FAAt705","BEA_API"
1907,89,"State and local",338,"i3gstlc1stnr","6","FAAt705","BEA_API"
1908,89,"State and local",386,"i3gstlc1stnr","6","FAAt705","BEA_API"
1909,89,"State and local",366,"i3gstlc1stnr","6","FAAt705","BEA_API"
1910,89,"State and local",404,"i3gstlc1stnr","6","FAAt705","BEA_API"
1911,89,"State and local",456,"i3gstlc1stnr","6","FAAt705","BEA_API"
1912,89,"State and local",442,"i3gstlc1stnr","6","FAAt705","BEA_API"
1913,89,"State and local",470,"i3gstlc1stnr","6","FAAt705","BEA_API"
1914,89,"State and local",511,"i3gstlc1stnr","6","FAAt705","BEA_API"
1915,89,"State and local",648,"i3gstlc1stnr","6","FAAt705","BEA_API"
1916,89,"State and local",642,"i3gstlc1stnr","6","FAAt705","BEA_API"
1917,89,"State and local",625,"i3gstlc1stnr","6","FAAt705","BEA_API"
1918,89,"State and local",604,"i3gstlc1stnr","6","FAAt705","BEA_API"
1919,89,"State and local",814,"i3gstlc1stnr","6","FAAt705","BEA_API"
1920,89,"State and local",1120,"i3gstlc1stnr","6","FAAt705","BEA_API"
1921,89,"State and local",1442,"i3gstlc1stnr","6","FAAt705","BEA_API"
1922,89,"State and local",1584,"i3gstlc1stnr","6","FAAt705","BEA_API"
1923,89,"State and local",1514,"i3gstlc1stnr","6","FAAt705","BEA_API"
1924,89,"State and local",1790,"i3gstlc1stnr","6","FAAt705","BEA_API"
1925,89,"State and local",2039,"i3gstlc1stnr","6","FAAt705","BEA_API"
1926,89,"State and local",2057,"i3gstlc1stnr","6","FAAt705","BEA_API"
1927,89,"State and local",2321,"i3gstlc1stnr","6","FAAt705","BEA_API"
1928,89,"State and local",2383,"i3gstlc1stnr","6","FAAt705","BEA_API"
1929,89,"State and local",2407,"i3gstlc1stnr","6","FAAt705","BEA_API"
1930,89,"State and local",2710,"i3gstlc1stnr","6","FAAt705","BEA_API"
1931,89,"State and local",2443,"i3gstlc1stnr","6","FAAt705","BEA_API"
1932,89,"State and local",1577,"i3gstlc1stnr","6","FAAt705","BEA_API"
1933,89,"State and local",1173,"i3gstlc1stnr","6","FAAt705","BEA_API"
1934,89,"State and local",1621,"i3gstlc1stnr","6","FAAt705","BEA_API"
1935,89,"State and local",1456,"i3gstlc1stnr","6","FAAt705","BEA_API"
1936,89,"State and local",2760,"i3gstlc1stnr","6","FAAt705","BEA_API"
1937,89,"State and local",2364,"i3gstlc1stnr","6","FAAt705","BEA_API"
1938,89,"State and local",2749,"i3gstlc1stnr","6","FAAt705","BEA_API"
1939,89,"State and local",3069,"i3gstlc1stnr","6","FAAt705","BEA_API"
1940,89,"State and local",2367,"i3gstlc1stnr","6","FAAt705","BEA_API"
1941,89,"State and local",1870,"i3gstlc1stnr","6","FAAt705","BEA_API"
1942,89,"State and local",1229,"i3gstlc1stnr","6","FAAt705","BEA_API"
1943,89,"State and local",730,"i3gstlc1stnr","6","FAAt705","BEA_API"
1944,89,"State and local",594,"i3gstlc1stnr","6","FAAt705","BEA_API"
1945,89,"State and local",652,"i3gstlc1stnr","6","FAAt705","BEA_API"
1946,89,"State and local",1286,"i3gstlc1stnr","6","FAAt705","BEA_API"
1947,89,"State and local",2344,"i3gstlc1stnr","6","FAAt705","BEA_API"
1948,89,"State and local",3473,"i3gstlc1stnr","6","FAAt705","BEA_API"
1949,89,"State and local",4581,"i3gstlc1stnr","6","FAAt705","BEA_API"
1950,89,"State and local",5070,"i3gstlc1stnr","6","FAAt705","BEA_API"
1951,89,"State and local",5873,"i3gstlc1stnr","6","FAAt705","BEA_API"
1952,89,"State and local",6125,"i3gstlc1stnr","6","FAAt705","BEA_API"
1953,89,"State and local",6770,"i3gstlc1stnr","6","FAAt705","BEA_API"
1954,89,"State and local",8157,"i3gstlc1stnr","6","FAAt705","BEA_API"
1955,89,"State and local",9008,"i3gstlc1stnr","6","FAAt705","BEA_API"
1956,89,"State and local",10090,"i3gstlc1stnr","6","FAAt705","BEA_API"
1957,89,"State and local",11108,"i3gstlc1stnr","6","FAAt705","BEA_API"
1958,89,"State and local",12002,"i3gstlc1stnr","6","FAAt705","BEA_API"
1959,89,"State and local",12369,"i3gstlc1stnr","6","FAAt705","BEA_API"
1960,89,"State and local",12239,"i3gstlc1stnr","6","FAAt705","BEA_API"
1961,89,"State and local",13189,"i3gstlc1stnr","6","FAAt705","BEA_API"
1962,89,"State and local",13741,"i3gstlc1stnr","6","FAAt705","BEA_API"
1963,89,"State and local",15505,"i3gstlc1stnr","6","FAAt705","BEA_API"
1964,89,"State and local",16698,"i3gstlc1stnr","6","FAAt705","BEA_API"
1965,89,"State and local",18413,"i3gstlc1stnr","6","FAAt705","BEA_API"
1966,89,"State and local",20335,"i3gstlc1stnr","6","FAAt705","BEA_API"
1967,89,"State and local",22254,"i3gstlc1stnr","6","FAAt705","BEA_API"
1968,89,"State and local",24425,"i3gstlc1stnr","6","FAAt705","BEA_API"
1969,89,"State and local",24584,"i3gstlc1stnr","6","FAAt705","BEA_API"
1970,89,"State and local",24679,"i3gstlc1stnr","6","FAAt705","BEA_API"
1971,89,"State and local",25819,"i3gstlc1stnr","6","FAAt705","BEA_API"
1972,89,"State and local",26237,"i3gstlc1stnr","6","FAAt705","BEA_API"
1973,89,"State and local",28193,"i3gstlc1stnr","6","FAAt705","BEA_API"
1974,89,"State and local",33840,"i3gstlc1stnr","6","FAAt705","BEA_API"
1975,89,"State and local",37039,"i3gstlc1stnr","6","FAAt705","BEA_API"
1976,89,"State and local",37153,"i3gstlc1stnr","6","FAAt705","BEA_API"
1977,89,"State and local",35711,"i3gstlc1stnr","6","FAAt705","BEA_API"
1978,89,"State and local",41650,"i3gstlc1stnr","6","FAAt705","BEA_API"
1979,89,"State and local",47492,"i3gstlc1stnr","6","FAAt705","BEA_API"
1980,89,"State and local",53187,"i3gstlc1stnr","6","FAAt705","BEA_API"
1981,89,"State and local",53120,"i3gstlc1stnr","6","FAAt705","BEA_API"
1982,89,"State and local",52053,"i3gstlc1stnr","6","FAAt705","BEA_API"
1983,89,"State and local",51781,"i3gstlc1stnr","6","FAAt705","BEA_API"
1984,89,"State and local",58137,"i3gstlc1stnr","6","FAAt705","BEA_API"
1985,89,"State and local",64936,"i3gstlc1stnr","6","FAAt705","BEA_API"
1986,89,"State and local",71500,"i3gstlc1stnr","6","FAAt705","BEA_API"
1987,89,"State and local",76003,"i3gstlc1stnr","6","FAAt705","BEA_API"
1988,89,"State and local",81898,"i3gstlc1stnr","6","FAAt705","BEA_API"
1989,89,"State and local",85745,"i3gstlc1stnr","6","FAAt705","BEA_API"
1990,89,"State and local",95174,"i3gstlc1stnr","6","FAAt705","BEA_API"
1991,89,"State and local",99623,"i3gstlc1stnr","6","FAAt705","BEA_API"
1992,89,"State and local",100317,"i3gstlc1stnr","6","FAAt705","BEA_API"
1993,89,"State and local",100807,"i3gstlc1stnr","6","FAAt705","BEA_API"
1994,89,"State and local",105369,"i3gstlc1stnr","6","FAAt705","BEA_API"
1995,89,"State and local",113248,"i3gstlc1stnr","6","FAAt705","BEA_API"
1996,89,"State and local",122610,"i3gstlc1stnr","6","FAAt705","BEA_API"
1997,89,"State and local",132030,"i3gstlc1stnr","6","FAAt705","BEA_API"
1998,89,"State and local",141574,"i3gstlc1stnr","6","FAAt705","BEA_API"
1999,89,"State and local",154962,"i3gstlc1stnr","6","FAAt705","BEA_API"
2000,89,"State and local",169797,"i3gstlc1stnr","6","FAAt705","BEA_API"
2001,89,"State and local",185250,"i3gstlc1stnr","6","FAAt705","BEA_API"
2002,89,"State and local",198364,"i3gstlc1stnr","6","FAAt705","BEA_API"
2003,89,"State and local",205494,"i3gstlc1stnr","6","FAAt705","BEA_API"
2004,89,"State and local",212713,"i3gstlc1stnr","6","FAAt705","BEA_API"
2005,89,"State and local",224800,"i3gstlc1stnr","6","FAAt705","BEA_API"
2006,89,"State and local",245108,"i3gstlc1stnr","6","FAAt705","BEA_API"
2007,89,"State and local",265194,"i3gstlc1stnr","6","FAAt705","BEA_API"
2008,89,"State and local",277659,"i3gstlc1stnr","6","FAAt705","BEA_API"
2009,89,"State and local",281817,"i3gstlc1stnr","6","FAAt705","BEA_API"
2010,89,"State and local",272617,"i3gstlc1stnr","6","FAAt705","BEA_API"
2011,89,"State and local",267222,"i3gstlc1stnr","6","FAAt705","BEA_API"
2012,89,"State and local",260088,"i3gstlc1stnr","6","FAAt705","BEA_API"
2013,89,"State and local",254853,"i3gstlc1stnr","6","FAAt705","BEA_API"
2014,89,"State and local",261412,"i3gstlc1stnr","6","FAAt705","BEA_API"
2015,89,"State and local",276712,"i3gstlc1stnr","6","FAAt705","BEA_API"
2016,89,"State and local",287510,"i3gstlc1stnr","6","FAAt705","BEA_API"
2017,89,"State and local",299462,"i3gstlc1stnr","6","FAAt705","BEA_API"
2018,89,"State and local",318643,"i3gstlc1stnr","6","FAAt705","BEA_API"
2019,89,"State and local",338026,"i3gstlc1stnr","6","FAAt705","BEA_API"
2020,89,"State and local",344534,"i3gstlc1stnr","6","FAAt705","BEA_API"
2021,89,"State and local",336899,"i3gstlc1stnr","6","FAAt705","BEA_API"
2022,89,"State and local",358762,"i3gstlc1stnr","6","FAAt705","BEA_API"
2023,89,"State and local",415370,"i3gstlc1stnr","6","FAAt705","BEA_API"
2024,89,"State and local",456502,"i3gstlc1stnr","6","FAAt705","BEA_API"
1920,90,"Intellectual property products",18,"i3gtotl1ip00","6","FAAt705","BEA_API"
1921,90,"Intellectual property products",20,"i3gtotl1ip00","6","FAAt705","BEA_API"
1922,90,"Intellectual property products",21,"i3gtotl1ip00","6","FAAt705","BEA_API"
1923,90,"Intellectual property products",21,"i3gtotl1ip00","6","FAAt705","BEA_API"
1924,90,"Intellectual property products",22,"i3gtotl1ip00","6","FAAt705","BEA_API"
1925,90,"Intellectual property products",23,"i3gtotl1ip00","6","FAAt705","BEA_API"
1926,90,"Intellectual property products",24,"i3gtotl1ip00","6","FAAt705","BEA_API"
1927,90,"Intellectual property products",25,"i3gtotl1ip00","6","FAAt705","BEA_API"
1928,90,"Intellectual property products",26,"i3gtotl1ip00","6","FAAt705","BEA_API"
1929,90,"Intellectual property products",62,"i3gtotl1ip00","6","FAAt705","BEA_API"
1930,90,"Intellectual property products",80,"i3gtotl1ip00","6","FAAt705","BEA_API"
1931,90,"Intellectual property products",94,"i3gtotl1ip00","6","FAAt705","BEA_API"
1932,90,"Intellectual property products",115,"i3gtotl1ip00","6","FAAt705","BEA_API"
1933,90,"Intellectual property products",105,"i3gtotl1ip00","6","FAAt705","BEA_API"
1934,90,"Intellectual property products",92,"i3gtotl1ip00","6","FAAt705","BEA_API"
1935,90,"Intellectual property products",91,"i3gtotl1ip00","6","FAAt705","BEA_API"
1936,90,"Intellectual property products",103,"i3gtotl1ip00","6","FAAt705","BEA_API"
1937,90,"Intellectual property products",107,"i3gtotl1ip00","6","FAAt705","BEA_API"
1938,90,"Intellectual property products",118,"i3gtotl1ip00","6","FAAt705","BEA_API"
1939,90,"Intellectual property products",126,"i3gtotl1ip00","6","FAAt705","BEA_API"
1940,90,"Intellectual property products",137,"i3gtotl1ip00","6","FAAt705","BEA_API"
1941,90,"Intellectual property products",324,"i3gtotl1ip00","6","FAAt705","BEA_API"
1942,90,"Intellectual property products",508,"i3gtotl1ip00","6","FAAt705","BEA_API"
1943,90,"Intellectual property products",933,"i3gtotl1ip00","6","FAAt705","BEA_API"
1944,90,"Intellectual property products",1553,"i3gtotl1ip00","6","FAAt705","BEA_API"
1945,90,"Intellectual property products",1530,"i3gtotl1ip00","6","FAAt705","BEA_API"
1946,90,"Intellectual property products",1407,"i3gtotl1ip00","6","FAAt705","BEA_API"
1947,90,"Intellectual property products",1389,"i3gtotl1ip00","6","FAAt705","BEA_API"
1948,90,"Intellectual property products",1594,"i3gtotl1ip00","6","FAAt705","BEA_API"
1949,90,"Intellectual property products",1723,"i3gtotl1ip00","6","FAAt705","BEA_API"
1950,90,"Intellectual property products",1883,"i3gtotl1ip00","6","FAAt705","BEA_API"
1951,90,"Intellectual property products",2103,"i3gtotl1ip00","6","FAAt705","BEA_API"
1952,90,"Intellectual property products",2376,"i3gtotl1ip00","6","FAAt705","BEA_API"
1953,90,"Intellectual property products",2684,"i3gtotl1ip00","6","FAAt705","BEA_API"
1954,90,"Intellectual property products",3042,"i3gtotl1ip00","6","FAAt705","BEA_API"
1955,90,"Intellectual property products",3586,"i3gtotl1ip00","6","FAAt705","BEA_API"
1956,90,"Intellectual property products",4846,"i3gtotl1ip00","6","FAAt705","BEA_API"
1957,90,"Intellectual property products",5880,"i3gtotl1ip00","6","FAAt705","BEA_API"
1958,90,"Intellectual property products",6427,"i3gtotl1ip00","6","FAAt705","BEA_API"
1959,90,"Intellectual property products",7005,"i3gtotl1ip00","6","FAAt705","BEA_API"
1960,90,"Intellectual property products",7828,"i3gtotl1ip00","6","FAAt705","BEA_API"
1961,90,"Intellectual property products",8807,"i3gtotl1ip00","6","FAAt705","BEA_API"
1962,90,"Intellectual property products",9867,"i3gtotl1ip00","6","FAAt705","BEA_API"
1963,90,"Intellectual property products",11705,"i3gtotl1ip00","6","FAAt705","BEA_API"
1964,90,"Intellectual property products",12920,"i3gtotl1ip00","6","FAAt705","BEA_API"
1965,90,"Intellectual property products",13804,"i3gtotl1ip00","6","FAAt705","BEA_API"
1966,90,"Intellectual property products",15404,"i3gtotl1ip00","6","FAAt705","BEA_API"
1967,90,"Intellectual property products",16179,"i3gtotl1ip00","6","FAAt705","BEA_API"
1968,90,"Intellectual property products",17044,"i3gtotl1ip00","6","FAAt705","BEA_API"
1969,90,"Intellectual property products",17724,"i3gtotl1ip00","6","FAAt705","BEA_API"
1970,90,"Intellectual property products",17584,"i3gtotl1ip00","6","FAAt705","BEA_API"
1971,90,"Intellectual property products",18054,"i3gtotl1ip00","6","FAAt705","BEA_API"
1972,90,"Intellectual property products",19305,"i3gtotl1ip00","6","FAAt705","BEA_API"
1973,90,"Intellectual property products",20344,"i3gtotl1ip00","6","FAAt705","BEA_API"
1974,90,"Intellectual property products",21489,"i3gtotl1ip00","6","FAAt705","BEA_API"
1975,90,"Intellectual property products",23279,"i3gtotl1ip00","6","FAAt705","BEA_API"
1976,90,"Intellectual property products",25522,"i3gtotl1ip00","6","FAAt705","BEA_API"
1977,90,"Intellectual property products",27892,"i3gtotl1ip00","6","FAAt705","BEA_API"
1978,90,"Intellectual property products",31023,"i3gtotl1ip00","6","FAAt705","BEA_API"
1979,90,"Intellectual property products",35010,"i3gtotl1ip00","6","FAAt705","BEA_API"
1980,90,"Intellectual property products",39561,"i3gtotl1ip00","6","FAAt705","BEA_API"
1981,90,"Intellectual property products",45021,"i3gtotl1ip00","6","FAAt705","BEA_API"
1982,90,"Intellectual property products",49653,"i3gtotl1ip00","6","FAAt705","BEA_API"
1983,90,"Intellectual property products",55217,"i3gtotl1ip00","6","FAAt705","BEA_API"
1984,90,"Intellectual property products",62229,"i3gtotl1ip00","6","FAAt705","BEA_API"
1985,90,"Intellectual property products",70994,"i3gtotl1ip00","6","FAAt705","BEA_API"
1986,90,"Intellectual property products",75207,"i3gtotl1ip00","6","FAAt705","BEA_API"
1987,90,"Intellectual property products",81717,"i3gtotl1ip00","6","FAAt705","BEA_API"
1988,90,"Intellectual property products",85124,"i3gtotl1ip00","6","FAAt705","BEA_API"
1989,90,"Intellectual property products",87786,"i3gtotl1ip00","6","FAAt705","BEA_API"
1990,90,"Intellectual property products",91124,"i3gtotl1ip00","6","FAAt705","BEA_API"
1991,90,"Intellectual property products",91418,"i3gtotl1ip00","6","FAAt705","BEA_API"
1992,90,"Intellectual property products",91607,"i3gtotl1ip00","6","FAAt705","BEA_API"
1993,90,"Intellectual property products",91397,"i3gtotl1ip00","6","FAAt705","BEA_API"
1994,90,"Intellectual property products",92034,"i3gtotl1ip00","6","FAAt705","BEA_API"
1995,90,"Intellectual property products",94044,"i3gtotl1ip00","6","FAAt705","BEA_API"
1996,90,"Intellectual property products",95492,"i3gtotl1ip00","6","FAAt705","BEA_API"
1997,90,"Intellectual property products",98339,"i3gtotl1ip00","6","FAAt705","BEA_API"
1998,90,"Intellectual property products",102296,"i3gtotl1ip00","6","FAAt705","BEA_API"
1999,90,"Intellectual property products",106533,"i3gtotl1ip00","6","FAAt705","BEA_API"
2000,90,"Intellectual property products",113150,"i3gtotl1ip00","6","FAAt705","BEA_API"
2001,90,"Intellectual property products",119681,"i3gtotl1ip00","6","FAAt705","BEA_API"
2002,90,"Intellectual property products",127130,"i3gtotl1ip00","6","FAAt705","BEA_API"
2003,90,"Intellectual property products",135697,"i3gtotl1ip00","6","FAAt705","BEA_API"
2004,90,"Intellectual property products",144050,"i3gtotl1ip00","6","FAAt705","BEA_API"
2005,90,"Intellectual property products",152421,"i3gtotl1ip00","6","FAAt705","BEA_API"
2006,90,"Intellectual property products",159067,"i3gtotl1ip00","6","FAAt705","BEA_API"
2007,90,"Intellectual property products",166652,"i3gtotl1ip00","6","FAAt705","BEA_API"
2008,90,"Intellectual property products",173416,"i3gtotl1ip00","6","FAAt705","BEA_API"
2009,90,"Intellectual property products",175536,"i3gtotl1ip00","6","FAAt705","BEA_API"
2010,90,"Intellectual property products",181592,"i3gtotl1ip00","6","FAAt705","BEA_API"
2011,90,"Intellectual property products",185455,"i3gtotl1ip00","6","FAAt705","BEA_API"
2012,90,"Intellectual property products",186158,"i3gtotl1ip00","6","FAAt705","BEA_API"
2013,90,"Intellectual property products",189208,"i3gtotl1ip00","6","FAAt705","BEA_API"
2014,90,"Intellectual property products",190341,"i3gtotl1ip00","6","FAAt705","BEA_API"
2015,90,"Intellectual property products",197095,"i3gtotl1ip00","6","FAAt705","BEA_API"
2016,90,"Intellectual property products",204438,"i3gtotl1ip00","6","FAAt705","BEA_API"
2017,90,"Intellectual property products",217745,"i3gtotl1ip00","6","FAAt705","BEA_API"
2018,90,"Intellectual property products",231856,"i3gtotl1ip00","6","FAAt705","BEA_API"
2019,90,"Intellectual property products",243226,"i3gtotl1ip00","6","FAAt705","BEA_API"
2020,90,"Intellectual property products",269979,"i3gtotl1ip00","6","FAAt705","BEA_API"
2021,90,"Intellectual property products",294158,"i3gtotl1ip00","6","FAAt705","BEA_API"
2022,90,"Intellectual property products",327289,"i3gtotl1ip00","6","FAAt705","BEA_API"
2023,90,"Intellectual property products",333953,"i3gtotl1ip00","6","FAAt705","BEA_API"
2024,90,"Intellectual property products",354828,"i3gtotl1ip00","6","FAAt705","BEA_API"
