"year","line_number","line_desc","value","series_code","unit","table_name","source"
1925,1,"Government fixed assets",38417,"k1gtotl1es00","6","FAAt701","BEA_API"
1926,1,"Government fixed assets",39000,"k1gtotl1es00","6","FAAt701","BEA_API"
1927,1,"Government fixed assets",40485,"k1gtotl1es00","6","FAAt701","BEA_API"
1928,1,"Government fixed assets",40824,"k1gtotl1es00","6","FAAt701","BEA_API"
1929,1,"Government fixed assets",42708,"k1gtotl1es00","6","FAAt701","BEA_API"
1930,1,"Government fixed assets",42341,"k1gtotl1es00","6","FAAt701","BEA_API"
1931,1,"Government fixed assets",40039,"k1gtotl1es00","6","FAAt701","BEA_API"
1932,1,"Government fixed assets",34744,"k1gtotl1es00","6","FAAt701","BEA_API"
1933,1,"Government fixed assets",39787,"k1gtotl1es00","6","FAAt701","BEA_API"
1934,1,"Government fixed assets",47435,"k1gtotl1es00","6","FAAt701","BEA_API"
1935,1,"Government fixed assets",47721,"k1gtotl1es00","6","FAAt701","BEA_API"
1936,1,"Government fixed assets",54634,"k1gtotl1es00","6","FAAt701","BEA_API"
1937,1,"Government fixed assets",58128,"k1gtotl1es00","6","FAAt701","BEA_API"
1938,1,"Government fixed assets",60704,"k1gtotl1es00","6","FAAt701","BEA_API"
1939,1,"Government fixed assets",62538,"k1gtotl1es00","6","FAAt701","BEA_API"
1940,1,"Government fixed assets",66075,"k1gtotl1es00","6","FAAt701","BEA_API"
1941,1,"Government fixed assets",82658,"k1gtotl1es00","6","FAAt701","BEA_API"
1942,1,"Government fixed assets",122468,"k1gtotl1es00","6","FAAt701","BEA_API"
1943,1,"Government fixed assets",161591,"k1gtotl1es00","6","FAAt701","BEA_API"
1944,1,"Government fixed assets",183988,"k1gtotl1es00","6","FAAt701","BEA_API"
1945,1,"Government fixed assets",201825,"k1gtotl1es00","6","FAAt701","BEA_API"
1946,1,"Government fixed assets",205567,"k1gtotl1es00","6","FAAt701","BEA_API"
1947,1,"Government fixed assets",217519,"k1gtotl1es00","6","FAAt701","BEA_API"
1948,1,"Government fixed assets",217840,"k1gtotl1es00","6","FAAt701","BEA_API"
1949,1,"Government fixed assets",203931,"k1gtotl1es00","6","FAAt701","BEA_API"
1950,1,"Government fixed assets",216205,"k1gtotl1es00","6","FAAt701","BEA_API"
1951,1,"Government fixed assets",243401,"k1gtotl1es00","6","FAAt701","BEA_API"
1952,1,"Government fixed assets",261037,"k1gtotl1es00","6","FAAt701","BEA_API"
1953,1,"Government fixed assets",268009,"k1gtotl1es00","6","FAAt701","BEA_API"
1954,1,"Government fixed assets",284736,"k1gtotl1es00","6","FAAt701","BEA_API"
1955,1,"Government fixed assets",308296,"k1gtotl1es00","6","FAAt701","BEA_API"
1956,1,"Government fixed assets",343017,"k1gtotl1es00","6","FAAt701","BEA_API"
1957,1,"Government fixed assets",360537,"k1gtotl1es00","6","FAAt701","BEA_API"
1958,1,"Government fixed assets",381025,"k1gtotl1es00","6","FAAt701","BEA_API"
1959,1,"Government fixed assets",393056,"k1gtotl1es00","6","FAAt701","BEA_API"
1960,1,"Government fixed assets",409472,"k1gtotl1es00","6","FAAt701","BEA_API"
1961,1,"Government fixed assets",432451,"k1gtotl1es00","6","FAAt701","BEA_API"
1962,1,"Government fixed assets",462292,"k1gtotl1es00","6","FAAt701","BEA_API"
1963,1,"Government fixed assets",488620,"k1gtotl1es00","6","FAAt701","BEA_API"
1964,1,"Government fixed assets",515547,"k1gtotl1es00","6","FAAt701","BEA_API"
1965,1,"Government fixed assets",551245,"k1gtotl1es00","6","FAAt701","BEA_API"
1966,1,"Government fixed assets",597548,"k1gtotl1es00","6","FAAt701","BEA_API"
1967,1,"Government fixed assets",648590,"k1gtotl1es00","6","FAAt701","BEA_API"
1968,1,"Government fixed assets",706409,"k1gtotl1es00","6","FAAt701","BEA_API"
1969,1,"Government fixed assets",780845,"k1gtotl1es00","6","FAAt701","BEA_API"
1970,1,"Government fixed assets",869502,"k1gtotl1es00","6","FAAt701","BEA_API"
1971,1,"Government fixed assets",941602,"k1gtotl1es00","6","FAAt701","BEA_API"
1972,1,"Government fixed assets",1027577,"k1gtotl1es00","6","FAAt701","BEA_API"
1973,1,"Government fixed assets",1163366,"k1gtotl1es00","6","FAAt701","BEA_API"
1974,1,"Government fixed assets",1419023,"k1gtotl1es00","6","FAAt701","BEA_API"
1975,1,"Government fixed assets",1490455,"k1gtotl1es00","6","FAAt701","BEA_API"
1976,1,"Government fixed assets",1578046,"k1gtotl1es00","6","FAAt701","BEA_API"
1977,1,"Government fixed assets",1679286,"k1gtotl1es00","6","FAAt701","BEA_API"
1978,1,"Government fixed assets",1847126,"k1gtotl1es00","6","FAAt701","BEA_API"
1979,1,"Government fixed assets",2095088,"k1gtotl1es00","6","FAAt701","BEA_API"
1980,1,"Government fixed assets",2393614,"k1gtotl1es00","6","FAAt701","BEA_API"
1981,1,"Government fixed assets",2629317,"k1gtotl1es00","6","FAAt701","BEA_API"
1982,1,"Government fixed assets",2786054,"k1gtotl1es00","6","FAAt701","BEA_API"
1983,1,"Government fixed assets",2868288,"k1gtotl1es00","6","FAAt701","BEA_API"
1984,1,"Government fixed assets",3026455,"k1gtotl1es00","6","FAAt701","BEA_API"
1985,1,"Government fixed assets",3138872,"k1gtotl1es00","6","FAAt701","BEA_API"
1986,1,"Government fixed assets",3316351,"k1gtotl1es00","6","FAAt701","BEA_API"
1987,1,"Government fixed assets",3497604,"k1gtotl1es00","6","FAAt701","BEA_API"
1988,1,"Government fixed assets",3690604,"k1gtotl1es00","6","FAAt701","BEA_API"
1989,1,"Government fixed assets",3889312,"k1gtotl1es00","6","FAAt701","BEA_API"
1990,1,"Government fixed assets",4080975,"k1gtotl1es00","6","FAAt701","BEA_API"
1991,1,"Government fixed assets",4212523,"k1gtotl1es00","6","FAAt701","BEA_API"
1992,1,"Government fixed assets",4388836,"k1gtotl1es00","6","FAAt701","BEA_API"
1993,1,"Government fixed assets",4577775,"k1gtotl1es00","6","FAAt701","BEA_API"
1994,1,"Government fixed assets",4822715,"k1gtotl1es00","6","FAAt701","BEA_API"
1995,1,"Government fixed assets",5046697,"k1gtotl1es00","6","FAAt701","BEA_API"
1996,1,"Government fixed assets",5231912,"k1gtotl1es00","6","FAAt701","BEA_API"
1997,1,"Government fixed assets",5464277,"k1gtotl1es00","6","FAAt701","BEA_API"
1998,1,"Government fixed assets",5695238,"k1gtotl1es00","6","FAAt701","BEA_API"
1999,1,"Government fixed assets",6013774,"k1gtotl1es00","6","FAAt701","BEA_API"
2000,1,"Government fixed assets",6338975,"k1gtotl1es00","6","FAAt701","BEA_API"
2001,1,"Government fixed assets",6602096,"k1gtotl1es00","6","FAAt701","BEA_API"
2002,1,"Government fixed assets",6896757,"k1gtotl1es00","6","FAAt701","BEA_API"
2003,1,"Government fixed assets",7195735,"k1gtotl1es00","6","FAAt701","BEA_API"
2004,1,"Government fixed assets",7974171,"k1gtotl1es00","6","FAAt701","BEA_API"
2005,1,"Government fixed assets",8710513,"k1gtotl1es00","6","FAAt701","BEA_API"
2006,1,"Government fixed assets",9606555,"k1gtotl1es00","6","FAAt701","BEA_API"
2007,1,"Government fixed assets",10352130,"k1gtotl1es00","6","FAAt701","BEA_API"
2008,1,"Government fixed assets",11035226,"k1gtotl1es00","6","FAAt701","BEA_API"
2009,1,"Government fixed assets",11087181,"k1gtotl1es00","6","FAAt701","BEA_API"
2010,1,"Government fixed assets",11514230,"k1gtotl1es00","6","FAAt701","BEA_API"
2011,1,"Government fixed assets",12129534,"k1gtotl1es00","6","FAAt701","BEA_API"
2012,1,"Government fixed assets",12516317,"k1gtotl1es00","6","FAAt701","BEA_API"
2013,1,"Government fixed assets",12946162,"k1gtotl1es00","6","FAAt701","BEA_API"
2014,1,"Government fixed assets",13247315,"k1gtotl1es00","6","FAAt701","BEA_API"
2015,1,"Government fixed assets",13442449,"k1gtotl1es00","6","FAAt701","BEA_API"
2016,1,"Government fixed assets",13837294,"k1gtotl1es00","6","FAAt701","BEA_API"
2017,1,"Government fixed assets",14407260,"k1gtotl1es00","6","FAAt701","BEA_API"
2018,1,"Government fixed assets",15158515,"k1gtotl1es00","6","FAAt701","BEA_API"
2019,1,"Government fixed assets",15690975,"k1gtotl1es00","6","FAAt701","BEA_API"
2020,1,"Government fixed assets",16255179,"k1gtotl1es00","6","FAAt701","BEA_API"
2021,1,"Government fixed assets",18144872,"k1gtotl1es00","6","FAAt701","BEA_API"
2022,1,"Government fixed assets",20047331,"k1gtotl1es00","6","FAAt701","BEA_API"
2023,1,"Government fixed assets",20591542,"k1gtotl1es00","6","FAAt701","BEA_API"
2024,1,"Government fixed assets",21272014,"k1gtotl1es00","6","FAAt701","BEA_API"
1925,2,"Equipment",2745,"k1gtotl1eq00","6","FAAt701","BEA_API"
1926,2,"Equipment",2720,"k1gtotl1eq00","6","FAAt701","BEA_API"
1927,2,"Equipment",2711,"k1gtotl1eq00","6","FAAt701","BEA_API"
1928,2,"Equipment",2694,"k1gtotl1eq00","6","FAAt701","BEA_API"
1929,2,"Equipment",2495,"k1gtotl1eq00","6","FAAt701","BEA_API"
1930,2,"Equipment",2421,"k1gtotl1eq00","6","FAAt701","BEA_API"
1931,2,"Equipment",2387,"k1gtotl1eq00","6","FAAt701","BEA_API"
1932,2,"Equipment",2337,"k1gtotl1eq00","6","FAAt701","BEA_API"
1933,2,"Equipment",2344,"k1gtotl1eq00","6","FAAt701","BEA_API"
1934,2,"Equipment",2497,"k1gtotl1eq00","6","FAAt701","BEA_API"
1935,2,"Equipment",2636,"k1gtotl1eq00","6","FAAt701","BEA_API"
1936,2,"Equipment",2749,"k1gtotl1eq00","6","FAAt701","BEA_API"
1937,2,"Equipment",2979,"k1gtotl1eq00","6","FAAt701","BEA_API"
1938,2,"Equipment",3113,"k1gtotl1eq00","6","FAAt701","BEA_API"
1939,2,"Equipment",3303,"k1gtotl1eq00","6","FAAt701","BEA_API"
1940,2,"Equipment",3652,"k1gtotl1eq00","6","FAAt701","BEA_API"
1941,2,"Equipment",7104,"k1gtotl1eq00","6","FAAt701","BEA_API"
1942,2,"Equipment",20985,"k1gtotl1eq00","6","FAAt701","BEA_API"
1943,2,"Equipment",46538,"k1gtotl1eq00","6","FAAt701","BEA_API"
1944,2,"Equipment",67446,"k1gtotl1eq00","6","FAAt701","BEA_API"
1945,2,"Equipment",78503,"k1gtotl1eq00","6","FAAt701","BEA_API"
1946,2,"Equipment",70723,"k1gtotl1eq00","6","FAAt701","BEA_API"
1947,2,"Equipment",60020,"k1gtotl1eq00","6","FAAt701","BEA_API"
1948,2,"Equipment",50173,"k1gtotl1eq00","6","FAAt701","BEA_API"
1949,2,"Equipment",42394,"k1gtotl1eq00","6","FAAt701","BEA_API"
1950,2,"Equipment",38421,"k1gtotl1eq00","6","FAAt701","BEA_API"
1951,2,"Equipment",42364,"k1gtotl1eq00","6","FAAt701","BEA_API"
1952,2,"Equipment",48980,"k1gtotl1eq00","6","FAAt701","BEA_API"
1953,2,"Equipment",56126,"k1gtotl1eq00","6","FAAt701","BEA_API"
1954,2,"Equipment",62793,"k1gtotl1eq00","6","FAAt701","BEA_API"
1955,2,"Equipment",68258,"k1gtotl1eq00","6","FAAt701","BEA_API"
1956,2,"Equipment",72389,"k1gtotl1eq00","6","FAAt701","BEA_API"
1957,2,"Equipment",74673,"k1gtotl1eq00","6","FAAt701","BEA_API"
1958,2,"Equipment",76201,"k1gtotl1eq00","6","FAAt701","BEA_API"
1959,2,"Equipment",80516,"k1gtotl1eq00","6","FAAt701","BEA_API"
1960,2,"Equipment",83508,"k1gtotl1eq00","6","FAAt701","BEA_API"
1961,2,"Equipment",87508,"k1gtotl1eq00","6","FAAt701","BEA_API"
1962,2,"Equipment",94576,"k1gtotl1eq00","6","FAAt701","BEA_API"
1963,2,"Equipment",96712,"k1gtotl1eq00","6","FAAt701","BEA_API"
1964,2,"Equipment",98851,"k1gtotl1eq00","6","FAAt701","BEA_API"
1965,2,"Equipment",100567,"k1gtotl1eq00","6","FAAt701","BEA_API"
1966,2,"Equipment",104330,"k1gtotl1eq00","6","FAAt701","BEA_API"
1967,2,"Equipment",110174,"k1gtotl1eq00","6","FAAt701","BEA_API"
1968,2,"Equipment",114054,"k1gtotl1eq00","6","FAAt701","BEA_API"
1969,2,"Equipment",117700,"k1gtotl1eq00","6","FAAt701","BEA_API"
1970,2,"Equipment",123242,"k1gtotl1eq00","6","FAAt701","BEA_API"
1971,2,"Equipment",123341,"k1gtotl1eq00","6","FAAt701","BEA_API"
1972,2,"Equipment",127715,"k1gtotl1eq00","6","FAAt701","BEA_API"
1973,2,"Equipment",135902,"k1gtotl1eq00","6","FAAt701","BEA_API"
1974,2,"Equipment",149088,"k1gtotl1eq00","6","FAAt701","BEA_API"
1975,2,"Equipment",165004,"k1gtotl1eq00","6","FAAt701","BEA_API"
1976,2,"Equipment",180660,"k1gtotl1eq00","6","FAAt701","BEA_API"
1977,2,"Equipment",198241,"k1gtotl1eq00","6","FAAt701","BEA_API"
1978,2,"Equipment",221834,"k1gtotl1eq00","6","FAAt701","BEA_API"
1979,2,"Equipment",236059,"k1gtotl1eq00","6","FAAt701","BEA_API"
1980,2,"Equipment",259912,"k1gtotl1eq00","6","FAAt701","BEA_API"
1981,2,"Equipment",286489,"k1gtotl1eq00","6","FAAt701","BEA_API"
1982,2,"Equipment",314838,"k1gtotl1eq00","6","FAAt701","BEA_API"
1983,2,"Equipment",344790,"k1gtotl1eq00","6","FAAt701","BEA_API"
1984,2,"Equipment",403864,"k1gtotl1eq00","6","FAAt701","BEA_API"
1985,2,"Equipment",399795,"k1gtotl1eq00","6","FAAt701","BEA_API"
1986,2,"Equipment",412626,"k1gtotl1eq00","6","FAAt701","BEA_API"
1987,2,"Equipment",430499,"k1gtotl1eq00","6","FAAt701","BEA_API"
1988,2,"Equipment",465756,"k1gtotl1eq00","6","FAAt701","BEA_API"
1989,2,"Equipment",498055,"k1gtotl1eq00","6","FAAt701","BEA_API"
1990,2,"Equipment",534014,"k1gtotl1eq00","6","FAAt701","BEA_API"
1991,2,"Equipment",558687,"k1gtotl1eq00","6","FAAt701","BEA_API"
1992,2,"Equipment",584935,"k1gtotl1eq00","6","FAAt701","BEA_API"
1993,2,"Equipment",608257,"k1gtotl1eq00","6","FAAt701","BEA_API"
1994,2,"Equipment",633861,"k1gtotl1eq00","6","FAAt701","BEA_API"
1995,2,"Equipment",641235,"k1gtotl1eq00","6","FAAt701","BEA_API"
1996,2,"Equipment",633541,"k1gtotl1eq00","6","FAAt701","BEA_API"
1997,2,"Equipment",628904,"k1gtotl1eq00","6","FAAt701","BEA_API"
1998,2,"Equipment",638979,"k1gtotl1eq00","6","FAAt701","BEA_API"
1999,2,"Equipment",660451,"k1gtotl1eq00","6","FAAt701","BEA_API"
2000,2,"Equipment",654941,"k1gtotl1eq00","6","FAAt701","BEA_API"
2001,2,"Equipment",650599,"k1gtotl1eq00","6","FAAt701","BEA_API"
2002,2,"Equipment",666566,"k1gtotl1eq00","6","FAAt701","BEA_API"
2003,2,"Equipment",685517,"k1gtotl1eq00","6","FAAt701","BEA_API"
2004,2,"Equipment",711094,"k1gtotl1eq00","6","FAAt701","BEA_API"
2005,2,"Equipment",735274,"k1gtotl1eq00","6","FAAt701","BEA_API"
2006,2,"Equipment",767890,"k1gtotl1eq00","6","FAAt701","BEA_API"
2007,2,"Equipment",803489,"k1gtotl1eq00","6","FAAt701","BEA_API"
2008,2,"Equipment",855124,"k1gtotl1eq00","6","FAAt701","BEA_API"
2009,2,"Equipment",885683,"k1gtotl1eq00","6","FAAt701","BEA_API"
2010,2,"Equipment",923473,"k1gtotl1eq00","6","FAAt701","BEA_API"
2011,2,"Equipment",954867,"k1gtotl1eq00","6","FAAt701","BEA_API"
2012,2,"Equipment",968931,"k1gtotl1eq00","6","FAAt701","BEA_API"
2013,2,"Equipment",981145,"k1gtotl1eq00","6","FAAt701","BEA_API"
2014,2,"Equipment",990179,"k1gtotl1eq00","6","FAAt701","BEA_API"
2015,2,"Equipment",987932,"k1gtotl1eq00","6","FAAt701","BEA_API"
2016,2,"Equipment",996434,"k1gtotl1eq00","6","FAAt701","BEA_API"
2017,2,"Equipment",1014162,"k1gtotl1eq00","6","FAAt701","BEA_API"
2018,2,"Equipment",1045320,"k1gtotl1eq00","6","FAAt701","BEA_API"
2019,2,"Equipment",1075597,"k1gtotl1eq00","6","FAAt701","BEA_API"
2020,2,"Equipment",1111294,"k1gtotl1eq00","6","FAAt701","BEA_API"
2021,2,"Equipment",1190815,"k1gtotl1eq00","6","FAAt701","BEA_API"
2022,2,"Equipment",1263533,"k1gtotl1eq00","6","FAAt701","BEA_API"
2023,2,"Equipment",1314629,"k1gtotl1eq00","6","FAAt701","BEA_API"
2024,2,"Equipment",1347534,"k1gtotl1eq00","6","FAAt701","BEA_API"
1925,3,"Structures",35580,"k1gtotl1st00","6","FAAt701","BEA_API"
1926,3,"Structures",36177,"k1gtotl1st00","6","FAAt701","BEA_API"
1927,3,"Structures",37661,"k1gtotl1st00","6","FAAt701","BEA_API"
1928,3,"Structures",38008,"k1gtotl1st00","6","FAAt701","BEA_API"
1929,3,"Structures",40049,"k1gtotl1st00","6","FAAt701","BEA_API"
1930,3,"Structures",39708,"k1gtotl1st00","6","FAAt701","BEA_API"
1931,3,"Structures",37390,"k1gtotl1st00","6","FAAt701","BEA_API"
1932,3,"Structures",32088,"k1gtotl1st00","6","FAAt701","BEA_API"
1933,3,"Structures",37068,"k1gtotl1st00","6","FAAt701","BEA_API"
1934,3,"Structures",44531,"k1gtotl1st00","6","FAAt701","BEA_API"
1935,3,"Structures",44647,"k1gtotl1st00","6","FAAt701","BEA_API"
1936,3,"Structures",51390,"k1gtotl1st00","6","FAAt701","BEA_API"
1937,3,"Structures",54613,"k1gtotl1st00","6","FAAt701","BEA_API"
1938,3,"Structures",57027,"k1gtotl1st00","6","FAAt701","BEA_API"
1939,3,"Structures",58643,"k1gtotl1st00","6","FAAt701","BEA_API"
1940,3,"Structures",61796,"k1gtotl1st00","6","FAAt701","BEA_API"
1941,3,"Structures",74672,"k1gtotl1st00","6","FAAt701","BEA_API"
1942,3,"Structures",100146,"k1gtotl1st00","6","FAAt701","BEA_API"
1943,3,"Structures",112800,"k1gtotl1st00","6","FAAt701","BEA_API"
1944,3,"Structures",113074,"k1gtotl1st00","6","FAAt701","BEA_API"
1945,3,"Structures",119019,"k1gtotl1st00","6","FAAt701","BEA_API"
1946,3,"Structures",129798,"k1gtotl1st00","6","FAAt701","BEA_API"
1947,3,"Structures",151959,"k1gtotl1st00","6","FAAt701","BEA_API"
1948,3,"Structures",161517,"k1gtotl1st00","6","FAAt701","BEA_API"
1949,3,"Structures",154772,"k1gtotl1st00","6","FAAt701","BEA_API"
1950,3,"Structures",170048,"k1gtotl1st00","6","FAAt701","BEA_API"
1951,3,"Structures",192246,"k1gtotl1st00","6","FAAt701","BEA_API"
1952,3,"Structures",202418,"k1gtotl1st00","6","FAAt701","BEA_API"
1953,3,"Structures",201334,"k1gtotl1st00","6","FAAt701","BEA_API"
1954,3,"Structures",210303,"k1gtotl1st00","6","FAAt701","BEA_API"
1955,3,"Structures",226696,"k1gtotl1st00","6","FAAt701","BEA_API"
1956,3,"Structures",254760,"k1gtotl1st00","6","FAAt701","BEA_API"
1957,3,"Structures",266891,"k1gtotl1st00","6","FAAt701","BEA_API"
1958,3,"Structures",282767,"k1gtotl1st00","6","FAAt701","BEA_API"
1959,3,"Structures",287588,"k1gtotl1st00","6","FAAt701","BEA_API"
1960,3,"Structures",297887,"k1gtotl1st00","6","FAAt701","BEA_API"
1961,3,"Structures",313383,"k1gtotl1st00","6","FAAt701","BEA_API"
1962,3,"Structures",332400,"k1gtotl1st00","6","FAAt701","BEA_API"
1963,3,"Structures",351295,"k1gtotl1st00","6","FAAt701","BEA_API"
1964,3,"Structures",370371,"k1gtotl1st00","6","FAAt701","BEA_API"
1965,3,"Structures",398450,"k1gtotl1st00","6","FAAt701","BEA_API"
1966,3,"Structures",434119,"k1gtotl1st00","6","FAAt701","BEA_API"
1967,3,"Structures",471853,"k1gtotl1st00","6","FAAt701","BEA_API"
1968,3,"Structures",517283,"k1gtotl1st00","6","FAAt701","BEA_API"
1969,3,"Structures",578301,"k1gtotl1st00","6","FAAt701","BEA_API"
1970,3,"Structures",651591,"k1gtotl1st00","6","FAAt701","BEA_API"
1971,3,"Structures",715605,"k1gtotl1st00","6","FAAt701","BEA_API"
1972,3,"Structures",789015,"k1gtotl1st00","6","FAAt701","BEA_API"
1973,3,"Structures",903699,"k1gtotl1st00","6","FAAt701","BEA_API"
1974,3,"Structures",1131049,"k1gtotl1st00","6","FAAt701","BEA_API"
1975,3,"Structures",1175812,"k1gtotl1st00","6","FAAt701","BEA_API"
1976,3,"Structures",1236554,"k1gtotl1st00","6","FAAt701","BEA_API"
1977,3,"Structures",1306972,"k1gtotl1st00","6","FAAt701","BEA_API"
1978,3,"Structures",1434708,"k1gtotl1st00","6","FAAt701","BEA_API"
1979,3,"Structures",1645682,"k1gtotl1st00","6","FAAt701","BEA_API"
1980,3,"Structures",1892751,"k1gtotl1st00","6","FAAt701","BEA_API"
1981,3,"Structures",2072647,"k1gtotl1st00","6","FAAt701","BEA_API"
1982,3,"Structures",2177401,"k1gtotl1st00","6","FAAt701","BEA_API"
1983,3,"Structures",2206162,"k1gtotl1st00","6","FAAt701","BEA_API"
1984,3,"Structures",2281472,"k1gtotl1st00","6","FAAt701","BEA_API"
1985,3,"Structures",2374246,"k1gtotl1st00","6","FAAt701","BEA_API"
1986,3,"Structures",2518081,"k1gtotl1st00","6","FAAt701","BEA_API"
1987,3,"Structures",2650794,"k1gtotl1st00","6","FAAt701","BEA_API"
1988,3,"Structures",2776430,"k1gtotl1st00","6","FAAt701","BEA_API"
1989,3,"Structures",2917308,"k1gtotl1st00","6","FAAt701","BEA_API"
1990,3,"Structures",3048746,"k1gtotl1st00","6","FAAt701","BEA_API"
1991,3,"Structures",3136242,"k1gtotl1st00","6","FAAt701","BEA_API"
1992,3,"Structures",3269948,"k1gtotl1st00","6","FAAt701","BEA_API"
1993,3,"Structures",3423084,"k1gtotl1st00","6","FAAt701","BEA_API"
1994,3,"Structures",3624048,"k1gtotl1st00","6","FAAt701","BEA_API"
1995,3,"Structures",3826226,"k1gtotl1st00","6","FAAt701","BEA_API"
1996,3,"Structures",4011947,"k1gtotl1st00","6","FAAt701","BEA_API"
1997,3,"Structures",4236913,"k1gtotl1st00","6","FAAt701","BEA_API"
1998,3,"Structures",4443661,"k1gtotl1st00","6","FAAt701","BEA_API"
1999,3,"Structures",4719141,"k1gtotl1st00","6","FAAt701","BEA_API"
2000,3,"Structures",5027756,"k1gtotl1st00","6","FAAt701","BEA_API"
2001,3,"Structures",5282993,"k1gtotl1st00","6","FAAt701","BEA_API"
2002,3,"Structures",5541067,"k1gtotl1st00","6","FAAt701","BEA_API"
2003,3,"Structures",5784004,"k1gtotl1st00","6","FAAt701","BEA_API"
2004,3,"Structures",6500520,"k1gtotl1st00","6","FAAt701","BEA_API"
2005,3,"Structures",7171867,"k1gtotl1st00","6","FAAt701","BEA_API"
2006,3,"Structures",7999332,"k1gtotl1st00","6","FAAt701","BEA_API"
2007,3,"Structures",8658500,"k1gtotl1st00","6","FAAt701","BEA_API"
2008,3,"Structures",9252263,"k1gtotl1st00","6","FAAt701","BEA_API"
2009,3,"Structures",9245147,"k1gtotl1st00","6","FAAt701","BEA_API"
2010,3,"Structures",9578603,"k1gtotl1st00","6","FAAt701","BEA_API"
2011,3,"Structures",10134420,"k1gtotl1st00","6","FAAt701","BEA_API"
2012,3,"Structures",10483436,"k1gtotl1st00","6","FAAt701","BEA_API"
2013,3,"Structures",10863592,"k1gtotl1st00","6","FAAt701","BEA_API"
2014,3,"Structures",11141087,"k1gtotl1st00","6","FAAt701","BEA_API"
2015,3,"Structures",11338057,"k1gtotl1st00","6","FAAt701","BEA_API"
2016,3,"Structures",11693473,"k1gtotl1st00","6","FAAt701","BEA_API"
2017,3,"Structures",12198734,"k1gtotl1st00","6","FAAt701","BEA_API"
2018,3,"Structures",12868264,"k1gtotl1st00","6","FAAt701","BEA_API"
2019,3,"Structures",13345351,"k1gtotl1st00","6","FAAt701","BEA_API"
2020,3,"Structures",13804846,"k1gtotl1st00","6","FAAt701","BEA_API"
2021,3,"Structures",15517633,"k1gtotl1st00","6","FAAt701","BEA_API"
2022,3,"Structures",17235233,"k1gtotl1st00","6","FAAt701","BEA_API"
2023,3,"Structures",17663871,"k1gtotl1st00","6","FAAt701","BEA_API"
2024,3,"Structures",18216189,"k1gtotl1st00","6","FAAt701","BEA_API"
1925,4,"Residential",0,"k1gtotl1sa00","6","FAAt701","BEA_API"
1926,4,"Residential",0,"k1gtotl1sa00","6","FAAt701","BEA_API"
1927,4,"Residential",0,"k1gtotl1sa00","6","FAAt701","BEA_API"
1928,4,"Residential",0,"k1gtotl1sa00","6","FAAt701","BEA_API"
1929,4,"Residential",6,"k1gtotl1sa00","6","FAAt701","BEA_API"
1930,4,"Residential",10,"k1gtotl1sa00","6","FAAt701","BEA_API"
1931,4,"Residential",12,"k1gtotl1sa00","6","FAAt701","BEA_API"
1932,4,"Residential",14,"k1gtotl1sa00","6","FAAt701","BEA_API"
1933,4,"Residential",16,"k1gtotl1sa00","6","FAAt701","BEA_API"
1934,4,"Residential",22,"k1gtotl1sa00","6","FAAt701","BEA_API"
1935,4,"Residential",36,"k1gtotl1sa00","6","FAAt701","BEA_API"
1936,4,"Residential",127,"k1gtotl1sa00","6","FAAt701","BEA_API"
1937,4,"Residential",256,"k1gtotl1sa00","6","FAAt701","BEA_API"
1938,4,"Residential",294,"k1gtotl1sa00","6","FAAt701","BEA_API"
1939,4,"Residential",357,"k1gtotl1sa00","6","FAAt701","BEA_API"
1940,4,"Residential",552,"k1gtotl1sa00","6","FAAt701","BEA_API"
1941,4,"Residential",1123,"k1gtotl1sa00","6","FAAt701","BEA_API"
1942,4,"Residential",1907,"k1gtotl1sa00","6","FAAt701","BEA_API"
1943,4,"Residential",2978,"k1gtotl1sa00","6","FAAt701","BEA_API"
1944,4,"Residential",3337,"k1gtotl1sa00","6","FAAt701","BEA_API"
1945,4,"Residential",3585,"k1gtotl1sa00","6","FAAt701","BEA_API"
1946,4,"Residential",4266,"k1gtotl1sa00","6","FAAt701","BEA_API"
1947,4,"Residential",5571,"k1gtotl1sa00","6","FAAt701","BEA_API"
1948,4,"Residential",4947,"k1gtotl1sa00","6","FAAt701","BEA_API"
1949,4,"Residential",5102,"k1gtotl1sa00","6","FAAt701","BEA_API"
1950,4,"Residential",6260,"k1gtotl1sa00","6","FAAt701","BEA_API"
1951,4,"Residential",7745,"k1gtotl1sa00","6","FAAt701","BEA_API"
1952,4,"Residential",7192,"k1gtotl1sa00","6","FAAt701","BEA_API"
1953,4,"Residential",7608,"k1gtotl1sa00","6","FAAt701","BEA_API"
1954,4,"Residential",10256,"k1gtotl1sa00","6","FAAt701","BEA_API"
1955,4,"Residential",7274,"k1gtotl1sa00","6","FAAt701","BEA_API"
1956,4,"Residential",8612,"k1gtotl1sa00","6","FAAt701","BEA_API"
1957,4,"Residential",9039,"k1gtotl1sa00","6","FAAt701","BEA_API"
1958,4,"Residential",9830,"k1gtotl1sa00","6","FAAt701","BEA_API"
1959,4,"Residential",10697,"k1gtotl1sa00","6","FAAt701","BEA_API"
1960,4,"Residential",11317,"k1gtotl1sa00","6","FAAt701","BEA_API"
1961,4,"Residential",12069,"k1gtotl1sa00","6","FAAt701","BEA_API"
1962,4,"Residential",12896,"k1gtotl1sa00","6","FAAt701","BEA_API"
1963,4,"Residential",13143,"k1gtotl1sa00","6","FAAt701","BEA_API"
1964,4,"Residential",13957,"k1gtotl1sa00","6","FAAt701","BEA_API"
1965,4,"Residential",14640,"k1gtotl1sa00","6","FAAt701","BEA_API"
1966,4,"Residential",15694,"k1gtotl1sa00","6","FAAt701","BEA_API"
1967,4,"Residential",16477,"k1gtotl1sa00","6","FAAt701","BEA_API"
1968,4,"Residential",18490,"k1gtotl1sa00","6","FAAt701","BEA_API"
1969,4,"Residential",20531,"k1gtotl1sa00","6","FAAt701","BEA_API"
1970,4,"Residential",21899,"k1gtotl1sa00","6","FAAt701","BEA_API"
1971,4,"Residential",24543,"k1gtotl1sa00","6","FAAt701","BEA_API"
1972,4,"Residential",27490,"k1gtotl1sa00","6","FAAt701","BEA_API"
1973,4,"Residential",31049,"k1gtotl1sa00","6","FAAt701","BEA_API"
1974,4,"Residential",34698,"k1gtotl1sa00","6","FAAt701","BEA_API"
1975,4,"Residential",37990,"k1gtotl1sa00","6","FAAt701","BEA_API"
1976,4,"Residential",42407,"k1gtotl1sa00","6","FAAt701","BEA_API"
1977,4,"Residential",48797,"k1gtotl1sa00","6","FAAt701","BEA_API"
1978,4,"Residential",56455,"k1gtotl1sa00","6","FAAt701","BEA_API"
1979,4,"Residential",67256,"k1gtotl1sa00","6","FAAt701","BEA_API"
1980,4,"Residential",73672,"k1gtotl1sa00","6","FAAt701","BEA_API"
1981,4,"Residential",80744,"k1gtotl1sa00","6","FAAt701","BEA_API"
1982,4,"Residential",85611,"k1gtotl1sa00","6","FAAt701","BEA_API"
1983,4,"Residential",95947,"k1gtotl1sa00","6","FAAt701","BEA_API"
1984,4,"Residential",99391,"k1gtotl1sa00","6","FAAt701","BEA_API"
1985,4,"Residential",100309,"k1gtotl1sa00","6","FAAt701","BEA_API"
1986,4,"Residential",103813,"k1gtotl1sa00","6","FAAt701","BEA_API"
1987,4,"Residential",113324,"k1gtotl1sa00","6","FAAt701","BEA_API"
1988,4,"Residential",128496,"k1gtotl1sa00","6","FAAt701","BEA_API"
1989,4,"Residential",137294,"k1gtotl1sa00","6","FAAt701","BEA_API"
1990,4,"Residential",141753,"k1gtotl1sa00","6","FAAt701","BEA_API"
1991,4,"Residential",142628,"k1gtotl1sa00","6","FAAt701","BEA_API"
1992,4,"Residential",150951,"k1gtotl1sa00","6","FAAt701","BEA_API"
1993,4,"Residential",161610,"k1gtotl1sa00","6","FAAt701","BEA_API"
1994,4,"Residential",172428,"k1gtotl1sa00","6","FAAt701","BEA_API"
1995,4,"Residential",178667,"k1gtotl1sa00","6","FAAt701","BEA_API"
1996,4,"Residential",186467,"k1gtotl1sa00","6","FAAt701","BEA_API"
1997,4,"Residential",194940,"k1gtotl1sa00","6","FAAt701","BEA_API"
1998,4,"Residential",204823,"k1gtotl1sa00","6","FAAt701","BEA_API"
1999,4,"Residential",217601,"k1gtotl1sa00","6","FAAt701","BEA_API"
2000,4,"Residential",229376,"k1gtotl1sa00","6","FAAt701","BEA_API"
2001,4,"Residential",244030,"k1gtotl1sa00","6","FAAt701","BEA_API"
2002,4,"Residential",257405,"k1gtotl1sa00","6","FAAt701","BEA_API"
2003,4,"Residential",275468,"k1gtotl1sa00","6","FAAt701","BEA_API"
2004,4,"Residential",302804,"k1gtotl1sa00","6","FAAt701","BEA_API"
2005,4,"Residential",331729,"k1gtotl1sa00","6","FAAt701","BEA_API"
2006,4,"Residential",346735,"k1gtotl1sa00","6","FAAt701","BEA_API"
2007,4,"Residential",344499,"k1gtotl1sa00","6","FAAt701","BEA_API"
2008,4,"Residential",335632,"k1gtotl1sa00","6","FAAt701","BEA_API"
2009,4,"Residential",329473,"k1gtotl1sa00","6","FAAt701","BEA_API"
2010,4,"Residential",332205,"k1gtotl1sa00","6","FAAt701","BEA_API"
2011,4,"Residential",336676,"k1gtotl1sa00","6","FAAt701","BEA_API"
2012,4,"Residential",347231,"k1gtotl1sa00","6","FAAt701","BEA_API"
2013,4,"Residential",370984,"k1gtotl1sa00","6","FAAt701","BEA_API"
2014,4,"Residential",384773,"k1gtotl1sa00","6","FAAt701","BEA_API"
2015,4,"Residential",392203,"k1gtotl1sa00","6","FAAt701","BEA_API"
2016,4,"Residential",415504,"k1gtotl1sa00","6","FAAt701","BEA_API"
2017,4,"Residential",428355,"k1gtotl1sa00","6","FAAt701","BEA_API"
2018,4,"Residential",448937,"k1gtotl1sa00","6","FAAt701","BEA_API"
2019,4,"Residential",461991,"k1gtotl1sa00","6","FAAt701","BEA_API"
2020,4,"Residential",481636,"k1gtotl1sa00","6","FAAt701","BEA_API"
2021,4,"Residential",530697,"k1gtotl1sa00","6","FAAt701","BEA_API"
2022,4,"Residential",563793,"k1gtotl1sa00","6","FAAt701","BEA_API"
2023,4,"Residential",570888,"k1gtotl1sa00","6","FAAt701","BEA_API"
2024,4,"Residential",598458,"k1gtotl1sa00","6","FAAt701","BEA_API"
1925,5,"Industrial",0,"k1gtotl1sj00","6","FAAt701","BEA_API"
1926,5,"Industrial",0,"k1gtotl1sj00","6","FAAt701","BEA_API"
1927,5,"Industrial",0,"k1gtotl1sj00","6","FAAt701","BEA_API"
1928,5,"Industrial",0,"k1gtotl1sj00","6","FAAt701","BEA_API"
1929,5,"Industrial",0,"k1gtotl1sj00","6","FAAt701","BEA_API"
1930,5,"Industrial",0,"k1gtotl1sj00","6","FAAt701","BEA_API"
1931,5,"Industrial",0,"k1gtotl1sj00","6","FAAt701","BEA_API"
1932,5,"Industrial",0,"k1gtotl1sj00","6","FAAt701","BEA_API"
1933,5,"Industrial",3,"k1gtotl1sj00","6","FAAt701","BEA_API"
1934,5,"Industrial",20,"k1gtotl1sj00","6","FAAt701","BEA_API"
1935,5,"Industrial",25,"k1gtotl1sj00","6","FAAt701","BEA_API"
1936,5,"Industrial",78,"k1gtotl1sj00","6","FAAt701","BEA_API"
1937,5,"Industrial",133,"k1gtotl1sj00","6","FAAt701","BEA_API"
1938,5,"Industrial",188,"k1gtotl1sj00","6","FAAt701","BEA_API"
1939,5,"Industrial",212,"k1gtotl1sj00","6","FAAt701","BEA_API"
1940,5,"Industrial",438,"k1gtotl1sj00","6","FAAt701","BEA_API"
1941,5,"Industrial",2415,"k1gtotl1sj00","6","FAAt701","BEA_API"
1942,5,"Industrial",7617,"k1gtotl1sj00","6","FAAt701","BEA_API"
1943,5,"Industrial",10058,"k1gtotl1sj00","6","FAAt701","BEA_API"
1944,5,"Industrial",11425,"k1gtotl1sj00","6","FAAt701","BEA_API"
1945,5,"Industrial",13699,"k1gtotl1sj00","6","FAAt701","BEA_API"
1946,5,"Industrial",13468,"k1gtotl1sj00","6","FAAt701","BEA_API"
1947,5,"Industrial",12541,"k1gtotl1sj00","6","FAAt701","BEA_API"
1948,5,"Industrial",13229,"k1gtotl1sj00","6","FAAt701","BEA_API"
1949,5,"Industrial",12578,"k1gtotl1sj00","6","FAAt701","BEA_API"
1950,5,"Industrial",12679,"k1gtotl1sj00","6","FAAt701","BEA_API"
1951,5,"Industrial",14698,"k1gtotl1sj00","6","FAAt701","BEA_API"
1952,5,"Industrial",16118,"k1gtotl1sj00","6","FAAt701","BEA_API"
1953,5,"Industrial",17198,"k1gtotl1sj00","6","FAAt701","BEA_API"
1954,5,"Industrial",18042,"k1gtotl1sj00","6","FAAt701","BEA_API"
1955,5,"Industrial",19007,"k1gtotl1sj00","6","FAAt701","BEA_API"
1956,5,"Industrial",20576,"k1gtotl1sj00","6","FAAt701","BEA_API"
1957,5,"Industrial",22023,"k1gtotl1sj00","6","FAAt701","BEA_API"
1958,5,"Industrial",22326,"k1gtotl1sj00","6","FAAt701","BEA_API"
1959,5,"Industrial",20419,"k1gtotl1sj00","6","FAAt701","BEA_API"
1960,5,"Industrial",19713,"k1gtotl1sj00","6","FAAt701","BEA_API"
1961,5,"Industrial",19973,"k1gtotl1sj00","6","FAAt701","BEA_API"
1962,5,"Industrial",19647,"k1gtotl1sj00","6","FAAt701","BEA_API"
1963,5,"Industrial",19785,"k1gtotl1sj00","6","FAAt701","BEA_API"
1964,5,"Industrial",19589,"k1gtotl1sj00","6","FAAt701","BEA_API"
1965,5,"Industrial",20716,"k1gtotl1sj00","6","FAAt701","BEA_API"
1966,5,"Industrial",21155,"k1gtotl1sj00","6","FAAt701","BEA_API"
1967,5,"Industrial",22797,"k1gtotl1sj00","6","FAAt701","BEA_API"
1968,5,"Industrial",22861,"k1gtotl1sj00","6","FAAt701","BEA_API"
1969,5,"Industrial",24466,"k1gtotl1sj00","6","FAAt701","BEA_API"
1970,5,"Industrial",25778,"k1gtotl1sj00","6","FAAt701","BEA_API"
1971,5,"Industrial",28025,"k1gtotl1sj00","6","FAAt701","BEA_API"
1972,5,"Industrial",27921,"k1gtotl1sj00","6","FAAt701","BEA_API"
1973,5,"Industrial",30463,"k1gtotl1sj00","6","FAAt701","BEA_API"
1974,5,"Industrial",36349,"k1gtotl1sj00","6","FAAt701","BEA_API"
1975,5,"Industrial",34911,"k1gtotl1sj00","6","FAAt701","BEA_API"
1976,5,"Industrial",34880,"k1gtotl1sj00","6","FAAt701","BEA_API"
1977,5,"Industrial",35709,"k1gtotl1sj00","6","FAAt701","BEA_API"
1978,5,"Industrial",37396,"k1gtotl1sj00","6","FAAt701","BEA_API"
1979,5,"Industrial",41133,"k1gtotl1sj00","6","FAAt701","BEA_API"
1980,5,"Industrial",45901,"k1gtotl1sj00","6","FAAt701","BEA_API"
1981,5,"Industrial",49443,"k1gtotl1sj00","6","FAAt701","BEA_API"
1982,5,"Industrial",50540,"k1gtotl1sj00","6","FAAt701","BEA_API"
1983,5,"Industrial",49865,"k1gtotl1sj00","6","FAAt701","BEA_API"
1984,5,"Industrial",50056,"k1gtotl1sj00","6","FAAt701","BEA_API"
1985,5,"Industrial",50838,"k1gtotl1sj00","6","FAAt701","BEA_API"
1986,5,"Industrial",52162,"k1gtotl1sj00","6","FAAt701","BEA_API"
1987,5,"Industrial",53834,"k1gtotl1sj00","6","FAAt701","BEA_API"
1988,5,"Industrial",54655,"k1gtotl1sj00","6","FAAt701","BEA_API"
1989,5,"Industrial",56141,"k1gtotl1sj00","6","FAAt701","BEA_API"
1990,5,"Industrial",57550,"k1gtotl1sj00","6","FAAt701","BEA_API"
1991,5,"Industrial",57411,"k1gtotl1sj00","6","FAAt701","BEA_API"
1992,5,"Industrial",57432,"k1gtotl1sj00","6","FAAt701","BEA_API"
1993,5,"Industrial",57280,"k1gtotl1sj00","6","FAAt701","BEA_API"
1994,5,"Industrial",58205,"k1gtotl1sj00","6","FAAt701","BEA_API"
1995,5,"Industrial",59156,"k1gtotl1sj00","6","FAAt701","BEA_API"
1996,5,"Industrial",60108,"k1gtotl1sj00","6","FAAt701","BEA_API"
1997,5,"Industrial",61297,"k1gtotl1sj00","6","FAAt701","BEA_API"
1998,5,"Industrial",62033,"k1gtotl1sj00","6","FAAt701","BEA_API"
1999,5,"Industrial",62883,"k1gtotl1sj00","6","FAAt701","BEA_API"
2000,5,"Industrial",63915,"k1gtotl1sj00","6","FAAt701","BEA_API"
2001,5,"Industrial",64218,"k1gtotl1sj00","6","FAAt701","BEA_API"
2002,5,"Industrial",64824,"k1gtotl1sj00","6","FAAt701","BEA_API"
2003,5,"Industrial",65251,"k1gtotl1sj00","6","FAAt701","BEA_API"
2004,5,"Industrial",69924,"k1gtotl1sj00","6","FAAt701","BEA_API"
2005,5,"Industrial",74052,"k1gtotl1sj00","6","FAAt701","BEA_API"
2006,5,"Industrial",78653,"k1gtotl1sj00","6","FAAt701","BEA_API"
2007,5,"Industrial",80748,"k1gtotl1sj00","6","FAAt701","BEA_API"
2008,5,"Industrial",80442,"k1gtotl1sj00","6","FAAt701","BEA_API"
2009,5,"Industrial",75238,"k1gtotl1sj00","6","FAAt701","BEA_API"
2010,5,"Industrial",73933,"k1gtotl1sj00","6","FAAt701","BEA_API"
2011,5,"Industrial",74513,"k1gtotl1sj00","6","FAAt701","BEA_API"
2012,5,"Industrial",75149,"k1gtotl1sj00","6","FAAt701","BEA_API"
2013,5,"Industrial",77039,"k1gtotl1sj00","6","FAAt701","BEA_API"
2014,5,"Industrial",77630,"k1gtotl1sj00","6","FAAt701","BEA_API"
2015,5,"Industrial",77846,"k1gtotl1sj00","6","FAAt701","BEA_API"
2016,5,"Industrial",80073,"k1gtotl1sj00","6","FAAt701","BEA_API"
2017,5,"Industrial",81914,"k1gtotl1sj00","6","FAAt701","BEA_API"
2018,5,"Industrial",84461,"k1gtotl1sj00","6","FAAt701","BEA_API"
2019,5,"Industrial",86063,"k1gtotl1sj00","6","FAAt701","BEA_API"
2020,5,"Industrial",87584,"k1gtotl1sj00","6","FAAt701","BEA_API"
2021,5,"Industrial",95651,"k1gtotl1sj00","6","FAAt701","BEA_API"
2022,5,"Industrial",102802,"k1gtotl1sj00","6","FAAt701","BEA_API"
2023,5,"Industrial",106089,"k1gtotl1sj00","6","FAAt701","BEA_API"
2024,5,"Industrial",108660,"k1gtotl1sj00","6","FAAt701","BEA_API"
1925,6,"Office",594,"k1gtotl1sd00","6","FAAt701","BEA_API"
1926,6,"Office",631,"k1gtotl1sd00","6","FAAt701","BEA_API"
1927,6,"Office",668,"k1gtotl1sd00","6","FAAt701","BEA_API"
1928,6,"Office",694,"k1gtotl1sd00","6","FAAt701","BEA_API"
1929,6,"Office",739,"k1gtotl1sd00","6","FAAt701","BEA_API"
1930,6,"Office",729,"k1gtotl1sd00","6","FAAt701","BEA_API"
1931,6,"Office",688,"k1gtotl1sd00","6","FAAt701","BEA_API"
1932,6,"Office",613,"k1gtotl1sd00","6","FAAt701","BEA_API"
1933,6,"Office",630,"k1gtotl1sd00","6","FAAt701","BEA_API"
1934,6,"Office",749,"k1gtotl1sd00","6","FAAt701","BEA_API"
1935,6,"Office",780,"k1gtotl1sd00","6","FAAt701","BEA_API"
1936,6,"Office",941,"k1gtotl1sd00","6","FAAt701","BEA_API"
1937,6,"Office",1162,"k1gtotl1sd00","6","FAAt701","BEA_API"
1938,6,"Office",1286,"k1gtotl1sd00","6","FAAt701","BEA_API"
1939,6,"Office",1368,"k1gtotl1sd00","6","FAAt701","BEA_API"
1940,6,"Office",1459,"k1gtotl1sd00","6","FAAt701","BEA_API"
1941,6,"Office",1619,"k1gtotl1sd00","6","FAAt701","BEA_API"
1942,6,"Office",1679,"k1gtotl1sd00","6","FAAt701","BEA_API"
1943,6,"Office",1748,"k1gtotl1sd00","6","FAAt701","BEA_API"
1944,6,"Office",1774,"k1gtotl1sd00","6","FAAt701","BEA_API"
1945,6,"Office",1842,"k1gtotl1sd00","6","FAAt701","BEA_API"
1946,6,"Office",1884,"k1gtotl1sd00","6","FAAt701","BEA_API"
1947,6,"Office",2422,"k1gtotl1sd00","6","FAAt701","BEA_API"
1948,6,"Office",2563,"k1gtotl1sd00","6","FAAt701","BEA_API"
1949,6,"Office",2614,"k1gtotl1sd00","6","FAAt701","BEA_API"
1950,6,"Office",2991,"k1gtotl1sd00","6","FAAt701","BEA_API"
1951,6,"Office",3490,"k1gtotl1sd00","6","FAAt701","BEA_API"
1952,6,"Office",3615,"k1gtotl1sd00","6","FAAt701","BEA_API"
1953,6,"Office",3824,"k1gtotl1sd00","6","FAAt701","BEA_API"
1954,6,"Office",4071,"k1gtotl1sd00","6","FAAt701","BEA_API"
1955,6,"Office",4584,"k1gtotl1sd00","6","FAAt701","BEA_API"
1956,6,"Office",5114,"k1gtotl1sd00","6","FAAt701","BEA_API"
1957,6,"Office",5536,"k1gtotl1sd00","6","FAAt701","BEA_API"
1958,6,"Office",6026,"k1gtotl1sd00","6","FAAt701","BEA_API"
1959,6,"Office",6588,"k1gtotl1sd00","6","FAAt701","BEA_API"
1960,6,"Office",6854,"k1gtotl1sd00","6","FAAt701","BEA_API"
1961,6,"Office",7406,"k1gtotl1sd00","6","FAAt701","BEA_API"
1962,6,"Office",8354,"k1gtotl1sd00","6","FAAt701","BEA_API"
1963,6,"Office",9454,"k1gtotl1sd00","6","FAAt701","BEA_API"
1964,6,"Office",10261,"k1gtotl1sd00","6","FAAt701","BEA_API"
1965,6,"Office",11793,"k1gtotl1sd00","6","FAAt701","BEA_API"
1966,6,"Office",13332,"k1gtotl1sd00","6","FAAt701","BEA_API"
1967,6,"Office",14858,"k1gtotl1sd00","6","FAAt701","BEA_API"
1968,6,"Office",17273,"k1gtotl1sd00","6","FAAt701","BEA_API"
1969,6,"Office",20047,"k1gtotl1sd00","6","FAAt701","BEA_API"
1970,6,"Office",22391,"k1gtotl1sd00","6","FAAt701","BEA_API"
1971,6,"Office",25851,"k1gtotl1sd00","6","FAAt701","BEA_API"
1972,6,"Office",29048,"k1gtotl1sd00","6","FAAt701","BEA_API"
1973,6,"Office",33277,"k1gtotl1sd00","6","FAAt701","BEA_API"
1974,6,"Office",40124,"k1gtotl1sd00","6","FAAt701","BEA_API"
1975,6,"Office",44238,"k1gtotl1sd00","6","FAAt701","BEA_API"
1976,6,"Office",49349,"k1gtotl1sd00","6","FAAt701","BEA_API"
1977,6,"Office",56068,"k1gtotl1sd00","6","FAAt701","BEA_API"
1978,6,"Office",64668,"k1gtotl1sd00","6","FAAt701","BEA_API"
1979,6,"Office",74877,"k1gtotl1sd00","6","FAAt701","BEA_API"
1980,6,"Office",86311,"k1gtotl1sd00","6","FAAt701","BEA_API"
1981,6,"Office",95495,"k1gtotl1sd00","6","FAAt701","BEA_API"
1982,6,"Office",102475,"k1gtotl1sd00","6","FAAt701","BEA_API"
1983,6,"Office",108310,"k1gtotl1sd00","6","FAAt701","BEA_API"
1984,6,"Office",115300,"k1gtotl1sd00","6","FAAt701","BEA_API"
1985,6,"Office",121927,"k1gtotl1sd00","6","FAAt701","BEA_API"
1986,6,"Office",131200,"k1gtotl1sd00","6","FAAt701","BEA_API"
1987,6,"Office",140569,"k1gtotl1sd00","6","FAAt701","BEA_API"
1988,6,"Office",149214,"k1gtotl1sd00","6","FAAt701","BEA_API"
1989,6,"Office",158849,"k1gtotl1sd00","6","FAAt701","BEA_API"
1990,6,"Office",168195,"k1gtotl1sd00","6","FAAt701","BEA_API"
1991,6,"Office",174447,"k1gtotl1sd00","6","FAAt701","BEA_API"
1992,6,"Office",184124,"k1gtotl1sd00","6","FAAt701","BEA_API"
1993,6,"Office",196870,"k1gtotl1sd00","6","FAAt701","BEA_API"
1994,6,"Office",212174,"k1gtotl1sd00","6","FAAt701","BEA_API"
1995,6,"Office",224603,"k1gtotl1sd00","6","FAAt701","BEA_API"
1996,6,"Office",240142,"k1gtotl1sd00","6","FAAt701","BEA_API"
1997,6,"Office",262259,"k1gtotl1sd00","6","FAAt701","BEA_API"
1998,6,"Office",285426,"k1gtotl1sd00","6","FAAt701","BEA_API"
1999,6,"Office",310166,"k1gtotl1sd00","6","FAAt701","BEA_API"
2000,6,"Office",332110,"k1gtotl1sd00","6","FAAt701","BEA_API"
2001,6,"Office",352341,"k1gtotl1sd00","6","FAAt701","BEA_API"
2002,6,"Office",377517,"k1gtotl1sd00","6","FAAt701","BEA_API"
2003,6,"Office",403589,"k1gtotl1sd00","6","FAAt701","BEA_API"
2004,6,"Office",457885,"k1gtotl1sd00","6","FAAt701","BEA_API"
2005,6,"Office",519927,"k1gtotl1sd00","6","FAAt701","BEA_API"
2006,6,"Office",577564,"k1gtotl1sd00","6","FAAt701","BEA_API"
2007,6,"Office",615408,"k1gtotl1sd00","6","FAAt701","BEA_API"
2008,6,"Office",668887,"k1gtotl1sd00","6","FAAt701","BEA_API"
2009,6,"Office",656197,"k1gtotl1sd00","6","FAAt701","BEA_API"
2010,6,"Office",670745,"k1gtotl1sd00","6","FAAt701","BEA_API"
2011,6,"Office",709786,"k1gtotl1sd00","6","FAAt701","BEA_API"
2012,6,"Office",728581,"k1gtotl1sd00","6","FAAt701","BEA_API"
2013,6,"Office",760477,"k1gtotl1sd00","6","FAAt701","BEA_API"
2014,6,"Office",789181,"k1gtotl1sd00","6","FAAt701","BEA_API"
2015,6,"Office",813431,"k1gtotl1sd00","6","FAAt701","BEA_API"
2016,6,"Office",835857,"k1gtotl1sd00","6","FAAt701","BEA_API"
2017,6,"Office",868432,"k1gtotl1sd00","6","FAAt701","BEA_API"
2018,6,"Office",926520,"k1gtotl1sd00","6","FAAt701","BEA_API"
2019,6,"Office",967206,"k1gtotl1sd00","6","FAAt701","BEA_API"
2020,6,"Office",1006661,"k1gtotl1sd00","6","FAAt701","BEA_API"
2021,6,"Office",1171094,"k1gtotl1sd00","6","FAAt701","BEA_API"
2022,6,"Office",1400231,"k1gtotl1sd00","6","FAAt701","BEA_API"
2023,6,"Office",1418611,"k1gtotl1sd00","6","FAAt701","BEA_API"
2024,6,"Office",1471606,"k1gtotl1sd00","6","FAAt701","BEA_API"
1925,7,"Commercial",568,"k1gtotl1se00","6","FAAt701","BEA_API"
1926,7,"Commercial",578,"k1gtotl1se00","6","FAAt701","BEA_API"
1927,7,"Commercial",586,"k1gtotl1se00","6","FAAt701","BEA_API"
1928,7,"Commercial",578,"k1gtotl1se00","6","FAAt701","BEA_API"
1929,7,"Commercial",576,"k1gtotl1se00","6","FAAt701","BEA_API"
1930,7,"Commercial",537,"k1gtotl1se00","6","FAAt701","BEA_API"
1931,7,"Commercial",488,"k1gtotl1se00","6","FAAt701","BEA_API"
1932,7,"Commercial",466,"k1gtotl1se00","6","FAAt701","BEA_API"
1933,7,"Commercial",540,"k1gtotl1se00","6","FAAt701","BEA_API"
1934,7,"Commercial",642,"k1gtotl1se00","6","FAAt701","BEA_API"
1935,7,"Commercial",749,"k1gtotl1se00","6","FAAt701","BEA_API"
1936,7,"Commercial",956,"k1gtotl1se00","6","FAAt701","BEA_API"
1937,7,"Commercial",1149,"k1gtotl1se00","6","FAAt701","BEA_API"
1938,7,"Commercial",1263,"k1gtotl1se00","6","FAAt701","BEA_API"
1939,7,"Commercial",1324,"k1gtotl1se00","6","FAAt701","BEA_API"
1940,7,"Commercial",1372,"k1gtotl1se00","6","FAAt701","BEA_API"
1941,7,"Commercial",1504,"k1gtotl1se00","6","FAAt701","BEA_API"
1942,7,"Commercial",1531,"k1gtotl1se00","6","FAAt701","BEA_API"
1943,7,"Commercial",1585,"k1gtotl1se00","6","FAAt701","BEA_API"
1944,7,"Commercial",1633,"k1gtotl1se00","6","FAAt701","BEA_API"
1945,7,"Commercial",1720,"k1gtotl1se00","6","FAAt701","BEA_API"
1946,7,"Commercial",1856,"k1gtotl1se00","6","FAAt701","BEA_API"
1947,7,"Commercial",2102,"k1gtotl1se00","6","FAAt701","BEA_API"
1948,7,"Commercial",2033,"k1gtotl1se00","6","FAAt701","BEA_API"
1949,7,"Commercial",1858,"k1gtotl1se00","6","FAAt701","BEA_API"
1950,7,"Commercial",2017,"k1gtotl1se00","6","FAAt701","BEA_API"
1951,7,"Commercial",2292,"k1gtotl1se00","6","FAAt701","BEA_API"
1952,7,"Commercial",2222,"k1gtotl1se00","6","FAAt701","BEA_API"
1953,7,"Commercial",2140,"k1gtotl1se00","6","FAAt701","BEA_API"
1954,7,"Commercial",2152,"k1gtotl1se00","6","FAAt701","BEA_API"
1955,7,"Commercial",2293,"k1gtotl1se00","6","FAAt701","BEA_API"
1956,7,"Commercial",2348,"k1gtotl1se00","6","FAAt701","BEA_API"
1957,7,"Commercial",2465,"k1gtotl1se00","6","FAAt701","BEA_API"
1958,7,"Commercial",2592,"k1gtotl1se00","6","FAAt701","BEA_API"
1959,7,"Commercial",2820,"k1gtotl1se00","6","FAAt701","BEA_API"
1960,7,"Commercial",2704,"k1gtotl1se00","6","FAAt701","BEA_API"
1961,7,"Commercial",2696,"k1gtotl1se00","6","FAAt701","BEA_API"
1962,7,"Commercial",2997,"k1gtotl1se00","6","FAAt701","BEA_API"
1963,7,"Commercial",3309,"k1gtotl1se00","6","FAAt701","BEA_API"
1964,7,"Commercial",3117,"k1gtotl1se00","6","FAAt701","BEA_API"
1965,7,"Commercial",3531,"k1gtotl1se00","6","FAAt701","BEA_API"
1966,7,"Commercial",3889,"k1gtotl1se00","6","FAAt701","BEA_API"
1967,7,"Commercial",4049,"k1gtotl1se00","6","FAAt701","BEA_API"
1968,7,"Commercial",4532,"k1gtotl1se00","6","FAAt701","BEA_API"
1969,7,"Commercial",5035,"k1gtotl1se00","6","FAAt701","BEA_API"
1970,7,"Commercial",5357,"k1gtotl1se00","6","FAAt701","BEA_API"
1971,7,"Commercial",5889,"k1gtotl1se00","6","FAAt701","BEA_API"
1972,7,"Commercial",6335,"k1gtotl1se00","6","FAAt701","BEA_API"
1973,7,"Commercial",6963,"k1gtotl1se00","6","FAAt701","BEA_API"
1974,7,"Commercial",8068,"k1gtotl1se00","6","FAAt701","BEA_API"
1975,7,"Commercial",8372,"k1gtotl1se00","6","FAAt701","BEA_API"
1976,7,"Commercial",9008,"k1gtotl1se00","6","FAAt701","BEA_API"
1977,7,"Commercial",9827,"k1gtotl1se00","6","FAAt701","BEA_API"
1978,7,"Commercial",11211,"k1gtotl1se00","6","FAAt701","BEA_API"
1979,7,"Commercial",11960,"k1gtotl1se00","6","FAAt701","BEA_API"
1980,7,"Commercial",13686,"k1gtotl1se00","6","FAAt701","BEA_API"
1981,7,"Commercial",14859,"k1gtotl1se00","6","FAAt701","BEA_API"
1982,7,"Commercial",15606,"k1gtotl1se00","6","FAAt701","BEA_API"
1983,7,"Commercial",16250,"k1gtotl1se00","6","FAAt701","BEA_API"
1984,7,"Commercial",17025,"k1gtotl1se00","6","FAAt701","BEA_API"
1985,7,"Commercial",17943,"k1gtotl1se00","6","FAAt701","BEA_API"
1986,7,"Commercial",19685,"k1gtotl1se00","6","FAAt701","BEA_API"
1987,7,"Commercial",21495,"k1gtotl1se00","6","FAAt701","BEA_API"
1988,7,"Commercial",22270,"k1gtotl1se00","6","FAAt701","BEA_API"
1989,7,"Commercial",23061,"k1gtotl1se00","6","FAAt701","BEA_API"
1990,7,"Commercial",24015,"k1gtotl1se00","6","FAAt701","BEA_API"
1991,7,"Commercial",24381,"k1gtotl1se00","6","FAAt701","BEA_API"
1992,7,"Commercial",25098,"k1gtotl1se00","6","FAAt701","BEA_API"
1993,7,"Commercial",26147,"k1gtotl1se00","6","FAAt701","BEA_API"
1994,7,"Commercial",27025,"k1gtotl1se00","6","FAAt701","BEA_API"
1995,7,"Commercial",27527,"k1gtotl1se00","6","FAAt701","BEA_API"
1996,7,"Commercial",28560,"k1gtotl1se00","6","FAAt701","BEA_API"
1997,7,"Commercial",29744,"k1gtotl1se00","6","FAAt701","BEA_API"
1998,7,"Commercial",31574,"k1gtotl1se00","6","FAAt701","BEA_API"
1999,7,"Commercial",34604,"k1gtotl1se00","6","FAAt701","BEA_API"
2000,7,"Commercial",35706,"k1gtotl1se00","6","FAAt701","BEA_API"
2001,7,"Commercial",36726,"k1gtotl1se00","6","FAAt701","BEA_API"
2002,7,"Commercial",37825,"k1gtotl1se00","6","FAAt701","BEA_API"
2003,7,"Commercial",39345,"k1gtotl1se00","6","FAAt701","BEA_API"
2004,7,"Commercial",42758,"k1gtotl1se00","6","FAAt701","BEA_API"
2005,7,"Commercial",46251,"k1gtotl1se00","6","FAAt701","BEA_API"
2006,7,"Commercial",49589,"k1gtotl1se00","6","FAAt701","BEA_API"
2007,7,"Commercial",51482,"k1gtotl1se00","6","FAAt701","BEA_API"
2008,7,"Commercial",52587,"k1gtotl1se00","6","FAAt701","BEA_API"
2009,7,"Commercial",49501,"k1gtotl1se00","6","FAAt701","BEA_API"
2010,7,"Commercial",49867,"k1gtotl1se00","6","FAAt701","BEA_API"
2011,7,"Commercial",50969,"k1gtotl1se00","6","FAAt701","BEA_API"
2012,7,"Commercial",52744,"k1gtotl1se00","6","FAAt701","BEA_API"
2013,7,"Commercial",55895,"k1gtotl1se00","6","FAAt701","BEA_API"
2014,7,"Commercial",58269,"k1gtotl1se00","6","FAAt701","BEA_API"
2015,7,"Commercial",60003,"k1gtotl1se00","6","FAAt701","BEA_API"
2016,7,"Commercial",63106,"k1gtotl1se00","6","FAAt701","BEA_API"
2017,7,"Commercial",64901,"k1gtotl1se00","6","FAAt701","BEA_API"
2018,7,"Commercial",68642,"k1gtotl1se00","6","FAAt701","BEA_API"
2019,7,"Commercial",71270,"k1gtotl1se00","6","FAAt701","BEA_API"
2020,7,"Commercial",72487,"k1gtotl1se00","6","FAAt701","BEA_API"
2021,7,"Commercial",78292,"k1gtotl1se00","6","FAAt701","BEA_API"
2022,7,"Commercial",85410,"k1gtotl1se00","6","FAAt701","BEA_API"
2023,7,"Commercial",88522,"k1gtotl1se00","6","FAAt701","BEA_API"
2024,7,"Commercial",90887,"k1gtotl1se00","6","FAAt701","BEA_API"
1925,8,"Health care",902,"k1gtotl1sf00","6","FAAt701","BEA_API"
1926,8,"Health care",954,"k1gtotl1sf00","6","FAAt701","BEA_API"
1927,8,"Health care",1007,"k1gtotl1sf00","6","FAAt701","BEA_API"
1928,8,"Health care",1086,"k1gtotl1sf00","6","FAAt701","BEA_API"
1929,8,"Health care",1159,"k1gtotl1sf00","6","FAAt701","BEA_API"
1930,8,"Health care",1173,"k1gtotl1sf00","6","FAAt701","BEA_API"
1931,8,"Health care",1107,"k1gtotl1sf00","6","FAAt701","BEA_API"
1932,8,"Health care",983,"k1gtotl1sf00","6","FAAt701","BEA_API"
1933,8,"Health care",996,"k1gtotl1sf00","6","FAAt701","BEA_API"
1934,8,"Health care",1178,"k1gtotl1sf00","6","FAAt701","BEA_API"
1935,8,"Health care",1181,"k1gtotl1sf00","6","FAAt701","BEA_API"
1936,8,"Health care",1295,"k1gtotl1sf00","6","FAAt701","BEA_API"
1937,8,"Health care",1548,"k1gtotl1sf00","6","FAAt701","BEA_API"
1938,8,"Health care",1658,"k1gtotl1sf00","6","FAAt701","BEA_API"
1939,8,"Health care",1733,"k1gtotl1sf00","6","FAAt701","BEA_API"
1940,8,"Health care",1824,"k1gtotl1sf00","6","FAAt701","BEA_API"
1941,8,"Health care",1994,"k1gtotl1sf00","6","FAAt701","BEA_API"
1942,8,"Health care",2082,"k1gtotl1sf00","6","FAAt701","BEA_API"
1943,8,"Health care",2222,"k1gtotl1sf00","6","FAAt701","BEA_API"
1944,8,"Health care",2300,"k1gtotl1sf00","6","FAAt701","BEA_API"
1945,8,"Health care",2462,"k1gtotl1sf00","6","FAAt701","BEA_API"
1946,8,"Health care",2920,"k1gtotl1sf00","6","FAAt701","BEA_API"
1947,8,"Health care",4100,"k1gtotl1sf00","6","FAAt701","BEA_API"
1948,8,"Health care",4500,"k1gtotl1sf00","6","FAAt701","BEA_API"
1949,8,"Health care",4751,"k1gtotl1sf00","6","FAAt701","BEA_API"
1950,8,"Health care",5769,"k1gtotl1sf00","6","FAAt701","BEA_API"
1951,8,"Health care",6818,"k1gtotl1sf00","6","FAAt701","BEA_API"
1952,8,"Health care",7213,"k1gtotl1sf00","6","FAAt701","BEA_API"
1953,8,"Health care",7450,"k1gtotl1sf00","6","FAAt701","BEA_API"
1954,8,"Health care",7428,"k1gtotl1sf00","6","FAAt701","BEA_API"
1955,8,"Health care",8203,"k1gtotl1sf00","6","FAAt701","BEA_API"
1956,8,"Health care",9008,"k1gtotl1sf00","6","FAAt701","BEA_API"
1957,8,"Health care",9255,"k1gtotl1sf00","6","FAAt701","BEA_API"
1958,8,"Health care",9471,"k1gtotl1sf00","6","FAAt701","BEA_API"
1959,8,"Health care",10036,"k1gtotl1sf00","6","FAAt701","BEA_API"
1960,8,"Health care",10347,"k1gtotl1sf00","6","FAAt701","BEA_API"
1961,8,"Health care",10696,"k1gtotl1sf00","6","FAAt701","BEA_API"
1962,8,"Health care",11067,"k1gtotl1sf00","6","FAAt701","BEA_API"
1963,8,"Health care",11428,"k1gtotl1sf00","6","FAAt701","BEA_API"
1964,8,"Health care",12073,"k1gtotl1sf00","6","FAAt701","BEA_API"
1965,8,"Health care",12745,"k1gtotl1sf00","6","FAAt701","BEA_API"
1966,8,"Health care",13579,"k1gtotl1sf00","6","FAAt701","BEA_API"
1967,8,"Health care",14408,"k1gtotl1sf00","6","FAAt701","BEA_API"
1968,8,"Health care",16022,"k1gtotl1sf00","6","FAAt701","BEA_API"
1969,8,"Health care",17992,"k1gtotl1sf00","6","FAAt701","BEA_API"
1970,8,"Health care",20133,"k1gtotl1sf00","6","FAAt701","BEA_API"
1971,8,"Health care",22834,"k1gtotl1sf00","6","FAAt701","BEA_API"
1972,8,"Health care",25358,"k1gtotl1sf00","6","FAAt701","BEA_API"
1973,8,"Health care",28322,"k1gtotl1sf00","6","FAAt701","BEA_API"
1974,8,"Health care",33964,"k1gtotl1sf00","6","FAAt701","BEA_API"
1975,8,"Health care",36182,"k1gtotl1sf00","6","FAAt701","BEA_API"
1976,8,"Health care",39372,"k1gtotl1sf00","6","FAAt701","BEA_API"
1977,8,"Health care",43758,"k1gtotl1sf00","6","FAAt701","BEA_API"
1978,8,"Health care",49358,"k1gtotl1sf00","6","FAAt701","BEA_API"
1979,8,"Health care",56687,"k1gtotl1sf00","6","FAAt701","BEA_API"
1980,8,"Health care",64320,"k1gtotl1sf00","6","FAAt701","BEA_API"
1981,8,"Health care",70484,"k1gtotl1sf00","6","FAAt701","BEA_API"
1982,8,"Health care",75005,"k1gtotl1sf00","6","FAAt701","BEA_API"
1983,8,"Health care",78270,"k1gtotl1sf00","6","FAAt701","BEA_API"
1984,8,"Health care",82493,"k1gtotl1sf00","6","FAAt701","BEA_API"
1985,8,"Health care",85933,"k1gtotl1sf00","6","FAAt701","BEA_API"
1986,8,"Health care",90465,"k1gtotl1sf00","6","FAAt701","BEA_API"
1987,8,"Health care",95116,"k1gtotl1sf00","6","FAAt701","BEA_API"
1988,8,"Health care",99668,"k1gtotl1sf00","6","FAAt701","BEA_API"
1989,8,"Health care",104382,"k1gtotl1sf00","6","FAAt701","BEA_API"
1990,8,"Health care",108491,"k1gtotl1sf00","6","FAAt701","BEA_API"
1991,8,"Health care",110456,"k1gtotl1sf00","6","FAAt701","BEA_API"
1992,8,"Health care",114971,"k1gtotl1sf00","6","FAAt701","BEA_API"
1993,8,"Health care",121386,"k1gtotl1sf00","6","FAAt701","BEA_API"
1994,8,"Health care",128681,"k1gtotl1sf00","6","FAAt701","BEA_API"
1995,8,"Health care",133661,"k1gtotl1sf00","6","FAAt701","BEA_API"
1996,8,"Health care",139271,"k1gtotl1sf00","6","FAAt701","BEA_API"
1997,8,"Health care",146346,"k1gtotl1sf00","6","FAAt701","BEA_API"
1998,8,"Health care",153701,"k1gtotl1sf00","6","FAAt701","BEA_API"
1999,8,"Health care",161424,"k1gtotl1sf00","6","FAAt701","BEA_API"
2000,8,"Health care",169156,"k1gtotl1sf00","6","FAAt701","BEA_API"
2001,8,"Health care",176422,"k1gtotl1sf00","6","FAAt701","BEA_API"
2002,8,"Health care",182569,"k1gtotl1sf00","6","FAAt701","BEA_API"
2003,8,"Health care",190319,"k1gtotl1sf00","6","FAAt701","BEA_API"
2004,8,"Health care",207268,"k1gtotl1sf00","6","FAAt701","BEA_API"
2005,8,"Health care",227501,"k1gtotl1sf00","6","FAAt701","BEA_API"
2006,8,"Health care",244746,"k1gtotl1sf00","6","FAAt701","BEA_API"
2007,8,"Health care",254336,"k1gtotl1sf00","6","FAAt701","BEA_API"
2008,8,"Health care",258210,"k1gtotl1sf00","6","FAAt701","BEA_API"
2009,8,"Health care",244912,"k1gtotl1sf00","6","FAAt701","BEA_API"
2010,8,"Health care",246636,"k1gtotl1sf00","6","FAAt701","BEA_API"
2011,8,"Health care",254615,"k1gtotl1sf00","6","FAAt701","BEA_API"
2012,8,"Health care",263127,"k1gtotl1sf00","6","FAAt701","BEA_API"
2013,8,"Health care",278336,"k1gtotl1sf00","6","FAAt701","BEA_API"
2014,8,"Health care",286554,"k1gtotl1sf00","6","FAAt701","BEA_API"
2015,8,"Health care",290684,"k1gtotl1sf00","6","FAAt701","BEA_API"
2016,8,"Health care",294778,"k1gtotl1sf00","6","FAAt701","BEA_API"
2017,8,"Health care",306831,"k1gtotl1sf00","6","FAAt701","BEA_API"
2018,8,"Health care",325221,"k1gtotl1sf00","6","FAAt701","BEA_API"
2019,8,"Health care",338000,"k1gtotl1sf00","6","FAAt701","BEA_API"
2020,8,"Health care",345124,"k1gtotl1sf00","6","FAAt701","BEA_API"
2021,8,"Health care",390691,"k1gtotl1sf00","6","FAAt701","BEA_API"
2022,8,"Health care",463218,"k1gtotl1sf00","6","FAAt701","BEA_API"
2023,8,"Health care",464908,"k1gtotl1sf00","6","FAAt701","BEA_API"
2024,8,"Health care",479088,"k1gtotl1sf00","6","FAAt701","BEA_API"
1925,9,"Educational",5779,"k1gtotl1sg00","6","FAAt701","BEA_API"
1926,9,"Educational",6071,"k1gtotl1sg00","6","FAAt701","BEA_API"
1927,9,"Educational",6263,"k1gtotl1sg00","6","FAAt701","BEA_API"
1928,9,"Educational",6458,"k1gtotl1sg00","6","FAAt701","BEA_API"
1929,9,"Educational",6676,"k1gtotl1sg00","6","FAAt701","BEA_API"
1930,9,"Educational",6436,"k1gtotl1sg00","6","FAAt701","BEA_API"
1931,9,"Educational",5767,"k1gtotl1sg00","6","FAAt701","BEA_API"
1932,9,"Educational",4838,"k1gtotl1sg00","6","FAAt701","BEA_API"
1933,9,"Educational",4718,"k1gtotl1sg00","6","FAAt701","BEA_API"
1934,9,"Educational",5488,"k1gtotl1sg00","6","FAAt701","BEA_API"
1935,9,"Educational",5460,"k1gtotl1sg00","6","FAAt701","BEA_API"
1936,9,"Educational",6011,"k1gtotl1sg00","6","FAAt701","BEA_API"
1937,9,"Educational",7092,"k1gtotl1sg00","6","FAAt701","BEA_API"
1938,9,"Educational",7473,"k1gtotl1sg00","6","FAAt701","BEA_API"
1939,9,"Educational",7717,"k1gtotl1sg00","6","FAAt701","BEA_API"
1940,9,"Educational",8132,"k1gtotl1sg00","6","FAAt701","BEA_API"
1941,9,"Educational",8952,"k1gtotl1sg00","6","FAAt701","BEA_API"
1942,9,"Educational",9438,"k1gtotl1sg00","6","FAAt701","BEA_API"
1943,9,"Educational",10046,"k1gtotl1sg00","6","FAAt701","BEA_API"
1944,9,"Educational",10222,"k1gtotl1sg00","6","FAAt701","BEA_API"
1945,9,"Educational",10733,"k1gtotl1sg00","6","FAAt701","BEA_API"
1946,9,"Educational",12588,"k1gtotl1sg00","6","FAAt701","BEA_API"
1947,9,"Educational",17427,"k1gtotl1sg00","6","FAAt701","BEA_API"
1948,9,"Educational",18525,"k1gtotl1sg00","6","FAAt701","BEA_API"
1949,9,"Educational",17968,"k1gtotl1sg00","6","FAAt701","BEA_API"
1950,9,"Educational",20459,"k1gtotl1sg00","6","FAAt701","BEA_API"
1951,9,"Educational",23745,"k1gtotl1sg00","6","FAAt701","BEA_API"
1952,9,"Educational",24901,"k1gtotl1sg00","6","FAAt701","BEA_API"
1953,9,"Educational",25922,"k1gtotl1sg00","6","FAAt701","BEA_API"
1954,9,"Educational",27269,"k1gtotl1sg00","6","FAAt701","BEA_API"
1955,9,"Educational",31148,"k1gtotl1sg00","6","FAAt701","BEA_API"
1956,9,"Educational",35522,"k1gtotl1sg00","6","FAAt701","BEA_API"
1957,9,"Educational",37882,"k1gtotl1sg00","6","FAAt701","BEA_API"
1958,9,"Educational",40448,"k1gtotl1sg00","6","FAAt701","BEA_API"
1959,9,"Educational",43831,"k1gtotl1sg00","6","FAAt701","BEA_API"
1960,9,"Educational",46017,"k1gtotl1sg00","6","FAAt701","BEA_API"
1961,9,"Educational",48684,"k1gtotl1sg00","6","FAAt701","BEA_API"
1962,9,"Educational",51377,"k1gtotl1sg00","6","FAAt701","BEA_API"
1963,9,"Educational",54216,"k1gtotl1sg00","6","FAAt701","BEA_API"
1964,9,"Educational",58680,"k1gtotl1sg00","6","FAAt701","BEA_API"
1965,9,"Educational",63406,"k1gtotl1sg00","6","FAAt701","BEA_API"
1966,9,"Educational",70590,"k1gtotl1sg00","6","FAAt701","BEA_API"
1967,9,"Educational",77163,"k1gtotl1sg00","6","FAAt701","BEA_API"
1968,9,"Educational",87649,"k1gtotl1sg00","6","FAAt701","BEA_API"
1969,9,"Educational",99308,"k1gtotl1sg00","6","FAAt701","BEA_API"
1970,9,"Educational",111305,"k1gtotl1sg00","6","FAAt701","BEA_API"
1971,9,"Educational",123990,"k1gtotl1sg00","6","FAAt701","BEA_API"
1972,9,"Educational",136496,"k1gtotl1sg00","6","FAAt701","BEA_API"
1973,9,"Educational",152973,"k1gtotl1sg00","6","FAAt701","BEA_API"
1974,9,"Educational",180880,"k1gtotl1sg00","6","FAAt701","BEA_API"
1975,9,"Educational",191400,"k1gtotl1sg00","6","FAAt701","BEA_API"
1976,9,"Educational",205379,"k1gtotl1sg00","6","FAAt701","BEA_API"
1977,9,"Educational",225599,"k1gtotl1sg00","6","FAAt701","BEA_API"
1978,9,"Educational",250682,"k1gtotl1sg00","6","FAAt701","BEA_API"
1979,9,"Educational",283833,"k1gtotl1sg00","6","FAAt701","BEA_API"
1980,9,"Educational",317128,"k1gtotl1sg00","6","FAAt701","BEA_API"
1981,9,"Educational",342337,"k1gtotl1sg00","6","FAAt701","BEA_API"
1982,9,"Educational",359021,"k1gtotl1sg00","6","FAAt701","BEA_API"
1983,9,"Educational",370362,"k1gtotl1sg00","6","FAAt701","BEA_API"
1984,9,"Educational",386841,"k1gtotl1sg00","6","FAAt701","BEA_API"
1985,9,"Educational",400571,"k1gtotl1sg00","6","FAAt701","BEA_API"
1986,9,"Educational",419734,"k1gtotl1sg00","6","FAAt701","BEA_API"
1987,9,"Educational",438306,"k1gtotl1sg00","6","FAAt701","BEA_API"
1988,9,"Educational",458805,"k1gtotl1sg00","6","FAAt701","BEA_API"
1989,9,"Educational",481831,"k1gtotl1sg00","6","FAAt701","BEA_API"
1990,9,"Educational",501544,"k1gtotl1sg00","6","FAAt701","BEA_API"
1991,9,"Educational",513858,"k1gtotl1sg00","6","FAAt701","BEA_API"
1992,9,"Educational",537123,"k1gtotl1sg00","6","FAAt701","BEA_API"
1993,9,"Educational",566909,"k1gtotl1sg00","6","FAAt701","BEA_API"
1994,9,"Educational",603265,"k1gtotl1sg00","6","FAAt701","BEA_API"
1995,9,"Educational",633316,"k1gtotl1sg00","6","FAAt701","BEA_API"
1996,9,"Educational",668501,"k1gtotl1sg00","6","FAAt701","BEA_API"
1997,9,"Educational",716009,"k1gtotl1sg00","6","FAAt701","BEA_API"
1998,9,"Educational",770791,"k1gtotl1sg00","6","FAAt701","BEA_API"
1999,9,"Educational",828281,"k1gtotl1sg00","6","FAAt701","BEA_API"
2000,9,"Educational",890221,"k1gtotl1sg00","6","FAAt701","BEA_API"
2001,9,"Educational",960908,"k1gtotl1sg00","6","FAAt701","BEA_API"
2002,9,"Educational",1028273,"k1gtotl1sg00","6","FAAt701","BEA_API"
2003,9,"Educational",1089026,"k1gtotl1sg00","6","FAAt701","BEA_API"
2004,9,"Educational",1218402,"k1gtotl1sg00","6","FAAt701","BEA_API"
2005,9,"Educational",1343079,"k1gtotl1sg00","6","FAAt701","BEA_API"
2006,9,"Educational",1526944,"k1gtotl1sg00","6","FAAt701","BEA_API"
2007,9,"Educational",1645209,"k1gtotl1sg00","6","FAAt701","BEA_API"
2008,9,"Educational",1866470,"k1gtotl1sg00","6","FAAt701","BEA_API"
2009,9,"Educational",1892830,"k1gtotl1sg00","6","FAAt701","BEA_API"
2010,9,"Educational",1954480,"k1gtotl1sg00","6","FAAt701","BEA_API"
2011,9,"Educational",2080529,"k1gtotl1sg00","6","FAAt701","BEA_API"
2012,9,"Educational",2132105,"k1gtotl1sg00","6","FAAt701","BEA_API"
2013,9,"Educational",2234000,"k1gtotl1sg00","6","FAAt701","BEA_API"
2014,9,"Educational",2303834,"k1gtotl1sg00","6","FAAt701","BEA_API"
2015,9,"Educational",2377298,"k1gtotl1sg00","6","FAAt701","BEA_API"
2016,9,"Educational",2419303,"k1gtotl1sg00","6","FAAt701","BEA_API"
2017,9,"Educational",2548034,"k1gtotl1sg00","6","FAAt701","BEA_API"
2018,9,"Educational",2725855,"k1gtotl1sg00","6","FAAt701","BEA_API"
2019,9,"Educational",2895140,"k1gtotl1sg00","6","FAAt701","BEA_API"
2020,9,"Educational",2970342,"k1gtotl1sg00","6","FAAt701","BEA_API"
2021,9,"Educational",3320370,"k1gtotl1sg00","6","FAAt701","BEA_API"
2022,9,"Educational",3918248,"k1gtotl1sg00","6","FAAt701","BEA_API"
2023,9,"Educational",3937883,"k1gtotl1sg00","6","FAAt701","BEA_API"
2024,9,"Educational",4080436,"k1gtotl1sg00","6","FAAt701","BEA_API"
1925,10,"Public safety",168,"k1gtotl1si00","6","FAAt701","BEA_API"
1926,10,"Public safety",185,"k1gtotl1si00","6","FAAt701","BEA_API"
1927,10,"Public safety",202,"k1gtotl1si00","6","FAAt701","BEA_API"
1928,10,"Public safety",218,"k1gtotl1si00","6","FAAt701","BEA_API"
1929,10,"Public safety",237,"k1gtotl1si00","6","FAAt701","BEA_API"
1930,10,"Public safety",239,"k1gtotl1si00","6","FAAt701","BEA_API"
1931,10,"Public safety",230,"k1gtotl1si00","6","FAAt701","BEA_API"
1932,10,"Public safety",202,"k1gtotl1si00","6","FAAt701","BEA_API"
1933,10,"Public safety",203,"k1gtotl1si00","6","FAAt701","BEA_API"
1934,10,"Public safety",248,"k1gtotl1si00","6","FAAt701","BEA_API"
1935,10,"Public safety",255,"k1gtotl1si00","6","FAAt701","BEA_API"
1936,10,"Public safety",297,"k1gtotl1si00","6","FAAt701","BEA_API"
1937,10,"Public safety",362,"k1gtotl1si00","6","FAAt701","BEA_API"
1938,10,"Public safety",397,"k1gtotl1si00","6","FAAt701","BEA_API"
1939,10,"Public safety",435,"k1gtotl1si00","6","FAAt701","BEA_API"
1940,10,"Public safety",502,"k1gtotl1si00","6","FAAt701","BEA_API"
1941,10,"Public safety",583,"k1gtotl1si00","6","FAAt701","BEA_API"
1942,10,"Public safety",624,"k1gtotl1si00","6","FAAt701","BEA_API"
1943,10,"Public safety",679,"k1gtotl1si00","6","FAAt701","BEA_API"
1944,10,"Public safety",706,"k1gtotl1si00","6","FAAt701","BEA_API"
1945,10,"Public safety",754,"k1gtotl1si00","6","FAAt701","BEA_API"
1946,10,"Public safety",911,"k1gtotl1si00","6","FAAt701","BEA_API"
1947,10,"Public safety",1292,"k1gtotl1si00","6","FAAt701","BEA_API"
1948,10,"Public safety",1369,"k1gtotl1si00","6","FAAt701","BEA_API"
1949,10,"Public safety",1344,"k1gtotl1si00","6","FAAt701","BEA_API"
1950,10,"Public safety",1554,"k1gtotl1si00","6","FAAt701","BEA_API"
1951,10,"Public safety",1769,"k1gtotl1si00","6","FAAt701","BEA_API"
1952,10,"Public safety",1799,"k1gtotl1si00","6","FAAt701","BEA_API"
1953,10,"Public safety",1838,"k1gtotl1si00","6","FAAt701","BEA_API"
1954,10,"Public safety",1881,"k1gtotl1si00","6","FAAt701","BEA_API"
1955,10,"Public safety",2117,"k1gtotl1si00","6","FAAt701","BEA_API"
1956,10,"Public safety",2337,"k1gtotl1si00","6","FAAt701","BEA_API"
1957,10,"Public safety",2467,"k1gtotl1si00","6","FAAt701","BEA_API"
1958,10,"Public safety",2578,"k1gtotl1si00","6","FAAt701","BEA_API"
1959,10,"Public safety",2807,"k1gtotl1si00","6","FAAt701","BEA_API"
1960,10,"Public safety",2980,"k1gtotl1si00","6","FAAt701","BEA_API"
1961,10,"Public safety",3203,"k1gtotl1si00","6","FAAt701","BEA_API"
1962,10,"Public safety",3435,"k1gtotl1si00","6","FAAt701","BEA_API"
1963,10,"Public safety",3660,"k1gtotl1si00","6","FAAt701","BEA_API"
1964,10,"Public safety",3971,"k1gtotl1si00","6","FAAt701","BEA_API"
1965,10,"Public safety",4278,"k1gtotl1si00","6","FAAt701","BEA_API"
1966,10,"Public safety",4775,"k1gtotl1si00","6","FAAt701","BEA_API"
1967,10,"Public safety",5150,"k1gtotl1si00","6","FAAt701","BEA_API"
1968,10,"Public safety",5875,"k1gtotl1si00","6","FAAt701","BEA_API"
1969,10,"Public safety",6749,"k1gtotl1si00","6","FAAt701","BEA_API"
1970,10,"Public safety",7682,"k1gtotl1si00","6","FAAt701","BEA_API"
1971,10,"Public safety",8804,"k1gtotl1si00","6","FAAt701","BEA_API"
1972,10,"Public safety",10027,"k1gtotl1si00","6","FAAt701","BEA_API"
1973,10,"Public safety",11439,"k1gtotl1si00","6","FAAt701","BEA_API"
1974,10,"Public safety",13850,"k1gtotl1si00","6","FAAt701","BEA_API"
1975,10,"Public safety",15299,"k1gtotl1si00","6","FAAt701","BEA_API"
1976,10,"Public safety",17186,"k1gtotl1si00","6","FAAt701","BEA_API"
1977,10,"Public safety",19919,"k1gtotl1si00","6","FAAt701","BEA_API"
1978,10,"Public safety",23394,"k1gtotl1si00","6","FAAt701","BEA_API"
1979,10,"Public safety",27847,"k1gtotl1si00","6","FAAt701","BEA_API"
1980,10,"Public safety",32712,"k1gtotl1si00","6","FAAt701","BEA_API"
1981,10,"Public safety",37027,"k1gtotl1si00","6","FAAt701","BEA_API"
1982,10,"Public safety",40609,"k1gtotl1si00","6","FAAt701","BEA_API"
1983,10,"Public safety",43711,"k1gtotl1si00","6","FAAt701","BEA_API"
1984,10,"Public safety",47990,"k1gtotl1si00","6","FAAt701","BEA_API"
1985,10,"Public safety",51654,"k1gtotl1si00","6","FAAt701","BEA_API"
1986,10,"Public safety",56783,"k1gtotl1si00","6","FAAt701","BEA_API"
1987,10,"Public safety",62267,"k1gtotl1si00","6","FAAt701","BEA_API"
1988,10,"Public safety",67476,"k1gtotl1si00","6","FAAt701","BEA_API"
1989,10,"Public safety",73473,"k1gtotl1si00","6","FAAt701","BEA_API"
1990,10,"Public safety",79731,"k1gtotl1si00","6","FAAt701","BEA_API"
1991,10,"Public safety",84374,"k1gtotl1si00","6","FAAt701","BEA_API"
1992,10,"Public safety",90480,"k1gtotl1si00","6","FAAt701","BEA_API"
1993,10,"Public safety",97834,"k1gtotl1si00","6","FAAt701","BEA_API"
1994,10,"Public safety",106186,"k1gtotl1si00","6","FAAt701","BEA_API"
1995,10,"Public safety",112626,"k1gtotl1si00","6","FAAt701","BEA_API"
1996,10,"Public safety",119338,"k1gtotl1si00","6","FAAt701","BEA_API"
1997,10,"Public safety",127565,"k1gtotl1si00","6","FAAt701","BEA_API"
1998,10,"Public safety",136645,"k1gtotl1si00","6","FAAt701","BEA_API"
1999,10,"Public safety",146572,"k1gtotl1si00","6","FAAt701","BEA_API"
2000,10,"Public safety",156436,"k1gtotl1si00","6","FAAt701","BEA_API"
2001,10,"Public safety",165242,"k1gtotl1si00","6","FAAt701","BEA_API"
2002,10,"Public safety",171976,"k1gtotl1si00","6","FAAt701","BEA_API"
2003,10,"Public safety",179324,"k1gtotl1si00","6","FAAt701","BEA_API"
2004,10,"Public safety",194963,"k1gtotl1si00","6","FAAt701","BEA_API"
2005,10,"Public safety",212881,"k1gtotl1si00","6","FAAt701","BEA_API"
2006,10,"Public safety",227910,"k1gtotl1si00","6","FAAt701","BEA_API"
2007,10,"Public safety",235666,"k1gtotl1si00","6","FAAt701","BEA_API"
2008,10,"Public safety",237910,"k1gtotl1si00","6","FAAt701","BEA_API"
2009,10,"Public safety",223706,"k1gtotl1si00","6","FAAt701","BEA_API"
2010,10,"Public safety",222865,"k1gtotl1si00","6","FAAt701","BEA_API"
2011,10,"Public safety",227252,"k1gtotl1si00","6","FAAt701","BEA_API"
2012,10,"Public safety",234289,"k1gtotl1si00","6","FAAt701","BEA_API"
2013,10,"Public safety",248665,"k1gtotl1si00","6","FAAt701","BEA_API"
2014,10,"Public safety",259290,"k1gtotl1si00","6","FAAt701","BEA_API"
2015,10,"Public safety",267164,"k1gtotl1si00","6","FAAt701","BEA_API"
2016,10,"Public safety",281027,"k1gtotl1si00","6","FAAt701","BEA_API"
2017,10,"Public safety",291470,"k1gtotl1si00","6","FAAt701","BEA_API"
2018,10,"Public safety",305856,"k1gtotl1si00","6","FAAt701","BEA_API"
2019,10,"Public safety",318592,"k1gtotl1si00","6","FAAt701","BEA_API"
2020,10,"Public safety",330845,"k1gtotl1si00","6","FAAt701","BEA_API"
2021,10,"Public safety",354691,"k1gtotl1si00","6","FAAt701","BEA_API"
2022,10,"Public safety",379091,"k1gtotl1si00","6","FAAt701","BEA_API"
2023,10,"Public safety",391309,"k1gtotl1si00","6","FAAt701","BEA_API"
2024,10,"Public safety",408037,"k1gtotl1si00","6","FAAt701","BEA_API"
1925,11,"Amusement and recreation",296,"k1gtotl1sk00","6","FAAt701","BEA_API"
1926,11,"Amusement and recreation",323,"k1gtotl1sk00","6","FAAt701","BEA_API"
1927,11,"Amusement and recreation",357,"k1gtotl1sk00","6","FAAt701","BEA_API"
1928,11,"Amusement and recreation",385,"k1gtotl1sk00","6","FAAt701","BEA_API"
1929,11,"Amusement and recreation",414,"k1gtotl1sk00","6","FAAt701","BEA_API"
1930,11,"Amusement and recreation",417,"k1gtotl1sk00","6","FAAt701","BEA_API"
1931,11,"Amusement and recreation",406,"k1gtotl1sk00","6","FAAt701","BEA_API"
1932,11,"Amusement and recreation",364,"k1gtotl1sk00","6","FAAt701","BEA_API"
1933,11,"Amusement and recreation",372,"k1gtotl1sk00","6","FAAt701","BEA_API"
1934,11,"Amusement and recreation",449,"k1gtotl1sk00","6","FAAt701","BEA_API"
1935,11,"Amusement and recreation",462,"k1gtotl1sk00","6","FAAt701","BEA_API"
1936,11,"Amusement and recreation",545,"k1gtotl1sk00","6","FAAt701","BEA_API"
1937,11,"Amusement and recreation",675,"k1gtotl1sk00","6","FAAt701","BEA_API"
1938,11,"Amusement and recreation",752,"k1gtotl1sk00","6","FAAt701","BEA_API"
1939,11,"Amusement and recreation",816,"k1gtotl1sk00","6","FAAt701","BEA_API"
1940,11,"Amusement and recreation",888,"k1gtotl1sk00","6","FAAt701","BEA_API"
1941,11,"Amusement and recreation",979,"k1gtotl1sk00","6","FAAt701","BEA_API"
1942,11,"Amusement and recreation",1019,"k1gtotl1sk00","6","FAAt701","BEA_API"
1943,11,"Amusement and recreation",1069,"k1gtotl1sk00","6","FAAt701","BEA_API"
1944,11,"Amusement and recreation",1088,"k1gtotl1sk00","6","FAAt701","BEA_API"
1945,11,"Amusement and recreation",1168,"k1gtotl1sk00","6","FAAt701","BEA_API"
1946,11,"Amusement and recreation",1376,"k1gtotl1sk00","6","FAAt701","BEA_API"
1947,11,"Amusement and recreation",1932,"k1gtotl1sk00","6","FAAt701","BEA_API"
1948,11,"Amusement and recreation",2069,"k1gtotl1sk00","6","FAAt701","BEA_API"
1949,11,"Amusement and recreation",2176,"k1gtotl1sk00","6","FAAt701","BEA_API"
1950,11,"Amusement and recreation",2289,"k1gtotl1sk00","6","FAAt701","BEA_API"
1951,11,"Amusement and recreation",2580,"k1gtotl1sk00","6","FAAt701","BEA_API"
1952,11,"Amusement and recreation",2645,"k1gtotl1sk00","6","FAAt701","BEA_API"
1953,11,"Amusement and recreation",2804,"k1gtotl1sk00","6","FAAt701","BEA_API"
1954,11,"Amusement and recreation",2854,"k1gtotl1sk00","6","FAAt701","BEA_API"
1955,11,"Amusement and recreation",3218,"k1gtotl1sk00","6","FAAt701","BEA_API"
1956,11,"Amusement and recreation",3516,"k1gtotl1sk00","6","FAAt701","BEA_API"
1957,11,"Amusement and recreation",3654,"k1gtotl1sk00","6","FAAt701","BEA_API"
1958,11,"Amusement and recreation",3864,"k1gtotl1sk00","6","FAAt701","BEA_API"
1959,11,"Amusement and recreation",4188,"k1gtotl1sk00","6","FAAt701","BEA_API"
1960,11,"Amusement and recreation",4390,"k1gtotl1sk00","6","FAAt701","BEA_API"
1961,11,"Amusement and recreation",4603,"k1gtotl1sk00","6","FAAt701","BEA_API"
1962,11,"Amusement and recreation",4933,"k1gtotl1sk00","6","FAAt701","BEA_API"
1963,11,"Amusement and recreation",5222,"k1gtotl1sk00","6","FAAt701","BEA_API"
1964,11,"Amusement and recreation",5671,"k1gtotl1sk00","6","FAAt701","BEA_API"
1965,11,"Amusement and recreation",6107,"k1gtotl1sk00","6","FAAt701","BEA_API"
1966,11,"Amusement and recreation",6685,"k1gtotl1sk00","6","FAAt701","BEA_API"
1967,11,"Amusement and recreation",7197,"k1gtotl1sk00","6","FAAt701","BEA_API"
1968,11,"Amusement and recreation",8041,"k1gtotl1sk00","6","FAAt701","BEA_API"
1969,11,"Amusement and recreation",9036,"k1gtotl1sk00","6","FAAt701","BEA_API"
1970,11,"Amusement and recreation",10246,"k1gtotl1sk00","6","FAAt701","BEA_API"
1971,11,"Amusement and recreation",11548,"k1gtotl1sk00","6","FAAt701","BEA_API"
1972,11,"Amusement and recreation",12770,"k1gtotl1sk00","6","FAAt701","BEA_API"
1973,11,"Amusement and recreation",14467,"k1gtotl1sk00","6","FAAt701","BEA_API"
1974,11,"Amusement and recreation",17677,"k1gtotl1sk00","6","FAAt701","BEA_API"
1975,11,"Amusement and recreation",19312,"k1gtotl1sk00","6","FAAt701","BEA_API"
1976,11,"Amusement and recreation",21130,"k1gtotl1sk00","6","FAAt701","BEA_API"
1977,11,"Amusement and recreation",23633,"k1gtotl1sk00","6","FAAt701","BEA_API"
1978,11,"Amusement and recreation",26927,"k1gtotl1sk00","6","FAAt701","BEA_API"
1979,11,"Amusement and recreation",31252,"k1gtotl1sk00","6","FAAt701","BEA_API"
1980,11,"Amusement and recreation",35744,"k1gtotl1sk00","6","FAAt701","BEA_API"
1981,11,"Amusement and recreation",39429,"k1gtotl1sk00","6","FAAt701","BEA_API"
1982,11,"Amusement and recreation",42198,"k1gtotl1sk00","6","FAAt701","BEA_API"
1983,11,"Amusement and recreation",44383,"k1gtotl1sk00","6","FAAt701","BEA_API"
1984,11,"Amusement and recreation",47100,"k1gtotl1sk00","6","FAAt701","BEA_API"
1985,11,"Amusement and recreation",49568,"k1gtotl1sk00","6","FAAt701","BEA_API"
1986,11,"Amusement and recreation",52723,"k1gtotl1sk00","6","FAAt701","BEA_API"
1987,11,"Amusement and recreation",56056,"k1gtotl1sk00","6","FAAt701","BEA_API"
1988,11,"Amusement and recreation",59655,"k1gtotl1sk00","6","FAAt701","BEA_API"
1989,11,"Amusement and recreation",63550,"k1gtotl1sk00","6","FAAt701","BEA_API"
1990,11,"Amusement and recreation",67284,"k1gtotl1sk00","6","FAAt701","BEA_API"
1991,11,"Amusement and recreation",69691,"k1gtotl1sk00","6","FAAt701","BEA_API"
1992,11,"Amusement and recreation",73268,"k1gtotl1sk00","6","FAAt701","BEA_API"
1993,11,"Amusement and recreation",77935,"k1gtotl1sk00","6","FAAt701","BEA_API"
1994,11,"Amusement and recreation",83318,"k1gtotl1sk00","6","FAAt701","BEA_API"
1995,11,"Amusement and recreation",87708,"k1gtotl1sk00","6","FAAt701","BEA_API"
1996,11,"Amusement and recreation",93260,"k1gtotl1sk00","6","FAAt701","BEA_API"
1997,11,"Amusement and recreation",100144,"k1gtotl1sk00","6","FAAt701","BEA_API"
1998,11,"Amusement and recreation",107627,"k1gtotl1sk00","6","FAAt701","BEA_API"
1999,11,"Amusement and recreation",116044,"k1gtotl1sk00","6","FAAt701","BEA_API"
2000,11,"Amusement and recreation",125702,"k1gtotl1sk00","6","FAAt701","BEA_API"
2001,11,"Amusement and recreation",135402,"k1gtotl1sk00","6","FAAt701","BEA_API"
2002,11,"Amusement and recreation",143511,"k1gtotl1sk00","6","FAAt701","BEA_API"
2003,11,"Amusement and recreation",152462,"k1gtotl1sk00","6","FAAt701","BEA_API"
2004,11,"Amusement and recreation",168615,"k1gtotl1sk00","6","FAAt701","BEA_API"
2005,11,"Amusement and recreation",187516,"k1gtotl1sk00","6","FAAt701","BEA_API"
2006,11,"Amusement and recreation",203947,"k1gtotl1sk00","6","FAAt701","BEA_API"
2007,11,"Amusement and recreation",214016,"k1gtotl1sk00","6","FAAt701","BEA_API"
2008,11,"Amusement and recreation",219560,"k1gtotl1sk00","6","FAAt701","BEA_API"
2009,11,"Amusement and recreation",209571,"k1gtotl1sk00","6","FAAt701","BEA_API"
2010,11,"Amusement and recreation",211843,"k1gtotl1sk00","6","FAAt701","BEA_API"
2011,11,"Amusement and recreation",217890,"k1gtotl1sk00","6","FAAt701","BEA_API"
2012,11,"Amusement and recreation",226163,"k1gtotl1sk00","6","FAAt701","BEA_API"
2013,11,"Amusement and recreation",242028,"k1gtotl1sk00","6","FAAt701","BEA_API"
2014,11,"Amusement and recreation",254628,"k1gtotl1sk00","6","FAAt701","BEA_API"
2015,11,"Amusement and recreation",265596,"k1gtotl1sk00","6","FAAt701","BEA_API"
2016,11,"Amusement and recreation",283607,"k1gtotl1sk00","6","FAAt701","BEA_API"
2017,11,"Amusement and recreation",298346,"k1gtotl1sk00","6","FAAt701","BEA_API"
2018,11,"Amusement and recreation",317434,"k1gtotl1sk00","6","FAAt701","BEA_API"
2019,11,"Amusement and recreation",334219,"k1gtotl1sk00","6","FAAt701","BEA_API"
2020,11,"Amusement and recreation",342842,"k1gtotl1sk00","6","FAAt701","BEA_API"
2021,11,"Amusement and recreation",367422,"k1gtotl1sk00","6","FAAt701","BEA_API"
2022,11,"Amusement and recreation",394502,"k1gtotl1sk00","6","FAAt701","BEA_API"
2023,11,"Amusement and recreation",412545,"k1gtotl1sk00","6","FAAt701","BEA_API"
2024,11,"Amusement and recreation",437535,"k1gtotl1sk00","6","FAAt701","BEA_API"
1925,12,"Transportation",546,"k1gtotl1sn00","6","FAAt701","BEA_API"
1926,12,"Transportation",575,"k1gtotl1sn00","6","FAAt701","BEA_API"
1927,12,"Transportation",625,"k1gtotl1sn00","6","FAAt701","BEA_API"
1928,12,"Transportation",690,"k1gtotl1sn00","6","FAAt701","BEA_API"
1929,12,"Transportation",782,"k1gtotl1sn00","6","FAAt701","BEA_API"
1930,12,"Transportation",800,"k1gtotl1sn00","6","FAAt701","BEA_API"
1931,12,"Transportation",839,"k1gtotl1sn00","6","FAAt701","BEA_API"
1932,12,"Transportation",793,"k1gtotl1sn00","6","FAAt701","BEA_API"
1933,12,"Transportation",906,"k1gtotl1sn00","6","FAAt701","BEA_API"
1934,12,"Transportation",1356,"k1gtotl1sn00","6","FAAt701","BEA_API"
1935,12,"Transportation",1166,"k1gtotl1sn00","6","FAAt701","BEA_API"
1936,12,"Transportation",1390,"k1gtotl1sn00","6","FAAt701","BEA_API"
1937,12,"Transportation",1575,"k1gtotl1sn00","6","FAAt701","BEA_API"
1938,12,"Transportation",1660,"k1gtotl1sn00","6","FAAt701","BEA_API"
1939,12,"Transportation",1719,"k1gtotl1sn00","6","FAAt701","BEA_API"
1940,12,"Transportation",1766,"k1gtotl1sn00","6","FAAt701","BEA_API"
1941,12,"Transportation",1958,"k1gtotl1sn00","6","FAAt701","BEA_API"
1942,12,"Transportation",2111,"k1gtotl1sn00","6","FAAt701","BEA_API"
1943,12,"Transportation",1907,"k1gtotl1sn00","6","FAAt701","BEA_API"
1944,12,"Transportation",1806,"k1gtotl1sn00","6","FAAt701","BEA_API"
1945,12,"Transportation",1885,"k1gtotl1sn00","6","FAAt701","BEA_API"
1946,12,"Transportation",2157,"k1gtotl1sn00","6","FAAt701","BEA_API"
1947,12,"Transportation",2636,"k1gtotl1sn00","6","FAAt701","BEA_API"
1948,12,"Transportation",3002,"k1gtotl1sn00","6","FAAt701","BEA_API"
1949,12,"Transportation",2852,"k1gtotl1sn00","6","FAAt701","BEA_API"
1950,12,"Transportation",3103,"k1gtotl1sn00","6","FAAt701","BEA_API"
1951,12,"Transportation",3604,"k1gtotl1sn00","6","FAAt701","BEA_API"
1952,12,"Transportation",3892,"k1gtotl1sn00","6","FAAt701","BEA_API"
1953,12,"Transportation",3858,"k1gtotl1sn00","6","FAAt701","BEA_API"
1954,12,"Transportation",3853,"k1gtotl1sn00","6","FAAt701","BEA_API"
1955,12,"Transportation",4214,"k1gtotl1sn00","6","FAAt701","BEA_API"
1956,12,"Transportation",4868,"k1gtotl1sn00","6","FAAt701","BEA_API"
1957,12,"Transportation",5146,"k1gtotl1sn00","6","FAAt701","BEA_API"
1958,12,"Transportation",5508,"k1gtotl1sn00","6","FAAt701","BEA_API"
1959,12,"Transportation",5648,"k1gtotl1sn00","6","FAAt701","BEA_API"
1960,12,"Transportation",5768,"k1gtotl1sn00","6","FAAt701","BEA_API"
1961,12,"Transportation",6422,"k1gtotl1sn00","6","FAAt701","BEA_API"
1962,12,"Transportation",6797,"k1gtotl1sn00","6","FAAt701","BEA_API"
1963,12,"Transportation",7885,"k1gtotl1sn00","6","FAAt701","BEA_API"
1964,12,"Transportation",8295,"k1gtotl1sn00","6","FAAt701","BEA_API"
1965,12,"Transportation",9439,"k1gtotl1sn00","6","FAAt701","BEA_API"
1966,12,"Transportation",10758,"k1gtotl1sn00","6","FAAt701","BEA_API"
1967,12,"Transportation",12730,"k1gtotl1sn00","6","FAAt701","BEA_API"
1968,12,"Transportation",13991,"k1gtotl1sn00","6","FAAt701","BEA_API"
1969,12,"Transportation",17889,"k1gtotl1sn00","6","FAAt701","BEA_API"
1970,12,"Transportation",20876,"k1gtotl1sn00","6","FAAt701","BEA_API"
1971,12,"Transportation",22565,"k1gtotl1sn00","6","FAAt701","BEA_API"
1972,12,"Transportation",23747,"k1gtotl1sn00","6","FAAt701","BEA_API"
1973,12,"Transportation",28807,"k1gtotl1sn00","6","FAAt701","BEA_API"
1974,12,"Transportation",40835,"k1gtotl1sn00","6","FAAt701","BEA_API"
1975,12,"Transportation",38967,"k1gtotl1sn00","6","FAAt701","BEA_API"
1976,12,"Transportation",39288,"k1gtotl1sn00","6","FAAt701","BEA_API"
1977,12,"Transportation",39395,"k1gtotl1sn00","6","FAAt701","BEA_API"
1978,12,"Transportation",42094,"k1gtotl1sn00","6","FAAt701","BEA_API"
1979,12,"Transportation",49826,"k1gtotl1sn00","6","FAAt701","BEA_API"
1980,12,"Transportation",62989,"k1gtotl1sn00","6","FAAt701","BEA_API"
1981,12,"Transportation",74694,"k1gtotl1sn00","6","FAAt701","BEA_API"
1982,12,"Transportation",79341,"k1gtotl1sn00","6","FAAt701","BEA_API"
1983,12,"Transportation",77888,"k1gtotl1sn00","6","FAAt701","BEA_API"
1984,12,"Transportation",78562,"k1gtotl1sn00","6","FAAt701","BEA_API"
1985,12,"Transportation",82382,"k1gtotl1sn00","6","FAAt701","BEA_API"
1986,12,"Transportation",89137,"k1gtotl1sn00","6","FAAt701","BEA_API"
1987,12,"Transportation",98333,"k1gtotl1sn00","6","FAAt701","BEA_API"
1988,12,"Transportation",104828,"k1gtotl1sn00","6","FAAt701","BEA_API"
1989,12,"Transportation",116223,"k1gtotl1sn00","6","FAAt701","BEA_API"
1990,12,"Transportation",130440,"k1gtotl1sn00","6","FAAt701","BEA_API"
1991,12,"Transportation",138682,"k1gtotl1sn00","6","FAAt701","BEA_API"
1992,12,"Transportation",144096,"k1gtotl1sn00","6","FAAt701","BEA_API"
1993,12,"Transportation",147156,"k1gtotl1sn00","6","FAAt701","BEA_API"
1994,12,"Transportation",157033,"k1gtotl1sn00","6","FAAt701","BEA_API"
1995,12,"Transportation",173449,"k1gtotl1sn00","6","FAAt701","BEA_API"
1996,12,"Transportation",190826,"k1gtotl1sn00","6","FAAt701","BEA_API"
1997,12,"Transportation",208790,"k1gtotl1sn00","6","FAAt701","BEA_API"
1998,12,"Transportation",223301,"k1gtotl1sn00","6","FAAt701","BEA_API"
1999,12,"Transportation",239141,"k1gtotl1sn00","6","FAAt701","BEA_API"
2000,12,"Transportation",260071,"k1gtotl1sn00","6","FAAt701","BEA_API"
2001,12,"Transportation",274297,"k1gtotl1sn00","6","FAAt701","BEA_API"
2002,12,"Transportation",298190,"k1gtotl1sn00","6","FAAt701","BEA_API"
2003,12,"Transportation",319024,"k1gtotl1sn00","6","FAAt701","BEA_API"
2004,12,"Transportation",372272,"k1gtotl1sn00","6","FAAt701","BEA_API"
2005,12,"Transportation",410484,"k1gtotl1sn00","6","FAAt701","BEA_API"
2006,12,"Transportation",470454,"k1gtotl1sn00","6","FAAt701","BEA_API"
2007,12,"Transportation",525623,"k1gtotl1sn00","6","FAAt701","BEA_API"
2008,12,"Transportation",561931,"k1gtotl1sn00","6","FAAt701","BEA_API"
2009,12,"Transportation",572751,"k1gtotl1sn00","6","FAAt701","BEA_API"
2010,12,"Transportation",601755,"k1gtotl1sn00","6","FAAt701","BEA_API"
2011,12,"Transportation",649668,"k1gtotl1sn00","6","FAAt701","BEA_API"
2012,12,"Transportation",684370,"k1gtotl1sn00","6","FAAt701","BEA_API"
2013,12,"Transportation",710193,"k1gtotl1sn00","6","FAAt701","BEA_API"
2014,12,"Transportation",727628,"k1gtotl1sn00","6","FAAt701","BEA_API"
2015,12,"Transportation",741706,"k1gtotl1sn00","6","FAAt701","BEA_API"
2016,12,"Transportation",775311,"k1gtotl1sn00","6","FAAt701","BEA_API"
2017,12,"Transportation",818103,"k1gtotl1sn00","6","FAAt701","BEA_API"
2018,12,"Transportation",867736,"k1gtotl1sn00","6","FAAt701","BEA_API"
2019,12,"Transportation",906070,"k1gtotl1sn00","6","FAAt701","BEA_API"
2020,12,"Transportation",954915,"k1gtotl1sn00","6","FAAt701","BEA_API"
2021,12,"Transportation",1084296,"k1gtotl1sn00","6","FAAt701","BEA_API"
2022,12,"Transportation",1153575,"k1gtotl1sn00","6","FAAt701","BEA_API"
2023,12,"Transportation",1206577,"k1gtotl1sn00","6","FAAt701","BEA_API"
2024,12,"Transportation",1256385,"k1gtotl1sn00","6","FAAt701","BEA_API"
1925,13,"Power",990,"k1gtotl1sp00","6","FAAt701","BEA_API"
1926,13,"Power",1022,"k1gtotl1sp00","6","FAAt701","BEA_API"
1927,13,"Power",1117,"k1gtotl1sp00","6","FAAt701","BEA_API"
1928,13,"Power",1222,"k1gtotl1sp00","6","FAAt701","BEA_API"
1929,13,"Power",1369,"k1gtotl1sp00","6","FAAt701","BEA_API"
1930,13,"Power",1388,"k1gtotl1sp00","6","FAAt701","BEA_API"
1931,13,"Power",1451,"k1gtotl1sp00","6","FAAt701","BEA_API"
1932,13,"Power",1370,"k1gtotl1sp00","6","FAAt701","BEA_API"
1933,13,"Power",1553,"k1gtotl1sp00","6","FAAt701","BEA_API"
1934,13,"Power",2304,"k1gtotl1sp00","6","FAAt701","BEA_API"
1935,13,"Power",1948,"k1gtotl1sp00","6","FAAt701","BEA_API"
1936,13,"Power",2343,"k1gtotl1sp00","6","FAAt701","BEA_API"
1937,13,"Power",2670,"k1gtotl1sp00","6","FAAt701","BEA_API"
1938,13,"Power",2824,"k1gtotl1sp00","6","FAAt701","BEA_API"
1939,13,"Power",2874,"k1gtotl1sp00","6","FAAt701","BEA_API"
1940,13,"Power",2906,"k1gtotl1sp00","6","FAAt701","BEA_API"
1941,13,"Power",3176,"k1gtotl1sp00","6","FAAt701","BEA_API"
1942,13,"Power",3388,"k1gtotl1sp00","6","FAAt701","BEA_API"
1943,13,"Power",3001,"k1gtotl1sp00","6","FAAt701","BEA_API"
1944,13,"Power",2842,"k1gtotl1sp00","6","FAAt701","BEA_API"
1945,13,"Power",2998,"k1gtotl1sp00","6","FAAt701","BEA_API"
1946,13,"Power",3459,"k1gtotl1sp00","6","FAAt701","BEA_API"
1947,13,"Power",4245,"k1gtotl1sp00","6","FAAt701","BEA_API"
1948,13,"Power",4747,"k1gtotl1sp00","6","FAAt701","BEA_API"
1949,13,"Power",4437,"k1gtotl1sp00","6","FAAt701","BEA_API"
1950,13,"Power",4658,"k1gtotl1sp00","6","FAAt701","BEA_API"
1951,13,"Power",5253,"k1gtotl1sp00","6","FAAt701","BEA_API"
1952,13,"Power",5538,"k1gtotl1sp00","6","FAAt701","BEA_API"
1953,13,"Power",5378,"k1gtotl1sp00","6","FAAt701","BEA_API"
1954,13,"Power",5228,"k1gtotl1sp00","6","FAAt701","BEA_API"
1955,13,"Power",5575,"k1gtotl1sp00","6","FAAt701","BEA_API"
1956,13,"Power",6320,"k1gtotl1sp00","6","FAAt701","BEA_API"
1957,13,"Power",6559,"k1gtotl1sp00","6","FAAt701","BEA_API"
1958,13,"Power",6912,"k1gtotl1sp00","6","FAAt701","BEA_API"
1959,13,"Power",7309,"k1gtotl1sp00","6","FAAt701","BEA_API"
1960,13,"Power",7670,"k1gtotl1sp00","6","FAAt701","BEA_API"
1961,13,"Power",8066,"k1gtotl1sp00","6","FAAt701","BEA_API"
1962,13,"Power",8539,"k1gtotl1sp00","6","FAAt701","BEA_API"
1963,13,"Power",9110,"k1gtotl1sp00","6","FAAt701","BEA_API"
1964,13,"Power",10020,"k1gtotl1sp00","6","FAAt701","BEA_API"
1965,13,"Power",10968,"k1gtotl1sp00","6","FAAt701","BEA_API"
1966,13,"Power",11839,"k1gtotl1sp00","6","FAAt701","BEA_API"
1967,13,"Power",12889,"k1gtotl1sp00","6","FAAt701","BEA_API"
1968,13,"Power",14089,"k1gtotl1sp00","6","FAAt701","BEA_API"
1969,13,"Power",15956,"k1gtotl1sp00","6","FAAt701","BEA_API"
1970,13,"Power",17796,"k1gtotl1sp00","6","FAAt701","BEA_API"
1971,13,"Power",19836,"k1gtotl1sp00","6","FAAt701","BEA_API"
1972,13,"Power",21558,"k1gtotl1sp00","6","FAAt701","BEA_API"
1973,13,"Power",24777,"k1gtotl1sp00","6","FAAt701","BEA_API"
1974,13,"Power",32070,"k1gtotl1sp00","6","FAAt701","BEA_API"
1975,13,"Power",35888,"k1gtotl1sp00","6","FAAt701","BEA_API"
1976,13,"Power",39455,"k1gtotl1sp00","6","FAAt701","BEA_API"
1977,13,"Power",42352,"k1gtotl1sp00","6","FAAt701","BEA_API"
1978,13,"Power",49066,"k1gtotl1sp00","6","FAAt701","BEA_API"
1979,13,"Power",57625,"k1gtotl1sp00","6","FAAt701","BEA_API"
1980,13,"Power",66218,"k1gtotl1sp00","6","FAAt701","BEA_API"
1981,13,"Power",74748,"k1gtotl1sp00","6","FAAt701","BEA_API"
1982,13,"Power",81478,"k1gtotl1sp00","6","FAAt701","BEA_API"
1983,13,"Power",86649,"k1gtotl1sp00","6","FAAt701","BEA_API"
1984,13,"Power",90930,"k1gtotl1sp00","6","FAAt701","BEA_API"
1985,13,"Power",95809,"k1gtotl1sp00","6","FAAt701","BEA_API"
1986,13,"Power",99934,"k1gtotl1sp00","6","FAAt701","BEA_API"
1987,13,"Power",106133,"k1gtotl1sp00","6","FAAt701","BEA_API"
1988,13,"Power",114456,"k1gtotl1sp00","6","FAAt701","BEA_API"
1989,13,"Power",119915,"k1gtotl1sp00","6","FAAt701","BEA_API"
1990,13,"Power",122592,"k1gtotl1sp00","6","FAAt701","BEA_API"
1991,13,"Power",124713,"k1gtotl1sp00","6","FAAt701","BEA_API"
1992,13,"Power",128638,"k1gtotl1sp00","6","FAAt701","BEA_API"
1993,13,"Power",134491,"k1gtotl1sp00","6","FAAt701","BEA_API"
1994,13,"Power",139601,"k1gtotl1sp00","6","FAAt701","BEA_API"
1995,13,"Power",144792,"k1gtotl1sp00","6","FAAt701","BEA_API"
1996,13,"Power",146121,"k1gtotl1sp00","6","FAAt701","BEA_API"
1997,13,"Power",151102,"k1gtotl1sp00","6","FAAt701","BEA_API"
1998,13,"Power",152783,"k1gtotl1sp00","6","FAAt701","BEA_API"
1999,13,"Power",157436,"k1gtotl1sp00","6","FAAt701","BEA_API"
2000,13,"Power",164773,"k1gtotl1sp00","6","FAAt701","BEA_API"
2001,13,"Power",171805,"k1gtotl1sp00","6","FAAt701","BEA_API"
2002,13,"Power",179025,"k1gtotl1sp00","6","FAAt701","BEA_API"
2003,13,"Power",188269,"k1gtotl1sp00","6","FAAt701","BEA_API"
2004,13,"Power",206121,"k1gtotl1sp00","6","FAAt701","BEA_API"
2005,13,"Power",219250,"k1gtotl1sp00","6","FAAt701","BEA_API"
2006,13,"Power",240348,"k1gtotl1sp00","6","FAAt701","BEA_API"
2007,13,"Power",262747,"k1gtotl1sp00","6","FAAt701","BEA_API"
2008,13,"Power",285287,"k1gtotl1sp00","6","FAAt701","BEA_API"
2009,13,"Power",282344,"k1gtotl1sp00","6","FAAt701","BEA_API"
2010,13,"Power",305301,"k1gtotl1sp00","6","FAAt701","BEA_API"
2011,13,"Power",321149,"k1gtotl1sp00","6","FAAt701","BEA_API"
2012,13,"Power",332212,"k1gtotl1sp00","6","FAAt701","BEA_API"
2013,13,"Power",343025,"k1gtotl1sp00","6","FAAt701","BEA_API"
2014,13,"Power",357394,"k1gtotl1sp00","6","FAAt701","BEA_API"
2015,13,"Power",366963,"k1gtotl1sp00","6","FAAt701","BEA_API"
2016,13,"Power",378839,"k1gtotl1sp00","6","FAAt701","BEA_API"
2017,13,"Power",390559,"k1gtotl1sp00","6","FAAt701","BEA_API"
2018,13,"Power",410739,"k1gtotl1sp00","6","FAAt701","BEA_API"
2019,13,"Power",425184,"k1gtotl1sp00","6","FAAt701","BEA_API"
2020,13,"Power",440377,"k1gtotl1sp00","6","FAAt701","BEA_API"
2021,13,"Power",491104,"k1gtotl1sp00","6","FAAt701","BEA_API"
2022,13,"Power",548184,"k1gtotl1sp00","6","FAAt701","BEA_API"
2023,13,"Power",565792,"k1gtotl1sp00","6","FAAt701","BEA_API"
2024,13,"Power",573654,"k1gtotl1sp00","6","FAAt701","BEA_API"
1925,14,"Highways and streets",16398,"k1gtotl1sq00","6","FAAt701","BEA_API"
1926,14,"Highways and streets",16280,"k1gtotl1sq00","6","FAAt701","BEA_API"
1927,14,"Highways and streets",17070,"k1gtotl1sq00","6","FAAt701","BEA_API"
1928,14,"Highways and streets",16855,"k1gtotl1sq00","6","FAAt701","BEA_API"
1929,14,"Highways and streets",17298,"k1gtotl1sq00","6","FAAt701","BEA_API"
1930,14,"Highways and streets",17286,"k1gtotl1sq00","6","FAAt701","BEA_API"
1931,14,"Highways and streets",16431,"k1gtotl1sq00","6","FAAt701","BEA_API"
1932,14,"Highways and streets",13349,"k1gtotl1sq00","6","FAAt701","BEA_API"
1933,14,"Highways and streets",17178,"k1gtotl1sq00","6","FAAt701","BEA_API"
1934,14,"Highways and streets",20490,"k1gtotl1sq00","6","FAAt701","BEA_API"
1935,14,"Highways and streets",20328,"k1gtotl1sq00","6","FAAt701","BEA_API"
1936,14,"Highways and streets",23213,"k1gtotl1sq00","6","FAAt701","BEA_API"
1937,14,"Highways and streets",22404,"k1gtotl1sq00","6","FAAt701","BEA_API"
1938,14,"Highways and streets",22676,"k1gtotl1sq00","6","FAAt701","BEA_API"
1939,14,"Highways and streets",23080,"k1gtotl1sq00","6","FAAt701","BEA_API"
1940,14,"Highways and streets",23461,"k1gtotl1sq00","6","FAAt701","BEA_API"
1941,14,"Highways and streets",27558,"k1gtotl1sq00","6","FAAt701","BEA_API"
1942,14,"Highways and streets",35736,"k1gtotl1sq00","6","FAAt701","BEA_API"
1943,14,"Highways and streets",39849,"k1gtotl1sq00","6","FAAt701","BEA_API"
1944,14,"Highways and streets",36163,"k1gtotl1sq00","6","FAAt701","BEA_API"
1945,14,"Highways and streets",34312,"k1gtotl1sq00","6","FAAt701","BEA_API"
1946,14,"Highways and streets",36869,"k1gtotl1sq00","6","FAAt701","BEA_API"
1947,14,"Highways and streets",45088,"k1gtotl1sq00","6","FAAt701","BEA_API"
1948,14,"Highways and streets",48551,"k1gtotl1sq00","6","FAAt701","BEA_API"
1949,14,"Highways and streets",44373,"k1gtotl1sq00","6","FAAt701","BEA_API"
1950,14,"Highways and streets",49919,"k1gtotl1sq00","6","FAAt701","BEA_API"
1951,14,"Highways and streets",56132,"k1gtotl1sq00","6","FAAt701","BEA_API"
1952,14,"Highways and streets",59074,"k1gtotl1sq00","6","FAAt701","BEA_API"
1953,14,"Highways and streets",54384,"k1gtotl1sq00","6","FAAt701","BEA_API"
1954,14,"Highways and streets",56862,"k1gtotl1sq00","6","FAAt701","BEA_API"
1955,14,"Highways and streets",63064,"k1gtotl1sq00","6","FAAt701","BEA_API"
1956,14,"Highways and streets",72417,"k1gtotl1sq00","6","FAAt701","BEA_API"
1957,14,"Highways and streets",74425,"k1gtotl1sq00","6","FAAt701","BEA_API"
1958,14,"Highways and streets",80570,"k1gtotl1sq00","6","FAAt701","BEA_API"
1959,14,"Highways and streets",80886,"k1gtotl1sq00","6","FAAt701","BEA_API"
1960,14,"Highways and streets",84341,"k1gtotl1sq00","6","FAAt701","BEA_API"
1961,14,"Highways and streets",89945,"k1gtotl1sq00","6","FAAt701","BEA_API"
1962,14,"Highways and streets",97970,"k1gtotl1sq00","6","FAAt701","BEA_API"
1963,14,"Highways and streets",105740,"k1gtotl1sq00","6","FAAt701","BEA_API"
1964,14,"Highways and streets",111555,"k1gtotl1sq00","6","FAAt701","BEA_API"
1965,14,"Highways and streets",122376,"k1gtotl1sq00","6","FAAt701","BEA_API"
1966,14,"Highways and streets",136041,"k1gtotl1sq00","6","FAAt701","BEA_API"
1967,14,"Highways and streets",148989,"k1gtotl1sq00","6","FAAt701","BEA_API"
1968,14,"Highways and streets",161357,"k1gtotl1sq00","6","FAAt701","BEA_API"
1969,14,"Highways and streets",181653,"k1gtotl1sq00","6","FAAt701","BEA_API"
1970,14,"Highways and streets",211806,"k1gtotl1sq00","6","FAAt701","BEA_API"
1971,14,"Highways and streets",226136,"k1gtotl1sq00","6","FAAt701","BEA_API"
1972,14,"Highways and streets",245762,"k1gtotl1sq00","6","FAAt701","BEA_API"
1973,14,"Highways and streets",289680,"k1gtotl1sq00","6","FAAt701","BEA_API"
1974,14,"Highways and streets",384589,"k1gtotl1sq00","6","FAAt701","BEA_API"
1975,14,"Highways and streets",381719,"k1gtotl1sq00","6","FAAt701","BEA_API"
1976,14,"Highways and streets",376902,"k1gtotl1sq00","6","FAAt701","BEA_API"
1977,14,"Highways and streets",381977,"k1gtotl1sq00","6","FAAt701","BEA_API"
1978,14,"Highways and streets",403380,"k1gtotl1sq00","6","FAAt701","BEA_API"
1979,14,"Highways and streets",466033,"k1gtotl1sq00","6","FAAt701","BEA_API"
1980,14,"Highways and streets",561715,"k1gtotl1sq00","6","FAAt701","BEA_API"
1981,14,"Highways and streets",642398,"k1gtotl1sq00","6","FAAt701","BEA_API"
1982,14,"Highways and streets",669098,"k1gtotl1sq00","6","FAAt701","BEA_API"
1983,14,"Highways and streets",646745,"k1gtotl1sq00","6","FAAt701","BEA_API"
1984,14,"Highways and streets",643644,"k1gtotl1sq00","6","FAAt701","BEA_API"
1985,14,"Highways and streets",674258,"k1gtotl1sq00","6","FAAt701","BEA_API"
1986,14,"Highways and streets",727838,"k1gtotl1sq00","6","FAAt701","BEA_API"
1987,14,"Highways and streets",773233,"k1gtotl1sq00","6","FAAt701","BEA_API"
1988,14,"Highways and streets",788122,"k1gtotl1sq00","6","FAAt701","BEA_API"
1989,14,"Highways and streets",819998,"k1gtotl1sq00","6","FAAt701","BEA_API"
1990,14,"Highways and streets",861963,"k1gtotl1sq00","6","FAAt701","BEA_API"
1991,14,"Highways and streets",882345,"k1gtotl1sq00","6","FAAt701","BEA_API"
1992,14,"Highways and streets",903116,"k1gtotl1sq00","6","FAAt701","BEA_API"
1993,14,"Highways and streets",934576,"k1gtotl1sq00","6","FAAt701","BEA_API"
1994,14,"Highways and streets",997705,"k1gtotl1sq00","6","FAAt701","BEA_API"
1995,14,"Highways and streets",1067713,"k1gtotl1sq00","6","FAAt701","BEA_API"
1996,14,"Highways and streets",1121205,"k1gtotl1sq00","6","FAAt701","BEA_API"
1997,14,"Highways and streets",1182803,"k1gtotl1sq00","6","FAAt701","BEA_API"
1998,14,"Highways and streets",1226423,"k1gtotl1sq00","6","FAAt701","BEA_API"
1999,14,"Highways and streets",1307201,"k1gtotl1sq00","6","FAAt701","BEA_API"
2000,14,"Highways and streets",1405318,"k1gtotl1sq00","6","FAAt701","BEA_API"
2001,14,"Highways and streets",1467294,"k1gtotl1sq00","6","FAAt701","BEA_API"
2002,14,"Highways and streets",1529305,"k1gtotl1sq00","6","FAAt701","BEA_API"
2003,14,"Highways and streets",1563355,"k1gtotl1sq00","6","FAAt701","BEA_API"
2004,14,"Highways and streets",1803744,"k1gtotl1sq00","6","FAAt701","BEA_API"
2005,14,"Highways and streets",2021109,"k1gtotl1sq00","6","FAAt701","BEA_API"
2006,14,"Highways and streets",2311821,"k1gtotl1sq00","6","FAAt701","BEA_API"
2007,14,"Highways and streets",2595416,"k1gtotl1sq00","6","FAAt701","BEA_API"
2008,14,"Highways and streets",2759974,"k1gtotl1sq00","6","FAAt701","BEA_API"
2009,14,"Highways and streets",2788939,"k1gtotl1sq00","6","FAAt701","BEA_API"
2010,14,"Highways and streets",2891726,"k1gtotl1sq00","6","FAAt701","BEA_API"
2011,14,"Highways and streets",3084936,"k1gtotl1sq00","6","FAAt701","BEA_API"
2012,14,"Highways and streets",3218076,"k1gtotl1sq00","6","FAAt701","BEA_API"
2013,14,"Highways and streets",3294686,"k1gtotl1sq00","6","FAAt701","BEA_API"
2014,14,"Highways and streets",3320446,"k1gtotl1sq00","6","FAAt701","BEA_API"
2015,14,"Highways and streets",3332281,"k1gtotl1sq00","6","FAAt701","BEA_API"
2016,14,"Highways and streets",3438616,"k1gtotl1sq00","6","FAAt701","BEA_API"
2017,14,"Highways and streets",3587182,"k1gtotl1sq00","6","FAAt701","BEA_API"
2018,14,"Highways and streets",3756779,"k1gtotl1sq00","6","FAAt701","BEA_API"
2019,14,"Highways and streets",3854340,"k1gtotl1sq00","6","FAAt701","BEA_API"
2020,14,"Highways and streets",3976951,"k1gtotl1sq00","6","FAAt701","BEA_API"
2021,14,"Highways and streets",4456204,"k1gtotl1sq00","6","FAAt701","BEA_API"
2022,14,"Highways and streets",4700066,"k1gtotl1sq00","6","FAAt701","BEA_API"
2023,14,"Highways and streets",4868865,"k1gtotl1sq00","6","FAAt701","BEA_API"
2024,14,"Highways and streets",5020642,"k1gtotl1sq00","6","FAAt701","BEA_API"
1925,15,"Military facilities",4448,"k1gtotl1sm00","6","FAAt701","BEA_API"
1926,15,"Military facilities",4426,"k1gtotl1sm00","6","FAAt701","BEA_API"
1927,15,"Military facilities",4310,"k1gtotl1sm00","6","FAAt701","BEA_API"
1928,15,"Military facilities",4063,"k1gtotl1sm00","6","FAAt701","BEA_API"
1929,15,"Military facilities",4708,"k1gtotl1sm00","6","FAAt701","BEA_API"
1930,15,"Military facilities",4315,"k1gtotl1sm00","6","FAAt701","BEA_API"
1931,15,"Military facilities",3785,"k1gtotl1sm00","6","FAAt701","BEA_API"
1932,15,"Military facilities",3568,"k1gtotl1sm00","6","FAAt701","BEA_API"
1933,15,"Military facilities",3885,"k1gtotl1sm00","6","FAAt701","BEA_API"
1934,15,"Military facilities",4074,"k1gtotl1sm00","6","FAAt701","BEA_API"
1935,15,"Military facilities",4187,"k1gtotl1sm00","6","FAAt701","BEA_API"
1936,15,"Military facilities",4450,"k1gtotl1sm00","6","FAAt701","BEA_API"
1937,15,"Military facilities",4566,"k1gtotl1sm00","6","FAAt701","BEA_API"
1938,15,"Military facilities",4587,"k1gtotl1sm00","6","FAAt701","BEA_API"
1939,15,"Military facilities",4739,"k1gtotl1sm00","6","FAAt701","BEA_API"
1940,15,"Military facilities",5513,"k1gtotl1sm00","6","FAAt701","BEA_API"
1941,15,"Military facilities",9015,"k1gtotl1sm00","6","FAAt701","BEA_API"
1942,15,"Military facilities",18502,"k1gtotl1sm00","6","FAAt701","BEA_API"
1943,15,"Military facilities",22549,"k1gtotl1sm00","6","FAAt701","BEA_API"
1944,15,"Military facilities",23106,"k1gtotl1sm00","6","FAAt701","BEA_API"
1945,15,"Military facilities",25943,"k1gtotl1sm00","6","FAAt701","BEA_API"
1946,15,"Military facilities",27108,"k1gtotl1sm00","6","FAAt701","BEA_API"
1947,15,"Military facilities",27246,"k1gtotl1sm00","6","FAAt701","BEA_API"
1948,15,"Military facilities",27461,"k1gtotl1sm00","6","FAAt701","BEA_API"
1949,15,"Military facilities",25604,"k1gtotl1sm00","6","FAAt701","BEA_API"
1950,15,"Military facilities",28047,"k1gtotl1sm00","6","FAAt701","BEA_API"
1951,15,"Military facilities",31928,"k1gtotl1sm00","6","FAAt701","BEA_API"
1952,15,"Military facilities",33593,"k1gtotl1sm00","6","FAAt701","BEA_API"
1953,15,"Military facilities",32677,"k1gtotl1sm00","6","FAAt701","BEA_API"
1954,15,"Military facilities",33027,"k1gtotl1sm00","6","FAAt701","BEA_API"
1955,15,"Military facilities",35377,"k1gtotl1sm00","6","FAAt701","BEA_API"
1956,15,"Military facilities",39049,"k1gtotl1sm00","6","FAAt701","BEA_API"
1957,15,"Military facilities",39927,"k1gtotl1sm00","6","FAAt701","BEA_API"
1958,15,"Military facilities",43091,"k1gtotl1sm00","6","FAAt701","BEA_API"
1959,15,"Military facilities",43417,"k1gtotl1sm00","6","FAAt701","BEA_API"
1960,15,"Military facilities",44343,"k1gtotl1sm00","6","FAAt701","BEA_API"
1961,15,"Military facilities",45645,"k1gtotl1sm00","6","FAAt701","BEA_API"
1962,15,"Military facilities",47306,"k1gtotl1sm00","6","FAAt701","BEA_API"
1963,15,"Military facilities",48074,"k1gtotl1sm00","6","FAAt701","BEA_API"
1964,15,"Military facilities",49219,"k1gtotl1sm00","6","FAAt701","BEA_API"
1965,15,"Military facilities",49389,"k1gtotl1sm00","6","FAAt701","BEA_API"
1966,15,"Military facilities",51462,"k1gtotl1sm00","6","FAAt701","BEA_API"
1967,15,"Military facilities",55383,"k1gtotl1sm00","6","FAAt701","BEA_API"
1968,15,"Military facilities",59171,"k1gtotl1sm00","6","FAAt701","BEA_API"
1969,15,"Military facilities",63297,"k1gtotl1sm00","6","FAAt701","BEA_API"
1970,15,"Military facilities",69895,"k1gtotl1sm00","6","FAAt701","BEA_API"
1971,15,"Military facilities",74944,"k1gtotl1sm00","6","FAAt701","BEA_API"
1972,15,"Military facilities",90853,"k1gtotl1sm00","6","FAAt701","BEA_API"
1973,15,"Military facilities",107050,"k1gtotl1sm00","6","FAAt701","BEA_API"
1974,15,"Military facilities",129119,"k1gtotl1sm00","6","FAAt701","BEA_API"
1975,15,"Military facilities",129726,"k1gtotl1sm00","6","FAAt701","BEA_API"
1976,15,"Military facilities",145265,"k1gtotl1sm00","6","FAAt701","BEA_API"
1977,15,"Military facilities",142904,"k1gtotl1sm00","6","FAAt701","BEA_API"
1978,15,"Military facilities",155151,"k1gtotl1sm00","6","FAAt701","BEA_API"
1979,15,"Military facilities",175877,"k1gtotl1sm00","6","FAAt701","BEA_API"
1980,15,"Military facilities",192623,"k1gtotl1sm00","6","FAAt701","BEA_API"
1981,15,"Military facilities",188242,"k1gtotl1sm00","6","FAAt701","BEA_API"
1982,15,"Military facilities",190085,"k1gtotl1sm00","6","FAAt701","BEA_API"
1983,15,"Military facilities",189356,"k1gtotl1sm00","6","FAAt701","BEA_API"
1984,15,"Military facilities",202211,"k1gtotl1sm00","6","FAAt701","BEA_API"
1985,15,"Military facilities",212228,"k1gtotl1sm00","6","FAAt701","BEA_API"
1986,15,"Military facilities",227303,"k1gtotl1sm00","6","FAAt701","BEA_API"
1987,15,"Military facilities",227092,"k1gtotl1sm00","6","FAAt701","BEA_API"
1988,15,"Military facilities",236517,"k1gtotl1sm00","6","FAAt701","BEA_API"
1989,15,"Military facilities",245437,"k1gtotl1sm00","6","FAAt701","BEA_API"
1990,15,"Military facilities",249053,"k1gtotl1sm00","6","FAAt701","BEA_API"
1991,15,"Military facilities",261217,"k1gtotl1sm00","6","FAAt701","BEA_API"
1992,15,"Military facilities",276327,"k1gtotl1sm00","6","FAAt701","BEA_API"
1993,15,"Military facilities",284930,"k1gtotl1sm00","6","FAAt701","BEA_API"
1994,15,"Military facilities",296286,"k1gtotl1sm00","6","FAAt701","BEA_API"
1995,15,"Military facilities",306214,"k1gtotl1sm00","6","FAAt701","BEA_API"
1996,15,"Military facilities",312120,"k1gtotl1sm00","6","FAAt701","BEA_API"
1997,15,"Military facilities",321533,"k1gtotl1sm00","6","FAAt701","BEA_API"
1998,15,"Military facilities",328858,"k1gtotl1sm00","6","FAAt701","BEA_API"
1999,15,"Military facilities",340259,"k1gtotl1sm00","6","FAAt701","BEA_API"
2000,15,"Military facilities",353095,"k1gtotl1sm00","6","FAAt701","BEA_API"
2001,15,"Military facilities",360821,"k1gtotl1sm00","6","FAAt701","BEA_API"
2002,15,"Military facilities",367454,"k1gtotl1sm00","6","FAAt701","BEA_API"
2003,15,"Military facilities",372167,"k1gtotl1sm00","6","FAAt701","BEA_API"
2004,15,"Military facilities",406174,"k1gtotl1sm00","6","FAAt701","BEA_API"
2005,15,"Military facilities",440550,"k1gtotl1sm00","6","FAAt701","BEA_API"
2006,15,"Military facilities",480510,"k1gtotl1sm00","6","FAAt701","BEA_API"
2007,15,"Military facilities",510631,"k1gtotl1sm00","6","FAAt701","BEA_API"
2008,15,"Military facilities",532647,"k1gtotl1sm00","6","FAAt701","BEA_API"
2009,15,"Military facilities",522634,"k1gtotl1sm00","6","FAAt701","BEA_API"
2010,15,"Military facilities",536019,"k1gtotl1sm00","6","FAAt701","BEA_API"
2011,15,"Military facilities",558467,"k1gtotl1sm00","6","FAAt701","BEA_API"
2012,15,"Military facilities",568865,"k1gtotl1sm00","6","FAAt701","BEA_API"
2013,15,"Military facilities",583996,"k1gtotl1sm00","6","FAAt701","BEA_API"
2014,15,"Military facilities",590593,"k1gtotl1sm00","6","FAAt701","BEA_API"
2015,15,"Military facilities",590530,"k1gtotl1sm00","6","FAAt701","BEA_API"
2016,15,"Military facilities",604998,"k1gtotl1sm00","6","FAAt701","BEA_API"
2017,15,"Military facilities",621089,"k1gtotl1sm00","6","FAAt701","BEA_API"
2018,15,"Military facilities",636270,"k1gtotl1sm00","6","FAAt701","BEA_API"
2019,15,"Military facilities",641523,"k1gtotl1sm00","6","FAAt701","BEA_API"
2020,15,"Military facilities",667274,"k1gtotl1sm00","6","FAAt701","BEA_API"
2021,15,"Military facilities",740944,"k1gtotl1sm00","6","FAAt701","BEA_API"
2022,15,"Military facilities",789358,"k1gtotl1sm00","6","FAAt701","BEA_API"
2023,15,"Military facilities",804173,"k1gtotl1sm00","6","FAAt701","BEA_API"
2024,15,"Military facilities",817401,"k1gtotl1sm00","6","FAAt701","BEA_API"
1925,16,"Conservation and development",1240,"k1gtotl1sv00","6","FAAt701","BEA_API"
1926,16,"Conservation and development",1246,"k1gtotl1sv00","6","FAAt701","BEA_API"
1927,16,"Conservation and development",1309,"k1gtotl1sv00","6","FAAt701","BEA_API"
1928,16,"Conservation and development",1364,"k1gtotl1sv00","6","FAAt701","BEA_API"
1929,16,"Conservation and development",1447,"k1gtotl1sv00","6","FAAt701","BEA_API"
1930,16,"Conservation and development",1520,"k1gtotl1sv00","6","FAAt701","BEA_API"
1931,16,"Conservation and development",1499,"k1gtotl1sv00","6","FAAt701","BEA_API"
1932,16,"Conservation and development",1462,"k1gtotl1sv00","6","FAAt701","BEA_API"
1933,16,"Conservation and development",1829,"k1gtotl1sv00","6","FAAt701","BEA_API"
1934,16,"Conservation and development",2280,"k1gtotl1sv00","6","FAAt701","BEA_API"
1935,16,"Conservation and development",2872,"k1gtotl1sv00","6","FAAt701","BEA_API"
1936,16,"Conservation and development",3644,"k1gtotl1sv00","6","FAAt701","BEA_API"
1937,16,"Conservation and development",4322,"k1gtotl1sv00","6","FAAt701","BEA_API"
1938,16,"Conservation and development",4703,"k1gtotl1sv00","6","FAAt701","BEA_API"
1939,16,"Conservation and development",4950,"k1gtotl1sv00","6","FAAt701","BEA_API"
1940,16,"Conservation and development",5329,"k1gtotl1sv00","6","FAAt701","BEA_API"
1941,16,"Conservation and development",5563,"k1gtotl1sv00","6","FAAt701","BEA_API"
1942,16,"Conservation and development",5956,"k1gtotl1sv00","6","FAAt701","BEA_API"
1943,16,"Conservation and development",6656,"k1gtotl1sv00","6","FAAt701","BEA_API"
1944,16,"Conservation and development",6823,"k1gtotl1sv00","6","FAAt701","BEA_API"
1945,16,"Conservation and development",8363,"k1gtotl1sv00","6","FAAt701","BEA_API"
1946,16,"Conservation and development",10787,"k1gtotl1sv00","6","FAAt701","BEA_API"
1947,16,"Conservation and development",12287,"k1gtotl1sv00","6","FAAt701","BEA_API"
1948,16,"Conservation and development",13519,"k1gtotl1sv00","6","FAAt701","BEA_API"
1949,16,"Conservation and development",13607,"k1gtotl1sv00","6","FAAt701","BEA_API"
1950,16,"Conservation and development",12890,"k1gtotl1sv00","6","FAAt701","BEA_API"
1951,16,"Conservation and development",13845,"k1gtotl1sv00","6","FAAt701","BEA_API"
1952,16,"Conservation and development",14727,"k1gtotl1sv00","6","FAAt701","BEA_API"
1953,16,"Conservation and development",14915,"k1gtotl1sv00","6","FAAt701","BEA_API"
1954,16,"Conservation and development",15006,"k1gtotl1sv00","6","FAAt701","BEA_API"
1955,16,"Conservation and development",16101,"k1gtotl1sv00","6","FAAt701","BEA_API"
1956,16,"Conservation and development",17850,"k1gtotl1sv00","6","FAAt701","BEA_API"
1957,16,"Conservation and development",18950,"k1gtotl1sv00","6","FAAt701","BEA_API"
1958,16,"Conservation and development",19450,"k1gtotl1sv00","6","FAAt701","BEA_API"
1959,16,"Conservation and development",19652,"k1gtotl1sv00","6","FAAt701","BEA_API"
1960,16,"Conservation and development",20617,"k1gtotl1sv00","6","FAAt701","BEA_API"
1961,16,"Conservation and development",21668,"k1gtotl1sv00","6","FAAt701","BEA_API"
1962,16,"Conservation and development",22902,"k1gtotl1sv00","6","FAAt701","BEA_API"
1963,16,"Conservation and development",24256,"k1gtotl1sv00","6","FAAt701","BEA_API"
1964,16,"Conservation and development",25839,"k1gtotl1sv00","6","FAAt701","BEA_API"
1965,16,"Conservation and development",27799,"k1gtotl1sv00","6","FAAt701","BEA_API"
1966,16,"Conservation and development",29857,"k1gtotl1sv00","6","FAAt701","BEA_API"
1967,16,"Conservation and development",32239,"k1gtotl1sv00","6","FAAt701","BEA_API"
1968,16,"Conservation and development",35002,"k1gtotl1sv00","6","FAAt701","BEA_API"
1969,16,"Conservation and development",38448,"k1gtotl1sv00","6","FAAt701","BEA_API"
1970,16,"Conservation and development",41874,"k1gtotl1sv00","6","FAAt701","BEA_API"
1971,16,"Conservation and development",45991,"k1gtotl1sv00","6","FAAt701","BEA_API"
1972,16,"Conservation and development",49563,"k1gtotl1sv00","6","FAAt701","BEA_API"
1973,16,"Conservation and development",53625,"k1gtotl1sv00","6","FAAt701","BEA_API"
1974,16,"Conservation and development",63519,"k1gtotl1sv00","6","FAAt701","BEA_API"
1975,16,"Conservation and development",72981,"k1gtotl1sv00","6","FAAt701","BEA_API"
1976,16,"Conservation and development",77821,"k1gtotl1sv00","6","FAAt701","BEA_API"
1977,16,"Conservation and development",83079,"k1gtotl1sv00","6","FAAt701","BEA_API"
1978,16,"Conservation and development",89478,"k1gtotl1sv00","6","FAAt701","BEA_API"
1979,16,"Conservation and development",99432,"k1gtotl1sv00","6","FAAt701","BEA_API"
1980,16,"Conservation and development",111187,"k1gtotl1sv00","6","FAAt701","BEA_API"
1981,16,"Conservation and development",122591,"k1gtotl1sv00","6","FAAt701","BEA_API"
1982,16,"Conservation and development",129932,"k1gtotl1sv00","6","FAAt701","BEA_API"
1983,16,"Conservation and development",131977,"k1gtotl1sv00","6","FAAt701","BEA_API"
1984,16,"Conservation and development",135124,"k1gtotl1sv00","6","FAAt701","BEA_API"
1985,16,"Conservation and development",138335,"k1gtotl1sv00","6","FAAt701","BEA_API"
1986,16,"Conservation and development",140863,"k1gtotl1sv00","6","FAAt701","BEA_API"
1987,16,"Conservation and development",143726,"k1gtotl1sv00","6","FAAt701","BEA_API"
1988,16,"Conservation and development",149486,"k1gtotl1sv00","6","FAAt701","BEA_API"
1989,16,"Conservation and development",157758,"k1gtotl1sv00","6","FAAt701","BEA_API"
1990,16,"Conservation and development",163540,"k1gtotl1sv00","6","FAAt701","BEA_API"
1991,16,"Conservation and development",168756,"k1gtotl1sv00","6","FAAt701","BEA_API"
1992,16,"Conservation and development",171632,"k1gtotl1sv00","6","FAAt701","BEA_API"
1993,16,"Conservation and development",176833,"k1gtotl1sv00","6","FAAt701","BEA_API"
1994,16,"Conservation and development",183732,"k1gtotl1sv00","6","FAAt701","BEA_API"
1995,16,"Conservation and development",194701,"k1gtotl1sv00","6","FAAt701","BEA_API"
1996,16,"Conservation and development",207156,"k1gtotl1sv00","6","FAAt701","BEA_API"
1997,16,"Conservation and development",215035,"k1gtotl1sv00","6","FAAt701","BEA_API"
1998,16,"Conservation and development",217079,"k1gtotl1sv00","6","FAAt701","BEA_API"
1999,16,"Conservation and development",223590,"k1gtotl1sv00","6","FAAt701","BEA_API"
2000,16,"Conservation and development",231394,"k1gtotl1sv00","6","FAAt701","BEA_API"
2001,16,"Conservation and development",235652,"k1gtotl1sv00","6","FAAt701","BEA_API"
2002,16,"Conservation and development",241881,"k1gtotl1sv00","6","FAAt701","BEA_API"
2003,16,"Conservation and development",250720,"k1gtotl1sv00","6","FAAt701","BEA_API"
2004,16,"Conservation and development",271354,"k1gtotl1sv00","6","FAAt701","BEA_API"
2005,16,"Conservation and development",288220,"k1gtotl1sv00","6","FAAt701","BEA_API"
2006,16,"Conservation and development",305426,"k1gtotl1sv00","6","FAAt701","BEA_API"
2007,16,"Conservation and development",322318,"k1gtotl1sv00","6","FAAt701","BEA_API"
2008,16,"Conservation and development",348761,"k1gtotl1sv00","6","FAAt701","BEA_API"
2009,16,"Conservation and development",340407,"k1gtotl1sv00","6","FAAt701","BEA_API"
2010,16,"Conservation and development",356888,"k1gtotl1sv00","6","FAAt701","BEA_API"
2011,16,"Conservation and development",378074,"k1gtotl1sv00","6","FAAt701","BEA_API"
2012,16,"Conservation and development",389881,"k1gtotl1sv00","6","FAAt701","BEA_API"
2013,16,"Conservation and development",395105,"k1gtotl1sv00","6","FAAt701","BEA_API"
2014,16,"Conservation and development",403764,"k1gtotl1sv00","6","FAAt701","BEA_API"
2015,16,"Conservation and development",403288,"k1gtotl1sv00","6","FAAt701","BEA_API"
2016,16,"Conservation and development",412715,"k1gtotl1sv00","6","FAAt701","BEA_API"
2017,16,"Conservation and development",431129,"k1gtotl1sv00","6","FAAt701","BEA_API"
2018,16,"Conservation and development",454082,"k1gtotl1sv00","6","FAAt701","BEA_API"
2019,16,"Conservation and development",468307,"k1gtotl1sv00","6","FAAt701","BEA_API"
2020,16,"Conservation and development",475606,"k1gtotl1sv00","6","FAAt701","BEA_API"
2021,16,"Conservation and development",525730,"k1gtotl1sv00","6","FAAt701","BEA_API"
2022,16,"Conservation and development",586277,"k1gtotl1sv00","6","FAAt701","BEA_API"
2023,16,"Conservation and development",606364,"k1gtotl1sv00","6","FAAt701","BEA_API"
2024,16,"Conservation and development",613499,"k1gtotl1sv00","6","FAAt701","BEA_API"
1925,17,"Other structures",3652,"k1gtotl1sx00","6","FAAt701","BEA_API"
1926,17,"Other structures",3887,"k1gtotl1sx00","6","FAAt701","BEA_API"
1927,17,"Other structures",4147,"k1gtotl1sx00","6","FAAt701","BEA_API"
1928,17,"Other structures",4395,"k1gtotl1sx00","6","FAAt701","BEA_API"
1929,17,"Other structures",4638,"k1gtotl1sx00","6","FAAt701","BEA_API"
1930,17,"Other structures",4858,"k1gtotl1sx00","6","FAAt701","BEA_API"
1931,17,"Other structures",4687,"k1gtotl1sx00","6","FAAt701","BEA_API"
1932,17,"Other structures",4066,"k1gtotl1sx00","6","FAAt701","BEA_API"
1933,17,"Other structures",4239,"k1gtotl1sx00","6","FAAt701","BEA_API"
1934,17,"Other structures",5232,"k1gtotl1sx00","6","FAAt701","BEA_API"
1935,17,"Other structures",5195,"k1gtotl1sx00","6","FAAt701","BEA_API"
1936,17,"Other structures",6100,"k1gtotl1sx00","6","FAAt701","BEA_API"
1937,17,"Other structures",6699,"k1gtotl1sx00","6","FAAt701","BEA_API"
1938,17,"Other structures",7266,"k1gtotl1sx00","6","FAAt701","BEA_API"
1939,17,"Other structures",7317,"k1gtotl1sx00","6","FAAt701","BEA_API"
1940,17,"Other structures",7654,"k1gtotl1sx00","6","FAAt701","BEA_API"
1941,17,"Other structures",8234,"k1gtotl1sx00","6","FAAt701","BEA_API"
1942,17,"Other structures",8556,"k1gtotl1sx00","6","FAAt701","BEA_API"
1943,17,"Other structures",8454,"k1gtotl1sx00","6","FAAt701","BEA_API"
1944,17,"Other structures",9849,"k1gtotl1sx00","6","FAAt701","BEA_API"
1945,17,"Other structures",9555,"k1gtotl1sx00","6","FAAt701","BEA_API"
1946,17,"Other structures",10149,"k1gtotl1sx00","6","FAAt701","BEA_API"
1947,17,"Other structures",13070,"k1gtotl1sx00","6","FAAt701","BEA_API"
1948,17,"Other structures",15001,"k1gtotl1sx00","6","FAAt701","BEA_API"
1949,17,"Other structures",15508,"k1gtotl1sx00","6","FAAt701","BEA_API"
1950,17,"Other structures",17412,"k1gtotl1sx00","6","FAAt701","BEA_API"
1951,17,"Other structures",18347,"k1gtotl1sx00","6","FAAt701","BEA_API"
1952,17,"Other structures",19888,"k1gtotl1sx00","6","FAAt701","BEA_API"
1953,17,"Other structures",21338,"k1gtotl1sx00","6","FAAt701","BEA_API"
1954,17,"Other structures",22374,"k1gtotl1sx00","6","FAAt701","BEA_API"
1955,17,"Other structures",24520,"k1gtotl1sx00","6","FAAt701","BEA_API"
1956,17,"Other structures",27223,"k1gtotl1sx00","6","FAAt701","BEA_API"
1957,17,"Other structures",29562,"k1gtotl1sx00","6","FAAt701","BEA_API"
1958,17,"Other structures",30098,"k1gtotl1sx00","6","FAAt701","BEA_API"
1959,17,"Other structures",29291,"k1gtotl1sx00","6","FAAt701","BEA_API"
1960,17,"Other structures",30826,"k1gtotl1sx00","6","FAAt701","BEA_API"
1961,17,"Other structures",32308,"k1gtotl1sx00","6","FAAt701","BEA_API"
1962,17,"Other structures",34181,"k1gtotl1sx00","6","FAAt701","BEA_API"
1963,17,"Other structures",36013,"k1gtotl1sx00","6","FAAt701","BEA_API"
1964,17,"Other structures",38125,"k1gtotl1sx00","6","FAAt701","BEA_API"
1965,17,"Other structures",41263,"k1gtotl1sx00","6","FAAt701","BEA_API"
1966,17,"Other structures",44464,"k1gtotl1sx00","6","FAAt701","BEA_API"
1967,17,"Other structures",47523,"k1gtotl1sx00","6","FAAt701","BEA_API"
1968,17,"Other structures",52930,"k1gtotl1sx00","6","FAAt701","BEA_API"
1969,17,"Other structures",57894,"k1gtotl1sx00","6","FAAt701","BEA_API"
1970,17,"Other structures",64553,"k1gtotl1sx00","6","FAAt701","BEA_API"
1971,17,"Other structures",74649,"k1gtotl1sx00","6","FAAt701","BEA_API"
1972,17,"Other structures",82085,"k1gtotl1sx00","6","FAAt701","BEA_API"
1973,17,"Other structures",90805,"k1gtotl1sx00","6","FAAt701","BEA_API"
1974,17,"Other structures",115307,"k1gtotl1sx00","6","FAAt701","BEA_API"
1975,17,"Other structures",128826,"k1gtotl1sx00","6","FAAt701","BEA_API"
1976,17,"Other structures",139112,"k1gtotl1sx00","6","FAAt701","BEA_API"
1977,17,"Other structures",153954,"k1gtotl1sx00","6","FAAt701","BEA_API"
1978,17,"Other structures",175448,"k1gtotl1sx00","6","FAAt701","BEA_API"
1979,17,"Other structures",202045,"k1gtotl1sx00","6","FAAt701","BEA_API"
1980,17,"Other structures",228544,"k1gtotl1sx00","6","FAAt701","BEA_API"
1981,17,"Other structures",240156,"k1gtotl1sx00","6","FAAt701","BEA_API"
1982,17,"Other structures",256401,"k1gtotl1sx00","6","FAAt701","BEA_API"
1983,17,"Other structures",266449,"k1gtotl1sx00","6","FAAt701","BEA_API"
1984,17,"Other structures",284804,"k1gtotl1sx00","6","FAAt701","BEA_API"
1985,17,"Other structures",292490,"k1gtotl1sx00","6","FAAt701","BEA_API"
1986,17,"Other structures",306441,"k1gtotl1sx00","6","FAAt701","BEA_API"
1987,17,"Other structures",321311,"k1gtotl1sx00","6","FAAt701","BEA_API"
1988,17,"Other structures",342782,"k1gtotl1sx00","6","FAAt701","BEA_API"
1989,17,"Other structures",359396,"k1gtotl1sx00","6","FAAt701","BEA_API"
1990,17,"Other structures",372595,"k1gtotl1sx00","6","FAAt701","BEA_API"
1991,17,"Other structures",383281,"k1gtotl1sx00","6","FAAt701","BEA_API"
1992,17,"Other structures",412691,"k1gtotl1sx00","6","FAAt701","BEA_API"
1993,17,"Other structures",439128,"k1gtotl1sx00","6","FAAt701","BEA_API"
1994,17,"Other structures",458409,"k1gtotl1sx00","6","FAAt701","BEA_API"
1995,17,"Other structures",482093,"k1gtotl1sx00","6","FAAt701","BEA_API"
1996,17,"Other structures",498871,"k1gtotl1sx00","6","FAAt701","BEA_API"
1997,17,"Other structures",519348,"k1gtotl1sx00","6","FAAt701","BEA_API"
1998,17,"Other structures",542595,"k1gtotl1sx00","6","FAAt701","BEA_API"
1999,17,"Other structures",573940,"k1gtotl1sx00","6","FAAt701","BEA_API"
2000,17,"Other structures",610484,"k1gtotl1sx00","6","FAAt701","BEA_API"
2001,17,"Other structures",637836,"k1gtotl1sx00","6","FAAt701","BEA_API"
2002,17,"Other structures",661313,"k1gtotl1sx00","6","FAAt701","BEA_API"
2003,17,"Other structures",695687,"k1gtotl1sx00","6","FAAt701","BEA_API"
2004,17,"Other structures",778235,"k1gtotl1sx00","6","FAAt701","BEA_API"
2005,17,"Other structures",849319,"k1gtotl1sx00","6","FAAt701","BEA_API"
2006,17,"Other structures",934684,"k1gtotl1sx00","6","FAAt701","BEA_API"
2007,17,"Other structures",1000399,"k1gtotl1sx00","6","FAAt701","BEA_API"
2008,17,"Other structures",1043964,"k1gtotl1sx00","6","FAAt701","BEA_API"
2009,17,"Other structures",1056646,"k1gtotl1sx00","6","FAAt701","BEA_API"
2010,17,"Other structures",1124340,"k1gtotl1sx00","6","FAAt701","BEA_API"
2011,17,"Other structures",1189897,"k1gtotl1sx00","6","FAAt701","BEA_API"
2012,17,"Other structures",1230642,"k1gtotl1sx00","6","FAAt701","BEA_API"
2013,17,"Other structures",1269163,"k1gtotl1sx00","6","FAAt701","BEA_API"
2014,17,"Other structures",1327101,"k1gtotl1sx00","6","FAAt701","BEA_API"
2015,17,"Other structures",1358962,"k1gtotl1sx00","6","FAAt701","BEA_API"
2016,17,"Other structures",1409567,"k1gtotl1sx00","6","FAAt701","BEA_API"
2017,17,"Other structures",1462094,"k1gtotl1sx00","6","FAAt701","BEA_API"
2018,17,"Other structures",1539339,"k1gtotl1sx00","6","FAAt701","BEA_API"
2019,17,"Other structures",1577018,"k1gtotl1sx00","6","FAAt701","BEA_API"
2020,17,"Other structures",1651693,"k1gtotl1sx00","6","FAAt701","BEA_API"
2021,17,"Other structures",1909832,"k1gtotl1sx00","6","FAAt701","BEA_API"
2022,17,"Other structures",2149761,"k1gtotl1sx00","6","FAAt701","BEA_API"
2023,17,"Other structures",2220568,"k1gtotl1sx00","6","FAAt701","BEA_API"
2024,17,"Other structures",2259053,"k1gtotl1sx00","6","FAAt701","BEA_API"
1925,18,"Intellectual property products",92,"k1gtotl1ip00","6","FAAt701","BEA_API"
1926,18,"Intellectual property products",103,"k1gtotl1ip00","6","FAAt701","BEA_API"
1927,18,"Intellectual property products",113,"k1gtotl1ip00","6","FAAt701","BEA_API"
1928,18,"Intellectual property products",122,"k1gtotl1ip00","6","FAAt701","BEA_API"
1929,18,"Intellectual property products",164,"k1gtotl1ip00","6","FAAt701","BEA_API"
1930,18,"Intellectual property products",212,"k1gtotl1ip00","6","FAAt701","BEA_API"
1931,18,"Intellectual property products",262,"k1gtotl1ip00","6","FAAt701","BEA_API"
1932,18,"Intellectual property products",319,"k1gtotl1ip00","6","FAAt701","BEA_API"
1933,18,"Intellectual property products",375,"k1gtotl1ip00","6","FAAt701","BEA_API"
1934,18,"Intellectual property products",407,"k1gtotl1ip00","6","FAAt701","BEA_API"
1935,18,"Intellectual property products",438,"k1gtotl1ip00","6","FAAt701","BEA_API"
1936,18,"Intellectual property products",495,"k1gtotl1ip00","6","FAAt701","BEA_API"
1937,18,"Intellectual property products",536,"k1gtotl1ip00","6","FAAt701","BEA_API"
1938,18,"Intellectual property products",565,"k1gtotl1ip00","6","FAAt701","BEA_API"
1939,18,"Intellectual property products",592,"k1gtotl1ip00","6","FAAt701","BEA_API"
1940,18,"Intellectual property products",628,"k1gtotl1ip00","6","FAAt701","BEA_API"
1941,18,"Intellectual property products",882,"k1gtotl1ip00","6","FAAt701","BEA_API"
1942,18,"Intellectual property products",1338,"k1gtotl1ip00","6","FAAt701","BEA_API"
1943,18,"Intellectual property products",2252,"k1gtotl1ip00","6","FAAt701","BEA_API"
1944,18,"Intellectual property products",3468,"k1gtotl1ip00","6","FAAt701","BEA_API"
1945,18,"Intellectual property products",4303,"k1gtotl1ip00","6","FAAt701","BEA_API"
1946,18,"Intellectual property products",5046,"k1gtotl1ip00","6","FAAt701","BEA_API"
1947,18,"Intellectual property products",5540,"k1gtotl1ip00","6","FAAt701","BEA_API"
1948,18,"Intellectual property products",6151,"k1gtotl1ip00","6","FAAt701","BEA_API"
1949,18,"Intellectual property products",6764,"k1gtotl1ip00","6","FAAt701","BEA_API"
1950,18,"Intellectual property products",7736,"k1gtotl1ip00","6","FAAt701","BEA_API"
1951,18,"Intellectual property products",8791,"k1gtotl1ip00","6","FAAt701","BEA_API"
1952,18,"Intellectual property products",9640,"k1gtotl1ip00","6","FAAt701","BEA_API"
1953,18,"Intellectual property products",10549,"k1gtotl1ip00","6","FAAt701","BEA_API"
1954,18,"Intellectual property products",11640,"k1gtotl1ip00","6","FAAt701","BEA_API"
1955,18,"Intellectual property products",13341,"k1gtotl1ip00","6","FAAt701","BEA_API"
1956,18,"Intellectual property products",15868,"k1gtotl1ip00","6","FAAt701","BEA_API"
1957,18,"Intellectual property products",18974,"k1gtotl1ip00","6","FAAt701","BEA_API"
1958,18,"Intellectual property products",22056,"k1gtotl1ip00","6","FAAt701","BEA_API"
1959,18,"Intellectual property products",24952,"k1gtotl1ip00","6","FAAt701","BEA_API"
1960,18,"Intellectual property products",28076,"k1gtotl1ip00","6","FAAt701","BEA_API"
1961,18,"Intellectual property products",31560,"k1gtotl1ip00","6","FAAt701","BEA_API"
1962,18,"Intellectual property products",35315,"k1gtotl1ip00","6","FAAt701","BEA_API"
1963,18,"Intellectual property products",40613,"k1gtotl1ip00","6","FAAt701","BEA_API"
1964,18,"Intellectual property products",46325,"k1gtotl1ip00","6","FAAt701","BEA_API"
1965,18,"Intellectual property products",52228,"k1gtotl1ip00","6","FAAt701","BEA_API"
1966,18,"Intellectual property products",59099,"k1gtotl1ip00","6","FAAt701","BEA_API"
1967,18,"Intellectual property products",66563,"k1gtotl1ip00","6","FAAt701","BEA_API"
1968,18,"Intellectual property products",75073,"k1gtotl1ip00","6","FAAt701","BEA_API"
1969,18,"Intellectual property products",84844,"k1gtotl1ip00","6","FAAt701","BEA_API"
1970,18,"Intellectual property products",94669,"k1gtotl1ip00","6","FAAt701","BEA_API"
1971,18,"Intellectual property products",102655,"k1gtotl1ip00","6","FAAt701","BEA_API"
1972,18,"Intellectual property products",110847,"k1gtotl1ip00","6","FAAt701","BEA_API"
1973,18,"Intellectual property products",123765,"k1gtotl1ip00","6","FAAt701","BEA_API"
1974,18,"Intellectual property products",138886,"k1gtotl1ip00","6","FAAt701","BEA_API"
1975,18,"Intellectual property products",149640,"k1gtotl1ip00","6","FAAt701","BEA_API"
1976,18,"Intellectual property products",160832,"k1gtotl1ip00","6","FAAt701","BEA_API"
1977,18,"Intellectual property products",174073,"k1gtotl1ip00","6","FAAt701","BEA_API"
1978,18,"Intellectual property products",190584,"k1gtotl1ip00","6","FAAt701","BEA_API"
1979,18,"Intellectual property products",213346,"k1gtotl1ip00","6","FAAt701","BEA_API"
1980,18,"Intellectual property products",240950,"k1gtotl1ip00","6","FAAt701","BEA_API"
1981,18,"Intellectual property products",270181,"k1gtotl1ip00","6","FAAt701","BEA_API"
1982,18,"Intellectual property products",293815,"k1gtotl1ip00","6","FAAt701","BEA_API"
1983,18,"Intellectual property products",317337,"k1gtotl1ip00","6","FAAt701","BEA_API"
1984,18,"Intellectual property products",341119,"k1gtotl1ip00","6","FAAt701","BEA_API"
1985,18,"Intellectual property products",364831,"k1gtotl1ip00","6","FAAt701","BEA_API"
1986,18,"Intellectual property products",385644,"k1gtotl1ip00","6","FAAt701","BEA_API"
1987,18,"Intellectual property products",416311,"k1gtotl1ip00","6","FAAt701","BEA_API"
1988,18,"Intellectual property products",448418,"k1gtotl1ip00","6","FAAt701","BEA_API"
1989,18,"Intellectual property products",473950,"k1gtotl1ip00","6","FAAt701","BEA_API"
1990,18,"Intellectual property products",498215,"k1gtotl1ip00","6","FAAt701","BEA_API"
1991,18,"Intellectual property products",517594,"k1gtotl1ip00","6","FAAt701","BEA_API"
1992,18,"Intellectual property products",533954,"k1gtotl1ip00","6","FAAt701","BEA_API"
1993,18,"Intellectual property products",546434,"k1gtotl1ip00","6","FAAt701","BEA_API"
1994,18,"Intellectual property products",564806,"k1gtotl1ip00","6","FAAt701","BEA_API"
1995,18,"Intellectual property products",579236,"k1gtotl1ip00","6","FAAt701","BEA_API"
1996,18,"Intellectual property products",586424,"k1gtotl1ip00","6","FAAt701","BEA_API"
1997,18,"Intellectual property products",598460,"k1gtotl1ip00","6","FAAt701","BEA_API"
1998,18,"Intellectual property products",612598,"k1gtotl1ip00","6","FAAt701","BEA_API"
1999,18,"Intellectual property products",634181,"k1gtotl1ip00","6","FAAt701","BEA_API"
2000,18,"Intellectual property products",656278,"k1gtotl1ip00","6","FAAt701","BEA_API"
2001,18,"Intellectual property products",668504,"k1gtotl1ip00","6","FAAt701","BEA_API"
2002,18,"Intellectual property products",689124,"k1gtotl1ip00","6","FAAt701","BEA_API"
2003,18,"Intellectual property products",726214,"k1gtotl1ip00","6","FAAt701","BEA_API"
2004,18,"Intellectual property products",762557,"k1gtotl1ip00","6","FAAt701","BEA_API"
2005,18,"Intellectual property products",803373,"k1gtotl1ip00","6","FAAt701","BEA_API"
2006,18,"Intellectual property products",839334,"k1gtotl1ip00","6","FAAt701","BEA_API"
2007,18,"Intellectual property products",890142,"k1gtotl1ip00","6","FAAt701","BEA_API"
2008,18,"Intellectual property products",927839,"k1gtotl1ip00","6","FAAt701","BEA_API"
2009,18,"Intellectual property products",956351,"k1gtotl1ip00","6","FAAt701","BEA_API"
2010,18,"Intellectual property products",1012154,"k1gtotl1ip00","6","FAAt701","BEA_API"
2011,18,"Intellectual property products",1040247,"k1gtotl1ip00","6","FAAt701","BEA_API"
2012,18,"Intellectual property products",1063950,"k1gtotl1ip00","6","FAAt701","BEA_API"
2013,18,"Intellectual property products",1101425,"k1gtotl1ip00","6","FAAt701","BEA_API"
2014,18,"Intellectual property products",1116050,"k1gtotl1ip00","6","FAAt701","BEA_API"
2015,18,"Intellectual property products",1116460,"k1gtotl1ip00","6","FAAt701","BEA_API"
2016,18,"Intellectual property products",1147387,"k1gtotl1ip00","6","FAAt701","BEA_API"
2017,18,"Intellectual property products",1194364,"k1gtotl1ip00","6","FAAt701","BEA_API"
2018,18,"Intellectual property products",1244931,"k1gtotl1ip00","6","FAAt701","BEA_API"
2019,18,"Intellectual property products",1270027,"k1gtotl1ip00","6","FAAt701","BEA_API"
2020,18,"Intellectual property products",1339039,"k1gtotl1ip00","6","FAAt701","BEA_API"
2021,18,"Intellectual property products",1436424,"k1gtotl1ip00","6","FAAt701","BEA_API"
2022,18,"Intellectual property products",1548564,"k1gtotl1ip00","6","FAAt701","BEA_API"
2023,18,"Intellectual property products",1613041,"k1gtotl1ip00","6","FAAt701","BEA_API"
2024,18,"Intellectual property products",1708291,"k1gtotl1ip00","6","FAAt701","BEA_API"
1959,19,"Software",1,"k1gtotl1ens0","6","FAAt701","BEA_API"
1960,19,"Software",31,"k1gtotl1ens0","6","FAAt701","BEA_API"
1961,19,"Software",65,"k1gtotl1ens0","6","FAAt701","BEA_API"
1962,19,"Software",99,"k1gtotl1ens0","6","FAAt701","BEA_API"
1963,19,"Software",163,"k1gtotl1ens0","6","FAAt701","BEA_API"
1964,19,"Software",227,"k1gtotl1ens0","6","FAAt701","BEA_API"
1965,19,"Software",300,"k1gtotl1ens0","6","FAAt701","BEA_API"
1966,19,"Software",426,"k1gtotl1ens0","6","FAAt701","BEA_API"
1967,19,"Software",569,"k1gtotl1ens0","6","FAAt701","BEA_API"
1968,19,"Software",728,"k1gtotl1ens0","6","FAAt701","BEA_API"
1969,19,"Software",989,"k1gtotl1ens0","6","FAAt701","BEA_API"
1970,19,"Software",1352,"k1gtotl1ens0","6","FAAt701","BEA_API"
1971,19,"Software",1648,"k1gtotl1ens0","6","FAAt701","BEA_API"
1972,19,"Software",1966,"k1gtotl1ens0","6","FAAt701","BEA_API"
1973,19,"Software",2424,"k1gtotl1ens0","6","FAAt701","BEA_API"
1974,19,"Software",3120,"k1gtotl1ens0","6","FAAt701","BEA_API"
1975,19,"Software",3760,"k1gtotl1ens0","6","FAAt701","BEA_API"
1976,19,"Software",4351,"k1gtotl1ens0","6","FAAt701","BEA_API"
1977,19,"Software",4850,"k1gtotl1ens0","6","FAAt701","BEA_API"
1978,19,"Software",5581,"k1gtotl1ens0","6","FAAt701","BEA_API"
1979,19,"Software",6826,"k1gtotl1ens0","6","FAAt701","BEA_API"
1980,19,"Software",8364,"k1gtotl1ens0","6","FAAt701","BEA_API"
1981,19,"Software",10203,"k1gtotl1ens0","6","FAAt701","BEA_API"
1982,19,"Software",11824,"k1gtotl1ens0","6","FAAt701","BEA_API"
1983,19,"Software",13561,"k1gtotl1ens0","6","FAAt701","BEA_API"
1984,19,"Software",15908,"k1gtotl1ens0","6","FAAt701","BEA_API"
1985,19,"Software",18286,"k1gtotl1ens0","6","FAAt701","BEA_API"
1986,19,"Software",20689,"k1gtotl1ens0","6","FAAt701","BEA_API"
1987,19,"Software",23396,"k1gtotl1ens0","6","FAAt701","BEA_API"
1988,19,"Software",26613,"k1gtotl1ens0","6","FAAt701","BEA_API"
1989,19,"Software",30293,"k1gtotl1ens0","6","FAAt701","BEA_API"
1990,19,"Software",34696,"k1gtotl1ens0","6","FAAt701","BEA_API"
1991,19,"Software",37460,"k1gtotl1ens0","6","FAAt701","BEA_API"
1992,19,"Software",40489,"k1gtotl1ens0","6","FAAt701","BEA_API"
1993,19,"Software",42833,"k1gtotl1ens0","6","FAAt701","BEA_API"
1994,19,"Software",44104,"k1gtotl1ens0","6","FAAt701","BEA_API"
1995,19,"Software",45490,"k1gtotl1ens0","6","FAAt701","BEA_API"
1996,19,"Software",45429,"k1gtotl1ens0","6","FAAt701","BEA_API"
1997,19,"Software",46786,"k1gtotl1ens0","6","FAAt701","BEA_API"
1998,19,"Software",50149,"k1gtotl1ens0","6","FAAt701","BEA_API"
1999,19,"Software",54665,"k1gtotl1ens0","6","FAAt701","BEA_API"
2000,19,"Software",59177,"k1gtotl1ens0","6","FAAt701","BEA_API"
2001,19,"Software",61523,"k1gtotl1ens0","6","FAAt701","BEA_API"
2002,19,"Software",60625,"k1gtotl1ens0","6","FAAt701","BEA_API"
2003,19,"Software",59897,"k1gtotl1ens0","6","FAAt701","BEA_API"
2004,19,"Software",61133,"k1gtotl1ens0","6","FAAt701","BEA_API"
2005,19,"Software",63414,"k1gtotl1ens0","6","FAAt701","BEA_API"
2006,19,"Software",66323,"k1gtotl1ens0","6","FAAt701","BEA_API"
2007,19,"Software",69806,"k1gtotl1ens0","6","FAAt701","BEA_API"
2008,19,"Software",73677,"k1gtotl1ens0","6","FAAt701","BEA_API"
2009,19,"Software",74749,"k1gtotl1ens0","6","FAAt701","BEA_API"
2010,19,"Software",77031,"k1gtotl1ens0","6","FAAt701","BEA_API"
2011,19,"Software",80581,"k1gtotl1ens0","6","FAAt701","BEA_API"
2012,19,"Software",83266,"k1gtotl1ens0","6","FAAt701","BEA_API"
2013,19,"Software",90074,"k1gtotl1ens0","6","FAAt701","BEA_API"
2014,19,"Software",96376,"k1gtotl1ens0","6","FAAt701","BEA_API"
2015,19,"Software",101452,"k1gtotl1ens0","6","FAAt701","BEA_API"
2016,19,"Software",108603,"k1gtotl1ens0","6","FAAt701","BEA_API"
2017,19,"Software",118175,"k1gtotl1ens0","6","FAAt701","BEA_API"
2018,19,"Software",129661,"k1gtotl1ens0","6","FAAt701","BEA_API"
2019,19,"Software",138206,"k1gtotl1ens0","6","FAAt701","BEA_API"
2020,19,"Software",147487,"k1gtotl1ens0","6","FAAt701","BEA_API"
2021,19,"Software",160905,"k1gtotl1ens0","6","FAAt701","BEA_API"
2022,19,"Software",179314,"k1gtotl1ens0","6","FAAt701","BEA_API"
2023,19,"Software",193441,"k1gtotl1ens0","6","FAAt701","BEA_API"
2024,19,"Software",213883,"k1gtotl1ens0","6","FAAt701","BEA_API"
1925,20,"Research and development",92,"k1gtotl1rd00","6","FAAt701","BEA_API"
1926,20,"Research and development",103,"k1gtotl1rd00","6","FAAt701","BEA_API"
1927,20,"Research and development",113,"k1gtotl1rd00","6","FAAt701","BEA_API"
1928,20,"Research and development",122,"k1gtotl1rd00","6","FAAt701","BEA_API"
1929,20,"Research and development",164,"k1gtotl1rd00","6","FAAt701","BEA_API"
1930,20,"Research and development",212,"k1gtotl1rd00","6","FAAt701","BEA_API"
1931,20,"Research and development",262,"k1gtotl1rd00","6","FAAt701","BEA_API"
1932,20,"Research and development",319,"k1gtotl1rd00","6","FAAt701","BEA_API"
1933,20,"Research and development",375,"k1gtotl1rd00","6","FAAt701","BEA_API"
1934,20,"Research and development",407,"k1gtotl1rd00","6","FAAt701","BEA_API"
1935,20,"Research and development",438,"k1gtotl1rd00","6","FAAt701","BEA_API"
1936,20,"Research and development",495,"k1gtotl1rd00","6","FAAt701","BEA_API"
1937,20,"Research and development",536,"k1gtotl1rd00","6","FAAt701","BEA_API"
1938,20,"Research and development",565,"k1gtotl1rd00","6","FAAt701","BEA_API"
1939,20,"Research and development",592,"k1gtotl1rd00","6","FAAt701","BEA_API"
1940,20,"Research and development",628,"k1gtotl1rd00","6","FAAt701","BEA_API"
1941,20,"Research and development",882,"k1gtotl1rd00","6","FAAt701","BEA_API"
1942,20,"Research and development",1338,"k1gtotl1rd00","6","FAAt701","BEA_API"
1943,20,"Research and development",2252,"k1gtotl1rd00","6","FAAt701","BEA_API"
1944,20,"Research and development",3468,"k1gtotl1rd00","6","FAAt701","BEA_API"
1945,20,"Research and development",4303,"k1gtotl1rd00","6","FAAt701","BEA_API"
1946,20,"Research and development",5046,"k1gtotl1rd00","6","FAAt701","BEA_API"
1947,20,"Research and development",5540,"k1gtotl1rd00","6","FAAt701","BEA_API"
1948,20,"Research and development",6151,"k1gtotl1rd00","6","FAAt701","BEA_API"
1949,20,"Research and development",6764,"k1gtotl1rd00","6","FAAt701","BEA_API"
1950,20,"Research and development",7736,"k1gtotl1rd00","6","FAAt701","BEA_API"
1951,20,"Research and development",8791,"k1gtotl1rd00","6","FAAt701","BEA_API"
1952,20,"Research and development",9640,"k1gtotl1rd00","6","FAAt701","BEA_API"
1953,20,"Research and development",10549,"k1gtotl1rd00","6","FAAt701","BEA_API"
1954,20,"Research and development",11640,"k1gtotl1rd00","6","FAAt701","BEA_API"
1955,20,"Research and development",13341,"k1gtotl1rd00","6","FAAt701","BEA_API"
1956,20,"Research and development",15868,"k1gtotl1rd00","6","FAAt701","BEA_API"
1957,20,"Research and development",18974,"k1gtotl1rd00","6","FAAt701","BEA_API"
1958,20,"Research and development",22056,"k1gtotl1rd00","6","FAAt701","BEA_API"
1959,20,"Research and development",24951,"k1gtotl1rd00","6","FAAt701","BEA_API"
1960,20,"Research and development",28045,"k1gtotl1rd00","6","FAAt701","BEA_API"
1961,20,"Research and development",31496,"k1gtotl1rd00","6","FAAt701","BEA_API"
1962,20,"Research and development",35216,"k1gtotl1rd00","6","FAAt701","BEA_API"
1963,20,"Research and development",40449,"k1gtotl1rd00","6","FAAt701","BEA_API"
1964,20,"Research and development",46097,"k1gtotl1rd00","6","FAAt701","BEA_API"
1965,20,"Research and development",51928,"k1gtotl1rd00","6","FAAt701","BEA_API"
1966,20,"Research and development",58673,"k1gtotl1rd00","6","FAAt701","BEA_API"
1967,20,"Research and development",65994,"k1gtotl1rd00","6","FAAt701","BEA_API"
1968,20,"Research and development",74345,"k1gtotl1rd00","6","FAAt701","BEA_API"
1969,20,"Research and development",83854,"k1gtotl1rd00","6","FAAt701","BEA_API"
1970,20,"Research and development",93317,"k1gtotl1rd00","6","FAAt701","BEA_API"
1971,20,"Research and development",101007,"k1gtotl1rd00","6","FAAt701","BEA_API"
1972,20,"Research and development",108881,"k1gtotl1rd00","6","FAAt701","BEA_API"
1973,20,"Research and development",121341,"k1gtotl1rd00","6","FAAt701","BEA_API"
1974,20,"Research and development",135766,"k1gtotl1rd00","6","FAAt701","BEA_API"
1975,20,"Research and development",145880,"k1gtotl1rd00","6","FAAt701","BEA_API"
1976,20,"Research and development",156481,"k1gtotl1rd00","6","FAAt701","BEA_API"
1977,20,"Research and development",169224,"k1gtotl1rd00","6","FAAt701","BEA_API"
1978,20,"Research and development",185003,"k1gtotl1rd00","6","FAAt701","BEA_API"
1979,20,"Research and development",206520,"k1gtotl1rd00","6","FAAt701","BEA_API"
1980,20,"Research and development",232586,"k1gtotl1rd00","6","FAAt701","BEA_API"
1981,20,"Research and development",259979,"k1gtotl1rd00","6","FAAt701","BEA_API"
1982,20,"Research and development",281991,"k1gtotl1rd00","6","FAAt701","BEA_API"
1983,20,"Research and development",303776,"k1gtotl1rd00","6","FAAt701","BEA_API"
1984,20,"Research and development",325211,"k1gtotl1rd00","6","FAAt701","BEA_API"
1985,20,"Research and development",346545,"k1gtotl1rd00","6","FAAt701","BEA_API"
1986,20,"Research and development",364956,"k1gtotl1rd00","6","FAAt701","BEA_API"
1987,20,"Research and development",392915,"k1gtotl1rd00","6","FAAt701","BEA_API"
1988,20,"Research and development",421805,"k1gtotl1rd00","6","FAAt701","BEA_API"
1989,20,"Research and development",443657,"k1gtotl1rd00","6","FAAt701","BEA_API"
1990,20,"Research and development",463519,"k1gtotl1rd00","6","FAAt701","BEA_API"
1991,20,"Research and development",480134,"k1gtotl1rd00","6","FAAt701","BEA_API"
1992,20,"Research and development",493465,"k1gtotl1rd00","6","FAAt701","BEA_API"
1993,20,"Research and development",503600,"k1gtotl1rd00","6","FAAt701","BEA_API"
1994,20,"Research and development",520702,"k1gtotl1rd00","6","FAAt701","BEA_API"
1995,20,"Research and development",533747,"k1gtotl1rd00","6","FAAt701","BEA_API"
1996,20,"Research and development",540995,"k1gtotl1rd00","6","FAAt701","BEA_API"
1997,20,"Research and development",551674,"k1gtotl1rd00","6","FAAt701","BEA_API"
1998,20,"Research and development",562449,"k1gtotl1rd00","6","FAAt701","BEA_API"
1999,20,"Research and development",579517,"k1gtotl1rd00","6","FAAt701","BEA_API"
2000,20,"Research and development",597101,"k1gtotl1rd00","6","FAAt701","BEA_API"
2001,20,"Research and development",606981,"k1gtotl1rd00","6","FAAt701","BEA_API"
2002,20,"Research and development",628499,"k1gtotl1rd00","6","FAAt701","BEA_API"
2003,20,"Research and development",666318,"k1gtotl1rd00","6","FAAt701","BEA_API"
2004,20,"Research and development",701424,"k1gtotl1rd00","6","FAAt701","BEA_API"
2005,20,"Research and development",739959,"k1gtotl1rd00","6","FAAt701","BEA_API"
2006,20,"Research and development",773011,"k1gtotl1rd00","6","FAAt701","BEA_API"
2007,20,"Research and development",820336,"k1gtotl1rd00","6","FAAt701","BEA_API"
2008,20,"Research and development",854162,"k1gtotl1rd00","6","FAAt701","BEA_API"
2009,20,"Research and development",881602,"k1gtotl1rd00","6","FAAt701","BEA_API"
2010,20,"Research and development",935123,"k1gtotl1rd00","6","FAAt701","BEA_API"
2011,20,"Research and development",959666,"k1gtotl1rd00","6","FAAt701","BEA_API"
2012,20,"Research and development",980684,"k1gtotl1rd00","6","FAAt701","BEA_API"
2013,20,"Research and development",1011350,"k1gtotl1rd00","6","FAAt701","BEA_API"
2014,20,"Research and development",1019673,"k1gtotl1rd00","6","FAAt701","BEA_API"
2015,20,"Research and development",1015008,"k1gtotl1rd00","6","FAAt701","BEA_API"
2016,20,"Research and development",1038783,"k1gtotl1rd00","6","FAAt701","BEA_API"
2017,20,"Research and development",1076189,"k1gtotl1rd00","6","FAAt701","BEA_API"
2018,20,"Research and development",1115270,"k1gtotl1rd00","6","FAAt701","BEA_API"
2019,20,"Research and development",1131820,"k1gtotl1rd00","6","FAAt701","BEA_API"
2020,20,"Research and development",1191552,"k1gtotl1rd00","6","FAAt701","BEA_API"
2021,20,"Research and development",1275519,"k1gtotl1rd00","6","FAAt701","BEA_API"
2022,20,"Research and development",1369250,"k1gtotl1rd00","6","FAAt701","BEA_API"
2023,20,"Research and development",1419601,"k1gtotl1rd00","6","FAAt701","BEA_API"
2024,20,"Research and development",1494408,"k1gtotl1rd00","6","FAAt701","BEA_API"
1925,21,"Federal",8939,"k1gfedr1es00","6","FAAt701","BEA_API"
1926,21,"Federal",8799,"k1gfedr1es00","6","FAAt701","BEA_API"
1927,21,"Federal",8614,"k1gfedr1es00","6","FAAt701","BEA_API"
1928,21,"Federal",8256,"k1gfedr1es00","6","FAAt701","BEA_API"
1929,21,"Federal",8894,"k1gfedr1es00","6","FAAt701","BEA_API"
1930,21,"Federal",8411,"k1gfedr1es00","6","FAAt701","BEA_API"
1931,21,"Federal",7751,"k1gfedr1es00","6","FAAt701","BEA_API"
1932,21,"Federal",7509,"k1gfedr1es00","6","FAAt701","BEA_API"
1933,21,"Federal",8472,"k1gfedr1es00","6","FAAt701","BEA_API"
1934,21,"Federal",9418,"k1gfedr1es00","6","FAAt701","BEA_API"
1935,21,"Federal",10526,"k1gfedr1es00","6","FAAt701","BEA_API"
1936,21,"Federal",12149,"k1gfedr1es00","6","FAAt701","BEA_API"
1937,21,"Federal",13432,"k1gfedr1es00","6","FAAt701","BEA_API"
1938,21,"Federal",14192,"k1gfedr1es00","6","FAAt701","BEA_API"
1939,21,"Federal",14830,"k1gfedr1es00","6","FAAt701","BEA_API"
1940,21,"Federal",16797,"k1gfedr1es00","6","FAAt701","BEA_API"
1941,21,"Federal",27113,"k1gfedr1es00","6","FAAt701","BEA_API"
1942,21,"Federal",57520,"k1gfedr1es00","6","FAAt701","BEA_API"
1943,21,"Federal",92482,"k1gfedr1es00","6","FAAt701","BEA_API"
1944,21,"Federal",116959,"k1gfedr1es00","6","FAAt701","BEA_API"
1945,21,"Federal",135721,"k1gfedr1es00","6","FAAt701","BEA_API"
1946,21,"Federal",132687,"k1gfedr1es00","6","FAAt701","BEA_API"
1947,21,"Federal",124220,"k1gfedr1es00","6","FAAt701","BEA_API"
1948,21,"Federal",116197,"k1gfedr1es00","6","FAAt701","BEA_API"
1949,21,"Federal",106730,"k1gfedr1es00","6","FAAt701","BEA_API"
1950,21,"Federal",106631,"k1gfedr1es00","6","FAAt701","BEA_API"
1951,21,"Federal",120255,"k1gfedr1es00","6","FAAt701","BEA_API"
1952,21,"Federal",130505,"k1gfedr1es00","6","FAAt701","BEA_API"
1953,21,"Federal",138680,"k1gfedr1es00","6","FAAt701","BEA_API"
1954,21,"Federal",149639,"k1gfedr1es00","6","FAAt701","BEA_API"
1955,21,"Federal",158332,"k1gfedr1es00","6","FAAt701","BEA_API"
1956,21,"Federal",173094,"k1gfedr1es00","6","FAAt701","BEA_API"
1957,21,"Federal",182371,"k1gfedr1es00","6","FAAt701","BEA_API"
1958,21,"Federal",191377,"k1gfedr1es00","6","FAAt701","BEA_API"
1959,21,"Federal",197999,"k1gfedr1es00","6","FAAt701","BEA_API"
1960,21,"Federal",205212,"k1gfedr1es00","6","FAAt701","BEA_API"
1961,21,"Federal",215739,"k1gfedr1es00","6","FAAt701","BEA_API"
1962,21,"Federal",230254,"k1gfedr1es00","6","FAAt701","BEA_API"
1963,21,"Federal",240732,"k1gfedr1es00","6","FAAt701","BEA_API"
1964,21,"Federal",250987,"k1gfedr1es00","6","FAAt701","BEA_API"
1965,21,"Federal",262979,"k1gfedr1es00","6","FAAt701","BEA_API"
1966,21,"Federal",278892,"k1gfedr1es00","6","FAAt701","BEA_API"
1967,21,"Federal",299817,"k1gfedr1es00","6","FAAt701","BEA_API"
1968,21,"Federal",319583,"k1gfedr1es00","6","FAAt701","BEA_API"
1969,21,"Federal",343046,"k1gfedr1es00","6","FAAt701","BEA_API"
1970,21,"Federal",370169,"k1gfedr1es00","6","FAAt701","BEA_API"
1971,21,"Federal",391163,"k1gfedr1es00","6","FAAt701","BEA_API"
1972,21,"Federal",424728,"k1gfedr1es00","6","FAAt701","BEA_API"
1973,21,"Federal",470809,"k1gfedr1es00","6","FAAt701","BEA_API"
1974,21,"Federal",539642,"k1gfedr1es00","6","FAAt701","BEA_API"
1975,21,"Federal",572069,"k1gfedr1es00","6","FAAt701","BEA_API"
1976,21,"Federal",619506,"k1gfedr1es00","6","FAAt701","BEA_API"
1977,21,"Federal",655971,"k1gfedr1es00","6","FAAt701","BEA_API"
1978,21,"Federal",721488,"k1gfedr1es00","6","FAAt701","BEA_API"
1979,21,"Federal",799572,"k1gfedr1es00","6","FAAt701","BEA_API"
1980,21,"Federal",888285,"k1gfedr1es00","6","FAAt701","BEA_API"
1981,21,"Federal",959787,"k1gfedr1es00","6","FAAt701","BEA_API"
1982,21,"Federal",1024193,"k1gfedr1es00","6","FAAt701","BEA_API"
1983,21,"Federal",1084224,"k1gfedr1es00","6","FAAt701","BEA_API"
1984,21,"Federal",1181793,"k1gfedr1es00","6","FAAt701","BEA_API"
1985,21,"Federal",1210016,"k1gfedr1es00","6","FAAt701","BEA_API"
1986,21,"Federal",1259625,"k1gfedr1es00","6","FAAt701","BEA_API"
1987,21,"Federal",1317673,"k1gfedr1es00","6","FAAt701","BEA_API"
1988,21,"Federal",1405285,"k1gfedr1es00","6","FAAt701","BEA_API"
1989,21,"Federal",1477370,"k1gfedr1es00","6","FAAt701","BEA_API"
1990,21,"Federal",1540287,"k1gfedr1es00","6","FAAt701","BEA_API"
1991,21,"Federal",1592103,"k1gfedr1es00","6","FAAt701","BEA_API"
1992,21,"Federal",1651570,"k1gfedr1es00","6","FAAt701","BEA_API"
1993,21,"Federal",1704204,"k1gfedr1es00","6","FAAt701","BEA_API"
1994,21,"Federal",1769893,"k1gfedr1es00","6","FAAt701","BEA_API"
1995,21,"Federal",1810541,"k1gfedr1es00","6","FAAt701","BEA_API"
1996,21,"Federal",1833376,"k1gfedr1es00","6","FAAt701","BEA_API"
1997,21,"Federal",1863751,"k1gfedr1es00","6","FAAt701","BEA_API"
1998,21,"Federal",1902224,"k1gfedr1es00","6","FAAt701","BEA_API"
1999,21,"Federal",1966998,"k1gfedr1es00","6","FAAt701","BEA_API"
2000,21,"Federal",2003532,"k1gfedr1es00","6","FAAt701","BEA_API"
2001,21,"Federal",2026167,"k1gfedr1es00","6","FAAt701","BEA_API"
2002,21,"Federal",2077425,"k1gfedr1es00","6","FAAt701","BEA_API"
2003,21,"Federal",2149633,"k1gfedr1es00","6","FAAt701","BEA_API"
2004,21,"Federal",2288990,"k1gfedr1es00","6","FAAt701","BEA_API"
2005,21,"Federal",2432817,"k1gfedr1es00","6","FAAt701","BEA_API"
2006,21,"Federal",2579408,"k1gfedr1es00","6","FAAt701","BEA_API"
2007,21,"Federal",2709775,"k1gfedr1es00","6","FAAt701","BEA_API"
2008,21,"Federal",2828666,"k1gfedr1es00","6","FAAt701","BEA_API"
2009,21,"Federal",2838364,"k1gfedr1es00","6","FAAt701","BEA_API"
2010,21,"Federal",2955727,"k1gfedr1es00","6","FAAt701","BEA_API"
2011,21,"Federal",3061248,"k1gfedr1es00","6","FAAt701","BEA_API"
2012,21,"Federal",3126658,"k1gfedr1es00","6","FAAt701","BEA_API"
2013,21,"Federal",3209296,"k1gfedr1es00","6","FAAt701","BEA_API"
2014,21,"Federal",3253273,"k1gfedr1es00","6","FAAt701","BEA_API"
2015,21,"Federal",3255708,"k1gfedr1es00","6","FAAt701","BEA_API"
2016,21,"Federal",3325197,"k1gfedr1es00","6","FAAt701","BEA_API"
2017,21,"Federal",3422677,"k1gfedr1es00","6","FAAt701","BEA_API"
2018,21,"Federal",3547247,"k1gfedr1es00","6","FAAt701","BEA_API"
2019,21,"Federal",3626715,"k1gfedr1es00","6","FAAt701","BEA_API"
2020,21,"Federal",3766499,"k1gfedr1es00","6","FAAt701","BEA_API"
2021,21,"Federal",4107083,"k1gfedr1es00","6","FAAt701","BEA_API"
2022,21,"Federal",4442124,"k1gfedr1es00","6","FAAt701","BEA_API"
2023,21,"Federal",4570237,"k1gfedr1es00","6","FAAt701","BEA_API"
2024,21,"Federal",4710066,"k1gfedr1es00","6","FAAt701","BEA_API"
1925,22,"National defense",6558,"k1gdefn1es00","6","FAAt701","BEA_API"
1926,22,"National defense",6415,"k1gdefn1es00","6","FAAt701","BEA_API"
1927,22,"National defense",6152,"k1gdefn1es00","6","FAAt701","BEA_API"
1928,22,"National defense",5775,"k1gdefn1es00","6","FAAt701","BEA_API"
1929,22,"National defense",6316,"k1gdefn1es00","6","FAAt701","BEA_API"
1930,22,"National defense",5818,"k1gdefn1es00","6","FAAt701","BEA_API"
1931,22,"National defense",5249,"k1gdefn1es00","6","FAAt701","BEA_API"
1932,22,"National defense",4985,"k1gdefn1es00","6","FAAt701","BEA_API"
1933,22,"National defense",5335,"k1gdefn1es00","6","FAAt701","BEA_API"
1934,22,"National defense",5584,"k1gdefn1es00","6","FAAt701","BEA_API"
1935,22,"National defense",5691,"k1gdefn1es00","6","FAAt701","BEA_API"
1936,22,"National defense",6160,"k1gdefn1es00","6","FAAt701","BEA_API"
1937,22,"National defense",6520,"k1gdefn1es00","6","FAAt701","BEA_API"
1938,22,"National defense",6649,"k1gdefn1es00","6","FAAt701","BEA_API"
1939,22,"National defense",6865,"k1gdefn1es00","6","FAAt701","BEA_API"
1940,22,"National defense",8024,"k1gdefn1es00","6","FAAt701","BEA_API"
1941,22,"National defense",17080,"k1gdefn1es00","6","FAAt701","BEA_API"
1942,22,"National defense",46328,"k1gdefn1es00","6","FAAt701","BEA_API"
1943,22,"National defense",80006,"k1gdefn1es00","6","FAAt701","BEA_API"
1944,22,"National defense",104027,"k1gdefn1es00","6","FAAt701","BEA_API"
1945,22,"National defense",121167,"k1gdefn1es00","6","FAAt701","BEA_API"
1946,22,"National defense",115351,"k1gdefn1es00","6","FAAt701","BEA_API"
1947,22,"National defense",104830,"k1gdefn1es00","6","FAAt701","BEA_API"
1948,22,"National defense",95247,"k1gdefn1es00","6","FAAt701","BEA_API"
1949,22,"National defense",85204,"k1gdefn1es00","6","FAAt701","BEA_API"
1950,22,"National defense",84378,"k1gdefn1es00","6","FAAt701","BEA_API"
1951,22,"National defense",95572,"k1gdefn1es00","6","FAAt701","BEA_API"
1952,22,"National defense",104241,"k1gdefn1es00","6","FAAt701","BEA_API"
1953,22,"National defense",112075,"k1gdefn1es00","6","FAAt701","BEA_API"
1954,22,"National defense",122857,"k1gdefn1es00","6","FAAt701","BEA_API"
1955,22,"National defense",129300,"k1gdefn1es00","6","FAAt701","BEA_API"
1956,22,"National defense",141678,"k1gdefn1es00","6","FAAt701","BEA_API"
1957,22,"National defense",148641,"k1gdefn1es00","6","FAAt701","BEA_API"
1958,22,"National defense",155830,"k1gdefn1es00","6","FAAt701","BEA_API"
1959,22,"National defense",160758,"k1gdefn1es00","6","FAAt701","BEA_API"
1960,22,"National defense",165678,"k1gdefn1es00","6","FAAt701","BEA_API"
1961,22,"National defense",173117,"k1gdefn1es00","6","FAAt701","BEA_API"
1962,22,"National defense",182937,"k1gdefn1es00","6","FAAt701","BEA_API"
1963,22,"National defense",187077,"k1gdefn1es00","6","FAAt701","BEA_API"
1964,22,"National defense",190843,"k1gdefn1es00","6","FAAt701","BEA_API"
1965,22,"National defense",193978,"k1gdefn1es00","6","FAAt701","BEA_API"
1966,22,"National defense",200093,"k1gdefn1es00","6","FAAt701","BEA_API"
1967,22,"National defense",212077,"k1gdefn1es00","6","FAAt701","BEA_API"
1968,22,"National defense",220960,"k1gdefn1es00","6","FAAt701","BEA_API"
1969,22,"National defense",231845,"k1gdefn1es00","6","FAAt701","BEA_API"
1970,22,"National defense",246247,"k1gdefn1es00","6","FAAt701","BEA_API"
1971,22,"National defense",254597,"k1gdefn1es00","6","FAAt701","BEA_API"
1972,22,"National defense",276079,"k1gdefn1es00","6","FAAt701","BEA_API"
1973,22,"National defense",304866,"k1gdefn1es00","6","FAAt701","BEA_API"
1974,22,"National defense",344484,"k1gdefn1es00","6","FAAt701","BEA_API"
1975,22,"National defense",358617,"k1gdefn1es00","6","FAAt701","BEA_API"
1976,22,"National defense",390251,"k1gdefn1es00","6","FAAt701","BEA_API"
1977,22,"National defense",407042,"k1gdefn1es00","6","FAAt701","BEA_API"
1978,22,"National defense",445974,"k1gdefn1es00","6","FAAt701","BEA_API"
1979,22,"National defense",489066,"k1gdefn1es00","6","FAAt701","BEA_API"
1980,22,"National defense",534767,"k1gdefn1es00","6","FAAt701","BEA_API"
1981,22,"National defense",566660,"k1gdefn1es00","6","FAAt701","BEA_API"
1982,22,"National defense",605398,"k1gdefn1es00","6","FAAt701","BEA_API"
1983,22,"National defense",649241,"k1gdefn1es00","6","FAAt701","BEA_API"
1984,22,"National defense",728627,"k1gdefn1es00","6","FAAt701","BEA_API"
1985,22,"National defense",741053,"k1gdefn1es00","6","FAAt701","BEA_API"
1986,22,"National defense",773895,"k1gdefn1es00","6","FAAt701","BEA_API"
1987,22,"National defense",810233,"k1gdefn1es00","6","FAAt701","BEA_API"
1988,22,"National defense",871751,"k1gdefn1es00","6","FAAt701","BEA_API"
1989,22,"National defense",915710,"k1gdefn1es00","6","FAAt701","BEA_API"
1990,22,"National defense",950405,"k1gdefn1es00","6","FAAt701","BEA_API"
1991,22,"National defense",977944,"k1gdefn1es00","6","FAAt701","BEA_API"
1992,22,"National defense",1011456,"k1gdefn1es00","6","FAAt701","BEA_API"
1993,22,"National defense",1034197,"k1gdefn1es00","6","FAAt701","BEA_API"
1994,22,"National defense",1065970,"k1gdefn1es00","6","FAAt701","BEA_API"
1995,22,"National defense",1072947,"k1gdefn1es00","6","FAAt701","BEA_API"
1996,22,"National defense",1064045,"k1gdefn1es00","6","FAAt701","BEA_API"
1997,22,"National defense",1065422,"k1gdefn1es00","6","FAAt701","BEA_API"
1998,22,"National defense",1076453,"k1gdefn1es00","6","FAAt701","BEA_API"
1999,22,"National defense",1101773,"k1gdefn1es00","6","FAAt701","BEA_API"
2000,22,"National defense",1102817,"k1gdefn1es00","6","FAAt701","BEA_API"
2001,22,"National defense",1102568,"k1gdefn1es00","6","FAAt701","BEA_API"
2002,22,"National defense",1125931,"k1gdefn1es00","6","FAAt701","BEA_API"
2003,22,"National defense",1160370,"k1gdefn1es00","6","FAAt701","BEA_API"
2004,22,"National defense",1234552,"k1gdefn1es00","6","FAAt701","BEA_API"
2005,22,"National defense",1314069,"k1gdefn1es00","6","FAAt701","BEA_API"
2006,22,"National defense",1396976,"k1gdefn1es00","6","FAAt701","BEA_API"
2007,22,"National defense",1469867,"k1gdefn1es00","6","FAAt701","BEA_API"
2008,22,"National defense",1532576,"k1gdefn1es00","6","FAAt701","BEA_API"
2009,22,"National defense",1543478,"k1gdefn1es00","6","FAAt701","BEA_API"
2010,22,"National defense",1600059,"k1gdefn1es00","6","FAAt701","BEA_API"
2011,22,"National defense",1654368,"k1gdefn1es00","6","FAAt701","BEA_API"
2012,22,"National defense",1679708,"k1gdefn1es00","6","FAAt701","BEA_API"
2013,22,"National defense",1716317,"k1gdefn1es00","6","FAAt701","BEA_API"
2014,22,"National defense",1727597,"k1gdefn1es00","6","FAAt701","BEA_API"
2015,22,"National defense",1717388,"k1gdefn1es00","6","FAAt701","BEA_API"
2016,22,"National defense",1741385,"k1gdefn1es00","6","FAAt701","BEA_API"
2017,22,"National defense",1772977,"k1gdefn1es00","6","FAAt701","BEA_API"
2018,22,"National defense",1815788,"k1gdefn1es00","6","FAAt701","BEA_API"
2019,22,"National defense",1846698,"k1gdefn1es00","6","FAAt701","BEA_API"
2020,22,"National defense",1914755,"k1gdefn1es00","6","FAAt701","BEA_API"
2021,22,"National defense",2078308,"k1gdefn1es00","6","FAAt701","BEA_API"
2022,22,"National defense",2206044,"k1gdefn1es00","6","FAAt701","BEA_API"
2023,22,"National defense",2267922,"k1gdefn1es00","6","FAAt701","BEA_API"
2024,22,"National defense",2330227,"k1gdefn1es00","6","FAAt701","BEA_API"
1925,23,"Equipment",2110,"k1gdefn1eq00","6","FAAt701","BEA_API"
1926,23,"Equipment",1989,"k1gdefn1eq00","6","FAAt701","BEA_API"
1927,23,"Equipment",1842,"k1gdefn1eq00","6","FAAt701","BEA_API"
1928,23,"Equipment",1712,"k1gdefn1eq00","6","FAAt701","BEA_API"
1929,23,"Equipment",1593,"k1gdefn1eq00","6","FAAt701","BEA_API"
1930,23,"Equipment",1468,"k1gdefn1eq00","6","FAAt701","BEA_API"
1931,23,"Equipment",1412,"k1gdefn1eq00","6","FAAt701","BEA_API"
1932,23,"Equipment",1344,"k1gdefn1eq00","6","FAAt701","BEA_API"
1933,23,"Equipment",1356,"k1gdefn1eq00","6","FAAt701","BEA_API"
1934,23,"Equipment",1395,"k1gdefn1eq00","6","FAAt701","BEA_API"
1935,23,"Equipment",1365,"k1gdefn1eq00","6","FAAt701","BEA_API"
1936,23,"Equipment",1415,"k1gdefn1eq00","6","FAAt701","BEA_API"
1937,23,"Equipment",1474,"k1gdefn1eq00","6","FAAt701","BEA_API"
1938,23,"Equipment",1490,"k1gdefn1eq00","6","FAAt701","BEA_API"
1939,23,"Equipment",1521,"k1gdefn1eq00","6","FAAt701","BEA_API"
1940,23,"Equipment",1669,"k1gdefn1eq00","6","FAAt701","BEA_API"
1941,23,"Equipment",4712,"k1gdefn1eq00","6","FAAt701","BEA_API"
1942,23,"Equipment",18362,"k1gdefn1eq00","6","FAAt701","BEA_API"
1943,23,"Equipment",43862,"k1gdefn1eq00","6","FAAt701","BEA_API"
1944,23,"Equipment",64620,"k1gdefn1eq00","6","FAAt701","BEA_API"
1945,23,"Equipment",75733,"k1gdefn1eq00","6","FAAt701","BEA_API"
1946,23,"Equipment",67839,"k1gdefn1eq00","6","FAAt701","BEA_API"
1947,23,"Equipment",56790,"k1gdefn1eq00","6","FAAt701","BEA_API"
1948,23,"Equipment",46582,"k1gdefn1eq00","6","FAAt701","BEA_API"
1949,23,"Equipment",38794,"k1gdefn1eq00","6","FAAt701","BEA_API"
1950,23,"Equipment",34177,"k1gdefn1eq00","6","FAAt701","BEA_API"
1951,23,"Equipment",37969,"k1gdefn1eq00","6","FAAt701","BEA_API"
1952,23,"Equipment",44118,"k1gdefn1eq00","6","FAAt701","BEA_API"
1953,23,"Equipment",51040,"k1gdefn1eq00","6","FAAt701","BEA_API"
1954,23,"Equipment",57323,"k1gdefn1eq00","6","FAAt701","BEA_API"
1955,23,"Equipment",62282,"k1gdefn1eq00","6","FAAt701","BEA_API"
1956,23,"Equipment",66241,"k1gdefn1eq00","6","FAAt701","BEA_API"
1957,23,"Equipment",68236,"k1gdefn1eq00","6","FAAt701","BEA_API"
1958,23,"Equipment",69364,"k1gdefn1eq00","6","FAAt701","BEA_API"
1959,23,"Equipment",73251,"k1gdefn1eq00","6","FAAt701","BEA_API"
1960,23,"Equipment",75749,"k1gdefn1eq00","6","FAAt701","BEA_API"
1961,23,"Equipment",79323,"k1gdefn1eq00","6","FAAt701","BEA_API"
1962,23,"Equipment",85956,"k1gdefn1eq00","6","FAAt701","BEA_API"
1963,23,"Equipment",87408,"k1gdefn1eq00","6","FAAt701","BEA_API"
1964,23,"Equipment",88643,"k1gdefn1eq00","6","FAAt701","BEA_API"
1965,23,"Equipment",89499,"k1gdefn1eq00","6","FAAt701","BEA_API"
1966,23,"Equipment",92014,"k1gdefn1eq00","6","FAAt701","BEA_API"
1967,23,"Equipment",96554,"k1gdefn1eq00","6","FAAt701","BEA_API"
1968,23,"Equipment",99268,"k1gdefn1eq00","6","FAAt701","BEA_API"
1969,23,"Equipment",101411,"k1gdefn1eq00","6","FAAt701","BEA_API"
1970,23,"Equipment",105179,"k1gdefn1eq00","6","FAAt701","BEA_API"
1971,23,"Equipment",103812,"k1gdefn1eq00","6","FAAt701","BEA_API"
1972,23,"Equipment",106277,"k1gdefn1eq00","6","FAAt701","BEA_API"
1973,23,"Equipment",111694,"k1gdefn1eq00","6","FAAt701","BEA_API"
1974,23,"Equipment",118353,"k1gdefn1eq00","6","FAAt701","BEA_API"
1975,23,"Equipment",129852,"k1gdefn1eq00","6","FAAt701","BEA_API"
1976,23,"Equipment",141723,"k1gdefn1eq00","6","FAAt701","BEA_API"
1977,23,"Equipment",154961,"k1gdefn1eq00","6","FAAt701","BEA_API"
1978,23,"Equipment",172908,"k1gdefn1eq00","6","FAAt701","BEA_API"
1979,23,"Equipment",180680,"k1gdefn1eq00","6","FAAt701","BEA_API"
1980,23,"Equipment",196200,"k1gdefn1eq00","6","FAAt701","BEA_API"
1981,23,"Equipment",215499,"k1gdefn1eq00","6","FAAt701","BEA_API"
1982,23,"Equipment",238893,"k1gdefn1eq00","6","FAAt701","BEA_API"
1983,23,"Equipment",264226,"k1gdefn1eq00","6","FAAt701","BEA_API"
1984,23,"Equipment",316756,"k1gdefn1eq00","6","FAAt701","BEA_API"
1985,23,"Equipment",304748,"k1gdefn1eq00","6","FAAt701","BEA_API"
1986,23,"Equipment",308479,"k1gdefn1eq00","6","FAAt701","BEA_API"
1987,23,"Equipment",319632,"k1gdefn1eq00","6","FAAt701","BEA_API"
1988,23,"Equipment",344050,"k1gdefn1eq00","6","FAAt701","BEA_API"
1989,23,"Equipment",363286,"k1gdefn1eq00","6","FAAt701","BEA_API"
1990,23,"Equipment",384792,"k1gdefn1eq00","6","FAAt701","BEA_API"
1991,23,"Equipment",398908,"k1gdefn1eq00","6","FAAt701","BEA_API"
1992,23,"Equipment",414910,"k1gdefn1eq00","6","FAAt701","BEA_API"
1993,23,"Equipment",428401,"k1gdefn1eq00","6","FAAt701","BEA_API"
1994,23,"Equipment",444914,"k1gdefn1eq00","6","FAAt701","BEA_API"
1995,23,"Equipment",441045,"k1gdefn1eq00","6","FAAt701","BEA_API"
1996,23,"Equipment",426029,"k1gdefn1eq00","6","FAAt701","BEA_API"
1997,23,"Equipment",415411,"k1gdefn1eq00","6","FAAt701","BEA_API"
1998,23,"Equipment",416531,"k1gdefn1eq00","6","FAAt701","BEA_API"
1999,23,"Equipment",425170,"k1gdefn1eq00","6","FAAt701","BEA_API"
2000,23,"Equipment",409140,"k1gdefn1eq00","6","FAAt701","BEA_API"
2001,23,"Equipment",399370,"k1gdefn1eq00","6","FAAt701","BEA_API"
2002,23,"Equipment",407737,"k1gdefn1eq00","6","FAAt701","BEA_API"
2003,23,"Equipment",419502,"k1gdefn1eq00","6","FAAt701","BEA_API"
2004,23,"Equipment",434197,"k1gdefn1eq00","6","FAAt701","BEA_API"
2005,23,"Equipment",450244,"k1gdefn1eq00","6","FAAt701","BEA_API"
2006,23,"Equipment",471232,"k1gdefn1eq00","6","FAAt701","BEA_API"
2007,23,"Equipment",495099,"k1gdefn1eq00","6","FAAt701","BEA_API"
2008,23,"Equipment",528139,"k1gdefn1eq00","6","FAAt701","BEA_API"
2009,23,"Equipment",549862,"k1gdefn1eq00","6","FAAt701","BEA_API"
2010,23,"Equipment",581979,"k1gdefn1eq00","6","FAAt701","BEA_API"
2011,23,"Equipment",604445,"k1gdefn1eq00","6","FAAt701","BEA_API"
2012,23,"Equipment",613812,"k1gdefn1eq00","6","FAAt701","BEA_API"
2013,23,"Equipment",623520,"k1gdefn1eq00","6","FAAt701","BEA_API"
2014,23,"Equipment",627993,"k1gdefn1eq00","6","FAAt701","BEA_API"
2015,23,"Equipment",622795,"k1gdefn1eq00","6","FAAt701","BEA_API"
2016,23,"Equipment",626376,"k1gdefn1eq00","6","FAAt701","BEA_API"
2017,23,"Equipment",636013,"k1gdefn1eq00","6","FAAt701","BEA_API"
2018,23,"Equipment",654555,"k1gdefn1eq00","6","FAAt701","BEA_API"
2019,23,"Equipment",677946,"k1gdefn1eq00","6","FAAt701","BEA_API"
2020,23,"Equipment",698989,"k1gdefn1eq00","6","FAAt701","BEA_API"
2021,23,"Equipment",742153,"k1gdefn1eq00","6","FAAt701","BEA_API"
2022,23,"Equipment",774564,"k1gdefn1eq00","6","FAAt701","BEA_API"
2023,23,"Equipment",805930,"k1gdefn1eq00","6","FAAt701","BEA_API"
2024,23,"Equipment",832142,"k1gdefn1eq00","6","FAAt701","BEA_API"
1972,24,"Aircraft",37509,"k1gdefn1ea00","6","FAAt701","BEA_API"
1973,24,"Aircraft",40092,"k1gdefn1ea00","6","FAAt701","BEA_API"
1974,24,"Aircraft",45799,"k1gdefn1ea00","6","FAAt701","BEA_API"
1975,24,"Aircraft",48629,"k1gdefn1ea00","6","FAAt701","BEA_API"
1976,24,"Aircraft",50883,"k1gdefn1ea00","6","FAAt701","BEA_API"
1977,24,"Aircraft",56517,"k1gdefn1ea00","6","FAAt701","BEA_API"
1978,24,"Aircraft",59973,"k1gdefn1ea00","6","FAAt701","BEA_API"
1979,24,"Aircraft",68115,"k1gdefn1ea00","6","FAAt701","BEA_API"
1980,24,"Aircraft",74541,"k1gdefn1ea00","6","FAAt701","BEA_API"
1981,24,"Aircraft",82102,"k1gdefn1ea00","6","FAAt701","BEA_API"
1982,24,"Aircraft",89832,"k1gdefn1ea00","6","FAAt701","BEA_API"
1983,24,"Aircraft",99333,"k1gdefn1ea00","6","FAAt701","BEA_API"
1984,24,"Aircraft",136593,"k1gdefn1ea00","6","FAAt701","BEA_API"
1985,24,"Aircraft",108249,"k1gdefn1ea00","6","FAAt701","BEA_API"
1986,24,"Aircraft",97241,"k1gdefn1ea00","6","FAAt701","BEA_API"
1987,24,"Aircraft",94988,"k1gdefn1ea00","6","FAAt701","BEA_API"
1988,24,"Aircraft",98407,"k1gdefn1ea00","6","FAAt701","BEA_API"
1989,24,"Aircraft",103582,"k1gdefn1ea00","6","FAAt701","BEA_API"
1990,24,"Aircraft",108244,"k1gdefn1ea00","6","FAAt701","BEA_API"
1991,24,"Aircraft",109526,"k1gdefn1ea00","6","FAAt701","BEA_API"
1992,24,"Aircraft",107719,"k1gdefn1ea00","6","FAAt701","BEA_API"
1993,24,"Aircraft",111141,"k1gdefn1ea00","6","FAAt701","BEA_API"
1994,24,"Aircraft",121694,"k1gdefn1ea00","6","FAAt701","BEA_API"
1995,24,"Aircraft",124746,"k1gdefn1ea00","6","FAAt701","BEA_API"
1996,24,"Aircraft",117595,"k1gdefn1ea00","6","FAAt701","BEA_API"
1997,24,"Aircraft",111352,"k1gdefn1ea00","6","FAAt701","BEA_API"
1998,24,"Aircraft",118666,"k1gdefn1ea00","6","FAAt701","BEA_API"
1999,24,"Aircraft",128910,"k1gdefn1ea00","6","FAAt701","BEA_API"
2000,24,"Aircraft",119518,"k1gdefn1ea00","6","FAAt701","BEA_API"
2001,24,"Aircraft",113214,"k1gdefn1ea00","6","FAAt701","BEA_API"
2002,24,"Aircraft",116832,"k1gdefn1ea00","6","FAAt701","BEA_API"
2003,24,"Aircraft",117927,"k1gdefn1ea00","6","FAAt701","BEA_API"
2004,24,"Aircraft",118959,"k1gdefn1ea00","6","FAAt701","BEA_API"
2005,24,"Aircraft",119385,"k1gdefn1ea00","6","FAAt701","BEA_API"
2006,24,"Aircraft",123506,"k1gdefn1ea00","6","FAAt701","BEA_API"
2007,24,"Aircraft",129770,"k1gdefn1ea00","6","FAAt701","BEA_API"
2008,24,"Aircraft",133350,"k1gdefn1ea00","6","FAAt701","BEA_API"
2009,24,"Aircraft",133098,"k1gdefn1ea00","6","FAAt701","BEA_API"
2010,24,"Aircraft",142892,"k1gdefn1ea00","6","FAAt701","BEA_API"
2011,24,"Aircraft",148791,"k1gdefn1ea00","6","FAAt701","BEA_API"
2012,24,"Aircraft",151556,"k1gdefn1ea00","6","FAAt701","BEA_API"
2013,24,"Aircraft",159595,"k1gdefn1ea00","6","FAAt701","BEA_API"
2014,24,"Aircraft",161533,"k1gdefn1ea00","6","FAAt701","BEA_API"
2015,24,"Aircraft",160313,"k1gdefn1ea00","6","FAAt701","BEA_API"
2016,24,"Aircraft",164793,"k1gdefn1ea00","6","FAAt701","BEA_API"
2017,24,"Aircraft",168437,"k1gdefn1ea00","6","FAAt701","BEA_API"
2018,24,"Aircraft",176580,"k1gdefn1ea00","6","FAAt701","BEA_API"
2019,24,"Aircraft",187380,"k1gdefn1ea00","6","FAAt701","BEA_API"
2020,24,"Aircraft",187682,"k1gdefn1ea00","6","FAAt701","BEA_API"
2021,24,"Aircraft",189095,"k1gdefn1ea00","6","FAAt701","BEA_API"
2022,24,"Aircraft",190659,"k1gdefn1ea00","6","FAAt701","BEA_API"
2023,24,"Aircraft",196111,"k1gdefn1ea00","6","FAAt701","BEA_API"
2024,24,"Aircraft",201353,"k1gdefn1ea00","6","FAAt701","BEA_API"
1972,25,"Missiles",16226,"k1gdefn1em00","6","FAAt701","BEA_API"
1973,25,"Missiles",19621,"k1gdefn1em00","6","FAAt701","BEA_API"
1974,25,"Missiles",17782,"k1gdefn1em00","6","FAAt701","BEA_API"
1975,25,"Missiles",21285,"k1gdefn1em00","6","FAAt701","BEA_API"
1976,25,"Missiles",27213,"k1gdefn1em00","6","FAAt701","BEA_API"
1977,25,"Missiles",29006,"k1gdefn1em00","6","FAAt701","BEA_API"
1978,25,"Missiles",35561,"k1gdefn1em00","6","FAAt701","BEA_API"
1979,25,"Missiles",27942,"k1gdefn1em00","6","FAAt701","BEA_API"
1980,25,"Missiles",25712,"k1gdefn1em00","6","FAAt701","BEA_API"
1981,25,"Missiles",26839,"k1gdefn1em00","6","FAAt701","BEA_API"
1982,25,"Missiles",30877,"k1gdefn1em00","6","FAAt701","BEA_API"
1983,25,"Missiles",35030,"k1gdefn1em00","6","FAAt701","BEA_API"
1984,25,"Missiles",40159,"k1gdefn1em00","6","FAAt701","BEA_API"
1985,25,"Missiles",43825,"k1gdefn1em00","6","FAAt701","BEA_API"
1986,25,"Missiles",50127,"k1gdefn1em00","6","FAAt701","BEA_API"
1987,25,"Missiles",52082,"k1gdefn1em00","6","FAAt701","BEA_API"
1988,25,"Missiles",56216,"k1gdefn1em00","6","FAAt701","BEA_API"
1989,25,"Missiles",59036,"k1gdefn1em00","6","FAAt701","BEA_API"
1990,25,"Missiles",64871,"k1gdefn1em00","6","FAAt701","BEA_API"
1991,25,"Missiles",65290,"k1gdefn1em00","6","FAAt701","BEA_API"
1992,25,"Missiles",71633,"k1gdefn1em00","6","FAAt701","BEA_API"
1993,25,"Missiles",78231,"k1gdefn1em00","6","FAAt701","BEA_API"
1994,25,"Missiles",77778,"k1gdefn1em00","6","FAAt701","BEA_API"
1995,25,"Missiles",70898,"k1gdefn1em00","6","FAAt701","BEA_API"
1996,25,"Missiles",63523,"k1gdefn1em00","6","FAAt701","BEA_API"
1997,25,"Missiles",61692,"k1gdefn1em00","6","FAAt701","BEA_API"
1998,25,"Missiles",61253,"k1gdefn1em00","6","FAAt701","BEA_API"
1999,25,"Missiles",58164,"k1gdefn1em00","6","FAAt701","BEA_API"
2000,25,"Missiles",52927,"k1gdefn1em00","6","FAAt701","BEA_API"
2001,25,"Missiles",50500,"k1gdefn1em00","6","FAAt701","BEA_API"
2002,25,"Missiles",48273,"k1gdefn1em00","6","FAAt701","BEA_API"
2003,25,"Missiles",47570,"k1gdefn1em00","6","FAAt701","BEA_API"
2004,25,"Missiles",47026,"k1gdefn1em00","6","FAAt701","BEA_API"
2005,25,"Missiles",47163,"k1gdefn1em00","6","FAAt701","BEA_API"
2006,25,"Missiles",46418,"k1gdefn1em00","6","FAAt701","BEA_API"
2007,25,"Missiles",46929,"k1gdefn1em00","6","FAAt701","BEA_API"
2008,25,"Missiles",47248,"k1gdefn1em00","6","FAAt701","BEA_API"
2009,25,"Missiles",47225,"k1gdefn1em00","6","FAAt701","BEA_API"
2010,25,"Missiles",49121,"k1gdefn1em00","6","FAAt701","BEA_API"
2011,25,"Missiles",50853,"k1gdefn1em00","6","FAAt701","BEA_API"
2012,25,"Missiles",50805,"k1gdefn1em00","6","FAAt701","BEA_API"
2013,25,"Missiles",53632,"k1gdefn1em00","6","FAAt701","BEA_API"
2014,25,"Missiles",54195,"k1gdefn1em00","6","FAAt701","BEA_API"
2015,25,"Missiles",54564,"k1gdefn1em00","6","FAAt701","BEA_API"
2016,25,"Missiles",53762,"k1gdefn1em00","6","FAAt701","BEA_API"
2017,25,"Missiles",53432,"k1gdefn1em00","6","FAAt701","BEA_API"
2018,25,"Missiles",52865,"k1gdefn1em00","6","FAAt701","BEA_API"
2019,25,"Missiles",53115,"k1gdefn1em00","6","FAAt701","BEA_API"
2020,25,"Missiles",55904,"k1gdefn1em00","6","FAAt701","BEA_API"
2021,25,"Missiles",58392,"k1gdefn1em00","6","FAAt701","BEA_API"
2022,25,"Missiles",60366,"k1gdefn1em00","6","FAAt701","BEA_API"
2023,25,"Missiles",61240,"k1gdefn1em00","6","FAAt701","BEA_API"
2024,25,"Missiles",63446,"k1gdefn1em00","6","FAAt701","BEA_API"
1972,26,"Ships",25248,"k1gdefn1eb00","6","FAAt701","BEA_API"
1973,26,"Ships",27036,"k1gdefn1eb00","6","FAAt701","BEA_API"
1974,26,"Ships",30667,"k1gdefn1eb00","6","FAAt701","BEA_API"
1975,26,"Ships",32924,"k1gdefn1eb00","6","FAAt701","BEA_API"
1976,26,"Ships",35217,"k1gdefn1eb00","6","FAAt701","BEA_API"
1977,26,"Ships",39978,"k1gdefn1eb00","6","FAAt701","BEA_API"
1978,26,"Ships",44061,"k1gdefn1eb00","6","FAAt701","BEA_API"
1979,26,"Ships",49218,"k1gdefn1eb00","6","FAAt701","BEA_API"
1980,26,"Ships",53475,"k1gdefn1eb00","6","FAAt701","BEA_API"
1981,26,"Ships",58315,"k1gdefn1eb00","6","FAAt701","BEA_API"
1982,26,"Ships",61412,"k1gdefn1eb00","6","FAAt701","BEA_API"
1983,26,"Ships",67024,"k1gdefn1eb00","6","FAAt701","BEA_API"
1984,26,"Ships",73031,"k1gdefn1eb00","6","FAAt701","BEA_API"
1985,26,"Ships",76886,"k1gdefn1eb00","6","FAAt701","BEA_API"
1986,26,"Ships",81504,"k1gdefn1eb00","6","FAAt701","BEA_API"
1987,26,"Ships",85476,"k1gdefn1eb00","6","FAAt701","BEA_API"
1988,26,"Ships",90992,"k1gdefn1eb00","6","FAAt701","BEA_API"
1989,26,"Ships",96209,"k1gdefn1eb00","6","FAAt701","BEA_API"
1990,26,"Ships",101734,"k1gdefn1eb00","6","FAAt701","BEA_API"
1991,26,"Ships",108235,"k1gdefn1eb00","6","FAAt701","BEA_API"
1992,26,"Ships",110866,"k1gdefn1eb00","6","FAAt701","BEA_API"
1993,26,"Ships",112434,"k1gdefn1eb00","6","FAAt701","BEA_API"
1994,26,"Ships",117248,"k1gdefn1eb00","6","FAAt701","BEA_API"
1995,26,"Ships",118200,"k1gdefn1eb00","6","FAAt701","BEA_API"
1996,26,"Ships",115839,"k1gdefn1eb00","6","FAAt701","BEA_API"
1997,26,"Ships",113888,"k1gdefn1eb00","6","FAAt701","BEA_API"
1998,26,"Ships",109097,"k1gdefn1eb00","6","FAAt701","BEA_API"
1999,26,"Ships",108842,"k1gdefn1eb00","6","FAAt701","BEA_API"
2000,26,"Ships",107435,"k1gdefn1eb00","6","FAAt701","BEA_API"
2001,26,"Ships",105470,"k1gdefn1eb00","6","FAAt701","BEA_API"
2002,26,"Ships",106805,"k1gdefn1eb00","6","FAAt701","BEA_API"
2003,26,"Ships",111478,"k1gdefn1eb00","6","FAAt701","BEA_API"
2004,26,"Ships",114784,"k1gdefn1eb00","6","FAAt701","BEA_API"
2005,26,"Ships",118749,"k1gdefn1eb00","6","FAAt701","BEA_API"
2006,26,"Ships",124728,"k1gdefn1eb00","6","FAAt701","BEA_API"
2007,26,"Ships",127693,"k1gdefn1eb00","6","FAAt701","BEA_API"
2008,26,"Ships",132679,"k1gdefn1eb00","6","FAAt701","BEA_API"
2009,26,"Ships",134554,"k1gdefn1eb00","6","FAAt701","BEA_API"
2010,26,"Ships",138823,"k1gdefn1eb00","6","FAAt701","BEA_API"
2011,26,"Ships",142056,"k1gdefn1eb00","6","FAAt701","BEA_API"
2012,26,"Ships",141895,"k1gdefn1eb00","6","FAAt701","BEA_API"
2013,26,"Ships",144536,"k1gdefn1eb00","6","FAAt701","BEA_API"
2014,26,"Ships",146822,"k1gdefn1eb00","6","FAAt701","BEA_API"
2015,26,"Ships",149308,"k1gdefn1eb00","6","FAAt701","BEA_API"
2016,26,"Ships",152073,"k1gdefn1eb00","6","FAAt701","BEA_API"
2017,26,"Ships",155234,"k1gdefn1eb00","6","FAAt701","BEA_API"
2018,26,"Ships",160343,"k1gdefn1eb00","6","FAAt701","BEA_API"
2019,26,"Ships",167174,"k1gdefn1eb00","6","FAAt701","BEA_API"
2020,26,"Ships",174738,"k1gdefn1eb00","6","FAAt701","BEA_API"
2021,26,"Ships",189435,"k1gdefn1eb00","6","FAAt701","BEA_API"
2022,26,"Ships",202472,"k1gdefn1eb00","6","FAAt701","BEA_API"
2023,26,"Ships",215817,"k1gdefn1eb00","6","FAAt701","BEA_API"
2024,26,"Ships",222855,"k1gdefn1eb00","6","FAAt701","BEA_API"
1972,27,"Vehicles",7079,"k1gdefn1ev00","6","FAAt701","BEA_API"
1973,27,"Vehicles",4188,"k1gdefn1ev00","6","FAAt701","BEA_API"
1974,27,"Vehicles",2248,"k1gdefn1ev00","6","FAAt701","BEA_API"
1975,27,"Vehicles",3587,"k1gdefn1ev00","6","FAAt701","BEA_API"
1976,27,"Vehicles",3703,"k1gdefn1ev00","6","FAAt701","BEA_API"
1977,27,"Vehicles",4046,"k1gdefn1ev00","6","FAAt701","BEA_API"
1978,27,"Vehicles",4439,"k1gdefn1ev00","6","FAAt701","BEA_API"
1979,27,"Vehicles",5206,"k1gdefn1ev00","6","FAAt701","BEA_API"
1980,27,"Vehicles",7002,"k1gdefn1ev00","6","FAAt701","BEA_API"
1981,27,"Vehicles",10317,"k1gdefn1ev00","6","FAAt701","BEA_API"
1982,27,"Vehicles",12956,"k1gdefn1ev00","6","FAAt701","BEA_API"
1983,27,"Vehicles",13647,"k1gdefn1ev00","6","FAAt701","BEA_API"
1984,27,"Vehicles",14238,"k1gdefn1ev00","6","FAAt701","BEA_API"
1985,27,"Vehicles",15358,"k1gdefn1ev00","6","FAAt701","BEA_API"
1986,27,"Vehicles",17247,"k1gdefn1ev00","6","FAAt701","BEA_API"
1987,27,"Vehicles",18908,"k1gdefn1ev00","6","FAAt701","BEA_API"
1988,27,"Vehicles",20020,"k1gdefn1ev00","6","FAAt701","BEA_API"
1989,27,"Vehicles",20277,"k1gdefn1ev00","6","FAAt701","BEA_API"
1990,27,"Vehicles",20925,"k1gdefn1ev00","6","FAAt701","BEA_API"
1991,27,"Vehicles",23408,"k1gdefn1ev00","6","FAAt701","BEA_API"
1992,27,"Vehicles",23288,"k1gdefn1ev00","6","FAAt701","BEA_API"
1993,27,"Vehicles",22658,"k1gdefn1ev00","6","FAAt701","BEA_API"
1994,27,"Vehicles",22775,"k1gdefn1ev00","6","FAAt701","BEA_API"
1995,27,"Vehicles",20156,"k1gdefn1ev00","6","FAAt701","BEA_API"
1996,27,"Vehicles",19545,"k1gdefn1ev00","6","FAAt701","BEA_API"
1997,27,"Vehicles",18841,"k1gdefn1ev00","6","FAAt701","BEA_API"
1998,27,"Vehicles",17756,"k1gdefn1ev00","6","FAAt701","BEA_API"
1999,27,"Vehicles",18472,"k1gdefn1ev00","6","FAAt701","BEA_API"
2000,27,"Vehicles",16597,"k1gdefn1ev00","6","FAAt701","BEA_API"
2001,27,"Vehicles",16376,"k1gdefn1ev00","6","FAAt701","BEA_API"
2002,27,"Vehicles",17055,"k1gdefn1ev00","6","FAAt701","BEA_API"
2003,27,"Vehicles",17773,"k1gdefn1ev00","6","FAAt701","BEA_API"
2004,27,"Vehicles",18164,"k1gdefn1ev00","6","FAAt701","BEA_API"
2005,27,"Vehicles",18832,"k1gdefn1ev00","6","FAAt701","BEA_API"
2006,27,"Vehicles",21379,"k1gdefn1ev00","6","FAAt701","BEA_API"
2007,27,"Vehicles",23702,"k1gdefn1ev00","6","FAAt701","BEA_API"
2008,27,"Vehicles",28569,"k1gdefn1ev00","6","FAAt701","BEA_API"
2009,27,"Vehicles",32127,"k1gdefn1ev00","6","FAAt701","BEA_API"
2010,27,"Vehicles",34507,"k1gdefn1ev00","6","FAAt701","BEA_API"
2011,27,"Vehicles",35539,"k1gdefn1ev00","6","FAAt701","BEA_API"
2012,27,"Vehicles",36280,"k1gdefn1ev00","6","FAAt701","BEA_API"
2013,27,"Vehicles",32562,"k1gdefn1ev00","6","FAAt701","BEA_API"
2014,27,"Vehicles",34875,"k1gdefn1ev00","6","FAAt701","BEA_API"
2015,27,"Vehicles",29800,"k1gdefn1ev00","6","FAAt701","BEA_API"
2016,27,"Vehicles",28077,"k1gdefn1ev00","6","FAAt701","BEA_API"
2017,27,"Vehicles",28767,"k1gdefn1ev00","6","FAAt701","BEA_API"
2018,27,"Vehicles",26313,"k1gdefn1ev00","6","FAAt701","BEA_API"
2019,27,"Vehicles",23793,"k1gdefn1ev00","6","FAAt701","BEA_API"
2020,27,"Vehicles",24689,"k1gdefn1ev00","6","FAAt701","BEA_API"
2021,27,"Vehicles",26637,"k1gdefn1ev00","6","FAAt701","BEA_API"
2022,27,"Vehicles",26748,"k1gdefn1ev00","6","FAAt701","BEA_API"
2023,27,"Vehicles",28262,"k1gdefn1ev00","6","FAAt701","BEA_API"
2024,27,"Vehicles",28826,"k1gdefn1ev00","6","FAAt701","BEA_API"
1972,28,"Electronics",8507,"k1gdefn1ee00","6","FAAt701","BEA_API"
1973,28,"Electronics",7781,"k1gdefn1ee00","6","FAAt701","BEA_API"
1974,28,"Electronics",7967,"k1gdefn1ee00","6","FAAt701","BEA_API"
1975,28,"Electronics",7308,"k1gdefn1ee00","6","FAAt701","BEA_API"
1976,28,"Electronics",7104,"k1gdefn1ee00","6","FAAt701","BEA_API"
1977,28,"Electronics",6722,"k1gdefn1ee00","6","FAAt701","BEA_API"
1978,28,"Electronics",7160,"k1gdefn1ee00","6","FAAt701","BEA_API"
1979,28,"Electronics",7665,"k1gdefn1ee00","6","FAAt701","BEA_API"
1980,28,"Electronics",8353,"k1gdefn1ee00","6","FAAt701","BEA_API"
1981,28,"Electronics",9003,"k1gdefn1ee00","6","FAAt701","BEA_API"
1982,28,"Electronics",9690,"k1gdefn1ee00","6","FAAt701","BEA_API"
1983,28,"Electronics",10380,"k1gdefn1ee00","6","FAAt701","BEA_API"
1984,28,"Electronics",11534,"k1gdefn1ee00","6","FAAt701","BEA_API"
1985,28,"Electronics",12891,"k1gdefn1ee00","6","FAAt701","BEA_API"
1986,28,"Electronics",14442,"k1gdefn1ee00","6","FAAt701","BEA_API"
1987,28,"Electronics",15878,"k1gdefn1ee00","6","FAAt701","BEA_API"
1988,28,"Electronics",17000,"k1gdefn1ee00","6","FAAt701","BEA_API"
1989,28,"Electronics",17859,"k1gdefn1ee00","6","FAAt701","BEA_API"
1990,28,"Electronics",18374,"k1gdefn1ee00","6","FAAt701","BEA_API"
1991,28,"Electronics",18159,"k1gdefn1ee00","6","FAAt701","BEA_API"
1992,28,"Electronics",18237,"k1gdefn1ee00","6","FAAt701","BEA_API"
1993,28,"Electronics",18492,"k1gdefn1ee00","6","FAAt701","BEA_API"
1994,28,"Electronics",18303,"k1gdefn1ee00","6","FAAt701","BEA_API"
1995,28,"Electronics",17644,"k1gdefn1ee00","6","FAAt701","BEA_API"
1996,28,"Electronics",16768,"k1gdefn1ee00","6","FAAt701","BEA_API"
1997,28,"Electronics",16061,"k1gdefn1ee00","6","FAAt701","BEA_API"
1998,28,"Electronics",15273,"k1gdefn1ee00","6","FAAt701","BEA_API"
1999,28,"Electronics",15382,"k1gdefn1ee00","6","FAAt701","BEA_API"
2000,28,"Electronics",15643,"k1gdefn1ee00","6","FAAt701","BEA_API"
2001,28,"Electronics",15651,"k1gdefn1ee00","6","FAAt701","BEA_API"
2002,28,"Electronics",16170,"k1gdefn1ee00","6","FAAt701","BEA_API"
2003,28,"Electronics",17116,"k1gdefn1ee00","6","FAAt701","BEA_API"
2004,28,"Electronics",18632,"k1gdefn1ee00","6","FAAt701","BEA_API"
2005,28,"Electronics",20576,"k1gdefn1ee00","6","FAAt701","BEA_API"
2006,28,"Electronics",23903,"k1gdefn1ee00","6","FAAt701","BEA_API"
2007,28,"Electronics",28154,"k1gdefn1ee00","6","FAAt701","BEA_API"
2008,28,"Electronics",33919,"k1gdefn1ee00","6","FAAt701","BEA_API"
2009,28,"Electronics",38809,"k1gdefn1ee00","6","FAAt701","BEA_API"
2010,28,"Electronics",41842,"k1gdefn1ee00","6","FAAt701","BEA_API"
2011,28,"Electronics",43263,"k1gdefn1ee00","6","FAAt701","BEA_API"
2012,28,"Electronics",43303,"k1gdefn1ee00","6","FAAt701","BEA_API"
2013,28,"Electronics",41736,"k1gdefn1ee00","6","FAAt701","BEA_API"
2014,28,"Electronics",39344,"k1gdefn1ee00","6","FAAt701","BEA_API"
2015,28,"Electronics",36993,"k1gdefn1ee00","6","FAAt701","BEA_API"
2016,28,"Electronics",35633,"k1gdefn1ee00","6","FAAt701","BEA_API"
2017,28,"Electronics",35247,"k1gdefn1ee00","6","FAAt701","BEA_API"
2018,28,"Electronics",35369,"k1gdefn1ee00","6","FAAt701","BEA_API"
2019,28,"Electronics",35624,"k1gdefn1ee00","6","FAAt701","BEA_API"
2020,28,"Electronics",36325,"k1gdefn1ee00","6","FAAt701","BEA_API"
2021,28,"Electronics",39265,"k1gdefn1ee00","6","FAAt701","BEA_API"
2022,28,"Electronics",42109,"k1gdefn1ee00","6","FAAt701","BEA_API"
2023,28,"Electronics",43637,"k1gdefn1ee00","6","FAAt701","BEA_API"
2024,28,"Electronics",45817,"k1gdefn1ee00","6","FAAt701","BEA_API"
1972,29,"Other equipment",11708,"k1gdefn1eo00","6","FAAt701","BEA_API"
1973,29,"Other equipment",12976,"k1gdefn1eo00","6","FAAt701","BEA_API"
1974,29,"Other equipment",13890,"k1gdefn1eo00","6","FAAt701","BEA_API"
1975,29,"Other equipment",16119,"k1gdefn1eo00","6","FAAt701","BEA_API"
1976,29,"Other equipment",17604,"k1gdefn1eo00","6","FAAt701","BEA_API"
1977,29,"Other equipment",18692,"k1gdefn1eo00","6","FAAt701","BEA_API"
1978,29,"Other equipment",21714,"k1gdefn1eo00","6","FAAt701","BEA_API"
1979,29,"Other equipment",22534,"k1gdefn1eo00","6","FAAt701","BEA_API"
1980,29,"Other equipment",27117,"k1gdefn1eo00","6","FAAt701","BEA_API"
1981,29,"Other equipment",28923,"k1gdefn1eo00","6","FAAt701","BEA_API"
1982,29,"Other equipment",34127,"k1gdefn1eo00","6","FAAt701","BEA_API"
1983,29,"Other equipment",38812,"k1gdefn1eo00","6","FAAt701","BEA_API"
1984,29,"Other equipment",41201,"k1gdefn1eo00","6","FAAt701","BEA_API"
1985,29,"Other equipment",47540,"k1gdefn1eo00","6","FAAt701","BEA_API"
1986,29,"Other equipment",47918,"k1gdefn1eo00","6","FAAt701","BEA_API"
1987,29,"Other equipment",52301,"k1gdefn1eo00","6","FAAt701","BEA_API"
1988,29,"Other equipment",61414,"k1gdefn1eo00","6","FAAt701","BEA_API"
1989,29,"Other equipment",66322,"k1gdefn1eo00","6","FAAt701","BEA_API"
1990,29,"Other equipment",70643,"k1gdefn1eo00","6","FAAt701","BEA_API"
1991,29,"Other equipment",74292,"k1gdefn1eo00","6","FAAt701","BEA_API"
1992,29,"Other equipment",83167,"k1gdefn1eo00","6","FAAt701","BEA_API"
1993,29,"Other equipment",85445,"k1gdefn1eo00","6","FAAt701","BEA_API"
1994,29,"Other equipment",87116,"k1gdefn1eo00","6","FAAt701","BEA_API"
1995,29,"Other equipment",89402,"k1gdefn1eo00","6","FAAt701","BEA_API"
1996,29,"Other equipment",92758,"k1gdefn1eo00","6","FAAt701","BEA_API"
1997,29,"Other equipment",93576,"k1gdefn1eo00","6","FAAt701","BEA_API"
1998,29,"Other equipment",94487,"k1gdefn1eo00","6","FAAt701","BEA_API"
1999,29,"Other equipment",95399,"k1gdefn1eo00","6","FAAt701","BEA_API"
2000,29,"Other equipment",97020,"k1gdefn1eo00","6","FAAt701","BEA_API"
2001,29,"Other equipment",98160,"k1gdefn1eo00","6","FAAt701","BEA_API"
2002,29,"Other equipment",102602,"k1gdefn1eo00","6","FAAt701","BEA_API"
2003,29,"Other equipment",107638,"k1gdefn1eo00","6","FAAt701","BEA_API"
2004,29,"Other equipment",116630,"k1gdefn1eo00","6","FAAt701","BEA_API"
2005,29,"Other equipment",125539,"k1gdefn1eo00","6","FAAt701","BEA_API"
2006,29,"Other equipment",131298,"k1gdefn1eo00","6","FAAt701","BEA_API"
2007,29,"Other equipment",138851,"k1gdefn1eo00","6","FAAt701","BEA_API"
2008,29,"Other equipment",152375,"k1gdefn1eo00","6","FAAt701","BEA_API"
2009,29,"Other equipment",164049,"k1gdefn1eo00","6","FAAt701","BEA_API"
2010,29,"Other equipment",174794,"k1gdefn1eo00","6","FAAt701","BEA_API"
2011,29,"Other equipment",183943,"k1gdefn1eo00","6","FAAt701","BEA_API"
2012,29,"Other equipment",189974,"k1gdefn1eo00","6","FAAt701","BEA_API"
2013,29,"Other equipment",191458,"k1gdefn1eo00","6","FAAt701","BEA_API"
2014,29,"Other equipment",191224,"k1gdefn1eo00","6","FAAt701","BEA_API"
2015,29,"Other equipment",191817,"k1gdefn1eo00","6","FAAt701","BEA_API"
2016,29,"Other equipment",192037,"k1gdefn1eo00","6","FAAt701","BEA_API"
2017,29,"Other equipment",194896,"k1gdefn1eo00","6","FAAt701","BEA_API"
2018,29,"Other equipment",203085,"k1gdefn1eo00","6","FAAt701","BEA_API"
2019,29,"Other equipment",210861,"k1gdefn1eo00","6","FAAt701","BEA_API"
2020,29,"Other equipment",219651,"k1gdefn1eo00","6","FAAt701","BEA_API"
2021,29,"Other equipment",239329,"k1gdefn1eo00","6","FAAt701","BEA_API"
2022,29,"Other equipment",252209,"k1gdefn1eo00","6","FAAt701","BEA_API"
2023,29,"Other equipment",260863,"k1gdefn1eo00","6","FAAt701","BEA_API"
2024,29,"Other equipment",269845,"k1gdefn1eo00","6","FAAt701","BEA_API"
1925,30,"Structures",4448,"k1gdefn1st00","6","FAAt701","BEA_API"
1926,30,"Structures",4426,"k1gdefn1st00","6","FAAt701","BEA_API"
1927,30,"Structures",4310,"k1gdefn1st00","6","FAAt701","BEA_API"
1928,30,"Structures",4063,"k1gdefn1st00","6","FAAt701","BEA_API"
1929,30,"Structures",4708,"k1gdefn1st00","6","FAAt701","BEA_API"
1930,30,"Structures",4315,"k1gdefn1st00","6","FAAt701","BEA_API"
1931,30,"Structures",3785,"k1gdefn1st00","6","FAAt701","BEA_API"
1932,30,"Structures",3568,"k1gdefn1st00","6","FAAt701","BEA_API"
1933,30,"Structures",3888,"k1gdefn1st00","6","FAAt701","BEA_API"
1934,30,"Structures",4095,"k1gdefn1st00","6","FAAt701","BEA_API"
1935,30,"Structures",4225,"k1gdefn1st00","6","FAAt701","BEA_API"
1936,30,"Structures",4629,"k1gdefn1st00","6","FAAt701","BEA_API"
1937,30,"Structures",4922,"k1gdefn1st00","6","FAAt701","BEA_API"
1938,30,"Structures",5030,"k1gdefn1st00","6","FAAt701","BEA_API"
1939,30,"Structures",5210,"k1gdefn1st00","6","FAAt701","BEA_API"
1940,30,"Structures",6216,"k1gdefn1st00","6","FAAt701","BEA_API"
1941,30,"Structures",12042,"k1gdefn1st00","6","FAAt701","BEA_API"
1942,30,"Structures",27310,"k1gdefn1st00","6","FAAt701","BEA_API"
1943,30,"Structures",34790,"k1gdefn1st00","6","FAAt701","BEA_API"
1944,30,"Structures",37001,"k1gdefn1st00","6","FAAt701","BEA_API"
1945,30,"Structures",42257,"k1gdefn1st00","6","FAAt701","BEA_API"
1946,30,"Structures",43680,"k1gdefn1st00","6","FAAt701","BEA_API"
1947,30,"Structures",43746,"k1gdefn1st00","6","FAAt701","BEA_API"
1948,30,"Structures",43879,"k1gdefn1st00","6","FAAt701","BEA_API"
1949,30,"Structures",41248,"k1gdefn1st00","6","FAAt701","BEA_API"
1950,30,"Structures",44515,"k1gdefn1st00","6","FAAt701","BEA_API"
1951,30,"Structures",51285,"k1gdefn1st00","6","FAAt701","BEA_API"
1952,30,"Structures",53203,"k1gdefn1st00","6","FAAt701","BEA_API"
1953,30,"Structures",53312,"k1gdefn1st00","6","FAAt701","BEA_API"
1954,30,"Structures",56814,"k1gdefn1st00","6","FAAt701","BEA_API"
1955,30,"Structures",56860,"k1gdefn1st00","6","FAAt701","BEA_API"
1956,30,"Structures",63149,"k1gdefn1st00","6","FAAt701","BEA_API"
1957,30,"Structures",65628,"k1gdefn1st00","6","FAAt701","BEA_API"
1958,30,"Structures",69421,"k1gdefn1st00","6","FAAt701","BEA_API"
1959,30,"Structures",68298,"k1gdefn1st00","6","FAAt701","BEA_API"
1960,30,"Structures",68768,"k1gdefn1st00","6","FAAt701","BEA_API"
1961,30,"Structures",70554,"k1gdefn1st00","6","FAAt701","BEA_API"
1962,30,"Structures",72042,"k1gdefn1st00","6","FAAt701","BEA_API"
1963,30,"Structures",72935,"k1gdefn1st00","6","FAAt701","BEA_API"
1964,30,"Structures",74075,"k1gdefn1st00","6","FAAt701","BEA_API"
1965,30,"Structures",75528,"k1gdefn1st00","6","FAAt701","BEA_API"
1966,30,"Structures",78131,"k1gdefn1st00","6","FAAt701","BEA_API"
1967,30,"Structures",83594,"k1gdefn1st00","6","FAAt701","BEA_API"
1968,30,"Structures",87879,"k1gdefn1st00","6","FAAt701","BEA_API"
1969,30,"Structures",94064,"k1gdefn1st00","6","FAAt701","BEA_API"
1970,30,"Structures",102092,"k1gdefn1st00","6","FAAt701","BEA_API"
1971,30,"Structures",109921,"k1gdefn1st00","6","FAAt701","BEA_API"
1972,30,"Structures",126753,"k1gdefn1st00","6","FAAt701","BEA_API"
1973,30,"Structures",146274,"k1gdefn1st00","6","FAAt701","BEA_API"
1974,30,"Structures",174910,"k1gdefn1st00","6","FAAt701","BEA_API"
1975,30,"Structures",175088,"k1gdefn1st00","6","FAAt701","BEA_API"
1976,30,"Structures",192152,"k1gdefn1st00","6","FAAt701","BEA_API"
1977,30,"Structures",192280,"k1gdefn1st00","6","FAAt701","BEA_API"
1978,30,"Structures",209025,"k1gdefn1st00","6","FAAt701","BEA_API"
1979,30,"Structures",238081,"k1gdefn1st00","6","FAAt701","BEA_API"
1980,30,"Structures",259979,"k1gdefn1st00","6","FAAt701","BEA_API"
1981,30,"Structures",262066,"k1gdefn1st00","6","FAAt701","BEA_API"
1982,30,"Structures",267130,"k1gdefn1st00","6","FAAt701","BEA_API"
1983,30,"Structures",273675,"k1gdefn1st00","6","FAAt701","BEA_API"
1984,30,"Structures",286980,"k1gdefn1st00","6","FAAt701","BEA_API"
1985,30,"Structures",295493,"k1gdefn1st00","6","FAAt701","BEA_API"
1986,30,"Structures",310248,"k1gdefn1st00","6","FAAt701","BEA_API"
1987,30,"Structures",316734,"k1gdefn1st00","6","FAAt701","BEA_API"
1988,30,"Structures",337698,"k1gdefn1st00","6","FAAt701","BEA_API"
1989,30,"Structures",352254,"k1gdefn1st00","6","FAAt701","BEA_API"
1990,30,"Structures",358283,"k1gdefn1st00","6","FAAt701","BEA_API"
1991,30,"Structures",368985,"k1gdefn1st00","6","FAAt701","BEA_API"
1992,30,"Structures",386441,"k1gdefn1st00","6","FAAt701","BEA_API"
1993,30,"Structures",398615,"k1gdefn1st00","6","FAAt701","BEA_API"
1994,30,"Structures",414365,"k1gdefn1st00","6","FAAt701","BEA_API"
1995,30,"Structures",426992,"k1gdefn1st00","6","FAAt701","BEA_API"
1996,30,"Structures",435987,"k1gdefn1st00","6","FAAt701","BEA_API"
1997,30,"Structures",448851,"k1gdefn1st00","6","FAAt701","BEA_API"
1998,30,"Structures",459577,"k1gdefn1st00","6","FAAt701","BEA_API"
1999,30,"Structures",475339,"k1gdefn1st00","6","FAAt701","BEA_API"
2000,30,"Structures",492264,"k1gdefn1st00","6","FAAt701","BEA_API"
2001,30,"Structures",504176,"k1gdefn1st00","6","FAAt701","BEA_API"
2002,30,"Structures",514749,"k1gdefn1st00","6","FAAt701","BEA_API"
2003,30,"Structures",524885,"k1gdefn1st00","6","FAAt701","BEA_API"
2004,30,"Structures",571110,"k1gdefn1st00","6","FAAt701","BEA_API"
2005,30,"Structures",617647,"k1gdefn1st00","6","FAAt701","BEA_API"
2006,30,"Structures",665955,"k1gdefn1st00","6","FAAt701","BEA_API"
2007,30,"Structures",696604,"k1gdefn1st00","6","FAAt701","BEA_API"
2008,30,"Structures",714730,"k1gdefn1st00","6","FAAt701","BEA_API"
2009,30,"Structures",696345,"k1gdefn1st00","6","FAAt701","BEA_API"
2010,30,"Structures",708254,"k1gdefn1st00","6","FAAt701","BEA_API"
2011,30,"Structures",731749,"k1gdefn1st00","6","FAAt701","BEA_API"
2012,30,"Structures",745156,"k1gdefn1st00","6","FAAt701","BEA_API"
2013,30,"Structures",766126,"k1gdefn1st00","6","FAAt701","BEA_API"
2014,30,"Structures",775352,"k1gdefn1st00","6","FAAt701","BEA_API"
2015,30,"Structures",776695,"k1gdefn1st00","6","FAAt701","BEA_API"
2016,30,"Structures",799022,"k1gdefn1st00","6","FAAt701","BEA_API"
2017,30,"Structures",819386,"k1gdefn1st00","6","FAAt701","BEA_API"
2018,30,"Structures",841402,"k1gdefn1st00","6","FAAt701","BEA_API"
2019,30,"Structures",850313,"k1gdefn1st00","6","FAAt701","BEA_API"
2020,30,"Structures",884230,"k1gdefn1st00","6","FAAt701","BEA_API"
2021,30,"Structures",986300,"k1gdefn1st00","6","FAAt701","BEA_API"
2022,30,"Structures",1057519,"k1gdefn1st00","6","FAAt701","BEA_API"
2023,30,"Structures",1074401,"k1gdefn1st00","6","FAAt701","BEA_API"
2024,30,"Structures",1090464,"k1gdefn1st00","6","FAAt701","BEA_API"
1925,31,"Buildings",0,"k1gdefn1sb00","6","FAAt701","BEA_API"
1926,31,"Buildings",0,"k1gdefn1sb00","6","FAAt701","BEA_API"
1927,31,"Buildings",0,"k1gdefn1sb00","6","FAAt701","BEA_API"
1928,31,"Buildings",0,"k1gdefn1sb00","6","FAAt701","BEA_API"
1929,31,"Buildings",0,"k1gdefn1sb00","6","FAAt701","BEA_API"
1930,31,"Buildings",0,"k1gdefn1sb00","6","FAAt701","BEA_API"
1931,31,"Buildings",0,"k1gdefn1sb00","6","FAAt701","BEA_API"
1932,31,"Buildings",0,"k1gdefn1sb00","6","FAAt701","BEA_API"
1933,31,"Buildings",3,"k1gdefn1sb00","6","FAAt701","BEA_API"
1934,31,"Buildings",21,"k1gdefn1sb00","6","FAAt701","BEA_API"
1935,31,"Buildings",38,"k1gdefn1sb00","6","FAAt701","BEA_API"
1936,31,"Buildings",179,"k1gdefn1sb00","6","FAAt701","BEA_API"
1937,31,"Buildings",356,"k1gdefn1sb00","6","FAAt701","BEA_API"
1938,31,"Buildings",443,"k1gdefn1sb00","6","FAAt701","BEA_API"
1939,31,"Buildings",470,"k1gdefn1sb00","6","FAAt701","BEA_API"
1940,31,"Buildings",702,"k1gdefn1sb00","6","FAAt701","BEA_API"
1941,31,"Buildings",3027,"k1gdefn1sb00","6","FAAt701","BEA_API"
1942,31,"Buildings",8808,"k1gdefn1sb00","6","FAAt701","BEA_API"
1943,31,"Buildings",12241,"k1gdefn1sb00","6","FAAt701","BEA_API"
1944,31,"Buildings",13895,"k1gdefn1sb00","6","FAAt701","BEA_API"
1945,31,"Buildings",16313,"k1gdefn1sb00","6","FAAt701","BEA_API"
1946,31,"Buildings",16572,"k1gdefn1sb00","6","FAAt701","BEA_API"
1947,31,"Buildings",16499,"k1gdefn1sb00","6","FAAt701","BEA_API"
1948,31,"Buildings",16418,"k1gdefn1sb00","6","FAAt701","BEA_API"
1949,31,"Buildings",15644,"k1gdefn1sb00","6","FAAt701","BEA_API"
1950,31,"Buildings",16468,"k1gdefn1sb00","6","FAAt701","BEA_API"
1951,31,"Buildings",19357,"k1gdefn1sb00","6","FAAt701","BEA_API"
1952,31,"Buildings",19610,"k1gdefn1sb00","6","FAAt701","BEA_API"
1953,31,"Buildings",20636,"k1gdefn1sb00","6","FAAt701","BEA_API"
1954,31,"Buildings",23787,"k1gdefn1sb00","6","FAAt701","BEA_API"
1955,31,"Buildings",21483,"k1gdefn1sb00","6","FAAt701","BEA_API"
1956,31,"Buildings",24099,"k1gdefn1sb00","6","FAAt701","BEA_API"
1957,31,"Buildings",25701,"k1gdefn1sb00","6","FAAt701","BEA_API"
1958,31,"Buildings",26330,"k1gdefn1sb00","6","FAAt701","BEA_API"
1959,31,"Buildings",24881,"k1gdefn1sb00","6","FAAt701","BEA_API"
1960,31,"Buildings",24425,"k1gdefn1sb00","6","FAAt701","BEA_API"
1961,31,"Buildings",24909,"k1gdefn1sb00","6","FAAt701","BEA_API"
1962,31,"Buildings",24736,"k1gdefn1sb00","6","FAAt701","BEA_API"
1963,31,"Buildings",24861,"k1gdefn1sb00","6","FAAt701","BEA_API"
1964,31,"Buildings",24855,"k1gdefn1sb00","6","FAAt701","BEA_API"
1965,31,"Buildings",26139,"k1gdefn1sb00","6","FAAt701","BEA_API"
1966,31,"Buildings",26669,"k1gdefn1sb00","6","FAAt701","BEA_API"
1967,31,"Buildings",28211,"k1gdefn1sb00","6","FAAt701","BEA_API"
1968,31,"Buildings",28707,"k1gdefn1sb00","6","FAAt701","BEA_API"
1969,31,"Buildings",30767,"k1gdefn1sb00","6","FAAt701","BEA_API"
1970,31,"Buildings",32198,"k1gdefn1sb00","6","FAAt701","BEA_API"
1971,31,"Buildings",34977,"k1gdefn1sb00","6","FAAt701","BEA_API"
1972,31,"Buildings",35900,"k1gdefn1sb00","6","FAAt701","BEA_API"
1973,31,"Buildings",39224,"k1gdefn1sb00","6","FAAt701","BEA_API"
1974,31,"Buildings",45791,"k1gdefn1sb00","6","FAAt701","BEA_API"
1975,31,"Buildings",45362,"k1gdefn1sb00","6","FAAt701","BEA_API"
1976,31,"Buildings",46887,"k1gdefn1sb00","6","FAAt701","BEA_API"
1977,31,"Buildings",49375,"k1gdefn1sb00","6","FAAt701","BEA_API"
1978,31,"Buildings",53874,"k1gdefn1sb00","6","FAAt701","BEA_API"
1979,31,"Buildings",62205,"k1gdefn1sb00","6","FAAt701","BEA_API"
1980,31,"Buildings",67356,"k1gdefn1sb00","6","FAAt701","BEA_API"
1981,31,"Buildings",73824,"k1gdefn1sb00","6","FAAt701","BEA_API"
1982,31,"Buildings",77045,"k1gdefn1sb00","6","FAAt701","BEA_API"
1983,31,"Buildings",84319,"k1gdefn1sb00","6","FAAt701","BEA_API"
1984,31,"Buildings",84769,"k1gdefn1sb00","6","FAAt701","BEA_API"
1985,31,"Buildings",83265,"k1gdefn1sb00","6","FAAt701","BEA_API"
1986,31,"Buildings",82945,"k1gdefn1sb00","6","FAAt701","BEA_API"
1987,31,"Buildings",89642,"k1gdefn1sb00","6","FAAt701","BEA_API"
1988,31,"Buildings",101181,"k1gdefn1sb00","6","FAAt701","BEA_API"
1989,31,"Buildings",106817,"k1gdefn1sb00","6","FAAt701","BEA_API"
1990,31,"Buildings",109230,"k1gdefn1sb00","6","FAAt701","BEA_API"
1991,31,"Buildings",107768,"k1gdefn1sb00","6","FAAt701","BEA_API"
1992,31,"Buildings",110114,"k1gdefn1sb00","6","FAAt701","BEA_API"
1993,31,"Buildings",113685,"k1gdefn1sb00","6","FAAt701","BEA_API"
1994,31,"Buildings",118079,"k1gdefn1sb00","6","FAAt701","BEA_API"
1995,31,"Buildings",120778,"k1gdefn1sb00","6","FAAt701","BEA_API"
1996,31,"Buildings",123867,"k1gdefn1sb00","6","FAAt701","BEA_API"
1997,31,"Buildings",127318,"k1gdefn1sb00","6","FAAt701","BEA_API"
1998,31,"Buildings",130720,"k1gdefn1sb00","6","FAAt701","BEA_API"
1999,31,"Buildings",135081,"k1gdefn1sb00","6","FAAt701","BEA_API"
2000,31,"Buildings",139169,"k1gdefn1sb00","6","FAAt701","BEA_API"
2001,31,"Buildings",143355,"k1gdefn1sb00","6","FAAt701","BEA_API"
2002,31,"Buildings",147295,"k1gdefn1sb00","6","FAAt701","BEA_API"
2003,31,"Buildings",152719,"k1gdefn1sb00","6","FAAt701","BEA_API"
2004,31,"Buildings",164936,"k1gdefn1sb00","6","FAAt701","BEA_API"
2005,31,"Buildings",177098,"k1gdefn1sb00","6","FAAt701","BEA_API"
2006,31,"Buildings",185445,"k1gdefn1sb00","6","FAAt701","BEA_API"
2007,31,"Buildings",185973,"k1gdefn1sb00","6","FAAt701","BEA_API"
2008,31,"Buildings",182083,"k1gdefn1sb00","6","FAAt701","BEA_API"
2009,31,"Buildings",173711,"k1gdefn1sb00","6","FAAt701","BEA_API"
2010,31,"Buildings",172235,"k1gdefn1sb00","6","FAAt701","BEA_API"
2011,31,"Buildings",173282,"k1gdefn1sb00","6","FAAt701","BEA_API"
2012,31,"Buildings",176291,"k1gdefn1sb00","6","FAAt701","BEA_API"
2013,31,"Buildings",182130,"k1gdefn1sb00","6","FAAt701","BEA_API"
2014,31,"Buildings",184759,"k1gdefn1sb00","6","FAAt701","BEA_API"
2015,31,"Buildings",186165,"k1gdefn1sb00","6","FAAt701","BEA_API"
2016,31,"Buildings",194024,"k1gdefn1sb00","6","FAAt701","BEA_API"
2017,31,"Buildings",198297,"k1gdefn1sb00","6","FAAt701","BEA_API"
2018,31,"Buildings",205132,"k1gdefn1sb00","6","FAAt701","BEA_API"
2019,31,"Buildings",208790,"k1gdefn1sb00","6","FAAt701","BEA_API"
2020,31,"Buildings",216956,"k1gdefn1sb00","6","FAAt701","BEA_API"
2021,31,"Buildings",245355,"k1gdefn1sb00","6","FAAt701","BEA_API"
2022,31,"Buildings",268161,"k1gdefn1sb00","6","FAAt701","BEA_API"
2023,31,"Buildings",270228,"k1gdefn1sb00","6","FAAt701","BEA_API"
2024,31,"Buildings",273064,"k1gdefn1sb00","6","FAAt701","BEA_API"
1925,32,"Residential",0,"k1gdefn1sb10","6","FAAt701","BEA_API"
1926,32,"Residential",0,"k1gdefn1sb10","6","FAAt701","BEA_API"
1927,32,"Residential",0,"k1gdefn1sb10","6","FAAt701","BEA_API"
1928,32,"Residential",0,"k1gdefn1sb10","6","FAAt701","BEA_API"
1929,32,"Residential",0,"k1gdefn1sb10","6","FAAt701","BEA_API"
1930,32,"Residential",0,"k1gdefn1sb10","6","FAAt701","BEA_API"
1931,32,"Residential",0,"k1gdefn1sb10","6","FAAt701","BEA_API"
1932,32,"Residential",0,"k1gdefn1sb10","6","FAAt701","BEA_API"
1933,32,"Residential",0,"k1gdefn1sb10","6","FAAt701","BEA_API"
1934,32,"Residential",1,"k1gdefn1sb10","6","FAAt701","BEA_API"
1935,32,"Residential",13,"k1gdefn1sb10","6","FAAt701","BEA_API"
1936,32,"Residential",101,"k1gdefn1sb10","6","FAAt701","BEA_API"
1937,32,"Residential",223,"k1gdefn1sb10","6","FAAt701","BEA_API"
1938,32,"Residential",255,"k1gdefn1sb10","6","FAAt701","BEA_API"
1939,32,"Residential",259,"k1gdefn1sb10","6","FAAt701","BEA_API"
1940,32,"Residential",265,"k1gdefn1sb10","6","FAAt701","BEA_API"
1941,32,"Residential",612,"k1gdefn1sb10","6","FAAt701","BEA_API"
1942,32,"Residential",1191,"k1gdefn1sb10","6","FAAt701","BEA_API"
1943,32,"Residential",2183,"k1gdefn1sb10","6","FAAt701","BEA_API"
1944,32,"Residential",2470,"k1gdefn1sb10","6","FAAt701","BEA_API"
1945,32,"Residential",2614,"k1gdefn1sb10","6","FAAt701","BEA_API"
1946,32,"Residential",3104,"k1gdefn1sb10","6","FAAt701","BEA_API"
1947,32,"Residential",3958,"k1gdefn1sb10","6","FAAt701","BEA_API"
1948,32,"Residential",3189,"k1gdefn1sb10","6","FAAt701","BEA_API"
1949,32,"Residential",3066,"k1gdefn1sb10","6","FAAt701","BEA_API"
1950,32,"Residential",3789,"k1gdefn1sb10","6","FAAt701","BEA_API"
1951,32,"Residential",4659,"k1gdefn1sb10","6","FAAt701","BEA_API"
1952,32,"Residential",3492,"k1gdefn1sb10","6","FAAt701","BEA_API"
1953,32,"Residential",3438,"k1gdefn1sb10","6","FAAt701","BEA_API"
1954,32,"Residential",5745,"k1gdefn1sb10","6","FAAt701","BEA_API"
1955,32,"Residential",2476,"k1gdefn1sb10","6","FAAt701","BEA_API"
1956,32,"Residential",3524,"k1gdefn1sb10","6","FAAt701","BEA_API"
1957,32,"Residential",3677,"k1gdefn1sb10","6","FAAt701","BEA_API"
1958,32,"Residential",4004,"k1gdefn1sb10","6","FAAt701","BEA_API"
1959,32,"Residential",4462,"k1gdefn1sb10","6","FAAt701","BEA_API"
1960,32,"Residential",4712,"k1gdefn1sb10","6","FAAt701","BEA_API"
1961,32,"Residential",4936,"k1gdefn1sb10","6","FAAt701","BEA_API"
1962,32,"Residential",5089,"k1gdefn1sb10","6","FAAt701","BEA_API"
1963,32,"Residential",5076,"k1gdefn1sb10","6","FAAt701","BEA_API"
1964,32,"Residential",5267,"k1gdefn1sb10","6","FAAt701","BEA_API"
1965,32,"Residential",5423,"k1gdefn1sb10","6","FAAt701","BEA_API"
1966,32,"Residential",5515,"k1gdefn1sb10","6","FAAt701","BEA_API"
1967,32,"Residential",5415,"k1gdefn1sb10","6","FAAt701","BEA_API"
1968,32,"Residential",5847,"k1gdefn1sb10","6","FAAt701","BEA_API"
1969,32,"Residential",6302,"k1gdefn1sb10","6","FAAt701","BEA_API"
1970,32,"Residential",6419,"k1gdefn1sb10","6","FAAt701","BEA_API"
1971,32,"Residential",6952,"k1gdefn1sb10","6","FAAt701","BEA_API"
1972,32,"Residential",7979,"k1gdefn1sb10","6","FAAt701","BEA_API"
1973,32,"Residential",8761,"k1gdefn1sb10","6","FAAt701","BEA_API"
1974,32,"Residential",9442,"k1gdefn1sb10","6","FAAt701","BEA_API"
1975,32,"Residential",10451,"k1gdefn1sb10","6","FAAt701","BEA_API"
1976,32,"Residential",12007,"k1gdefn1sb10","6","FAAt701","BEA_API"
1977,32,"Residential",13666,"k1gdefn1sb10","6","FAAt701","BEA_API"
1978,32,"Residential",16477,"k1gdefn1sb10","6","FAAt701","BEA_API"
1979,32,"Residential",21072,"k1gdefn1sb10","6","FAAt701","BEA_API"
1980,32,"Residential",21455,"k1gdefn1sb10","6","FAAt701","BEA_API"
1981,32,"Residential",24381,"k1gdefn1sb10","6","FAAt701","BEA_API"
1982,32,"Residential",26506,"k1gdefn1sb10","6","FAAt701","BEA_API"
1983,32,"Residential",34454,"k1gdefn1sb10","6","FAAt701","BEA_API"
1984,32,"Residential",34713,"k1gdefn1sb10","6","FAAt701","BEA_API"
1985,32,"Residential",32426,"k1gdefn1sb10","6","FAAt701","BEA_API"
1986,32,"Residential",30783,"k1gdefn1sb10","6","FAAt701","BEA_API"
1987,32,"Residential",35808,"k1gdefn1sb10","6","FAAt701","BEA_API"
1988,32,"Residential",46525,"k1gdefn1sb10","6","FAAt701","BEA_API"
1989,32,"Residential",50676,"k1gdefn1sb10","6","FAAt701","BEA_API"
1990,32,"Residential",51680,"k1gdefn1sb10","6","FAAt701","BEA_API"
1991,32,"Residential",50357,"k1gdefn1sb10","6","FAAt701","BEA_API"
1992,32,"Residential",52683,"k1gdefn1sb10","6","FAAt701","BEA_API"
1993,32,"Residential",56405,"k1gdefn1sb10","6","FAAt701","BEA_API"
1994,32,"Residential",59873,"k1gdefn1sb10","6","FAAt701","BEA_API"
1995,32,"Residential",61623,"k1gdefn1sb10","6","FAAt701","BEA_API"
1996,32,"Residential",63759,"k1gdefn1sb10","6","FAAt701","BEA_API"
1997,32,"Residential",66021,"k1gdefn1sb10","6","FAAt701","BEA_API"
1998,32,"Residential",68686,"k1gdefn1sb10","6","FAAt701","BEA_API"
1999,32,"Residential",72197,"k1gdefn1sb10","6","FAAt701","BEA_API"
2000,32,"Residential",75254,"k1gdefn1sb10","6","FAAt701","BEA_API"
2001,32,"Residential",79138,"k1gdefn1sb10","6","FAAt701","BEA_API"
2002,32,"Residential",82470,"k1gdefn1sb10","6","FAAt701","BEA_API"
2003,32,"Residential",87467,"k1gdefn1sb10","6","FAAt701","BEA_API"
2004,32,"Residential",95011,"k1gdefn1sb10","6","FAAt701","BEA_API"
2005,32,"Residential",103046,"k1gdefn1sb10","6","FAAt701","BEA_API"
2006,32,"Residential",106792,"k1gdefn1sb10","6","FAAt701","BEA_API"
2007,32,"Residential",105225,"k1gdefn1sb10","6","FAAt701","BEA_API"
2008,32,"Residential",101641,"k1gdefn1sb10","6","FAAt701","BEA_API"
2009,32,"Residential",98474,"k1gdefn1sb10","6","FAAt701","BEA_API"
2010,32,"Residential",98301,"k1gdefn1sb10","6","FAAt701","BEA_API"
2011,32,"Residential",98769,"k1gdefn1sb10","6","FAAt701","BEA_API"
2012,32,"Residential",101143,"k1gdefn1sb10","6","FAAt701","BEA_API"
2013,32,"Residential",105091,"k1gdefn1sb10","6","FAAt701","BEA_API"
2014,32,"Residential",107129,"k1gdefn1sb10","6","FAAt701","BEA_API"
2015,32,"Residential",108421,"k1gdefn1sb10","6","FAAt701","BEA_API"
2016,32,"Residential",114123,"k1gdefn1sb10","6","FAAt701","BEA_API"
2017,32,"Residential",116678,"k1gdefn1sb10","6","FAAt701","BEA_API"
2018,32,"Residential",121064,"k1gdefn1sb10","6","FAAt701","BEA_API"
2019,32,"Residential",123154,"k1gdefn1sb10","6","FAAt701","BEA_API"
2020,32,"Residential",129882,"k1gdefn1sb10","6","FAAt701","BEA_API"
2021,32,"Residential",150319,"k1gdefn1sb10","6","FAAt701","BEA_API"
2022,32,"Residential",166077,"k1gdefn1sb10","6","FAAt701","BEA_API"
2023,32,"Residential",164915,"k1gdefn1sb10","6","FAAt701","BEA_API"
2024,32,"Residential",165254,"k1gdefn1sb10","6","FAAt701","BEA_API"
1925,33,"Industrial",0,"k1gdefn1sb20","6","FAAt701","BEA_API"
1926,33,"Industrial",0,"k1gdefn1sb20","6","FAAt701","BEA_API"
1927,33,"Industrial",0,"k1gdefn1sb20","6","FAAt701","BEA_API"
1928,33,"Industrial",0,"k1gdefn1sb20","6","FAAt701","BEA_API"
1929,33,"Industrial",0,"k1gdefn1sb20","6","FAAt701","BEA_API"
1930,33,"Industrial",0,"k1gdefn1sb20","6","FAAt701","BEA_API"
1931,33,"Industrial",0,"k1gdefn1sb20","6","FAAt701","BEA_API"
1932,33,"Industrial",0,"k1gdefn1sb20","6","FAAt701","BEA_API"
1933,33,"Industrial",3,"k1gdefn1sb20","6","FAAt701","BEA_API"
1934,33,"Industrial",20,"k1gdefn1sb20","6","FAAt701","BEA_API"
1935,33,"Industrial",25,"k1gdefn1sb20","6","FAAt701","BEA_API"
1936,33,"Industrial",78,"k1gdefn1sb20","6","FAAt701","BEA_API"
1937,33,"Industrial",133,"k1gdefn1sb20","6","FAAt701","BEA_API"
1938,33,"Industrial",188,"k1gdefn1sb20","6","FAAt701","BEA_API"
1939,33,"Industrial",212,"k1gdefn1sb20","6","FAAt701","BEA_API"
1940,33,"Industrial",438,"k1gdefn1sb20","6","FAAt701","BEA_API"
1941,33,"Industrial",2415,"k1gdefn1sb20","6","FAAt701","BEA_API"
1942,33,"Industrial",7617,"k1gdefn1sb20","6","FAAt701","BEA_API"
1943,33,"Industrial",10058,"k1gdefn1sb20","6","FAAt701","BEA_API"
1944,33,"Industrial",11425,"k1gdefn1sb20","6","FAAt701","BEA_API"
1945,33,"Industrial",13699,"k1gdefn1sb20","6","FAAt701","BEA_API"
1946,33,"Industrial",13468,"k1gdefn1sb20","6","FAAt701","BEA_API"
1947,33,"Industrial",12541,"k1gdefn1sb20","6","FAAt701","BEA_API"
1948,33,"Industrial",13229,"k1gdefn1sb20","6","FAAt701","BEA_API"
1949,33,"Industrial",12578,"k1gdefn1sb20","6","FAAt701","BEA_API"
1950,33,"Industrial",12679,"k1gdefn1sb20","6","FAAt701","BEA_API"
1951,33,"Industrial",14698,"k1gdefn1sb20","6","FAAt701","BEA_API"
1952,33,"Industrial",16118,"k1gdefn1sb20","6","FAAt701","BEA_API"
1953,33,"Industrial",17198,"k1gdefn1sb20","6","FAAt701","BEA_API"
1954,33,"Industrial",18042,"k1gdefn1sb20","6","FAAt701","BEA_API"
1955,33,"Industrial",19007,"k1gdefn1sb20","6","FAAt701","BEA_API"
1956,33,"Industrial",20576,"k1gdefn1sb20","6","FAAt701","BEA_API"
1957,33,"Industrial",22023,"k1gdefn1sb20","6","FAAt701","BEA_API"
1958,33,"Industrial",22326,"k1gdefn1sb20","6","FAAt701","BEA_API"
1959,33,"Industrial",20419,"k1gdefn1sb20","6","FAAt701","BEA_API"
1960,33,"Industrial",19713,"k1gdefn1sb20","6","FAAt701","BEA_API"
1961,33,"Industrial",19973,"k1gdefn1sb20","6","FAAt701","BEA_API"
1962,33,"Industrial",19647,"k1gdefn1sb20","6","FAAt701","BEA_API"
1963,33,"Industrial",19785,"k1gdefn1sb20","6","FAAt701","BEA_API"
1964,33,"Industrial",19589,"k1gdefn1sb20","6","FAAt701","BEA_API"
1965,33,"Industrial",20716,"k1gdefn1sb20","6","FAAt701","BEA_API"
1966,33,"Industrial",21155,"k1gdefn1sb20","6","FAAt701","BEA_API"
1967,33,"Industrial",22797,"k1gdefn1sb20","6","FAAt701","BEA_API"
1968,33,"Industrial",22861,"k1gdefn1sb20","6","FAAt701","BEA_API"
1969,33,"Industrial",24466,"k1gdefn1sb20","6","FAAt701","BEA_API"
1970,33,"Industrial",25778,"k1gdefn1sb20","6","FAAt701","BEA_API"
1971,33,"Industrial",28025,"k1gdefn1sb20","6","FAAt701","BEA_API"
1972,33,"Industrial",27921,"k1gdefn1sb20","6","FAAt701","BEA_API"
1973,33,"Industrial",30463,"k1gdefn1sb20","6","FAAt701","BEA_API"
1974,33,"Industrial",36349,"k1gdefn1sb20","6","FAAt701","BEA_API"
1975,33,"Industrial",34911,"k1gdefn1sb20","6","FAAt701","BEA_API"
1976,33,"Industrial",34880,"k1gdefn1sb20","6","FAAt701","BEA_API"
1977,33,"Industrial",35709,"k1gdefn1sb20","6","FAAt701","BEA_API"
1978,33,"Industrial",37396,"k1gdefn1sb20","6","FAAt701","BEA_API"
1979,33,"Industrial",41133,"k1gdefn1sb20","6","FAAt701","BEA_API"
1980,33,"Industrial",45901,"k1gdefn1sb20","6","FAAt701","BEA_API"
1981,33,"Industrial",49443,"k1gdefn1sb20","6","FAAt701","BEA_API"
1982,33,"Industrial",50540,"k1gdefn1sb20","6","FAAt701","BEA_API"
1983,33,"Industrial",49865,"k1gdefn1sb20","6","FAAt701","BEA_API"
1984,33,"Industrial",50056,"k1gdefn1sb20","6","FAAt701","BEA_API"
1985,33,"Industrial",50838,"k1gdefn1sb20","6","FAAt701","BEA_API"
1986,33,"Industrial",52162,"k1gdefn1sb20","6","FAAt701","BEA_API"
1987,33,"Industrial",53834,"k1gdefn1sb20","6","FAAt701","BEA_API"
1988,33,"Industrial",54655,"k1gdefn1sb20","6","FAAt701","BEA_API"
1989,33,"Industrial",56141,"k1gdefn1sb20","6","FAAt701","BEA_API"
1990,33,"Industrial",57550,"k1gdefn1sb20","6","FAAt701","BEA_API"
1991,33,"Industrial",57411,"k1gdefn1sb20","6","FAAt701","BEA_API"
1992,33,"Industrial",57432,"k1gdefn1sb20","6","FAAt701","BEA_API"
1993,33,"Industrial",57280,"k1gdefn1sb20","6","FAAt701","BEA_API"
1994,33,"Industrial",58205,"k1gdefn1sb20","6","FAAt701","BEA_API"
1995,33,"Industrial",59156,"k1gdefn1sb20","6","FAAt701","BEA_API"
1996,33,"Industrial",60108,"k1gdefn1sb20","6","FAAt701","BEA_API"
1997,33,"Industrial",61297,"k1gdefn1sb20","6","FAAt701","BEA_API"
1998,33,"Industrial",62033,"k1gdefn1sb20","6","FAAt701","BEA_API"
1999,33,"Industrial",62883,"k1gdefn1sb20","6","FAAt701","BEA_API"
2000,33,"Industrial",63915,"k1gdefn1sb20","6","FAAt701","BEA_API"
2001,33,"Industrial",64218,"k1gdefn1sb20","6","FAAt701","BEA_API"
2002,33,"Industrial",64824,"k1gdefn1sb20","6","FAAt701","BEA_API"
2003,33,"Industrial",65251,"k1gdefn1sb20","6","FAAt701","BEA_API"
2004,33,"Industrial",69924,"k1gdefn1sb20","6","FAAt701","BEA_API"
2005,33,"Industrial",74052,"k1gdefn1sb20","6","FAAt701","BEA_API"
2006,33,"Industrial",78653,"k1gdefn1sb20","6","FAAt701","BEA_API"
2007,33,"Industrial",80748,"k1gdefn1sb20","6","FAAt701","BEA_API"
2008,33,"Industrial",80442,"k1gdefn1sb20","6","FAAt701","BEA_API"
2009,33,"Industrial",75238,"k1gdefn1sb20","6","FAAt701","BEA_API"
2010,33,"Industrial",73933,"k1gdefn1sb20","6","FAAt701","BEA_API"
2011,33,"Industrial",74513,"k1gdefn1sb20","6","FAAt701","BEA_API"
2012,33,"Industrial",75149,"k1gdefn1sb20","6","FAAt701","BEA_API"
2013,33,"Industrial",77039,"k1gdefn1sb20","6","FAAt701","BEA_API"
2014,33,"Industrial",77630,"k1gdefn1sb20","6","FAAt701","BEA_API"
2015,33,"Industrial",77846,"k1gdefn1sb20","6","FAAt701","BEA_API"
2016,33,"Industrial",80073,"k1gdefn1sb20","6","FAAt701","BEA_API"
2017,33,"Industrial",81914,"k1gdefn1sb20","6","FAAt701","BEA_API"
2018,33,"Industrial",84461,"k1gdefn1sb20","6","FAAt701","BEA_API"
2019,33,"Industrial",86063,"k1gdefn1sb20","6","FAAt701","BEA_API"
2020,33,"Industrial",87584,"k1gdefn1sb20","6","FAAt701","BEA_API"
2021,33,"Industrial",95651,"k1gdefn1sb20","6","FAAt701","BEA_API"
2022,33,"Industrial",102802,"k1gdefn1sb20","6","FAAt701","BEA_API"
2023,33,"Industrial",106089,"k1gdefn1sb20","6","FAAt701","BEA_API"
2024,33,"Industrial",108660,"k1gdefn1sb20","6","FAAt701","BEA_API"
1925,34,"Military facilities",4448,"k1gdefn1sm00","6","FAAt701","BEA_API"
1926,34,"Military facilities",4426,"k1gdefn1sm00","6","FAAt701","BEA_API"
1927,34,"Military facilities",4310,"k1gdefn1sm00","6","FAAt701","BEA_API"
1928,34,"Military facilities",4063,"k1gdefn1sm00","6","FAAt701","BEA_API"
1929,34,"Military facilities",4708,"k1gdefn1sm00","6","FAAt701","BEA_API"
1930,34,"Military facilities",4315,"k1gdefn1sm00","6","FAAt701","BEA_API"
1931,34,"Military facilities",3785,"k1gdefn1sm00","6","FAAt701","BEA_API"
1932,34,"Military facilities",3568,"k1gdefn1sm00","6","FAAt701","BEA_API"
1933,34,"Military facilities",3885,"k1gdefn1sm00","6","FAAt701","BEA_API"
1934,34,"Military facilities",4074,"k1gdefn1sm00","6","FAAt701","BEA_API"
1935,34,"Military facilities",4187,"k1gdefn1sm00","6","FAAt701","BEA_API"
1936,34,"Military facilities",4450,"k1gdefn1sm00","6","FAAt701","BEA_API"
1937,34,"Military facilities",4566,"k1gdefn1sm00","6","FAAt701","BEA_API"
1938,34,"Military facilities",4587,"k1gdefn1sm00","6","FAAt701","BEA_API"
1939,34,"Military facilities",4739,"k1gdefn1sm00","6","FAAt701","BEA_API"
1940,34,"Military facilities",5513,"k1gdefn1sm00","6","FAAt701","BEA_API"
1941,34,"Military facilities",9015,"k1gdefn1sm00","6","FAAt701","BEA_API"
1942,34,"Military facilities",18502,"k1gdefn1sm00","6","FAAt701","BEA_API"
1943,34,"Military facilities",22549,"k1gdefn1sm00","6","FAAt701","BEA_API"
1944,34,"Military facilities",23106,"k1gdefn1sm00","6","FAAt701","BEA_API"
1945,34,"Military facilities",25943,"k1gdefn1sm00","6","FAAt701","BEA_API"
1946,34,"Military facilities",27108,"k1gdefn1sm00","6","FAAt701","BEA_API"
1947,34,"Military facilities",27246,"k1gdefn1sm00","6","FAAt701","BEA_API"
1948,34,"Military facilities",27461,"k1gdefn1sm00","6","FAAt701","BEA_API"
1949,34,"Military facilities",25604,"k1gdefn1sm00","6","FAAt701","BEA_API"
1950,34,"Military facilities",28047,"k1gdefn1sm00","6","FAAt701","BEA_API"
1951,34,"Military facilities",31928,"k1gdefn1sm00","6","FAAt701","BEA_API"
1952,34,"Military facilities",33593,"k1gdefn1sm00","6","FAAt701","BEA_API"
1953,34,"Military facilities",32677,"k1gdefn1sm00","6","FAAt701","BEA_API"
1954,34,"Military facilities",33027,"k1gdefn1sm00","6","FAAt701","BEA_API"
1955,34,"Military facilities",35377,"k1gdefn1sm00","6","FAAt701","BEA_API"
1956,34,"Military facilities",39049,"k1gdefn1sm00","6","FAAt701","BEA_API"
1957,34,"Military facilities",39927,"k1gdefn1sm00","6","FAAt701","BEA_API"
1958,34,"Military facilities",43091,"k1gdefn1sm00","6","FAAt701","BEA_API"
1959,34,"Military facilities",43417,"k1gdefn1sm00","6","FAAt701","BEA_API"
1960,34,"Military facilities",44343,"k1gdefn1sm00","6","FAAt701","BEA_API"
1961,34,"Military facilities",45645,"k1gdefn1sm00","6","FAAt701","BEA_API"
1962,34,"Military facilities",47306,"k1gdefn1sm00","6","FAAt701","BEA_API"
1963,34,"Military facilities",48074,"k1gdefn1sm00","6","FAAt701","BEA_API"
1964,34,"Military facilities",49219,"k1gdefn1sm00","6","FAAt701","BEA_API"
1965,34,"Military facilities",49389,"k1gdefn1sm00","6","FAAt701","BEA_API"
1966,34,"Military facilities",51462,"k1gdefn1sm00","6","FAAt701","BEA_API"
1967,34,"Military facilities",55383,"k1gdefn1sm00","6","FAAt701","BEA_API"
1968,34,"Military facilities",59171,"k1gdefn1sm00","6","FAAt701","BEA_API"
1969,34,"Military facilities",63297,"k1gdefn1sm00","6","FAAt701","BEA_API"
1970,34,"Military facilities",69895,"k1gdefn1sm00","6","FAAt701","BEA_API"
1971,34,"Military facilities",74944,"k1gdefn1sm00","6","FAAt701","BEA_API"
1972,34,"Military facilities",90853,"k1gdefn1sm00","6","FAAt701","BEA_API"
1973,34,"Military facilities",107050,"k1gdefn1sm00","6","FAAt701","BEA_API"
1974,34,"Military facilities",129119,"k1gdefn1sm00","6","FAAt701","BEA_API"
1975,34,"Military facilities",129726,"k1gdefn1sm00","6","FAAt701","BEA_API"
1976,34,"Military facilities",145265,"k1gdefn1sm00","6","FAAt701","BEA_API"
1977,34,"Military facilities",142904,"k1gdefn1sm00","6","FAAt701","BEA_API"
1978,34,"Military facilities",155151,"k1gdefn1sm00","6","FAAt701","BEA_API"
1979,34,"Military facilities",175877,"k1gdefn1sm00","6","FAAt701","BEA_API"
1980,34,"Military facilities",192623,"k1gdefn1sm00","6","FAAt701","BEA_API"
1981,34,"Military facilities",188242,"k1gdefn1sm00","6","FAAt701","BEA_API"
1982,34,"Military facilities",190085,"k1gdefn1sm00","6","FAAt701","BEA_API"
1983,34,"Military facilities",189356,"k1gdefn1sm00","6","FAAt701","BEA_API"
1984,34,"Military facilities",202211,"k1gdefn1sm00","6","FAAt701","BEA_API"
1985,34,"Military facilities",212228,"k1gdefn1sm00","6","FAAt701","BEA_API"
1986,34,"Military facilities",227303,"k1gdefn1sm00","6","FAAt701","BEA_API"
1987,34,"Military facilities",227092,"k1gdefn1sm00","6","FAAt701","BEA_API"
1988,34,"Military facilities",236517,"k1gdefn1sm00","6","FAAt701","BEA_API"
1989,34,"Military facilities",245437,"k1gdefn1sm00","6","FAAt701","BEA_API"
1990,34,"Military facilities",249053,"k1gdefn1sm00","6","FAAt701","BEA_API"
1991,34,"Military facilities",261217,"k1gdefn1sm00","6","FAAt701","BEA_API"
1992,34,"Military facilities",276327,"k1gdefn1sm00","6","FAAt701","BEA_API"
1993,34,"Military facilities",284930,"k1gdefn1sm00","6","FAAt701","BEA_API"
1994,34,"Military facilities",296286,"k1gdefn1sm00","6","FAAt701","BEA_API"
1995,34,"Military facilities",306214,"k1gdefn1sm00","6","FAAt701","BEA_API"
1996,34,"Military facilities",312120,"k1gdefn1sm00","6","FAAt701","BEA_API"
1997,34,"Military facilities",321533,"k1gdefn1sm00","6","FAAt701","BEA_API"
1998,34,"Military facilities",328858,"k1gdefn1sm00","6","FAAt701","BEA_API"
1999,34,"Military facilities",340259,"k1gdefn1sm00","6","FAAt701","BEA_API"
2000,34,"Military facilities",353095,"k1gdefn1sm00","6","FAAt701","BEA_API"
2001,34,"Military facilities",360821,"k1gdefn1sm00","6","FAAt701","BEA_API"
2002,34,"Military facilities",367454,"k1gdefn1sm00","6","FAAt701","BEA_API"
2003,34,"Military facilities",372167,"k1gdefn1sm00","6","FAAt701","BEA_API"
2004,34,"Military facilities",406174,"k1gdefn1sm00","6","FAAt701","BEA_API"
2005,34,"Military facilities",440550,"k1gdefn1sm00","6","FAAt701","BEA_API"
2006,34,"Military facilities",480510,"k1gdefn1sm00","6","FAAt701","BEA_API"
2007,34,"Military facilities",510631,"k1gdefn1sm00","6","FAAt701","BEA_API"
2008,34,"Military facilities",532647,"k1gdefn1sm00","6","FAAt701","BEA_API"
2009,34,"Military facilities",522634,"k1gdefn1sm00","6","FAAt701","BEA_API"
2010,34,"Military facilities",536019,"k1gdefn1sm00","6","FAAt701","BEA_API"
2011,34,"Military facilities",558467,"k1gdefn1sm00","6","FAAt701","BEA_API"
2012,34,"Military facilities",568865,"k1gdefn1sm00","6","FAAt701","BEA_API"
2013,34,"Military facilities",583996,"k1gdefn1sm00","6","FAAt701","BEA_API"
2014,34,"Military facilities",590593,"k1gdefn1sm00","6","FAAt701","BEA_API"
2015,34,"Military facilities",590530,"k1gdefn1sm00","6","FAAt701","BEA_API"
2016,34,"Military facilities",604998,"k1gdefn1sm00","6","FAAt701","BEA_API"
2017,34,"Military facilities",621089,"k1gdefn1sm00","6","FAAt701","BEA_API"
2018,34,"Military facilities",636270,"k1gdefn1sm00","6","FAAt701","BEA_API"
2019,34,"Military facilities",641523,"k1gdefn1sm00","6","FAAt701","BEA_API"
2020,34,"Military facilities",667274,"k1gdefn1sm00","6","FAAt701","BEA_API"
2021,34,"Military facilities",740944,"k1gdefn1sm00","6","FAAt701","BEA_API"
2022,34,"Military facilities",789358,"k1gdefn1sm00","6","FAAt701","BEA_API"
2023,34,"Military facilities",804173,"k1gdefn1sm00","6","FAAt701","BEA_API"
2024,34,"Military facilities",817401,"k1gdefn1sm00","6","FAAt701","BEA_API"
1929,35,"Intellectual property products",15,"k1gdefn1ip00","6","FAAt701","BEA_API"
1930,35,"Intellectual property products",36,"k1gdefn1ip00","6","FAAt701","BEA_API"
1931,35,"Intellectual property products",52,"k1gdefn1ip00","6","FAAt701","BEA_API"
1932,35,"Intellectual property products",73,"k1gdefn1ip00","6","FAAt701","BEA_API"
1933,35,"Intellectual property products",91,"k1gdefn1ip00","6","FAAt701","BEA_API"
1934,35,"Intellectual property products",95,"k1gdefn1ip00","6","FAAt701","BEA_API"
1935,35,"Intellectual property products",101,"k1gdefn1ip00","6","FAAt701","BEA_API"
1936,35,"Intellectual property products",116,"k1gdefn1ip00","6","FAAt701","BEA_API"
1937,35,"Intellectual property products",124,"k1gdefn1ip00","6","FAAt701","BEA_API"
1938,35,"Intellectual property products",129,"k1gdefn1ip00","6","FAAt701","BEA_API"
1939,35,"Intellectual property products",135,"k1gdefn1ip00","6","FAAt701","BEA_API"
1940,35,"Intellectual property products",140,"k1gdefn1ip00","6","FAAt701","BEA_API"
1941,35,"Intellectual property products",326,"k1gdefn1ip00","6","FAAt701","BEA_API"
1942,35,"Intellectual property products",656,"k1gdefn1ip00","6","FAAt701","BEA_API"
1943,35,"Intellectual property products",1354,"k1gdefn1ip00","6","FAAt701","BEA_API"
1944,35,"Intellectual property products",2406,"k1gdefn1ip00","6","FAAt701","BEA_API"
1945,35,"Intellectual property products",3177,"k1gdefn1ip00","6","FAAt701","BEA_API"
1946,35,"Intellectual property products",3832,"k1gdefn1ip00","6","FAAt701","BEA_API"
1947,35,"Intellectual property products",4294,"k1gdefn1ip00","6","FAAt701","BEA_API"
1948,35,"Intellectual property products",4786,"k1gdefn1ip00","6","FAAt701","BEA_API"
1949,35,"Intellectual property products",5162,"k1gdefn1ip00","6","FAAt701","BEA_API"
1950,35,"Intellectual property products",5686,"k1gdefn1ip00","6","FAAt701","BEA_API"
1951,35,"Intellectual property products",6318,"k1gdefn1ip00","6","FAAt701","BEA_API"
1952,35,"Intellectual property products",6921,"k1gdefn1ip00","6","FAAt701","BEA_API"
1953,35,"Intellectual property products",7722,"k1gdefn1ip00","6","FAAt701","BEA_API"
1954,35,"Intellectual property products",8719,"k1gdefn1ip00","6","FAAt701","BEA_API"
1955,35,"Intellectual property products",10158,"k1gdefn1ip00","6","FAAt701","BEA_API"
1956,35,"Intellectual property products",12289,"k1gdefn1ip00","6","FAAt701","BEA_API"
1957,35,"Intellectual property products",14777,"k1gdefn1ip00","6","FAAt701","BEA_API"
1958,35,"Intellectual property products",17045,"k1gdefn1ip00","6","FAAt701","BEA_API"
1959,35,"Intellectual property products",19210,"k1gdefn1ip00","6","FAAt701","BEA_API"
1960,35,"Intellectual property products",21161,"k1gdefn1ip00","6","FAAt701","BEA_API"
1961,35,"Intellectual property products",23240,"k1gdefn1ip00","6","FAAt701","BEA_API"
1962,35,"Intellectual property products",24939,"k1gdefn1ip00","6","FAAt701","BEA_API"
1963,35,"Intellectual property products",26733,"k1gdefn1ip00","6","FAAt701","BEA_API"
1964,35,"Intellectual property products",28126,"k1gdefn1ip00","6","FAAt701","BEA_API"
1965,35,"Intellectual property products",28951,"k1gdefn1ip00","6","FAAt701","BEA_API"
1966,35,"Intellectual property products",29948,"k1gdefn1ip00","6","FAAt701","BEA_API"
1967,35,"Intellectual property products",31929,"k1gdefn1ip00","6","FAAt701","BEA_API"
1968,35,"Intellectual property products",33814,"k1gdefn1ip00","6","FAAt701","BEA_API"
1969,35,"Intellectual property products",36370,"k1gdefn1ip00","6","FAAt701","BEA_API"
1970,35,"Intellectual property products",38976,"k1gdefn1ip00","6","FAAt701","BEA_API"
1971,35,"Intellectual property products",40865,"k1gdefn1ip00","6","FAAt701","BEA_API"
1972,35,"Intellectual property products",43049,"k1gdefn1ip00","6","FAAt701","BEA_API"
1973,35,"Intellectual property products",46898,"k1gdefn1ip00","6","FAAt701","BEA_API"
1974,35,"Intellectual property products",51221,"k1gdefn1ip00","6","FAAt701","BEA_API"
1975,35,"Intellectual property products",53677,"k1gdefn1ip00","6","FAAt701","BEA_API"
1976,35,"Intellectual property products",56375,"k1gdefn1ip00","6","FAAt701","BEA_API"
1977,35,"Intellectual property products",59802,"k1gdefn1ip00","6","FAAt701","BEA_API"
1978,35,"Intellectual property products",64042,"k1gdefn1ip00","6","FAAt701","BEA_API"
1979,35,"Intellectual property products",70304,"k1gdefn1ip00","6","FAAt701","BEA_API"
1980,35,"Intellectual property products",78588,"k1gdefn1ip00","6","FAAt701","BEA_API"
1981,35,"Intellectual property products",89096,"k1gdefn1ip00","6","FAAt701","BEA_API"
1982,35,"Intellectual property products",99375,"k1gdefn1ip00","6","FAAt701","BEA_API"
1983,35,"Intellectual property products",111340,"k1gdefn1ip00","6","FAAt701","BEA_API"
1984,35,"Intellectual property products",124892,"k1gdefn1ip00","6","FAAt701","BEA_API"
1985,35,"Intellectual property products",140811,"k1gdefn1ip00","6","FAAt701","BEA_API"
1986,35,"Intellectual property products",155168,"k1gdefn1ip00","6","FAAt701","BEA_API"
1987,35,"Intellectual property products",173868,"k1gdefn1ip00","6","FAAt701","BEA_API"
1988,35,"Intellectual property products",190004,"k1gdefn1ip00","6","FAAt701","BEA_API"
1989,35,"Intellectual property products",200169,"k1gdefn1ip00","6","FAAt701","BEA_API"
1990,35,"Intellectual property products",207330,"k1gdefn1ip00","6","FAAt701","BEA_API"
1991,35,"Intellectual property products",210050,"k1gdefn1ip00","6","FAAt701","BEA_API"
1992,35,"Intellectual property products",210105,"k1gdefn1ip00","6","FAAt701","BEA_API"
1993,35,"Intellectual property products",207181,"k1gdefn1ip00","6","FAAt701","BEA_API"
1994,35,"Intellectual property products",206690,"k1gdefn1ip00","6","FAAt701","BEA_API"
1995,35,"Intellectual property products",204910,"k1gdefn1ip00","6","FAAt701","BEA_API"
1996,35,"Intellectual property products",202029,"k1gdefn1ip00","6","FAAt701","BEA_API"
1997,35,"Intellectual property products",201160,"k1gdefn1ip00","6","FAAt701","BEA_API"
1998,35,"Intellectual property products",200344,"k1gdefn1ip00","6","FAAt701","BEA_API"
1999,35,"Intellectual property products",201263,"k1gdefn1ip00","6","FAAt701","BEA_API"
2000,35,"Intellectual property products",201413,"k1gdefn1ip00","6","FAAt701","BEA_API"
2001,35,"Intellectual property products",199022,"k1gdefn1ip00","6","FAAt701","BEA_API"
2002,35,"Intellectual property products",203445,"k1gdefn1ip00","6","FAAt701","BEA_API"
2003,35,"Intellectual property products",215982,"k1gdefn1ip00","6","FAAt701","BEA_API"
2004,35,"Intellectual property products",229245,"k1gdefn1ip00","6","FAAt701","BEA_API"
2005,35,"Intellectual property products",246178,"k1gdefn1ip00","6","FAAt701","BEA_API"
2006,35,"Intellectual property products",259790,"k1gdefn1ip00","6","FAAt701","BEA_API"
2007,35,"Intellectual property products",278165,"k1gdefn1ip00","6","FAAt701","BEA_API"
2008,35,"Intellectual property products",289706,"k1gdefn1ip00","6","FAAt701","BEA_API"
2009,35,"Intellectual property products",297271,"k1gdefn1ip00","6","FAAt701","BEA_API"
2010,35,"Intellectual property products",309826,"k1gdefn1ip00","6","FAAt701","BEA_API"
2011,35,"Intellectual property products",318174,"k1gdefn1ip00","6","FAAt701","BEA_API"
2012,35,"Intellectual property products",320741,"k1gdefn1ip00","6","FAAt701","BEA_API"
2013,35,"Intellectual property products",326671,"k1gdefn1ip00","6","FAAt701","BEA_API"
2014,35,"Intellectual property products",324252,"k1gdefn1ip00","6","FAAt701","BEA_API"
2015,35,"Intellectual property products",317897,"k1gdefn1ip00","6","FAAt701","BEA_API"
2016,35,"Intellectual property products",315987,"k1gdefn1ip00","6","FAAt701","BEA_API"
2017,35,"Intellectual property products",317579,"k1gdefn1ip00","6","FAAt701","BEA_API"
2018,35,"Intellectual property products",319832,"k1gdefn1ip00","6","FAAt701","BEA_API"
2019,35,"Intellectual property products",318440,"k1gdefn1ip00","6","FAAt701","BEA_API"
2020,35,"Intellectual property products",331536,"k1gdefn1ip00","6","FAAt701","BEA_API"
2021,35,"Intellectual property products",349855,"k1gdefn1ip00","6","FAAt701","BEA_API"
2022,35,"Intellectual property products",373961,"k1gdefn1ip00","6","FAAt701","BEA_API"
2023,35,"Intellectual property products",387591,"k1gdefn1ip00","6","FAAt701","BEA_API"
2024,35,"Intellectual property products",407622,"k1gdefn1ip00","6","FAAt701","BEA_API"
1960,36,"Software",15,"k1gdefn1ens0","6","FAAt701","BEA_API"
1961,36,"Software",20,"k1gdefn1ens0","6","FAAt701","BEA_API"
1962,36,"Software",29,"k1gdefn1ens0","6","FAAt701","BEA_API"
1963,36,"Software",46,"k1gdefn1ens0","6","FAAt701","BEA_API"
1964,36,"Software",62,"k1gdefn1ens0","6","FAAt701","BEA_API"
1965,36,"Software",80,"k1gdefn1ens0","6","FAAt701","BEA_API"
1966,36,"Software",117,"k1gdefn1ens0","6","FAAt701","BEA_API"
1967,36,"Software",156,"k1gdefn1ens0","6","FAAt701","BEA_API"
1968,36,"Software",201,"k1gdefn1ens0","6","FAAt701","BEA_API"
1969,36,"Software",265,"k1gdefn1ens0","6","FAAt701","BEA_API"
1970,36,"Software",366,"k1gdefn1ens0","6","FAAt701","BEA_API"
1971,36,"Software",447,"k1gdefn1ens0","6","FAAt701","BEA_API"
1972,36,"Software",532,"k1gdefn1ens0","6","FAAt701","BEA_API"
1973,36,"Software",658,"k1gdefn1ens0","6","FAAt701","BEA_API"
1974,36,"Software",843,"k1gdefn1ens0","6","FAAt701","BEA_API"
1975,36,"Software",1014,"k1gdefn1ens0","6","FAAt701","BEA_API"
1976,36,"Software",1167,"k1gdefn1ens0","6","FAAt701","BEA_API"
1977,36,"Software",1291,"k1gdefn1ens0","6","FAAt701","BEA_API"
1978,36,"Software",1475,"k1gdefn1ens0","6","FAAt701","BEA_API"
1979,36,"Software",1795,"k1gdefn1ens0","6","FAAt701","BEA_API"
1980,36,"Software",2169,"k1gdefn1ens0","6","FAAt701","BEA_API"
1981,36,"Software",2659,"k1gdefn1ens0","6","FAAt701","BEA_API"
1982,36,"Software",3078,"k1gdefn1ens0","6","FAAt701","BEA_API"
1983,36,"Software",3523,"k1gdefn1ens0","6","FAAt701","BEA_API"
1984,36,"Software",4338,"k1gdefn1ens0","6","FAAt701","BEA_API"
1985,36,"Software",5231,"k1gdefn1ens0","6","FAAt701","BEA_API"
1986,36,"Software",6293,"k1gdefn1ens0","6","FAAt701","BEA_API"
1987,36,"Software",7411,"k1gdefn1ens0","6","FAAt701","BEA_API"
1988,36,"Software",8705,"k1gdefn1ens0","6","FAAt701","BEA_API"
1989,36,"Software",9901,"k1gdefn1ens0","6","FAAt701","BEA_API"
1990,36,"Software",11307,"k1gdefn1ens0","6","FAAt701","BEA_API"
1991,36,"Software",12000,"k1gdefn1ens0","6","FAAt701","BEA_API"
1992,36,"Software",12814,"k1gdefn1ens0","6","FAAt701","BEA_API"
1993,36,"Software",13247,"k1gdefn1ens0","6","FAAt701","BEA_API"
1994,36,"Software",13365,"k1gdefn1ens0","6","FAAt701","BEA_API"
1995,36,"Software",13612,"k1gdefn1ens0","6","FAAt701","BEA_API"
1996,36,"Software",13485,"k1gdefn1ens0","6","FAAt701","BEA_API"
1997,36,"Software",13544,"k1gdefn1ens0","6","FAAt701","BEA_API"
1998,36,"Software",13937,"k1gdefn1ens0","6","FAAt701","BEA_API"
1999,36,"Software",14479,"k1gdefn1ens0","6","FAAt701","BEA_API"
2000,36,"Software",14832,"k1gdefn1ens0","6","FAAt701","BEA_API"
2001,36,"Software",14487,"k1gdefn1ens0","6","FAAt701","BEA_API"
2002,36,"Software",13847,"k1gdefn1ens0","6","FAAt701","BEA_API"
2003,36,"Software",13433,"k1gdefn1ens0","6","FAAt701","BEA_API"
2004,36,"Software",13396,"k1gdefn1ens0","6","FAAt701","BEA_API"
2005,36,"Software",13562,"k1gdefn1ens0","6","FAAt701","BEA_API"
2006,36,"Software",13838,"k1gdefn1ens0","6","FAAt701","BEA_API"
2007,36,"Software",14285,"k1gdefn1ens0","6","FAAt701","BEA_API"
2008,36,"Software",14882,"k1gdefn1ens0","6","FAAt701","BEA_API"
2009,36,"Software",14994,"k1gdefn1ens0","6","FAAt701","BEA_API"
2010,36,"Software",15577,"k1gdefn1ens0","6","FAAt701","BEA_API"
2011,36,"Software",16364,"k1gdefn1ens0","6","FAAt701","BEA_API"
2012,36,"Software",16784,"k1gdefn1ens0","6","FAAt701","BEA_API"
2013,36,"Software",18343,"k1gdefn1ens0","6","FAAt701","BEA_API"
2014,36,"Software",19685,"k1gdefn1ens0","6","FAAt701","BEA_API"
2015,36,"Software",20669,"k1gdefn1ens0","6","FAAt701","BEA_API"
2016,36,"Software",22106,"k1gdefn1ens0","6","FAAt701","BEA_API"
2017,36,"Software",24018,"k1gdefn1ens0","6","FAAt701","BEA_API"
2018,36,"Software",26160,"k1gdefn1ens0","6","FAAt701","BEA_API"
2019,36,"Software",28356,"k1gdefn1ens0","6","FAAt701","BEA_API"
2020,36,"Software",30480,"k1gdefn1ens0","6","FAAt701","BEA_API"
2021,36,"Software",33422,"k1gdefn1ens0","6","FAAt701","BEA_API"
2022,36,"Software",37219,"k1gdefn1ens0","6","FAAt701","BEA_API"
2023,36,"Software",40350,"k1gdefn1ens0","6","FAAt701","BEA_API"
2024,36,"Software",44825,"k1gdefn1ens0","6","FAAt701","BEA_API"
1929,37,"Research and development",15,"k1gdefn1rd00","6","FAAt701","BEA_API"
1930,37,"Research and development",36,"k1gdefn1rd00","6","FAAt701","BEA_API"
1931,37,"Research and development",52,"k1gdefn1rd00","6","FAAt701","BEA_API"
1932,37,"Research and development",73,"k1gdefn1rd00","6","FAAt701","BEA_API"
1933,37,"Research and development",91,"k1gdefn1rd00","6","FAAt701","BEA_API"
1934,37,"Research and development",95,"k1gdefn1rd00","6","FAAt701","BEA_API"
1935,37,"Research and development",101,"k1gdefn1rd00","6","FAAt701","BEA_API"
1936,37,"Research and development",116,"k1gdefn1rd00","6","FAAt701","BEA_API"
1937,37,"Research and development",124,"k1gdefn1rd00","6","FAAt701","BEA_API"
1938,37,"Research and development",129,"k1gdefn1rd00","6","FAAt701","BEA_API"
1939,37,"Research and development",135,"k1gdefn1rd00","6","FAAt701","BEA_API"
1940,37,"Research and development",140,"k1gdefn1rd00","6","FAAt701","BEA_API"
1941,37,"Research and development",326,"k1gdefn1rd00","6","FAAt701","BEA_API"
1942,37,"Research and development",656,"k1gdefn1rd00","6","FAAt701","BEA_API"
1943,37,"Research and development",1354,"k1gdefn1rd00","6","FAAt701","BEA_API"
1944,37,"Research and development",2406,"k1gdefn1rd00","6","FAAt701","BEA_API"
1945,37,"Research and development",3177,"k1gdefn1rd00","6","FAAt701","BEA_API"
1946,37,"Research and development",3832,"k1gdefn1rd00","6","FAAt701","BEA_API"
1947,37,"Research and development",4294,"k1gdefn1rd00","6","FAAt701","BEA_API"
1948,37,"Research and development",4786,"k1gdefn1rd00","6","FAAt701","BEA_API"
1949,37,"Research and development",5162,"k1gdefn1rd00","6","FAAt701","BEA_API"
1950,37,"Research and development",5686,"k1gdefn1rd00","6","FAAt701","BEA_API"
1951,37,"Research and development",6318,"k1gdefn1rd00","6","FAAt701","BEA_API"
1952,37,"Research and development",6921,"k1gdefn1rd00","6","FAAt701","BEA_API"
1953,37,"Research and development",7722,"k1gdefn1rd00","6","FAAt701","BEA_API"
1954,37,"Research and development",8719,"k1gdefn1rd00","6","FAAt701","BEA_API"
1955,37,"Research and development",10158,"k1gdefn1rd00","6","FAAt701","BEA_API"
1956,37,"Research and development",12289,"k1gdefn1rd00","6","FAAt701","BEA_API"
1957,37,"Research and development",14777,"k1gdefn1rd00","6","FAAt701","BEA_API"
1958,37,"Research and development",17045,"k1gdefn1rd00","6","FAAt701","BEA_API"
1959,37,"Research and development",19210,"k1gdefn1rd00","6","FAAt701","BEA_API"
1960,37,"Research and development",21147,"k1gdefn1rd00","6","FAAt701","BEA_API"
1961,37,"Research and development",23219,"k1gdefn1rd00","6","FAAt701","BEA_API"
1962,37,"Research and development",24910,"k1gdefn1rd00","6","FAAt701","BEA_API"
1963,37,"Research and development",26687,"k1gdefn1rd00","6","FAAt701","BEA_API"
1964,37,"Research and development",28063,"k1gdefn1rd00","6","FAAt701","BEA_API"
1965,37,"Research and development",28871,"k1gdefn1rd00","6","FAAt701","BEA_API"
1966,37,"Research and development",29831,"k1gdefn1rd00","6","FAAt701","BEA_API"
1967,37,"Research and development",31773,"k1gdefn1rd00","6","FAAt701","BEA_API"
1968,37,"Research and development",33613,"k1gdefn1rd00","6","FAAt701","BEA_API"
1969,37,"Research and development",36105,"k1gdefn1rd00","6","FAAt701","BEA_API"
1970,37,"Research and development",38610,"k1gdefn1rd00","6","FAAt701","BEA_API"
1971,37,"Research and development",40418,"k1gdefn1rd00","6","FAAt701","BEA_API"
1972,37,"Research and development",42517,"k1gdefn1rd00","6","FAAt701","BEA_API"
1973,37,"Research and development",46240,"k1gdefn1rd00","6","FAAt701","BEA_API"
1974,37,"Research and development",50378,"k1gdefn1rd00","6","FAAt701","BEA_API"
1975,37,"Research and development",52663,"k1gdefn1rd00","6","FAAt701","BEA_API"
1976,37,"Research and development",55208,"k1gdefn1rd00","6","FAAt701","BEA_API"
1977,37,"Research and development",58511,"k1gdefn1rd00","6","FAAt701","BEA_API"
1978,37,"Research and development",62567,"k1gdefn1rd00","6","FAAt701","BEA_API"
1979,37,"Research and development",68509,"k1gdefn1rd00","6","FAAt701","BEA_API"
1980,37,"Research and development",76419,"k1gdefn1rd00","6","FAAt701","BEA_API"
1981,37,"Research and development",86436,"k1gdefn1rd00","6","FAAt701","BEA_API"
1982,37,"Research and development",96297,"k1gdefn1rd00","6","FAAt701","BEA_API"
1983,37,"Research and development",107817,"k1gdefn1rd00","6","FAAt701","BEA_API"
1984,37,"Research and development",120554,"k1gdefn1rd00","6","FAAt701","BEA_API"
1985,37,"Research and development",135580,"k1gdefn1rd00","6","FAAt701","BEA_API"
1986,37,"Research and development",148875,"k1gdefn1rd00","6","FAAt701","BEA_API"
1987,37,"Research and development",166456,"k1gdefn1rd00","6","FAAt701","BEA_API"
1988,37,"Research and development",181299,"k1gdefn1rd00","6","FAAt701","BEA_API"
1989,37,"Research and development",190268,"k1gdefn1rd00","6","FAAt701","BEA_API"
1990,37,"Research and development",196023,"k1gdefn1rd00","6","FAAt701","BEA_API"
1991,37,"Research and development",198050,"k1gdefn1rd00","6","FAAt701","BEA_API"
1992,37,"Research and development",197291,"k1gdefn1rd00","6","FAAt701","BEA_API"
1993,37,"Research and development",193933,"k1gdefn1rd00","6","FAAt701","BEA_API"
1994,37,"Research and development",193325,"k1gdefn1rd00","6","FAAt701","BEA_API"
1995,37,"Research and development",191298,"k1gdefn1rd00","6","FAAt701","BEA_API"
1996,37,"Research and development",188544,"k1gdefn1rd00","6","FAAt701","BEA_API"
1997,37,"Research and development",187616,"k1gdefn1rd00","6","FAAt701","BEA_API"
1998,37,"Research and development",186407,"k1gdefn1rd00","6","FAAt701","BEA_API"
1999,37,"Research and development",186785,"k1gdefn1rd00","6","FAAt701","BEA_API"
2000,37,"Research and development",186581,"k1gdefn1rd00","6","FAAt701","BEA_API"
2001,37,"Research and development",184535,"k1gdefn1rd00","6","FAAt701","BEA_API"
2002,37,"Research and development",189598,"k1gdefn1rd00","6","FAAt701","BEA_API"
2003,37,"Research and development",202549,"k1gdefn1rd00","6","FAAt701","BEA_API"
2004,37,"Research and development",215850,"k1gdefn1rd00","6","FAAt701","BEA_API"
2005,37,"Research and development",232616,"k1gdefn1rd00","6","FAAt701","BEA_API"
2006,37,"Research and development",245951,"k1gdefn1rd00","6","FAAt701","BEA_API"
2007,37,"Research and development",263880,"k1gdefn1rd00","6","FAAt701","BEA_API"
2008,37,"Research and development",274824,"k1gdefn1rd00","6","FAAt701","BEA_API"
2009,37,"Research and development",282277,"k1gdefn1rd00","6","FAAt701","BEA_API"
2010,37,"Research and development",294249,"k1gdefn1rd00","6","FAAt701","BEA_API"
2011,37,"Research and development",301810,"k1gdefn1rd00","6","FAAt701","BEA_API"
2012,37,"Research and development",303956,"k1gdefn1rd00","6","FAAt701","BEA_API"
2013,37,"Research and development",308328,"k1gdefn1rd00","6","FAAt701","BEA_API"
2014,37,"Research and development",304566,"k1gdefn1rd00","6","FAAt701","BEA_API"
2015,37,"Research and development",297228,"k1gdefn1rd00","6","FAAt701","BEA_API"
2016,37,"Research and development",293880,"k1gdefn1rd00","6","FAAt701","BEA_API"
2017,37,"Research and development",293561,"k1gdefn1rd00","6","FAAt701","BEA_API"
2018,37,"Research and development",293671,"k1gdefn1rd00","6","FAAt701","BEA_API"
2019,37,"Research and development",290084,"k1gdefn1rd00","6","FAAt701","BEA_API"
2020,37,"Research and development",301056,"k1gdefn1rd00","6","FAAt701","BEA_API"
2021,37,"Research and development",316433,"k1gdefn1rd00","6","FAAt701","BEA_API"
2022,37,"Research and development",336743,"k1gdefn1rd00","6","FAAt701","BEA_API"
2023,37,"Research and development",347241,"k1gdefn1rd00","6","FAAt701","BEA_API"
2024,37,"Research and development",362797,"k1gdefn1rd00","6","FAAt701","BEA_API"
1925,38,"Nondefense",2381,"k1gndef1es00","6","FAAt701","BEA_API"
1926,38,"Nondefense",2385,"k1gndef1es00","6","FAAt701","BEA_API"
1927,38,"Nondefense",2462,"k1gndef1es00","6","FAAt701","BEA_API"
1928,38,"Nondefense",2481,"k1gndef1es00","6","FAAt701","BEA_API"
1929,38,"Nondefense",2579,"k1gndef1es00","6","FAAt701","BEA_API"
1930,38,"Nondefense",2593,"k1gndef1es00","6","FAAt701","BEA_API"
1931,38,"Nondefense",2501,"k1gndef1es00","6","FAAt701","BEA_API"
1932,38,"Nondefense",2524,"k1gndef1es00","6","FAAt701","BEA_API"
1933,38,"Nondefense",3137,"k1gndef1es00","6","FAAt701","BEA_API"
1934,38,"Nondefense",3833,"k1gndef1es00","6","FAAt701","BEA_API"
1935,38,"Nondefense",4835,"k1gndef1es00","6","FAAt701","BEA_API"
1936,38,"Nondefense",5989,"k1gndef1es00","6","FAAt701","BEA_API"
1937,38,"Nondefense",6912,"k1gndef1es00","6","FAAt701","BEA_API"
1938,38,"Nondefense",7543,"k1gndef1es00","6","FAAt701","BEA_API"
1939,38,"Nondefense",7965,"k1gndef1es00","6","FAAt701","BEA_API"
1940,38,"Nondefense",8773,"k1gndef1es00","6","FAAt701","BEA_API"
1941,38,"Nondefense",10033,"k1gndef1es00","6","FAAt701","BEA_API"
1942,38,"Nondefense",11192,"k1gndef1es00","6","FAAt701","BEA_API"
1943,38,"Nondefense",12476,"k1gndef1es00","6","FAAt701","BEA_API"
1944,38,"Nondefense",12932,"k1gndef1es00","6","FAAt701","BEA_API"
1945,38,"Nondefense",14554,"k1gndef1es00","6","FAAt701","BEA_API"
1946,38,"Nondefense",17335,"k1gndef1es00","6","FAAt701","BEA_API"
1947,38,"Nondefense",19390,"k1gndef1es00","6","FAAt701","BEA_API"
1948,38,"Nondefense",20951,"k1gndef1es00","6","FAAt701","BEA_API"
1949,38,"Nondefense",21527,"k1gndef1es00","6","FAAt701","BEA_API"
1950,38,"Nondefense",22252,"k1gndef1es00","6","FAAt701","BEA_API"
1951,38,"Nondefense",24683,"k1gndef1es00","6","FAAt701","BEA_API"
1952,38,"Nondefense",26264,"k1gndef1es00","6","FAAt701","BEA_API"
1953,38,"Nondefense",26605,"k1gndef1es00","6","FAAt701","BEA_API"
1954,38,"Nondefense",26782,"k1gndef1es00","6","FAAt701","BEA_API"
1955,38,"Nondefense",29032,"k1gndef1es00","6","FAAt701","BEA_API"
1956,38,"Nondefense",31415,"k1gndef1es00","6","FAAt701","BEA_API"
1957,38,"Nondefense",33730,"k1gndef1es00","6","FAAt701","BEA_API"
1958,38,"Nondefense",35546,"k1gndef1es00","6","FAAt701","BEA_API"
1959,38,"Nondefense",37241,"k1gndef1es00","6","FAAt701","BEA_API"
1960,38,"Nondefense",39534,"k1gndef1es00","6","FAAt701","BEA_API"
1961,38,"Nondefense",42622,"k1gndef1es00","6","FAAt701","BEA_API"
1962,38,"Nondefense",47317,"k1gndef1es00","6","FAAt701","BEA_API"
1963,38,"Nondefense",53655,"k1gndef1es00","6","FAAt701","BEA_API"
1964,38,"Nondefense",60144,"k1gndef1es00","6","FAAt701","BEA_API"
1965,38,"Nondefense",69002,"k1gndef1es00","6","FAAt701","BEA_API"
1966,38,"Nondefense",78799,"k1gndef1es00","6","FAAt701","BEA_API"
1967,38,"Nondefense",87740,"k1gndef1es00","6","FAAt701","BEA_API"
1968,38,"Nondefense",98623,"k1gndef1es00","6","FAAt701","BEA_API"
1969,38,"Nondefense",111201,"k1gndef1es00","6","FAAt701","BEA_API"
1970,38,"Nondefense",123922,"k1gndef1es00","6","FAAt701","BEA_API"
1971,38,"Nondefense",136567,"k1gndef1es00","6","FAAt701","BEA_API"
1972,38,"Nondefense",148649,"k1gndef1es00","6","FAAt701","BEA_API"
1973,38,"Nondefense",165943,"k1gndef1es00","6","FAAt701","BEA_API"
1974,38,"Nondefense",195158,"k1gndef1es00","6","FAAt701","BEA_API"
1975,38,"Nondefense",213452,"k1gndef1es00","6","FAAt701","BEA_API"
1976,38,"Nondefense",229256,"k1gndef1es00","6","FAAt701","BEA_API"
1977,38,"Nondefense",248929,"k1gndef1es00","6","FAAt701","BEA_API"
1978,38,"Nondefense",275514,"k1gndef1es00","6","FAAt701","BEA_API"
1979,38,"Nondefense",310506,"k1gndef1es00","6","FAAt701","BEA_API"
1980,38,"Nondefense",353518,"k1gndef1es00","6","FAAt701","BEA_API"
1981,38,"Nondefense",393127,"k1gndef1es00","6","FAAt701","BEA_API"
1982,38,"Nondefense",418794,"k1gndef1es00","6","FAAt701","BEA_API"
1983,38,"Nondefense",434983,"k1gndef1es00","6","FAAt701","BEA_API"
1984,38,"Nondefense",453165,"k1gndef1es00","6","FAAt701","BEA_API"
1985,38,"Nondefense",468964,"k1gndef1es00","6","FAAt701","BEA_API"
1986,38,"Nondefense",485730,"k1gndef1es00","6","FAAt701","BEA_API"
1987,38,"Nondefense",507440,"k1gndef1es00","6","FAAt701","BEA_API"
1988,38,"Nondefense",533534,"k1gndef1es00","6","FAAt701","BEA_API"
1989,38,"Nondefense",561660,"k1gndef1es00","6","FAAt701","BEA_API"
1990,38,"Nondefense",589882,"k1gndef1es00","6","FAAt701","BEA_API"
1991,38,"Nondefense",614160,"k1gndef1es00","6","FAAt701","BEA_API"
1992,38,"Nondefense",640114,"k1gndef1es00","6","FAAt701","BEA_API"
1993,38,"Nondefense",670007,"k1gndef1es00","6","FAAt701","BEA_API"
1994,38,"Nondefense",703923,"k1gndef1es00","6","FAAt701","BEA_API"
1995,38,"Nondefense",737593,"k1gndef1es00","6","FAAt701","BEA_API"
1996,38,"Nondefense",769331,"k1gndef1es00","6","FAAt701","BEA_API"
1997,38,"Nondefense",798330,"k1gndef1es00","6","FAAt701","BEA_API"
1998,38,"Nondefense",825771,"k1gndef1es00","6","FAAt701","BEA_API"
1999,38,"Nondefense",865225,"k1gndef1es00","6","FAAt701","BEA_API"
2000,38,"Nondefense",900715,"k1gndef1es00","6","FAAt701","BEA_API"
2001,38,"Nondefense",923599,"k1gndef1es00","6","FAAt701","BEA_API"
2002,38,"Nondefense",951494,"k1gndef1es00","6","FAAt701","BEA_API"
2003,38,"Nondefense",989263,"k1gndef1es00","6","FAAt701","BEA_API"
2004,38,"Nondefense",1054438,"k1gndef1es00","6","FAAt701","BEA_API"
2005,38,"Nondefense",1118747,"k1gndef1es00","6","FAAt701","BEA_API"
2006,38,"Nondefense",1182432,"k1gndef1es00","6","FAAt701","BEA_API"
2007,38,"Nondefense",1239907,"k1gndef1es00","6","FAAt701","BEA_API"
2008,38,"Nondefense",1296090,"k1gndef1es00","6","FAAt701","BEA_API"
2009,38,"Nondefense",1294885,"k1gndef1es00","6","FAAt701","BEA_API"
2010,38,"Nondefense",1355668,"k1gndef1es00","6","FAAt701","BEA_API"
2011,38,"Nondefense",1406881,"k1gndef1es00","6","FAAt701","BEA_API"
2012,38,"Nondefense",1446950,"k1gndef1es00","6","FAAt701","BEA_API"
2013,38,"Nondefense",1492979,"k1gndef1es00","6","FAAt701","BEA_API"
2014,38,"Nondefense",1525676,"k1gndef1es00","6","FAAt701","BEA_API"
2015,38,"Nondefense",1538321,"k1gndef1es00","6","FAAt701","BEA_API"
2016,38,"Nondefense",1583812,"k1gndef1es00","6","FAAt701","BEA_API"
2017,38,"Nondefense",1649700,"k1gndef1es00","6","FAAt701","BEA_API"
2018,38,"Nondefense",1731459,"k1gndef1es00","6","FAAt701","BEA_API"
2019,38,"Nondefense",1780016,"k1gndef1es00","6","FAAt701","BEA_API"
2020,38,"Nondefense",1851744,"k1gndef1es00","6","FAAt701","BEA_API"
2021,38,"Nondefense",2028775,"k1gndef1es00","6","FAAt701","BEA_API"
2022,38,"Nondefense",2236080,"k1gndef1es00","6","FAAt701","BEA_API"
2023,38,"Nondefense",2302315,"k1gndef1es00","6","FAAt701","BEA_API"
2024,38,"Nondefense",2379839,"k1gndef1es00","6","FAAt701","BEA_API"
1925,39,"Equipment",74,"k1gndef1eq00","6","FAAt701","BEA_API"
1926,39,"Equipment",70,"k1gndef1eq00","6","FAAt701","BEA_API"
1927,39,"Equipment",70,"k1gndef1eq00","6","FAAt701","BEA_API"
1928,39,"Equipment",74,"k1gndef1eq00","6","FAAt701","BEA_API"
1929,39,"Equipment",83,"k1gndef1eq00","6","FAAt701","BEA_API"
1930,39,"Equipment",97,"k1gndef1eq00","6","FAAt701","BEA_API"
1931,39,"Equipment",111,"k1gndef1eq00","6","FAAt701","BEA_API"
1932,39,"Equipment",103,"k1gndef1eq00","6","FAAt701","BEA_API"
1933,39,"Equipment",107,"k1gndef1eq00","6","FAAt701","BEA_API"
1934,39,"Equipment",198,"k1gndef1eq00","6","FAAt701","BEA_API"
1935,39,"Equipment",384,"k1gndef1eq00","6","FAAt701","BEA_API"
1936,39,"Equipment",457,"k1gndef1eq00","6","FAAt701","BEA_API"
1937,39,"Equipment",501,"k1gndef1eq00","6","FAAt701","BEA_API"
1938,39,"Equipment",578,"k1gndef1eq00","6","FAAt701","BEA_API"
1939,39,"Equipment",686,"k1gndef1eq00","6","FAAt701","BEA_API"
1940,39,"Equipment",840,"k1gndef1eq00","6","FAAt701","BEA_API"
1941,39,"Equipment",1211,"k1gndef1eq00","6","FAAt701","BEA_API"
1942,39,"Equipment",1416,"k1gndef1eq00","6","FAAt701","BEA_API"
1943,39,"Equipment",1578,"k1gndef1eq00","6","FAAt701","BEA_API"
1944,39,"Equipment",1792,"k1gndef1eq00","6","FAAt701","BEA_API"
1945,39,"Equipment",1777,"k1gndef1eq00","6","FAAt701","BEA_API"
1946,39,"Equipment",1785,"k1gndef1eq00","6","FAAt701","BEA_API"
1947,39,"Equipment",1778,"k1gndef1eq00","6","FAAt701","BEA_API"
1948,39,"Equipment",1802,"k1gndef1eq00","6","FAAt701","BEA_API"
1949,39,"Equipment",1769,"k1gndef1eq00","6","FAAt701","BEA_API"
1950,39,"Equipment",1988,"k1gndef1eq00","6","FAAt701","BEA_API"
1951,39,"Equipment",1931,"k1gndef1eq00","6","FAAt701","BEA_API"
1952,39,"Equipment",2217,"k1gndef1eq00","6","FAAt701","BEA_API"
1953,39,"Equipment",2287,"k1gndef1eq00","6","FAAt701","BEA_API"
1954,39,"Equipment",2254,"k1gndef1eq00","6","FAAt701","BEA_API"
1955,39,"Equipment",2196,"k1gndef1eq00","6","FAAt701","BEA_API"
1956,39,"Equipment",2182,"k1gndef1eq00","6","FAAt701","BEA_API"
1957,39,"Equipment",2247,"k1gndef1eq00","6","FAAt701","BEA_API"
1958,39,"Equipment",2331,"k1gndef1eq00","6","FAAt701","BEA_API"
1959,39,"Equipment",2552,"k1gndef1eq00","6","FAAt701","BEA_API"
1960,39,"Equipment",2637,"k1gndef1eq00","6","FAAt701","BEA_API"
1961,39,"Equipment",2700,"k1gndef1eq00","6","FAAt701","BEA_API"
1962,39,"Equipment",2764,"k1gndef1eq00","6","FAAt701","BEA_API"
1963,39,"Equipment",2909,"k1gndef1eq00","6","FAAt701","BEA_API"
1964,39,"Equipment",3187,"k1gndef1eq00","6","FAAt701","BEA_API"
1965,39,"Equipment",3360,"k1gndef1eq00","6","FAAt701","BEA_API"
1966,39,"Equipment",3705,"k1gndef1eq00","6","FAAt701","BEA_API"
1967,39,"Equipment",4041,"k1gndef1eq00","6","FAAt701","BEA_API"
1968,39,"Equipment",4224,"k1gndef1eq00","6","FAAt701","BEA_API"
1969,39,"Equipment",4499,"k1gndef1eq00","6","FAAt701","BEA_API"
1970,39,"Equipment",4911,"k1gndef1eq00","6","FAAt701","BEA_API"
1971,39,"Equipment",5382,"k1gndef1eq00","6","FAAt701","BEA_API"
1972,39,"Equipment",6037,"k1gndef1eq00","6","FAAt701","BEA_API"
1973,39,"Equipment",6690,"k1gndef1eq00","6","FAAt701","BEA_API"
1974,39,"Equipment",8443,"k1gndef1eq00","6","FAAt701","BEA_API"
1975,39,"Equipment",9659,"k1gndef1eq00","6","FAAt701","BEA_API"
1976,39,"Equipment",10838,"k1gndef1eq00","6","FAAt701","BEA_API"
1977,39,"Equipment",12411,"k1gndef1eq00","6","FAAt701","BEA_API"
1978,39,"Equipment",14517,"k1gndef1eq00","6","FAAt701","BEA_API"
1979,39,"Equipment",16821,"k1gndef1eq00","6","FAAt701","BEA_API"
1980,39,"Equipment",19689,"k1gndef1eq00","6","FAAt701","BEA_API"
1981,39,"Equipment",22247,"k1gndef1eq00","6","FAAt701","BEA_API"
1982,39,"Equipment",23924,"k1gndef1eq00","6","FAAt701","BEA_API"
1983,39,"Equipment",25103,"k1gndef1eq00","6","FAAt701","BEA_API"
1984,39,"Equipment",27283,"k1gndef1eq00","6","FAAt701","BEA_API"
1985,39,"Equipment",29217,"k1gndef1eq00","6","FAAt701","BEA_API"
1986,39,"Equipment",31196,"k1gndef1eq00","6","FAAt701","BEA_API"
1987,39,"Equipment",32405,"k1gndef1eq00","6","FAAt701","BEA_API"
1988,39,"Equipment",35518,"k1gndef1eq00","6","FAAt701","BEA_API"
1989,39,"Equipment",39398,"k1gndef1eq00","6","FAAt701","BEA_API"
1990,39,"Equipment",43390,"k1gndef1eq00","6","FAAt701","BEA_API"
1991,39,"Equipment",46486,"k1gndef1eq00","6","FAAt701","BEA_API"
1992,39,"Equipment",50328,"k1gndef1eq00","6","FAAt701","BEA_API"
1993,39,"Equipment",53900,"k1gndef1eq00","6","FAAt701","BEA_API"
1994,39,"Equipment",55055,"k1gndef1eq00","6","FAAt701","BEA_API"
1995,39,"Equipment",56926,"k1gndef1eq00","6","FAAt701","BEA_API"
1996,39,"Equipment",58356,"k1gndef1eq00","6","FAAt701","BEA_API"
1997,39,"Equipment",59708,"k1gndef1eq00","6","FAAt701","BEA_API"
1998,39,"Equipment",61574,"k1gndef1eq00","6","FAAt701","BEA_API"
1999,39,"Equipment",64910,"k1gndef1eq00","6","FAAt701","BEA_API"
2000,39,"Equipment",66257,"k1gndef1eq00","6","FAAt701","BEA_API"
2001,39,"Equipment",66017,"k1gndef1eq00","6","FAAt701","BEA_API"
2002,39,"Equipment",67637,"k1gndef1eq00","6","FAAt701","BEA_API"
2003,39,"Equipment",69721,"k1gndef1eq00","6","FAAt701","BEA_API"
2004,39,"Equipment",73724,"k1gndef1eq00","6","FAAt701","BEA_API"
2005,39,"Equipment",78240,"k1gndef1eq00","6","FAAt701","BEA_API"
2006,39,"Equipment",84026,"k1gndef1eq00","6","FAAt701","BEA_API"
2007,39,"Equipment",86842,"k1gndef1eq00","6","FAAt701","BEA_API"
2008,39,"Equipment",91314,"k1gndef1eq00","6","FAAt701","BEA_API"
2009,39,"Equipment",97222,"k1gndef1eq00","6","FAAt701","BEA_API"
2010,39,"Equipment",102939,"k1gndef1eq00","6","FAAt701","BEA_API"
2011,39,"Equipment",108637,"k1gndef1eq00","6","FAAt701","BEA_API"
2012,39,"Equipment",112713,"k1gndef1eq00","6","FAAt701","BEA_API"
2013,39,"Equipment",114599,"k1gndef1eq00","6","FAAt701","BEA_API"
2014,39,"Equipment",118346,"k1gndef1eq00","6","FAAt701","BEA_API"
2015,39,"Equipment",122181,"k1gndef1eq00","6","FAAt701","BEA_API"
2016,39,"Equipment",125984,"k1gndef1eq00","6","FAAt701","BEA_API"
2017,39,"Equipment",129916,"k1gndef1eq00","6","FAAt701","BEA_API"
2018,39,"Equipment",135775,"k1gndef1eq00","6","FAAt701","BEA_API"
2019,39,"Equipment",139841,"k1gndef1eq00","6","FAAt701","BEA_API"
2020,39,"Equipment",147619,"k1gndef1eq00","6","FAAt701","BEA_API"
2021,39,"Equipment",162766,"k1gndef1eq00","6","FAAt701","BEA_API"
2022,39,"Equipment",178043,"k1gndef1eq00","6","FAAt701","BEA_API"
2023,39,"Equipment",184619,"k1gndef1eq00","6","FAAt701","BEA_API"
2024,39,"Equipment",191441,"k1gndef1eq00","6","FAAt701","BEA_API"
1925,40,"Structures",2307,"k1gndef1st00","6","FAAt701","BEA_API"
1926,40,"Structures",2315,"k1gndef1st00","6","FAAt701","BEA_API"
1927,40,"Structures",2392,"k1gndef1st00","6","FAAt701","BEA_API"
1928,40,"Structures",2407,"k1gndef1st00","6","FAAt701","BEA_API"
1929,40,"Structures",2481,"k1gndef1st00","6","FAAt701","BEA_API"
1930,40,"Structures",2460,"k1gndef1st00","6","FAAt701","BEA_API"
1931,40,"Structures",2323,"k1gndef1st00","6","FAAt701","BEA_API"
1932,40,"Structures",2317,"k1gndef1st00","6","FAAt701","BEA_API"
1933,40,"Structures",2892,"k1gndef1st00","6","FAAt701","BEA_API"
1934,40,"Structures",3478,"k1gndef1st00","6","FAAt701","BEA_API"
1935,40,"Structures",4279,"k1gndef1st00","6","FAAt701","BEA_API"
1936,40,"Structures",5334,"k1gndef1st00","6","FAAt701","BEA_API"
1937,40,"Structures",6193,"k1gndef1st00","6","FAAt701","BEA_API"
1938,40,"Structures",6730,"k1gndef1st00","6","FAAt701","BEA_API"
1939,40,"Structures",7032,"k1gndef1st00","6","FAAt701","BEA_API"
1940,40,"Structures",7668,"k1gndef1st00","6","FAAt701","BEA_API"
1941,40,"Structures",8513,"k1gndef1st00","6","FAAt701","BEA_API"
1942,40,"Structures",9367,"k1gndef1st00","6","FAAt701","BEA_API"
1943,40,"Structures",10285,"k1gndef1st00","6","FAAt701","BEA_API"
1944,40,"Structures",10361,"k1gndef1st00","6","FAAt701","BEA_API"
1945,40,"Structures",11947,"k1gndef1st00","6","FAAt701","BEA_API"
1946,40,"Structures",14670,"k1gndef1st00","6","FAAt701","BEA_API"
1947,40,"Structures",16682,"k1gndef1st00","6","FAAt701","BEA_API"
1948,40,"Structures",18094,"k1gndef1st00","6","FAAt701","BEA_API"
1949,40,"Structures",18469,"k1gndef1st00","6","FAAt701","BEA_API"
1950,40,"Structures",18554,"k1gndef1st00","6","FAAt701","BEA_API"
1951,40,"Structures",20641,"k1gndef1st00","6","FAAt701","BEA_API"
1952,40,"Structures",21700,"k1gndef1st00","6","FAAt701","BEA_API"
1953,40,"Structures",21886,"k1gndef1st00","6","FAAt701","BEA_API"
1954,40,"Structures",22033,"k1gndef1st00","6","FAAt701","BEA_API"
1955,40,"Structures",24129,"k1gndef1st00","6","FAAt701","BEA_API"
1956,40,"Structures",26183,"k1gndef1st00","6","FAAt701","BEA_API"
1957,40,"Structures",27860,"k1gndef1st00","6","FAAt701","BEA_API"
1958,40,"Structures",28840,"k1gndef1st00","6","FAAt701","BEA_API"
1959,40,"Structures",29651,"k1gndef1st00","6","FAAt701","BEA_API"
1960,40,"Structures",30756,"k1gndef1st00","6","FAAt701","BEA_API"
1961,40,"Structures",32458,"k1gndef1st00","6","FAAt701","BEA_API"
1962,40,"Structures",35124,"k1gndef1st00","6","FAAt701","BEA_API"
1963,40,"Structures",37932,"k1gndef1st00","6","FAAt701","BEA_API"
1964,40,"Structures",39956,"k1gndef1st00","6","FAAt701","BEA_API"
1965,40,"Structures",43714,"k1gndef1st00","6","FAAt701","BEA_API"
1966,40,"Structures",47482,"k1gndef1st00","6","FAAt701","BEA_API"
1967,40,"Structures",50827,"k1gndef1st00","6","FAAt701","BEA_API"
1968,40,"Structures",55182,"k1gndef1st00","6","FAAt701","BEA_API"
1969,40,"Structures",60608,"k1gndef1st00","6","FAAt701","BEA_API"
1970,40,"Structures",66073,"k1gndef1st00","6","FAAt701","BEA_API"
1971,40,"Structures",72501,"k1gndef1st00","6","FAAt701","BEA_API"
1972,40,"Structures",78290,"k1gndef1st00","6","FAAt701","BEA_API"
1973,40,"Structures",86438,"k1gndef1st00","6","FAAt701","BEA_API"
1974,40,"Structures",103777,"k1gndef1st00","6","FAAt701","BEA_API"
1975,40,"Structures",113094,"k1gndef1st00","6","FAAt701","BEA_API"
1976,40,"Structures",119786,"k1gndef1st00","6","FAAt701","BEA_API"
1977,40,"Structures",128725,"k1gndef1st00","6","FAAt701","BEA_API"
1978,40,"Structures",141816,"k1gndef1st00","6","FAAt701","BEA_API"
1979,40,"Structures",159228,"k1gndef1st00","6","FAAt701","BEA_API"
1980,40,"Structures",181508,"k1gndef1st00","6","FAAt701","BEA_API"
1981,40,"Structures",201320,"k1gndef1st00","6","FAAt701","BEA_API"
1982,40,"Structures",213314,"k1gndef1st00","6","FAAt701","BEA_API"
1983,40,"Structures",218200,"k1gndef1st00","6","FAAt701","BEA_API"
1984,40,"Structures",225545,"k1gndef1st00","6","FAAt701","BEA_API"
1985,40,"Structures",233121,"k1gndef1st00","6","FAAt701","BEA_API"
1986,40,"Structures",243118,"k1gndef1st00","6","FAAt701","BEA_API"
1987,40,"Structures",253764,"k1gndef1st00","6","FAAt701","BEA_API"
1988,40,"Structures",263448,"k1gndef1st00","6","FAAt701","BEA_API"
1989,40,"Structures",275647,"k1gndef1st00","6","FAAt701","BEA_API"
1990,40,"Structures",286249,"k1gndef1st00","6","FAAt701","BEA_API"
1991,40,"Structures",293829,"k1gndef1st00","6","FAAt701","BEA_API"
1992,40,"Structures",302662,"k1gndef1st00","6","FAAt701","BEA_API"
1993,40,"Structures",316239,"k1gndef1st00","6","FAAt701","BEA_API"
1994,40,"Structures",332680,"k1gndef1st00","6","FAAt701","BEA_API"
1995,40,"Structures",350208,"k1gndef1st00","6","FAAt701","BEA_API"
1996,40,"Structures",371704,"k1gndef1st00","6","FAAt701","BEA_API"
1997,40,"Structures",388761,"k1gndef1st00","6","FAAt701","BEA_API"
1998,40,"Structures",402297,"k1gndef1st00","6","FAAt701","BEA_API"
1999,40,"Structures",421371,"k1gndef1st00","6","FAAt701","BEA_API"
2000,40,"Structures",437831,"k1gndef1st00","6","FAAt701","BEA_API"
2001,40,"Structures",449390,"k1gndef1st00","6","FAAt701","BEA_API"
2002,40,"Structures",462212,"k1gndef1st00","6","FAAt701","BEA_API"
2003,40,"Structures",476868,"k1gndef1st00","6","FAAt701","BEA_API"
2004,40,"Structures",519023,"k1gndef1st00","6","FAAt701","BEA_API"
2005,40,"Structures",559022,"k1gndef1st00","6","FAAt701","BEA_API"
2006,40,"Structures",599730,"k1gndef1st00","6","FAAt701","BEA_API"
2007,40,"Structures",628925,"k1gndef1st00","6","FAAt701","BEA_API"
2008,40,"Structures",660762,"k1gndef1st00","6","FAAt701","BEA_API"
2009,40,"Structures",636464,"k1gndef1st00","6","FAAt701","BEA_API"
2010,40,"Structures",652133,"k1gndef1st00","6","FAAt701","BEA_API"
2011,40,"Structures",682246,"k1gndef1st00","6","FAAt701","BEA_API"
2012,40,"Structures",700545,"k1gndef1st00","6","FAAt701","BEA_API"
2013,40,"Structures",718731,"k1gndef1st00","6","FAAt701","BEA_API"
2014,40,"Structures",734918,"k1gndef1st00","6","FAAt701","BEA_API"
2015,40,"Structures",740742,"k1gndef1st00","6","FAAt701","BEA_API"
2016,40,"Structures",757554,"k1gndef1st00","6","FAAt701","BEA_API"
2017,40,"Structures",783901,"k1gndef1st00","6","FAAt701","BEA_API"
2018,40,"Structures",821681,"k1gndef1st00","6","FAAt701","BEA_API"
2019,40,"Structures",846013,"k1gndef1st00","6","FAAt701","BEA_API"
2020,40,"Structures",862588,"k1gndef1st00","6","FAAt701","BEA_API"
2021,40,"Structures",956270,"k1gndef1st00","6","FAAt701","BEA_API"
2022,40,"Structures",1073454,"k1gndef1st00","6","FAAt701","BEA_API"
2023,40,"Structures",1094427,"k1gndef1st00","6","FAAt701","BEA_API"
2024,40,"Structures",1105957,"k1gndef1st00","6","FAAt701","BEA_API"
1925,41,"Office",225,"k1gndef1sd00","6","FAAt701","BEA_API"
1926,41,"Office",225,"k1gndef1sd00","6","FAAt701","BEA_API"
1927,41,"Office",225,"k1gndef1sd00","6","FAAt701","BEA_API"
1928,41,"Office",216,"k1gndef1sd00","6","FAAt701","BEA_API"
1929,41,"Office",208,"k1gndef1sd00","6","FAAt701","BEA_API"
1930,41,"Office",185,"k1gndef1sd00","6","FAAt701","BEA_API"
1931,41,"Office",159,"k1gndef1sd00","6","FAAt701","BEA_API"
1932,41,"Office",144,"k1gndef1sd00","6","FAAt701","BEA_API"
1933,41,"Office",155,"k1gndef1sd00","6","FAAt701","BEA_API"
1934,41,"Office",169,"k1gndef1sd00","6","FAAt701","BEA_API"
1935,41,"Office",183,"k1gndef1sd00","6","FAAt701","BEA_API"
1936,41,"Office",251,"k1gndef1sd00","6","FAAt701","BEA_API"
1937,41,"Office",319,"k1gndef1sd00","6","FAAt701","BEA_API"
1938,41,"Office",363,"k1gndef1sd00","6","FAAt701","BEA_API"
1939,41,"Office",353,"k1gndef1sd00","6","FAAt701","BEA_API"
1940,41,"Office",340,"k1gndef1sd00","6","FAAt701","BEA_API"
1941,41,"Office",371,"k1gndef1sd00","6","FAAt701","BEA_API"
1942,41,"Office",370,"k1gndef1sd00","6","FAAt701","BEA_API"
1943,41,"Office",357,"k1gndef1sd00","6","FAAt701","BEA_API"
1944,41,"Office",354,"k1gndef1sd00","6","FAAt701","BEA_API"
1945,41,"Office",346,"k1gndef1sd00","6","FAAt701","BEA_API"
1946,41,"Office",150,"k1gndef1sd00","6","FAAt701","BEA_API"
1947,41,"Office",53,"k1gndef1sd00","6","FAAt701","BEA_API"
1948,41,"Office",-16,"k1gndef1sd00","6","FAAt701","BEA_API"
1949,41,"Office",6,"k1gndef1sd00","6","FAAt701","BEA_API"
1950,41,"Office",45,"k1gndef1sd00","6","FAAt701","BEA_API"
1951,41,"Office",204,"k1gndef1sd00","6","FAAt701","BEA_API"
1952,41,"Office",251,"k1gndef1sd00","6","FAAt701","BEA_API"
1953,41,"Office",282,"k1gndef1sd00","6","FAAt701","BEA_API"
1954,41,"Office",412,"k1gndef1sd00","6","FAAt701","BEA_API"
1955,41,"Office",439,"k1gndef1sd00","6","FAAt701","BEA_API"
1956,41,"Office",495,"k1gndef1sd00","6","FAAt701","BEA_API"
1957,41,"Office",634,"k1gndef1sd00","6","FAAt701","BEA_API"
1958,41,"Office",885,"k1gndef1sd00","6","FAAt701","BEA_API"
1959,41,"Office",1174,"k1gndef1sd00","6","FAAt701","BEA_API"
1960,41,"Office",1192,"k1gndef1sd00","6","FAAt701","BEA_API"
1961,41,"Office",1380,"k1gndef1sd00","6","FAAt701","BEA_API"
1962,41,"Office",1902,"k1gndef1sd00","6","FAAt701","BEA_API"
1963,41,"Office",2464,"k1gndef1sd00","6","FAAt701","BEA_API"
1964,41,"Office",2532,"k1gndef1sd00","6","FAAt701","BEA_API"
1965,41,"Office",3216,"k1gndef1sd00","6","FAAt701","BEA_API"
1966,41,"Office",3805,"k1gndef1sd00","6","FAAt701","BEA_API"
1967,41,"Office",4149,"k1gndef1sd00","6","FAAt701","BEA_API"
1968,41,"Office",4728,"k1gndef1sd00","6","FAAt701","BEA_API"
1969,41,"Office",5246,"k1gndef1sd00","6","FAAt701","BEA_API"
1970,41,"Office",5640,"k1gndef1sd00","6","FAAt701","BEA_API"
1971,41,"Office",6384,"k1gndef1sd00","6","FAAt701","BEA_API"
1972,41,"Office",7034,"k1gndef1sd00","6","FAAt701","BEA_API"
1973,41,"Office",7926,"k1gndef1sd00","6","FAAt701","BEA_API"
1974,41,"Office",9307,"k1gndef1sd00","6","FAAt701","BEA_API"
1975,41,"Office",9821,"k1gndef1sd00","6","FAAt701","BEA_API"
1976,41,"Office",10691,"k1gndef1sd00","6","FAAt701","BEA_API"
1977,41,"Office",11924,"k1gndef1sd00","6","FAAt701","BEA_API"
1978,41,"Office",13824,"k1gndef1sd00","6","FAAt701","BEA_API"
1979,41,"Office",15307,"k1gndef1sd00","6","FAAt701","BEA_API"
1980,41,"Office",17818,"k1gndef1sd00","6","FAAt701","BEA_API"
1981,41,"Office",19703,"k1gndef1sd00","6","FAAt701","BEA_API"
1982,41,"Office",20951,"k1gndef1sd00","6","FAAt701","BEA_API"
1983,41,"Office",22051,"k1gndef1sd00","6","FAAt701","BEA_API"
1984,41,"Office",23290,"k1gndef1sd00","6","FAAt701","BEA_API"
1985,41,"Office",24665,"k1gndef1sd00","6","FAAt701","BEA_API"
1986,41,"Office",26779,"k1gndef1sd00","6","FAAt701","BEA_API"
1987,41,"Office",29004,"k1gndef1sd00","6","FAAt701","BEA_API"
1988,41,"Office",30313,"k1gndef1sd00","6","FAAt701","BEA_API"
1989,41,"Office",31650,"k1gndef1sd00","6","FAAt701","BEA_API"
1990,41,"Office",33131,"k1gndef1sd00","6","FAAt701","BEA_API"
1991,41,"Office",34174,"k1gndef1sd00","6","FAAt701","BEA_API"
1992,41,"Office",35900,"k1gndef1sd00","6","FAAt701","BEA_API"
1993,41,"Office",38416,"k1gndef1sd00","6","FAAt701","BEA_API"
1994,41,"Office",40832,"k1gndef1sd00","6","FAAt701","BEA_API"
1995,41,"Office",42664,"k1gndef1sd00","6","FAAt701","BEA_API"
1996,41,"Office",45096,"k1gndef1sd00","6","FAAt701","BEA_API"
1997,41,"Office",47707,"k1gndef1sd00","6","FAAt701","BEA_API"
1998,41,"Office",51519,"k1gndef1sd00","6","FAAt701","BEA_API"
1999,41,"Office",55231,"k1gndef1sd00","6","FAAt701","BEA_API"
2000,41,"Office",57136,"k1gndef1sd00","6","FAAt701","BEA_API"
2001,41,"Office",58637,"k1gndef1sd00","6","FAAt701","BEA_API"
2002,41,"Office",60709,"k1gndef1sd00","6","FAAt701","BEA_API"
2003,41,"Office",62893,"k1gndef1sd00","6","FAAt701","BEA_API"
2004,41,"Office",69524,"k1gndef1sd00","6","FAAt701","BEA_API"
2005,41,"Office",76602,"k1gndef1sd00","6","FAAt701","BEA_API"
2006,41,"Office",83058,"k1gndef1sd00","6","FAAt701","BEA_API"
2007,41,"Office",86792,"k1gndef1sd00","6","FAAt701","BEA_API"
2008,41,"Office",92947,"k1gndef1sd00","6","FAAt701","BEA_API"
2009,41,"Office",88687,"k1gndef1sd00","6","FAAt701","BEA_API"
2010,41,"Office",89257,"k1gndef1sd00","6","FAAt701","BEA_API"
2011,41,"Office",93550,"k1gndef1sd00","6","FAAt701","BEA_API"
2012,41,"Office",95343,"k1gndef1sd00","6","FAAt701","BEA_API"
2013,41,"Office",97286,"k1gndef1sd00","6","FAAt701","BEA_API"
2014,41,"Office",99081,"k1gndef1sd00","6","FAAt701","BEA_API"
2015,41,"Office",99977,"k1gndef1sd00","6","FAAt701","BEA_API"
2016,41,"Office",100545,"k1gndef1sd00","6","FAAt701","BEA_API"
2017,41,"Office",101592,"k1gndef1sd00","6","FAAt701","BEA_API"
2018,41,"Office",106574,"k1gndef1sd00","6","FAAt701","BEA_API"
2019,41,"Office",109500,"k1gndef1sd00","6","FAAt701","BEA_API"
2020,41,"Office",110181,"k1gndef1sd00","6","FAAt701","BEA_API"
2021,41,"Office",127010,"k1gndef1sd00","6","FAAt701","BEA_API"
2022,41,"Office",151406,"k1gndef1sd00","6","FAAt701","BEA_API"
2023,41,"Office",150970,"k1gndef1sd00","6","FAAt701","BEA_API"
2024,41,"Office",153370,"k1gndef1sd00","6","FAAt701","BEA_API"
1925,42,"Commercial",511,"k1gndef1se00","6","FAAt701","BEA_API"
1926,42,"Commercial",516,"k1gndef1se00","6","FAAt701","BEA_API"
1927,42,"Commercial",518,"k1gndef1se00","6","FAAt701","BEA_API"
1928,42,"Commercial",504,"k1gndef1se00","6","FAAt701","BEA_API"
1929,42,"Commercial",497,"k1gndef1se00","6","FAAt701","BEA_API"
1930,42,"Commercial",458,"k1gndef1se00","6","FAAt701","BEA_API"
1931,42,"Commercial",411,"k1gndef1se00","6","FAAt701","BEA_API"
1932,42,"Commercial",398,"k1gndef1se00","6","FAAt701","BEA_API"
1933,42,"Commercial",472,"k1gndef1se00","6","FAAt701","BEA_API"
1934,42,"Commercial",561,"k1gndef1se00","6","FAAt701","BEA_API"
1935,42,"Commercial",666,"k1gndef1se00","6","FAAt701","BEA_API"
1936,42,"Commercial",857,"k1gndef1se00","6","FAAt701","BEA_API"
1937,42,"Commercial",1028,"k1gndef1se00","6","FAAt701","BEA_API"
1938,42,"Commercial",1130,"k1gndef1se00","6","FAAt701","BEA_API"
1939,42,"Commercial",1181,"k1gndef1se00","6","FAAt701","BEA_API"
1940,42,"Commercial",1215,"k1gndef1se00","6","FAAt701","BEA_API"
1941,42,"Commercial",1328,"k1gndef1se00","6","FAAt701","BEA_API"
1942,42,"Commercial",1348,"k1gndef1se00","6","FAAt701","BEA_API"
1943,42,"Commercial",1390,"k1gndef1se00","6","FAAt701","BEA_API"
1944,42,"Commercial",1434,"k1gndef1se00","6","FAAt701","BEA_API"
1945,42,"Commercial",1512,"k1gndef1se00","6","FAAt701","BEA_API"
1946,42,"Commercial",1613,"k1gndef1se00","6","FAAt701","BEA_API"
1947,42,"Commercial",1755,"k1gndef1se00","6","FAAt701","BEA_API"
1948,42,"Commercial",1664,"k1gndef1se00","6","FAAt701","BEA_API"
1949,42,"Commercial",1504,"k1gndef1se00","6","FAAt701","BEA_API"
1950,42,"Commercial",1623,"k1gndef1se00","6","FAAt701","BEA_API"
1951,42,"Commercial",1850,"k1gndef1se00","6","FAAt701","BEA_API"
1952,42,"Commercial",1775,"k1gndef1se00","6","FAAt701","BEA_API"
1953,42,"Commercial",1689,"k1gndef1se00","6","FAAt701","BEA_API"
1954,42,"Commercial",1694,"k1gndef1se00","6","FAAt701","BEA_API"
1955,42,"Commercial",1792,"k1gndef1se00","6","FAAt701","BEA_API"
1956,42,"Commercial",1789,"k1gndef1se00","6","FAAt701","BEA_API"
1957,42,"Commercial",1888,"k1gndef1se00","6","FAAt701","BEA_API"
1958,42,"Commercial",1986,"k1gndef1se00","6","FAAt701","BEA_API"
1959,42,"Commercial",2163,"k1gndef1se00","6","FAAt701","BEA_API"
1960,42,"Commercial",2029,"k1gndef1se00","6","FAAt701","BEA_API"
1961,42,"Commercial",1999,"k1gndef1se00","6","FAAt701","BEA_API"
1962,42,"Commercial",2278,"k1gndef1se00","6","FAAt701","BEA_API"
1963,42,"Commercial",2558,"k1gndef1se00","6","FAAt701","BEA_API"
1964,42,"Commercial",2308,"k1gndef1se00","6","FAAt701","BEA_API"
1965,42,"Commercial",2660,"k1gndef1se00","6","FAAt701","BEA_API"
1966,42,"Commercial",2930,"k1gndef1se00","6","FAAt701","BEA_API"
1967,42,"Commercial",3024,"k1gndef1se00","6","FAAt701","BEA_API"
1968,42,"Commercial",3392,"k1gndef1se00","6","FAAt701","BEA_API"
1969,42,"Commercial",3756,"k1gndef1se00","6","FAAt701","BEA_API"
1970,42,"Commercial",3933,"k1gndef1se00","6","FAAt701","BEA_API"
1971,42,"Commercial",4310,"k1gndef1se00","6","FAAt701","BEA_API"
1972,42,"Commercial",4590,"k1gndef1se00","6","FAAt701","BEA_API"
1973,42,"Commercial",5002,"k1gndef1se00","6","FAAt701","BEA_API"
1974,42,"Commercial",5702,"k1gndef1se00","6","FAAt701","BEA_API"
1975,42,"Commercial",5803,"k1gndef1se00","6","FAAt701","BEA_API"
1976,42,"Commercial",6181,"k1gndef1se00","6","FAAt701","BEA_API"
1977,42,"Commercial",6684,"k1gndef1se00","6","FAAt701","BEA_API"
1978,42,"Commercial",7699,"k1gndef1se00","6","FAAt701","BEA_API"
1979,42,"Commercial",7951,"k1gndef1se00","6","FAAt701","BEA_API"
1980,42,"Commercial",9167,"k1gndef1se00","6","FAAt701","BEA_API"
1981,42,"Commercial",9937,"k1gndef1se00","6","FAAt701","BEA_API"
1982,42,"Commercial",10378,"k1gndef1se00","6","FAAt701","BEA_API"
1983,42,"Commercial",10783,"k1gndef1se00","6","FAAt701","BEA_API"
1984,42,"Commercial",11244,"k1gndef1se00","6","FAAt701","BEA_API"
1985,42,"Commercial",11873,"k1gndef1se00","6","FAAt701","BEA_API"
1986,42,"Commercial",13229,"k1gndef1se00","6","FAAt701","BEA_API"
1987,42,"Commercial",14636,"k1gndef1se00","6","FAAt701","BEA_API"
1988,42,"Commercial",15001,"k1gndef1se00","6","FAAt701","BEA_API"
1989,42,"Commercial",15408,"k1gndef1se00","6","FAAt701","BEA_API"
1990,42,"Commercial",16045,"k1gndef1se00","6","FAAt701","BEA_API"
1991,42,"Commercial",16242,"k1gndef1se00","6","FAAt701","BEA_API"
1992,42,"Commercial",16705,"k1gndef1se00","6","FAAt701","BEA_API"
1993,42,"Commercial",17447,"k1gndef1se00","6","FAAt701","BEA_API"
1994,42,"Commercial",17936,"k1gndef1se00","6","FAAt701","BEA_API"
1995,42,"Commercial",18172,"k1gndef1se00","6","FAAt701","BEA_API"
1996,42,"Commercial",18922,"k1gndef1se00","6","FAAt701","BEA_API"
1997,42,"Commercial",19764,"k1gndef1se00","6","FAAt701","BEA_API"
1998,42,"Commercial",21127,"k1gndef1se00","6","FAAt701","BEA_API"
1999,42,"Commercial",23625,"k1gndef1se00","6","FAAt701","BEA_API"
2000,42,"Commercial",24203,"k1gndef1se00","6","FAAt701","BEA_API"
2001,42,"Commercial",24672,"k1gndef1se00","6","FAAt701","BEA_API"
2002,42,"Commercial",25344,"k1gndef1se00","6","FAAt701","BEA_API"
2003,42,"Commercial",26348,"k1gndef1se00","6","FAAt701","BEA_API"
2004,42,"Commercial",28601,"k1gndef1se00","6","FAAt701","BEA_API"
2005,42,"Commercial",30673,"k1gndef1se00","6","FAAt701","BEA_API"
2006,42,"Commercial",32879,"k1gndef1se00","6","FAAt701","BEA_API"
2007,42,"Commercial",34154,"k1gndef1se00","6","FAAt701","BEA_API"
2008,42,"Commercial",34935,"k1gndef1se00","6","FAAt701","BEA_API"
2009,42,"Commercial",32686,"k1gndef1se00","6","FAAt701","BEA_API"
2010,42,"Commercial",33035,"k1gndef1se00","6","FAAt701","BEA_API"
2011,42,"Commercial",33764,"k1gndef1se00","6","FAAt701","BEA_API"
2012,42,"Commercial",34858,"k1gndef1se00","6","FAAt701","BEA_API"
2013,42,"Commercial",36801,"k1gndef1se00","6","FAAt701","BEA_API"
2014,42,"Commercial",38265,"k1gndef1se00","6","FAAt701","BEA_API"
2015,42,"Commercial",39299,"k1gndef1se00","6","FAAt701","BEA_API"
2016,42,"Commercial",41342,"k1gndef1se00","6","FAAt701","BEA_API"
2017,42,"Commercial",42356,"k1gndef1se00","6","FAAt701","BEA_API"
2018,42,"Commercial",45014,"k1gndef1se00","6","FAAt701","BEA_API"
2019,42,"Commercial",46842,"k1gndef1se00","6","FAAt701","BEA_API"
2020,42,"Commercial",47528,"k1gndef1se00","6","FAAt701","BEA_API"
2021,42,"Commercial",51859,"k1gndef1se00","6","FAAt701","BEA_API"
2022,42,"Commercial",57517,"k1gndef1se00","6","FAAt701","BEA_API"
2023,42,"Commercial",59946,"k1gndef1se00","6","FAAt701","BEA_API"
2024,42,"Commercial",61106,"k1gndef1se00","6","FAAt701","BEA_API"
1925,43,"Health care",0,"k1gndef1sf00","6","FAAt701","BEA_API"
1926,43,"Health care",0,"k1gndef1sf00","6","FAAt701","BEA_API"
1927,43,"Health care",0,"k1gndef1sf00","6","FAAt701","BEA_API"
1928,43,"Health care",0,"k1gndef1sf00","6","FAAt701","BEA_API"
1929,43,"Health care",1,"k1gndef1sf00","6","FAAt701","BEA_API"
1930,43,"Health care",2,"k1gndef1sf00","6","FAAt701","BEA_API"
1931,43,"Health care",3,"k1gndef1sf00","6","FAAt701","BEA_API"
1932,43,"Health care",5,"k1gndef1sf00","6","FAAt701","BEA_API"
1933,43,"Health care",8,"k1gndef1sf00","6","FAAt701","BEA_API"
1934,43,"Health care",13,"k1gndef1sf00","6","FAAt701","BEA_API"
1935,43,"Health care",19,"k1gndef1sf00","6","FAAt701","BEA_API"
1936,43,"Health care",28,"k1gndef1sf00","6","FAAt701","BEA_API"
1937,43,"Health care",36,"k1gndef1sf00","6","FAAt701","BEA_API"
1938,43,"Health care",38,"k1gndef1sf00","6","FAAt701","BEA_API"
1939,43,"Health care",38,"k1gndef1sf00","6","FAAt701","BEA_API"
1940,43,"Health care",41,"k1gndef1sf00","6","FAAt701","BEA_API"
1941,43,"Health care",44,"k1gndef1sf00","6","FAAt701","BEA_API"
1942,43,"Health care",45,"k1gndef1sf00","6","FAAt701","BEA_API"
1943,43,"Health care",48,"k1gndef1sf00","6","FAAt701","BEA_API"
1944,43,"Health care",47,"k1gndef1sf00","6","FAAt701","BEA_API"
1945,43,"Health care",50,"k1gndef1sf00","6","FAAt701","BEA_API"
1946,43,"Health care",63,"k1gndef1sf00","6","FAAt701","BEA_API"
1947,43,"Health care",145,"k1gndef1sf00","6","FAAt701","BEA_API"
1948,43,"Health care",319,"k1gndef1sf00","6","FAAt701","BEA_API"
1949,43,"Health care",622,"k1gndef1sf00","6","FAAt701","BEA_API"
1950,43,"Health care",987,"k1gndef1sf00","6","FAAt701","BEA_API"
1951,43,"Health care",1251,"k1gndef1sf00","6","FAAt701","BEA_API"
1952,43,"Health care",1374,"k1gndef1sf00","6","FAAt701","BEA_API"
1953,43,"Health care",1456,"k1gndef1sf00","6","FAAt701","BEA_API"
1954,43,"Health care",1329,"k1gndef1sf00","6","FAAt701","BEA_API"
1955,43,"Health care",1569,"k1gndef1sf00","6","FAAt701","BEA_API"
1956,43,"Health care",1717,"k1gndef1sf00","6","FAAt701","BEA_API"
1957,43,"Health care",1816,"k1gndef1sf00","6","FAAt701","BEA_API"
1958,43,"Health care",1746,"k1gndef1sf00","6","FAAt701","BEA_API"
1959,43,"Health care",1796,"k1gndef1sf00","6","FAAt701","BEA_API"
1960,43,"Health care",1888,"k1gndef1sf00","6","FAAt701","BEA_API"
1961,43,"Health care",2013,"k1gndef1sf00","6","FAAt701","BEA_API"
1962,43,"Health care",2118,"k1gndef1sf00","6","FAAt701","BEA_API"
1963,43,"Health care",2287,"k1gndef1sf00","6","FAAt701","BEA_API"
1964,43,"Health care",2490,"k1gndef1sf00","6","FAAt701","BEA_API"
1965,43,"Health care",2731,"k1gndef1sf00","6","FAAt701","BEA_API"
1966,43,"Health care",2913,"k1gndef1sf00","6","FAAt701","BEA_API"
1967,43,"Health care",3108,"k1gndef1sf00","6","FAAt701","BEA_API"
1968,43,"Health care",3436,"k1gndef1sf00","6","FAAt701","BEA_API"
1969,43,"Health care",3827,"k1gndef1sf00","6","FAAt701","BEA_API"
1970,43,"Health care",4297,"k1gndef1sf00","6","FAAt701","BEA_API"
1971,43,"Health care",4877,"k1gndef1sf00","6","FAAt701","BEA_API"
1972,43,"Health care",5345,"k1gndef1sf00","6","FAAt701","BEA_API"
1973,43,"Health care",5811,"k1gndef1sf00","6","FAAt701","BEA_API"
1974,43,"Health care",7014,"k1gndef1sf00","6","FAAt701","BEA_API"
1975,43,"Health care",7324,"k1gndef1sf00","6","FAAt701","BEA_API"
1976,43,"Health care",7777,"k1gndef1sf00","6","FAAt701","BEA_API"
1977,43,"Health care",8428,"k1gndef1sf00","6","FAAt701","BEA_API"
1978,43,"Health care",9637,"k1gndef1sf00","6","FAAt701","BEA_API"
1979,43,"Health care",11192,"k1gndef1sf00","6","FAAt701","BEA_API"
1980,43,"Health care",12836,"k1gndef1sf00","6","FAAt701","BEA_API"
1981,43,"Health care",14283,"k1gndef1sf00","6","FAAt701","BEA_API"
1982,43,"Health care",15355,"k1gndef1sf00","6","FAAt701","BEA_API"
1983,43,"Health care",16204,"k1gndef1sf00","6","FAAt701","BEA_API"
1984,43,"Health care",17326,"k1gndef1sf00","6","FAAt701","BEA_API"
1985,43,"Health care",18286,"k1gndef1sf00","6","FAAt701","BEA_API"
1986,43,"Health care",19552,"k1gndef1sf00","6","FAAt701","BEA_API"
1987,43,"Health care",20895,"k1gndef1sf00","6","FAAt701","BEA_API"
1988,43,"Health care",22157,"k1gndef1sf00","6","FAAt701","BEA_API"
1989,43,"Health care",23384,"k1gndef1sf00","6","FAAt701","BEA_API"
1990,43,"Health care",24496,"k1gndef1sf00","6","FAAt701","BEA_API"
1991,43,"Health care",24975,"k1gndef1sf00","6","FAAt701","BEA_API"
1992,43,"Health care",26032,"k1gndef1sf00","6","FAAt701","BEA_API"
1993,43,"Health care",27574,"k1gndef1sf00","6","FAAt701","BEA_API"
1994,43,"Health care",29360,"k1gndef1sf00","6","FAAt701","BEA_API"
1995,43,"Health care",30634,"k1gndef1sf00","6","FAAt701","BEA_API"
1996,43,"Health care",32244,"k1gndef1sf00","6","FAAt701","BEA_API"
1997,43,"Health care",34170,"k1gndef1sf00","6","FAAt701","BEA_API"
1998,43,"Health care",35885,"k1gndef1sf00","6","FAAt701","BEA_API"
1999,43,"Health care",37613,"k1gndef1sf00","6","FAAt701","BEA_API"
2000,43,"Health care",39309,"k1gndef1sf00","6","FAAt701","BEA_API"
2001,43,"Health care",40746,"k1gndef1sf00","6","FAAt701","BEA_API"
2002,43,"Health care",41858,"k1gndef1sf00","6","FAAt701","BEA_API"
2003,43,"Health care",43045,"k1gndef1sf00","6","FAAt701","BEA_API"
2004,43,"Health care",46320,"k1gndef1sf00","6","FAAt701","BEA_API"
2005,43,"Health care",50339,"k1gndef1sf00","6","FAAt701","BEA_API"
2006,43,"Health care",53669,"k1gndef1sf00","6","FAAt701","BEA_API"
2007,43,"Health care",55273,"k1gndef1sf00","6","FAAt701","BEA_API"
2008,43,"Health care",55359,"k1gndef1sf00","6","FAAt701","BEA_API"
2009,43,"Health care",52316,"k1gndef1sf00","6","FAAt701","BEA_API"
2010,43,"Health care",52871,"k1gndef1sf00","6","FAAt701","BEA_API"
2011,43,"Health care",55104,"k1gndef1sf00","6","FAAt701","BEA_API"
2012,43,"Health care",57487,"k1gndef1sf00","6","FAAt701","BEA_API"
2013,43,"Health care",61195,"k1gndef1sf00","6","FAAt701","BEA_API"
2014,43,"Health care",63382,"k1gndef1sf00","6","FAAt701","BEA_API"
2015,43,"Health care",64714,"k1gndef1sf00","6","FAAt701","BEA_API"
2016,43,"Health care",65933,"k1gndef1sf00","6","FAAt701","BEA_API"
2017,43,"Health care",68882,"k1gndef1sf00","6","FAAt701","BEA_API"
2018,43,"Health care",73317,"k1gndef1sf00","6","FAAt701","BEA_API"
2019,43,"Health care",76310,"k1gndef1sf00","6","FAAt701","BEA_API"
2020,43,"Health care",77789,"k1gndef1sf00","6","FAAt701","BEA_API"
2021,43,"Health care",87968,"k1gndef1sf00","6","FAAt701","BEA_API"
2022,43,"Health care",104571,"k1gndef1sf00","6","FAAt701","BEA_API"
2023,43,"Health care",105266,"k1gndef1sf00","6","FAAt701","BEA_API"
2024,43,"Health care",106772,"k1gndef1sf00","6","FAAt701","BEA_API"
1925,44,"Educational",0,"k1gndef1sg00","6","FAAt701","BEA_API"
1926,44,"Educational",0,"k1gndef1sg00","6","FAAt701","BEA_API"
1927,44,"Educational",0,"k1gndef1sg00","6","FAAt701","BEA_API"
1928,44,"Educational",0,"k1gndef1sg00","6","FAAt701","BEA_API"
1929,44,"Educational",2,"k1gndef1sg00","6","FAAt701","BEA_API"
1930,44,"Educational",3,"k1gndef1sg00","6","FAAt701","BEA_API"
1931,44,"Educational",5,"k1gndef1sg00","6","FAAt701","BEA_API"
1932,44,"Educational",8,"k1gndef1sg00","6","FAAt701","BEA_API"
1933,44,"Educational",15,"k1gndef1sg00","6","FAAt701","BEA_API"
1934,44,"Educational",22,"k1gndef1sg00","6","FAAt701","BEA_API"
1935,44,"Educational",30,"k1gndef1sg00","6","FAAt701","BEA_API"
1936,44,"Educational",42,"k1gndef1sg00","6","FAAt701","BEA_API"
1937,44,"Educational",54,"k1gndef1sg00","6","FAAt701","BEA_API"
1938,44,"Educational",59,"k1gndef1sg00","6","FAAt701","BEA_API"
1939,44,"Educational",68,"k1gndef1sg00","6","FAAt701","BEA_API"
1940,44,"Educational",163,"k1gndef1sg00","6","FAAt701","BEA_API"
1941,44,"Educational",254,"k1gndef1sg00","6","FAAt701","BEA_API"
1942,44,"Educational",365,"k1gndef1sg00","6","FAAt701","BEA_API"
1943,44,"Educational",470,"k1gndef1sg00","6","FAAt701","BEA_API"
1944,44,"Educational",491,"k1gndef1sg00","6","FAAt701","BEA_API"
1945,44,"Educational",539,"k1gndef1sg00","6","FAAt701","BEA_API"
1946,44,"Educational",733,"k1gndef1sg00","6","FAAt701","BEA_API"
1947,44,"Educational",974,"k1gndef1sg00","6","FAAt701","BEA_API"
1948,44,"Educational",993,"k1gndef1sg00","6","FAAt701","BEA_API"
1949,44,"Educational",942,"k1gndef1sg00","6","FAAt701","BEA_API"
1950,44,"Educational",1082,"k1gndef1sg00","6","FAAt701","BEA_API"
1951,44,"Educational",1278,"k1gndef1sg00","6","FAAt701","BEA_API"
1952,44,"Educational",1293,"k1gndef1sg00","6","FAAt701","BEA_API"
1953,44,"Educational",1229,"k1gndef1sg00","6","FAAt701","BEA_API"
1954,44,"Educational",1273,"k1gndef1sg00","6","FAAt701","BEA_API"
1955,44,"Educational",1584,"k1gndef1sg00","6","FAAt701","BEA_API"
1956,44,"Educational",1617,"k1gndef1sg00","6","FAAt701","BEA_API"
1957,44,"Educational",1932,"k1gndef1sg00","6","FAAt701","BEA_API"
1958,44,"Educational",1974,"k1gndef1sg00","6","FAAt701","BEA_API"
1959,44,"Educational",2012,"k1gndef1sg00","6","FAAt701","BEA_API"
1960,44,"Educational",2042,"k1gndef1sg00","6","FAAt701","BEA_API"
1961,44,"Educational",2136,"k1gndef1sg00","6","FAAt701","BEA_API"
1962,44,"Educational",2247,"k1gndef1sg00","6","FAAt701","BEA_API"
1963,44,"Educational",2372,"k1gndef1sg00","6","FAAt701","BEA_API"
1964,44,"Educational",2561,"k1gndef1sg00","6","FAAt701","BEA_API"
1965,44,"Educational",2749,"k1gndef1sg00","6","FAAt701","BEA_API"
1966,44,"Educational",2970,"k1gndef1sg00","6","FAAt701","BEA_API"
1967,44,"Educational",3156,"k1gndef1sg00","6","FAAt701","BEA_API"
1968,44,"Educational",3449,"k1gndef1sg00","6","FAAt701","BEA_API"
1969,44,"Educational",3722,"k1gndef1sg00","6","FAAt701","BEA_API"
1970,44,"Educational",4024,"k1gndef1sg00","6","FAAt701","BEA_API"
1971,44,"Educational",4488,"k1gndef1sg00","6","FAAt701","BEA_API"
1972,44,"Educational",4913,"k1gndef1sg00","6","FAAt701","BEA_API"
1973,44,"Educational",5448,"k1gndef1sg00","6","FAAt701","BEA_API"
1974,44,"Educational",6357,"k1gndef1sg00","6","FAAt701","BEA_API"
1975,44,"Educational",6720,"k1gndef1sg00","6","FAAt701","BEA_API"
1976,44,"Educational",7233,"k1gndef1sg00","6","FAAt701","BEA_API"
1977,44,"Educational",8034,"k1gndef1sg00","6","FAAt701","BEA_API"
1978,44,"Educational",9032,"k1gndef1sg00","6","FAAt701","BEA_API"
1979,44,"Educational",10376,"k1gndef1sg00","6","FAAt701","BEA_API"
1980,44,"Educational",11761,"k1gndef1sg00","6","FAAt701","BEA_API"
1981,44,"Educational",12855,"k1gndef1sg00","6","FAAt701","BEA_API"
1982,44,"Educational",13595,"k1gndef1sg00","6","FAAt701","BEA_API"
1983,44,"Educational",14154,"k1gndef1sg00","6","FAAt701","BEA_API"
1984,44,"Educational",14883,"k1gndef1sg00","6","FAAt701","BEA_API"
1985,44,"Educational",15413,"k1gndef1sg00","6","FAAt701","BEA_API"
1986,44,"Educational",16137,"k1gndef1sg00","6","FAAt701","BEA_API"
1987,44,"Educational",16853,"k1gndef1sg00","6","FAAt701","BEA_API"
1988,44,"Educational",17515,"k1gndef1sg00","6","FAAt701","BEA_API"
1989,44,"Educational",18178,"k1gndef1sg00","6","FAAt701","BEA_API"
1990,44,"Educational",18745,"k1gndef1sg00","6","FAAt701","BEA_API"
1991,44,"Educational",19038,"k1gndef1sg00","6","FAAt701","BEA_API"
1992,44,"Educational",19806,"k1gndef1sg00","6","FAAt701","BEA_API"
1993,44,"Educational",20773,"k1gndef1sg00","6","FAAt701","BEA_API"
1994,44,"Educational",22167,"k1gndef1sg00","6","FAAt701","BEA_API"
1995,44,"Educational",22899,"k1gndef1sg00","6","FAAt701","BEA_API"
1996,44,"Educational",23876,"k1gndef1sg00","6","FAAt701","BEA_API"
1997,44,"Educational",24731,"k1gndef1sg00","6","FAAt701","BEA_API"
1998,44,"Educational",25640,"k1gndef1sg00","6","FAAt701","BEA_API"
1999,44,"Educational",26424,"k1gndef1sg00","6","FAAt701","BEA_API"
2000,44,"Educational",27272,"k1gndef1sg00","6","FAAt701","BEA_API"
2001,44,"Educational",28343,"k1gndef1sg00","6","FAAt701","BEA_API"
2002,44,"Educational",29427,"k1gndef1sg00","6","FAAt701","BEA_API"
2003,44,"Educational",30133,"k1gndef1sg00","6","FAAt701","BEA_API"
2004,44,"Educational",32727,"k1gndef1sg00","6","FAAt701","BEA_API"
2005,44,"Educational",34674,"k1gndef1sg00","6","FAAt701","BEA_API"
2006,44,"Educational",37786,"k1gndef1sg00","6","FAAt701","BEA_API"
2007,44,"Educational",39174,"k1gndef1sg00","6","FAAt701","BEA_API"
2008,44,"Educational",42848,"k1gndef1sg00","6","FAAt701","BEA_API"
2009,44,"Educational",42091,"k1gndef1sg00","6","FAAt701","BEA_API"
2010,44,"Educational",42220,"k1gndef1sg00","6","FAAt701","BEA_API"
2011,44,"Educational",43884,"k1gndef1sg00","6","FAAt701","BEA_API"
2012,44,"Educational",44044,"k1gndef1sg00","6","FAAt701","BEA_API"
2013,44,"Educational",45333,"k1gndef1sg00","6","FAAt701","BEA_API"
2014,44,"Educational",45893,"k1gndef1sg00","6","FAAt701","BEA_API"
2015,44,"Educational",46347,"k1gndef1sg00","6","FAAt701","BEA_API"
2016,44,"Educational",45913,"k1gndef1sg00","6","FAAt701","BEA_API"
2017,44,"Educational",46960,"k1gndef1sg00","6","FAAt701","BEA_API"
2018,44,"Educational",48885,"k1gndef1sg00","6","FAAt701","BEA_API"
2019,44,"Educational",50416,"k1gndef1sg00","6","FAAt701","BEA_API"
2020,44,"Educational",50095,"k1gndef1sg00","6","FAAt701","BEA_API"
2021,44,"Educational",54480,"k1gndef1sg00","6","FAAt701","BEA_API"
2022,44,"Educational",62738,"k1gndef1sg00","6","FAAt701","BEA_API"
2023,44,"Educational",61466,"k1gndef1sg00","6","FAAt701","BEA_API"
2024,44,"Educational",61710,"k1gndef1sg00","6","FAAt701","BEA_API"
1925,45,"Public safety",0,"k1gndef1si00","6","FAAt701","BEA_API"
1926,45,"Public safety",0,"k1gndef1si00","6","FAAt701","BEA_API"
1927,45,"Public safety",0,"k1gndef1si00","6","FAAt701","BEA_API"
1928,45,"Public safety",0,"k1gndef1si00","6","FAAt701","BEA_API"
1929,45,"Public safety",1,"k1gndef1si00","6","FAAt701","BEA_API"
1930,45,"Public safety",2,"k1gndef1si00","6","FAAt701","BEA_API"
1931,45,"Public safety",2,"k1gndef1si00","6","FAAt701","BEA_API"
1932,45,"Public safety",3,"k1gndef1si00","6","FAAt701","BEA_API"
1933,45,"Public safety",4,"k1gndef1si00","6","FAAt701","BEA_API"
1934,45,"Public safety",6,"k1gndef1si00","6","FAAt701","BEA_API"
1935,45,"Public safety",9,"k1gndef1si00","6","FAAt701","BEA_API"
1936,45,"Public safety",11,"k1gndef1si00","6","FAAt701","BEA_API"
1937,45,"Public safety",14,"k1gndef1si00","6","FAAt701","BEA_API"
1938,45,"Public safety",16,"k1gndef1si00","6","FAAt701","BEA_API"
1939,45,"Public safety",18,"k1gndef1si00","6","FAAt701","BEA_API"
1940,45,"Public safety",47,"k1gndef1si00","6","FAAt701","BEA_API"
1941,45,"Public safety",78,"k1gndef1si00","6","FAAt701","BEA_API"
1942,45,"Public safety",100,"k1gndef1si00","6","FAAt701","BEA_API"
1943,45,"Public safety",126,"k1gndef1si00","6","FAAt701","BEA_API"
1944,45,"Public safety",140,"k1gndef1si00","6","FAAt701","BEA_API"
1945,45,"Public safety",161,"k1gndef1si00","6","FAAt701","BEA_API"
1946,45,"Public safety",223,"k1gndef1si00","6","FAAt701","BEA_API"
1947,45,"Public safety",321,"k1gndef1si00","6","FAAt701","BEA_API"
1948,45,"Public safety",331,"k1gndef1si00","6","FAAt701","BEA_API"
1949,45,"Public safety",333,"k1gndef1si00","6","FAAt701","BEA_API"
1950,45,"Public safety",406,"k1gndef1si00","6","FAAt701","BEA_API"
1951,45,"Public safety",464,"k1gndef1si00","6","FAAt701","BEA_API"
1952,45,"Public safety",471,"k1gndef1si00","6","FAAt701","BEA_API"
1953,45,"Public safety",478,"k1gndef1si00","6","FAAt701","BEA_API"
1954,45,"Public safety",476,"k1gndef1si00","6","FAAt701","BEA_API"
1955,45,"Public safety",543,"k1gndef1si00","6","FAAt701","BEA_API"
1956,45,"Public safety",559,"k1gndef1si00","6","FAAt701","BEA_API"
1957,45,"Public safety",603,"k1gndef1si00","6","FAAt701","BEA_API"
1958,45,"Public safety",597,"k1gndef1si00","6","FAAt701","BEA_API"
1959,45,"Public safety",656,"k1gndef1si00","6","FAAt701","BEA_API"
1960,45,"Public safety",739,"k1gndef1si00","6","FAAt701","BEA_API"
1961,45,"Public safety",854,"k1gndef1si00","6","FAAt701","BEA_API"
1962,45,"Public safety",977,"k1gndef1si00","6","FAAt701","BEA_API"
1963,45,"Public safety",1093,"k1gndef1si00","6","FAAt701","BEA_API"
1964,45,"Public safety",1214,"k1gndef1si00","6","FAAt701","BEA_API"
1965,45,"Public safety",1326,"k1gndef1si00","6","FAAt701","BEA_API"
1966,45,"Public safety",1516,"k1gndef1si00","6","FAAt701","BEA_API"
1967,45,"Public safety",1680,"k1gndef1si00","6","FAAt701","BEA_API"
1968,45,"Public safety",1981,"k1gndef1si00","6","FAAt701","BEA_API"
1969,45,"Public safety",2311,"k1gndef1si00","6","FAAt701","BEA_API"
1970,45,"Public safety",2690,"k1gndef1si00","6","FAAt701","BEA_API"
1971,45,"Public safety",3161,"k1gndef1si00","6","FAAt701","BEA_API"
1972,45,"Public safety",3635,"k1gndef1si00","6","FAAt701","BEA_API"
1973,45,"Public safety",4227,"k1gndef1si00","6","FAAt701","BEA_API"
1974,45,"Public safety",5223,"k1gndef1si00","6","FAAt701","BEA_API"
1975,45,"Public safety",5894,"k1gndef1si00","6","FAAt701","BEA_API"
1976,45,"Public safety",6713,"k1gndef1si00","6","FAAt701","BEA_API"
1977,45,"Public safety",7924,"k1gndef1si00","6","FAAt701","BEA_API"
1978,45,"Public safety",9549,"k1gndef1si00","6","FAAt701","BEA_API"
1979,45,"Public safety",11568,"k1gndef1si00","6","FAAt701","BEA_API"
1980,45,"Public safety",13758,"k1gndef1si00","6","FAAt701","BEA_API"
1981,45,"Public safety",15736,"k1gndef1si00","6","FAAt701","BEA_API"
1982,45,"Public safety",17314,"k1gndef1si00","6","FAAt701","BEA_API"
1983,45,"Public safety",18597,"k1gndef1si00","6","FAAt701","BEA_API"
1984,45,"Public safety",20506,"k1gndef1si00","6","FAAt701","BEA_API"
1985,45,"Public safety",21628,"k1gndef1si00","6","FAAt701","BEA_API"
1986,45,"Public safety",23378,"k1gndef1si00","6","FAAt701","BEA_API"
1987,45,"Public safety",25142,"k1gndef1si00","6","FAAt701","BEA_API"
1988,45,"Public safety",26264,"k1gndef1si00","6","FAAt701","BEA_API"
1989,45,"Public safety",27467,"k1gndef1si00","6","FAAt701","BEA_API"
1990,45,"Public safety",28840,"k1gndef1si00","6","FAAt701","BEA_API"
1991,45,"Public safety",29778,"k1gndef1si00","6","FAAt701","BEA_API"
1992,45,"Public safety",31753,"k1gndef1si00","6","FAAt701","BEA_API"
1993,45,"Public safety",34456,"k1gndef1si00","6","FAAt701","BEA_API"
1994,45,"Public safety",37377,"k1gndef1si00","6","FAAt701","BEA_API"
1995,45,"Public safety",39471,"k1gndef1si00","6","FAAt701","BEA_API"
1996,45,"Public safety",41731,"k1gndef1si00","6","FAAt701","BEA_API"
1997,45,"Public safety",44526,"k1gndef1si00","6","FAAt701","BEA_API"
1998,45,"Public safety",47487,"k1gndef1si00","6","FAAt701","BEA_API"
1999,45,"Public safety",50560,"k1gndef1si00","6","FAAt701","BEA_API"
2000,45,"Public safety",53467,"k1gndef1si00","6","FAAt701","BEA_API"
2001,45,"Public safety",55642,"k1gndef1si00","6","FAAt701","BEA_API"
2002,45,"Public safety",57307,"k1gndef1si00","6","FAAt701","BEA_API"
2003,45,"Public safety",58790,"k1gndef1si00","6","FAAt701","BEA_API"
2004,45,"Public safety",62809,"k1gndef1si00","6","FAAt701","BEA_API"
2005,45,"Public safety",67474,"k1gndef1si00","6","FAAt701","BEA_API"
2006,45,"Public safety",71169,"k1gndef1si00","6","FAAt701","BEA_API"
2007,45,"Public safety",72466,"k1gndef1si00","6","FAAt701","BEA_API"
2008,45,"Public safety",71881,"k1gndef1si00","6","FAAt701","BEA_API"
2009,45,"Public safety",66278,"k1gndef1si00","6","FAAt701","BEA_API"
2010,45,"Public safety",64874,"k1gndef1si00","6","FAAt701","BEA_API"
2011,45,"Public safety",65260,"k1gndef1si00","6","FAAt701","BEA_API"
2012,45,"Public safety",66320,"k1gndef1si00","6","FAAt701","BEA_API"
2013,45,"Public safety",69256,"k1gndef1si00","6","FAAt701","BEA_API"
2014,45,"Public safety",71146,"k1gndef1si00","6","FAAt701","BEA_API"
2015,45,"Public safety",72395,"k1gndef1si00","6","FAAt701","BEA_API"
2016,45,"Public safety",75267,"k1gndef1si00","6","FAAt701","BEA_API"
2017,45,"Public safety",77461,"k1gndef1si00","6","FAAt701","BEA_API"
2018,45,"Public safety",80542,"k1gndef1si00","6","FAAt701","BEA_API"
2019,45,"Public safety",84220,"k1gndef1si00","6","FAAt701","BEA_API"
2020,45,"Public safety",91466,"k1gndef1si00","6","FAAt701","BEA_API"
2021,45,"Public safety",100009,"k1gndef1si00","6","FAAt701","BEA_API"
2022,45,"Public safety",108084,"k1gndef1si00","6","FAAt701","BEA_API"
2023,45,"Public safety",109756,"k1gndef1si00","6","FAAt701","BEA_API"
2024,45,"Public safety",110644,"k1gndef1si00","6","FAAt701","BEA_API"
1925,46,"Amusement and recreation",0,"k1gndef1sk00","6","FAAt701","BEA_API"
1926,46,"Amusement and recreation",0,"k1gndef1sk00","6","FAAt701","BEA_API"
1927,46,"Amusement and recreation",0,"k1gndef1sk00","6","FAAt701","BEA_API"
1928,46,"Amusement and recreation",0,"k1gndef1sk00","6","FAAt701","BEA_API"
1929,46,"Amusement and recreation",1,"k1gndef1sk00","6","FAAt701","BEA_API"
1930,46,"Amusement and recreation",3,"k1gndef1sk00","6","FAAt701","BEA_API"
1931,46,"Amusement and recreation",4,"k1gndef1sk00","6","FAAt701","BEA_API"
1932,46,"Amusement and recreation",8,"k1gndef1sk00","6","FAAt701","BEA_API"
1933,46,"Amusement and recreation",15,"k1gndef1sk00","6","FAAt701","BEA_API"
1934,46,"Amusement and recreation",22,"k1gndef1sk00","6","FAAt701","BEA_API"
1935,46,"Amusement and recreation",26,"k1gndef1sk00","6","FAAt701","BEA_API"
1936,46,"Amusement and recreation",30,"k1gndef1sk00","6","FAAt701","BEA_API"
1937,46,"Amusement and recreation",42,"k1gndef1sk00","6","FAAt701","BEA_API"
1938,46,"Amusement and recreation",56,"k1gndef1sk00","6","FAAt701","BEA_API"
1939,46,"Amusement and recreation",65,"k1gndef1sk00","6","FAAt701","BEA_API"
1940,46,"Amusement and recreation",67,"k1gndef1sk00","6","FAAt701","BEA_API"
1941,46,"Amusement and recreation",61,"k1gndef1sk00","6","FAAt701","BEA_API"
1942,46,"Amusement and recreation",57,"k1gndef1sk00","6","FAAt701","BEA_API"
1943,46,"Amusement and recreation",52,"k1gndef1sk00","6","FAAt701","BEA_API"
1944,46,"Amusement and recreation",48,"k1gndef1sk00","6","FAAt701","BEA_API"
1945,46,"Amusement and recreation",76,"k1gndef1sk00","6","FAAt701","BEA_API"
1946,46,"Amusement and recreation",103,"k1gndef1sk00","6","FAAt701","BEA_API"
1947,46,"Amusement and recreation",124,"k1gndef1sk00","6","FAAt701","BEA_API"
1948,46,"Amusement and recreation",149,"k1gndef1sk00","6","FAAt701","BEA_API"
1949,46,"Amusement and recreation",335,"k1gndef1sk00","6","FAAt701","BEA_API"
1950,46,"Amusement and recreation",238,"k1gndef1sk00","6","FAAt701","BEA_API"
1951,46,"Amusement and recreation",277,"k1gndef1sk00","6","FAAt701","BEA_API"
1952,46,"Amusement and recreation",321,"k1gndef1sk00","6","FAAt701","BEA_API"
1953,46,"Amusement and recreation",452,"k1gndef1sk00","6","FAAt701","BEA_API"
1954,46,"Amusement and recreation",470,"k1gndef1sk00","6","FAAt701","BEA_API"
1955,46,"Amusement and recreation",604,"k1gndef1sk00","6","FAAt701","BEA_API"
1956,46,"Amusement and recreation",602,"k1gndef1sk00","6","FAAt701","BEA_API"
1957,46,"Amusement and recreation",645,"k1gndef1sk00","6","FAAt701","BEA_API"
1958,46,"Amusement and recreation",701,"k1gndef1sk00","6","FAAt701","BEA_API"
1959,46,"Amusement and recreation",766,"k1gndef1sk00","6","FAAt701","BEA_API"
1960,46,"Amusement and recreation",852,"k1gndef1sk00","6","FAAt701","BEA_API"
1961,46,"Amusement and recreation",930,"k1gndef1sk00","6","FAAt701","BEA_API"
1962,46,"Amusement and recreation",1091,"k1gndef1sk00","6","FAAt701","BEA_API"
1963,46,"Amusement and recreation",1207,"k1gndef1sk00","6","FAAt701","BEA_API"
1964,46,"Amusement and recreation",1380,"k1gndef1sk00","6","FAAt701","BEA_API"
1965,46,"Amusement and recreation",1572,"k1gndef1sk00","6","FAAt701","BEA_API"
1966,46,"Amusement and recreation",1782,"k1gndef1sk00","6","FAAt701","BEA_API"
1967,46,"Amusement and recreation",1937,"k1gndef1sk00","6","FAAt701","BEA_API"
1968,46,"Amusement and recreation",2126,"k1gndef1sk00","6","FAAt701","BEA_API"
1969,46,"Amusement and recreation",2286,"k1gndef1sk00","6","FAAt701","BEA_API"
1970,46,"Amusement and recreation",2541,"k1gndef1sk00","6","FAAt701","BEA_API"
1971,46,"Amusement and recreation",2804,"k1gndef1sk00","6","FAAt701","BEA_API"
1972,46,"Amusement and recreation",3050,"k1gndef1sk00","6","FAAt701","BEA_API"
1973,46,"Amusement and recreation",3464,"k1gndef1sk00","6","FAAt701","BEA_API"
1974,46,"Amusement and recreation",4392,"k1gndef1sk00","6","FAAt701","BEA_API"
1975,46,"Amusement and recreation",4671,"k1gndef1sk00","6","FAAt701","BEA_API"
1976,46,"Amusement and recreation",4815,"k1gndef1sk00","6","FAAt701","BEA_API"
1977,46,"Amusement and recreation",5160,"k1gndef1sk00","6","FAAt701","BEA_API"
1978,46,"Amusement and recreation",5769,"k1gndef1sk00","6","FAAt701","BEA_API"
1979,46,"Amusement and recreation",6607,"k1gndef1sk00","6","FAAt701","BEA_API"
1980,46,"Amusement and recreation",7465,"k1gndef1sk00","6","FAAt701","BEA_API"
1981,46,"Amusement and recreation",8136,"k1gndef1sk00","6","FAAt701","BEA_API"
1982,46,"Amusement and recreation",8555,"k1gndef1sk00","6","FAAt701","BEA_API"
1983,46,"Amusement and recreation",8873,"k1gndef1sk00","6","FAAt701","BEA_API"
1984,46,"Amusement and recreation",9233,"k1gndef1sk00","6","FAAt701","BEA_API"
1985,46,"Amusement and recreation",9570,"k1gndef1sk00","6","FAAt701","BEA_API"
1986,46,"Amusement and recreation",9952,"k1gndef1sk00","6","FAAt701","BEA_API"
1987,46,"Amusement and recreation",10350,"k1gndef1sk00","6","FAAt701","BEA_API"
1988,46,"Amusement and recreation",10845,"k1gndef1sk00","6","FAAt701","BEA_API"
1989,46,"Amusement and recreation",11322,"k1gndef1sk00","6","FAAt701","BEA_API"
1990,46,"Amusement and recreation",11688,"k1gndef1sk00","6","FAAt701","BEA_API"
1991,46,"Amusement and recreation",11950,"k1gndef1sk00","6","FAAt701","BEA_API"
1992,46,"Amusement and recreation",12457,"k1gndef1sk00","6","FAAt701","BEA_API"
1993,46,"Amusement and recreation",13201,"k1gndef1sk00","6","FAAt701","BEA_API"
1994,46,"Amusement and recreation",14082,"k1gndef1sk00","6","FAAt701","BEA_API"
1995,46,"Amusement and recreation",14716,"k1gndef1sk00","6","FAAt701","BEA_API"
1996,46,"Amusement and recreation",15487,"k1gndef1sk00","6","FAAt701","BEA_API"
1997,46,"Amusement and recreation",16389,"k1gndef1sk00","6","FAAt701","BEA_API"
1998,46,"Amusement and recreation",17351,"k1gndef1sk00","6","FAAt701","BEA_API"
1999,46,"Amusement and recreation",18418,"k1gndef1sk00","6","FAAt701","BEA_API"
2000,46,"Amusement and recreation",19483,"k1gndef1sk00","6","FAAt701","BEA_API"
2001,46,"Amusement and recreation",20284,"k1gndef1sk00","6","FAAt701","BEA_API"
2002,46,"Amusement and recreation",20792,"k1gndef1sk00","6","FAAt701","BEA_API"
2003,46,"Amusement and recreation",21446,"k1gndef1sk00","6","FAAt701","BEA_API"
2004,46,"Amusement and recreation",23007,"k1gndef1sk00","6","FAAt701","BEA_API"
2005,46,"Amusement and recreation",24898,"k1gndef1sk00","6","FAAt701","BEA_API"
2006,46,"Amusement and recreation",26314,"k1gndef1sk00","6","FAAt701","BEA_API"
2007,46,"Amusement and recreation",26791,"k1gndef1sk00","6","FAAt701","BEA_API"
2008,46,"Amusement and recreation",26605,"k1gndef1sk00","6","FAAt701","BEA_API"
2009,46,"Amusement and recreation",24583,"k1gndef1sk00","6","FAAt701","BEA_API"
2010,46,"Amusement and recreation",24505,"k1gndef1sk00","6","FAAt701","BEA_API"
2011,46,"Amusement and recreation",24870,"k1gndef1sk00","6","FAAt701","BEA_API"
2012,46,"Amusement and recreation",25296,"k1gndef1sk00","6","FAAt701","BEA_API"
2013,46,"Amusement and recreation",26497,"k1gndef1sk00","6","FAAt701","BEA_API"
2014,46,"Amusement and recreation",27396,"k1gndef1sk00","6","FAAt701","BEA_API"
2015,46,"Amusement and recreation",28161,"k1gndef1sk00","6","FAAt701","BEA_API"
2016,46,"Amusement and recreation",29488,"k1gndef1sk00","6","FAAt701","BEA_API"
2017,46,"Amusement and recreation",30601,"k1gndef1sk00","6","FAAt701","BEA_API"
2018,46,"Amusement and recreation",32037,"k1gndef1sk00","6","FAAt701","BEA_API"
2019,46,"Amusement and recreation",33062,"k1gndef1sk00","6","FAAt701","BEA_API"
2020,46,"Amusement and recreation",33839,"k1gndef1sk00","6","FAAt701","BEA_API"
2021,46,"Amusement and recreation",36806,"k1gndef1sk00","6","FAAt701","BEA_API"
2022,46,"Amusement and recreation",40159,"k1gndef1sk00","6","FAAt701","BEA_API"
2023,46,"Amusement and recreation",41357,"k1gndef1sk00","6","FAAt701","BEA_API"
2024,46,"Amusement and recreation",42304,"k1gndef1sk00","6","FAAt701","BEA_API"
1925,47,"Transportation",0,"k1gndef1sn00","6","FAAt701","BEA_API"
1926,47,"Transportation",0,"k1gndef1sn00","6","FAAt701","BEA_API"
1927,47,"Transportation",0,"k1gndef1sn00","6","FAAt701","BEA_API"
1928,47,"Transportation",0,"k1gndef1sn00","6","FAAt701","BEA_API"
1929,47,"Transportation",3,"k1gndef1sn00","6","FAAt701","BEA_API"
1930,47,"Transportation",6,"k1gndef1sn00","6","FAAt701","BEA_API"
1931,47,"Transportation",10,"k1gndef1sn00","6","FAAt701","BEA_API"
1932,47,"Transportation",16,"k1gndef1sn00","6","FAAt701","BEA_API"
1933,47,"Transportation",28,"k1gndef1sn00","6","FAAt701","BEA_API"
1934,47,"Transportation",39,"k1gndef1sn00","6","FAAt701","BEA_API"
1935,47,"Transportation",55,"k1gndef1sn00","6","FAAt701","BEA_API"
1936,47,"Transportation",67,"k1gndef1sn00","6","FAAt701","BEA_API"
1937,47,"Transportation",73,"k1gndef1sn00","6","FAAt701","BEA_API"
1938,47,"Transportation",80,"k1gndef1sn00","6","FAAt701","BEA_API"
1939,47,"Transportation",89,"k1gndef1sn00","6","FAAt701","BEA_API"
1940,47,"Transportation",111,"k1gndef1sn00","6","FAAt701","BEA_API"
1941,47,"Transportation",159,"k1gndef1sn00","6","FAAt701","BEA_API"
1942,47,"Transportation",204,"k1gndef1sn00","6","FAAt701","BEA_API"
1943,47,"Transportation",221,"k1gndef1sn00","6","FAAt701","BEA_API"
1944,47,"Transportation",210,"k1gndef1sn00","6","FAAt701","BEA_API"
1945,47,"Transportation",203,"k1gndef1sn00","6","FAAt701","BEA_API"
1946,47,"Transportation",223,"k1gndef1sn00","6","FAAt701","BEA_API"
1947,47,"Transportation",272,"k1gndef1sn00","6","FAAt701","BEA_API"
1948,47,"Transportation",338,"k1gndef1sn00","6","FAAt701","BEA_API"
1949,47,"Transportation",349,"k1gndef1sn00","6","FAAt701","BEA_API"
1950,47,"Transportation",412,"k1gndef1sn00","6","FAAt701","BEA_API"
1951,47,"Transportation",509,"k1gndef1sn00","6","FAAt701","BEA_API"
1952,47,"Transportation",591,"k1gndef1sn00","6","FAAt701","BEA_API"
1953,47,"Transportation",621,"k1gndef1sn00","6","FAAt701","BEA_API"
1954,47,"Transportation",642,"k1gndef1sn00","6","FAAt701","BEA_API"
1955,47,"Transportation",708,"k1gndef1sn00","6","FAAt701","BEA_API"
1956,47,"Transportation",820,"k1gndef1sn00","6","FAAt701","BEA_API"
1957,47,"Transportation",874,"k1gndef1sn00","6","FAAt701","BEA_API"
1958,47,"Transportation",944,"k1gndef1sn00","6","FAAt701","BEA_API"
1959,47,"Transportation",974,"k1gndef1sn00","6","FAAt701","BEA_API"
1960,47,"Transportation",990,"k1gndef1sn00","6","FAAt701","BEA_API"
1961,47,"Transportation",1100,"k1gndef1sn00","6","FAAt701","BEA_API"
1962,47,"Transportation",1179,"k1gndef1sn00","6","FAAt701","BEA_API"
1963,47,"Transportation",1370,"k1gndef1sn00","6","FAAt701","BEA_API"
1964,47,"Transportation",1446,"k1gndef1sn00","6","FAAt701","BEA_API"
1965,47,"Transportation",1645,"k1gndef1sn00","6","FAAt701","BEA_API"
1966,47,"Transportation",1853,"k1gndef1sn00","6","FAAt701","BEA_API"
1967,47,"Transportation",2092,"k1gndef1sn00","6","FAAt701","BEA_API"
1968,47,"Transportation",2162,"k1gndef1sn00","6","FAAt701","BEA_API"
1969,47,"Transportation",2595,"k1gndef1sn00","6","FAAt701","BEA_API"
1970,47,"Transportation",2871,"k1gndef1sn00","6","FAAt701","BEA_API"
1971,47,"Transportation",3009,"k1gndef1sn00","6","FAAt701","BEA_API"
1972,47,"Transportation",3065,"k1gndef1sn00","6","FAAt701","BEA_API"
1973,47,"Transportation",3621,"k1gndef1sn00","6","FAAt701","BEA_API"
1974,47,"Transportation",4995,"k1gndef1sn00","6","FAAt701","BEA_API"
1975,47,"Transportation",4627,"k1gndef1sn00","6","FAAt701","BEA_API"
1976,47,"Transportation",4516,"k1gndef1sn00","6","FAAt701","BEA_API"
1977,47,"Transportation",4396,"k1gndef1sn00","6","FAAt701","BEA_API"
1978,47,"Transportation",4551,"k1gndef1sn00","6","FAAt701","BEA_API"
1979,47,"Transportation",5203,"k1gndef1sn00","6","FAAt701","BEA_API"
1980,47,"Transportation",6339,"k1gndef1sn00","6","FAAt701","BEA_API"
1981,47,"Transportation",7263,"k1gndef1sn00","6","FAAt701","BEA_API"
1982,47,"Transportation",7423,"k1gndef1sn00","6","FAAt701","BEA_API"
1983,47,"Transportation",7005,"k1gndef1sn00","6","FAAt701","BEA_API"
1984,47,"Transportation",6750,"k1gndef1sn00","6","FAAt701","BEA_API"
1985,47,"Transportation",6832,"k1gndef1sn00","6","FAAt701","BEA_API"
1986,47,"Transportation",7077,"k1gndef1sn00","6","FAAt701","BEA_API"
1987,47,"Transportation",7491,"k1gndef1sn00","6","FAAt701","BEA_API"
1988,47,"Transportation",7718,"k1gndef1sn00","6","FAAt701","BEA_API"
1989,47,"Transportation",8233,"k1gndef1sn00","6","FAAt701","BEA_API"
1990,47,"Transportation",8848,"k1gndef1sn00","6","FAAt701","BEA_API"
1991,47,"Transportation",9061,"k1gndef1sn00","6","FAAt701","BEA_API"
1992,47,"Transportation",9027,"k1gndef1sn00","6","FAAt701","BEA_API"
1993,47,"Transportation",8793,"k1gndef1sn00","6","FAAt701","BEA_API"
1994,47,"Transportation",8998,"k1gndef1sn00","6","FAAt701","BEA_API"
1995,47,"Transportation",9619,"k1gndef1sn00","6","FAAt701","BEA_API"
1996,47,"Transportation",10326,"k1gndef1sn00","6","FAAt701","BEA_API"
1997,47,"Transportation",10938,"k1gndef1sn00","6","FAAt701","BEA_API"
1998,47,"Transportation",11295,"k1gndef1sn00","6","FAAt701","BEA_API"
1999,47,"Transportation",11988,"k1gndef1sn00","6","FAAt701","BEA_API"
2000,47,"Transportation",12804,"k1gndef1sn00","6","FAAt701","BEA_API"
2001,47,"Transportation",13255,"k1gndef1sn00","6","FAAt701","BEA_API"
2002,47,"Transportation",13898,"k1gndef1sn00","6","FAAt701","BEA_API"
2003,47,"Transportation",13997,"k1gndef1sn00","6","FAAt701","BEA_API"
2004,47,"Transportation",16042,"k1gndef1sn00","6","FAAt701","BEA_API"
2005,47,"Transportation",17674,"k1gndef1sn00","6","FAAt701","BEA_API"
2006,47,"Transportation",19827,"k1gndef1sn00","6","FAAt701","BEA_API"
2007,47,"Transportation",21974,"k1gndef1sn00","6","FAAt701","BEA_API"
2008,47,"Transportation",23094,"k1gndef1sn00","6","FAAt701","BEA_API"
2009,47,"Transportation",23023,"k1gndef1sn00","6","FAAt701","BEA_API"
2010,47,"Transportation",23541,"k1gndef1sn00","6","FAAt701","BEA_API"
2011,47,"Transportation",24877,"k1gndef1sn00","6","FAAt701","BEA_API"
2012,47,"Transportation",25589,"k1gndef1sn00","6","FAAt701","BEA_API"
2013,47,"Transportation",25814,"k1gndef1sn00","6","FAAt701","BEA_API"
2014,47,"Transportation",25604,"k1gndef1sn00","6","FAAt701","BEA_API"
2015,47,"Transportation",25387,"k1gndef1sn00","6","FAAt701","BEA_API"
2016,47,"Transportation",25969,"k1gndef1sn00","6","FAAt701","BEA_API"
2017,47,"Transportation",26713,"k1gndef1sn00","6","FAAt701","BEA_API"
2018,47,"Transportation",27536,"k1gndef1sn00","6","FAAt701","BEA_API"
2019,47,"Transportation",27787,"k1gndef1sn00","6","FAAt701","BEA_API"
2020,47,"Transportation",28509,"k1gndef1sn00","6","FAAt701","BEA_API"
2021,47,"Transportation",31701,"k1gndef1sn00","6","FAAt701","BEA_API"
2022,47,"Transportation",33618,"k1gndef1sn00","6","FAAt701","BEA_API"
2023,47,"Transportation",34988,"k1gndef1sn00","6","FAAt701","BEA_API"
2024,47,"Transportation",35824,"k1gndef1sn00","6","FAAt701","BEA_API"
1949,48,"Power",62,"k1gndef1sp00","6","FAAt701","BEA_API"
1950,48,"Power",64,"k1gndef1sp00","6","FAAt701","BEA_API"
1951,48,"Power",79,"k1gndef1sp00","6","FAAt701","BEA_API"
1952,48,"Power",85,"k1gndef1sp00","6","FAAt701","BEA_API"
1953,48,"Power",112,"k1gndef1sp00","6","FAAt701","BEA_API"
1954,48,"Power",112,"k1gndef1sp00","6","FAAt701","BEA_API"
1955,48,"Power",138,"k1gndef1sp00","6","FAAt701","BEA_API"
1956,48,"Power",135,"k1gndef1sp00","6","FAAt701","BEA_API"
1957,48,"Power",141,"k1gndef1sp00","6","FAAt701","BEA_API"
1958,48,"Power",143,"k1gndef1sp00","6","FAAt701","BEA_API"
1959,48,"Power",159,"k1gndef1sp00","6","FAAt701","BEA_API"
1960,48,"Power",169,"k1gndef1sp00","6","FAAt701","BEA_API"
1961,48,"Power",180,"k1gndef1sp00","6","FAAt701","BEA_API"
1962,48,"Power",192,"k1gndef1sp00","6","FAAt701","BEA_API"
1963,48,"Power",213,"k1gndef1sp00","6","FAAt701","BEA_API"
1964,48,"Power",245,"k1gndef1sp00","6","FAAt701","BEA_API"
1965,48,"Power",278,"k1gndef1sp00","6","FAAt701","BEA_API"
1966,48,"Power",299,"k1gndef1sp00","6","FAAt701","BEA_API"
1967,48,"Power",330,"k1gndef1sp00","6","FAAt701","BEA_API"
1968,48,"Power",354,"k1gndef1sp00","6","FAAt701","BEA_API"
1969,48,"Power",375,"k1gndef1sp00","6","FAAt701","BEA_API"
1970,48,"Power",409,"k1gndef1sp00","6","FAAt701","BEA_API"
1971,48,"Power",444,"k1gndef1sp00","6","FAAt701","BEA_API"
1972,48,"Power",464,"k1gndef1sp00","6","FAAt701","BEA_API"
1973,48,"Power",534,"k1gndef1sp00","6","FAAt701","BEA_API"
1974,48,"Power",642,"k1gndef1sp00","6","FAAt701","BEA_API"
1975,48,"Power",696,"k1gndef1sp00","6","FAAt701","BEA_API"
1976,48,"Power",754,"k1gndef1sp00","6","FAAt701","BEA_API"
1977,48,"Power",783,"k1gndef1sp00","6","FAAt701","BEA_API"
1978,48,"Power",849,"k1gndef1sp00","6","FAAt701","BEA_API"
1979,48,"Power",938,"k1gndef1sp00","6","FAAt701","BEA_API"
1980,48,"Power",1017,"k1gndef1sp00","6","FAAt701","BEA_API"
1981,48,"Power",1082,"k1gndef1sp00","6","FAAt701","BEA_API"
1982,48,"Power",1119,"k1gndef1sp00","6","FAAt701","BEA_API"
1983,48,"Power",1145,"k1gndef1sp00","6","FAAt701","BEA_API"
1984,48,"Power",1172,"k1gndef1sp00","6","FAAt701","BEA_API"
1985,48,"Power",1200,"k1gndef1sp00","6","FAAt701","BEA_API"
1986,48,"Power",1234,"k1gndef1sp00","6","FAAt701","BEA_API"
1987,48,"Power",1323,"k1gndef1sp00","6","FAAt701","BEA_API"
1988,48,"Power",1420,"k1gndef1sp00","6","FAAt701","BEA_API"
1989,48,"Power",1483,"k1gndef1sp00","6","FAAt701","BEA_API"
1990,48,"Power",1531,"k1gndef1sp00","6","FAAt701","BEA_API"
1991,48,"Power",1581,"k1gndef1sp00","6","FAAt701","BEA_API"
1992,48,"Power",1645,"k1gndef1sp00","6","FAAt701","BEA_API"
1993,48,"Power",1700,"k1gndef1sp00","6","FAAt701","BEA_API"
1994,48,"Power",1769,"k1gndef1sp00","6","FAAt701","BEA_API"
1995,48,"Power",1850,"k1gndef1sp00","6","FAAt701","BEA_API"
1996,48,"Power",1898,"k1gndef1sp00","6","FAAt701","BEA_API"
1997,48,"Power",1986,"k1gndef1sp00","6","FAAt701","BEA_API"
1998,48,"Power",2025,"k1gndef1sp00","6","FAAt701","BEA_API"
1999,48,"Power",2097,"k1gndef1sp00","6","FAAt701","BEA_API"
2000,48,"Power",2210,"k1gndef1sp00","6","FAAt701","BEA_API"
2001,48,"Power",2435,"k1gndef1sp00","6","FAAt701","BEA_API"
2002,48,"Power",2763,"k1gndef1sp00","6","FAAt701","BEA_API"
2003,48,"Power",3705,"k1gndef1sp00","6","FAAt701","BEA_API"
2004,48,"Power",4842,"k1gndef1sp00","6","FAAt701","BEA_API"
2005,48,"Power",5778,"k1gndef1sp00","6","FAAt701","BEA_API"
2006,48,"Power",6916,"k1gndef1sp00","6","FAAt701","BEA_API"
2007,48,"Power",7778,"k1gndef1sp00","6","FAAt701","BEA_API"
2008,48,"Power",8922,"k1gndef1sp00","6","FAAt701","BEA_API"
2009,48,"Power",9401,"k1gndef1sp00","6","FAAt701","BEA_API"
2010,48,"Power",10783,"k1gndef1sp00","6","FAAt701","BEA_API"
2011,48,"Power",12300,"k1gndef1sp00","6","FAAt701","BEA_API"
2012,48,"Power",13500,"k1gndef1sp00","6","FAAt701","BEA_API"
2013,48,"Power",14570,"k1gndef1sp00","6","FAAt701","BEA_API"
2014,48,"Power",15878,"k1gndef1sp00","6","FAAt701","BEA_API"
2015,48,"Power",17453,"k1gndef1sp00","6","FAAt701","BEA_API"
2016,48,"Power",18810,"k1gndef1sp00","6","FAAt701","BEA_API"
2017,48,"Power",19615,"k1gndef1sp00","6","FAAt701","BEA_API"
2018,48,"Power",20587,"k1gndef1sp00","6","FAAt701","BEA_API"
2019,48,"Power",21072,"k1gndef1sp00","6","FAAt701","BEA_API"
2020,48,"Power",21411,"k1gndef1sp00","6","FAAt701","BEA_API"
2021,48,"Power",23739,"k1gndef1sp00","6","FAAt701","BEA_API"
2022,48,"Power",26555,"k1gndef1sp00","6","FAAt701","BEA_API"
2023,48,"Power",27486,"k1gndef1sp00","6","FAAt701","BEA_API"
2024,48,"Power",27845,"k1gndef1sp00","6","FAAt701","BEA_API"
1925,49,"Highways and streets",317,"k1gndef1sq00","6","FAAt701","BEA_API"
1926,49,"Highways and streets",318,"k1gndef1sq00","6","FAAt701","BEA_API"
1927,49,"Highways and streets",337,"k1gndef1sq00","6","FAAt701","BEA_API"
1928,49,"Highways and streets",335,"k1gndef1sq00","6","FAAt701","BEA_API"
1929,49,"Highways and streets",364,"k1gndef1sq00","6","FAAt701","BEA_API"
1930,49,"Highways and streets",349,"k1gndef1sq00","6","FAAt701","BEA_API"
1931,49,"Highways and streets",311,"k1gndef1sq00","6","FAAt701","BEA_API"
1932,49,"Highways and streets",348,"k1gndef1sq00","6","FAAt701","BEA_API"
1933,49,"Highways and streets",475,"k1gndef1sq00","6","FAAt701","BEA_API"
1934,49,"Highways and streets",563,"k1gndef1sq00","6","FAAt701","BEA_API"
1935,49,"Highways and streets",671,"k1gndef1sq00","6","FAAt701","BEA_API"
1936,49,"Highways and streets",744,"k1gndef1sq00","6","FAAt701","BEA_API"
1937,49,"Highways and streets",759,"k1gndef1sq00","6","FAAt701","BEA_API"
1938,49,"Highways and streets",796,"k1gndef1sq00","6","FAAt701","BEA_API"
1939,49,"Highways and streets",849,"k1gndef1sq00","6","FAAt701","BEA_API"
1940,49,"Highways and streets",946,"k1gndef1sq00","6","FAAt701","BEA_API"
1941,49,"Highways and streets",1253,"k1gndef1sq00","6","FAAt701","BEA_API"
1942,49,"Highways and streets",1538,"k1gndef1sq00","6","FAAt701","BEA_API"
1943,49,"Highways and streets",1617,"k1gndef1sq00","6","FAAt701","BEA_API"
1944,49,"Highways and streets",1511,"k1gndef1sq00","6","FAAt701","BEA_API"
1945,49,"Highways and streets",1433,"k1gndef1sq00","6","FAAt701","BEA_API"
1946,49,"Highways and streets",1541,"k1gndef1sq00","6","FAAt701","BEA_API"
1947,49,"Highways and streets",1726,"k1gndef1sq00","6","FAAt701","BEA_API"
1948,49,"Highways and streets",1841,"k1gndef1sq00","6","FAAt701","BEA_API"
1949,49,"Highways and streets",1669,"k1gndef1sq00","6","FAAt701","BEA_API"
1950,49,"Highways and streets",1861,"k1gndef1sq00","6","FAAt701","BEA_API"
1951,49,"Highways and streets",2067,"k1gndef1sq00","6","FAAt701","BEA_API"
1952,49,"Highways and streets",2140,"k1gndef1sq00","6","FAAt701","BEA_API"
1953,49,"Highways and streets",1916,"k1gndef1sq00","6","FAAt701","BEA_API"
1954,49,"Highways and streets",1927,"k1gndef1sq00","6","FAAt701","BEA_API"
1955,49,"Highways and streets",2041,"k1gndef1sq00","6","FAAt701","BEA_API"
1956,49,"Highways and streets",2250,"k1gndef1sq00","6","FAAt701","BEA_API"
1957,49,"Highways and streets",2218,"k1gndef1sq00","6","FAAt701","BEA_API"
1958,49,"Highways and streets",2305,"k1gndef1sq00","6","FAAt701","BEA_API"
1959,49,"Highways and streets",2228,"k1gndef1sq00","6","FAAt701","BEA_API"
1960,49,"Highways and streets",2266,"k1gndef1sq00","6","FAAt701","BEA_API"
1961,49,"Highways and streets",2363,"k1gndef1sq00","6","FAAt701","BEA_API"
1962,49,"Highways and streets",2528,"k1gndef1sq00","6","FAAt701","BEA_API"
1963,49,"Highways and streets",2678,"k1gndef1sq00","6","FAAt701","BEA_API"
1964,49,"Highways and streets",2785,"k1gndef1sq00","6","FAAt701","BEA_API"
1965,49,"Highways and streets",3021,"k1gndef1sq00","6","FAAt701","BEA_API"
1966,49,"Highways and streets",3309,"k1gndef1sq00","6","FAAt701","BEA_API"
1967,49,"Highways and streets",3519,"k1gndef1sq00","6","FAAt701","BEA_API"
1968,49,"Highways and streets",3678,"k1gndef1sq00","6","FAAt701","BEA_API"
1969,49,"Highways and streets",4014,"k1gndef1sq00","6","FAAt701","BEA_API"
1970,49,"Highways and streets",4530,"k1gndef1sq00","6","FAAt701","BEA_API"
1971,49,"Highways and streets",4679,"k1gndef1sq00","6","FAAt701","BEA_API"
1972,49,"Highways and streets",4958,"k1gndef1sq00","6","FAAt701","BEA_API"
1973,49,"Highways and streets",5751,"k1gndef1sq00","6","FAAt701","BEA_API"
1974,49,"Highways and streets",7549,"k1gndef1sq00","6","FAAt701","BEA_API"
1975,49,"Highways and streets",7350,"k1gndef1sq00","6","FAAt701","BEA_API"
1976,49,"Highways and streets",7152,"k1gndef1sq00","6","FAAt701","BEA_API"
1977,49,"Highways and streets",7151,"k1gndef1sq00","6","FAAt701","BEA_API"
1978,49,"Highways and streets",7452,"k1gndef1sq00","6","FAAt701","BEA_API"
1979,49,"Highways and streets",8494,"k1gndef1sq00","6","FAAt701","BEA_API"
1980,49,"Highways and streets",10085,"k1gndef1sq00","6","FAAt701","BEA_API"
1981,49,"Highways and streets",11406,"k1gndef1sq00","6","FAAt701","BEA_API"
1982,49,"Highways and streets",11708,"k1gndef1sq00","6","FAAt701","BEA_API"
1983,49,"Highways and streets",11120,"k1gndef1sq00","6","FAAt701","BEA_API"
1984,49,"Highways and streets",10787,"k1gndef1sq00","6","FAAt701","BEA_API"
1985,49,"Highways and streets",11081,"k1gndef1sq00","6","FAAt701","BEA_API"
1986,49,"Highways and streets",11675,"k1gndef1sq00","6","FAAt701","BEA_API"
1987,49,"Highways and streets",12141,"k1gndef1sq00","6","FAAt701","BEA_API"
1988,49,"Highways and streets",12120,"k1gndef1sq00","6","FAAt701","BEA_API"
1989,49,"Highways and streets",12370,"k1gndef1sq00","6","FAAt701","BEA_API"
1990,49,"Highways and streets",12811,"k1gndef1sq00","6","FAAt701","BEA_API"
1991,49,"Highways and streets",13009,"k1gndef1sq00","6","FAAt701","BEA_API"
1992,49,"Highways and streets",13191,"k1gndef1sq00","6","FAAt701","BEA_API"
1993,49,"Highways and streets",13525,"k1gndef1sq00","6","FAAt701","BEA_API"
1994,49,"Highways and streets",14304,"k1gndef1sq00","6","FAAt701","BEA_API"
1995,49,"Highways and streets",15229,"k1gndef1sq00","6","FAAt701","BEA_API"
1996,49,"Highways and streets",15914,"k1gndef1sq00","6","FAAt701","BEA_API"
1997,49,"Highways and streets",16671,"k1gndef1sq00","6","FAAt701","BEA_API"
1998,49,"Highways and streets",17078,"k1gndef1sq00","6","FAAt701","BEA_API"
1999,49,"Highways and streets",17940,"k1gndef1sq00","6","FAAt701","BEA_API"
2000,49,"Highways and streets",19125,"k1gndef1sq00","6","FAAt701","BEA_API"
2001,49,"Highways and streets",19694,"k1gndef1sq00","6","FAAt701","BEA_API"
2002,49,"Highways and streets",20270,"k1gndef1sq00","6","FAAt701","BEA_API"
2003,49,"Highways and streets",20469,"k1gndef1sq00","6","FAAt701","BEA_API"
2004,49,"Highways and streets",23567,"k1gndef1sq00","6","FAAt701","BEA_API"
2005,49,"Highways and streets",26103,"k1gndef1sq00","6","FAAt701","BEA_API"
2006,49,"Highways and streets",29466,"k1gndef1sq00","6","FAAt701","BEA_API"
2007,49,"Highways and streets",32847,"k1gndef1sq00","6","FAAt701","BEA_API"
2008,49,"Highways and streets",34598,"k1gndef1sq00","6","FAAt701","BEA_API"
2009,49,"Highways and streets",34512,"k1gndef1sq00","6","FAAt701","BEA_API"
2010,49,"Highways and streets",35659,"k1gndef1sq00","6","FAAt701","BEA_API"
2011,49,"Highways and streets",37624,"k1gndef1sq00","6","FAAt701","BEA_API"
2012,49,"Highways and streets",38755,"k1gndef1sq00","6","FAAt701","BEA_API"
2013,49,"Highways and streets",39165,"k1gndef1sq00","6","FAAt701","BEA_API"
2014,49,"Highways and streets",38865,"k1gndef1sq00","6","FAAt701","BEA_API"
2015,49,"Highways and streets",38392,"k1gndef1sq00","6","FAAt701","BEA_API"
2016,49,"Highways and streets",39130,"k1gndef1sq00","6","FAAt701","BEA_API"
2017,49,"Highways and streets",40537,"k1gndef1sq00","6","FAAt701","BEA_API"
2018,49,"Highways and streets",41971,"k1gndef1sq00","6","FAAt701","BEA_API"
2019,49,"Highways and streets",42818,"k1gndef1sq00","6","FAAt701","BEA_API"
2020,49,"Highways and streets",43983,"k1gndef1sq00","6","FAAt701","BEA_API"
2021,49,"Highways and streets",49190,"k1gndef1sq00","6","FAAt701","BEA_API"
2022,49,"Highways and streets",52328,"k1gndef1sq00","6","FAAt701","BEA_API"
2023,49,"Highways and streets",54201,"k1gndef1sq00","6","FAAt701","BEA_API"
2024,49,"Highways and streets",54946,"k1gndef1sq00","6","FAAt701","BEA_API"
1925,50,"Conservation and development",1239,"k1gndef1sv00","6","FAAt701","BEA_API"
1926,50,"Conservation and development",1240,"k1gndef1sv00","6","FAAt701","BEA_API"
1927,50,"Conservation and development",1294,"k1gndef1sv00","6","FAAt701","BEA_API"
1928,50,"Conservation and development",1328,"k1gndef1sv00","6","FAAt701","BEA_API"
1929,50,"Conservation and development",1384,"k1gndef1sv00","6","FAAt701","BEA_API"
1930,50,"Conservation and development",1433,"k1gndef1sv00","6","FAAt701","BEA_API"
1931,50,"Conservation and development",1399,"k1gndef1sv00","6","FAAt701","BEA_API"
1932,50,"Conservation and development",1368,"k1gndef1sv00","6","FAAt701","BEA_API"
1933,50,"Conservation and development",1698,"k1gndef1sv00","6","FAAt701","BEA_API"
1934,50,"Conservation and development",2060,"k1gndef1sv00","6","FAAt701","BEA_API"
1935,50,"Conservation and development",2593,"k1gndef1sv00","6","FAAt701","BEA_API"
1936,50,"Conservation and development",3273,"k1gndef1sv00","6","FAAt701","BEA_API"
1937,50,"Conservation and development",3836,"k1gndef1sv00","6","FAAt701","BEA_API"
1938,50,"Conservation and development",4158,"k1gndef1sv00","6","FAAt701","BEA_API"
1939,50,"Conservation and development",4338,"k1gndef1sv00","6","FAAt701","BEA_API"
1940,50,"Conservation and development",4700,"k1gndef1sv00","6","FAAt701","BEA_API"
1941,50,"Conservation and development",4921,"k1gndef1sv00","6","FAAt701","BEA_API"
1942,50,"Conservation and development",5294,"k1gndef1sv00","6","FAAt701","BEA_API"
1943,50,"Conservation and development",5952,"k1gndef1sv00","6","FAAt701","BEA_API"
1944,50,"Conservation and development",6069,"k1gndef1sv00","6","FAAt701","BEA_API"
1945,50,"Conservation and development",7563,"k1gndef1sv00","6","FAAt701","BEA_API"
1946,50,"Conservation and development",9947,"k1gndef1sv00","6","FAAt701","BEA_API"
1947,50,"Conservation and development",11216,"k1gndef1sv00","6","FAAt701","BEA_API"
1948,50,"Conservation and development",12359,"k1gndef1sv00","6","FAAt701","BEA_API"
1949,50,"Conservation and development",12450,"k1gndef1sv00","6","FAAt701","BEA_API"
1950,50,"Conservation and development",11709,"k1gndef1sv00","6","FAAt701","BEA_API"
1951,50,"Conservation and development",12529,"k1gndef1sv00","6","FAAt701","BEA_API"
1952,50,"Conservation and development",13262,"k1gndef1sv00","6","FAAt701","BEA_API"
1953,50,"Conservation and development",13483,"k1gndef1sv00","6","FAAt701","BEA_API"
1954,50,"Conservation and development",13529,"k1gndef1sv00","6","FAAt701","BEA_API"
1955,50,"Conservation and development",14505,"k1gndef1sv00","6","FAAt701","BEA_API"
1956,50,"Conservation and development",16012,"k1gndef1sv00","6","FAAt701","BEA_API"
1957,50,"Conservation and development",16902,"k1gndef1sv00","6","FAAt701","BEA_API"
1958,50,"Conservation and development",17347,"k1gndef1sv00","6","FAAt701","BEA_API"
1959,50,"Conservation and development",17469,"k1gndef1sv00","6","FAAt701","BEA_API"
1960,50,"Conservation and development",18279,"k1gndef1sv00","6","FAAt701","BEA_API"
1961,50,"Conservation and development",19147,"k1gndef1sv00","6","FAAt701","BEA_API"
1962,50,"Conservation and development",20162,"k1gndef1sv00","6","FAAt701","BEA_API"
1963,50,"Conservation and development",21169,"k1gndef1sv00","6","FAAt701","BEA_API"
1964,50,"Conservation and development",22363,"k1gndef1sv00","6","FAAt701","BEA_API"
1965,50,"Conservation and development",23763,"k1gndef1sv00","6","FAAt701","BEA_API"
1966,50,"Conservation and development",25218,"k1gndef1sv00","6","FAAt701","BEA_API"
1967,50,"Conservation and development",26868,"k1gndef1sv00","6","FAAt701","BEA_API"
1968,50,"Conservation and development",28820,"k1gndef1sv00","6","FAAt701","BEA_API"
1969,50,"Conservation and development",31329,"k1gndef1sv00","6","FAAt701","BEA_API"
1970,50,"Conservation and development",33854,"k1gndef1sv00","6","FAAt701","BEA_API"
1971,50,"Conservation and development",36928,"k1gndef1sv00","6","FAAt701","BEA_API"
1972,50,"Conservation and development",39685,"k1gndef1sv00","6","FAAt701","BEA_API"
1973,50,"Conservation and development",42859,"k1gndef1sv00","6","FAAt701","BEA_API"
1974,50,"Conservation and development",50313,"k1gndef1sv00","6","FAAt701","BEA_API"
1975,50,"Conservation and development",57756,"k1gndef1sv00","6","FAAt701","BEA_API"
1976,50,"Conservation and development",61427,"k1gndef1sv00","6","FAAt701","BEA_API"
1977,50,"Conservation and development",65497,"k1gndef1sv00","6","FAAt701","BEA_API"
1978,50,"Conservation and development",70479,"k1gndef1sv00","6","FAAt701","BEA_API"
1979,50,"Conservation and development",78120,"k1gndef1sv00","6","FAAt701","BEA_API"
1980,50,"Conservation and development",87123,"k1gndef1sv00","6","FAAt701","BEA_API"
1981,50,"Conservation and development",96157,"k1gndef1sv00","6","FAAt701","BEA_API"
1982,50,"Conservation and development",101904,"k1gndef1sv00","6","FAAt701","BEA_API"
1983,50,"Conservation and development",103263,"k1gndef1sv00","6","FAAt701","BEA_API"
1984,50,"Conservation and development",105279,"k1gndef1sv00","6","FAAt701","BEA_API"
1985,50,"Conservation and development",107258,"k1gndef1sv00","6","FAAt701","BEA_API"
1986,50,"Conservation and development",108521,"k1gndef1sv00","6","FAAt701","BEA_API"
1987,50,"Conservation and development",110074,"k1gndef1sv00","6","FAAt701","BEA_API"
1988,50,"Conservation and development",113960,"k1gndef1sv00","6","FAAt701","BEA_API"
1989,50,"Conservation and development",119654,"k1gndef1sv00","6","FAAt701","BEA_API"
1990,50,"Conservation and development",123202,"k1gndef1sv00","6","FAAt701","BEA_API"
1991,50,"Conservation and development",126560,"k1gndef1sv00","6","FAAt701","BEA_API"
1992,50,"Conservation and development",128205,"k1gndef1sv00","6","FAAt701","BEA_API"
1993,50,"Conservation and development",131638,"k1gndef1sv00","6","FAAt701","BEA_API"
1994,50,"Conservation and development",136264,"k1gndef1sv00","6","FAAt701","BEA_API"
1995,50,"Conservation and development",144303,"k1gndef1sv00","6","FAAt701","BEA_API"
1996,50,"Conservation and development",154671,"k1gndef1sv00","6","FAAt701","BEA_API"
1997,50,"Conservation and development",159621,"k1gndef1sv00","6","FAAt701","BEA_API"
1998,50,"Conservation and development",160173,"k1gndef1sv00","6","FAAt701","BEA_API"
1999,50,"Conservation and development",163820,"k1gndef1sv00","6","FAAt701","BEA_API"
2000,50,"Conservation and development",168077,"k1gndef1sv00","6","FAAt701","BEA_API"
2001,50,"Conservation and development",169933,"k1gndef1sv00","6","FAAt701","BEA_API"
2002,50,"Conservation and development",173470,"k1gndef1sv00","6","FAAt701","BEA_API"
2003,50,"Conservation and development",178727,"k1gndef1sv00","6","FAAt701","BEA_API"
2004,50,"Conservation and development",192224,"k1gndef1sv00","6","FAAt701","BEA_API"
2005,50,"Conservation and development",202996,"k1gndef1sv00","6","FAAt701","BEA_API"
2006,50,"Conservation and development",213785,"k1gndef1sv00","6","FAAt701","BEA_API"
2007,50,"Conservation and development",224440,"k1gndef1sv00","6","FAAt701","BEA_API"
2008,50,"Conservation and development",240964,"k1gndef1sv00","6","FAAt701","BEA_API"
2009,50,"Conservation and development",233915,"k1gndef1sv00","6","FAAt701","BEA_API"
2010,50,"Conservation and development",244449,"k1gndef1sv00","6","FAAt701","BEA_API"
2011,50,"Conservation and development",257977,"k1gndef1sv00","6","FAAt701","BEA_API"
2012,50,"Conservation and development",264916,"k1gndef1sv00","6","FAAt701","BEA_API"
2013,50,"Conservation and development",267090,"k1gndef1sv00","6","FAAt701","BEA_API"
2014,50,"Conservation and development",271947,"k1gndef1sv00","6","FAAt701","BEA_API"
2015,50,"Conservation and development",269995,"k1gndef1sv00","6","FAAt701","BEA_API"
2016,50,"Conservation and development",275008,"k1gndef1sv00","6","FAAt701","BEA_API"
2017,50,"Conservation and development",287774,"k1gndef1sv00","6","FAAt701","BEA_API"
2018,50,"Conservation and development",302024,"k1gndef1sv00","6","FAAt701","BEA_API"
2019,50,"Conservation and development",310234,"k1gndef1sv00","6","FAAt701","BEA_API"
2020,50,"Conservation and development",313724,"k1gndef1sv00","6","FAAt701","BEA_API"
2021,50,"Conservation and development",345163,"k1gndef1sv00","6","FAAt701","BEA_API"
2022,50,"Conservation and development",382862,"k1gndef1sv00","6","FAAt701","BEA_API"
2023,50,"Conservation and development",393634,"k1gndef1sv00","6","FAAt701","BEA_API"
2024,50,"Conservation and development",395221,"k1gndef1sv00","6","FAAt701","BEA_API"
1925,51,"Other structures",14,"k1gndef1sx00","6","FAAt701","BEA_API"
1926,51,"Other structures",16,"k1gndef1sx00","6","FAAt701","BEA_API"
1927,51,"Other structures",18,"k1gndef1sx00","6","FAAt701","BEA_API"
1928,51,"Other structures",23,"k1gndef1sx00","6","FAAt701","BEA_API"
1929,51,"Other structures",20,"k1gndef1sx00","6","FAAt701","BEA_API"
1930,51,"Other structures",20,"k1gndef1sx00","6","FAAt701","BEA_API"
1931,51,"Other structures",18,"k1gndef1sx00","6","FAAt701","BEA_API"
1932,51,"Other structures",18,"k1gndef1sx00","6","FAAt701","BEA_API"
1933,51,"Other structures",22,"k1gndef1sx00","6","FAAt701","BEA_API"
1934,51,"Other structures",24,"k1gndef1sx00","6","FAAt701","BEA_API"
1935,51,"Other structures",27,"k1gndef1sx00","6","FAAt701","BEA_API"
1936,51,"Other structures",30,"k1gndef1sx00","6","FAAt701","BEA_API"
1937,51,"Other structures",32,"k1gndef1sx00","6","FAAt701","BEA_API"
1938,51,"Other structures",33,"k1gndef1sx00","6","FAAt701","BEA_API"
1939,51,"Other structures",34,"k1gndef1sx00","6","FAAt701","BEA_API"
1940,51,"Other structures",39,"k1gndef1sx00","6","FAAt701","BEA_API"
1941,51,"Other structures",43,"k1gndef1sx00","6","FAAt701","BEA_API"
1942,51,"Other structures",47,"k1gndef1sx00","6","FAAt701","BEA_API"
1943,51,"Other structures",52,"k1gndef1sx00","6","FAAt701","BEA_API"
1944,51,"Other structures",56,"k1gndef1sx00","6","FAAt701","BEA_API"
1945,51,"Other structures",64,"k1gndef1sx00","6","FAAt701","BEA_API"
1946,51,"Other structures",73,"k1gndef1sx00","6","FAAt701","BEA_API"
1947,51,"Other structures",98,"k1gndef1sx00","6","FAAt701","BEA_API"
1948,51,"Other structures",110,"k1gndef1sx00","6","FAAt701","BEA_API"
1949,51,"Other structures",197,"k1gndef1sx00","6","FAAt701","BEA_API"
1950,51,"Other structures",126,"k1gndef1sx00","6","FAAt701","BEA_API"
1951,51,"Other structures",133,"k1gndef1sx00","6","FAAt701","BEA_API"
1952,51,"Other structures",137,"k1gndef1sx00","6","FAAt701","BEA_API"
1953,51,"Other structures",168,"k1gndef1sx00","6","FAAt701","BEA_API"
1954,51,"Other structures",170,"k1gndef1sx00","6","FAAt701","BEA_API"
1955,51,"Other structures",205,"k1gndef1sx00","6","FAAt701","BEA_API"
1956,51,"Other structures",187,"k1gndef1sx00","6","FAAt701","BEA_API"
1957,51,"Other structures",207,"k1gndef1sx00","6","FAAt701","BEA_API"
1958,51,"Other structures",212,"k1gndef1sx00","6","FAAt701","BEA_API"
1959,51,"Other structures",255,"k1gndef1sx00","6","FAAt701","BEA_API"
1960,51,"Other structures",309,"k1gndef1sx00","6","FAAt701","BEA_API"
1961,51,"Other structures",356,"k1gndef1sx00","6","FAAt701","BEA_API"
1962,51,"Other structures",450,"k1gndef1sx00","6","FAAt701","BEA_API"
1963,51,"Other structures",522,"k1gndef1sx00","6","FAAt701","BEA_API"
1964,51,"Other structures",632,"k1gndef1sx00","6","FAAt701","BEA_API"
1965,51,"Other structures",752,"k1gndef1sx00","6","FAAt701","BEA_API"
1966,51,"Other structures",887,"k1gndef1sx00","6","FAAt701","BEA_API"
1967,51,"Other structures",964,"k1gndef1sx00","6","FAAt701","BEA_API"
1968,51,"Other structures",1057,"k1gndef1sx00","6","FAAt701","BEA_API"
1969,51,"Other structures",1149,"k1gndef1sx00","6","FAAt701","BEA_API"
1970,51,"Other structures",1283,"k1gndef1sx00","6","FAAt701","BEA_API"
1971,51,"Other structures",1415,"k1gndef1sx00","6","FAAt701","BEA_API"
1972,51,"Other structures",1552,"k1gndef1sx00","6","FAAt701","BEA_API"
1973,51,"Other structures",1796,"k1gndef1sx00","6","FAAt701","BEA_API"
1974,51,"Other structures",2282,"k1gndef1sx00","6","FAAt701","BEA_API"
1975,51,"Other structures",2433,"k1gndef1sx00","6","FAAt701","BEA_API"
1976,51,"Other structures",2526,"k1gndef1sx00","6","FAAt701","BEA_API"
1977,51,"Other structures",2744,"k1gndef1sx00","6","FAAt701","BEA_API"
1978,51,"Other structures",2975,"k1gndef1sx00","6","FAAt701","BEA_API"
1979,51,"Other structures",3472,"k1gndef1sx00","6","FAAt701","BEA_API"
1980,51,"Other structures",4139,"k1gndef1sx00","6","FAAt701","BEA_API"
1981,51,"Other structures",4763,"k1gndef1sx00","6","FAAt701","BEA_API"
1982,51,"Other structures",5010,"k1gndef1sx00","6","FAAt701","BEA_API"
1983,51,"Other structures",5006,"k1gndef1sx00","6","FAAt701","BEA_API"
1984,51,"Other structures",5076,"k1gndef1sx00","6","FAAt701","BEA_API"
1985,51,"Other structures",5316,"k1gndef1sx00","6","FAAt701","BEA_API"
1986,51,"Other structures",5584,"k1gndef1sx00","6","FAAt701","BEA_API"
1987,51,"Other structures",5854,"k1gndef1sx00","6","FAAt701","BEA_API"
1988,51,"Other structures",6135,"k1gndef1sx00","6","FAAt701","BEA_API"
1989,51,"Other structures",6497,"k1gndef1sx00","6","FAAt701","BEA_API"
1990,51,"Other structures",6911,"k1gndef1sx00","6","FAAt701","BEA_API"
1991,51,"Other structures",7460,"k1gndef1sx00","6","FAAt701","BEA_API"
1992,51,"Other structures",7942,"k1gndef1sx00","6","FAAt701","BEA_API"
1993,51,"Other structures",8715,"k1gndef1sx00","6","FAAt701","BEA_API"
1994,51,"Other structures",9590,"k1gndef1sx00","6","FAAt701","BEA_API"
1995,51,"Other structures",10652,"k1gndef1sx00","6","FAAt701","BEA_API"
1996,51,"Other structures",11538,"k1gndef1sx00","6","FAAt701","BEA_API"
1997,51,"Other structures",12257,"k1gndef1sx00","6","FAAt701","BEA_API"
1998,51,"Other structures",12716,"k1gndef1sx00","6","FAAt701","BEA_API"
1999,51,"Other structures",13656,"k1gndef1sx00","6","FAAt701","BEA_API"
2000,51,"Other structures",14747,"k1gndef1sx00","6","FAAt701","BEA_API"
2001,51,"Other structures",15749,"k1gndef1sx00","6","FAAt701","BEA_API"
2002,51,"Other structures",16376,"k1gndef1sx00","6","FAAt701","BEA_API"
2003,51,"Other structures",17315,"k1gndef1sx00","6","FAAt701","BEA_API"
2004,51,"Other structures",19361,"k1gndef1sx00","6","FAAt701","BEA_API"
2005,51,"Other structures",21812,"k1gndef1sx00","6","FAAt701","BEA_API"
2006,51,"Other structures",24859,"k1gndef1sx00","6","FAAt701","BEA_API"
2007,51,"Other structures",27235,"k1gndef1sx00","6","FAAt701","BEA_API"
2008,51,"Other structures",28608,"k1gndef1sx00","6","FAAt701","BEA_API"
2009,51,"Other structures",28970,"k1gndef1sx00","6","FAAt701","BEA_API"
2010,51,"Other structures",30940,"k1gndef1sx00","6","FAAt701","BEA_API"
2011,51,"Other structures",33036,"k1gndef1sx00","6","FAAt701","BEA_API"
2012,51,"Other structures",34437,"k1gndef1sx00","6","FAAt701","BEA_API"
2013,51,"Other structures",35724,"k1gndef1sx00","6","FAAt701","BEA_API"
2014,51,"Other structures",37461,"k1gndef1sx00","6","FAAt701","BEA_API"
2015,51,"Other structures",38521,"k1gndef1sx00","6","FAAt701","BEA_API"
2016,51,"Other structures",39977,"k1gndef1sx00","6","FAAt701","BEA_API"
2017,51,"Other structures",41115,"k1gndef1sx00","6","FAAt701","BEA_API"
2018,51,"Other structures",42801,"k1gndef1sx00","6","FAAt701","BEA_API"
2019,51,"Other structures",43323,"k1gndef1sx00","6","FAAt701","BEA_API"
2020,51,"Other structures",43553,"k1gndef1sx00","6","FAAt701","BEA_API"
2021,51,"Other structures",47729,"k1gndef1sx00","6","FAAt701","BEA_API"
2022,51,"Other structures",52898,"k1gndef1sx00","6","FAAt701","BEA_API"
2023,51,"Other structures",54580,"k1gndef1sx00","6","FAAt701","BEA_API"
2024,51,"Other structures",55366,"k1gndef1sx00","6","FAAt701","BEA_API"
1929,52,"Intellectual property products",14,"k1gndef1ip00","6","FAAt701","BEA_API"
1930,52,"Intellectual property products",36,"k1gndef1ip00","6","FAAt701","BEA_API"
1931,52,"Intellectual property products",68,"k1gndef1ip00","6","FAAt701","BEA_API"
1932,52,"Intellectual property products",105,"k1gndef1ip00","6","FAAt701","BEA_API"
1933,52,"Intellectual property products",138,"k1gndef1ip00","6","FAAt701","BEA_API"
1934,52,"Intellectual property products",157,"k1gndef1ip00","6","FAAt701","BEA_API"
1935,52,"Intellectual property products",172,"k1gndef1ip00","6","FAAt701","BEA_API"
1936,52,"Intellectual property products",198,"k1gndef1ip00","6","FAAt701","BEA_API"
1937,52,"Intellectual property products",219,"k1gndef1ip00","6","FAAt701","BEA_API"
1938,52,"Intellectual property products",234,"k1gndef1ip00","6","FAAt701","BEA_API"
1939,52,"Intellectual property products",247,"k1gndef1ip00","6","FAAt701","BEA_API"
1940,52,"Intellectual property products",265,"k1gndef1ip00","6","FAAt701","BEA_API"
1941,52,"Intellectual property products",309,"k1gndef1ip00","6","FAAt701","BEA_API"
1942,52,"Intellectual property products",409,"k1gndef1ip00","6","FAAt701","BEA_API"
1943,52,"Intellectual property products",614,"k1gndef1ip00","6","FAAt701","BEA_API"
1944,52,"Intellectual property products",778,"k1gndef1ip00","6","FAAt701","BEA_API"
1945,52,"Intellectual property products",831,"k1gndef1ip00","6","FAAt701","BEA_API"
1946,52,"Intellectual property products",881,"k1gndef1ip00","6","FAAt701","BEA_API"
1947,52,"Intellectual property products",930,"k1gndef1ip00","6","FAAt701","BEA_API"
1948,52,"Intellectual property products",1054,"k1gndef1ip00","6","FAAt701","BEA_API"
1949,52,"Intellectual property products",1289,"k1gndef1ip00","6","FAAt701","BEA_API"
1950,52,"Intellectual property products",1710,"k1gndef1ip00","6","FAAt701","BEA_API"
1951,52,"Intellectual property products",2111,"k1gndef1ip00","6","FAAt701","BEA_API"
1952,52,"Intellectual property products",2347,"k1gndef1ip00","6","FAAt701","BEA_API"
1953,52,"Intellectual property products",2433,"k1gndef1ip00","6","FAAt701","BEA_API"
1954,52,"Intellectual property products",2495,"k1gndef1ip00","6","FAAt701","BEA_API"
1955,52,"Intellectual property products",2708,"k1gndef1ip00","6","FAAt701","BEA_API"
1956,52,"Intellectual property products",3051,"k1gndef1ip00","6","FAAt701","BEA_API"
1957,52,"Intellectual property products",3622,"k1gndef1ip00","6","FAAt701","BEA_API"
1958,52,"Intellectual property products",4375,"k1gndef1ip00","6","FAAt701","BEA_API"
1959,52,"Intellectual property products",5039,"k1gndef1ip00","6","FAAt701","BEA_API"
1960,52,"Intellectual property products",6141,"k1gndef1ip00","6","FAAt701","BEA_API"
1961,52,"Intellectual property products",7464,"k1gndef1ip00","6","FAAt701","BEA_API"
1962,52,"Intellectual property products",9429,"k1gndef1ip00","6","FAAt701","BEA_API"
1963,52,"Intellectual property products",12815,"k1gndef1ip00","6","FAAt701","BEA_API"
1964,52,"Intellectual property products",17001,"k1gndef1ip00","6","FAAt701","BEA_API"
1965,52,"Intellectual property products",21928,"k1gndef1ip00","6","FAAt701","BEA_API"
1966,52,"Intellectual property products",27612,"k1gndef1ip00","6","FAAt701","BEA_API"
1967,52,"Intellectual property products",32872,"k1gndef1ip00","6","FAAt701","BEA_API"
1968,52,"Intellectual property products",39217,"k1gndef1ip00","6","FAAt701","BEA_API"
1969,52,"Intellectual property products",46093,"k1gndef1ip00","6","FAAt701","BEA_API"
1970,52,"Intellectual property products",52938,"k1gndef1ip00","6","FAAt701","BEA_API"
1971,52,"Intellectual property products",58683,"k1gndef1ip00","6","FAAt701","BEA_API"
1972,52,"Intellectual property products",64323,"k1gndef1ip00","6","FAAt701","BEA_API"
1973,52,"Intellectual property products",72814,"k1gndef1ip00","6","FAAt701","BEA_API"
1974,52,"Intellectual property products",82937,"k1gndef1ip00","6","FAAt701","BEA_API"
1975,52,"Intellectual property products",90699,"k1gndef1ip00","6","FAAt701","BEA_API"
1976,52,"Intellectual property products",98631,"k1gndef1ip00","6","FAAt701","BEA_API"
1977,52,"Intellectual property products",107793,"k1gndef1ip00","6","FAAt701","BEA_API"
1978,52,"Intellectual property products",119181,"k1gndef1ip00","6","FAAt701","BEA_API"
1979,52,"Intellectual property products",134456,"k1gndef1ip00","6","FAAt701","BEA_API"
1980,52,"Intellectual property products",152320,"k1gndef1ip00","6","FAAt701","BEA_API"
1981,52,"Intellectual property products",169559,"k1gndef1ip00","6","FAAt701","BEA_API"
1982,52,"Intellectual property products",181557,"k1gndef1ip00","6","FAAt701","BEA_API"
1983,52,"Intellectual property products",191680,"k1gndef1ip00","6","FAAt701","BEA_API"
1984,52,"Intellectual property products",200337,"k1gndef1ip00","6","FAAt701","BEA_API"
1985,52,"Intellectual property products",206626,"k1gndef1ip00","6","FAAt701","BEA_API"
1986,52,"Intellectual property products",211416,"k1gndef1ip00","6","FAAt701","BEA_API"
1987,52,"Intellectual property products",221271,"k1gndef1ip00","6","FAAt701","BEA_API"
1988,52,"Intellectual property products",234568,"k1gndef1ip00","6","FAAt701","BEA_API"
1989,52,"Intellectual property products",246615,"k1gndef1ip00","6","FAAt701","BEA_API"
1990,52,"Intellectual property products",260244,"k1gndef1ip00","6","FAAt701","BEA_API"
1991,52,"Intellectual property products",273844,"k1gndef1ip00","6","FAAt701","BEA_API"
1992,52,"Intellectual property products",287124,"k1gndef1ip00","6","FAAt701","BEA_API"
1993,52,"Intellectual property products",299869,"k1gndef1ip00","6","FAAt701","BEA_API"
1994,52,"Intellectual property products",316188,"k1gndef1ip00","6","FAAt701","BEA_API"
1995,52,"Intellectual property products",330459,"k1gndef1ip00","6","FAAt701","BEA_API"
1996,52,"Intellectual property products",339271,"k1gndef1ip00","6","FAAt701","BEA_API"
1997,52,"Intellectual property products",349861,"k1gndef1ip00","6","FAAt701","BEA_API"
1998,52,"Intellectual property products",361900,"k1gndef1ip00","6","FAAt701","BEA_API"
1999,52,"Intellectual property products",378944,"k1gndef1ip00","6","FAAt701","BEA_API"
2000,52,"Intellectual property products",396627,"k1gndef1ip00","6","FAAt701","BEA_API"
2001,52,"Intellectual property products",408192,"k1gndef1ip00","6","FAAt701","BEA_API"
2002,52,"Intellectual property products",421646,"k1gndef1ip00","6","FAAt701","BEA_API"
2003,52,"Intellectual property products",442675,"k1gndef1ip00","6","FAAt701","BEA_API"
2004,52,"Intellectual property products",461690,"k1gndef1ip00","6","FAAt701","BEA_API"
2005,52,"Intellectual property products",481485,"k1gndef1ip00","6","FAAt701","BEA_API"
2006,52,"Intellectual property products",498676,"k1gndef1ip00","6","FAAt701","BEA_API"
2007,52,"Intellectual property products",524141,"k1gndef1ip00","6","FAAt701","BEA_API"
2008,52,"Intellectual property products",544014,"k1gndef1ip00","6","FAAt701","BEA_API"
2009,52,"Intellectual property products",561199,"k1gndef1ip00","6","FAAt701","BEA_API"
2010,52,"Intellectual property products",600596,"k1gndef1ip00","6","FAAt701","BEA_API"
2011,52,"Intellectual property products",615998,"k1gndef1ip00","6","FAAt701","BEA_API"
2012,52,"Intellectual property products",633692,"k1gndef1ip00","6","FAAt701","BEA_API"
2013,52,"Intellectual property products",659649,"k1gndef1ip00","6","FAAt701","BEA_API"
2014,52,"Intellectual property products",672411,"k1gndef1ip00","6","FAAt701","BEA_API"
2015,52,"Intellectual property products",675398,"k1gndef1ip00","6","FAAt701","BEA_API"
2016,52,"Intellectual property products",700275,"k1gndef1ip00","6","FAAt701","BEA_API"
2017,52,"Intellectual property products",735882,"k1gndef1ip00","6","FAAt701","BEA_API"
2018,52,"Intellectual property products",774003,"k1gndef1ip00","6","FAAt701","BEA_API"
2019,52,"Intellectual property products",794162,"k1gndef1ip00","6","FAAt701","BEA_API"
2020,52,"Intellectual property products",841537,"k1gndef1ip00","6","FAAt701","BEA_API"
2021,52,"Intellectual property products",909739,"k1gndef1ip00","6","FAAt701","BEA_API"
2022,52,"Intellectual property products",984583,"k1gndef1ip00","6","FAAt701","BEA_API"
2023,52,"Intellectual property products",1023269,"k1gndef1ip00","6","FAAt701","BEA_API"
2024,52,"Intellectual property products",1082441,"k1gndef1ip00","6","FAAt701","BEA_API"
1960,53,"Software",7,"k1gndef1ens0","6","FAAt701","BEA_API"
1961,53,"Software",27,"k1gndef1ens0","6","FAAt701","BEA_API"
1962,53,"Software",43,"k1gndef1ens0","6","FAAt701","BEA_API"
1963,53,"Software",69,"k1gndef1ens0","6","FAAt701","BEA_API"
1964,53,"Software",94,"k1gndef1ens0","6","FAAt701","BEA_API"
1965,53,"Software",123,"k1gndef1ens0","6","FAAt701","BEA_API"
1966,53,"Software",169,"k1gndef1ens0","6","FAAt701","BEA_API"
1967,53,"Software",233,"k1gndef1ens0","6","FAAt701","BEA_API"
1968,53,"Software",311,"k1gndef1ens0","6","FAAt701","BEA_API"
1969,53,"Software",453,"k1gndef1ens0","6","FAAt701","BEA_API"
1970,53,"Software",649,"k1gndef1ens0","6","FAAt701","BEA_API"
1971,53,"Software",821,"k1gndef1ens0","6","FAAt701","BEA_API"
1972,53,"Software",999,"k1gndef1ens0","6","FAAt701","BEA_API"
1973,53,"Software",1254,"k1gndef1ens0","6","FAAt701","BEA_API"
1974,53,"Software",1647,"k1gndef1ens0","6","FAAt701","BEA_API"
1975,53,"Software",2002,"k1gndef1ens0","6","FAAt701","BEA_API"
1976,53,"Software",2322,"k1gndef1ens0","6","FAAt701","BEA_API"
1977,53,"Software",2589,"k1gndef1ens0","6","FAAt701","BEA_API"
1978,53,"Software",2985,"k1gndef1ens0","6","FAAt701","BEA_API"
1979,53,"Software",3639,"k1gndef1ens0","6","FAAt701","BEA_API"
1980,53,"Software",4474,"k1gndef1ens0","6","FAAt701","BEA_API"
1981,53,"Software",5479,"k1gndef1ens0","6","FAAt701","BEA_API"
1982,53,"Software",6299,"k1gndef1ens0","6","FAAt701","BEA_API"
1983,53,"Software",7164,"k1gndef1ens0","6","FAAt701","BEA_API"
1984,53,"Software",8141,"k1gndef1ens0","6","FAAt701","BEA_API"
1985,53,"Software",9059,"k1gndef1ens0","6","FAAt701","BEA_API"
1986,53,"Software",9887,"k1gndef1ens0","6","FAAt701","BEA_API"
1987,53,"Software",10961,"k1gndef1ens0","6","FAAt701","BEA_API"
1988,53,"Software",12092,"k1gndef1ens0","6","FAAt701","BEA_API"
1989,53,"Software",13194,"k1gndef1ens0","6","FAAt701","BEA_API"
1990,53,"Software",14608,"k1gndef1ens0","6","FAAt701","BEA_API"
1991,53,"Software",15358,"k1gndef1ens0","6","FAAt701","BEA_API"
1992,53,"Software",16176,"k1gndef1ens0","6","FAAt701","BEA_API"
1993,53,"Software",16928,"k1gndef1ens0","6","FAAt701","BEA_API"
1994,53,"Software",17369,"k1gndef1ens0","6","FAAt701","BEA_API"
1995,53,"Software",18103,"k1gndef1ens0","6","FAAt701","BEA_API"
1996,53,"Software",18094,"k1gndef1ens0","6","FAAt701","BEA_API"
1997,53,"Software",18704,"k1gndef1ens0","6","FAAt701","BEA_API"
1998,53,"Software",20529,"k1gndef1ens0","6","FAAt701","BEA_API"
1999,53,"Software",23258,"k1gndef1ens0","6","FAAt701","BEA_API"
2000,53,"Software",25942,"k1gndef1ens0","6","FAAt701","BEA_API"
2001,53,"Software",27901,"k1gndef1ens0","6","FAAt701","BEA_API"
2002,53,"Software",27576,"k1gndef1ens0","6","FAAt701","BEA_API"
2003,53,"Software",27039,"k1gndef1ens0","6","FAAt701","BEA_API"
2004,53,"Software",27380,"k1gndef1ens0","6","FAAt701","BEA_API"
2005,53,"Software",28406,"k1gndef1ens0","6","FAAt701","BEA_API"
2006,53,"Software",29648,"k1gndef1ens0","6","FAAt701","BEA_API"
2007,53,"Software",31339,"k1gndef1ens0","6","FAAt701","BEA_API"
2008,53,"Software",33349,"k1gndef1ens0","6","FAAt701","BEA_API"
2009,53,"Software",33918,"k1gndef1ens0","6","FAAt701","BEA_API"
2010,53,"Software",35408,"k1gndef1ens0","6","FAAt701","BEA_API"
2011,53,"Software",37395,"k1gndef1ens0","6","FAAt701","BEA_API"
2012,53,"Software",38814,"k1gndef1ens0","6","FAAt701","BEA_API"
2013,53,"Software",42780,"k1gndef1ens0","6","FAAt701","BEA_API"
2014,53,"Software",46154,"k1gndef1ens0","6","FAAt701","BEA_API"
2015,53,"Software",48516,"k1gndef1ens0","6","FAAt701","BEA_API"
2016,53,"Software",51884,"k1gndef1ens0","6","FAAt701","BEA_API"
2017,53,"Software",56327,"k1gndef1ens0","6","FAAt701","BEA_API"
2018,53,"Software",61444,"k1gndef1ens0","6","FAAt701","BEA_API"
2019,53,"Software",64945,"k1gndef1ens0","6","FAAt701","BEA_API"
2020,53,"Software",69060,"k1gndef1ens0","6","FAAt701","BEA_API"
2021,53,"Software",75244,"k1gndef1ens0","6","FAAt701","BEA_API"
2022,53,"Software",84322,"k1gndef1ens0","6","FAAt701","BEA_API"
2023,53,"Software",90768,"k1gndef1ens0","6","FAAt701","BEA_API"
2024,53,"Software",100164,"k1gndef1ens0","6","FAAt701","BEA_API"
1929,54,"Research and development",14,"k1gndef1rd00","6","FAAt701","BEA_API"
1930,54,"Research and development",36,"k1gndef1rd00","6","FAAt701","BEA_API"
1931,54,"Research and development",68,"k1gndef1rd00","6","FAAt701","BEA_API"
1932,54,"Research and development",105,"k1gndef1rd00","6","FAAt701","BEA_API"
1933,54,"Research and development",138,"k1gndef1rd00","6","FAAt701","BEA_API"
1934,54,"Research and development",157,"k1gndef1rd00","6","FAAt701","BEA_API"
1935,54,"Research and development",172,"k1gndef1rd00","6","FAAt701","BEA_API"
1936,54,"Research and development",198,"k1gndef1rd00","6","FAAt701","BEA_API"
1937,54,"Research and development",219,"k1gndef1rd00","6","FAAt701","BEA_API"
1938,54,"Research and development",234,"k1gndef1rd00","6","FAAt701","BEA_API"
1939,54,"Research and development",247,"k1gndef1rd00","6","FAAt701","BEA_API"
1940,54,"Research and development",265,"k1gndef1rd00","6","FAAt701","BEA_API"
1941,54,"Research and development",309,"k1gndef1rd00","6","FAAt701","BEA_API"
1942,54,"Research and development",409,"k1gndef1rd00","6","FAAt701","BEA_API"
1943,54,"Research and development",614,"k1gndef1rd00","6","FAAt701","BEA_API"
1944,54,"Research and development",778,"k1gndef1rd00","6","FAAt701","BEA_API"
1945,54,"Research and development",831,"k1gndef1rd00","6","FAAt701","BEA_API"
1946,54,"Research and development",881,"k1gndef1rd00","6","FAAt701","BEA_API"
1947,54,"Research and development",930,"k1gndef1rd00","6","FAAt701","BEA_API"
1948,54,"Research and development",1054,"k1gndef1rd00","6","FAAt701","BEA_API"
1949,54,"Research and development",1289,"k1gndef1rd00","6","FAAt701","BEA_API"
1950,54,"Research and development",1710,"k1gndef1rd00","6","FAAt701","BEA_API"
1951,54,"Research and development",2111,"k1gndef1rd00","6","FAAt701","BEA_API"
1952,54,"Research and development",2347,"k1gndef1rd00","6","FAAt701","BEA_API"
1953,54,"Research and development",2433,"k1gndef1rd00","6","FAAt701","BEA_API"
1954,54,"Research and development",2495,"k1gndef1rd00","6","FAAt701","BEA_API"
1955,54,"Research and development",2708,"k1gndef1rd00","6","FAAt701","BEA_API"
1956,54,"Research and development",3051,"k1gndef1rd00","6","FAAt701","BEA_API"
1957,54,"Research and development",3622,"k1gndef1rd00","6","FAAt701","BEA_API"
1958,54,"Research and development",4375,"k1gndef1rd00","6","FAAt701","BEA_API"
1959,54,"Research and development",5039,"k1gndef1rd00","6","FAAt701","BEA_API"
1960,54,"Research and development",6134,"k1gndef1rd00","6","FAAt701","BEA_API"
1961,54,"Research and development",7438,"k1gndef1rd00","6","FAAt701","BEA_API"
1962,54,"Research and development",9386,"k1gndef1rd00","6","FAAt701","BEA_API"
1963,54,"Research and development",12745,"k1gndef1rd00","6","FAAt701","BEA_API"
1964,54,"Research and development",16907,"k1gndef1rd00","6","FAAt701","BEA_API"
1965,54,"Research and development",21805,"k1gndef1rd00","6","FAAt701","BEA_API"
1966,54,"Research and development",27444,"k1gndef1rd00","6","FAAt701","BEA_API"
1967,54,"Research and development",32639,"k1gndef1rd00","6","FAAt701","BEA_API"
1968,54,"Research and development",38906,"k1gndef1rd00","6","FAAt701","BEA_API"
1969,54,"Research and development",45640,"k1gndef1rd00","6","FAAt701","BEA_API"
1970,54,"Research and development",52289,"k1gndef1rd00","6","FAAt701","BEA_API"
1971,54,"Research and development",57863,"k1gndef1rd00","6","FAAt701","BEA_API"
1972,54,"Research and development",63324,"k1gndef1rd00","6","FAAt701","BEA_API"
1973,54,"Research and development",71561,"k1gndef1rd00","6","FAAt701","BEA_API"
1974,54,"Research and development",81291,"k1gndef1rd00","6","FAAt701","BEA_API"
1975,54,"Research and development",88697,"k1gndef1rd00","6","FAAt701","BEA_API"
1976,54,"Research and development",96309,"k1gndef1rd00","6","FAAt701","BEA_API"
1977,54,"Research and development",105204,"k1gndef1rd00","6","FAAt701","BEA_API"
1978,54,"Research and development",116195,"k1gndef1rd00","6","FAAt701","BEA_API"
1979,54,"Research and development",130817,"k1gndef1rd00","6","FAAt701","BEA_API"
1980,54,"Research and development",147846,"k1gndef1rd00","6","FAAt701","BEA_API"
1981,54,"Research and development",164081,"k1gndef1rd00","6","FAAt701","BEA_API"
1982,54,"Research and development",175258,"k1gndef1rd00","6","FAAt701","BEA_API"
1983,54,"Research and development",184516,"k1gndef1rd00","6","FAAt701","BEA_API"
1984,54,"Research and development",192196,"k1gndef1rd00","6","FAAt701","BEA_API"
1985,54,"Research and development",197567,"k1gndef1rd00","6","FAAt701","BEA_API"
1986,54,"Research and development",201529,"k1gndef1rd00","6","FAAt701","BEA_API"
1987,54,"Research and development",210310,"k1gndef1rd00","6","FAAt701","BEA_API"
1988,54,"Research and development",222477,"k1gndef1rd00","6","FAAt701","BEA_API"
1989,54,"Research and development",233421,"k1gndef1rd00","6","FAAt701","BEA_API"
1990,54,"Research and development",245636,"k1gndef1rd00","6","FAAt701","BEA_API"
1991,54,"Research and development",258486,"k1gndef1rd00","6","FAAt701","BEA_API"
1992,54,"Research and development",270948,"k1gndef1rd00","6","FAAt701","BEA_API"
1993,54,"Research and development",282941,"k1gndef1rd00","6","FAAt701","BEA_API"
1994,54,"Research and development",298819,"k1gndef1rd00","6","FAAt701","BEA_API"
1995,54,"Research and development",312356,"k1gndef1rd00","6","FAAt701","BEA_API"
1996,54,"Research and development",321177,"k1gndef1rd00","6","FAAt701","BEA_API"
1997,54,"Research and development",331157,"k1gndef1rd00","6","FAAt701","BEA_API"
1998,54,"Research and development",341371,"k1gndef1rd00","6","FAAt701","BEA_API"
1999,54,"Research and development",355686,"k1gndef1rd00","6","FAAt701","BEA_API"
2000,54,"Research and development",370684,"k1gndef1rd00","6","FAAt701","BEA_API"
2001,54,"Research and development",380292,"k1gndef1rd00","6","FAAt701","BEA_API"
2002,54,"Research and development",394070,"k1gndef1rd00","6","FAAt701","BEA_API"
2003,54,"Research and development",415636,"k1gndef1rd00","6","FAAt701","BEA_API"
2004,54,"Research and development",434310,"k1gndef1rd00","6","FAAt701","BEA_API"
2005,54,"Research and development",453079,"k1gndef1rd00","6","FAAt701","BEA_API"
2006,54,"Research and development",469029,"k1gndef1rd00","6","FAAt701","BEA_API"
2007,54,"Research and development",492802,"k1gndef1rd00","6","FAAt701","BEA_API"
2008,54,"Research and development",510666,"k1gndef1rd00","6","FAAt701","BEA_API"
2009,54,"Research and development",527281,"k1gndef1rd00","6","FAAt701","BEA_API"
2010,54,"Research and development",565188,"k1gndef1rd00","6","FAAt701","BEA_API"
2011,54,"Research and development",578603,"k1gndef1rd00","6","FAAt701","BEA_API"
2012,54,"Research and development",594877,"k1gndef1rd00","6","FAAt701","BEA_API"
2013,54,"Research and development",616869,"k1gndef1rd00","6","FAAt701","BEA_API"
2014,54,"Research and development",626258,"k1gndef1rd00","6","FAAt701","BEA_API"
2015,54,"Research and development",626881,"k1gndef1rd00","6","FAAt701","BEA_API"
2016,54,"Research and development",648391,"k1gndef1rd00","6","FAAt701","BEA_API"
2017,54,"Research and development",679555,"k1gndef1rd00","6","FAAt701","BEA_API"
2018,54,"Research and development",712559,"k1gndef1rd00","6","FAAt701","BEA_API"
2019,54,"Research and development",729217,"k1gndef1rd00","6","FAAt701","BEA_API"
2020,54,"Research and development",772476,"k1gndef1rd00","6","FAAt701","BEA_API"
2021,54,"Research and development",834495,"k1gndef1rd00","6","FAAt701","BEA_API"
2022,54,"Research and development",900261,"k1gndef1rd00","6","FAAt701","BEA_API"
2023,54,"Research and development",932500,"k1gndef1rd00","6","FAAt701","BEA_API"
2024,54,"Research and development",982277,"k1gndef1rd00","6","FAAt701","BEA_API"
1925,55,"State and local",29478,"k1gstlc1es00","6","FAAt701","BEA_API"
1926,55,"State and local",30200,"k1gstlc1es00","6","FAAt701","BEA_API"
1927,55,"State and local",31871,"k1gstlc1es00","6","FAAt701","BEA_API"
1928,55,"State and local",32568,"k1gstlc1es00","6","FAAt701","BEA_API"
1929,55,"State and local",33813,"k1gstlc1es00","6","FAAt701","BEA_API"
1930,55,"State and local",33929,"k1gstlc1es00","6","FAAt701","BEA_API"
1931,55,"State and local",32289,"k1gstlc1es00","6","FAAt701","BEA_API"
1932,55,"State and local",27235,"k1gstlc1es00","6","FAAt701","BEA_API"
1933,55,"State and local",31315,"k1gstlc1es00","6","FAAt701","BEA_API"
1934,55,"State and local",38017,"k1gstlc1es00","6","FAAt701","BEA_API"
1935,55,"State and local",37195,"k1gstlc1es00","6","FAAt701","BEA_API"
1936,55,"State and local",42485,"k1gstlc1es00","6","FAAt701","BEA_API"
1937,55,"State and local",44696,"k1gstlc1es00","6","FAAt701","BEA_API"
1938,55,"State and local",46512,"k1gstlc1es00","6","FAAt701","BEA_API"
1939,55,"State and local",47708,"k1gstlc1es00","6","FAAt701","BEA_API"
1940,55,"State and local",49278,"k1gstlc1es00","6","FAAt701","BEA_API"
1941,55,"State and local",55545,"k1gstlc1es00","6","FAAt701","BEA_API"
1942,55,"State and local",64948,"k1gstlc1es00","6","FAAt701","BEA_API"
1943,55,"State and local",69108,"k1gstlc1es00","6","FAAt701","BEA_API"
1944,55,"State and local",67029,"k1gstlc1es00","6","FAAt701","BEA_API"
1945,55,"State and local",66104,"k1gstlc1es00","6","FAAt701","BEA_API"
1946,55,"State and local",72881,"k1gstlc1es00","6","FAAt701","BEA_API"
1947,55,"State and local",93299,"k1gstlc1es00","6","FAAt701","BEA_API"
1948,55,"State and local",101643,"k1gstlc1es00","6","FAAt701","BEA_API"
1949,55,"State and local",97200,"k1gstlc1es00","6","FAAt701","BEA_API"
1950,55,"State and local",109574,"k1gstlc1es00","6","FAAt701","BEA_API"
1951,55,"State and local",123146,"k1gstlc1es00","6","FAAt701","BEA_API"
1952,55,"State and local",130532,"k1gstlc1es00","6","FAAt701","BEA_API"
1953,55,"State and local",129329,"k1gstlc1es00","6","FAAt701","BEA_API"
1954,55,"State and local",135097,"k1gstlc1es00","6","FAAt701","BEA_API"
1955,55,"State and local",149964,"k1gstlc1es00","6","FAAt701","BEA_API"
1956,55,"State and local",169923,"k1gstlc1es00","6","FAAt701","BEA_API"
1957,55,"State and local",178167,"k1gstlc1es00","6","FAAt701","BEA_API"
1958,55,"State and local",189649,"k1gstlc1es00","6","FAAt701","BEA_API"
1959,55,"State and local",195057,"k1gstlc1es00","6","FAAt701","BEA_API"
1960,55,"State and local",204260,"k1gstlc1es00","6","FAAt701","BEA_API"
1961,55,"State and local",216712,"k1gstlc1es00","6","FAAt701","BEA_API"
1962,55,"State and local",232037,"k1gstlc1es00","6","FAAt701","BEA_API"
1963,55,"State and local",247888,"k1gstlc1es00","6","FAAt701","BEA_API"
1964,55,"State and local",264560,"k1gstlc1es00","6","FAAt701","BEA_API"
1965,55,"State and local",288266,"k1gstlc1es00","6","FAAt701","BEA_API"
1966,55,"State and local",318656,"k1gstlc1es00","6","FAAt701","BEA_API"
1967,55,"State and local",348773,"k1gstlc1es00","6","FAAt701","BEA_API"
1968,55,"State and local",386827,"k1gstlc1es00","6","FAAt701","BEA_API"
1969,55,"State and local",437799,"k1gstlc1es00","6","FAAt701","BEA_API"
1970,55,"State and local",499333,"k1gstlc1es00","6","FAAt701","BEA_API"
1971,55,"State and local",550438,"k1gstlc1es00","6","FAAt701","BEA_API"
1972,55,"State and local",602849,"k1gstlc1es00","6","FAAt701","BEA_API"
1973,55,"State and local",692557,"k1gstlc1es00","6","FAAt701","BEA_API"
1974,55,"State and local",879381,"k1gstlc1es00","6","FAAt701","BEA_API"
1975,55,"State and local",918387,"k1gstlc1es00","6","FAAt701","BEA_API"
1976,55,"State and local",958539,"k1gstlc1es00","6","FAAt701","BEA_API"
1977,55,"State and local",1023315,"k1gstlc1es00","6","FAAt701","BEA_API"
1978,55,"State and local",1125638,"k1gstlc1es00","6","FAAt701","BEA_API"
1979,55,"State and local",1295516,"k1gstlc1es00","6","FAAt701","BEA_API"
1980,55,"State and local",1505329,"k1gstlc1es00","6","FAAt701","BEA_API"
1981,55,"State and local",1669530,"k1gstlc1es00","6","FAAt701","BEA_API"
1982,55,"State and local",1761862,"k1gstlc1es00","6","FAAt701","BEA_API"
1983,55,"State and local",1784065,"k1gstlc1es00","6","FAAt701","BEA_API"
1984,55,"State and local",1844662,"k1gstlc1es00","6","FAAt701","BEA_API"
1985,55,"State and local",1928855,"k1gstlc1es00","6","FAAt701","BEA_API"
1986,55,"State and local",2056726,"k1gstlc1es00","6","FAAt701","BEA_API"
1987,55,"State and local",2179931,"k1gstlc1es00","6","FAAt701","BEA_API"
1988,55,"State and local",2285320,"k1gstlc1es00","6","FAAt701","BEA_API"
1989,55,"State and local",2411943,"k1gstlc1es00","6","FAAt701","BEA_API"
1990,55,"State and local",2540688,"k1gstlc1es00","6","FAAt701","BEA_API"
1991,55,"State and local",2620420,"k1gstlc1es00","6","FAAt701","BEA_API"
1992,55,"State and local",2737267,"k1gstlc1es00","6","FAAt701","BEA_API"
1993,55,"State and local",2873571,"k1gstlc1es00","6","FAAt701","BEA_API"
1994,55,"State and local",3052822,"k1gstlc1es00","6","FAAt701","BEA_API"
1995,55,"State and local",3236157,"k1gstlc1es00","6","FAAt701","BEA_API"
1996,55,"State and local",3398536,"k1gstlc1es00","6","FAAt701","BEA_API"
1997,55,"State and local",3600525,"k1gstlc1es00","6","FAAt701","BEA_API"
1998,55,"State and local",3793014,"k1gstlc1es00","6","FAAt701","BEA_API"
1999,55,"State and local",4046775,"k1gstlc1es00","6","FAAt701","BEA_API"
2000,55,"State and local",4335443,"k1gstlc1es00","6","FAAt701","BEA_API"
2001,55,"State and local",4575929,"k1gstlc1es00","6","FAAt701","BEA_API"
2002,55,"State and local",4819332,"k1gstlc1es00","6","FAAt701","BEA_API"
2003,55,"State and local",5046103,"k1gstlc1es00","6","FAAt701","BEA_API"
2004,55,"State and local",5685181,"k1gstlc1es00","6","FAAt701","BEA_API"
2005,55,"State and local",6277697,"k1gstlc1es00","6","FAAt701","BEA_API"
2006,55,"State and local",7027147,"k1gstlc1es00","6","FAAt701","BEA_API"
2007,55,"State and local",7642356,"k1gstlc1es00","6","FAAt701","BEA_API"
2008,55,"State and local",8206561,"k1gstlc1es00","6","FAAt701","BEA_API"
2009,55,"State and local",8248818,"k1gstlc1es00","6","FAAt701","BEA_API"
2010,55,"State and local",8558503,"k1gstlc1es00","6","FAAt701","BEA_API"
2011,55,"State and local",9068285,"k1gstlc1es00","6","FAAt701","BEA_API"
2012,55,"State and local",9389659,"k1gstlc1es00","6","FAAt701","BEA_API"
2013,55,"State and local",9736866,"k1gstlc1es00","6","FAAt701","BEA_API"
2014,55,"State and local",9994042,"k1gstlc1es00","6","FAAt701","BEA_API"
2015,55,"State and local",10186741,"k1gstlc1es00","6","FAAt701","BEA_API"
2016,55,"State and local",10512097,"k1gstlc1es00","6","FAAt701","BEA_API"
2017,55,"State and local",10984583,"k1gstlc1es00","6","FAAt701","BEA_API"
2018,55,"State and local",11611268,"k1gstlc1es00","6","FAAt701","BEA_API"
2019,55,"State and local",12064261,"k1gstlc1es00","6","FAAt701","BEA_API"
2020,55,"State and local",12488680,"k1gstlc1es00","6","FAAt701","BEA_API"
2021,55,"State and local",14037788,"k1gstlc1es00","6","FAAt701","BEA_API"
2022,55,"State and local",15605206,"k1gstlc1es00","6","FAAt701","BEA_API"
2023,55,"State and local",16021305,"k1gstlc1es00","6","FAAt701","BEA_API"
2024,55,"State and local",16561948,"k1gstlc1es00","6","FAAt701","BEA_API"
1925,56,"Equipment",561,"k1gstlc1eq00","6","FAAt701","BEA_API"
1926,56,"Equipment",661,"k1gstlc1eq00","6","FAAt701","BEA_API"
1927,56,"Equipment",800,"k1gstlc1eq00","6","FAAt701","BEA_API"
1928,56,"Equipment",908,"k1gstlc1eq00","6","FAAt701","BEA_API"
1929,56,"Equipment",819,"k1gstlc1eq00","6","FAAt701","BEA_API"
1930,56,"Equipment",856,"k1gstlc1eq00","6","FAAt701","BEA_API"
1931,56,"Equipment",865,"k1gstlc1eq00","6","FAAt701","BEA_API"
1932,56,"Equipment",890,"k1gstlc1eq00","6","FAAt701","BEA_API"
1933,56,"Equipment",881,"k1gstlc1eq00","6","FAAt701","BEA_API"
1934,56,"Equipment",904,"k1gstlc1eq00","6","FAAt701","BEA_API"
1935,56,"Equipment",887,"k1gstlc1eq00","6","FAAt701","BEA_API"
1936,56,"Equipment",876,"k1gstlc1eq00","6","FAAt701","BEA_API"
1937,56,"Equipment",1004,"k1gstlc1eq00","6","FAAt701","BEA_API"
1938,56,"Equipment",1044,"k1gstlc1eq00","6","FAAt701","BEA_API"
1939,56,"Equipment",1097,"k1gstlc1eq00","6","FAAt701","BEA_API"
1940,56,"Equipment",1143,"k1gstlc1eq00","6","FAAt701","BEA_API"
1941,56,"Equipment",1181,"k1gstlc1eq00","6","FAAt701","BEA_API"
1942,56,"Equipment",1207,"k1gstlc1eq00","6","FAAt701","BEA_API"
1943,56,"Equipment",1098,"k1gstlc1eq00","6","FAAt701","BEA_API"
1944,56,"Equipment",1033,"k1gstlc1eq00","6","FAAt701","BEA_API"
1945,56,"Equipment",993,"k1gstlc1eq00","6","FAAt701","BEA_API"
1946,56,"Equipment",1099,"k1gstlc1eq00","6","FAAt701","BEA_API"
1947,56,"Equipment",1452,"k1gstlc1eq00","6","FAAt701","BEA_API"
1948,56,"Equipment",1788,"k1gstlc1eq00","6","FAAt701","BEA_API"
1949,56,"Equipment",1831,"k1gstlc1eq00","6","FAAt701","BEA_API"
1950,56,"Equipment",2255,"k1gstlc1eq00","6","FAAt701","BEA_API"
1951,56,"Equipment",2464,"k1gstlc1eq00","6","FAAt701","BEA_API"
1952,56,"Equipment",2646,"k1gstlc1eq00","6","FAAt701","BEA_API"
1953,56,"Equipment",2799,"k1gstlc1eq00","6","FAAt701","BEA_API"
1954,56,"Equipment",3217,"k1gstlc1eq00","6","FAAt701","BEA_API"
1955,56,"Equipment",3781,"k1gstlc1eq00","6","FAAt701","BEA_API"
1956,56,"Equipment",3966,"k1gstlc1eq00","6","FAAt701","BEA_API"
1957,56,"Equipment",4190,"k1gstlc1eq00","6","FAAt701","BEA_API"
1958,56,"Equipment",4507,"k1gstlc1eq00","6","FAAt701","BEA_API"
1959,56,"Equipment",4713,"k1gstlc1eq00","6","FAAt701","BEA_API"
1960,56,"Equipment",5123,"k1gstlc1eq00","6","FAAt701","BEA_API"
1961,56,"Equipment",5485,"k1gstlc1eq00","6","FAAt701","BEA_API"
1962,56,"Equipment",5856,"k1gstlc1eq00","6","FAAt701","BEA_API"
1963,56,"Equipment",6396,"k1gstlc1eq00","6","FAAt701","BEA_API"
1964,56,"Equipment",7022,"k1gstlc1eq00","6","FAAt701","BEA_API"
1965,56,"Equipment",7708,"k1gstlc1eq00","6","FAAt701","BEA_API"
1966,56,"Equipment",8612,"k1gstlc1eq00","6","FAAt701","BEA_API"
1967,56,"Equipment",9579,"k1gstlc1eq00","6","FAAt701","BEA_API"
1968,56,"Equipment",10563,"k1gstlc1eq00","6","FAAt701","BEA_API"
1969,56,"Equipment",11790,"k1gstlc1eq00","6","FAAt701","BEA_API"
1970,56,"Equipment",13153,"k1gstlc1eq00","6","FAAt701","BEA_API"
1971,56,"Equipment",14147,"k1gstlc1eq00","6","FAAt701","BEA_API"
1972,56,"Equipment",15401,"k1gstlc1eq00","6","FAAt701","BEA_API"
1973,56,"Equipment",17517,"k1gstlc1eq00","6","FAAt701","BEA_API"
1974,56,"Equipment",22292,"k1gstlc1eq00","6","FAAt701","BEA_API"
1975,56,"Equipment",25493,"k1gstlc1eq00","6","FAAt701","BEA_API"
1976,56,"Equipment",28098,"k1gstlc1eq00","6","FAAt701","BEA_API"
1977,56,"Equipment",30869,"k1gstlc1eq00","6","FAAt701","BEA_API"
1978,56,"Equipment",34409,"k1gstlc1eq00","6","FAAt701","BEA_API"
1979,56,"Equipment",38558,"k1gstlc1eq00","6","FAAt701","BEA_API"
1980,56,"Equipment",44023,"k1gstlc1eq00","6","FAAt701","BEA_API"
1981,56,"Equipment",48744,"k1gstlc1eq00","6","FAAt701","BEA_API"
1982,56,"Equipment",52021,"k1gstlc1eq00","6","FAAt701","BEA_API"
1983,56,"Equipment",55461,"k1gstlc1eq00","6","FAAt701","BEA_API"
1984,56,"Equipment",59825,"k1gstlc1eq00","6","FAAt701","BEA_API"
1985,56,"Equipment",65830,"k1gstlc1eq00","6","FAAt701","BEA_API"
1986,56,"Equipment",72951,"k1gstlc1eq00","6","FAAt701","BEA_API"
1987,56,"Equipment",78462,"k1gstlc1eq00","6","FAAt701","BEA_API"
1988,56,"Equipment",86189,"k1gstlc1eq00","6","FAAt701","BEA_API"
1989,56,"Equipment",95370,"k1gstlc1eq00","6","FAAt701","BEA_API"
1990,56,"Equipment",105833,"k1gstlc1eq00","6","FAAt701","BEA_API"
1991,56,"Equipment",113293,"k1gstlc1eq00","6","FAAt701","BEA_API"
1992,56,"Equipment",119698,"k1gstlc1eq00","6","FAAt701","BEA_API"
1993,56,"Equipment",125957,"k1gstlc1eq00","6","FAAt701","BEA_API"
1994,56,"Equipment",133891,"k1gstlc1eq00","6","FAAt701","BEA_API"
1995,56,"Equipment",143264,"k1gstlc1eq00","6","FAAt701","BEA_API"
1996,56,"Equipment",149157,"k1gstlc1eq00","6","FAAt701","BEA_API"
1997,56,"Equipment",153786,"k1gstlc1eq00","6","FAAt701","BEA_API"
1998,56,"Equipment",160873,"k1gstlc1eq00","6","FAAt701","BEA_API"
1999,56,"Equipment",170371,"k1gstlc1eq00","6","FAAt701","BEA_API"
2000,56,"Equipment",179544,"k1gstlc1eq00","6","FAAt701","BEA_API"
2001,56,"Equipment",185212,"k1gstlc1eq00","6","FAAt701","BEA_API"
2002,56,"Equipment",191192,"k1gstlc1eq00","6","FAAt701","BEA_API"
2003,56,"Equipment",196294,"k1gstlc1eq00","6","FAAt701","BEA_API"
2004,56,"Equipment",203173,"k1gstlc1eq00","6","FAAt701","BEA_API"
2005,56,"Equipment",206789,"k1gstlc1eq00","6","FAAt701","BEA_API"
2006,56,"Equipment",212632,"k1gstlc1eq00","6","FAAt701","BEA_API"
2007,56,"Equipment",221548,"k1gstlc1eq00","6","FAAt701","BEA_API"
2008,56,"Equipment",235671,"k1gstlc1eq00","6","FAAt701","BEA_API"
2009,56,"Equipment",238599,"k1gstlc1eq00","6","FAAt701","BEA_API"
2010,56,"Equipment",238556,"k1gstlc1eq00","6","FAAt701","BEA_API"
2011,56,"Equipment",241785,"k1gstlc1eq00","6","FAAt701","BEA_API"
2012,56,"Equipment",242407,"k1gstlc1eq00","6","FAAt701","BEA_API"
2013,56,"Equipment",243027,"k1gstlc1eq00","6","FAAt701","BEA_API"
2014,56,"Equipment",243839,"k1gstlc1eq00","6","FAAt701","BEA_API"
2015,56,"Equipment",242956,"k1gstlc1eq00","6","FAAt701","BEA_API"
2016,56,"Equipment",244074,"k1gstlc1eq00","6","FAAt701","BEA_API"
2017,56,"Equipment",248233,"k1gstlc1eq00","6","FAAt701","BEA_API"
2018,56,"Equipment",254990,"k1gstlc1eq00","6","FAAt701","BEA_API"
2019,56,"Equipment",257811,"k1gstlc1eq00","6","FAAt701","BEA_API"
2020,56,"Equipment",264685,"k1gstlc1eq00","6","FAAt701","BEA_API"
2021,56,"Equipment",285895,"k1gstlc1eq00","6","FAAt701","BEA_API"
2022,56,"Equipment",310927,"k1gstlc1eq00","6","FAAt701","BEA_API"
2023,56,"Equipment",324080,"k1gstlc1eq00","6","FAAt701","BEA_API"
2024,56,"Equipment",323951,"k1gstlc1eq00","6","FAAt701","BEA_API"
1925,57,"Structures",28824,"k1gstlc1st00","6","FAAt701","BEA_API"
1926,57,"Structures",29436,"k1gstlc1st00","6","FAAt701","BEA_API"
1927,57,"Structures",30958,"k1gstlc1st00","6","FAAt701","BEA_API"
1928,57,"Structures",31538,"k1gstlc1st00","6","FAAt701","BEA_API"
1929,57,"Structures",32860,"k1gstlc1st00","6","FAAt701","BEA_API"
1930,57,"Structures",32933,"k1gstlc1st00","6","FAAt701","BEA_API"
1931,57,"Structures",31282,"k1gstlc1st00","6","FAAt701","BEA_API"
1932,57,"Structures",26204,"k1gstlc1st00","6","FAAt701","BEA_API"
1933,57,"Structures",30289,"k1gstlc1st00","6","FAAt701","BEA_API"
1934,57,"Structures",36958,"k1gstlc1st00","6","FAAt701","BEA_API"
1935,57,"Structures",36143,"k1gstlc1st00","6","FAAt701","BEA_API"
1936,57,"Structures",41428,"k1gstlc1st00","6","FAAt701","BEA_API"
1937,57,"Structures",43499,"k1gstlc1st00","6","FAAt701","BEA_API"
1938,57,"Structures",45266,"k1gstlc1st00","6","FAAt701","BEA_API"
1939,57,"Structures",46401,"k1gstlc1st00","6","FAAt701","BEA_API"
1940,57,"Structures",47912,"k1gstlc1st00","6","FAAt701","BEA_API"
1941,57,"Structures",54117,"k1gstlc1st00","6","FAAt701","BEA_API"
1942,57,"Structures",63469,"k1gstlc1st00","6","FAAt701","BEA_API"
1943,57,"Structures",67726,"k1gstlc1st00","6","FAAt701","BEA_API"
1944,57,"Structures",65712,"k1gstlc1st00","6","FAAt701","BEA_API"
1945,57,"Structures",64816,"k1gstlc1st00","6","FAAt701","BEA_API"
1946,57,"Structures",71448,"k1gstlc1st00","6","FAAt701","BEA_API"
1947,57,"Structures",91531,"k1gstlc1st00","6","FAAt701","BEA_API"
1948,57,"Structures",99543,"k1gstlc1st00","6","FAAt701","BEA_API"
1949,57,"Structures",95056,"k1gstlc1st00","6","FAAt701","BEA_API"
1950,57,"Structures",106979,"k1gstlc1st00","6","FAAt701","BEA_API"
1951,57,"Structures",120320,"k1gstlc1st00","6","FAAt701","BEA_API"
1952,57,"Structures",127514,"k1gstlc1st00","6","FAAt701","BEA_API"
1953,57,"Structures",126136,"k1gstlc1st00","6","FAAt701","BEA_API"
1954,57,"Structures",131455,"k1gstlc1st00","6","FAAt701","BEA_API"
1955,57,"Structures",145707,"k1gstlc1st00","6","FAAt701","BEA_API"
1956,57,"Structures",165428,"k1gstlc1st00","6","FAAt701","BEA_API"
1957,57,"Structures",173403,"k1gstlc1st00","6","FAAt701","BEA_API"
1958,57,"Structures",184506,"k1gstlc1st00","6","FAAt701","BEA_API"
1959,57,"Structures",189640,"k1gstlc1st00","6","FAAt701","BEA_API"
1960,57,"Structures",198364,"k1gstlc1st00","6","FAAt701","BEA_API"
1961,57,"Structures",210371,"k1gstlc1st00","6","FAAt701","BEA_API"
1962,57,"Structures",225234,"k1gstlc1st00","6","FAAt701","BEA_API"
1963,57,"Structures",240427,"k1gstlc1st00","6","FAAt701","BEA_API"
1964,57,"Structures",256340,"k1gstlc1st00","6","FAAt701","BEA_API"
1965,57,"Structures",279209,"k1gstlc1st00","6","FAAt701","BEA_API"
1966,57,"Structures",308506,"k1gstlc1st00","6","FAAt701","BEA_API"
1967,57,"Structures",337432,"k1gstlc1st00","6","FAAt701","BEA_API"
1968,57,"Structures",374222,"k1gstlc1st00","6","FAAt701","BEA_API"
1969,57,"Structures",423629,"k1gstlc1st00","6","FAAt701","BEA_API"
1970,57,"Structures",483426,"k1gstlc1st00","6","FAAt701","BEA_API"
1971,57,"Structures",533184,"k1gstlc1st00","6","FAAt701","BEA_API"
1972,57,"Structures",583972,"k1gstlc1st00","6","FAAt701","BEA_API"
1973,57,"Structures",670987,"k1gstlc1st00","6","FAAt701","BEA_API"
1974,57,"Structures",852362,"k1gstlc1st00","6","FAAt701","BEA_API"
1975,57,"Structures",887630,"k1gstlc1st00","6","FAAt701","BEA_API"
1976,57,"Structures",924616,"k1gstlc1st00","6","FAAt701","BEA_API"
1977,57,"Structures",985968,"k1gstlc1st00","6","FAAt701","BEA_API"
1978,57,"Structures",1083867,"k1gstlc1st00","6","FAAt701","BEA_API"
1979,57,"Structures",1248373,"k1gstlc1st00","6","FAAt701","BEA_API"
1980,57,"Structures",1451264,"k1gstlc1st00","6","FAAt701","BEA_API"
1981,57,"Structures",1609261,"k1gstlc1st00","6","FAAt701","BEA_API"
1982,57,"Structures",1696957,"k1gstlc1st00","6","FAAt701","BEA_API"
1983,57,"Structures",1714286,"k1gstlc1st00","6","FAAt701","BEA_API"
1984,57,"Structures",1768947,"k1gstlc1st00","6","FAAt701","BEA_API"
1985,57,"Structures",1845632,"k1gstlc1st00","6","FAAt701","BEA_API"
1986,57,"Structures",1964715,"k1gstlc1st00","6","FAAt701","BEA_API"
1987,57,"Structures",2080297,"k1gstlc1st00","6","FAAt701","BEA_API"
1988,57,"Structures",2175285,"k1gstlc1st00","6","FAAt701","BEA_API"
1989,57,"Structures",2289407,"k1gstlc1st00","6","FAAt701","BEA_API"
1990,57,"Structures",2404214,"k1gstlc1st00","6","FAAt701","BEA_API"
1991,57,"Structures",2473427,"k1gstlc1st00","6","FAAt701","BEA_API"
1992,57,"Structures",2580845,"k1gstlc1st00","6","FAAt701","BEA_API"
1993,57,"Structures",2708230,"k1gstlc1st00","6","FAAt701","BEA_API"
1994,57,"Structures",2877004,"k1gstlc1st00","6","FAAt701","BEA_API"
1995,57,"Structures",3049026,"k1gstlc1st00","6","FAAt701","BEA_API"
1996,57,"Structures",3204256,"k1gstlc1st00","6","FAAt701","BEA_API"
1997,57,"Structures",3399300,"k1gstlc1st00","6","FAAt701","BEA_API"
1998,57,"Structures",3581786,"k1gstlc1st00","6","FAAt701","BEA_API"
1999,57,"Structures",3822431,"k1gstlc1st00","6","FAAt701","BEA_API"
2000,57,"Structures",4097661,"k1gstlc1st00","6","FAAt701","BEA_API"
2001,57,"Structures",4329427,"k1gstlc1st00","6","FAAt701","BEA_API"
2002,57,"Structures",4564107,"k1gstlc1st00","6","FAAt701","BEA_API"
2003,57,"Structures",4782251,"k1gstlc1st00","6","FAAt701","BEA_API"
2004,57,"Structures",5410387,"k1gstlc1st00","6","FAAt701","BEA_API"
2005,57,"Structures",5995197,"k1gstlc1st00","6","FAAt701","BEA_API"
2006,57,"Structures",6733647,"k1gstlc1st00","6","FAAt701","BEA_API"
2007,57,"Structures",7332971,"k1gstlc1st00","6","FAAt701","BEA_API"
2008,57,"Structures",7876771,"k1gstlc1st00","6","FAAt701","BEA_API"
2009,57,"Structures",7912338,"k1gstlc1st00","6","FAAt701","BEA_API"
2010,57,"Structures",8218216,"k1gstlc1st00","6","FAAt701","BEA_API"
2011,57,"Structures",8720425,"k1gstlc1st00","6","FAAt701","BEA_API"
2012,57,"Structures",9037735,"k1gstlc1st00","6","FAAt701","BEA_API"
2013,57,"Structures",9378734,"k1gstlc1st00","6","FAAt701","BEA_API"
2014,57,"Structures",9630816,"k1gstlc1st00","6","FAAt701","BEA_API"
2015,57,"Structures",9820620,"k1gstlc1st00","6","FAAt701","BEA_API"
2016,57,"Structures",10136897,"k1gstlc1st00","6","FAAt701","BEA_API"
2017,57,"Structures",10595447,"k1gstlc1st00","6","FAAt701","BEA_API"
2018,57,"Structures",11205181,"k1gstlc1st00","6","FAAt701","BEA_API"
2019,57,"Structures",11649026,"k1gstlc1st00","6","FAAt701","BEA_API"
2020,57,"Structures",12058028,"k1gstlc1st00","6","FAAt701","BEA_API"
2021,57,"Structures",13575064,"k1gstlc1st00","6","FAAt701","BEA_API"
2022,57,"Structures",15104260,"k1gstlc1st00","6","FAAt701","BEA_API"
2023,57,"Structures",15495044,"k1gstlc1st00","6","FAAt701","BEA_API"
2024,57,"Structures",16019768,"k1gstlc1st00","6","FAAt701","BEA_API"
1925,58,"Residential",0,"k1gstlc1sa00","6","FAAt701","BEA_API"
1926,58,"Residential",0,"k1gstlc1sa00","6","FAAt701","BEA_API"
1927,58,"Residential",0,"k1gstlc1sa00","6","FAAt701","BEA_API"
1928,58,"Residential",0,"k1gstlc1sa00","6","FAAt701","BEA_API"
1929,58,"Residential",6,"k1gstlc1sa00","6","FAAt701","BEA_API"
1930,58,"Residential",10,"k1gstlc1sa00","6","FAAt701","BEA_API"
1931,58,"Residential",12,"k1gstlc1sa00","6","FAAt701","BEA_API"
1932,58,"Residential",14,"k1gstlc1sa00","6","FAAt701","BEA_API"
1933,58,"Residential",16,"k1gstlc1sa00","6","FAAt701","BEA_API"
1934,58,"Residential",20,"k1gstlc1sa00","6","FAAt701","BEA_API"
1935,58,"Residential",23,"k1gstlc1sa00","6","FAAt701","BEA_API"
1936,58,"Residential",26,"k1gstlc1sa00","6","FAAt701","BEA_API"
1937,58,"Residential",32,"k1gstlc1sa00","6","FAAt701","BEA_API"
1938,58,"Residential",38,"k1gstlc1sa00","6","FAAt701","BEA_API"
1939,58,"Residential",99,"k1gstlc1sa00","6","FAAt701","BEA_API"
1940,58,"Residential",287,"k1gstlc1sa00","6","FAAt701","BEA_API"
1941,58,"Residential",511,"k1gstlc1sa00","6","FAAt701","BEA_API"
1942,58,"Residential",716,"k1gstlc1sa00","6","FAAt701","BEA_API"
1943,58,"Residential",795,"k1gstlc1sa00","6","FAAt701","BEA_API"
1944,58,"Residential",867,"k1gstlc1sa00","6","FAAt701","BEA_API"
1945,58,"Residential",971,"k1gstlc1sa00","6","FAAt701","BEA_API"
1946,58,"Residential",1162,"k1gstlc1sa00","6","FAAt701","BEA_API"
1947,58,"Residential",1613,"k1gstlc1sa00","6","FAAt701","BEA_API"
1948,58,"Residential",1758,"k1gstlc1sa00","6","FAAt701","BEA_API"
1949,58,"Residential",2036,"k1gstlc1sa00","6","FAAt701","BEA_API"
1950,58,"Residential",2471,"k1gstlc1sa00","6","FAAt701","BEA_API"
1951,58,"Residential",3086,"k1gstlc1sa00","6","FAAt701","BEA_API"
1952,58,"Residential",3700,"k1gstlc1sa00","6","FAAt701","BEA_API"
1953,58,"Residential",4170,"k1gstlc1sa00","6","FAAt701","BEA_API"
1954,58,"Residential",4511,"k1gstlc1sa00","6","FAAt701","BEA_API"
1955,58,"Residential",4798,"k1gstlc1sa00","6","FAAt701","BEA_API"
1956,58,"Residential",5088,"k1gstlc1sa00","6","FAAt701","BEA_API"
1957,58,"Residential",5362,"k1gstlc1sa00","6","FAAt701","BEA_API"
1958,58,"Residential",5827,"k1gstlc1sa00","6","FAAt701","BEA_API"
1959,58,"Residential",6235,"k1gstlc1sa00","6","FAAt701","BEA_API"
1960,58,"Residential",6605,"k1gstlc1sa00","6","FAAt701","BEA_API"
1961,58,"Residential",7133,"k1gstlc1sa00","6","FAAt701","BEA_API"
1962,58,"Residential",7807,"k1gstlc1sa00","6","FAAt701","BEA_API"
1963,58,"Residential",8067,"k1gstlc1sa00","6","FAAt701","BEA_API"
1964,58,"Residential",8690,"k1gstlc1sa00","6","FAAt701","BEA_API"
1965,58,"Residential",9217,"k1gstlc1sa00","6","FAAt701","BEA_API"
1966,58,"Residential",10179,"k1gstlc1sa00","6","FAAt701","BEA_API"
1967,58,"Residential",11062,"k1gstlc1sa00","6","FAAt701","BEA_API"
1968,58,"Residential",12643,"k1gstlc1sa00","6","FAAt701","BEA_API"
1969,58,"Residential",14230,"k1gstlc1sa00","6","FAAt701","BEA_API"
1970,58,"Residential",15480,"k1gstlc1sa00","6","FAAt701","BEA_API"
1971,58,"Residential",17591,"k1gstlc1sa00","6","FAAt701","BEA_API"
1972,58,"Residential",19512,"k1gstlc1sa00","6","FAAt701","BEA_API"
1973,58,"Residential",22288,"k1gstlc1sa00","6","FAAt701","BEA_API"
1974,58,"Residential",25256,"k1gstlc1sa00","6","FAAt701","BEA_API"
1975,58,"Residential",27538,"k1gstlc1sa00","6","FAAt701","BEA_API"
1976,58,"Residential",30400,"k1gstlc1sa00","6","FAAt701","BEA_API"
1977,58,"Residential",35131,"k1gstlc1sa00","6","FAAt701","BEA_API"
1978,58,"Residential",39978,"k1gstlc1sa00","6","FAAt701","BEA_API"
1979,58,"Residential",46184,"k1gstlc1sa00","6","FAAt701","BEA_API"
1980,58,"Residential",52217,"k1gstlc1sa00","6","FAAt701","BEA_API"
1981,58,"Residential",56363,"k1gstlc1sa00","6","FAAt701","BEA_API"
1982,58,"Residential",59105,"k1gstlc1sa00","6","FAAt701","BEA_API"
1983,58,"Residential",61493,"k1gstlc1sa00","6","FAAt701","BEA_API"
1984,58,"Residential",64679,"k1gstlc1sa00","6","FAAt701","BEA_API"
1985,58,"Residential",67883,"k1gstlc1sa00","6","FAAt701","BEA_API"
1986,58,"Residential",73030,"k1gstlc1sa00","6","FAAt701","BEA_API"
1987,58,"Residential",77517,"k1gstlc1sa00","6","FAAt701","BEA_API"
1988,58,"Residential",81971,"k1gstlc1sa00","6","FAAt701","BEA_API"
1989,58,"Residential",86618,"k1gstlc1sa00","6","FAAt701","BEA_API"
1990,58,"Residential",90073,"k1gstlc1sa00","6","FAAt701","BEA_API"
1991,58,"Residential",92272,"k1gstlc1sa00","6","FAAt701","BEA_API"
1992,58,"Residential",98269,"k1gstlc1sa00","6","FAAt701","BEA_API"
1993,58,"Residential",105205,"k1gstlc1sa00","6","FAAt701","BEA_API"
1994,58,"Residential",112554,"k1gstlc1sa00","6","FAAt701","BEA_API"
1995,58,"Residential",117044,"k1gstlc1sa00","6","FAAt701","BEA_API"
1996,58,"Residential",122708,"k1gstlc1sa00","6","FAAt701","BEA_API"
1997,58,"Residential",128919,"k1gstlc1sa00","6","FAAt701","BEA_API"
1998,58,"Residential",136137,"k1gstlc1sa00","6","FAAt701","BEA_API"
1999,58,"Residential",145403,"k1gstlc1sa00","6","FAAt701","BEA_API"
2000,58,"Residential",154123,"k1gstlc1sa00","6","FAAt701","BEA_API"
2001,58,"Residential",164892,"k1gstlc1sa00","6","FAAt701","BEA_API"
2002,58,"Residential",174935,"k1gstlc1sa00","6","FAAt701","BEA_API"
2003,58,"Residential",188000,"k1gstlc1sa00","6","FAAt701","BEA_API"
2004,58,"Residential",207793,"k1gstlc1sa00","6","FAAt701","BEA_API"
2005,58,"Residential",228683,"k1gstlc1sa00","6","FAAt701","BEA_API"
2006,58,"Residential",239943,"k1gstlc1sa00","6","FAAt701","BEA_API"
2007,58,"Residential",239274,"k1gstlc1sa00","6","FAAt701","BEA_API"
2008,58,"Residential",233991,"k1gstlc1sa00","6","FAAt701","BEA_API"
2009,58,"Residential",230999,"k1gstlc1sa00","6","FAAt701","BEA_API"
2010,58,"Residential",233903,"k1gstlc1sa00","6","FAAt701","BEA_API"
2011,58,"Residential",237906,"k1gstlc1sa00","6","FAAt701","BEA_API"
2012,58,"Residential",246089,"k1gstlc1sa00","6","FAAt701","BEA_API"
2013,58,"Residential",265892,"k1gstlc1sa00","6","FAAt701","BEA_API"
2014,58,"Residential",277644,"k1gstlc1sa00","6","FAAt701","BEA_API"
2015,58,"Residential",283884,"k1gstlc1sa00","6","FAAt701","BEA_API"
2016,58,"Residential",301553,"k1gstlc1sa00","6","FAAt701","BEA_API"
2017,58,"Residential",311972,"k1gstlc1sa00","6","FAAt701","BEA_API"
2018,58,"Residential",328266,"k1gstlc1sa00","6","FAAt701","BEA_API"
2019,58,"Residential",339265,"k1gstlc1sa00","6","FAAt701","BEA_API"
2020,58,"Residential",352264,"k1gstlc1sa00","6","FAAt701","BEA_API"
2021,58,"Residential",380993,"k1gstlc1sa00","6","FAAt701","BEA_API"
2022,58,"Residential",398434,"k1gstlc1sa00","6","FAAt701","BEA_API"
2023,58,"Residential",406750,"k1gstlc1sa00","6","FAAt701","BEA_API"
2024,58,"Residential",434054,"k1gstlc1sa00","6","FAAt701","BEA_API"
1925,59,"Office",368,"k1gstlc1sd00","6","FAAt701","BEA_API"
1926,59,"Office",406,"k1gstlc1sd00","6","FAAt701","BEA_API"
1927,59,"Office",443,"k1gstlc1sd00","6","FAAt701","BEA_API"
1928,59,"Office",478,"k1gstlc1sd00","6","FAAt701","BEA_API"
1929,59,"Office",531,"k1gstlc1sd00","6","FAAt701","BEA_API"
1930,59,"Office",544,"k1gstlc1sd00","6","FAAt701","BEA_API"
1931,59,"Office",529,"k1gstlc1sd00","6","FAAt701","BEA_API"
1932,59,"Office",469,"k1gstlc1sd00","6","FAAt701","BEA_API"
1933,59,"Office",475,"k1gstlc1sd00","6","FAAt701","BEA_API"
1934,59,"Office",580,"k1gstlc1sd00","6","FAAt701","BEA_API"
1935,59,"Office",598,"k1gstlc1sd00","6","FAAt701","BEA_API"
1936,59,"Office",690,"k1gstlc1sd00","6","FAAt701","BEA_API"
1937,59,"Office",843,"k1gstlc1sd00","6","FAAt701","BEA_API"
1938,59,"Office",923,"k1gstlc1sd00","6","FAAt701","BEA_API"
1939,59,"Office",1015,"k1gstlc1sd00","6","FAAt701","BEA_API"
1940,59,"Office",1119,"k1gstlc1sd00","6","FAAt701","BEA_API"
1941,59,"Office",1248,"k1gstlc1sd00","6","FAAt701","BEA_API"
1942,59,"Office",1310,"k1gstlc1sd00","6","FAAt701","BEA_API"
1943,59,"Office",1390,"k1gstlc1sd00","6","FAAt701","BEA_API"
1944,59,"Office",1420,"k1gstlc1sd00","6","FAAt701","BEA_API"
1945,59,"Office",1496,"k1gstlc1sd00","6","FAAt701","BEA_API"
1946,59,"Office",1735,"k1gstlc1sd00","6","FAAt701","BEA_API"
1947,59,"Office",2369,"k1gstlc1sd00","6","FAAt701","BEA_API"
1948,59,"Office",2579,"k1gstlc1sd00","6","FAAt701","BEA_API"
1949,59,"Office",2608,"k1gstlc1sd00","6","FAAt701","BEA_API"
1950,59,"Office",2947,"k1gstlc1sd00","6","FAAt701","BEA_API"
1951,59,"Office",3286,"k1gstlc1sd00","6","FAAt701","BEA_API"
1952,59,"Office",3364,"k1gstlc1sd00","6","FAAt701","BEA_API"
1953,59,"Office",3542,"k1gstlc1sd00","6","FAAt701","BEA_API"
1954,59,"Office",3659,"k1gstlc1sd00","6","FAAt701","BEA_API"
1955,59,"Office",4145,"k1gstlc1sd00","6","FAAt701","BEA_API"
1956,59,"Office",4618,"k1gstlc1sd00","6","FAAt701","BEA_API"
1957,59,"Office",4902,"k1gstlc1sd00","6","FAAt701","BEA_API"
1958,59,"Office",5142,"k1gstlc1sd00","6","FAAt701","BEA_API"
1959,59,"Office",5413,"k1gstlc1sd00","6","FAAt701","BEA_API"
1960,59,"Office",5662,"k1gstlc1sd00","6","FAAt701","BEA_API"
1961,59,"Office",6026,"k1gstlc1sd00","6","FAAt701","BEA_API"
1962,59,"Office",6452,"k1gstlc1sd00","6","FAAt701","BEA_API"
1963,59,"Office",6990,"k1gstlc1sd00","6","FAAt701","BEA_API"
1964,59,"Office",7729,"k1gstlc1sd00","6","FAAt701","BEA_API"
1965,59,"Office",8577,"k1gstlc1sd00","6","FAAt701","BEA_API"
1966,59,"Office",9527,"k1gstlc1sd00","6","FAAt701","BEA_API"
1967,59,"Office",10709,"k1gstlc1sd00","6","FAAt701","BEA_API"
1968,59,"Office",12546,"k1gstlc1sd00","6","FAAt701","BEA_API"
1969,59,"Office",14801,"k1gstlc1sd00","6","FAAt701","BEA_API"
1970,59,"Office",16752,"k1gstlc1sd00","6","FAAt701","BEA_API"
1971,59,"Office",19467,"k1gstlc1sd00","6","FAAt701","BEA_API"
1972,59,"Office",22014,"k1gstlc1sd00","6","FAAt701","BEA_API"
1973,59,"Office",25351,"k1gstlc1sd00","6","FAAt701","BEA_API"
1974,59,"Office",30817,"k1gstlc1sd00","6","FAAt701","BEA_API"
1975,59,"Office",34417,"k1gstlc1sd00","6","FAAt701","BEA_API"
1976,59,"Office",38658,"k1gstlc1sd00","6","FAAt701","BEA_API"
1977,59,"Office",44143,"k1gstlc1sd00","6","FAAt701","BEA_API"
1978,59,"Office",50843,"k1gstlc1sd00","6","FAAt701","BEA_API"
1979,59,"Office",59569,"k1gstlc1sd00","6","FAAt701","BEA_API"
1980,59,"Office",68493,"k1gstlc1sd00","6","FAAt701","BEA_API"
1981,59,"Office",75792,"k1gstlc1sd00","6","FAAt701","BEA_API"
1982,59,"Office",81524,"k1gstlc1sd00","6","FAAt701","BEA_API"
1983,59,"Office",86259,"k1gstlc1sd00","6","FAAt701","BEA_API"
1984,59,"Office",92010,"k1gstlc1sd00","6","FAAt701","BEA_API"
1985,59,"Office",97263,"k1gstlc1sd00","6","FAAt701","BEA_API"
1986,59,"Office",104421,"k1gstlc1sd00","6","FAAt701","BEA_API"
1987,59,"Office",111565,"k1gstlc1sd00","6","FAAt701","BEA_API"
1988,59,"Office",118901,"k1gstlc1sd00","6","FAAt701","BEA_API"
1989,59,"Office",127198,"k1gstlc1sd00","6","FAAt701","BEA_API"
1990,59,"Office",135064,"k1gstlc1sd00","6","FAAt701","BEA_API"
1991,59,"Office",140273,"k1gstlc1sd00","6","FAAt701","BEA_API"
1992,59,"Office",148224,"k1gstlc1sd00","6","FAAt701","BEA_API"
1993,59,"Office",158454,"k1gstlc1sd00","6","FAAt701","BEA_API"
1994,59,"Office",171342,"k1gstlc1sd00","6","FAAt701","BEA_API"
1995,59,"Office",181939,"k1gstlc1sd00","6","FAAt701","BEA_API"
1996,59,"Office",195045,"k1gstlc1sd00","6","FAAt701","BEA_API"
1997,59,"Office",214552,"k1gstlc1sd00","6","FAAt701","BEA_API"
1998,59,"Office",233907,"k1gstlc1sd00","6","FAAt701","BEA_API"
1999,59,"Office",254935,"k1gstlc1sd00","6","FAAt701","BEA_API"
2000,59,"Office",274975,"k1gstlc1sd00","6","FAAt701","BEA_API"
2001,59,"Office",293704,"k1gstlc1sd00","6","FAAt701","BEA_API"
2002,59,"Office",316809,"k1gstlc1sd00","6","FAAt701","BEA_API"
2003,59,"Office",340696,"k1gstlc1sd00","6","FAAt701","BEA_API"
2004,59,"Office",388360,"k1gstlc1sd00","6","FAAt701","BEA_API"
2005,59,"Office",443326,"k1gstlc1sd00","6","FAAt701","BEA_API"
2006,59,"Office",494506,"k1gstlc1sd00","6","FAAt701","BEA_API"
2007,59,"Office",528617,"k1gstlc1sd00","6","FAAt701","BEA_API"
2008,59,"Office",575940,"k1gstlc1sd00","6","FAAt701","BEA_API"
2009,59,"Office",567510,"k1gstlc1sd00","6","FAAt701","BEA_API"
2010,59,"Office",581488,"k1gstlc1sd00","6","FAAt701","BEA_API"
2011,59,"Office",616236,"k1gstlc1sd00","6","FAAt701","BEA_API"
2012,59,"Office",633237,"k1gstlc1sd00","6","FAAt701","BEA_API"
2013,59,"Office",663191,"k1gstlc1sd00","6","FAAt701","BEA_API"
2014,59,"Office",690101,"k1gstlc1sd00","6","FAAt701","BEA_API"
2015,59,"Office",713454,"k1gstlc1sd00","6","FAAt701","BEA_API"
2016,59,"Office",735311,"k1gstlc1sd00","6","FAAt701","BEA_API"
2017,59,"Office",766840,"k1gstlc1sd00","6","FAAt701","BEA_API"
2018,59,"Office",819946,"k1gstlc1sd00","6","FAAt701","BEA_API"
2019,59,"Office",857706,"k1gstlc1sd00","6","FAAt701","BEA_API"
2020,59,"Office",896480,"k1gstlc1sd00","6","FAAt701","BEA_API"
2021,59,"Office",1044084,"k1gstlc1sd00","6","FAAt701","BEA_API"
2022,59,"Office",1248824,"k1gstlc1sd00","6","FAAt701","BEA_API"
2023,59,"Office",1267641,"k1gstlc1sd00","6","FAAt701","BEA_API"
2024,59,"Office",1318236,"k1gstlc1sd00","6","FAAt701","BEA_API"
1925,60,"Commercial",56,"k1gstlc1se00","6","FAAt701","BEA_API"
1926,60,"Commercial",62,"k1gstlc1se00","6","FAAt701","BEA_API"
1927,60,"Commercial",68,"k1gstlc1se00","6","FAAt701","BEA_API"
1928,60,"Commercial",74,"k1gstlc1se00","6","FAAt701","BEA_API"
1929,60,"Commercial",79,"k1gstlc1se00","6","FAAt701","BEA_API"
1930,60,"Commercial",79,"k1gstlc1se00","6","FAAt701","BEA_API"
1931,60,"Commercial",77,"k1gstlc1se00","6","FAAt701","BEA_API"
1932,60,"Commercial",68,"k1gstlc1se00","6","FAAt701","BEA_API"
1933,60,"Commercial",68,"k1gstlc1se00","6","FAAt701","BEA_API"
1934,60,"Commercial",82,"k1gstlc1se00","6","FAAt701","BEA_API"
1935,60,"Commercial",83,"k1gstlc1se00","6","FAAt701","BEA_API"
1936,60,"Commercial",98,"k1gstlc1se00","6","FAAt701","BEA_API"
1937,60,"Commercial",121,"k1gstlc1se00","6","FAAt701","BEA_API"
1938,60,"Commercial",133,"k1gstlc1se00","6","FAAt701","BEA_API"
1939,60,"Commercial",143,"k1gstlc1se00","6","FAAt701","BEA_API"
1940,60,"Commercial",157,"k1gstlc1se00","6","FAAt701","BEA_API"
1941,60,"Commercial",175,"k1gstlc1se00","6","FAAt701","BEA_API"
1942,60,"Commercial",184,"k1gstlc1se00","6","FAAt701","BEA_API"
1943,60,"Commercial",194,"k1gstlc1se00","6","FAAt701","BEA_API"
1944,60,"Commercial",198,"k1gstlc1se00","6","FAAt701","BEA_API"
1945,60,"Commercial",209,"k1gstlc1se00","6","FAAt701","BEA_API"
1946,60,"Commercial",243,"k1gstlc1se00","6","FAAt701","BEA_API"
1947,60,"Commercial",347,"k1gstlc1se00","6","FAAt701","BEA_API"
1948,60,"Commercial",369,"k1gstlc1se00","6","FAAt701","BEA_API"
1949,60,"Commercial",354,"k1gstlc1se00","6","FAAt701","BEA_API"
1950,60,"Commercial",394,"k1gstlc1se00","6","FAAt701","BEA_API"
1951,60,"Commercial",442,"k1gstlc1se00","6","FAAt701","BEA_API"
1952,60,"Commercial",446,"k1gstlc1se00","6","FAAt701","BEA_API"
1953,60,"Commercial",451,"k1gstlc1se00","6","FAAt701","BEA_API"
1954,60,"Commercial",458,"k1gstlc1se00","6","FAAt701","BEA_API"
1955,60,"Commercial",501,"k1gstlc1se00","6","FAAt701","BEA_API"
1956,60,"Commercial",559,"k1gstlc1se00","6","FAAt701","BEA_API"
1957,60,"Commercial",577,"k1gstlc1se00","6","FAAt701","BEA_API"
1958,60,"Commercial",607,"k1gstlc1se00","6","FAAt701","BEA_API"
1959,60,"Commercial",656,"k1gstlc1se00","6","FAAt701","BEA_API"
1960,60,"Commercial",675,"k1gstlc1se00","6","FAAt701","BEA_API"
1961,60,"Commercial",696,"k1gstlc1se00","6","FAAt701","BEA_API"
1962,60,"Commercial",719,"k1gstlc1se00","6","FAAt701","BEA_API"
1963,60,"Commercial",751,"k1gstlc1se00","6","FAAt701","BEA_API"
1964,60,"Commercial",809,"k1gstlc1se00","6","FAAt701","BEA_API"
1965,60,"Commercial",871,"k1gstlc1se00","6","FAAt701","BEA_API"
1966,60,"Commercial",959,"k1gstlc1se00","6","FAAt701","BEA_API"
1967,60,"Commercial",1026,"k1gstlc1se00","6","FAAt701","BEA_API"
1968,60,"Commercial",1140,"k1gstlc1se00","6","FAAt701","BEA_API"
1969,60,"Commercial",1279,"k1gstlc1se00","6","FAAt701","BEA_API"
1970,60,"Commercial",1424,"k1gstlc1se00","6","FAAt701","BEA_API"
1971,60,"Commercial",1579,"k1gstlc1se00","6","FAAt701","BEA_API"
1972,60,"Commercial",1745,"k1gstlc1se00","6","FAAt701","BEA_API"
1973,60,"Commercial",1962,"k1gstlc1se00","6","FAAt701","BEA_API"
1974,60,"Commercial",2366,"k1gstlc1se00","6","FAAt701","BEA_API"
1975,60,"Commercial",2570,"k1gstlc1se00","6","FAAt701","BEA_API"
1976,60,"Commercial",2827,"k1gstlc1se00","6","FAAt701","BEA_API"
1977,60,"Commercial",3143,"k1gstlc1se00","6","FAAt701","BEA_API"
1978,60,"Commercial",3513,"k1gstlc1se00","6","FAAt701","BEA_API"
1979,60,"Commercial",4010,"k1gstlc1se00","6","FAAt701","BEA_API"
1980,60,"Commercial",4519,"k1gstlc1se00","6","FAAt701","BEA_API"
1981,60,"Commercial",4922,"k1gstlc1se00","6","FAAt701","BEA_API"
1982,60,"Commercial",5228,"k1gstlc1se00","6","FAAt701","BEA_API"
1983,60,"Commercial",5467,"k1gstlc1se00","6","FAAt701","BEA_API"
1984,60,"Commercial",5781,"k1gstlc1se00","6","FAAt701","BEA_API"
1985,60,"Commercial",6070,"k1gstlc1se00","6","FAAt701","BEA_API"
1986,60,"Commercial",6456,"k1gstlc1se00","6","FAAt701","BEA_API"
1987,60,"Commercial",6860,"k1gstlc1se00","6","FAAt701","BEA_API"
1988,60,"Commercial",7269,"k1gstlc1se00","6","FAAt701","BEA_API"
1989,60,"Commercial",7653,"k1gstlc1se00","6","FAAt701","BEA_API"
1990,60,"Commercial",7969,"k1gstlc1se00","6","FAAt701","BEA_API"
1991,60,"Commercial",8139,"k1gstlc1se00","6","FAAt701","BEA_API"
1992,60,"Commercial",8393,"k1gstlc1se00","6","FAAt701","BEA_API"
1993,60,"Commercial",8700,"k1gstlc1se00","6","FAAt701","BEA_API"
1994,60,"Commercial",9088,"k1gstlc1se00","6","FAAt701","BEA_API"
1995,60,"Commercial",9355,"k1gstlc1se00","6","FAAt701","BEA_API"
1996,60,"Commercial",9638,"k1gstlc1se00","6","FAAt701","BEA_API"
1997,60,"Commercial",9981,"k1gstlc1se00","6","FAAt701","BEA_API"
1998,60,"Commercial",10447,"k1gstlc1se00","6","FAAt701","BEA_API"
1999,60,"Commercial",10979,"k1gstlc1se00","6","FAAt701","BEA_API"
2000,60,"Commercial",11502,"k1gstlc1se00","6","FAAt701","BEA_API"
2001,60,"Commercial",12054,"k1gstlc1se00","6","FAAt701","BEA_API"
2002,60,"Commercial",12481,"k1gstlc1se00","6","FAAt701","BEA_API"
2003,60,"Commercial",12997,"k1gstlc1se00","6","FAAt701","BEA_API"
2004,60,"Commercial",14157,"k1gstlc1se00","6","FAAt701","BEA_API"
2005,60,"Commercial",15578,"k1gstlc1se00","6","FAAt701","BEA_API"
2006,60,"Commercial",16710,"k1gstlc1se00","6","FAAt701","BEA_API"
2007,60,"Commercial",17328,"k1gstlc1se00","6","FAAt701","BEA_API"
2008,60,"Commercial",17652,"k1gstlc1se00","6","FAAt701","BEA_API"
2009,60,"Commercial",16815,"k1gstlc1se00","6","FAAt701","BEA_API"
2010,60,"Commercial",16832,"k1gstlc1se00","6","FAAt701","BEA_API"
2011,60,"Commercial",17206,"k1gstlc1se00","6","FAAt701","BEA_API"
2012,60,"Commercial",17886,"k1gstlc1se00","6","FAAt701","BEA_API"
2013,60,"Commercial",19093,"k1gstlc1se00","6","FAAt701","BEA_API"
2014,60,"Commercial",20004,"k1gstlc1se00","6","FAAt701","BEA_API"
2015,60,"Commercial",20705,"k1gstlc1se00","6","FAAt701","BEA_API"
2016,60,"Commercial",21764,"k1gstlc1se00","6","FAAt701","BEA_API"
2017,60,"Commercial",22545,"k1gstlc1se00","6","FAAt701","BEA_API"
2018,60,"Commercial",23627,"k1gstlc1se00","6","FAAt701","BEA_API"
2019,60,"Commercial",24429,"k1gstlc1se00","6","FAAt701","BEA_API"
2020,60,"Commercial",24959,"k1gstlc1se00","6","FAAt701","BEA_API"
2021,60,"Commercial",26433,"k1gstlc1se00","6","FAAt701","BEA_API"
2022,60,"Commercial",27893,"k1gstlc1se00","6","FAAt701","BEA_API"
2023,60,"Commercial",28576,"k1gstlc1se00","6","FAAt701","BEA_API"
2024,60,"Commercial",29781,"k1gstlc1se00","6","FAAt701","BEA_API"
1925,61,"Health care",902,"k1gstlc1sf00","6","FAAt701","BEA_API"
1926,61,"Health care",954,"k1gstlc1sf00","6","FAAt701","BEA_API"
1927,61,"Health care",1007,"k1gstlc1sf00","6","FAAt701","BEA_API"
1928,61,"Health care",1086,"k1gstlc1sf00","6","FAAt701","BEA_API"
1929,61,"Health care",1159,"k1gstlc1sf00","6","FAAt701","BEA_API"
1930,61,"Health care",1172,"k1gstlc1sf00","6","FAAt701","BEA_API"
1931,61,"Health care",1104,"k1gstlc1sf00","6","FAAt701","BEA_API"
1932,61,"Health care",978,"k1gstlc1sf00","6","FAAt701","BEA_API"
1933,61,"Health care",987,"k1gstlc1sf00","6","FAAt701","BEA_API"
1934,61,"Health care",1165,"k1gstlc1sf00","6","FAAt701","BEA_API"
1935,61,"Health care",1161,"k1gstlc1sf00","6","FAAt701","BEA_API"
1936,61,"Health care",1268,"k1gstlc1sf00","6","FAAt701","BEA_API"
1937,61,"Health care",1513,"k1gstlc1sf00","6","FAAt701","BEA_API"
1938,61,"Health care",1620,"k1gstlc1sf00","6","FAAt701","BEA_API"
1939,61,"Health care",1695,"k1gstlc1sf00","6","FAAt701","BEA_API"
1940,61,"Health care",1783,"k1gstlc1sf00","6","FAAt701","BEA_API"
1941,61,"Health care",1950,"k1gstlc1sf00","6","FAAt701","BEA_API"
1942,61,"Health care",2038,"k1gstlc1sf00","6","FAAt701","BEA_API"
1943,61,"Health care",2175,"k1gstlc1sf00","6","FAAt701","BEA_API"
1944,61,"Health care",2252,"k1gstlc1sf00","6","FAAt701","BEA_API"
1945,61,"Health care",2412,"k1gstlc1sf00","6","FAAt701","BEA_API"
1946,61,"Health care",2857,"k1gstlc1sf00","6","FAAt701","BEA_API"
1947,61,"Health care",3955,"k1gstlc1sf00","6","FAAt701","BEA_API"
1948,61,"Health care",4181,"k1gstlc1sf00","6","FAAt701","BEA_API"
1949,61,"Health care",4128,"k1gstlc1sf00","6","FAAt701","BEA_API"
1950,61,"Health care",4782,"k1gstlc1sf00","6","FAAt701","BEA_API"
1951,61,"Health care",5567,"k1gstlc1sf00","6","FAAt701","BEA_API"
1952,61,"Health care",5839,"k1gstlc1sf00","6","FAAt701","BEA_API"
1953,61,"Health care",5995,"k1gstlc1sf00","6","FAAt701","BEA_API"
1954,61,"Health care",6099,"k1gstlc1sf00","6","FAAt701","BEA_API"
1955,61,"Health care",6634,"k1gstlc1sf00","6","FAAt701","BEA_API"
1956,61,"Health care",7290,"k1gstlc1sf00","6","FAAt701","BEA_API"
1957,61,"Health care",7439,"k1gstlc1sf00","6","FAAt701","BEA_API"
1958,61,"Health care",7725,"k1gstlc1sf00","6","FAAt701","BEA_API"
1959,61,"Health care",8241,"k1gstlc1sf00","6","FAAt701","BEA_API"
1960,61,"Health care",8459,"k1gstlc1sf00","6","FAAt701","BEA_API"
1961,61,"Health care",8683,"k1gstlc1sf00","6","FAAt701","BEA_API"
1962,61,"Health care",8949,"k1gstlc1sf00","6","FAAt701","BEA_API"
1963,61,"Health care",9142,"k1gstlc1sf00","6","FAAt701","BEA_API"
1964,61,"Health care",9583,"k1gstlc1sf00","6","FAAt701","BEA_API"
1965,61,"Health care",10014,"k1gstlc1sf00","6","FAAt701","BEA_API"
1966,61,"Health care",10666,"k1gstlc1sf00","6","FAAt701","BEA_API"
1967,61,"Health care",11300,"k1gstlc1sf00","6","FAAt701","BEA_API"
1968,61,"Health care",12586,"k1gstlc1sf00","6","FAAt701","BEA_API"
1969,61,"Health care",14166,"k1gstlc1sf00","6","FAAt701","BEA_API"
1970,61,"Health care",15836,"k1gstlc1sf00","6","FAAt701","BEA_API"
1971,61,"Health care",17957,"k1gstlc1sf00","6","FAAt701","BEA_API"
1972,61,"Health care",20014,"k1gstlc1sf00","6","FAAt701","BEA_API"
1973,61,"Health care",22511,"k1gstlc1sf00","6","FAAt701","BEA_API"
1974,61,"Health care",26950,"k1gstlc1sf00","6","FAAt701","BEA_API"
1975,61,"Health care",28858,"k1gstlc1sf00","6","FAAt701","BEA_API"
1976,61,"Health care",31595,"k1gstlc1sf00","6","FAAt701","BEA_API"
1977,61,"Health care",35330,"k1gstlc1sf00","6","FAAt701","BEA_API"
1978,61,"Health care",39721,"k1gstlc1sf00","6","FAAt701","BEA_API"
1979,61,"Health care",45494,"k1gstlc1sf00","6","FAAt701","BEA_API"
1980,61,"Health care",51483,"k1gstlc1sf00","6","FAAt701","BEA_API"
1981,61,"Health care",56201,"k1gstlc1sf00","6","FAAt701","BEA_API"
1982,61,"Health care",59650,"k1gstlc1sf00","6","FAAt701","BEA_API"
1983,61,"Health care",62067,"k1gstlc1sf00","6","FAAt701","BEA_API"
1984,61,"Health care",65167,"k1gstlc1sf00","6","FAAt701","BEA_API"
1985,61,"Health care",67647,"k1gstlc1sf00","6","FAAt701","BEA_API"
1986,61,"Health care",70913,"k1gstlc1sf00","6","FAAt701","BEA_API"
1987,61,"Health care",74221,"k1gstlc1sf00","6","FAAt701","BEA_API"
1988,61,"Health care",77511,"k1gstlc1sf00","6","FAAt701","BEA_API"
1989,61,"Health care",80998,"k1gstlc1sf00","6","FAAt701","BEA_API"
1990,61,"Health care",83995,"k1gstlc1sf00","6","FAAt701","BEA_API"
1991,61,"Health care",85480,"k1gstlc1sf00","6","FAAt701","BEA_API"
1992,61,"Health care",88939,"k1gstlc1sf00","6","FAAt701","BEA_API"
1993,61,"Health care",93812,"k1gstlc1sf00","6","FAAt701","BEA_API"
1994,61,"Health care",99321,"k1gstlc1sf00","6","FAAt701","BEA_API"
1995,61,"Health care",103027,"k1gstlc1sf00","6","FAAt701","BEA_API"
1996,61,"Health care",107027,"k1gstlc1sf00","6","FAAt701","BEA_API"
1997,61,"Health care",112176,"k1gstlc1sf00","6","FAAt701","BEA_API"
1998,61,"Health care",117816,"k1gstlc1sf00","6","FAAt701","BEA_API"
1999,61,"Health care",123812,"k1gstlc1sf00","6","FAAt701","BEA_API"
2000,61,"Health care",129847,"k1gstlc1sf00","6","FAAt701","BEA_API"
2001,61,"Health care",135676,"k1gstlc1sf00","6","FAAt701","BEA_API"
2002,61,"Health care",140711,"k1gstlc1sf00","6","FAAt701","BEA_API"
2003,61,"Health care",147274,"k1gstlc1sf00","6","FAAt701","BEA_API"
2004,61,"Health care",160948,"k1gstlc1sf00","6","FAAt701","BEA_API"
2005,61,"Health care",177162,"k1gstlc1sf00","6","FAAt701","BEA_API"
2006,61,"Health care",191077,"k1gstlc1sf00","6","FAAt701","BEA_API"
2007,61,"Health care",199063,"k1gstlc1sf00","6","FAAt701","BEA_API"
2008,61,"Health care",202851,"k1gstlc1sf00","6","FAAt701","BEA_API"
2009,61,"Health care",192596,"k1gstlc1sf00","6","FAAt701","BEA_API"
2010,61,"Health care",193766,"k1gstlc1sf00","6","FAAt701","BEA_API"
2011,61,"Health care",199511,"k1gstlc1sf00","6","FAAt701","BEA_API"
2012,61,"Health care",205640,"k1gstlc1sf00","6","FAAt701","BEA_API"
2013,61,"Health care",217141,"k1gstlc1sf00","6","FAAt701","BEA_API"
2014,61,"Health care",223172,"k1gstlc1sf00","6","FAAt701","BEA_API"
2015,61,"Health care",225970,"k1gstlc1sf00","6","FAAt701","BEA_API"
2016,61,"Health care",228845,"k1gstlc1sf00","6","FAAt701","BEA_API"
2017,61,"Health care",237949,"k1gstlc1sf00","6","FAAt701","BEA_API"
2018,61,"Health care",251904,"k1gstlc1sf00","6","FAAt701","BEA_API"
2019,61,"Health care",261690,"k1gstlc1sf00","6","FAAt701","BEA_API"
2020,61,"Health care",267335,"k1gstlc1sf00","6","FAAt701","BEA_API"
2021,61,"Health care",302722,"k1gstlc1sf00","6","FAAt701","BEA_API"
2022,61,"Health care",358647,"k1gstlc1sf00","6","FAAt701","BEA_API"
2023,61,"Health care",359642,"k1gstlc1sf00","6","FAAt701","BEA_API"
2024,61,"Health care",372316,"k1gstlc1sf00","6","FAAt701","BEA_API"
1925,62,"Educational",5779,"k1gstlc1sg00","6","FAAt701","BEA_API"
1926,62,"Educational",6071,"k1gstlc1sg00","6","FAAt701","BEA_API"
1927,62,"Educational",6263,"k1gstlc1sg00","6","FAAt701","BEA_API"
1928,62,"Educational",6458,"k1gstlc1sg00","6","FAAt701","BEA_API"
1929,62,"Educational",6674,"k1gstlc1sg00","6","FAAt701","BEA_API"
1930,62,"Educational",6433,"k1gstlc1sg00","6","FAAt701","BEA_API"
1931,62,"Educational",5762,"k1gstlc1sg00","6","FAAt701","BEA_API"
1932,62,"Educational",4830,"k1gstlc1sg00","6","FAAt701","BEA_API"
1933,62,"Educational",4704,"k1gstlc1sg00","6","FAAt701","BEA_API"
1934,62,"Educational",5466,"k1gstlc1sg00","6","FAAt701","BEA_API"
1935,62,"Educational",5430,"k1gstlc1sg00","6","FAAt701","BEA_API"
1936,62,"Educational",5969,"k1gstlc1sg00","6","FAAt701","BEA_API"
1937,62,"Educational",7038,"k1gstlc1sg00","6","FAAt701","BEA_API"
1938,62,"Educational",7414,"k1gstlc1sg00","6","FAAt701","BEA_API"
1939,62,"Educational",7650,"k1gstlc1sg00","6","FAAt701","BEA_API"
1940,62,"Educational",7969,"k1gstlc1sg00","6","FAAt701","BEA_API"
1941,62,"Educational",8697,"k1gstlc1sg00","6","FAAt701","BEA_API"
1942,62,"Educational",9073,"k1gstlc1sg00","6","FAAt701","BEA_API"
1943,62,"Educational",9576,"k1gstlc1sg00","6","FAAt701","BEA_API"
1944,62,"Educational",9731,"k1gstlc1sg00","6","FAAt701","BEA_API"
1945,62,"Educational",10194,"k1gstlc1sg00","6","FAAt701","BEA_API"
1946,62,"Educational",11855,"k1gstlc1sg00","6","FAAt701","BEA_API"
1947,62,"Educational",16454,"k1gstlc1sg00","6","FAAt701","BEA_API"
1948,62,"Educational",17532,"k1gstlc1sg00","6","FAAt701","BEA_API"
1949,62,"Educational",17026,"k1gstlc1sg00","6","FAAt701","BEA_API"
1950,62,"Educational",19377,"k1gstlc1sg00","6","FAAt701","BEA_API"
1951,62,"Educational",22467,"k1gstlc1sg00","6","FAAt701","BEA_API"
1952,62,"Educational",23608,"k1gstlc1sg00","6","FAAt701","BEA_API"
1953,62,"Educational",24693,"k1gstlc1sg00","6","FAAt701","BEA_API"
1954,62,"Educational",25996,"k1gstlc1sg00","6","FAAt701","BEA_API"
1955,62,"Educational",29564,"k1gstlc1sg00","6","FAAt701","BEA_API"
1956,62,"Educational",33905,"k1gstlc1sg00","6","FAAt701","BEA_API"
1957,62,"Educational",35950,"k1gstlc1sg00","6","FAAt701","BEA_API"
1958,62,"Educational",38474,"k1gstlc1sg00","6","FAAt701","BEA_API"
1959,62,"Educational",41819,"k1gstlc1sg00","6","FAAt701","BEA_API"
1960,62,"Educational",43975,"k1gstlc1sg00","6","FAAt701","BEA_API"
1961,62,"Educational",46548,"k1gstlc1sg00","6","FAAt701","BEA_API"
1962,62,"Educational",49129,"k1gstlc1sg00","6","FAAt701","BEA_API"
1963,62,"Educational",51844,"k1gstlc1sg00","6","FAAt701","BEA_API"
1964,62,"Educational",56118,"k1gstlc1sg00","6","FAAt701","BEA_API"
1965,62,"Educational",60657,"k1gstlc1sg00","6","FAAt701","BEA_API"
1966,62,"Educational",67620,"k1gstlc1sg00","6","FAAt701","BEA_API"
1967,62,"Educational",74007,"k1gstlc1sg00","6","FAAt701","BEA_API"
1968,62,"Educational",84200,"k1gstlc1sg00","6","FAAt701","BEA_API"
1969,62,"Educational",95586,"k1gstlc1sg00","6","FAAt701","BEA_API"
1970,62,"Educational",107281,"k1gstlc1sg00","6","FAAt701","BEA_API"
1971,62,"Educational",119502,"k1gstlc1sg00","6","FAAt701","BEA_API"
1972,62,"Educational",131583,"k1gstlc1sg00","6","FAAt701","BEA_API"
1973,62,"Educational",147525,"k1gstlc1sg00","6","FAAt701","BEA_API"
1974,62,"Educational",174523,"k1gstlc1sg00","6","FAAt701","BEA_API"
1975,62,"Educational",184680,"k1gstlc1sg00","6","FAAt701","BEA_API"
1976,62,"Educational",198146,"k1gstlc1sg00","6","FAAt701","BEA_API"
1977,62,"Educational",217565,"k1gstlc1sg00","6","FAAt701","BEA_API"
1978,62,"Educational",241650,"k1gstlc1sg00","6","FAAt701","BEA_API"
1979,62,"Educational",273457,"k1gstlc1sg00","6","FAAt701","BEA_API"
1980,62,"Educational",305367,"k1gstlc1sg00","6","FAAt701","BEA_API"
1981,62,"Educational",329481,"k1gstlc1sg00","6","FAAt701","BEA_API"
1982,62,"Educational",345426,"k1gstlc1sg00","6","FAAt701","BEA_API"
1983,62,"Educational",356209,"k1gstlc1sg00","6","FAAt701","BEA_API"
1984,62,"Educational",371957,"k1gstlc1sg00","6","FAAt701","BEA_API"
1985,62,"Educational",385158,"k1gstlc1sg00","6","FAAt701","BEA_API"
1986,62,"Educational",403597,"k1gstlc1sg00","6","FAAt701","BEA_API"
1987,62,"Educational",421453,"k1gstlc1sg00","6","FAAt701","BEA_API"
1988,62,"Educational",441290,"k1gstlc1sg00","6","FAAt701","BEA_API"
1989,62,"Educational",463653,"k1gstlc1sg00","6","FAAt701","BEA_API"
1990,62,"Educational",482799,"k1gstlc1sg00","6","FAAt701","BEA_API"
1991,62,"Educational",494820,"k1gstlc1sg00","6","FAAt701","BEA_API"
1992,62,"Educational",517317,"k1gstlc1sg00","6","FAAt701","BEA_API"
1993,62,"Educational",546135,"k1gstlc1sg00","6","FAAt701","BEA_API"
1994,62,"Educational",581098,"k1gstlc1sg00","6","FAAt701","BEA_API"
1995,62,"Educational",610417,"k1gstlc1sg00","6","FAAt701","BEA_API"
1996,62,"Educational",644625,"k1gstlc1sg00","6","FAAt701","BEA_API"
1997,62,"Educational",691278,"k1gstlc1sg00","6","FAAt701","BEA_API"
1998,62,"Educational",745150,"k1gstlc1sg00","6","FAAt701","BEA_API"
1999,62,"Educational",801857,"k1gstlc1sg00","6","FAAt701","BEA_API"
2000,62,"Educational",862949,"k1gstlc1sg00","6","FAAt701","BEA_API"
2001,62,"Educational",932565,"k1gstlc1sg00","6","FAAt701","BEA_API"
2002,62,"Educational",998845,"k1gstlc1sg00","6","FAAt701","BEA_API"
2003,62,"Educational",1058894,"k1gstlc1sg00","6","FAAt701","BEA_API"
2004,62,"Educational",1185675,"k1gstlc1sg00","6","FAAt701","BEA_API"
2005,62,"Educational",1308405,"k1gstlc1sg00","6","FAAt701","BEA_API"
2006,62,"Educational",1489157,"k1gstlc1sg00","6","FAAt701","BEA_API"
2007,62,"Educational",1606035,"k1gstlc1sg00","6","FAAt701","BEA_API"
2008,62,"Educational",1823622,"k1gstlc1sg00","6","FAAt701","BEA_API"
2009,62,"Educational",1850739,"k1gstlc1sg00","6","FAAt701","BEA_API"
2010,62,"Educational",1912260,"k1gstlc1sg00","6","FAAt701","BEA_API"
2011,62,"Educational",2036645,"k1gstlc1sg00","6","FAAt701","BEA_API"
2012,62,"Educational",2088061,"k1gstlc1sg00","6","FAAt701","BEA_API"
2013,62,"Educational",2188667,"k1gstlc1sg00","6","FAAt701","BEA_API"
2014,62,"Educational",2257941,"k1gstlc1sg00","6","FAAt701","BEA_API"
2015,62,"Educational",2330951,"k1gstlc1sg00","6","FAAt701","BEA_API"
2016,62,"Educational",2373390,"k1gstlc1sg00","6","FAAt701","BEA_API"
2017,62,"Educational",2501074,"k1gstlc1sg00","6","FAAt701","BEA_API"
2018,62,"Educational",2676970,"k1gstlc1sg00","6","FAAt701","BEA_API"
2019,62,"Educational",2844724,"k1gstlc1sg00","6","FAAt701","BEA_API"
2020,62,"Educational",2920247,"k1gstlc1sg00","6","FAAt701","BEA_API"
2021,62,"Educational",3265889,"k1gstlc1sg00","6","FAAt701","BEA_API"
2022,62,"Educational",3855509,"k1gstlc1sg00","6","FAAt701","BEA_API"
2023,62,"Educational",3876417,"k1gstlc1sg00","6","FAAt701","BEA_API"
2024,62,"Educational",4018727,"k1gstlc1sg00","6","FAAt701","BEA_API"
1925,63,"Public safety",168,"k1gstlc1si00","6","FAAt701","BEA_API"
1926,63,"Public safety",185,"k1gstlc1si00","6","FAAt701","BEA_API"
1927,63,"Public safety",202,"k1gstlc1si00","6","FAAt701","BEA_API"
1928,63,"Public safety",218,"k1gstlc1si00","6","FAAt701","BEA_API"
1929,63,"Public safety",236,"k1gstlc1si00","6","FAAt701","BEA_API"
1930,63,"Public safety",237,"k1gstlc1si00","6","FAAt701","BEA_API"
1931,63,"Public safety",227,"k1gstlc1si00","6","FAAt701","BEA_API"
1932,63,"Public safety",198,"k1gstlc1si00","6","FAAt701","BEA_API"
1933,63,"Public safety",199,"k1gstlc1si00","6","FAAt701","BEA_API"
1934,63,"Public safety",241,"k1gstlc1si00","6","FAAt701","BEA_API"
1935,63,"Public safety",247,"k1gstlc1si00","6","FAAt701","BEA_API"
1936,63,"Public safety",285,"k1gstlc1si00","6","FAAt701","BEA_API"
1937,63,"Public safety",348,"k1gstlc1si00","6","FAAt701","BEA_API"
1938,63,"Public safety",381,"k1gstlc1si00","6","FAAt701","BEA_API"
1939,63,"Public safety",418,"k1gstlc1si00","6","FAAt701","BEA_API"
1940,63,"Public safety",456,"k1gstlc1si00","6","FAAt701","BEA_API"
1941,63,"Public safety",504,"k1gstlc1si00","6","FAAt701","BEA_API"
1942,63,"Public safety",524,"k1gstlc1si00","6","FAAt701","BEA_API"
1943,63,"Public safety",554,"k1gstlc1si00","6","FAAt701","BEA_API"
1944,63,"Public safety",565,"k1gstlc1si00","6","FAAt701","BEA_API"
1945,63,"Public safety",593,"k1gstlc1si00","6","FAAt701","BEA_API"
1946,63,"Public safety",688,"k1gstlc1si00","6","FAAt701","BEA_API"
1947,63,"Public safety",971,"k1gstlc1si00","6","FAAt701","BEA_API"
1948,63,"Public safety",1038,"k1gstlc1si00","6","FAAt701","BEA_API"
1949,63,"Public safety",1011,"k1gstlc1si00","6","FAAt701","BEA_API"
1950,63,"Public safety",1148,"k1gstlc1si00","6","FAAt701","BEA_API"
1951,63,"Public safety",1305,"k1gstlc1si00","6","FAAt701","BEA_API"
1952,63,"Public safety",1327,"k1gstlc1si00","6","FAAt701","BEA_API"
1953,63,"Public safety",1361,"k1gstlc1si00","6","FAAt701","BEA_API"
1954,63,"Public safety",1404,"k1gstlc1si00","6","FAAt701","BEA_API"
1955,63,"Public safety",1575,"k1gstlc1si00","6","FAAt701","BEA_API"
1956,63,"Public safety",1779,"k1gstlc1si00","6","FAAt701","BEA_API"
1957,63,"Public safety",1864,"k1gstlc1si00","6","FAAt701","BEA_API"
1958,63,"Public safety",1981,"k1gstlc1si00","6","FAAt701","BEA_API"
1959,63,"Public safety",2152,"k1gstlc1si00","6","FAAt701","BEA_API"
1960,63,"Public safety",2241,"k1gstlc1si00","6","FAAt701","BEA_API"
1961,63,"Public safety",2349,"k1gstlc1si00","6","FAAt701","BEA_API"
1962,63,"Public safety",2458,"k1gstlc1si00","6","FAAt701","BEA_API"
1963,63,"Public safety",2567,"k1gstlc1si00","6","FAAt701","BEA_API"
1964,63,"Public safety",2757,"k1gstlc1si00","6","FAAt701","BEA_API"
1965,63,"Public safety",2952,"k1gstlc1si00","6","FAAt701","BEA_API"
1966,63,"Public safety",3259,"k1gstlc1si00","6","FAAt701","BEA_API"
1967,63,"Public safety",3470,"k1gstlc1si00","6","FAAt701","BEA_API"
1968,63,"Public safety",3894,"k1gstlc1si00","6","FAAt701","BEA_API"
1969,63,"Public safety",4438,"k1gstlc1si00","6","FAAt701","BEA_API"
1970,63,"Public safety",4992,"k1gstlc1si00","6","FAAt701","BEA_API"
1971,63,"Public safety",5642,"k1gstlc1si00","6","FAAt701","BEA_API"
1972,63,"Public safety",6392,"k1gstlc1si00","6","FAAt701","BEA_API"
1973,63,"Public safety",7212,"k1gstlc1si00","6","FAAt701","BEA_API"
1974,63,"Public safety",8627,"k1gstlc1si00","6","FAAt701","BEA_API"
1975,63,"Public safety",9405,"k1gstlc1si00","6","FAAt701","BEA_API"
1976,63,"Public safety",10472,"k1gstlc1si00","6","FAAt701","BEA_API"
1977,63,"Public safety",11995,"k1gstlc1si00","6","FAAt701","BEA_API"
1978,63,"Public safety",13845,"k1gstlc1si00","6","FAAt701","BEA_API"
1979,63,"Public safety",16279,"k1gstlc1si00","6","FAAt701","BEA_API"
1980,63,"Public safety",18954,"k1gstlc1si00","6","FAAt701","BEA_API"
1981,63,"Public safety",21291,"k1gstlc1si00","6","FAAt701","BEA_API"
1982,63,"Public safety",23295,"k1gstlc1si00","6","FAAt701","BEA_API"
1983,63,"Public safety",25113,"k1gstlc1si00","6","FAAt701","BEA_API"
1984,63,"Public safety",27485,"k1gstlc1si00","6","FAAt701","BEA_API"
1985,63,"Public safety",30026,"k1gstlc1si00","6","FAAt701","BEA_API"
1986,63,"Public safety",33405,"k1gstlc1si00","6","FAAt701","BEA_API"
1987,63,"Public safety",37125,"k1gstlc1si00","6","FAAt701","BEA_API"
1988,63,"Public safety",41212,"k1gstlc1si00","6","FAAt701","BEA_API"
1989,63,"Public safety",46006,"k1gstlc1si00","6","FAAt701","BEA_API"
1990,63,"Public safety",50891,"k1gstlc1si00","6","FAAt701","BEA_API"
1991,63,"Public safety",54595,"k1gstlc1si00","6","FAAt701","BEA_API"
1992,63,"Public safety",58727,"k1gstlc1si00","6","FAAt701","BEA_API"
1993,63,"Public safety",63378,"k1gstlc1si00","6","FAAt701","BEA_API"
1994,63,"Public safety",68808,"k1gstlc1si00","6","FAAt701","BEA_API"
1995,63,"Public safety",73155,"k1gstlc1si00","6","FAAt701","BEA_API"
1996,63,"Public safety",77606,"k1gstlc1si00","6","FAAt701","BEA_API"
1997,63,"Public safety",83038,"k1gstlc1si00","6","FAAt701","BEA_API"
1998,63,"Public safety",89158,"k1gstlc1si00","6","FAAt701","BEA_API"
1999,63,"Public safety",96011,"k1gstlc1si00","6","FAAt701","BEA_API"
2000,63,"Public safety",102968,"k1gstlc1si00","6","FAAt701","BEA_API"
2001,63,"Public safety",109600,"k1gstlc1si00","6","FAAt701","BEA_API"
2002,63,"Public safety",114669,"k1gstlc1si00","6","FAAt701","BEA_API"
2003,63,"Public safety",120534,"k1gstlc1si00","6","FAAt701","BEA_API"
2004,63,"Public safety",132155,"k1gstlc1si00","6","FAAt701","BEA_API"
2005,63,"Public safety",145407,"k1gstlc1si00","6","FAAt701","BEA_API"
2006,63,"Public safety",156741,"k1gstlc1si00","6","FAAt701","BEA_API"
2007,63,"Public safety",163199,"k1gstlc1si00","6","FAAt701","BEA_API"
2008,63,"Public safety",166028,"k1gstlc1si00","6","FAAt701","BEA_API"
2009,63,"Public safety",157428,"k1gstlc1si00","6","FAAt701","BEA_API"
2010,63,"Public safety",157991,"k1gstlc1si00","6","FAAt701","BEA_API"
2011,63,"Public safety",161992,"k1gstlc1si00","6","FAAt701","BEA_API"
2012,63,"Public safety",167969,"k1gstlc1si00","6","FAAt701","BEA_API"
2013,63,"Public safety",179409,"k1gstlc1si00","6","FAAt701","BEA_API"
2014,63,"Public safety",188144,"k1gstlc1si00","6","FAAt701","BEA_API"
2015,63,"Public safety",194769,"k1gstlc1si00","6","FAAt701","BEA_API"
2016,63,"Public safety",205760,"k1gstlc1si00","6","FAAt701","BEA_API"
2017,63,"Public safety",214009,"k1gstlc1si00","6","FAAt701","BEA_API"
2018,63,"Public safety",225314,"k1gstlc1si00","6","FAAt701","BEA_API"
2019,63,"Public safety",234372,"k1gstlc1si00","6","FAAt701","BEA_API"
2020,63,"Public safety",239379,"k1gstlc1si00","6","FAAt701","BEA_API"
2021,63,"Public safety",254681,"k1gstlc1si00","6","FAAt701","BEA_API"
2022,63,"Public safety",271006,"k1gstlc1si00","6","FAAt701","BEA_API"
2023,63,"Public safety",281553,"k1gstlc1si00","6","FAAt701","BEA_API"
2024,63,"Public safety",297393,"k1gstlc1si00","6","FAAt701","BEA_API"
1925,64,"Amusement and recreation",296,"k1gstlc1sk00","6","FAAt701","BEA_API"
1926,64,"Amusement and recreation",323,"k1gstlc1sk00","6","FAAt701","BEA_API"
1927,64,"Amusement and recreation",357,"k1gstlc1sk00","6","FAAt701","BEA_API"
1928,64,"Amusement and recreation",385,"k1gstlc1sk00","6","FAAt701","BEA_API"
1929,64,"Amusement and recreation",413,"k1gstlc1sk00","6","FAAt701","BEA_API"
1930,64,"Amusement and recreation",414,"k1gstlc1sk00","6","FAAt701","BEA_API"
1931,64,"Amusement and recreation",401,"k1gstlc1sk00","6","FAAt701","BEA_API"
1932,64,"Amusement and recreation",356,"k1gstlc1sk00","6","FAAt701","BEA_API"
1933,64,"Amusement and recreation",357,"k1gstlc1sk00","6","FAAt701","BEA_API"
1934,64,"Amusement and recreation",427,"k1gstlc1sk00","6","FAAt701","BEA_API"
1935,64,"Amusement and recreation",437,"k1gstlc1sk00","6","FAAt701","BEA_API"
1936,64,"Amusement and recreation",515,"k1gstlc1sk00","6","FAAt701","BEA_API"
1937,64,"Amusement and recreation",633,"k1gstlc1sk00","6","FAAt701","BEA_API"
1938,64,"Amusement and recreation",696,"k1gstlc1sk00","6","FAAt701","BEA_API"
1939,64,"Amusement and recreation",751,"k1gstlc1sk00","6","FAAt701","BEA_API"
1940,64,"Amusement and recreation",821,"k1gstlc1sk00","6","FAAt701","BEA_API"
1941,64,"Amusement and recreation",918,"k1gstlc1sk00","6","FAAt701","BEA_API"
1942,64,"Amusement and recreation",962,"k1gstlc1sk00","6","FAAt701","BEA_API"
1943,64,"Amusement and recreation",1018,"k1gstlc1sk00","6","FAAt701","BEA_API"
1944,64,"Amusement and recreation",1039,"k1gstlc1sk00","6","FAAt701","BEA_API"
1945,64,"Amusement and recreation",1092,"k1gstlc1sk00","6","FAAt701","BEA_API"
1946,64,"Amusement and recreation",1273,"k1gstlc1sk00","6","FAAt701","BEA_API"
1947,64,"Amusement and recreation",1808,"k1gstlc1sk00","6","FAAt701","BEA_API"
1948,64,"Amusement and recreation",1919,"k1gstlc1sk00","6","FAAt701","BEA_API"
1949,64,"Amusement and recreation",1841,"k1gstlc1sk00","6","FAAt701","BEA_API"
1950,64,"Amusement and recreation",2051,"k1gstlc1sk00","6","FAAt701","BEA_API"
1951,64,"Amusement and recreation",2302,"k1gstlc1sk00","6","FAAt701","BEA_API"
1952,64,"Amusement and recreation",2324,"k1gstlc1sk00","6","FAAt701","BEA_API"
1953,64,"Amusement and recreation",2352,"k1gstlc1sk00","6","FAAt701","BEA_API"
1954,64,"Amusement and recreation",2384,"k1gstlc1sk00","6","FAAt701","BEA_API"
1955,64,"Amusement and recreation",2614,"k1gstlc1sk00","6","FAAt701","BEA_API"
1956,64,"Amusement and recreation",2914,"k1gstlc1sk00","6","FAAt701","BEA_API"
1957,64,"Amusement and recreation",3010,"k1gstlc1sk00","6","FAAt701","BEA_API"
1958,64,"Amusement and recreation",3163,"k1gstlc1sk00","6","FAAt701","BEA_API"
1959,64,"Amusement and recreation",3422,"k1gstlc1sk00","6","FAAt701","BEA_API"
1960,64,"Amusement and recreation",3538,"k1gstlc1sk00","6","FAAt701","BEA_API"
1961,64,"Amusement and recreation",3672,"k1gstlc1sk00","6","FAAt701","BEA_API"
1962,64,"Amusement and recreation",3842,"k1gstlc1sk00","6","FAAt701","BEA_API"
1963,64,"Amusement and recreation",4015,"k1gstlc1sk00","6","FAAt701","BEA_API"
1964,64,"Amusement and recreation",4291,"k1gstlc1sk00","6","FAAt701","BEA_API"
1965,64,"Amusement and recreation",4535,"k1gstlc1sk00","6","FAAt701","BEA_API"
1966,64,"Amusement and recreation",4903,"k1gstlc1sk00","6","FAAt701","BEA_API"
1967,64,"Amusement and recreation",5261,"k1gstlc1sk00","6","FAAt701","BEA_API"
1968,64,"Amusement and recreation",5915,"k1gstlc1sk00","6","FAAt701","BEA_API"
1969,64,"Amusement and recreation",6750,"k1gstlc1sk00","6","FAAt701","BEA_API"
1970,64,"Amusement and recreation",7705,"k1gstlc1sk00","6","FAAt701","BEA_API"
1971,64,"Amusement and recreation",8744,"k1gstlc1sk00","6","FAAt701","BEA_API"
1972,64,"Amusement and recreation",9720,"k1gstlc1sk00","6","FAAt701","BEA_API"
1973,64,"Amusement and recreation",11003,"k1gstlc1sk00","6","FAAt701","BEA_API"
1974,64,"Amusement and recreation",13285,"k1gstlc1sk00","6","FAAt701","BEA_API"
1975,64,"Amusement and recreation",14641,"k1gstlc1sk00","6","FAAt701","BEA_API"
1976,64,"Amusement and recreation",16315,"k1gstlc1sk00","6","FAAt701","BEA_API"
1977,64,"Amusement and recreation",18474,"k1gstlc1sk00","6","FAAt701","BEA_API"
1978,64,"Amusement and recreation",21159,"k1gstlc1sk00","6","FAAt701","BEA_API"
1979,64,"Amusement and recreation",24645,"k1gstlc1sk00","6","FAAt701","BEA_API"
1980,64,"Amusement and recreation",28280,"k1gstlc1sk00","6","FAAt701","BEA_API"
1981,64,"Amusement and recreation",31292,"k1gstlc1sk00","6","FAAt701","BEA_API"
1982,64,"Amusement and recreation",33643,"k1gstlc1sk00","6","FAAt701","BEA_API"
1983,64,"Amusement and recreation",35511,"k1gstlc1sk00","6","FAAt701","BEA_API"
1984,64,"Amusement and recreation",37868,"k1gstlc1sk00","6","FAAt701","BEA_API"
1985,64,"Amusement and recreation",39998,"k1gstlc1sk00","6","FAAt701","BEA_API"
1986,64,"Amusement and recreation",42771,"k1gstlc1sk00","6","FAAt701","BEA_API"
1987,64,"Amusement and recreation",45706,"k1gstlc1sk00","6","FAAt701","BEA_API"
1988,64,"Amusement and recreation",48810,"k1gstlc1sk00","6","FAAt701","BEA_API"
1989,64,"Amusement and recreation",52227,"k1gstlc1sk00","6","FAAt701","BEA_API"
1990,64,"Amusement and recreation",55596,"k1gstlc1sk00","6","FAAt701","BEA_API"
1991,64,"Amusement and recreation",57741,"k1gstlc1sk00","6","FAAt701","BEA_API"
1992,64,"Amusement and recreation",60812,"k1gstlc1sk00","6","FAAt701","BEA_API"
1993,64,"Amusement and recreation",64733,"k1gstlc1sk00","6","FAAt701","BEA_API"
1994,64,"Amusement and recreation",69236,"k1gstlc1sk00","6","FAAt701","BEA_API"
1995,64,"Amusement and recreation",72992,"k1gstlc1sk00","6","FAAt701","BEA_API"
1996,64,"Amusement and recreation",77774,"k1gstlc1sk00","6","FAAt701","BEA_API"
1997,64,"Amusement and recreation",83755,"k1gstlc1sk00","6","FAAt701","BEA_API"
1998,64,"Amusement and recreation",90276,"k1gstlc1sk00","6","FAAt701","BEA_API"
1999,64,"Amusement and recreation",97626,"k1gstlc1sk00","6","FAAt701","BEA_API"
2000,64,"Amusement and recreation",106220,"k1gstlc1sk00","6","FAAt701","BEA_API"
2001,64,"Amusement and recreation",115118,"k1gstlc1sk00","6","FAAt701","BEA_API"
2002,64,"Amusement and recreation",122719,"k1gstlc1sk00","6","FAAt701","BEA_API"
2003,64,"Amusement and recreation",131015,"k1gstlc1sk00","6","FAAt701","BEA_API"
2004,64,"Amusement and recreation",145608,"k1gstlc1sk00","6","FAAt701","BEA_API"
2005,64,"Amusement and recreation",162618,"k1gstlc1sk00","6","FAAt701","BEA_API"
2006,64,"Amusement and recreation",177632,"k1gstlc1sk00","6","FAAt701","BEA_API"
2007,64,"Amusement and recreation",187225,"k1gstlc1sk00","6","FAAt701","BEA_API"
2008,64,"Amusement and recreation",192954,"k1gstlc1sk00","6","FAAt701","BEA_API"
2009,64,"Amusement and recreation",184988,"k1gstlc1sk00","6","FAAt701","BEA_API"
2010,64,"Amusement and recreation",187338,"k1gstlc1sk00","6","FAAt701","BEA_API"
2011,64,"Amusement and recreation",193020,"k1gstlc1sk00","6","FAAt701","BEA_API"
2012,64,"Amusement and recreation",200867,"k1gstlc1sk00","6","FAAt701","BEA_API"
2013,64,"Amusement and recreation",215531,"k1gstlc1sk00","6","FAAt701","BEA_API"
2014,64,"Amusement and recreation",227232,"k1gstlc1sk00","6","FAAt701","BEA_API"
2015,64,"Amusement and recreation",237435,"k1gstlc1sk00","6","FAAt701","BEA_API"
2016,64,"Amusement and recreation",254119,"k1gstlc1sk00","6","FAAt701","BEA_API"
2017,64,"Amusement and recreation",267745,"k1gstlc1sk00","6","FAAt701","BEA_API"
2018,64,"Amusement and recreation",285397,"k1gstlc1sk00","6","FAAt701","BEA_API"
2019,64,"Amusement and recreation",301156,"k1gstlc1sk00","6","FAAt701","BEA_API"
2020,64,"Amusement and recreation",309002,"k1gstlc1sk00","6","FAAt701","BEA_API"
2021,64,"Amusement and recreation",330617,"k1gstlc1sk00","6","FAAt701","BEA_API"
2022,64,"Amusement and recreation",354343,"k1gstlc1sk00","6","FAAt701","BEA_API"
2023,64,"Amusement and recreation",371188,"k1gstlc1sk00","6","FAAt701","BEA_API"
2024,64,"Amusement and recreation",395232,"k1gstlc1sk00","6","FAAt701","BEA_API"
1925,65,"Transportation",546,"k1gstlc1sn00","6","FAAt701","BEA_API"
1926,65,"Transportation",575,"k1gstlc1sn00","6","FAAt701","BEA_API"
1927,65,"Transportation",625,"k1gstlc1sn00","6","FAAt701","BEA_API"
1928,65,"Transportation",690,"k1gstlc1sn00","6","FAAt701","BEA_API"
1929,65,"Transportation",779,"k1gstlc1sn00","6","FAAt701","BEA_API"
1930,65,"Transportation",794,"k1gstlc1sn00","6","FAAt701","BEA_API"
1931,65,"Transportation",830,"k1gstlc1sn00","6","FAAt701","BEA_API"
1932,65,"Transportation",777,"k1gstlc1sn00","6","FAAt701","BEA_API"
1933,65,"Transportation",878,"k1gstlc1sn00","6","FAAt701","BEA_API"
1934,65,"Transportation",1316,"k1gstlc1sn00","6","FAAt701","BEA_API"
1935,65,"Transportation",1111,"k1gstlc1sn00","6","FAAt701","BEA_API"
1936,65,"Transportation",1324,"k1gstlc1sn00","6","FAAt701","BEA_API"
1937,65,"Transportation",1503,"k1gstlc1sn00","6","FAAt701","BEA_API"
1938,65,"Transportation",1580,"k1gstlc1sn00","6","FAAt701","BEA_API"
1939,65,"Transportation",1630,"k1gstlc1sn00","6","FAAt701","BEA_API"
1940,65,"Transportation",1655,"k1gstlc1sn00","6","FAAt701","BEA_API"
1941,65,"Transportation",1799,"k1gstlc1sn00","6","FAAt701","BEA_API"
1942,65,"Transportation",1907,"k1gstlc1sn00","6","FAAt701","BEA_API"
1943,65,"Transportation",1686,"k1gstlc1sn00","6","FAAt701","BEA_API"
1944,65,"Transportation",1596,"k1gstlc1sn00","6","FAAt701","BEA_API"
1945,65,"Transportation",1682,"k1gstlc1sn00","6","FAAt701","BEA_API"
1946,65,"Transportation",1934,"k1gstlc1sn00","6","FAAt701","BEA_API"
1947,65,"Transportation",2364,"k1gstlc1sn00","6","FAAt701","BEA_API"
1948,65,"Transportation",2664,"k1gstlc1sn00","6","FAAt701","BEA_API"
1949,65,"Transportation",2503,"k1gstlc1sn00","6","FAAt701","BEA_API"
1950,65,"Transportation",2691,"k1gstlc1sn00","6","FAAt701","BEA_API"
1951,65,"Transportation",3095,"k1gstlc1sn00","6","FAAt701","BEA_API"
1952,65,"Transportation",3302,"k1gstlc1sn00","6","FAAt701","BEA_API"
1953,65,"Transportation",3237,"k1gstlc1sn00","6","FAAt701","BEA_API"
1954,65,"Transportation",3212,"k1gstlc1sn00","6","FAAt701","BEA_API"
1955,65,"Transportation",3506,"k1gstlc1sn00","6","FAAt701","BEA_API"
1956,65,"Transportation",4048,"k1gstlc1sn00","6","FAAt701","BEA_API"
1957,65,"Transportation",4272,"k1gstlc1sn00","6","FAAt701","BEA_API"
1958,65,"Transportation",4564,"k1gstlc1sn00","6","FAAt701","BEA_API"
1959,65,"Transportation",4674,"k1gstlc1sn00","6","FAAt701","BEA_API"
1960,65,"Transportation",4777,"k1gstlc1sn00","6","FAAt701","BEA_API"
1961,65,"Transportation",5322,"k1gstlc1sn00","6","FAAt701","BEA_API"
1962,65,"Transportation",5619,"k1gstlc1sn00","6","FAAt701","BEA_API"
1963,65,"Transportation",6515,"k1gstlc1sn00","6","FAAt701","BEA_API"
1964,65,"Transportation",6849,"k1gstlc1sn00","6","FAAt701","BEA_API"
1965,65,"Transportation",7794,"k1gstlc1sn00","6","FAAt701","BEA_API"
1966,65,"Transportation",8906,"k1gstlc1sn00","6","FAAt701","BEA_API"
1967,65,"Transportation",10638,"k1gstlc1sn00","6","FAAt701","BEA_API"
1968,65,"Transportation",11829,"k1gstlc1sn00","6","FAAt701","BEA_API"
1969,65,"Transportation",15294,"k1gstlc1sn00","6","FAAt701","BEA_API"
1970,65,"Transportation",18005,"k1gstlc1sn00","6","FAAt701","BEA_API"
1971,65,"Transportation",19555,"k1gstlc1sn00","6","FAAt701","BEA_API"
1972,65,"Transportation",20683,"k1gstlc1sn00","6","FAAt701","BEA_API"
1973,65,"Transportation",25187,"k1gstlc1sn00","6","FAAt701","BEA_API"
1974,65,"Transportation",35839,"k1gstlc1sn00","6","FAAt701","BEA_API"
1975,65,"Transportation",34339,"k1gstlc1sn00","6","FAAt701","BEA_API"
1976,65,"Transportation",34772,"k1gstlc1sn00","6","FAAt701","BEA_API"
1977,65,"Transportation",34999,"k1gstlc1sn00","6","FAAt701","BEA_API"
1978,65,"Transportation",37543,"k1gstlc1sn00","6","FAAt701","BEA_API"
1979,65,"Transportation",44623,"k1gstlc1sn00","6","FAAt701","BEA_API"
1980,65,"Transportation",56650,"k1gstlc1sn00","6","FAAt701","BEA_API"
1981,65,"Transportation",67431,"k1gstlc1sn00","6","FAAt701","BEA_API"
1982,65,"Transportation",71918,"k1gstlc1sn00","6","FAAt701","BEA_API"
1983,65,"Transportation",70883,"k1gstlc1sn00","6","FAAt701","BEA_API"
1984,65,"Transportation",71813,"k1gstlc1sn00","6","FAAt701","BEA_API"
1985,65,"Transportation",75550,"k1gstlc1sn00","6","FAAt701","BEA_API"
1986,65,"Transportation",82060,"k1gstlc1sn00","6","FAAt701","BEA_API"
1987,65,"Transportation",90841,"k1gstlc1sn00","6","FAAt701","BEA_API"
1988,65,"Transportation",97110,"k1gstlc1sn00","6","FAAt701","BEA_API"
1989,65,"Transportation",107990,"k1gstlc1sn00","6","FAAt701","BEA_API"
1990,65,"Transportation",121593,"k1gstlc1sn00","6","FAAt701","BEA_API"
1991,65,"Transportation",129621,"k1gstlc1sn00","6","FAAt701","BEA_API"
1992,65,"Transportation",135070,"k1gstlc1sn00","6","FAAt701","BEA_API"
1993,65,"Transportation",138363,"k1gstlc1sn00","6","FAAt701","BEA_API"
1994,65,"Transportation",148035,"k1gstlc1sn00","6","FAAt701","BEA_API"
1995,65,"Transportation",163831,"k1gstlc1sn00","6","FAAt701","BEA_API"
1996,65,"Transportation",180500,"k1gstlc1sn00","6","FAAt701","BEA_API"
1997,65,"Transportation",197852,"k1gstlc1sn00","6","FAAt701","BEA_API"
1998,65,"Transportation",212006,"k1gstlc1sn00","6","FAAt701","BEA_API"
1999,65,"Transportation",227153,"k1gstlc1sn00","6","FAAt701","BEA_API"
2000,65,"Transportation",247266,"k1gstlc1sn00","6","FAAt701","BEA_API"
2001,65,"Transportation",261042,"k1gstlc1sn00","6","FAAt701","BEA_API"
2002,65,"Transportation",284292,"k1gstlc1sn00","6","FAAt701","BEA_API"
2003,65,"Transportation",305027,"k1gstlc1sn00","6","FAAt701","BEA_API"
2004,65,"Transportation",356230,"k1gstlc1sn00","6","FAAt701","BEA_API"
2005,65,"Transportation",392810,"k1gstlc1sn00","6","FAAt701","BEA_API"
2006,65,"Transportation",450628,"k1gstlc1sn00","6","FAAt701","BEA_API"
2007,65,"Transportation",503649,"k1gstlc1sn00","6","FAAt701","BEA_API"
2008,65,"Transportation",538838,"k1gstlc1sn00","6","FAAt701","BEA_API"
2009,65,"Transportation",549728,"k1gstlc1sn00","6","FAAt701","BEA_API"
2010,65,"Transportation",578214,"k1gstlc1sn00","6","FAAt701","BEA_API"
2011,65,"Transportation",624791,"k1gstlc1sn00","6","FAAt701","BEA_API"
2012,65,"Transportation",658781,"k1gstlc1sn00","6","FAAt701","BEA_API"
2013,65,"Transportation",684378,"k1gstlc1sn00","6","FAAt701","BEA_API"
2014,65,"Transportation",702024,"k1gstlc1sn00","6","FAAt701","BEA_API"
2015,65,"Transportation",716320,"k1gstlc1sn00","6","FAAt701","BEA_API"
2016,65,"Transportation",749342,"k1gstlc1sn00","6","FAAt701","BEA_API"
2017,65,"Transportation",791390,"k1gstlc1sn00","6","FAAt701","BEA_API"
2018,65,"Transportation",840200,"k1gstlc1sn00","6","FAAt701","BEA_API"
2019,65,"Transportation",878283,"k1gstlc1sn00","6","FAAt701","BEA_API"
2020,65,"Transportation",926406,"k1gstlc1sn00","6","FAAt701","BEA_API"
2021,65,"Transportation",1052594,"k1gstlc1sn00","6","FAAt701","BEA_API"
2022,65,"Transportation",1119957,"k1gstlc1sn00","6","FAAt701","BEA_API"
2023,65,"Transportation",1171589,"k1gstlc1sn00","6","FAAt701","BEA_API"
2024,65,"Transportation",1220561,"k1gstlc1sn00","6","FAAt701","BEA_API"
1925,66,"Power",990,"k1gstlc1sp00","6","FAAt701","BEA_API"
1926,66,"Power",1022,"k1gstlc1sp00","6","FAAt701","BEA_API"
1927,66,"Power",1117,"k1gstlc1sp00","6","FAAt701","BEA_API"
1928,66,"Power",1222,"k1gstlc1sp00","6","FAAt701","BEA_API"
1929,66,"Power",1369,"k1gstlc1sp00","6","FAAt701","BEA_API"
1930,66,"Power",1388,"k1gstlc1sp00","6","FAAt701","BEA_API"
1931,66,"Power",1451,"k1gstlc1sp00","6","FAAt701","BEA_API"
1932,66,"Power",1370,"k1gstlc1sp00","6","FAAt701","BEA_API"
1933,66,"Power",1553,"k1gstlc1sp00","6","FAAt701","BEA_API"
1934,66,"Power",2304,"k1gstlc1sp00","6","FAAt701","BEA_API"
1935,66,"Power",1948,"k1gstlc1sp00","6","FAAt701","BEA_API"
1936,66,"Power",2343,"k1gstlc1sp00","6","FAAt701","BEA_API"
1937,66,"Power",2670,"k1gstlc1sp00","6","FAAt701","BEA_API"
1938,66,"Power",2824,"k1gstlc1sp00","6","FAAt701","BEA_API"
1939,66,"Power",2874,"k1gstlc1sp00","6","FAAt701","BEA_API"
1940,66,"Power",2906,"k1gstlc1sp00","6","FAAt701","BEA_API"
1941,66,"Power",3176,"k1gstlc1sp00","6","FAAt701","BEA_API"
1942,66,"Power",3388,"k1gstlc1sp00","6","FAAt701","BEA_API"
1943,66,"Power",3001,"k1gstlc1sp00","6","FAAt701","BEA_API"
1944,66,"Power",2842,"k1gstlc1sp00","6","FAAt701","BEA_API"
1945,66,"Power",2998,"k1gstlc1sp00","6","FAAt701","BEA_API"
1946,66,"Power",3459,"k1gstlc1sp00","6","FAAt701","BEA_API"
1947,66,"Power",4245,"k1gstlc1sp00","6","FAAt701","BEA_API"
1948,66,"Power",4743,"k1gstlc1sp00","6","FAAt701","BEA_API"
1949,66,"Power",4375,"k1gstlc1sp00","6","FAAt701","BEA_API"
1950,66,"Power",4594,"k1gstlc1sp00","6","FAAt701","BEA_API"
1951,66,"Power",5173,"k1gstlc1sp00","6","FAAt701","BEA_API"
1952,66,"Power",5453,"k1gstlc1sp00","6","FAAt701","BEA_API"
1953,66,"Power",5266,"k1gstlc1sp00","6","FAAt701","BEA_API"
1954,66,"Power",5115,"k1gstlc1sp00","6","FAAt701","BEA_API"
1955,66,"Power",5437,"k1gstlc1sp00","6","FAAt701","BEA_API"
1956,66,"Power",6185,"k1gstlc1sp00","6","FAAt701","BEA_API"
1957,66,"Power",6419,"k1gstlc1sp00","6","FAAt701","BEA_API"
1958,66,"Power",6769,"k1gstlc1sp00","6","FAAt701","BEA_API"
1959,66,"Power",7150,"k1gstlc1sp00","6","FAAt701","BEA_API"
1960,66,"Power",7502,"k1gstlc1sp00","6","FAAt701","BEA_API"
1961,66,"Power",7887,"k1gstlc1sp00","6","FAAt701","BEA_API"
1962,66,"Power",8346,"k1gstlc1sp00","6","FAAt701","BEA_API"
1963,66,"Power",8897,"k1gstlc1sp00","6","FAAt701","BEA_API"
1964,66,"Power",9775,"k1gstlc1sp00","6","FAAt701","BEA_API"
1965,66,"Power",10691,"k1gstlc1sp00","6","FAAt701","BEA_API"
1966,66,"Power",11540,"k1gstlc1sp00","6","FAAt701","BEA_API"
1967,66,"Power",12559,"k1gstlc1sp00","6","FAAt701","BEA_API"
1968,66,"Power",13735,"k1gstlc1sp00","6","FAAt701","BEA_API"
1969,66,"Power",15581,"k1gstlc1sp00","6","FAAt701","BEA_API"
1970,66,"Power",17387,"k1gstlc1sp00","6","FAAt701","BEA_API"
1971,66,"Power",19392,"k1gstlc1sp00","6","FAAt701","BEA_API"
1972,66,"Power",21095,"k1gstlc1sp00","6","FAAt701","BEA_API"
1973,66,"Power",24243,"k1gstlc1sp00","6","FAAt701","BEA_API"
1974,66,"Power",31428,"k1gstlc1sp00","6","FAAt701","BEA_API"
1975,66,"Power",35192,"k1gstlc1sp00","6","FAAt701","BEA_API"
1976,66,"Power",38701,"k1gstlc1sp00","6","FAAt701","BEA_API"
1977,66,"Power",41569,"k1gstlc1sp00","6","FAAt701","BEA_API"
1978,66,"Power",48217,"k1gstlc1sp00","6","FAAt701","BEA_API"
1979,66,"Power",56687,"k1gstlc1sp00","6","FAAt701","BEA_API"
1980,66,"Power",65201,"k1gstlc1sp00","6","FAAt701","BEA_API"
1981,66,"Power",73666,"k1gstlc1sp00","6","FAAt701","BEA_API"
1982,66,"Power",80359,"k1gstlc1sp00","6","FAAt701","BEA_API"
1983,66,"Power",85504,"k1gstlc1sp00","6","FAAt701","BEA_API"
1984,66,"Power",89758,"k1gstlc1sp00","6","FAAt701","BEA_API"
1985,66,"Power",94609,"k1gstlc1sp00","6","FAAt701","BEA_API"
1986,66,"Power",98700,"k1gstlc1sp00","6","FAAt701","BEA_API"
1987,66,"Power",104809,"k1gstlc1sp00","6","FAAt701","BEA_API"
1988,66,"Power",113036,"k1gstlc1sp00","6","FAAt701","BEA_API"
1989,66,"Power",118431,"k1gstlc1sp00","6","FAAt701","BEA_API"
1990,66,"Power",121060,"k1gstlc1sp00","6","FAAt701","BEA_API"
1991,66,"Power",123133,"k1gstlc1sp00","6","FAAt701","BEA_API"
1992,66,"Power",126993,"k1gstlc1sp00","6","FAAt701","BEA_API"
1993,66,"Power",132790,"k1gstlc1sp00","6","FAAt701","BEA_API"
1994,66,"Power",137832,"k1gstlc1sp00","6","FAAt701","BEA_API"
1995,66,"Power",142942,"k1gstlc1sp00","6","FAAt701","BEA_API"
1996,66,"Power",144223,"k1gstlc1sp00","6","FAAt701","BEA_API"
1997,66,"Power",149116,"k1gstlc1sp00","6","FAAt701","BEA_API"
1998,66,"Power",150758,"k1gstlc1sp00","6","FAAt701","BEA_API"
1999,66,"Power",155339,"k1gstlc1sp00","6","FAAt701","BEA_API"
2000,66,"Power",162563,"k1gstlc1sp00","6","FAAt701","BEA_API"
2001,66,"Power",169370,"k1gstlc1sp00","6","FAAt701","BEA_API"
2002,66,"Power",176262,"k1gstlc1sp00","6","FAAt701","BEA_API"
2003,66,"Power",184564,"k1gstlc1sp00","6","FAAt701","BEA_API"
2004,66,"Power",201279,"k1gstlc1sp00","6","FAAt701","BEA_API"
2005,66,"Power",213472,"k1gstlc1sp00","6","FAAt701","BEA_API"
2006,66,"Power",233432,"k1gstlc1sp00","6","FAAt701","BEA_API"
2007,66,"Power",254969,"k1gstlc1sp00","6","FAAt701","BEA_API"
2008,66,"Power",276366,"k1gstlc1sp00","6","FAAt701","BEA_API"
2009,66,"Power",272942,"k1gstlc1sp00","6","FAAt701","BEA_API"
2010,66,"Power",294519,"k1gstlc1sp00","6","FAAt701","BEA_API"
2011,66,"Power",308849,"k1gstlc1sp00","6","FAAt701","BEA_API"
2012,66,"Power",318712,"k1gstlc1sp00","6","FAAt701","BEA_API"
2013,66,"Power",328455,"k1gstlc1sp00","6","FAAt701","BEA_API"
2014,66,"Power",341516,"k1gstlc1sp00","6","FAAt701","BEA_API"
2015,66,"Power",349510,"k1gstlc1sp00","6","FAAt701","BEA_API"
2016,66,"Power",360029,"k1gstlc1sp00","6","FAAt701","BEA_API"
2017,66,"Power",370944,"k1gstlc1sp00","6","FAAt701","BEA_API"
2018,66,"Power",390152,"k1gstlc1sp00","6","FAAt701","BEA_API"
2019,66,"Power",404111,"k1gstlc1sp00","6","FAAt701","BEA_API"
2020,66,"Power",418966,"k1gstlc1sp00","6","FAAt701","BEA_API"
2021,66,"Power",467365,"k1gstlc1sp00","6","FAAt701","BEA_API"
2022,66,"Power",521629,"k1gstlc1sp00","6","FAAt701","BEA_API"
2023,66,"Power",538306,"k1gstlc1sp00","6","FAAt701","BEA_API"
2024,66,"Power",545808,"k1gstlc1sp00","6","FAAt701","BEA_API"
1925,67,"Highways and streets",16081,"k1gstlc1sq00","6","FAAt701","BEA_API"
1926,67,"Highways and streets",15962,"k1gstlc1sq00","6","FAAt701","BEA_API"
1927,67,"Highways and streets",16732,"k1gstlc1sq00","6","FAAt701","BEA_API"
1928,67,"Highways and streets",16520,"k1gstlc1sq00","6","FAAt701","BEA_API"
1929,67,"Highways and streets",16934,"k1gstlc1sq00","6","FAAt701","BEA_API"
1930,67,"Highways and streets",16938,"k1gstlc1sq00","6","FAAt701","BEA_API"
1931,67,"Highways and streets",16120,"k1gstlc1sq00","6","FAAt701","BEA_API"
1932,67,"Highways and streets",13002,"k1gstlc1sq00","6","FAAt701","BEA_API"
1933,67,"Highways and streets",16703,"k1gstlc1sq00","6","FAAt701","BEA_API"
1934,67,"Highways and streets",19928,"k1gstlc1sq00","6","FAAt701","BEA_API"
1935,67,"Highways and streets",19657,"k1gstlc1sq00","6","FAAt701","BEA_API"
1936,67,"Highways and streets",22469,"k1gstlc1sq00","6","FAAt701","BEA_API"
1937,67,"Highways and streets",21645,"k1gstlc1sq00","6","FAAt701","BEA_API"
1938,67,"Highways and streets",21880,"k1gstlc1sq00","6","FAAt701","BEA_API"
1939,67,"Highways and streets",22232,"k1gstlc1sq00","6","FAAt701","BEA_API"
1940,67,"Highways and streets",22515,"k1gstlc1sq00","6","FAAt701","BEA_API"
1941,67,"Highways and streets",26305,"k1gstlc1sq00","6","FAAt701","BEA_API"
1942,67,"Highways and streets",34198,"k1gstlc1sq00","6","FAAt701","BEA_API"
1943,67,"Highways and streets",38232,"k1gstlc1sq00","6","FAAt701","BEA_API"
1944,67,"Highways and streets",34653,"k1gstlc1sq00","6","FAAt701","BEA_API"
1945,67,"Highways and streets",32878,"k1gstlc1sq00","6","FAAt701","BEA_API"
1946,67,"Highways and streets",35328,"k1gstlc1sq00","6","FAAt701","BEA_API"
1947,67,"Highways and streets",43362,"k1gstlc1sq00","6","FAAt701","BEA_API"
1948,67,"Highways and streets",46710,"k1gstlc1sq00","6","FAAt701","BEA_API"
1949,67,"Highways and streets",42705,"k1gstlc1sq00","6","FAAt701","BEA_API"
1950,67,"Highways and streets",48058,"k1gstlc1sq00","6","FAAt701","BEA_API"
1951,67,"Highways and streets",54065,"k1gstlc1sq00","6","FAAt701","BEA_API"
1952,67,"Highways and streets",56934,"k1gstlc1sq00","6","FAAt701","BEA_API"
1953,67,"Highways and streets",52467,"k1gstlc1sq00","6","FAAt701","BEA_API"
1954,67,"Highways and streets",54935,"k1gstlc1sq00","6","FAAt701","BEA_API"
1955,67,"Highways and streets",61024,"k1gstlc1sq00","6","FAAt701","BEA_API"
1956,67,"Highways and streets",70167,"k1gstlc1sq00","6","FAAt701","BEA_API"
1957,67,"Highways and streets",72206,"k1gstlc1sq00","6","FAAt701","BEA_API"
1958,67,"Highways and streets",78265,"k1gstlc1sq00","6","FAAt701","BEA_API"
1959,67,"Highways and streets",78658,"k1gstlc1sq00","6","FAAt701","BEA_API"
1960,67,"Highways and streets",82076,"k1gstlc1sq00","6","FAAt701","BEA_API"
1961,67,"Highways and streets",87582,"k1gstlc1sq00","6","FAAt701","BEA_API"
1962,67,"Highways and streets",95442,"k1gstlc1sq00","6","FAAt701","BEA_API"
1963,67,"Highways and streets",103062,"k1gstlc1sq00","6","FAAt701","BEA_API"
1964,67,"Highways and streets",108770,"k1gstlc1sq00","6","FAAt701","BEA_API"
1965,67,"Highways and streets",119355,"k1gstlc1sq00","6","FAAt701","BEA_API"
1966,67,"Highways and streets",132732,"k1gstlc1sq00","6","FAAt701","BEA_API"
1967,67,"Highways and streets",145471,"k1gstlc1sq00","6","FAAt701","BEA_API"
1968,67,"Highways and streets",157679,"k1gstlc1sq00","6","FAAt701","BEA_API"
1969,67,"Highways and streets",177639,"k1gstlc1sq00","6","FAAt701","BEA_API"
1970,67,"Highways and streets",207275,"k1gstlc1sq00","6","FAAt701","BEA_API"
1971,67,"Highways and streets",221457,"k1gstlc1sq00","6","FAAt701","BEA_API"
1972,67,"Highways and streets",240805,"k1gstlc1sq00","6","FAAt701","BEA_API"
1973,67,"Highways and streets",283929,"k1gstlc1sq00","6","FAAt701","BEA_API"
1974,67,"Highways and streets",377039,"k1gstlc1sq00","6","FAAt701","BEA_API"
1975,67,"Highways and streets",374370,"k1gstlc1sq00","6","FAAt701","BEA_API"
1976,67,"Highways and streets",369750,"k1gstlc1sq00","6","FAAt701","BEA_API"
1977,67,"Highways and streets",374827,"k1gstlc1sq00","6","FAAt701","BEA_API"
1978,67,"Highways and streets",395928,"k1gstlc1sq00","6","FAAt701","BEA_API"
1979,67,"Highways and streets",457538,"k1gstlc1sq00","6","FAAt701","BEA_API"
1980,67,"Highways and streets",551630,"k1gstlc1sq00","6","FAAt701","BEA_API"
1981,67,"Highways and streets",630992,"k1gstlc1sq00","6","FAAt701","BEA_API"
1982,67,"Highways and streets",657391,"k1gstlc1sq00","6","FAAt701","BEA_API"
1983,67,"Highways and streets",635625,"k1gstlc1sq00","6","FAAt701","BEA_API"
1984,67,"Highways and streets",632857,"k1gstlc1sq00","6","FAAt701","BEA_API"
1985,67,"Highways and streets",663177,"k1gstlc1sq00","6","FAAt701","BEA_API"
1986,67,"Highways and streets",716164,"k1gstlc1sq00","6","FAAt701","BEA_API"
1987,67,"Highways and streets",761092,"k1gstlc1sq00","6","FAAt701","BEA_API"
1988,67,"Highways and streets",776002,"k1gstlc1sq00","6","FAAt701","BEA_API"
1989,67,"Highways and streets",807628,"k1gstlc1sq00","6","FAAt701","BEA_API"
1990,67,"Highways and streets",849152,"k1gstlc1sq00","6","FAAt701","BEA_API"
1991,67,"Highways and streets",869336,"k1gstlc1sq00","6","FAAt701","BEA_API"
1992,67,"Highways and streets",889926,"k1gstlc1sq00","6","FAAt701","BEA_API"
1993,67,"Highways and streets",921051,"k1gstlc1sq00","6","FAAt701","BEA_API"
1994,67,"Highways and streets",983401,"k1gstlc1sq00","6","FAAt701","BEA_API"
1995,67,"Highways and streets",1052484,"k1gstlc1sq00","6","FAAt701","BEA_API"
1996,67,"Highways and streets",1105291,"k1gstlc1sq00","6","FAAt701","BEA_API"
1997,67,"Highways and streets",1166131,"k1gstlc1sq00","6","FAAt701","BEA_API"
1998,67,"Highways and streets",1209344,"k1gstlc1sq00","6","FAAt701","BEA_API"
1999,67,"Highways and streets",1289261,"k1gstlc1sq00","6","FAAt701","BEA_API"
2000,67,"Highways and streets",1386193,"k1gstlc1sq00","6","FAAt701","BEA_API"
2001,67,"Highways and streets",1447600,"k1gstlc1sq00","6","FAAt701","BEA_API"
2002,67,"Highways and streets",1509035,"k1gstlc1sq00","6","FAAt701","BEA_API"
2003,67,"Highways and streets",1542886,"k1gstlc1sq00","6","FAAt701","BEA_API"
2004,67,"Highways and streets",1780177,"k1gstlc1sq00","6","FAAt701","BEA_API"
2005,67,"Highways and streets",1995006,"k1gstlc1sq00","6","FAAt701","BEA_API"
2006,67,"Highways and streets",2282355,"k1gstlc1sq00","6","FAAt701","BEA_API"
2007,67,"Highways and streets",2562569,"k1gstlc1sq00","6","FAAt701","BEA_API"
2008,67,"Highways and streets",2725376,"k1gstlc1sq00","6","FAAt701","BEA_API"
2009,67,"Highways and streets",2754427,"k1gstlc1sq00","6","FAAt701","BEA_API"
2010,67,"Highways and streets",2856067,"k1gstlc1sq00","6","FAAt701","BEA_API"
2011,67,"Highways and streets",3047312,"k1gstlc1sq00","6","FAAt701","BEA_API"
2012,67,"Highways and streets",3179321,"k1gstlc1sq00","6","FAAt701","BEA_API"
2013,67,"Highways and streets",3255521,"k1gstlc1sq00","6","FAAt701","BEA_API"
2014,67,"Highways and streets",3281581,"k1gstlc1sq00","6","FAAt701","BEA_API"
2015,67,"Highways and streets",3293889,"k1gstlc1sq00","6","FAAt701","BEA_API"
2016,67,"Highways and streets",3399486,"k1gstlc1sq00","6","FAAt701","BEA_API"
2017,67,"Highways and streets",3546645,"k1gstlc1sq00","6","FAAt701","BEA_API"
2018,67,"Highways and streets",3714808,"k1gstlc1sq00","6","FAAt701","BEA_API"
2019,67,"Highways and streets",3811522,"k1gstlc1sq00","6","FAAt701","BEA_API"
2020,67,"Highways and streets",3932968,"k1gstlc1sq00","6","FAAt701","BEA_API"
2021,67,"Highways and streets",4407014,"k1gstlc1sq00","6","FAAt701","BEA_API"
2022,67,"Highways and streets",4647738,"k1gstlc1sq00","6","FAAt701","BEA_API"
2023,67,"Highways and streets",4814664,"k1gstlc1sq00","6","FAAt701","BEA_API"
2024,67,"Highways and streets",4965696,"k1gstlc1sq00","6","FAAt701","BEA_API"
1925,68,"Sewer systems",1694,"k1gstlc1sr00","6","FAAt701","BEA_API"
1926,68,"Sewer systems",1816,"k1gstlc1sr00","6","FAAt701","BEA_API"
1927,68,"Sewer systems",1967,"k1gstlc1sr00","6","FAAt701","BEA_API"
1928,68,"Sewer systems",2125,"k1gstlc1sr00","6","FAAt701","BEA_API"
1929,68,"Sewer systems",2247,"k1gstlc1sr00","6","FAAt701","BEA_API"
1930,68,"Sewer systems",2330,"k1gstlc1sr00","6","FAAt701","BEA_API"
1931,68,"Sewer systems",2231,"k1gstlc1sr00","6","FAAt701","BEA_API"
1932,68,"Sewer systems",1928,"k1gstlc1sr00","6","FAAt701","BEA_API"
1933,68,"Sewer systems",2007,"k1gstlc1sr00","6","FAAt701","BEA_API"
1934,68,"Sewer systems",2495,"k1gstlc1sr00","6","FAAt701","BEA_API"
1935,68,"Sewer systems",2496,"k1gstlc1sr00","6","FAAt701","BEA_API"
1936,68,"Sewer systems",2997,"k1gstlc1sr00","6","FAAt701","BEA_API"
1937,68,"Sewer systems",3348,"k1gstlc1sr00","6","FAAt701","BEA_API"
1938,68,"Sewer systems",3687,"k1gstlc1sr00","6","FAAt701","BEA_API"
1939,68,"Sewer systems",3762,"k1gstlc1sr00","6","FAAt701","BEA_API"
1940,68,"Sewer systems",3935,"k1gstlc1sr00","6","FAAt701","BEA_API"
1941,68,"Sewer systems",4212,"k1gstlc1sr00","6","FAAt701","BEA_API"
1942,68,"Sewer systems",4356,"k1gstlc1sr00","6","FAAt701","BEA_API"
1943,68,"Sewer systems",4283,"k1gstlc1sr00","6","FAAt701","BEA_API"
1944,68,"Sewer systems",4991,"k1gstlc1sr00","6","FAAt701","BEA_API"
1945,68,"Sewer systems",4819,"k1gstlc1sr00","6","FAAt701","BEA_API"
1946,68,"Sewer systems",5106,"k1gstlc1sr00","6","FAAt701","BEA_API"
1947,68,"Sewer systems",6846,"k1gstlc1sr00","6","FAAt701","BEA_API"
1948,68,"Sewer systems",7879,"k1gstlc1sr00","6","FAAt701","BEA_API"
1949,68,"Sewer systems",8123,"k1gstlc1sr00","6","FAAt701","BEA_API"
1950,68,"Sewer systems",9198,"k1gstlc1sr00","6","FAAt701","BEA_API"
1951,68,"Sewer systems",9677,"k1gstlc1sr00","6","FAAt701","BEA_API"
1952,68,"Sewer systems",10500,"k1gstlc1sr00","6","FAAt701","BEA_API"
1953,68,"Sewer systems",11301,"k1gstlc1sr00","6","FAAt701","BEA_API"
1954,68,"Sewer systems",11887,"k1gstlc1sr00","6","FAAt701","BEA_API"
1955,68,"Sewer systems",13042,"k1gstlc1sr00","6","FAAt701","BEA_API"
1956,68,"Sewer systems",14516,"k1gstlc1sr00","6","FAAt701","BEA_API"
1957,68,"Sewer systems",15815,"k1gstlc1sr00","6","FAAt701","BEA_API"
1958,68,"Sewer systems",15853,"k1gstlc1sr00","6","FAAt701","BEA_API"
1959,68,"Sewer systems",14735,"k1gstlc1sr00","6","FAAt701","BEA_API"
1960,68,"Sewer systems",15645,"k1gstlc1sr00","6","FAAt701","BEA_API"
1961,68,"Sewer systems",16593,"k1gstlc1sr00","6","FAAt701","BEA_API"
1962,68,"Sewer systems",17837,"k1gstlc1sr00","6","FAAt701","BEA_API"
1963,68,"Sewer systems",19071,"k1gstlc1sr00","6","FAAt701","BEA_API"
1964,68,"Sewer systems",20208,"k1gstlc1sr00","6","FAAt701","BEA_API"
1965,68,"Sewer systems",21630,"k1gstlc1sr00","6","FAAt701","BEA_API"
1966,68,"Sewer systems",23376,"k1gstlc1sr00","6","FAAt701","BEA_API"
1967,68,"Sewer systems",24894,"k1gstlc1sr00","6","FAAt701","BEA_API"
1968,68,"Sewer systems",27698,"k1gstlc1sr00","6","FAAt701","BEA_API"
1969,68,"Sewer systems",30465,"k1gstlc1sr00","6","FAAt701","BEA_API"
1970,68,"Sewer systems",34512,"k1gstlc1sr00","6","FAAt701","BEA_API"
1971,68,"Sewer systems",40753,"k1gstlc1sr00","6","FAAt701","BEA_API"
1972,68,"Sewer systems",45371,"k1gstlc1sr00","6","FAAt701","BEA_API"
1973,68,"Sewer systems",50541,"k1gstlc1sr00","6","FAAt701","BEA_API"
1974,68,"Sewer systems",63920,"k1gstlc1sr00","6","FAAt701","BEA_API"
1975,68,"Sewer systems",71016,"k1gstlc1sr00","6","FAAt701","BEA_API"
1976,68,"Sewer systems",78801,"k1gstlc1sr00","6","FAAt701","BEA_API"
1977,68,"Sewer systems",88077,"k1gstlc1sr00","6","FAAt701","BEA_API"
1978,68,"Sewer systems",101208,"k1gstlc1sr00","6","FAAt701","BEA_API"
1979,68,"Sewer systems",117205,"k1gstlc1sr00","6","FAAt701","BEA_API"
1980,68,"Sewer systems",133099,"k1gstlc1sr00","6","FAAt701","BEA_API"
1981,68,"Sewer systems",139852,"k1gstlc1sr00","6","FAAt701","BEA_API"
1982,68,"Sewer systems",149592,"k1gstlc1sr00","6","FAAt701","BEA_API"
1983,68,"Sewer systems",155760,"k1gstlc1sr00","6","FAAt701","BEA_API"
1984,68,"Sewer systems",166924,"k1gstlc1sr00","6","FAAt701","BEA_API"
1985,68,"Sewer systems",171131,"k1gstlc1sr00","6","FAAt701","BEA_API"
1986,68,"Sewer systems",178897,"k1gstlc1sr00","6","FAAt701","BEA_API"
1987,68,"Sewer systems",187343,"k1gstlc1sr00","6","FAAt701","BEA_API"
1988,68,"Sewer systems",199963,"k1gstlc1sr00","6","FAAt701","BEA_API"
1989,68,"Sewer systems",209444,"k1gstlc1sr00","6","FAAt701","BEA_API"
1990,68,"Sewer systems",216722,"k1gstlc1sr00","6","FAAt701","BEA_API"
1991,68,"Sewer systems",222378,"k1gstlc1sr00","6","FAAt701","BEA_API"
1992,68,"Sewer systems",239873,"k1gstlc1sr00","6","FAAt701","BEA_API"
1993,68,"Sewer systems",255414,"k1gstlc1sr00","6","FAAt701","BEA_API"
1994,68,"Sewer systems",265976,"k1gstlc1sr00","6","FAAt701","BEA_API"
1995,68,"Sewer systems",279588,"k1gstlc1sr00","6","FAAt701","BEA_API"
1996,68,"Sewer systems",288124,"k1gstlc1sr00","6","FAAt701","BEA_API"
1997,68,"Sewer systems",298954,"k1gstlc1sr00","6","FAAt701","BEA_API"
1998,68,"Sewer systems",310917,"k1gstlc1sr00","6","FAAt701","BEA_API"
1999,68,"Sewer systems",327015,"k1gstlc1sr00","6","FAAt701","BEA_API"
2000,68,"Sewer systems",346114,"k1gstlc1sr00","6","FAAt701","BEA_API"
2001,68,"Sewer systems",359566,"k1gstlc1sr00","6","FAAt701","BEA_API"
2002,68,"Sewer systems",370544,"k1gstlc1sr00","6","FAAt701","BEA_API"
2003,68,"Sewer systems",387458,"k1gstlc1sr00","6","FAAt701","BEA_API"
2004,68,"Sewer systems",432170,"k1gstlc1sr00","6","FAAt701","BEA_API"
2005,68,"Sewer systems",469620,"k1gstlc1sr00","6","FAAt701","BEA_API"
2006,68,"Sewer systems",515715,"k1gstlc1sr00","6","FAAt701","BEA_API"
2007,68,"Sewer systems",551257,"k1gstlc1sr00","6","FAAt701","BEA_API"
2008,68,"Sewer systems",575573,"k1gstlc1sr00","6","FAAt701","BEA_API"
2009,68,"Sewer systems",582735,"k1gstlc1sr00","6","FAAt701","BEA_API"
2010,68,"Sewer systems",621099,"k1gstlc1sr00","6","FAAt701","BEA_API"
2011,68,"Sewer systems",657871,"k1gstlc1sr00","6","FAAt701","BEA_API"
2012,68,"Sewer systems",679429,"k1gstlc1sr00","6","FAAt701","BEA_API"
2013,68,"Sewer systems",698355,"k1gstlc1sr00","6","FAAt701","BEA_API"
2014,68,"Sewer systems",728858,"k1gstlc1sr00","6","FAAt701","BEA_API"
2015,68,"Sewer systems",745036,"k1gstlc1sr00","6","FAAt701","BEA_API"
2016,68,"Sewer systems",771328,"k1gstlc1sr00","6","FAAt701","BEA_API"
2017,68,"Sewer systems",799400,"k1gstlc1sr00","6","FAAt701","BEA_API"
2018,68,"Sewer systems",841177,"k1gstlc1sr00","6","FAAt701","BEA_API"
2019,68,"Sewer systems",860892,"k1gstlc1sr00","6","FAAt701","BEA_API"
2020,68,"Sewer systems",900888,"k1gstlc1sr00","6","FAAt701","BEA_API"
2021,68,"Sewer systems",1044124,"k1gstlc1sr00","6","FAAt701","BEA_API"
2022,68,"Sewer systems",1176903,"k1gstlc1sr00","6","FAAt701","BEA_API"
2023,68,"Sewer systems",1215266,"k1gstlc1sr00","6","FAAt701","BEA_API"
2024,68,"Sewer systems",1234526,"k1gstlc1sr00","6","FAAt701","BEA_API"
1925,69,"Water systems",1928,"k1gstlc1su00","6","FAAt701","BEA_API"
1926,69,"Water systems",2038,"k1gstlc1su00","6","FAAt701","BEA_API"
1927,69,"Water systems",2144,"k1gstlc1su00","6","FAAt701","BEA_API"
1928,69,"Water systems",2227,"k1gstlc1su00","6","FAAt701","BEA_API"
1929,69,"Water systems",2348,"k1gstlc1su00","6","FAAt701","BEA_API"
1930,69,"Water systems",2484,"k1gstlc1su00","6","FAAt701","BEA_API"
1931,69,"Water systems",2413,"k1gstlc1su00","6","FAAt701","BEA_API"
1932,69,"Water systems",2096,"k1gstlc1su00","6","FAAt701","BEA_API"
1933,69,"Water systems",2184,"k1gstlc1su00","6","FAAt701","BEA_API"
1934,69,"Water systems",2673,"k1gstlc1su00","6","FAAt701","BEA_API"
1935,69,"Water systems",2639,"k1gstlc1su00","6","FAAt701","BEA_API"
1936,69,"Water systems",3033,"k1gstlc1su00","6","FAAt701","BEA_API"
1937,69,"Water systems",3273,"k1gstlc1su00","6","FAAt701","BEA_API"
1938,69,"Water systems",3491,"k1gstlc1su00","6","FAAt701","BEA_API"
1939,69,"Water systems",3456,"k1gstlc1su00","6","FAAt701","BEA_API"
1940,69,"Water systems",3603,"k1gstlc1su00","6","FAAt701","BEA_API"
1941,69,"Water systems",3885,"k1gstlc1su00","6","FAAt701","BEA_API"
1942,69,"Water systems",4047,"k1gstlc1su00","6","FAAt701","BEA_API"
1943,69,"Water systems",4015,"k1gstlc1su00","6","FAAt701","BEA_API"
1944,69,"Water systems",4694,"k1gstlc1su00","6","FAAt701","BEA_API"
1945,69,"Water systems",4557,"k1gstlc1su00","6","FAAt701","BEA_API"
1946,69,"Water systems",4837,"k1gstlc1su00","6","FAAt701","BEA_API"
1947,69,"Water systems",5953,"k1gstlc1su00","6","FAAt701","BEA_API"
1948,69,"Water systems",6817,"k1gstlc1su00","6","FAAt701","BEA_API"
1949,69,"Water systems",6980,"k1gstlc1su00","6","FAAt701","BEA_API"
1950,69,"Water systems",7846,"k1gstlc1su00","6","FAAt701","BEA_API"
1951,69,"Water systems",8249,"k1gstlc1su00","6","FAAt701","BEA_API"
1952,69,"Water systems",8928,"k1gstlc1su00","6","FAAt701","BEA_API"
1953,69,"Water systems",9521,"k1gstlc1su00","6","FAAt701","BEA_API"
1954,69,"Water systems",9944,"k1gstlc1su00","6","FAAt701","BEA_API"
1955,69,"Water systems",10864,"k1gstlc1su00","6","FAAt701","BEA_API"
1956,69,"Water systems",12069,"k1gstlc1su00","6","FAAt701","BEA_API"
1957,69,"Water systems",13055,"k1gstlc1su00","6","FAAt701","BEA_API"
1958,69,"Water systems",13503,"k1gstlc1su00","6","FAAt701","BEA_API"
1959,69,"Water systems",13730,"k1gstlc1su00","6","FAAt701","BEA_API"
1960,69,"Water systems",14262,"k1gstlc1su00","6","FAAt701","BEA_API"
1961,69,"Water systems",14699,"k1gstlc1su00","6","FAAt701","BEA_API"
1962,69,"Water systems",15169,"k1gstlc1su00","6","FAAt701","BEA_API"
1963,69,"Water systems",15663,"k1gstlc1su00","6","FAAt701","BEA_API"
1964,69,"Water systems",16463,"k1gstlc1su00","6","FAAt701","BEA_API"
1965,69,"Water systems",18003,"k1gstlc1su00","6","FAAt701","BEA_API"
1966,69,"Water systems",19230,"k1gstlc1su00","6","FAAt701","BEA_API"
1967,69,"Water systems",20606,"k1gstlc1su00","6","FAAt701","BEA_API"
1968,69,"Water systems",22970,"k1gstlc1su00","6","FAAt701","BEA_API"
1969,69,"Water systems",24915,"k1gstlc1su00","6","FAAt701","BEA_API"
1970,69,"Water systems",27261,"k1gstlc1su00","6","FAAt701","BEA_API"
1971,69,"Water systems",30779,"k1gstlc1su00","6","FAAt701","BEA_API"
1972,69,"Water systems",33279,"k1gstlc1su00","6","FAAt701","BEA_API"
1973,69,"Water systems",36310,"k1gstlc1su00","6","FAAt701","BEA_API"
1974,69,"Water systems",46591,"k1gstlc1su00","6","FAAt701","BEA_API"
1975,69,"Water systems",52614,"k1gstlc1su00","6","FAAt701","BEA_API"
1976,69,"Water systems",54732,"k1gstlc1su00","6","FAAt701","BEA_API"
1977,69,"Water systems",59648,"k1gstlc1su00","6","FAAt701","BEA_API"
1978,69,"Water systems",67274,"k1gstlc1su00","6","FAAt701","BEA_API"
1979,69,"Water systems",76731,"k1gstlc1su00","6","FAAt701","BEA_API"
1980,69,"Water systems",86035,"k1gstlc1su00","6","FAAt701","BEA_API"
1981,69,"Water systems",89785,"k1gstlc1su00","6","FAAt701","BEA_API"
1982,69,"Water systems",95699,"k1gstlc1su00","6","FAAt701","BEA_API"
1983,69,"Water systems",99293,"k1gstlc1su00","6","FAAt701","BEA_API"
1984,69,"Water systems",106073,"k1gstlc1su00","6","FAAt701","BEA_API"
1985,69,"Water systems",108960,"k1gstlc1su00","6","FAAt701","BEA_API"
1986,69,"Water systems",114381,"k1gstlc1su00","6","FAAt701","BEA_API"
1987,69,"Water systems",120056,"k1gstlc1su00","6","FAAt701","BEA_API"
1988,69,"Water systems",128116,"k1gstlc1su00","6","FAAt701","BEA_API"
1989,69,"Water systems",134409,"k1gstlc1su00","6","FAAt701","BEA_API"
1990,69,"Water systems",139581,"k1gstlc1su00","6","FAAt701","BEA_API"
1991,69,"Water systems",143837,"k1gstlc1su00","6","FAAt701","BEA_API"
1992,69,"Water systems",154701,"k1gstlc1su00","6","FAAt701","BEA_API"
1993,69,"Water systems",164145,"k1gstlc1su00","6","FAAt701","BEA_API"
1994,69,"Water systems",171284,"k1gstlc1su00","6","FAAt701","BEA_API"
1995,69,"Water systems",179829,"k1gstlc1su00","6","FAAt701","BEA_API"
1996,69,"Water systems",186684,"k1gstlc1su00","6","FAAt701","BEA_API"
1997,69,"Water systems",195069,"k1gstlc1su00","6","FAAt701","BEA_API"
1998,69,"Water systems",205296,"k1gstlc1su00","6","FAAt701","BEA_API"
1999,69,"Water systems",218812,"k1gstlc1su00","6","FAAt701","BEA_API"
2000,69,"Water systems",234473,"k1gstlc1su00","6","FAAt701","BEA_API"
2001,69,"Water systems",246672,"k1gstlc1su00","6","FAAt701","BEA_API"
2002,69,"Water systems",257512,"k1gstlc1su00","6","FAAt701","BEA_API"
2003,69,"Water systems",272345,"k1gstlc1su00","6","FAAt701","BEA_API"
2004,69,"Water systems",306434,"k1gstlc1su00","6","FAAt701","BEA_API"
2005,69,"Water systems",335777,"k1gstlc1su00","6","FAAt701","BEA_API"
2006,69,"Water systems",370634,"k1gstlc1su00","6","FAAt701","BEA_API"
2007,69,"Water systems",397674,"k1gstlc1su00","6","FAAt701","BEA_API"
2008,69,"Water systems",416002,"k1gstlc1su00","6","FAAt701","BEA_API"
2009,69,"Water systems",421956,"k1gstlc1su00","6","FAAt701","BEA_API"
2010,69,"Water systems",448909,"k1gstlc1su00","6","FAAt701","BEA_API"
2011,69,"Water systems",474762,"k1gstlc1su00","6","FAAt701","BEA_API"
2012,69,"Water systems",491490,"k1gstlc1su00","6","FAAt701","BEA_API"
2013,69,"Water systems",507998,"k1gstlc1su00","6","FAAt701","BEA_API"
2014,69,"Water systems",532556,"k1gstlc1su00","6","FAAt701","BEA_API"
2015,69,"Water systems",546533,"k1gstlc1su00","6","FAAt701","BEA_API"
2016,69,"Water systems",567806,"k1gstlc1su00","6","FAAt701","BEA_API"
2017,69,"Water systems",590064,"k1gstlc1su00","6","FAAt701","BEA_API"
2018,69,"Water systems",622104,"k1gstlc1su00","6","FAAt701","BEA_API"
2019,69,"Water systems",638318,"k1gstlc1su00","6","FAAt701","BEA_API"
2020,69,"Water systems",671573,"k1gstlc1su00","6","FAAt701","BEA_API"
2021,69,"Water systems",779334,"k1gstlc1su00","6","FAAt701","BEA_API"
2022,69,"Water systems",878886,"k1gstlc1su00","6","FAAt701","BEA_API"
2023,69,"Water systems",908067,"k1gstlc1su00","6","FAAt701","BEA_API"
2024,69,"Water systems",923826,"k1gstlc1su00","6","FAAt701","BEA_API"
1925,70,"Conservation and development",1,"k1gstlc1sv00","6","FAAt701","BEA_API"
1926,70,"Conservation and development",6,"k1gstlc1sv00","6","FAAt701","BEA_API"
1927,70,"Conservation and development",16,"k1gstlc1sv00","6","FAAt701","BEA_API"
1928,70,"Conservation and development",35,"k1gstlc1sv00","6","FAAt701","BEA_API"
1929,70,"Conservation and development",64,"k1gstlc1sv00","6","FAAt701","BEA_API"
1930,70,"Conservation and development",87,"k1gstlc1sv00","6","FAAt701","BEA_API"
1931,70,"Conservation and development",100,"k1gstlc1sv00","6","FAAt701","BEA_API"
1932,70,"Conservation and development",94,"k1gstlc1sv00","6","FAAt701","BEA_API"
1933,70,"Conservation and development",131,"k1gstlc1sv00","6","FAAt701","BEA_API"
1934,70,"Conservation and development",220,"k1gstlc1sv00","6","FAAt701","BEA_API"
1935,70,"Conservation and development",279,"k1gstlc1sv00","6","FAAt701","BEA_API"
1936,70,"Conservation and development",371,"k1gstlc1sv00","6","FAAt701","BEA_API"
1937,70,"Conservation and development",486,"k1gstlc1sv00","6","FAAt701","BEA_API"
1938,70,"Conservation and development",546,"k1gstlc1sv00","6","FAAt701","BEA_API"
1939,70,"Conservation and development",612,"k1gstlc1sv00","6","FAAt701","BEA_API"
1940,70,"Conservation and development",630,"k1gstlc1sv00","6","FAAt701","BEA_API"
1941,70,"Conservation and development",643,"k1gstlc1sv00","6","FAAt701","BEA_API"
1942,70,"Conservation and development",662,"k1gstlc1sv00","6","FAAt701","BEA_API"
1943,70,"Conservation and development",704,"k1gstlc1sv00","6","FAAt701","BEA_API"
1944,70,"Conservation and development",754,"k1gstlc1sv00","6","FAAt701","BEA_API"
1945,70,"Conservation and development",799,"k1gstlc1sv00","6","FAAt701","BEA_API"
1946,70,"Conservation and development",839,"k1gstlc1sv00","6","FAAt701","BEA_API"
1947,70,"Conservation and development",1071,"k1gstlc1sv00","6","FAAt701","BEA_API"
1948,70,"Conservation and development",1160,"k1gstlc1sv00","6","FAAt701","BEA_API"
1949,70,"Conservation and development",1157,"k1gstlc1sv00","6","FAAt701","BEA_API"
1950,70,"Conservation and development",1180,"k1gstlc1sv00","6","FAAt701","BEA_API"
1951,70,"Conservation and development",1315,"k1gstlc1sv00","6","FAAt701","BEA_API"
1952,70,"Conservation and development",1465,"k1gstlc1sv00","6","FAAt701","BEA_API"
1953,70,"Conservation and development",1432,"k1gstlc1sv00","6","FAAt701","BEA_API"
1954,70,"Conservation and development",1478,"k1gstlc1sv00","6","FAAt701","BEA_API"
1955,70,"Conservation and development",1595,"k1gstlc1sv00","6","FAAt701","BEA_API"
1956,70,"Conservation and development",1838,"k1gstlc1sv00","6","FAAt701","BEA_API"
1957,70,"Conservation and development",2048,"k1gstlc1sv00","6","FAAt701","BEA_API"
1958,70,"Conservation and development",2103,"k1gstlc1sv00","6","FAAt701","BEA_API"
1959,70,"Conservation and development",2183,"k1gstlc1sv00","6","FAAt701","BEA_API"
1960,70,"Conservation and development",2338,"k1gstlc1sv00","6","FAAt701","BEA_API"
1961,70,"Conservation and development",2522,"k1gstlc1sv00","6","FAAt701","BEA_API"
1962,70,"Conservation and development",2740,"k1gstlc1sv00","6","FAAt701","BEA_API"
1963,70,"Conservation and development",3087,"k1gstlc1sv00","6","FAAt701","BEA_API"
1964,70,"Conservation and development",3476,"k1gstlc1sv00","6","FAAt701","BEA_API"
1965,70,"Conservation and development",4036,"k1gstlc1sv00","6","FAAt701","BEA_API"
1966,70,"Conservation and development",4639,"k1gstlc1sv00","6","FAAt701","BEA_API"
1967,70,"Conservation and development",5371,"k1gstlc1sv00","6","FAAt701","BEA_API"
1968,70,"Conservation and development",6182,"k1gstlc1sv00","6","FAAt701","BEA_API"
1969,70,"Conservation and development",7119,"k1gstlc1sv00","6","FAAt701","BEA_API"
1970,70,"Conservation and development",8020,"k1gstlc1sv00","6","FAAt701","BEA_API"
1971,70,"Conservation and development",9063,"k1gstlc1sv00","6","FAAt701","BEA_API"
1972,70,"Conservation and development",9878,"k1gstlc1sv00","6","FAAt701","BEA_API"
1973,70,"Conservation and development",10767,"k1gstlc1sv00","6","FAAt701","BEA_API"
1974,70,"Conservation and development",13206,"k1gstlc1sv00","6","FAAt701","BEA_API"
1975,70,"Conservation and development",15225,"k1gstlc1sv00","6","FAAt701","BEA_API"
1976,70,"Conservation and development",16394,"k1gstlc1sv00","6","FAAt701","BEA_API"
1977,70,"Conservation and development",17582,"k1gstlc1sv00","6","FAAt701","BEA_API"
1978,70,"Conservation and development",18998,"k1gstlc1sv00","6","FAAt701","BEA_API"
1979,70,"Conservation and development",21312,"k1gstlc1sv00","6","FAAt701","BEA_API"
1980,70,"Conservation and development",24064,"k1gstlc1sv00","6","FAAt701","BEA_API"
1981,70,"Conservation and development",26434,"k1gstlc1sv00","6","FAAt701","BEA_API"
1982,70,"Conservation and development",28028,"k1gstlc1sv00","6","FAAt701","BEA_API"
1983,70,"Conservation and development",28714,"k1gstlc1sv00","6","FAAt701","BEA_API"
1984,70,"Conservation and development",29845,"k1gstlc1sv00","6","FAAt701","BEA_API"
1985,70,"Conservation and development",31078,"k1gstlc1sv00","6","FAAt701","BEA_API"
1986,70,"Conservation and development",32342,"k1gstlc1sv00","6","FAAt701","BEA_API"
1987,70,"Conservation and development",33651,"k1gstlc1sv00","6","FAAt701","BEA_API"
1988,70,"Conservation and development",35527,"k1gstlc1sv00","6","FAAt701","BEA_API"
1989,70,"Conservation and development",38104,"k1gstlc1sv00","6","FAAt701","BEA_API"
1990,70,"Conservation and development",40338,"k1gstlc1sv00","6","FAAt701","BEA_API"
1991,70,"Conservation and development",42196,"k1gstlc1sv00","6","FAAt701","BEA_API"
1992,70,"Conservation and development",43427,"k1gstlc1sv00","6","FAAt701","BEA_API"
1993,70,"Conservation and development",45195,"k1gstlc1sv00","6","FAAt701","BEA_API"
1994,70,"Conservation and development",47468,"k1gstlc1sv00","6","FAAt701","BEA_API"
1995,70,"Conservation and development",50398,"k1gstlc1sv00","6","FAAt701","BEA_API"
1996,70,"Conservation and development",52485,"k1gstlc1sv00","6","FAAt701","BEA_API"
1997,70,"Conservation and development",55414,"k1gstlc1sv00","6","FAAt701","BEA_API"
1998,70,"Conservation and development",56906,"k1gstlc1sv00","6","FAAt701","BEA_API"
1999,70,"Conservation and development",59770,"k1gstlc1sv00","6","FAAt701","BEA_API"
2000,70,"Conservation and development",63317,"k1gstlc1sv00","6","FAAt701","BEA_API"
2001,70,"Conservation and development",65719,"k1gstlc1sv00","6","FAAt701","BEA_API"
2002,70,"Conservation and development",68411,"k1gstlc1sv00","6","FAAt701","BEA_API"
2003,70,"Conservation and development",71993,"k1gstlc1sv00","6","FAAt701","BEA_API"
2004,70,"Conservation and development",79130,"k1gstlc1sv00","6","FAAt701","BEA_API"
2005,70,"Conservation and development",85224,"k1gstlc1sv00","6","FAAt701","BEA_API"
2006,70,"Conservation and development",91642,"k1gstlc1sv00","6","FAAt701","BEA_API"
2007,70,"Conservation and development",97878,"k1gstlc1sv00","6","FAAt701","BEA_API"
2008,70,"Conservation and development",107797,"k1gstlc1sv00","6","FAAt701","BEA_API"
2009,70,"Conservation and development",106492,"k1gstlc1sv00","6","FAAt701","BEA_API"
2010,70,"Conservation and development",112439,"k1gstlc1sv00","6","FAAt701","BEA_API"
2011,70,"Conservation and development",120098,"k1gstlc1sv00","6","FAAt701","BEA_API"
2012,70,"Conservation and development",124965,"k1gstlc1sv00","6","FAAt701","BEA_API"
2013,70,"Conservation and development",128015,"k1gstlc1sv00","6","FAAt701","BEA_API"
2014,70,"Conservation and development",131816,"k1gstlc1sv00","6","FAAt701","BEA_API"
2015,70,"Conservation and development",133293,"k1gstlc1sv00","6","FAAt701","BEA_API"
2016,70,"Conservation and development",137707,"k1gstlc1sv00","6","FAAt701","BEA_API"
2017,70,"Conservation and development",143355,"k1gstlc1sv00","6","FAAt701","BEA_API"
2018,70,"Conservation and development",152058,"k1gstlc1sv00","6","FAAt701","BEA_API"
2019,70,"Conservation and development",158072,"k1gstlc1sv00","6","FAAt701","BEA_API"
2020,70,"Conservation and development",161882,"k1gstlc1sv00","6","FAAt701","BEA_API"
2021,70,"Conservation and development",180567,"k1gstlc1sv00","6","FAAt701","BEA_API"
2022,70,"Conservation and development",203416,"k1gstlc1sv00","6","FAAt701","BEA_API"
2023,70,"Conservation and development",212730,"k1gstlc1sv00","6","FAAt701","BEA_API"
2024,70,"Conservation and development",218278,"k1gstlc1sv00","6","FAAt701","BEA_API"
1925,71,"Other structures",16,"k1gstlc1sx00","6","FAAt701","BEA_API"
1926,71,"Other structures",17,"k1gstlc1sx00","6","FAAt701","BEA_API"
1927,71,"Other structures",18,"k1gstlc1sx00","6","FAAt701","BEA_API"
1928,71,"Other structures",20,"k1gstlc1sx00","6","FAAt701","BEA_API"
1929,71,"Other structures",23,"k1gstlc1sx00","6","FAAt701","BEA_API"
1930,71,"Other structures",23,"k1gstlc1sx00","6","FAAt701","BEA_API"
1931,71,"Other structures",25,"k1gstlc1sx00","6","FAAt701","BEA_API"
1932,71,"Other structures",23,"k1gstlc1sx00","6","FAAt701","BEA_API"
1933,71,"Other structures",27,"k1gstlc1sx00","6","FAAt701","BEA_API"
1934,71,"Other structures",39,"k1gstlc1sx00","6","FAAt701","BEA_API"
1935,71,"Other structures",34,"k1gstlc1sx00","6","FAAt701","BEA_API"
1936,71,"Other structures",40,"k1gstlc1sx00","6","FAAt701","BEA_API"
1937,71,"Other structures",46,"k1gstlc1sx00","6","FAAt701","BEA_API"
1938,71,"Other structures",54,"k1gstlc1sx00","6","FAAt701","BEA_API"
1939,71,"Other structures",65,"k1gstlc1sx00","6","FAAt701","BEA_API"
1940,71,"Other structures",77,"k1gstlc1sx00","6","FAAt701","BEA_API"
1941,71,"Other structures",93,"k1gstlc1sx00","6","FAAt701","BEA_API"
1942,71,"Other structures",106,"k1gstlc1sx00","6","FAAt701","BEA_API"
1943,71,"Other structures",105,"k1gstlc1sx00","6","FAAt701","BEA_API"
1944,71,"Other structures",108,"k1gstlc1sx00","6","FAAt701","BEA_API"
1945,71,"Other structures",116,"k1gstlc1sx00","6","FAAt701","BEA_API"
1946,71,"Other structures",133,"k1gstlc1sx00","6","FAAt701","BEA_API"
1947,71,"Other structures",174,"k1gstlc1sx00","6","FAAt701","BEA_API"
1948,71,"Other structures",195,"k1gstlc1sx00","6","FAAt701","BEA_API"
1949,71,"Other structures",208,"k1gstlc1sx00","6","FAAt701","BEA_API"
1950,71,"Other structures",242,"k1gstlc1sx00","6","FAAt701","BEA_API"
1951,71,"Other structures",288,"k1gstlc1sx00","6","FAAt701","BEA_API"
1952,71,"Other structures",323,"k1gstlc1sx00","6","FAAt701","BEA_API"
1953,71,"Other structures",347,"k1gstlc1sx00","6","FAAt701","BEA_API"
1954,71,"Other structures",373,"k1gstlc1sx00","6","FAAt701","BEA_API"
1955,71,"Other structures",409,"k1gstlc1sx00","6","FAAt701","BEA_API"
1956,71,"Other structures",451,"k1gstlc1sx00","6","FAAt701","BEA_API"
1957,71,"Other structures",484,"k1gstlc1sx00","6","FAAt701","BEA_API"
1958,71,"Other structures",530,"k1gstlc1sx00","6","FAAt701","BEA_API"
1959,71,"Other structures",572,"k1gstlc1sx00","6","FAAt701","BEA_API"
1960,71,"Other structures",609,"k1gstlc1sx00","6","FAAt701","BEA_API"
1961,71,"Other structures",660,"k1gstlc1sx00","6","FAAt701","BEA_API"
1962,71,"Other structures",725,"k1gstlc1sx00","6","FAAt701","BEA_API"
1963,71,"Other structures",757,"k1gstlc1sx00","6","FAAt701","BEA_API"
1964,71,"Other structures",821,"k1gstlc1sx00","6","FAAt701","BEA_API"
1965,71,"Other structures",878,"k1gstlc1sx00","6","FAAt701","BEA_API"
1966,71,"Other structures",970,"k1gstlc1sx00","6","FAAt701","BEA_API"
1967,71,"Other structures",1059,"k1gstlc1sx00","6","FAAt701","BEA_API"
1968,71,"Other structures",1205,"k1gstlc1sx00","6","FAAt701","BEA_API"
1969,71,"Other structures",1364,"k1gstlc1sx00","6","FAAt701","BEA_API"
1970,71,"Other structures",1497,"k1gstlc1sx00","6","FAAt701","BEA_API"
1971,71,"Other structures",1701,"k1gstlc1sx00","6","FAAt701","BEA_API"
1972,71,"Other structures",1883,"k1gstlc1sx00","6","FAAt701","BEA_API"
1973,71,"Other structures",2158,"k1gstlc1sx00","6","FAAt701","BEA_API"
1974,71,"Other structures",2515,"k1gstlc1sx00","6","FAAt701","BEA_API"
1975,71,"Other structures",2764,"k1gstlc1sx00","6","FAAt701","BEA_API"
1976,71,"Other structures",3054,"k1gstlc1sx00","6","FAAt701","BEA_API"
1977,71,"Other structures",3484,"k1gstlc1sx00","6","FAAt701","BEA_API"
1978,71,"Other structures",3990,"k1gstlc1sx00","6","FAAt701","BEA_API"
1979,71,"Other structures",4638,"k1gstlc1sx00","6","FAAt701","BEA_API"
1980,71,"Other structures",5273,"k1gstlc1sx00","6","FAAt701","BEA_API"
1981,71,"Other structures",5757,"k1gstlc1sx00","6","FAAt701","BEA_API"
1982,71,"Other structures",6100,"k1gstlc1sx00","6","FAAt701","BEA_API"
1983,71,"Other structures",6391,"k1gstlc1sx00","6","FAAt701","BEA_API"
1984,71,"Other structures",6730,"k1gstlc1sx00","6","FAAt701","BEA_API"
1985,71,"Other structures",7082,"k1gstlc1sx00","6","FAAt701","BEA_API"
1986,71,"Other structures",7579,"k1gstlc1sx00","6","FAAt701","BEA_API"
1987,71,"Other structures",8057,"k1gstlc1sx00","6","FAAt701","BEA_API"
1988,71,"Other structures",8568,"k1gstlc1sx00","6","FAAt701","BEA_API"
1989,71,"Other structures",9046,"k1gstlc1sx00","6","FAAt701","BEA_API"
1990,71,"Other structures",9381,"k1gstlc1sx00","6","FAAt701","BEA_API"
1991,71,"Other structures",9606,"k1gstlc1sx00","6","FAAt701","BEA_API"
1992,71,"Other structures",10175,"k1gstlc1sx00","6","FAAt701","BEA_API"
1993,71,"Other structures",10854,"k1gstlc1sx00","6","FAAt701","BEA_API"
1994,71,"Other structures",11557,"k1gstlc1sx00","6","FAAt701","BEA_API"
1995,71,"Other structures",12024,"k1gstlc1sx00","6","FAAt701","BEA_API"
1996,71,"Other structures",12525,"k1gstlc1sx00","6","FAAt701","BEA_API"
1997,71,"Other structures",13067,"k1gstlc1sx00","6","FAAt701","BEA_API"
1998,71,"Other structures",13666,"k1gstlc1sx00","6","FAAt701","BEA_API"
1999,71,"Other structures",14458,"k1gstlc1sx00","6","FAAt701","BEA_API"
2000,71,"Other structures",15150,"k1gstlc1sx00","6","FAAt701","BEA_API"
2001,71,"Other structures",15848,"k1gstlc1sx00","6","FAAt701","BEA_API"
2002,71,"Other structures",16882,"k1gstlc1sx00","6","FAAt701","BEA_API"
2003,71,"Other structures",18569,"k1gstlc1sx00","6","FAAt701","BEA_API"
2004,71,"Other structures",20270,"k1gstlc1sx00","6","FAAt701","BEA_API"
2005,71,"Other structures",22110,"k1gstlc1sx00","6","FAAt701","BEA_API"
2006,71,"Other structures",23477,"k1gstlc1sx00","6","FAAt701","BEA_API"
2007,71,"Other structures",24233,"k1gstlc1sx00","6","FAAt701","BEA_API"
2008,71,"Other structures",23780,"k1gstlc1sx00","6","FAAt701","BEA_API"
2009,71,"Other structures",22985,"k1gstlc1sx00","6","FAAt701","BEA_API"
2010,71,"Other structures",23392,"k1gstlc1sx00","6","FAAt701","BEA_API"
2011,71,"Other structures",24227,"k1gstlc1sx00","6","FAAt701","BEA_API"
2012,71,"Other structures",25286,"k1gstlc1sx00","6","FAAt701","BEA_API"
2013,71,"Other structures",27086,"k1gstlc1sx00","6","FAAt701","BEA_API"
2014,71,"Other structures",28226,"k1gstlc1sx00","6","FAAt701","BEA_API"
2015,71,"Other structures",28872,"k1gstlc1sx00","6","FAAt701","BEA_API"
2016,71,"Other structures",30455,"k1gstlc1sx00","6","FAAt701","BEA_API"
2017,71,"Other structures",31515,"k1gstlc1sx00","6","FAAt701","BEA_API"
2018,71,"Other structures",33257,"k1gstlc1sx00","6","FAAt701","BEA_API"
2019,71,"Other structures",34485,"k1gstlc1sx00","6","FAAt701","BEA_API"
2020,71,"Other structures",35680,"k1gstlc1sx00","6","FAAt701","BEA_API"
2021,71,"Other structures",38645,"k1gstlc1sx00","6","FAAt701","BEA_API"
2022,71,"Other structures",41074,"k1gstlc1sx00","6","FAAt701","BEA_API"
2023,71,"Other structures",42655,"k1gstlc1sx00","6","FAAt701","BEA_API"
2024,71,"Other structures",45335,"k1gstlc1sx00","6","FAAt701","BEA_API"
1925,72,"Intellectual property products",92,"k1gstlc1ip00","6","FAAt701","BEA_API"
1926,72,"Intellectual property products",103,"k1gstlc1ip00","6","FAAt701","BEA_API"
1927,72,"Intellectual property products",113,"k1gstlc1ip00","6","FAAt701","BEA_API"
1928,72,"Intellectual property products",122,"k1gstlc1ip00","6","FAAt701","BEA_API"
1929,72,"Intellectual property products",134,"k1gstlc1ip00","6","FAAt701","BEA_API"
1930,72,"Intellectual property products",140,"k1gstlc1ip00","6","FAAt701","BEA_API"
1931,72,"Intellectual property products",142,"k1gstlc1ip00","6","FAAt701","BEA_API"
1932,72,"Intellectual property products",141,"k1gstlc1ip00","6","FAAt701","BEA_API"
1933,72,"Intellectual property products",146,"k1gstlc1ip00","6","FAAt701","BEA_API"
1934,72,"Intellectual property products",155,"k1gstlc1ip00","6","FAAt701","BEA_API"
1935,72,"Intellectual property products",165,"k1gstlc1ip00","6","FAAt701","BEA_API"
1936,72,"Intellectual property products",181,"k1gstlc1ip00","6","FAAt701","BEA_API"
1937,72,"Intellectual property products",193,"k1gstlc1ip00","6","FAAt701","BEA_API"
1938,72,"Intellectual property products",201,"k1gstlc1ip00","6","FAAt701","BEA_API"
1939,72,"Intellectual property products",210,"k1gstlc1ip00","6","FAAt701","BEA_API"
1940,72,"Intellectual property products",224,"k1gstlc1ip00","6","FAAt701","BEA_API"
1941,72,"Intellectual property products",248,"k1gstlc1ip00","6","FAAt701","BEA_API"
1942,72,"Intellectual property products",272,"k1gstlc1ip00","6","FAAt701","BEA_API"
1943,72,"Intellectual property products",284,"k1gstlc1ip00","6","FAAt701","BEA_API"
1944,72,"Intellectual property products",284,"k1gstlc1ip00","6","FAAt701","BEA_API"
1945,72,"Intellectual property products",295,"k1gstlc1ip00","6","FAAt701","BEA_API"
1946,72,"Intellectual property products",333,"k1gstlc1ip00","6","FAAt701","BEA_API"
1947,72,"Intellectual property products",316,"k1gstlc1ip00","6","FAAt701","BEA_API"
1948,72,"Intellectual property products",311,"k1gstlc1ip00","6","FAAt701","BEA_API"
1949,72,"Intellectual property products",314,"k1gstlc1ip00","6","FAAt701","BEA_API"
1950,72,"Intellectual property products",340,"k1gstlc1ip00","6","FAAt701","BEA_API"
1951,72,"Intellectual property products",362,"k1gstlc1ip00","6","FAAt701","BEA_API"
1952,72,"Intellectual property products",372,"k1gstlc1ip00","6","FAAt701","BEA_API"
1953,72,"Intellectual property products",394,"k1gstlc1ip00","6","FAAt701","BEA_API"
1954,72,"Intellectual property products",426,"k1gstlc1ip00","6","FAAt701","BEA_API"
1955,72,"Intellectual property products",476,"k1gstlc1ip00","6","FAAt701","BEA_API"
1956,72,"Intellectual property products",529,"k1gstlc1ip00","6","FAAt701","BEA_API"
1957,72,"Intellectual property products",574,"k1gstlc1ip00","6","FAAt701","BEA_API"
1958,72,"Intellectual property products",636,"k1gstlc1ip00","6","FAAt701","BEA_API"
1959,72,"Intellectual property products",703,"k1gstlc1ip00","6","FAAt701","BEA_API"
1960,72,"Intellectual property products",774,"k1gstlc1ip00","6","FAAt701","BEA_API"
1961,72,"Intellectual property products",856,"k1gstlc1ip00","6","FAAt701","BEA_API"
1962,72,"Intellectual property products",947,"k1gstlc1ip00","6","FAAt701","BEA_API"
1963,72,"Intellectual property products",1065,"k1gstlc1ip00","6","FAAt701","BEA_API"
1964,72,"Intellectual property products",1198,"k1gstlc1ip00","6","FAAt701","BEA_API"
1965,72,"Intellectual property products",1349,"k1gstlc1ip00","6","FAAt701","BEA_API"
1966,72,"Intellectual property products",1538,"k1gstlc1ip00","6","FAAt701","BEA_API"
1967,72,"Intellectual property products",1762,"k1gstlc1ip00","6","FAAt701","BEA_API"
1968,72,"Intellectual property products",2042,"k1gstlc1ip00","6","FAAt701","BEA_API"
1969,72,"Intellectual property products",2380,"k1gstlc1ip00","6","FAAt701","BEA_API"
1970,72,"Intellectual property products",2754,"k1gstlc1ip00","6","FAAt701","BEA_API"
1971,72,"Intellectual property products",3107,"k1gstlc1ip00","6","FAAt701","BEA_API"
1972,72,"Intellectual property products",3475,"k1gstlc1ip00","6","FAAt701","BEA_API"
1973,72,"Intellectual property products",4053,"k1gstlc1ip00","6","FAAt701","BEA_API"
1974,72,"Intellectual property products",4728,"k1gstlc1ip00","6","FAAt701","BEA_API"
1975,72,"Intellectual property products",5264,"k1gstlc1ip00","6","FAAt701","BEA_API"
1976,72,"Intellectual property products",5825,"k1gstlc1ip00","6","FAAt701","BEA_API"
1977,72,"Intellectual property products",6479,"k1gstlc1ip00","6","FAAt701","BEA_API"
1978,72,"Intellectual property products",7361,"k1gstlc1ip00","6","FAAt701","BEA_API"
1979,72,"Intellectual property products",8586,"k1gstlc1ip00","6","FAAt701","BEA_API"
1980,72,"Intellectual property products",10042,"k1gstlc1ip00","6","FAAt701","BEA_API"
1981,72,"Intellectual property products",11526,"k1gstlc1ip00","6","FAAt701","BEA_API"
1982,72,"Intellectual property products",12883,"k1gstlc1ip00","6","FAAt701","BEA_API"
1983,72,"Intellectual property products",14317,"k1gstlc1ip00","6","FAAt701","BEA_API"
1984,72,"Intellectual property products",15890,"k1gstlc1ip00","6","FAAt701","BEA_API"
1985,72,"Intellectual property products",17393,"k1gstlc1ip00","6","FAAt701","BEA_API"
1986,72,"Intellectual property products",19061,"k1gstlc1ip00","6","FAAt701","BEA_API"
1987,72,"Intellectual property products",21172,"k1gstlc1ip00","6","FAAt701","BEA_API"
1988,72,"Intellectual property products",23846,"k1gstlc1ip00","6","FAAt701","BEA_API"
1989,72,"Intellectual property products",27166,"k1gstlc1ip00","6","FAAt701","BEA_API"
1990,72,"Intellectual property products",30641,"k1gstlc1ip00","6","FAAt701","BEA_API"
1991,72,"Intellectual property products",33699,"k1gstlc1ip00","6","FAAt701","BEA_API"
1992,72,"Intellectual property products",36724,"k1gstlc1ip00","6","FAAt701","BEA_API"
1993,72,"Intellectual property products",39384,"k1gstlc1ip00","6","FAAt701","BEA_API"
1994,72,"Intellectual property products",41928,"k1gstlc1ip00","6","FAAt701","BEA_API"
1995,72,"Intellectual property products",43867,"k1gstlc1ip00","6","FAAt701","BEA_API"
1996,72,"Intellectual property products",45123,"k1gstlc1ip00","6","FAAt701","BEA_API"
1997,72,"Intellectual property products",47440,"k1gstlc1ip00","6","FAAt701","BEA_API"
1998,72,"Intellectual property products",50354,"k1gstlc1ip00","6","FAAt701","BEA_API"
1999,72,"Intellectual property products",53974,"k1gstlc1ip00","6","FAAt701","BEA_API"
2000,72,"Intellectual property products",58238,"k1gstlc1ip00","6","FAAt701","BEA_API"
2001,72,"Intellectual property products",61290,"k1gstlc1ip00","6","FAAt701","BEA_API"
2002,72,"Intellectual property products",64033,"k1gstlc1ip00","6","FAAt701","BEA_API"
2003,72,"Intellectual property products",67557,"k1gstlc1ip00","6","FAAt701","BEA_API"
2004,72,"Intellectual property products",71621,"k1gstlc1ip00","6","FAAt701","BEA_API"
2005,72,"Intellectual property products",75710,"k1gstlc1ip00","6","FAAt701","BEA_API"
2006,72,"Intellectual property products",80868,"k1gstlc1ip00","6","FAAt701","BEA_API"
2007,72,"Intellectual property products",87836,"k1gstlc1ip00","6","FAAt701","BEA_API"
2008,72,"Intellectual property products",94118,"k1gstlc1ip00","6","FAAt701","BEA_API"
2009,72,"Intellectual property products",97881,"k1gstlc1ip00","6","FAAt701","BEA_API"
2010,72,"Intellectual property products",101732,"k1gstlc1ip00","6","FAAt701","BEA_API"
2011,72,"Intellectual property products",106075,"k1gstlc1ip00","6","FAAt701","BEA_API"
2012,72,"Intellectual property products",109517,"k1gstlc1ip00","6","FAAt701","BEA_API"
2013,72,"Intellectual property products",115105,"k1gstlc1ip00","6","FAAt701","BEA_API"
2014,72,"Intellectual property products",119387,"k1gstlc1ip00","6","FAAt701","BEA_API"
2015,72,"Intellectual property products",123165,"k1gstlc1ip00","6","FAAt701","BEA_API"
2016,72,"Intellectual property products",131125,"k1gstlc1ip00","6","FAAt701","BEA_API"
2017,72,"Intellectual property products",140903,"k1gstlc1ip00","6","FAAt701","BEA_API"
2018,72,"Intellectual property products",151096,"k1gstlc1ip00","6","FAAt701","BEA_API"
2019,72,"Intellectual property products",157424,"k1gstlc1ip00","6","FAAt701","BEA_API"
2020,72,"Intellectual property products",165967,"k1gstlc1ip00","6","FAAt701","BEA_API"
2021,72,"Intellectual property products",176830,"k1gstlc1ip00","6","FAAt701","BEA_API"
2022,72,"Intellectual property products",190020,"k1gstlc1ip00","6","FAAt701","BEA_API"
2023,72,"Intellectual property products",202182,"k1gstlc1ip00","6","FAAt701","BEA_API"
2024,72,"Intellectual property products",218228,"k1gstlc1ip00","6","FAAt701","BEA_API"
1959,73,"Software",1,"k1gstlc1ens0","6","FAAt701","BEA_API"
1960,73,"Software",9,"k1gstlc1ens0","6","FAAt701","BEA_API"
1961,73,"Software",18,"k1gstlc1ens0","6","FAAt701","BEA_API"
1962,73,"Software",27,"k1gstlc1ens0","6","FAAt701","BEA_API"
1963,73,"Software",49,"k1gstlc1ens0","6","FAAt701","BEA_API"
1964,73,"Software",72,"k1gstlc1ens0","6","FAAt701","BEA_API"
1965,73,"Software",97,"k1gstlc1ens0","6","FAAt701","BEA_API"
1966,73,"Software",140,"k1gstlc1ens0","6","FAAt701","BEA_API"
1967,73,"Software",180,"k1gstlc1ens0","6","FAAt701","BEA_API"
1968,73,"Software",216,"k1gstlc1ens0","6","FAAt701","BEA_API"
1969,73,"Software",271,"k1gstlc1ens0","6","FAAt701","BEA_API"
1970,73,"Software",337,"k1gstlc1ens0","6","FAAt701","BEA_API"
1971,73,"Software",381,"k1gstlc1ens0","6","FAAt701","BEA_API"
1972,73,"Software",436,"k1gstlc1ens0","6","FAAt701","BEA_API"
1973,73,"Software",512,"k1gstlc1ens0","6","FAAt701","BEA_API"
1974,73,"Software",630,"k1gstlc1ens0","6","FAAt701","BEA_API"
1975,73,"Software",745,"k1gstlc1ens0","6","FAAt701","BEA_API"
1976,73,"Software",861,"k1gstlc1ens0","6","FAAt701","BEA_API"
1977,73,"Software",970,"k1gstlc1ens0","6","FAAt701","BEA_API"
1978,73,"Software",1120,"k1gstlc1ens0","6","FAAt701","BEA_API"
1979,73,"Software",1391,"k1gstlc1ens0","6","FAAt701","BEA_API"
1980,73,"Software",1721,"k1gstlc1ens0","6","FAAt701","BEA_API"
1981,73,"Software",2065,"k1gstlc1ens0","6","FAAt701","BEA_API"
1982,73,"Software",2447,"k1gstlc1ens0","6","FAAt701","BEA_API"
1983,73,"Software",2874,"k1gstlc1ens0","6","FAAt701","BEA_API"
1984,73,"Software",3429,"k1gstlc1ens0","6","FAAt701","BEA_API"
1985,73,"Software",3996,"k1gstlc1ens0","6","FAAt701","BEA_API"
1986,73,"Software",4509,"k1gstlc1ens0","6","FAAt701","BEA_API"
1987,73,"Software",5024,"k1gstlc1ens0","6","FAAt701","BEA_API"
1988,73,"Software",5816,"k1gstlc1ens0","6","FAAt701","BEA_API"
1989,73,"Software",7198,"k1gstlc1ens0","6","FAAt701","BEA_API"
1990,73,"Software",8781,"k1gstlc1ens0","6","FAAt701","BEA_API"
1991,73,"Software",10101,"k1gstlc1ens0","6","FAAt701","BEA_API"
1992,73,"Software",11499,"k1gstlc1ens0","6","FAAt701","BEA_API"
1993,73,"Software",12658,"k1gstlc1ens0","6","FAAt701","BEA_API"
1994,73,"Software",13370,"k1gstlc1ens0","6","FAAt701","BEA_API"
1995,73,"Software",13775,"k1gstlc1ens0","6","FAAt701","BEA_API"
1996,73,"Software",13850,"k1gstlc1ens0","6","FAAt701","BEA_API"
1997,73,"Software",14538,"k1gstlc1ens0","6","FAAt701","BEA_API"
1998,73,"Software",15684,"k1gstlc1ens0","6","FAAt701","BEA_API"
1999,73,"Software",16928,"k1gstlc1ens0","6","FAAt701","BEA_API"
2000,73,"Software",18402,"k1gstlc1ens0","6","FAAt701","BEA_API"
2001,73,"Software",19136,"k1gstlc1ens0","6","FAAt701","BEA_API"
2002,73,"Software",19202,"k1gstlc1ens0","6","FAAt701","BEA_API"
2003,73,"Software",19425,"k1gstlc1ens0","6","FAAt701","BEA_API"
2004,73,"Software",20357,"k1gstlc1ens0","6","FAAt701","BEA_API"
2005,73,"Software",21446,"k1gstlc1ens0","6","FAAt701","BEA_API"
2006,73,"Software",22837,"k1gstlc1ens0","6","FAAt701","BEA_API"
2007,73,"Software",24181,"k1gstlc1ens0","6","FAAt701","BEA_API"
2008,73,"Software",25446,"k1gstlc1ens0","6","FAAt701","BEA_API"
2009,73,"Software",25837,"k1gstlc1ens0","6","FAAt701","BEA_API"
2010,73,"Software",26046,"k1gstlc1ens0","6","FAAt701","BEA_API"
2011,73,"Software",26822,"k1gstlc1ens0","6","FAAt701","BEA_API"
2012,73,"Software",27667,"k1gstlc1ens0","6","FAAt701","BEA_API"
2013,73,"Software",28951,"k1gstlc1ens0","6","FAAt701","BEA_API"
2014,73,"Software",30537,"k1gstlc1ens0","6","FAAt701","BEA_API"
2015,73,"Software",32266,"k1gstlc1ens0","6","FAAt701","BEA_API"
2016,73,"Software",34613,"k1gstlc1ens0","6","FAAt701","BEA_API"
2017,73,"Software",37830,"k1gstlc1ens0","6","FAAt701","BEA_API"
2018,73,"Software",42057,"k1gstlc1ens0","6","FAAt701","BEA_API"
2019,73,"Software",44905,"k1gstlc1ens0","6","FAAt701","BEA_API"
2020,73,"Software",47947,"k1gstlc1ens0","6","FAAt701","BEA_API"
2021,73,"Software",52239,"k1gstlc1ens0","6","FAAt701","BEA_API"
2022,73,"Software",57773,"k1gstlc1ens0","6","FAAt701","BEA_API"
2023,73,"Software",62322,"k1gstlc1ens0","6","FAAt701","BEA_API"
2024,73,"Software",68894,"k1gstlc1ens0","6","FAAt701","BEA_API"
1925,74,"Research and development",92,"k1gstlc1rd00","6","FAAt701","BEA_API"
1926,74,"Research and development",103,"k1gstlc1rd00","6","FAAt701","BEA_API"
1927,74,"Research and development",113,"k1gstlc1rd00","6","FAAt701","BEA_API"
1928,74,"Research and development",122,"k1gstlc1rd00","6","FAAt701","BEA_API"
1929,74,"Research and development",134,"k1gstlc1rd00","6","FAAt701","BEA_API"
1930,74,"Research and development",140,"k1gstlc1rd00","6","FAAt701","BEA_API"
1931,74,"Research and development",142,"k1gstlc1rd00","6","FAAt701","BEA_API"
1932,74,"Research and development",141,"k1gstlc1rd00","6","FAAt701","BEA_API"
1933,74,"Research and development",146,"k1gstlc1rd00","6","FAAt701","BEA_API"
1934,74,"Research and development",155,"k1gstlc1rd00","6","FAAt701","BEA_API"
1935,74,"Research and development",165,"k1gstlc1rd00","6","FAAt701","BEA_API"
1936,74,"Research and development",181,"k1gstlc1rd00","6","FAAt701","BEA_API"
1937,74,"Research and development",193,"k1gstlc1rd00","6","FAAt701","BEA_API"
1938,74,"Research and development",201,"k1gstlc1rd00","6","FAAt701","BEA_API"
1939,74,"Research and development",210,"k1gstlc1rd00","6","FAAt701","BEA_API"
1940,74,"Research and development",224,"k1gstlc1rd00","6","FAAt701","BEA_API"
1941,74,"Research and development",248,"k1gstlc1rd00","6","FAAt701","BEA_API"
1942,74,"Research and development",272,"k1gstlc1rd00","6","FAAt701","BEA_API"
1943,74,"Research and development",284,"k1gstlc1rd00","6","FAAt701","BEA_API"
1944,74,"Research and development",284,"k1gstlc1rd00","6","FAAt701","BEA_API"
1945,74,"Research and development",295,"k1gstlc1rd00","6","FAAt701","BEA_API"
1946,74,"Research and development",333,"k1gstlc1rd00","6","FAAt701","BEA_API"
1947,74,"Research and development",316,"k1gstlc1rd00","6","FAAt701","BEA_API"
1948,74,"Research and development",311,"k1gstlc1rd00","6","FAAt701","BEA_API"
1949,74,"Research and development",314,"k1gstlc1rd00","6","FAAt701","BEA_API"
1950,74,"Research and development",340,"k1gstlc1rd00","6","FAAt701","BEA_API"
1951,74,"Research and development",362,"k1gstlc1rd00","6","FAAt701","BEA_API"
1952,74,"Research and development",372,"k1gstlc1rd00","6","FAAt701","BEA_API"
1953,74,"Research and development",394,"k1gstlc1rd00","6","FAAt701","BEA_API"
1954,74,"Research and development",426,"k1gstlc1rd00","6","FAAt701","BEA_API"
1955,74,"Research and development",476,"k1gstlc1rd00","6","FAAt701","BEA_API"
1956,74,"Research and development",529,"k1gstlc1rd00","6","FAAt701","BEA_API"
1957,74,"Research and development",574,"k1gstlc1rd00","6","FAAt701","BEA_API"
1958,74,"Research and development",636,"k1gstlc1rd00","6","FAAt701","BEA_API"
1959,74,"Research and development",703,"k1gstlc1rd00","6","FAAt701","BEA_API"
1960,74,"Research and development",765,"k1gstlc1rd00","6","FAAt701","BEA_API"
1961,74,"Research and development",838,"k1gstlc1rd00","6","FAAt701","BEA_API"
1962,74,"Research and development",920,"k1gstlc1rd00","6","FAAt701","BEA_API"
1963,74,"Research and development",1017,"k1gstlc1rd00","6","FAAt701","BEA_API"
1964,74,"Research and development",1126,"k1gstlc1rd00","6","FAAt701","BEA_API"
1965,74,"Research and development",1252,"k1gstlc1rd00","6","FAAt701","BEA_API"
1966,74,"Research and development",1398,"k1gstlc1rd00","6","FAAt701","BEA_API"
1967,74,"Research and development",1582,"k1gstlc1rd00","6","FAAt701","BEA_API"
1968,74,"Research and development",1826,"k1gstlc1rd00","6","FAAt701","BEA_API"
1969,74,"Research and development",2110,"k1gstlc1rd00","6","FAAt701","BEA_API"
1970,74,"Research and development",2418,"k1gstlc1rd00","6","FAAt701","BEA_API"
1971,74,"Research and development",2727,"k1gstlc1rd00","6","FAAt701","BEA_API"
1972,74,"Research and development",3040,"k1gstlc1rd00","6","FAAt701","BEA_API"
1973,74,"Research and development",3541,"k1gstlc1rd00","6","FAAt701","BEA_API"
1974,74,"Research and development",4098,"k1gstlc1rd00","6","FAAt701","BEA_API"
1975,74,"Research and development",4519,"k1gstlc1rd00","6","FAAt701","BEA_API"
1976,74,"Research and development",4964,"k1gstlc1rd00","6","FAAt701","BEA_API"
1977,74,"Research and development",5509,"k1gstlc1rd00","6","FAAt701","BEA_API"
1978,74,"Research and development",6241,"k1gstlc1rd00","6","FAAt701","BEA_API"
1979,74,"Research and development",7194,"k1gstlc1rd00","6","FAAt701","BEA_API"
1980,74,"Research and development",8321,"k1gstlc1rd00","6","FAAt701","BEA_API"
1981,74,"Research and development",9462,"k1gstlc1rd00","6","FAAt701","BEA_API"
1982,74,"Research and development",10436,"k1gstlc1rd00","6","FAAt701","BEA_API"
1983,74,"Research and development",11443,"k1gstlc1rd00","6","FAAt701","BEA_API"
1984,74,"Research and development",12461,"k1gstlc1rd00","6","FAAt701","BEA_API"
1985,74,"Research and development",13397,"k1gstlc1rd00","6","FAAt701","BEA_API"
1986,74,"Research and development",14552,"k1gstlc1rd00","6","FAAt701","BEA_API"
1987,74,"Research and development",16149,"k1gstlc1rd00","6","FAAt701","BEA_API"
1988,74,"Research and development",18030,"k1gstlc1rd00","6","FAAt701","BEA_API"
1989,74,"Research and development",19968,"k1gstlc1rd00","6","FAAt701","BEA_API"
1990,74,"Research and development",21860,"k1gstlc1rd00","6","FAAt701","BEA_API"
1991,74,"Research and development",23598,"k1gstlc1rd00","6","FAAt701","BEA_API"
1992,74,"Research and development",25225,"k1gstlc1rd00","6","FAAt701","BEA_API"
1993,74,"Research and development",26726,"k1gstlc1rd00","6","FAAt701","BEA_API"
1994,74,"Research and development",28558,"k1gstlc1rd00","6","FAAt701","BEA_API"
1995,74,"Research and development",30093,"k1gstlc1rd00","6","FAAt701","BEA_API"
1996,74,"Research and development",31274,"k1gstlc1rd00","6","FAAt701","BEA_API"
1997,74,"Research and development",32901,"k1gstlc1rd00","6","FAAt701","BEA_API"
1998,74,"Research and development",34671,"k1gstlc1rd00","6","FAAt701","BEA_API"
1999,74,"Research and development",37046,"k1gstlc1rd00","6","FAAt701","BEA_API"
2000,74,"Research and development",39836,"k1gstlc1rd00","6","FAAt701","BEA_API"
2001,74,"Research and development",42154,"k1gstlc1rd00","6","FAAt701","BEA_API"
2002,74,"Research and development",44831,"k1gstlc1rd00","6","FAAt701","BEA_API"
2003,74,"Research and development",48132,"k1gstlc1rd00","6","FAAt701","BEA_API"
2004,74,"Research and development",51264,"k1gstlc1rd00","6","FAAt701","BEA_API"
2005,74,"Research and development",54264,"k1gstlc1rd00","6","FAAt701","BEA_API"
2006,74,"Research and development",58031,"k1gstlc1rd00","6","FAAt701","BEA_API"
2007,74,"Research and development",63655,"k1gstlc1rd00","6","FAAt701","BEA_API"
2008,74,"Research and development",68672,"k1gstlc1rd00","6","FAAt701","BEA_API"
2009,74,"Research and development",72043,"k1gstlc1rd00","6","FAAt701","BEA_API"
2010,74,"Research and development",75686,"k1gstlc1rd00","6","FAAt701","BEA_API"
2011,74,"Research and development",79253,"k1gstlc1rd00","6","FAAt701","BEA_API"
2012,74,"Research and development",81850,"k1gstlc1rd00","6","FAAt701","BEA_API"
2013,74,"Research and development",86153,"k1gstlc1rd00","6","FAAt701","BEA_API"
2014,74,"Research and development",88849,"k1gstlc1rd00","6","FAAt701","BEA_API"
2015,74,"Research and development",90898,"k1gstlc1rd00","6","FAAt701","BEA_API"
2016,74,"Research and development",96513,"k1gstlc1rd00","6","FAAt701","BEA_API"
2017,74,"Research and development",103073,"k1gstlc1rd00","6","FAAt701","BEA_API"
2018,74,"Research and development",109040,"k1gstlc1rd00","6","FAAt701","BEA_API"
2019,74,"Research and development",112519,"k1gstlc1rd00","6","FAAt701","BEA_API"
2020,74,"Research and development",118019,"k1gstlc1rd00","6","FAAt701","BEA_API"
2021,74,"Research and development",124591,"k1gstlc1rd00","6","FAAt701","BEA_API"
2022,74,"Research and development",132247,"k1gstlc1rd00","6","FAAt701","BEA_API"
2023,74,"Research and development",139860,"k1gstlc1rd00","6","FAAt701","BEA_API"
2024,74,"Research and development",149334,"k1gstlc1rd00","6","FAAt701","BEA_API"
1925,75,"General government fixed assets",33107,"k1gtotlges00","6","FAAt701","BEA_API"
1926,75,"General government fixed assets",33379,"k1gtotlges00","6","FAAt701","BEA_API"
1927,75,"General government fixed assets",34440,"k1gtotlges00","6","FAAt701","BEA_API"
1928,75,"General government fixed assets",34349,"k1gtotlges00","6","FAAt701","BEA_API"
1929,75,"General government fixed assets",35705,"k1gtotlges00","6","FAAt701","BEA_API"
1930,75,"General government fixed assets",35005,"k1gtotlges00","6","FAAt701","BEA_API"
1931,75,"General government fixed assets",32709,"k1gtotlges00","6","FAAt701","BEA_API"
1932,75,"General government fixed assets",28114,"k1gtotlges00","6","FAAt701","BEA_API"
1933,75,"General government fixed assets",32585,"k1gtotlges00","6","FAAt701","BEA_API"
1934,75,"General government fixed assets",37958,"k1gtotlges00","6","FAAt701","BEA_API"
1935,75,"General government fixed assets",38802,"k1gtotlges00","6","FAAt701","BEA_API"
1936,75,"General government fixed assets",44082,"k1gtotlges00","6","FAAt701","BEA_API"
1937,75,"General government fixed assets",46387,"k1gtotlges00","6","FAAt701","BEA_API"
1938,75,"General government fixed assets",48090,"k1gtotlges00","6","FAAt701","BEA_API"
1939,75,"General government fixed assets",49600,"k1gtotlges00","6","FAAt701","BEA_API"
1940,75,"General government fixed assets",52476,"k1gtotlges00","6","FAAt701","BEA_API"
1941,75,"General government fixed assets",67698,"k1gtotlges00","6","FAAt701","BEA_API"
1942,75,"General government fixed assets",106392,"k1gtotlges00","6","FAAt701","BEA_API"
1943,75,"General government fixed assets",146012,"k1gtotlges00","6","FAAt701","BEA_API"
1944,75,"General government fixed assets",167171,"k1gtotlges00","6","FAAt701","BEA_API"
1945,75,"General government fixed assets",184817,"k1gtotlges00","6","FAAt701","BEA_API"
1946,75,"General government fixed assets",186815,"k1gtotlges00","6","FAAt701","BEA_API"
1947,75,"General government fixed assets",193755,"k1gtotlges00","6","FAAt701","BEA_API"
1948,75,"General government fixed assets",190883,"k1gtotlges00","6","FAAt701","BEA_API"
1949,75,"General government fixed assets",176755,"k1gtotlges00","6","FAAt701","BEA_API"
1950,75,"General government fixed assets",185840,"k1gtotlges00","6","FAAt701","BEA_API"
1951,75,"General government fixed assets",210025,"k1gtotlges00","6","FAAt701","BEA_API"
1952,75,"General government fixed assets",224589,"k1gtotlges00","6","FAAt701","BEA_API"
1953,75,"General government fixed assets",230006,"k1gtotlges00","6","FAAt701","BEA_API"
1954,75,"General government fixed assets",245327,"k1gtotlges00","6","FAAt701","BEA_API"
1955,75,"General government fixed assets",265154,"k1gtotlges00","6","FAAt701","BEA_API"
1956,75,"General government fixed assets",294888,"k1gtotlges00","6","FAAt701","BEA_API"
1957,75,"General government fixed assets",309041,"k1gtotlges00","6","FAAt701","BEA_API"
1958,75,"General government fixed assets",327351,"k1gtotlges00","6","FAAt701","BEA_API"
1959,75,"General government fixed assets",338801,"k1gtotlges00","6","FAAt701","BEA_API"
1960,75,"General government fixed assets",352467,"k1gtotlges00","6","FAAt701","BEA_API"
1961,75,"General government fixed assets",372087,"k1gtotlges00","6","FAAt701","BEA_API"
1962,75,"General government fixed assets",398077,"k1gtotlges00","6","FAAt701","BEA_API"
1963,75,"General government fixed assets",420064,"k1gtotlges00","6","FAAt701","BEA_API"
1964,75,"General government fixed assets",442286,"k1gtotlges00","6","FAAt701","BEA_API"
1965,75,"General government fixed assets",471550,"k1gtotlges00","6","FAAt701","BEA_API"
1966,75,"General government fixed assets",510551,"k1gtotlges00","6","FAAt701","BEA_API"
1967,75,"General government fixed assets",553663,"k1gtotlges00","6","FAAt701","BEA_API"
1968,75,"General government fixed assets",600779,"k1gtotlges00","6","FAAt701","BEA_API"
1969,75,"General government fixed assets",661531,"k1gtotlges00","6","FAAt701","BEA_API"
1970,75,"General government fixed assets",735605,"k1gtotlges00","6","FAAt701","BEA_API"
1971,75,"General government fixed assets",790289,"k1gtotlges00","6","FAAt701","BEA_API"
1972,75,"General government fixed assets",861769,"k1gtotlges00","6","FAAt701","BEA_API"
1973,75,"General government fixed assets",974891,"k1gtotlges00","6","FAAt701","BEA_API"
1974,75,"General government fixed assets",1178338,"k1gtotlges00","6","FAAt701","BEA_API"
1975,75,"General government fixed assets",1228732,"k1gtotlges00","6","FAAt701","BEA_API"
1976,75,"General government fixed assets",1297045,"k1gtotlges00","6","FAAt701","BEA_API"
1977,75,"General government fixed assets",1373196,"k1gtotlges00","6","FAAt701","BEA_API"
1978,75,"General government fixed assets",1501968,"k1gtotlges00","6","FAAt701","BEA_API"
1979,75,"General government fixed assets",1695891,"k1gtotlges00","6","FAAt701","BEA_API"
1980,75,"General government fixed assets",1933822,"k1gtotlges00","6","FAAt701","BEA_API"
1981,75,"General government fixed assets",2126705,"k1gtotlges00","6","FAAt701","BEA_API"
1982,75,"General government fixed assets",2248518,"k1gtotlges00","6","FAAt701","BEA_API"
1983,75,"General government fixed assets",2312542,"k1gtotlges00","6","FAAt701","BEA_API"
1984,75,"General government fixed assets",2440346,"k1gtotlges00","6","FAAt701","BEA_API"
1985,75,"General government fixed assets",2529049,"k1gtotlges00","6","FAAt701","BEA_API"
1986,75,"General government fixed assets",2671335,"k1gtotlges00","6","FAAt701","BEA_API"
1987,75,"General government fixed assets",2813918,"k1gtotlges00","6","FAAt701","BEA_API"
1988,75,"General government fixed assets",2962057,"k1gtotlges00","6","FAAt701","BEA_API"
1989,75,"General government fixed assets",3117029,"k1gtotlges00","6","FAAt701","BEA_API"
1990,75,"General government fixed assets",3269245,"k1gtotlges00","6","FAAt701","BEA_API"
1991,75,"General government fixed assets",3373265,"k1gtotlges00","6","FAAt701","BEA_API"
1992,75,"General government fixed assets",3500049,"k1gtotlges00","6","FAAt701","BEA_API"
1993,75,"General government fixed assets",3641525,"k1gtotlges00","6","FAAt701","BEA_API"
1994,75,"General government fixed assets",3838930,"k1gtotlges00","6","FAAt701","BEA_API"
1995,75,"General government fixed assets",4004589,"k1gtotlges00","6","FAAt701","BEA_API"
1996,75,"General government fixed assets",4137077,"k1gtotlges00","6","FAAt701","BEA_API"
1997,75,"General government fixed assets",4314870,"k1gtotlges00","6","FAAt701","BEA_API"
1998,75,"General government fixed assets",4492668,"k1gtotlges00","6","FAAt701","BEA_API"
1999,75,"General government fixed assets",4740609,"k1gtotlges00","6","FAAt701","BEA_API"
2000,75,"General government fixed assets",4983887,"k1gtotlges00","6","FAAt701","BEA_API"
2001,75,"General government fixed assets",5182441,"k1gtotlges00","6","FAAt701","BEA_API"
2002,75,"General government fixed assets",5405748,"k1gtotlges00","6","FAAt701","BEA_API"
2003,75,"General government fixed assets",5620217,"k1gtotlges00","6","FAAt701","BEA_API"
2004,75,"General government fixed assets",6207446,"k1gtotlges00","6","FAAt701","BEA_API"
2005,75,"General government fixed assets",6785038,"k1gtotlges00","6","FAAt701","BEA_API"
2006,75,"General government fixed assets",7487253,"k1gtotlges00","6","FAAt701","BEA_API"
2007,75,"General government fixed assets",8073722,"k1gtotlges00","6","FAAt701","BEA_API"
2008,75,"General government fixed assets",8641254,"k1gtotlges00","6","FAAt701","BEA_API"
2009,75,"General government fixed assets",8674360,"k1gtotlges00","6","FAAt701","BEA_API"
2010,75,"General government fixed assets",8972263,"k1gtotlges00","6","FAAt701","BEA_API"
2011,75,"General government fixed assets",9440002,"k1gtotlges00","6","FAAt701","BEA_API"
2012,75,"General government fixed assets",9721166,"k1gtotlges00","6","FAAt701","BEA_API"
2013,75,"General government fixed assets",10047657,"k1gtotlges00","6","FAAt701","BEA_API"
2014,75,"General government fixed assets",10242190,"k1gtotlges00","6","FAAt701","BEA_API"
2015,75,"General government fixed assets",10371986,"k1gtotlges00","6","FAAt701","BEA_API"
2016,75,"General government fixed assets",10641294,"k1gtotlges00","6","FAAt701","BEA_API"
2017,75,"General government fixed assets",11071981,"k1gtotlges00","6","FAAt701","BEA_API"
2018,75,"General government fixed assets",11634511,"k1gtotlges00","6","FAAt701","BEA_API"
2019,75,"General government fixed assets",12050287,"k1gtotlges00","6","FAAt701","BEA_API"
2020,75,"General government fixed assets",12454635,"k1gtotlges00","6","FAAt701","BEA_API"
2021,75,"General government fixed assets",13839890,"k1gtotlges00","6","FAAt701","BEA_API"
2022,75,"General government fixed assets",15324211,"k1gtotlges00","6","FAAt701","BEA_API"
2023,75,"General government fixed assets",15700527,"k1gtotlges00","6","FAAt701","BEA_API"
2024,75,"General government fixed assets",16242250,"k1gtotlges00","6","FAAt701","BEA_API"
1925,76,"Equipment",2655,"k1gtotlgeq00","6","FAAt701","BEA_API"
1926,76,"Equipment",2615,"k1gtotlgeq00","6","FAAt701","BEA_API"
1927,76,"Equipment",2586,"k1gtotlgeq00","6","FAAt701","BEA_API"
1928,76,"Equipment",2552,"k1gtotlgeq00","6","FAAt701","BEA_API"
1929,76,"Equipment",2376,"k1gtotlgeq00","6","FAAt701","BEA_API"
1930,76,"Equipment",2296,"k1gtotlgeq00","6","FAAt701","BEA_API"
1931,76,"Equipment",2257,"k1gtotlgeq00","6","FAAt701","BEA_API"
1932,76,"Equipment",2201,"k1gtotlgeq00","6","FAAt701","BEA_API"
1933,76,"Equipment",2206,"k1gtotlgeq00","6","FAAt701","BEA_API"
1934,76,"Equipment",2356,"k1gtotlgeq00","6","FAAt701","BEA_API"
1935,76,"Equipment",2498,"k1gtotlgeq00","6","FAAt701","BEA_API"
1936,76,"Equipment",2612,"k1gtotlgeq00","6","FAAt701","BEA_API"
1937,76,"Equipment",2823,"k1gtotlgeq00","6","FAAt701","BEA_API"
1938,76,"Equipment",2952,"k1gtotlgeq00","6","FAAt701","BEA_API"
1939,76,"Equipment",3135,"k1gtotlgeq00","6","FAAt701","BEA_API"
1940,76,"Equipment",3474,"k1gtotlgeq00","6","FAAt701","BEA_API"
1941,76,"Equipment",6884,"k1gtotlgeq00","6","FAAt701","BEA_API"
1942,76,"Equipment",20690,"k1gtotlgeq00","6","FAAt701","BEA_API"
1943,76,"Equipment",46241,"k1gtotlgeq00","6","FAAt701","BEA_API"
1944,76,"Equipment",67156,"k1gtotlgeq00","6","FAAt701","BEA_API"
1945,76,"Equipment",78215,"k1gtotlgeq00","6","FAAt701","BEA_API"
1946,76,"Equipment",70412,"k1gtotlgeq00","6","FAAt701","BEA_API"
1947,76,"Equipment",59638,"k1gtotlgeq00","6","FAAt701","BEA_API"
1948,76,"Equipment",49720,"k1gtotlgeq00","6","FAAt701","BEA_API"
1949,76,"Equipment",41896,"k1gtotlgeq00","6","FAAt701","BEA_API"
1950,76,"Equipment",37760,"k1gtotlgeq00","6","FAAt701","BEA_API"
1951,76,"Equipment",41554,"k1gtotlgeq00","6","FAAt701","BEA_API"
1952,76,"Equipment",47923,"k1gtotlgeq00","6","FAAt701","BEA_API"
1953,76,"Equipment",54949,"k1gtotlgeq00","6","FAAt701","BEA_API"
1954,76,"Equipment",61523,"k1gtotlgeq00","6","FAAt701","BEA_API"
1955,76,"Equipment",66893,"k1gtotlgeq00","6","FAAt701","BEA_API"
1956,76,"Equipment",70974,"k1gtotlgeq00","6","FAAt701","BEA_API"
1957,76,"Equipment",73177,"k1gtotlgeq00","6","FAAt701","BEA_API"
1958,76,"Equipment",74545,"k1gtotlgeq00","6","FAAt701","BEA_API"
1959,76,"Equipment",78644,"k1gtotlgeq00","6","FAAt701","BEA_API"
1960,76,"Equipment",81435,"k1gtotlgeq00","6","FAAt701","BEA_API"
1961,76,"Equipment",85283,"k1gtotlgeq00","6","FAAt701","BEA_API"
1962,76,"Equipment",92268,"k1gtotlgeq00","6","FAAt701","BEA_API"
1963,76,"Equipment",94253,"k1gtotlgeq00","6","FAAt701","BEA_API"
1964,76,"Equipment",96313,"k1gtotlgeq00","6","FAAt701","BEA_API"
1965,76,"Equipment",97961,"k1gtotlgeq00","6","FAAt701","BEA_API"
1966,76,"Equipment",101499,"k1gtotlgeq00","6","FAAt701","BEA_API"
1967,76,"Equipment",107084,"k1gtotlgeq00","6","FAAt701","BEA_API"
1968,76,"Equipment",110638,"k1gtotlgeq00","6","FAAt701","BEA_API"
1969,76,"Equipment",113853,"k1gtotlgeq00","6","FAAt701","BEA_API"
1970,76,"Equipment",118874,"k1gtotlgeq00","6","FAAt701","BEA_API"
1971,76,"Equipment",118456,"k1gtotlgeq00","6","FAAt701","BEA_API"
1972,76,"Equipment",121999,"k1gtotlgeq00","6","FAAt701","BEA_API"
1973,76,"Equipment",129255,"k1gtotlgeq00","6","FAAt701","BEA_API"
1974,76,"Equipment",140475,"k1gtotlgeq00","6","FAAt701","BEA_API"
1975,76,"Equipment",154786,"k1gtotlgeq00","6","FAAt701","BEA_API"
1976,76,"Equipment",169196,"k1gtotlgeq00","6","FAAt701","BEA_API"
1977,76,"Equipment",185620,"k1gtotlgeq00","6","FAAt701","BEA_API"
1978,76,"Equipment",207573,"k1gtotlgeq00","6","FAAt701","BEA_API"
1979,76,"Equipment",219857,"k1gtotlgeq00","6","FAAt701","BEA_API"
1980,76,"Equipment",241120,"k1gtotlgeq00","6","FAAt701","BEA_API"
1981,76,"Equipment",265516,"k1gtotlgeq00","6","FAAt701","BEA_API"
1982,76,"Equipment",292415,"k1gtotlgeq00","6","FAAt701","BEA_API"
1983,76,"Equipment",321455,"k1gtotlgeq00","6","FAAt701","BEA_API"
1984,76,"Equipment",378482,"k1gtotlgeq00","6","FAAt701","BEA_API"
1985,76,"Equipment",372420,"k1gtotlgeq00","6","FAAt701","BEA_API"
1986,76,"Equipment",382985,"k1gtotlgeq00","6","FAAt701","BEA_API"
1987,76,"Equipment",399939,"k1gtotlgeq00","6","FAAt701","BEA_API"
1988,76,"Equipment",432715,"k1gtotlgeq00","6","FAAt701","BEA_API"
1989,76,"Equipment",461902,"k1gtotlgeq00","6","FAAt701","BEA_API"
1990,76,"Equipment",494646,"k1gtotlgeq00","6","FAAt701","BEA_API"
1991,76,"Equipment",517333,"k1gtotlgeq00","6","FAAt701","BEA_API"
1992,76,"Equipment",540683,"k1gtotlgeq00","6","FAAt701","BEA_API"
1993,76,"Equipment",560991,"k1gtotlgeq00","6","FAAt701","BEA_API"
1994,76,"Equipment",584838,"k1gtotlgeq00","6","FAAt701","BEA_API"
1995,76,"Equipment",589545,"k1gtotlgeq00","6","FAAt701","BEA_API"
1996,76,"Equipment",580525,"k1gtotlgeq00","6","FAAt701","BEA_API"
1997,76,"Equipment",575602,"k1gtotlgeq00","6","FAAt701","BEA_API"
1998,76,"Equipment",583362,"k1gtotlgeq00","6","FAAt701","BEA_API"
1999,76,"Equipment",601921,"k1gtotlgeq00","6","FAAt701","BEA_API"
2000,76,"Equipment",595074,"k1gtotlgeq00","6","FAAt701","BEA_API"
2001,76,"Equipment",590889,"k1gtotlgeq00","6","FAAt701","BEA_API"
2002,76,"Equipment",604846,"k1gtotlgeq00","6","FAAt701","BEA_API"
2003,76,"Equipment",620071,"k1gtotlgeq00","6","FAAt701","BEA_API"
2004,76,"Equipment",641046,"k1gtotlgeq00","6","FAAt701","BEA_API"
2005,76,"Equipment",661678,"k1gtotlgeq00","6","FAAt701","BEA_API"
2006,76,"Equipment",691343,"k1gtotlgeq00","6","FAAt701","BEA_API"
2007,76,"Equipment",724953,"k1gtotlgeq00","6","FAAt701","BEA_API"
2008,76,"Equipment",770848,"k1gtotlgeq00","6","FAAt701","BEA_API"
2009,76,"Equipment",796956,"k1gtotlgeq00","6","FAAt701","BEA_API"
2010,76,"Equipment",832253,"k1gtotlgeq00","6","FAAt701","BEA_API"
2011,76,"Equipment",860171,"k1gtotlgeq00","6","FAAt701","BEA_API"
2012,76,"Equipment",871377,"k1gtotlgeq00","6","FAAt701","BEA_API"
2013,76,"Equipment",882014,"k1gtotlgeq00","6","FAAt701","BEA_API"
2014,76,"Equipment",890301,"k1gtotlgeq00","6","FAAt701","BEA_API"
2015,76,"Equipment",886465,"k1gtotlgeq00","6","FAAt701","BEA_API"
2016,76,"Equipment",892941,"k1gtotlgeq00","6","FAAt701","BEA_API"
2017,76,"Equipment",906674,"k1gtotlgeq00","6","FAAt701","BEA_API"
2018,76,"Equipment",932315,"k1gtotlgeq00","6","FAAt701","BEA_API"
2019,76,"Equipment",959853,"k1gtotlgeq00","6","FAAt701","BEA_API"
2020,76,"Equipment",993420,"k1gtotlgeq00","6","FAAt701","BEA_API"
2021,76,"Equipment",1064878,"k1gtotlgeq00","6","FAAt701","BEA_API"
2022,76,"Equipment",1125184,"k1gtotlgeq00","6","FAAt701","BEA_API"
2023,76,"Equipment",1167738,"k1gtotlgeq00","6","FAAt701","BEA_API"
2024,76,"Equipment",1195479,"k1gtotlgeq00","6","FAAt701","BEA_API"
1925,77,"Structures",30359,"k1gtotlgst00","6","FAAt701","BEA_API"
1926,77,"Structures",30661,"k1gtotlgst00","6","FAAt701","BEA_API"
1927,77,"Structures",31742,"k1gtotlgst00","6","FAAt701","BEA_API"
1928,77,"Structures",31675,"k1gtotlgst00","6","FAAt701","BEA_API"
1929,77,"Structures",33165,"k1gtotlgst00","6","FAAt701","BEA_API"
1930,77,"Structures",32497,"k1gtotlgst00","6","FAAt701","BEA_API"
1931,77,"Structures",30191,"k1gtotlgst00","6","FAAt701","BEA_API"
1932,77,"Structures",25595,"k1gtotlgst00","6","FAAt701","BEA_API"
1933,77,"Structures",30004,"k1gtotlgst00","6","FAAt701","BEA_API"
1934,77,"Structures",35196,"k1gtotlgst00","6","FAAt701","BEA_API"
1935,77,"Structures",35866,"k1gtotlgst00","6","FAAt701","BEA_API"
1936,77,"Structures",40976,"k1gtotlgst00","6","FAAt701","BEA_API"
1937,77,"Structures",43028,"k1gtotlgst00","6","FAAt701","BEA_API"
1938,77,"Structures",44573,"k1gtotlgst00","6","FAAt701","BEA_API"
1939,77,"Structures",45873,"k1gtotlgst00","6","FAAt701","BEA_API"
1940,77,"Structures",48374,"k1gtotlgst00","6","FAAt701","BEA_API"
1941,77,"Structures",59931,"k1gtotlgst00","6","FAAt701","BEA_API"
1942,77,"Structures",84365,"k1gtotlgst00","6","FAAt701","BEA_API"
1943,77,"Structures",97519,"k1gtotlgst00","6","FAAt701","BEA_API"
1944,77,"Structures",96547,"k1gtotlgst00","6","FAAt701","BEA_API"
1945,77,"Structures",102299,"k1gtotlgst00","6","FAAt701","BEA_API"
1946,77,"Structures",111358,"k1gtotlgst00","6","FAAt701","BEA_API"
1947,77,"Structures",128577,"k1gtotlgst00","6","FAAt701","BEA_API"
1948,77,"Structures",135012,"k1gtotlgst00","6","FAAt701","BEA_API"
1949,77,"Structures",128094,"k1gtotlgst00","6","FAAt701","BEA_API"
1950,77,"Structures",140344,"k1gtotlgst00","6","FAAt701","BEA_API"
1951,77,"Structures",159679,"k1gtotlgst00","6","FAAt701","BEA_API"
1952,77,"Structures",167026,"k1gtotlgst00","6","FAAt701","BEA_API"
1953,77,"Structures",164508,"k1gtotlgst00","6","FAAt701","BEA_API"
1954,77,"Structures",172164,"k1gtotlgst00","6","FAAt701","BEA_API"
1955,77,"Structures",184920,"k1gtotlgst00","6","FAAt701","BEA_API"
1956,77,"Structures",208045,"k1gtotlgst00","6","FAAt701","BEA_API"
1957,77,"Structures",216891,"k1gtotlgst00","6","FAAt701","BEA_API"
1958,77,"Structures",230749,"k1gtotlgst00","6","FAAt701","BEA_API"
1959,77,"Structures",235207,"k1gtotlgst00","6","FAAt701","BEA_API"
1960,77,"Structures",242964,"k1gtotlgst00","6","FAAt701","BEA_API"
1961,77,"Structures",255267,"k1gtotlgst00","6","FAAt701","BEA_API"
1962,77,"Structures",270516,"k1gtotlgst00","6","FAAt701","BEA_API"
1963,77,"Structures",285223,"k1gtotlgst00","6","FAAt701","BEA_API"
1964,77,"Structures",299674,"k1gtotlgst00","6","FAAt701","BEA_API"
1965,77,"Structures",321400,"k1gtotlgst00","6","FAAt701","BEA_API"
1966,77,"Structures",349995,"k1gtotlgst00","6","FAAt701","BEA_API"
1967,77,"Structures",380065,"k1gtotlgst00","6","FAAt701","BEA_API"
1968,77,"Structures",415133,"k1gtotlgst00","6","FAAt701","BEA_API"
1969,77,"Structures",462926,"k1gtotlgst00","6","FAAt701","BEA_API"
1970,77,"Structures",522191,"k1gtotlgst00","6","FAAt701","BEA_API"
1971,77,"Structures",569339,"k1gtotlgst00","6","FAAt701","BEA_API"
1972,77,"Structures",629114,"k1gtotlgst00","6","FAAt701","BEA_API"
1973,77,"Structures",722106,"k1gtotlgst00","6","FAAt701","BEA_API"
1974,77,"Structures",899286,"k1gtotlgst00","6","FAAt701","BEA_API"
1975,77,"Structures",924680,"k1gtotlgst00","6","FAAt701","BEA_API"
1976,77,"Structures",967446,"k1gtotlgst00","6","FAAt701","BEA_API"
1977,77,"Structures",1013980,"k1gtotlgst00","6","FAAt701","BEA_API"
1978,77,"Structures",1104357,"k1gtotlgst00","6","FAAt701","BEA_API"
1979,77,"Structures",1263352,"k1gtotlgst00","6","FAAt701","BEA_API"
1980,77,"Structures",1452566,"k1gtotlgst00","6","FAAt701","BEA_API"
1981,77,"Structures",1592011,"k1gtotlgst00","6","FAAt701","BEA_API"
1982,77,"Structures",1663424,"k1gtotlgst00","6","FAAt701","BEA_API"
1983,77,"Structures",1674991,"k1gtotlgst00","6","FAAt701","BEA_API"
1984,77,"Structures",1722125,"k1gtotlgst00","6","FAAt701","BEA_API"
1985,77,"Structures",1793271,"k1gtotlgst00","6","FAAt701","BEA_API"
1986,77,"Structures",1904277,"k1gtotlgst00","6","FAAt701","BEA_API"
1987,77,"Structures",1999324,"k1gtotlgst00","6","FAAt701","BEA_API"
1988,77,"Structures",2082714,"k1gtotlgst00","6","FAAt701","BEA_API"
1989,77,"Structures",2183194,"k1gtotlgst00","6","FAAt701","BEA_API"
1990,77,"Structures",2278730,"k1gtotlgst00","6","FAAt701","BEA_API"
1991,77,"Structures",2340996,"k1gtotlgst00","6","FAAt701","BEA_API"
1992,77,"Structures",2428469,"k1gtotlgst00","6","FAAt701","BEA_API"
1993,77,"Structures",2537570,"k1gtotlgst00","6","FAAt701","BEA_API"
1994,77,"Structures",2693003,"k1gtotlgst00","6","FAAt701","BEA_API"
1995,77,"Structures",2839652,"k1gtotlgst00","6","FAAt701","BEA_API"
1996,77,"Structures",2973943,"k1gtotlgst00","6","FAAt701","BEA_API"
1997,77,"Structures",3144660,"k1gtotlgst00","6","FAAt701","BEA_API"
1998,77,"Structures",3300914,"k1gtotlgst00","6","FAAt701","BEA_API"
1999,77,"Structures",3509205,"k1gtotlgst00","6","FAAt701","BEA_API"
2000,77,"Structures",3737826,"k1gtotlgst00","6","FAAt701","BEA_API"
2001,77,"Structures",3928628,"k1gtotlgst00","6","FAAt701","BEA_API"
2002,77,"Structures",4117305,"k1gtotlgst00","6","FAAt701","BEA_API"
2003,77,"Structures",4279395,"k1gtotlgst00","6","FAAt701","BEA_API"
2004,77,"Structures",4809431,"k1gtotlgst00","6","FAAt701","BEA_API"
2005,77,"Structures",5325772,"k1gtotlgst00","6","FAAt701","BEA_API"
2006,77,"Structures",5962607,"k1gtotlgst00","6","FAAt701","BEA_API"
2007,77,"Structures",6464973,"k1gtotlgst00","6","FAAt701","BEA_API"
2008,77,"Structures",6949293,"k1gtotlgst00","6","FAAt701","BEA_API"
2009,77,"Structures",6927887,"k1gtotlgst00","6","FAAt701","BEA_API"
2010,77,"Structures",7134970,"k1gtotlgst00","6","FAAt701","BEA_API"
2011,77,"Structures",7547053,"k1gtotlgst00","6","FAAt701","BEA_API"
2012,77,"Structures",7793586,"k1gtotlgst00","6","FAAt701","BEA_API"
2013,77,"Structures",8072619,"k1gtotlgst00","6","FAAt701","BEA_API"
2014,77,"Structures",8244750,"k1gtotlgst00","6","FAAt701","BEA_API"
2015,77,"Structures",8378294,"k1gtotlgst00","6","FAAt701","BEA_API"
2016,77,"Structures",8610702,"k1gtotlgst00","6","FAAt701","BEA_API"
2017,77,"Structures",8981358,"k1gtotlgst00","6","FAAt701","BEA_API"
2018,77,"Structures",9468604,"k1gtotlgst00","6","FAAt701","BEA_API"
2019,77,"Structures",9832991,"k1gtotlgst00","6","FAAt701","BEA_API"
2020,77,"Structures",10135860,"k1gtotlgst00","6","FAAt701","BEA_API"
2021,77,"Structures",11353655,"k1gtotlgst00","6","FAAt701","BEA_API"
2022,77,"Structures",12667304,"k1gtotlgst00","6","FAAt701","BEA_API"
2023,77,"Structures",12937986,"k1gtotlgst00","6","FAAt701","BEA_API"
2024,77,"Structures",13358679,"k1gtotlgst00","6","FAAt701","BEA_API"
1925,78,"Intellectual property products",92,"k1gtotlgip00","6","FAAt701","BEA_API"
1926,78,"Intellectual property products",103,"k1gtotlgip00","6","FAAt701","BEA_API"
1927,78,"Intellectual property products",113,"k1gtotlgip00","6","FAAt701","BEA_API"
1928,78,"Intellectual property products",122,"k1gtotlgip00","6","FAAt701","BEA_API"
1929,78,"Intellectual property products",164,"k1gtotlgip00","6","FAAt701","BEA_API"
1930,78,"Intellectual property products",212,"k1gtotlgip00","6","FAAt701","BEA_API"
1931,78,"Intellectual property products",262,"k1gtotlgip00","6","FAAt701","BEA_API"
1932,78,"Intellectual property products",319,"k1gtotlgip00","6","FAAt701","BEA_API"
1933,78,"Intellectual property products",375,"k1gtotlgip00","6","FAAt701","BEA_API"
1934,78,"Intellectual property products",407,"k1gtotlgip00","6","FAAt701","BEA_API"
1935,78,"Intellectual property products",438,"k1gtotlgip00","6","FAAt701","BEA_API"
1936,78,"Intellectual property products",495,"k1gtotlgip00","6","FAAt701","BEA_API"
1937,78,"Intellectual property products",536,"k1gtotlgip00","6","FAAt701","BEA_API"
1938,78,"Intellectual property products",565,"k1gtotlgip00","6","FAAt701","BEA_API"
1939,78,"Intellectual property products",592,"k1gtotlgip00","6","FAAt701","BEA_API"
1940,78,"Intellectual property products",628,"k1gtotlgip00","6","FAAt701","BEA_API"
1941,78,"Intellectual property products",882,"k1gtotlgip00","6","FAAt701","BEA_API"
1942,78,"Intellectual property products",1338,"k1gtotlgip00","6","FAAt701","BEA_API"
1943,78,"Intellectual property products",2252,"k1gtotlgip00","6","FAAt701","BEA_API"
1944,78,"Intellectual property products",3468,"k1gtotlgip00","6","FAAt701","BEA_API"
1945,78,"Intellectual property products",4303,"k1gtotlgip00","6","FAAt701","BEA_API"
1946,78,"Intellectual property products",5046,"k1gtotlgip00","6","FAAt701","BEA_API"
1947,78,"Intellectual property products",5540,"k1gtotlgip00","6","FAAt701","BEA_API"
1948,78,"Intellectual property products",6151,"k1gtotlgip00","6","FAAt701","BEA_API"
1949,78,"Intellectual property products",6764,"k1gtotlgip00","6","FAAt701","BEA_API"
1950,78,"Intellectual property products",7736,"k1gtotlgip00","6","FAAt701","BEA_API"
1951,78,"Intellectual property products",8791,"k1gtotlgip00","6","FAAt701","BEA_API"
1952,78,"Intellectual property products",9640,"k1gtotlgip00","6","FAAt701","BEA_API"
1953,78,"Intellectual property products",10549,"k1gtotlgip00","6","FAAt701","BEA_API"
1954,78,"Intellectual property products",11640,"k1gtotlgip00","6","FAAt701","BEA_API"
1955,78,"Intellectual property products",13341,"k1gtotlgip00","6","FAAt701","BEA_API"
1956,78,"Intellectual property products",15868,"k1gtotlgip00","6","FAAt701","BEA_API"
1957,78,"Intellectual property products",18974,"k1gtotlgip00","6","FAAt701","BEA_API"
1958,78,"Intellectual property products",22056,"k1gtotlgip00","6","FAAt701","BEA_API"
1959,78,"Intellectual property products",24951,"k1gtotlgip00","6","FAAt701","BEA_API"
1960,78,"Intellectual property products",28068,"k1gtotlgip00","6","FAAt701","BEA_API"
1961,78,"Intellectual property products",31537,"k1gtotlgip00","6","FAAt701","BEA_API"
1962,78,"Intellectual property products",35293,"k1gtotlgip00","6","FAAt701","BEA_API"
1963,78,"Intellectual property products",40588,"k1gtotlgip00","6","FAAt701","BEA_API"
1964,78,"Intellectual property products",46299,"k1gtotlgip00","6","FAAt701","BEA_API"
1965,78,"Intellectual property products",52189,"k1gtotlgip00","6","FAAt701","BEA_API"
1966,78,"Intellectual property products",59057,"k1gtotlgip00","6","FAAt701","BEA_API"
1967,78,"Intellectual property products",66514,"k1gtotlgip00","6","FAAt701","BEA_API"
1968,78,"Intellectual property products",75008,"k1gtotlgip00","6","FAAt701","BEA_API"
1969,78,"Intellectual property products",84753,"k1gtotlgip00","6","FAAt701","BEA_API"
1970,78,"Intellectual property products",94540,"k1gtotlgip00","6","FAAt701","BEA_API"
1971,78,"Intellectual property products",102494,"k1gtotlgip00","6","FAAt701","BEA_API"
1972,78,"Intellectual property products",110656,"k1gtotlgip00","6","FAAt701","BEA_API"
1973,78,"Intellectual property products",123530,"k1gtotlgip00","6","FAAt701","BEA_API"
1974,78,"Intellectual property products",138577,"k1gtotlgip00","6","FAAt701","BEA_API"
1975,78,"Intellectual property products",149266,"k1gtotlgip00","6","FAAt701","BEA_API"
1976,78,"Intellectual property products",160403,"k1gtotlgip00","6","FAAt701","BEA_API"
1977,78,"Intellectual property products",173596,"k1gtotlgip00","6","FAAt701","BEA_API"
1978,78,"Intellectual property products",190038,"k1gtotlgip00","6","FAAt701","BEA_API"
1979,78,"Intellectual property products",212682,"k1gtotlgip00","6","FAAt701","BEA_API"
1980,78,"Intellectual property products",240136,"k1gtotlgip00","6","FAAt701","BEA_API"
1981,78,"Intellectual property products",269179,"k1gtotlgip00","6","FAAt701","BEA_API"
1982,78,"Intellectual property products",292679,"k1gtotlgip00","6","FAAt701","BEA_API"
1983,78,"Intellectual property products",316096,"k1gtotlgip00","6","FAAt701","BEA_API"
1984,78,"Intellectual property products",339739,"k1gtotlgip00","6","FAAt701","BEA_API"
1985,78,"Intellectual property products",363359,"k1gtotlgip00","6","FAAt701","BEA_API"
1986,78,"Intellectual property products",384074,"k1gtotlgip00","6","FAAt701","BEA_API"
1987,78,"Intellectual property products",414656,"k1gtotlgip00","6","FAAt701","BEA_API"
1988,78,"Intellectual property products",446629,"k1gtotlgip00","6","FAAt701","BEA_API"
1989,78,"Intellectual property products",471933,"k1gtotlgip00","6","FAAt701","BEA_API"
1990,78,"Intellectual property products",495869,"k1gtotlgip00","6","FAAt701","BEA_API"
1991,78,"Intellectual property products",514937,"k1gtotlgip00","6","FAAt701","BEA_API"
1992,78,"Intellectual property products",530897,"k1gtotlgip00","6","FAAt701","BEA_API"
1993,78,"Intellectual property products",542965,"k1gtotlgip00","6","FAAt701","BEA_API"
1994,78,"Intellectual property products",561089,"k1gtotlgip00","6","FAAt701","BEA_API"
1995,78,"Intellectual property products",575392,"k1gtotlgip00","6","FAAt701","BEA_API"
1996,78,"Intellectual property products",582609,"k1gtotlgip00","6","FAAt701","BEA_API"
1997,78,"Intellectual property products",594608,"k1gtotlgip00","6","FAAt701","BEA_API"
1998,78,"Intellectual property products",608391,"k1gtotlgip00","6","FAAt701","BEA_API"
1999,78,"Intellectual property products",629483,"k1gtotlgip00","6","FAAt701","BEA_API"
2000,78,"Intellectual property products",650987,"k1gtotlgip00","6","FAAt701","BEA_API"
2001,78,"Intellectual property products",662925,"k1gtotlgip00","6","FAAt701","BEA_API"
2002,78,"Intellectual property products",683597,"k1gtotlgip00","6","FAAt701","BEA_API"
2003,78,"Intellectual property products",720751,"k1gtotlgip00","6","FAAt701","BEA_API"
2004,78,"Intellectual property products",756970,"k1gtotlgip00","6","FAAt701","BEA_API"
2005,78,"Intellectual property products",797588,"k1gtotlgip00","6","FAAt701","BEA_API"
2006,78,"Intellectual property products",833303,"k1gtotlgip00","6","FAAt701","BEA_API"
2007,78,"Intellectual property products",883795,"k1gtotlgip00","6","FAAt701","BEA_API"
2008,78,"Intellectual property products",921113,"k1gtotlgip00","6","FAAt701","BEA_API"
2009,78,"Intellectual property products",949518,"k1gtotlgip00","6","FAAt701","BEA_API"
2010,78,"Intellectual property products",1005040,"k1gtotlgip00","6","FAAt701","BEA_API"
2011,78,"Intellectual property products",1032778,"k1gtotlgip00","6","FAAt701","BEA_API"
2012,78,"Intellectual property products",1056203,"k1gtotlgip00","6","FAAt701","BEA_API"
2013,78,"Intellectual property products",1093024,"k1gtotlgip00","6","FAAt701","BEA_API"
2014,78,"Intellectual property products",1107139,"k1gtotlgip00","6","FAAt701","BEA_API"
2015,78,"Intellectual property products",1107227,"k1gtotlgip00","6","FAAt701","BEA_API"
2016,78,"Intellectual property products",1137651,"k1gtotlgip00","6","FAAt701","BEA_API"
2017,78,"Intellectual property products",1183949,"k1gtotlgip00","6","FAAt701","BEA_API"
2018,78,"Intellectual property products",1233591,"k1gtotlgip00","6","FAAt701","BEA_API"
2019,78,"Intellectual property products",1257443,"k1gtotlgip00","6","FAAt701","BEA_API"
2020,78,"Intellectual property products",1325355,"k1gtotlgip00","6","FAAt701","BEA_API"
2021,78,"Intellectual property products",1421356,"k1gtotlgip00","6","FAAt701","BEA_API"
2022,78,"Intellectual property products",1531723,"k1gtotlgip00","6","FAAt701","BEA_API"
2023,78,"Intellectual property products",1594803,"k1gtotlgip00","6","FAAt701","BEA_API"
2024,78,"Intellectual property products",1688092,"k1gtotlgip00","6","FAAt701","BEA_API"
1925,79,"Government enterprise fixed assets",5310,"k1gtotlees00","6","FAAt701","BEA_API"
1926,79,"Government enterprise fixed assets",5620,"k1gtotlees00","6","FAAt701","BEA_API"
1927,79,"Government enterprise fixed assets",6045,"k1gtotlees00","6","FAAt701","BEA_API"
1928,79,"Government enterprise fixed assets",6475,"k1gtotlees00","6","FAAt701","BEA_API"
1929,79,"Government enterprise fixed assets",7003,"k1gtotlees00","6","FAAt701","BEA_API"
1930,79,"Government enterprise fixed assets",7336,"k1gtotlees00","6","FAAt701","BEA_API"
1931,79,"Government enterprise fixed assets",7330,"k1gtotlees00","6","FAAt701","BEA_API"
1932,79,"Government enterprise fixed assets",6630,"k1gtotlees00","6","FAAt701","BEA_API"
1933,79,"Government enterprise fixed assets",7202,"k1gtotlees00","6","FAAt701","BEA_API"
1934,79,"Government enterprise fixed assets",9476,"k1gtotlees00","6","FAAt701","BEA_API"
1935,79,"Government enterprise fixed assets",8919,"k1gtotlees00","6","FAAt701","BEA_API"
1936,79,"Government enterprise fixed assets",10552,"k1gtotlees00","6","FAAt701","BEA_API"
1937,79,"Government enterprise fixed assets",11741,"k1gtotlees00","6","FAAt701","BEA_API"
1938,79,"Government enterprise fixed assets",12614,"k1gtotlees00","6","FAAt701","BEA_API"
1939,79,"Government enterprise fixed assets",12938,"k1gtotlees00","6","FAAt701","BEA_API"
1940,79,"Government enterprise fixed assets",13600,"k1gtotlees00","6","FAAt701","BEA_API"
1941,79,"Government enterprise fixed assets",14960,"k1gtotlees00","6","FAAt701","BEA_API"
1942,79,"Government enterprise fixed assets",16076,"k1gtotlees00","6","FAAt701","BEA_API"
1943,79,"Government enterprise fixed assets",15579,"k1gtotlees00","6","FAAt701","BEA_API"
1944,79,"Government enterprise fixed assets",16817,"k1gtotlees00","6","FAAt701","BEA_API"
1945,79,"Government enterprise fixed assets",17008,"k1gtotlees00","6","FAAt701","BEA_API"
1946,79,"Government enterprise fixed assets",18752,"k1gtotlees00","6","FAAt701","BEA_API"
1947,79,"Government enterprise fixed assets",23764,"k1gtotlees00","6","FAAt701","BEA_API"
1948,79,"Government enterprise fixed assets",26957,"k1gtotlees00","6","FAAt701","BEA_API"
1949,79,"Government enterprise fixed assets",27176,"k1gtotlees00","6","FAAt701","BEA_API"
1950,79,"Government enterprise fixed assets",30365,"k1gtotlees00","6","FAAt701","BEA_API"
1951,79,"Government enterprise fixed assets",33376,"k1gtotlees00","6","FAAt701","BEA_API"
1952,79,"Government enterprise fixed assets",36448,"k1gtotlees00","6","FAAt701","BEA_API"
1953,79,"Government enterprise fixed assets",38003,"k1gtotlees00","6","FAAt701","BEA_API"
1954,79,"Government enterprise fixed assets",39409,"k1gtotlees00","6","FAAt701","BEA_API"
1955,79,"Government enterprise fixed assets",43142,"k1gtotlees00","6","FAAt701","BEA_API"
1956,79,"Government enterprise fixed assets",48129,"k1gtotlees00","6","FAAt701","BEA_API"
1957,79,"Government enterprise fixed assets",51496,"k1gtotlees00","6","FAAt701","BEA_API"
1958,79,"Government enterprise fixed assets",53674,"k1gtotlees00","6","FAAt701","BEA_API"
1959,79,"Government enterprise fixed assets",54255,"k1gtotlees00","6","FAAt701","BEA_API"
1960,79,"Government enterprise fixed assets",57005,"k1gtotlees00","6","FAAt701","BEA_API"
1961,79,"Government enterprise fixed assets",60364,"k1gtotlees00","6","FAAt701","BEA_API"
1962,79,"Government enterprise fixed assets",64215,"k1gtotlees00","6","FAAt701","BEA_API"
1963,79,"Government enterprise fixed assets",68556,"k1gtotlees00","6","FAAt701","BEA_API"
1964,79,"Government enterprise fixed assets",73261,"k1gtotlees00","6","FAAt701","BEA_API"
1965,79,"Government enterprise fixed assets",79695,"k1gtotlees00","6","FAAt701","BEA_API"
1966,79,"Government enterprise fixed assets",86997,"k1gtotlees00","6","FAAt701","BEA_API"
1967,79,"Government enterprise fixed assets",94927,"k1gtotlees00","6","FAAt701","BEA_API"
1968,79,"Government enterprise fixed assets",105630,"k1gtotlees00","6","FAAt701","BEA_API"
1969,79,"Government enterprise fixed assets",119313,"k1gtotlees00","6","FAAt701","BEA_API"
1970,79,"Government enterprise fixed assets",133897,"k1gtotlees00","6","FAAt701","BEA_API"
1971,79,"Government enterprise fixed assets",151313,"k1gtotlees00","6","FAAt701","BEA_API"
1972,79,"Government enterprise fixed assets",165807,"k1gtotlees00","6","FAAt701","BEA_API"
1973,79,"Government enterprise fixed assets",188475,"k1gtotlees00","6","FAAt701","BEA_API"
1974,79,"Government enterprise fixed assets",240685,"k1gtotlees00","6","FAAt701","BEA_API"
1975,79,"Government enterprise fixed assets",261724,"k1gtotlees00","6","FAAt701","BEA_API"
1976,79,"Government enterprise fixed assets",281001,"k1gtotlees00","6","FAAt701","BEA_API"
1977,79,"Government enterprise fixed assets",306091,"k1gtotlees00","6","FAAt701","BEA_API"
1978,79,"Government enterprise fixed assets",345157,"k1gtotlees00","6","FAAt701","BEA_API"
1979,79,"Government enterprise fixed assets",399197,"k1gtotlees00","6","FAAt701","BEA_API"
1980,79,"Government enterprise fixed assets",459792,"k1gtotlees00","6","FAAt701","BEA_API"
1981,79,"Government enterprise fixed assets",502612,"k1gtotlees00","6","FAAt701","BEA_API"
1982,79,"Government enterprise fixed assets",537537,"k1gtotlees00","6","FAAt701","BEA_API"
1983,79,"Government enterprise fixed assets",555746,"k1gtotlees00","6","FAAt701","BEA_API"
1984,79,"Government enterprise fixed assets",586109,"k1gtotlees00","6","FAAt701","BEA_API"
1985,79,"Government enterprise fixed assets",609822,"k1gtotlees00","6","FAAt701","BEA_API"
1986,79,"Government enterprise fixed assets",645015,"k1gtotlees00","6","FAAt701","BEA_API"
1987,79,"Government enterprise fixed assets",683686,"k1gtotlees00","6","FAAt701","BEA_API"
1988,79,"Government enterprise fixed assets",728547,"k1gtotlees00","6","FAAt701","BEA_API"
1989,79,"Government enterprise fixed assets",772284,"k1gtotlees00","6","FAAt701","BEA_API"
1990,79,"Government enterprise fixed assets",811730,"k1gtotlees00","6","FAAt701","BEA_API"
1991,79,"Government enterprise fixed assets",839258,"k1gtotlees00","6","FAAt701","BEA_API"
1992,79,"Government enterprise fixed assets",888787,"k1gtotlees00","6","FAAt701","BEA_API"
1993,79,"Government enterprise fixed assets",936249,"k1gtotlees00","6","FAAt701","BEA_API"
1994,79,"Government enterprise fixed assets",983785,"k1gtotlees00","6","FAAt701","BEA_API"
1995,79,"Government enterprise fixed assets",1042108,"k1gtotlees00","6","FAAt701","BEA_API"
1996,79,"Government enterprise fixed assets",1094835,"k1gtotlees00","6","FAAt701","BEA_API"
1997,79,"Government enterprise fixed assets",1149407,"k1gtotlees00","6","FAAt701","BEA_API"
1998,79,"Government enterprise fixed assets",1202570,"k1gtotlees00","6","FAAt701","BEA_API"
1999,79,"Government enterprise fixed assets",1273165,"k1gtotlees00","6","FAAt701","BEA_API"
2000,79,"Government enterprise fixed assets",1355088,"k1gtotlees00","6","FAAt701","BEA_API"
2001,79,"Government enterprise fixed assets",1419655,"k1gtotlees00","6","FAAt701","BEA_API"
2002,79,"Government enterprise fixed assets",1491009,"k1gtotlees00","6","FAAt701","BEA_API"
2003,79,"Government enterprise fixed assets",1575518,"k1gtotlees00","6","FAAt701","BEA_API"
2004,79,"Government enterprise fixed assets",1766725,"k1gtotlees00","6","FAAt701","BEA_API"
2005,79,"Government enterprise fixed assets",1925475,"k1gtotlees00","6","FAAt701","BEA_API"
2006,79,"Government enterprise fixed assets",2119303,"k1gtotlees00","6","FAAt701","BEA_API"
2007,79,"Government enterprise fixed assets",2278409,"k1gtotlees00","6","FAAt701","BEA_API"
2008,79,"Government enterprise fixed assets",2393972,"k1gtotlees00","6","FAAt701","BEA_API"
2009,79,"Government enterprise fixed assets",2412821,"k1gtotlees00","6","FAAt701","BEA_API"
2010,79,"Government enterprise fixed assets",2541967,"k1gtotlees00","6","FAAt701","BEA_API"
2011,79,"Government enterprise fixed assets",2689532,"k1gtotlees00","6","FAAt701","BEA_API"
2012,79,"Government enterprise fixed assets",2795151,"k1gtotlees00","6","FAAt701","BEA_API"
2013,79,"Government enterprise fixed assets",2898505,"k1gtotlees00","6","FAAt701","BEA_API"
2014,79,"Government enterprise fixed assets",3005125,"k1gtotlees00","6","FAAt701","BEA_API"
2015,79,"Government enterprise fixed assets",3070463,"k1gtotlees00","6","FAAt701","BEA_API"
2016,79,"Government enterprise fixed assets",3196000,"k1gtotlees00","6","FAAt701","BEA_API"
2017,79,"Government enterprise fixed assets",3335279,"k1gtotlees00","6","FAAt701","BEA_API"
2018,79,"Government enterprise fixed assets",3524004,"k1gtotlees00","6","FAAt701","BEA_API"
2019,79,"Government enterprise fixed assets",3640688,"k1gtotlees00","6","FAAt701","BEA_API"
2020,79,"Government enterprise fixed assets",3800544,"k1gtotlees00","6","FAAt701","BEA_API"
2021,79,"Government enterprise fixed assets",4304982,"k1gtotlees00","6","FAAt701","BEA_API"
2022,79,"Government enterprise fixed assets",4723120,"k1gtotlees00","6","FAAt701","BEA_API"
2023,79,"Government enterprise fixed assets",4891015,"k1gtotlees00","6","FAAt701","BEA_API"
2024,79,"Government enterprise fixed assets",5029764,"k1gtotlees00","6","FAAt701","BEA_API"
1925,80,"Equipment",89,"k1gtotleeq00","6","FAAt701","BEA_API"
1926,80,"Equipment",105,"k1gtotleeq00","6","FAAt701","BEA_API"
1927,80,"Equipment",126,"k1gtotleeq00","6","FAAt701","BEA_API"
1928,80,"Equipment",142,"k1gtotleeq00","6","FAAt701","BEA_API"
1929,80,"Equipment",119,"k1gtotleeq00","6","FAAt701","BEA_API"
1930,80,"Equipment",125,"k1gtotleeq00","6","FAAt701","BEA_API"
1931,80,"Equipment",131,"k1gtotleeq00","6","FAAt701","BEA_API"
1932,80,"Equipment",136,"k1gtotleeq00","6","FAAt701","BEA_API"
1933,80,"Equipment",137,"k1gtotleeq00","6","FAAt701","BEA_API"
1934,80,"Equipment",141,"k1gtotleeq00","6","FAAt701","BEA_API"
1935,80,"Equipment",139,"k1gtotleeq00","6","FAAt701","BEA_API"
1936,80,"Equipment",137,"k1gtotleeq00","6","FAAt701","BEA_API"
1937,80,"Equipment",156,"k1gtotleeq00","6","FAAt701","BEA_API"
1938,80,"Equipment",161,"k1gtotleeq00","6","FAAt701","BEA_API"
1939,80,"Equipment",168,"k1gtotleeq00","6","FAAt701","BEA_API"
1940,80,"Equipment",177,"k1gtotleeq00","6","FAAt701","BEA_API"
1941,80,"Equipment",219,"k1gtotleeq00","6","FAAt701","BEA_API"
1942,80,"Equipment",295,"k1gtotleeq00","6","FAAt701","BEA_API"
1943,80,"Equipment",298,"k1gtotleeq00","6","FAAt701","BEA_API"
1944,80,"Equipment",290,"k1gtotleeq00","6","FAAt701","BEA_API"
1945,80,"Equipment",288,"k1gtotleeq00","6","FAAt701","BEA_API"
1946,80,"Equipment",312,"k1gtotleeq00","6","FAAt701","BEA_API"
1947,80,"Equipment",382,"k1gtotleeq00","6","FAAt701","BEA_API"
1948,80,"Equipment",453,"k1gtotleeq00","6","FAAt701","BEA_API"
1949,80,"Equipment",498,"k1gtotleeq00","6","FAAt701","BEA_API"
1950,80,"Equipment",661,"k1gtotleeq00","6","FAAt701","BEA_API"
1951,80,"Equipment",809,"k1gtotleeq00","6","FAAt701","BEA_API"
1952,80,"Equipment",1057,"k1gtotleeq00","6","FAAt701","BEA_API"
1953,80,"Equipment",1177,"k1gtotleeq00","6","FAAt701","BEA_API"
1954,80,"Equipment",1270,"k1gtotleeq00","6","FAAt701","BEA_API"
1955,80,"Equipment",1365,"k1gtotleeq00","6","FAAt701","BEA_API"
1956,80,"Equipment",1414,"k1gtotleeq00","6","FAAt701","BEA_API"
1957,80,"Equipment",1496,"k1gtotleeq00","6","FAAt701","BEA_API"
1958,80,"Equipment",1656,"k1gtotleeq00","6","FAAt701","BEA_API"
1959,80,"Equipment",1873,"k1gtotleeq00","6","FAAt701","BEA_API"
1960,80,"Equipment",2073,"k1gtotleeq00","6","FAAt701","BEA_API"
1961,80,"Equipment",2225,"k1gtotleeq00","6","FAAt701","BEA_API"
1962,80,"Equipment",2308,"k1gtotleeq00","6","FAAt701","BEA_API"
1963,80,"Equipment",2460,"k1gtotleeq00","6","FAAt701","BEA_API"
1964,80,"Equipment",2538,"k1gtotleeq00","6","FAAt701","BEA_API"
1965,80,"Equipment",2606,"k1gtotleeq00","6","FAAt701","BEA_API"
1966,80,"Equipment",2832,"k1gtotleeq00","6","FAAt701","BEA_API"
1967,80,"Equipment",3091,"k1gtotleeq00","6","FAAt701","BEA_API"
1968,80,"Equipment",3415,"k1gtotleeq00","6","FAAt701","BEA_API"
1969,80,"Equipment",3847,"k1gtotleeq00","6","FAAt701","BEA_API"
1970,80,"Equipment",4368,"k1gtotleeq00","6","FAAt701","BEA_API"
1971,80,"Equipment",4885,"k1gtotleeq00","6","FAAt701","BEA_API"
1972,80,"Equipment",5715,"k1gtotleeq00","6","FAAt701","BEA_API"
1973,80,"Equipment",6647,"k1gtotleeq00","6","FAAt701","BEA_API"
1974,80,"Equipment",8613,"k1gtotleeq00","6","FAAt701","BEA_API"
1975,80,"Equipment",10218,"k1gtotleeq00","6","FAAt701","BEA_API"
1976,80,"Equipment",11464,"k1gtotleeq00","6","FAAt701","BEA_API"
1977,80,"Equipment",12621,"k1gtotleeq00","6","FAAt701","BEA_API"
1978,80,"Equipment",14261,"k1gtotleeq00","6","FAAt701","BEA_API"
1979,80,"Equipment",16202,"k1gtotleeq00","6","FAAt701","BEA_API"
1980,80,"Equipment",18792,"k1gtotleeq00","6","FAAt701","BEA_API"
1981,80,"Equipment",20974,"k1gtotleeq00","6","FAAt701","BEA_API"
1982,80,"Equipment",22423,"k1gtotleeq00","6","FAAt701","BEA_API"
1983,80,"Equipment",23334,"k1gtotleeq00","6","FAAt701","BEA_API"
1984,80,"Equipment",25381,"k1gtotleeq00","6","FAAt701","BEA_API"
1985,80,"Equipment",27375,"k1gtotleeq00","6","FAAt701","BEA_API"
1986,80,"Equipment",29640,"k1gtotleeq00","6","FAAt701","BEA_API"
1987,80,"Equipment",30560,"k1gtotleeq00","6","FAAt701","BEA_API"
1988,80,"Equipment",33041,"k1gtotleeq00","6","FAAt701","BEA_API"
1989,80,"Equipment",36153,"k1gtotleeq00","6","FAAt701","BEA_API"
1990,80,"Equipment",39368,"k1gtotleeq00","6","FAAt701","BEA_API"
1991,80,"Equipment",41354,"k1gtotleeq00","6","FAAt701","BEA_API"
1992,80,"Equipment",44252,"k1gtotleeq00","6","FAAt701","BEA_API"
1993,80,"Equipment",47266,"k1gtotleeq00","6","FAAt701","BEA_API"
1994,80,"Equipment",49023,"k1gtotleeq00","6","FAAt701","BEA_API"
1995,80,"Equipment",51690,"k1gtotleeq00","6","FAAt701","BEA_API"
1996,80,"Equipment",53016,"k1gtotleeq00","6","FAAt701","BEA_API"
1997,80,"Equipment",53302,"k1gtotleeq00","6","FAAt701","BEA_API"
1998,80,"Equipment",55617,"k1gtotleeq00","6","FAAt701","BEA_API"
1999,80,"Equipment",58530,"k1gtotleeq00","6","FAAt701","BEA_API"
2000,80,"Equipment",59867,"k1gtotleeq00","6","FAAt701","BEA_API"
2001,80,"Equipment",59711,"k1gtotleeq00","6","FAAt701","BEA_API"
2002,80,"Equipment",61720,"k1gtotleeq00","6","FAAt701","BEA_API"
2003,80,"Equipment",65446,"k1gtotleeq00","6","FAAt701","BEA_API"
2004,80,"Equipment",70048,"k1gtotleeq00","6","FAAt701","BEA_API"
2005,80,"Equipment",73595,"k1gtotleeq00","6","FAAt701","BEA_API"
2006,80,"Equipment",76547,"k1gtotleeq00","6","FAAt701","BEA_API"
2007,80,"Equipment",78536,"k1gtotleeq00","6","FAAt701","BEA_API"
2008,80,"Equipment",84276,"k1gtotleeq00","6","FAAt701","BEA_API"
2009,80,"Equipment",88727,"k1gtotleeq00","6","FAAt701","BEA_API"
2010,80,"Equipment",91221,"k1gtotleeq00","6","FAAt701","BEA_API"
2011,80,"Equipment",94696,"k1gtotleeq00","6","FAAt701","BEA_API"
2012,80,"Equipment",97554,"k1gtotleeq00","6","FAAt701","BEA_API"
2013,80,"Equipment",99131,"k1gtotleeq00","6","FAAt701","BEA_API"
2014,80,"Equipment",99877,"k1gtotleeq00","6","FAAt701","BEA_API"
2015,80,"Equipment",101467,"k1gtotleeq00","6","FAAt701","BEA_API"
2016,80,"Equipment",103493,"k1gtotleeq00","6","FAAt701","BEA_API"
2017,80,"Equipment",107488,"k1gtotleeq00","6","FAAt701","BEA_API"
2018,80,"Equipment",113005,"k1gtotleeq00","6","FAAt701","BEA_API"
2019,80,"Equipment",115744,"k1gtotleeq00","6","FAAt701","BEA_API"
2020,80,"Equipment",117874,"k1gtotleeq00","6","FAAt701","BEA_API"
2021,80,"Equipment",125936,"k1gtotleeq00","6","FAAt701","BEA_API"
2022,80,"Equipment",138350,"k1gtotleeq00","6","FAAt701","BEA_API"
2023,80,"Equipment",146892,"k1gtotleeq00","6","FAAt701","BEA_API"
2024,80,"Equipment",152054,"k1gtotleeq00","6","FAAt701","BEA_API"
1925,81,"Structures",5221,"k1gtotlest00","6","FAAt701","BEA_API"
1926,81,"Structures",5516,"k1gtotlest00","6","FAAt701","BEA_API"
1927,81,"Structures",5919,"k1gtotlest00","6","FAAt701","BEA_API"
1928,81,"Structures",6332,"k1gtotlest00","6","FAAt701","BEA_API"
1929,81,"Structures",6884,"k1gtotlest00","6","FAAt701","BEA_API"
1930,81,"Structures",7211,"k1gtotlest00","6","FAAt701","BEA_API"
1931,81,"Structures",7199,"k1gtotlest00","6","FAAt701","BEA_API"
1932,81,"Structures",6493,"k1gtotlest00","6","FAAt701","BEA_API"
1933,81,"Structures",7064,"k1gtotlest00","6","FAAt701","BEA_API"
1934,81,"Structures",9335,"k1gtotlest00","6","FAAt701","BEA_API"
1935,81,"Structures",8780,"k1gtotlest00","6","FAAt701","BEA_API"
1936,81,"Structures",10414,"k1gtotlest00","6","FAAt701","BEA_API"
1937,81,"Structures",11585,"k1gtotlest00","6","FAAt701","BEA_API"
1938,81,"Structures",12453,"k1gtotlest00","6","FAAt701","BEA_API"
1939,81,"Structures",12769,"k1gtotlest00","6","FAAt701","BEA_API"
1940,81,"Structures",13422,"k1gtotlest00","6","FAAt701","BEA_API"
1941,81,"Structures",14741,"k1gtotlest00","6","FAAt701","BEA_API"
1942,81,"Structures",15781,"k1gtotlest00","6","FAAt701","BEA_API"
1943,81,"Structures",15281,"k1gtotlest00","6","FAAt701","BEA_API"
1944,81,"Structures",16527,"k1gtotlest00","6","FAAt701","BEA_API"
1945,81,"Structures",16721,"k1gtotlest00","6","FAAt701","BEA_API"
1946,81,"Structures",18440,"k1gtotlest00","6","FAAt701","BEA_API"
1947,81,"Structures",23382,"k1gtotlest00","6","FAAt701","BEA_API"
1948,81,"Structures",26505,"k1gtotlest00","6","FAAt701","BEA_API"
1949,81,"Structures",26678,"k1gtotlest00","6","FAAt701","BEA_API"
1950,81,"Structures",29703,"k1gtotlest00","6","FAAt701","BEA_API"
1951,81,"Structures",32567,"k1gtotlest00","6","FAAt701","BEA_API"
1952,81,"Structures",35392,"k1gtotlest00","6","FAAt701","BEA_API"
1953,81,"Structures",36826,"k1gtotlest00","6","FAAt701","BEA_API"
1954,81,"Structures",38139,"k1gtotlest00","6","FAAt701","BEA_API"
1955,81,"Structures",41776,"k1gtotlest00","6","FAAt701","BEA_API"
1956,81,"Structures",46715,"k1gtotlest00","6","FAAt701","BEA_API"
1957,81,"Structures",50000,"k1gtotlest00","6","FAAt701","BEA_API"
1958,81,"Structures",52018,"k1gtotlest00","6","FAAt701","BEA_API"
1959,81,"Structures",52382,"k1gtotlest00","6","FAAt701","BEA_API"
1960,81,"Structures",54923,"k1gtotlest00","6","FAAt701","BEA_API"
1961,81,"Structures",58115,"k1gtotlest00","6","FAAt701","BEA_API"
1962,81,"Structures",61884,"k1gtotlest00","6","FAAt701","BEA_API"
1963,81,"Structures",66072,"k1gtotlest00","6","FAAt701","BEA_API"
1964,81,"Structures",70698,"k1gtotlest00","6","FAAt701","BEA_API"
1965,81,"Structures",77051,"k1gtotlest00","6","FAAt701","BEA_API"
1966,81,"Structures",84124,"k1gtotlest00","6","FAAt701","BEA_API"
1967,81,"Structures",91788,"k1gtotlest00","6","FAAt701","BEA_API"
1968,81,"Structures",102150,"k1gtotlest00","6","FAAt701","BEA_API"
1969,81,"Structures",115376,"k1gtotlest00","6","FAAt701","BEA_API"
1970,81,"Structures",129400,"k1gtotlest00","6","FAAt701","BEA_API"
1971,81,"Structures",146267,"k1gtotlest00","6","FAAt701","BEA_API"
1972,81,"Structures",159901,"k1gtotlest00","6","FAAt701","BEA_API"
1973,81,"Structures",181593,"k1gtotlest00","6","FAAt701","BEA_API"
1974,81,"Structures",231762,"k1gtotlest00","6","FAAt701","BEA_API"
1975,81,"Structures",251132,"k1gtotlest00","6","FAAt701","BEA_API"
1976,81,"Structures",269108,"k1gtotlest00","6","FAAt701","BEA_API"
1977,81,"Structures",292992,"k1gtotlest00","6","FAAt701","BEA_API"
1978,81,"Structures",330351,"k1gtotlest00","6","FAAt701","BEA_API"
1979,81,"Structures",382330,"k1gtotlest00","6","FAAt701","BEA_API"
1980,81,"Structures",440185,"k1gtotlest00","6","FAAt701","BEA_API"
1981,81,"Structures",480636,"k1gtotlest00","6","FAAt701","BEA_API"
1982,81,"Structures",513977,"k1gtotlest00","6","FAAt701","BEA_API"
1983,81,"Structures",531171,"k1gtotlest00","6","FAAt701","BEA_API"
1984,81,"Structures",559347,"k1gtotlest00","6","FAAt701","BEA_API"
1985,81,"Structures",580975,"k1gtotlest00","6","FAAt701","BEA_API"
1986,81,"Structures",613804,"k1gtotlest00","6","FAAt701","BEA_API"
1987,81,"Structures",651470,"k1gtotlest00","6","FAAt701","BEA_API"
1988,81,"Structures",693717,"k1gtotlest00","6","FAAt701","BEA_API"
1989,81,"Structures",734113,"k1gtotlest00","6","FAAt701","BEA_API"
1990,81,"Structures",770016,"k1gtotlest00","6","FAAt701","BEA_API"
1991,81,"Structures",795246,"k1gtotlest00","6","FAAt701","BEA_API"
1992,81,"Structures",841479,"k1gtotlest00","6","FAAt701","BEA_API"
1993,81,"Structures",885514,"k1gtotlest00","6","FAAt701","BEA_API"
1994,81,"Structures",931045,"k1gtotlest00","6","FAAt701","BEA_API"
1995,81,"Structures",986574,"k1gtotlest00","6","FAAt701","BEA_API"
1996,81,"Structures",1038003,"k1gtotlest00","6","FAAt701","BEA_API"
1997,81,"Structures",1092252,"k1gtotlest00","6","FAAt701","BEA_API"
1998,81,"Structures",1142746,"k1gtotlest00","6","FAAt701","BEA_API"
1999,81,"Structures",1209936,"k1gtotlest00","6","FAAt701","BEA_API"
2000,81,"Structures",1289930,"k1gtotlest00","6","FAAt701","BEA_API"
2001,81,"Structures",1354365,"k1gtotlest00","6","FAAt701","BEA_API"
2002,81,"Structures",1423762,"k1gtotlest00","6","FAAt701","BEA_API"
2003,81,"Structures",1504609,"k1gtotlest00","6","FAAt701","BEA_API"
2004,81,"Structures",1691089,"k1gtotlest00","6","FAAt701","BEA_API"
2005,81,"Structures",1846095,"k1gtotlest00","6","FAAt701","BEA_API"
2006,81,"Structures",2036725,"k1gtotlest00","6","FAAt701","BEA_API"
2007,81,"Structures",2193526,"k1gtotlest00","6","FAAt701","BEA_API"
2008,81,"Structures",2302970,"k1gtotlest00","6","FAAt701","BEA_API"
2009,81,"Structures",2317261,"k1gtotlest00","6","FAAt701","BEA_API"
2010,81,"Structures",2443632,"k1gtotlest00","6","FAAt701","BEA_API"
2011,81,"Structures",2587367,"k1gtotlest00","6","FAAt701","BEA_API"
2012,81,"Structures",2689851,"k1gtotlest00","6","FAAt701","BEA_API"
2013,81,"Structures",2790973,"k1gtotlest00","6","FAAt701","BEA_API"
2014,81,"Structures",2896337,"k1gtotlest00","6","FAAt701","BEA_API"
2015,81,"Structures",2959763,"k1gtotlest00","6","FAAt701","BEA_API"
2016,81,"Structures",3082772,"k1gtotlest00","6","FAAt701","BEA_API"
2017,81,"Structures",3217376,"k1gtotlest00","6","FAAt701","BEA_API"
2018,81,"Structures",3399660,"k1gtotlest00","6","FAAt701","BEA_API"
2019,81,"Structures",3512361,"k1gtotlest00","6","FAAt701","BEA_API"
2020,81,"Structures",3668986,"k1gtotlest00","6","FAAt701","BEA_API"
2021,81,"Structures",4163977,"k1gtotlest00","6","FAAt701","BEA_API"
2022,81,"Structures",4567929,"k1gtotlest00","6","FAAt701","BEA_API"
2023,81,"Structures",4725885,"k1gtotlest00","6","FAAt701","BEA_API"
2024,81,"Structures",4857510,"k1gtotlest00","6","FAAt701","BEA_API"
1959,82,"Intellectual property products",1,"k1gtotleip00","6","FAAt701","BEA_API"
1960,82,"Intellectual property products",8,"k1gtotleip00","6","FAAt701","BEA_API"
1961,82,"Intellectual property products",23,"k1gtotleip00","6","FAAt701","BEA_API"
1962,82,"Intellectual property products",23,"k1gtotleip00","6","FAAt701","BEA_API"
1963,82,"Intellectual property products",24,"k1gtotleip00","6","FAAt701","BEA_API"
1964,82,"Intellectual property products",25,"k1gtotleip00","6","FAAt701","BEA_API"
1965,82,"Intellectual property products",39,"k1gtotleip00","6","FAAt701","BEA_API"
1966,82,"Intellectual property products",42,"k1gtotleip00","6","FAAt701","BEA_API"
1967,82,"Intellectual property products",49,"k1gtotleip00","6","FAAt701","BEA_API"
1968,82,"Intellectual property products",65,"k1gtotleip00","6","FAAt701","BEA_API"
1969,82,"Intellectual property products",91,"k1gtotleip00","6","FAAt701","BEA_API"
1970,82,"Intellectual property products",129,"k1gtotleip00","6","FAAt701","BEA_API"
1971,82,"Intellectual property products",161,"k1gtotleip00","6","FAAt701","BEA_API"
1972,82,"Intellectual property products",191,"k1gtotleip00","6","FAAt701","BEA_API"
1973,82,"Intellectual property products",235,"k1gtotleip00","6","FAAt701","BEA_API"
1974,82,"Intellectual property products",310,"k1gtotleip00","6","FAAt701","BEA_API"
1975,82,"Intellectual property products",374,"k1gtotleip00","6","FAAt701","BEA_API"
1976,82,"Intellectual property products",429,"k1gtotleip00","6","FAAt701","BEA_API"
1977,82,"Intellectual property products",477,"k1gtotleip00","6","FAAt701","BEA_API"
1978,82,"Intellectual property products",546,"k1gtotleip00","6","FAAt701","BEA_API"
1979,82,"Intellectual property products",664,"k1gtotleip00","6","FAAt701","BEA_API"
1980,82,"Intellectual property products",814,"k1gtotleip00","6","FAAt701","BEA_API"
1981,82,"Intellectual property products",1002,"k1gtotleip00","6","FAAt701","BEA_API"
1982,82,"Intellectual property products",1136,"k1gtotleip00","6","FAAt701","BEA_API"
1983,82,"Intellectual property products",1240,"k1gtotleip00","6","FAAt701","BEA_API"
1984,82,"Intellectual property products",1380,"k1gtotleip00","6","FAAt701","BEA_API"
1985,82,"Intellectual property products",1472,"k1gtotleip00","6","FAAt701","BEA_API"
1986,82,"Intellectual property products",1571,"k1gtotleip00","6","FAAt701","BEA_API"
1987,82,"Intellectual property products",1655,"k1gtotleip00","6","FAAt701","BEA_API"
1988,82,"Intellectual property products",1789,"k1gtotleip00","6","FAAt701","BEA_API"
1989,82,"Intellectual property products",2017,"k1gtotleip00","6","FAAt701","BEA_API"
1990,82,"Intellectual property products",2346,"k1gtotleip00","6","FAAt701","BEA_API"
1991,82,"Intellectual property products",2657,"k1gtotleip00","6","FAAt701","BEA_API"
1992,82,"Intellectual property products",3056,"k1gtotleip00","6","FAAt701","BEA_API"
1993,82,"Intellectual property products",3469,"k1gtotleip00","6","FAAt701","BEA_API"
1994,82,"Intellectual property products",3717,"k1gtotleip00","6","FAAt701","BEA_API"
1995,82,"Intellectual property products",3844,"k1gtotleip00","6","FAAt701","BEA_API"
1996,82,"Intellectual property products",3815,"k1gtotleip00","6","FAAt701","BEA_API"
1997,82,"Intellectual property products",3852,"k1gtotleip00","6","FAAt701","BEA_API"
1998,82,"Intellectual property products",4207,"k1gtotleip00","6","FAAt701","BEA_API"
1999,82,"Intellectual property products",4698,"k1gtotleip00","6","FAAt701","BEA_API"
2000,82,"Intellectual property products",5291,"k1gtotleip00","6","FAAt701","BEA_API"
2001,82,"Intellectual property products",5579,"k1gtotleip00","6","FAAt701","BEA_API"
2002,82,"Intellectual property products",5526,"k1gtotleip00","6","FAAt701","BEA_API"
2003,82,"Intellectual property products",5463,"k1gtotleip00","6","FAAt701","BEA_API"
2004,82,"Intellectual property products",5588,"k1gtotleip00","6","FAAt701","BEA_API"
2005,82,"Intellectual property products",5785,"k1gtotleip00","6","FAAt701","BEA_API"
2006,82,"Intellectual property products",6031,"k1gtotleip00","6","FAAt701","BEA_API"
2007,82,"Intellectual property products",6347,"k1gtotleip00","6","FAAt701","BEA_API"
2008,82,"Intellectual property products",6726,"k1gtotleip00","6","FAAt701","BEA_API"
2009,82,"Intellectual property products",6833,"k1gtotleip00","6","FAAt701","BEA_API"
2010,82,"Intellectual property products",7114,"k1gtotleip00","6","FAAt701","BEA_API"
2011,82,"Intellectual property products",7470,"k1gtotleip00","6","FAAt701","BEA_API"
2012,82,"Intellectual property products",7747,"k1gtotleip00","6","FAAt701","BEA_API"
2013,82,"Intellectual property products",8400,"k1gtotleip00","6","FAAt701","BEA_API"
2014,82,"Intellectual property products",8911,"k1gtotleip00","6","FAAt701","BEA_API"
2015,82,"Intellectual property products",9233,"k1gtotleip00","6","FAAt701","BEA_API"
2016,82,"Intellectual property products",9735,"k1gtotleip00","6","FAAt701","BEA_API"
2017,82,"Intellectual property products",10415,"k1gtotleip00","6","FAAt701","BEA_API"
2018,82,"Intellectual property products",11340,"k1gtotleip00","6","FAAt701","BEA_API"
2019,82,"Intellectual property products",12583,"k1gtotleip00","6","FAAt701","BEA_API"
2020,82,"Intellectual property products",13685,"k1gtotleip00","6","FAAt701","BEA_API"
2021,82,"Intellectual property products",15068,"k1gtotleip00","6","FAAt701","BEA_API"
2022,82,"Intellectual property products",16841,"k1gtotleip00","6","FAAt701","BEA_API"
2023,82,"Intellectual property products",18239,"k1gtotleip00","6","FAAt701","BEA_API"
2024,82,"Intellectual property products",20199,"k1gtotleip00","6","FAAt701","BEA_API"
1925,83,"Government nonresidential fixed assets",38417,"k1gtotl1esnr","6","FAAt701","BEA_API"
1926,83,"Government nonresidential fixed assets",39000,"k1gtotl1esnr","6","FAAt701","BEA_API"
1927,83,"Government nonresidential fixed assets",40485,"k1gtotl1esnr","6","FAAt701","BEA_API"
1928,83,"Government nonresidential fixed assets",40824,"k1gtotl1esnr","6","FAAt701","BEA_API"
1929,83,"Government nonresidential fixed assets",42702,"k1gtotl1esnr","6","FAAt701","BEA_API"
1930,83,"Government nonresidential fixed assets",42331,"k1gtotl1esnr","6","FAAt701","BEA_API"
1931,83,"Government nonresidential fixed assets",40027,"k1gtotl1esnr","6","FAAt701","BEA_API"
1932,83,"Government nonresidential fixed assets",34730,"k1gtotl1esnr","6","FAAt701","BEA_API"
1933,83,"Government nonresidential fixed assets",39771,"k1gtotl1esnr","6","FAAt701","BEA_API"
1934,83,"Government nonresidential fixed assets",47413,"k1gtotl1esnr","6","FAAt701","BEA_API"
1935,83,"Government nonresidential fixed assets",47685,"k1gtotl1esnr","6","FAAt701","BEA_API"
1936,83,"Government nonresidential fixed assets",54506,"k1gtotl1esnr","6","FAAt701","BEA_API"
1937,83,"Government nonresidential fixed assets",57872,"k1gtotl1esnr","6","FAAt701","BEA_API"
1938,83,"Government nonresidential fixed assets",60411,"k1gtotl1esnr","6","FAAt701","BEA_API"
1939,83,"Government nonresidential fixed assets",62181,"k1gtotl1esnr","6","FAAt701","BEA_API"
1940,83,"Government nonresidential fixed assets",65524,"k1gtotl1esnr","6","FAAt701","BEA_API"
1941,83,"Government nonresidential fixed assets",81535,"k1gtotl1esnr","6","FAAt701","BEA_API"
1942,83,"Government nonresidential fixed assets",120561,"k1gtotl1esnr","6","FAAt701","BEA_API"
1943,83,"Government nonresidential fixed assets",158612,"k1gtotl1esnr","6","FAAt701","BEA_API"
1944,83,"Government nonresidential fixed assets",180650,"k1gtotl1esnr","6","FAAt701","BEA_API"
1945,83,"Government nonresidential fixed assets",198241,"k1gtotl1esnr","6","FAAt701","BEA_API"
1946,83,"Government nonresidential fixed assets",201302,"k1gtotl1esnr","6","FAAt701","BEA_API"
1947,83,"Government nonresidential fixed assets",211948,"k1gtotl1esnr","6","FAAt701","BEA_API"
1948,83,"Government nonresidential fixed assets",212893,"k1gtotl1esnr","6","FAAt701","BEA_API"
1949,83,"Government nonresidential fixed assets",198829,"k1gtotl1esnr","6","FAAt701","BEA_API"
1950,83,"Government nonresidential fixed assets",209945,"k1gtotl1esnr","6","FAAt701","BEA_API"
1951,83,"Government nonresidential fixed assets",235656,"k1gtotl1esnr","6","FAAt701","BEA_API"
1952,83,"Government nonresidential fixed assets",253846,"k1gtotl1esnr","6","FAAt701","BEA_API"
1953,83,"Government nonresidential fixed assets",260401,"k1gtotl1esnr","6","FAAt701","BEA_API"
1954,83,"Government nonresidential fixed assets",274480,"k1gtotl1esnr","6","FAAt701","BEA_API"
1955,83,"Government nonresidential fixed assets",301022,"k1gtotl1esnr","6","FAAt701","BEA_API"
1956,83,"Government nonresidential fixed assets",334405,"k1gtotl1esnr","6","FAAt701","BEA_API"
1957,83,"Government nonresidential fixed assets",351498,"k1gtotl1esnr","6","FAAt701","BEA_API"
1958,83,"Government nonresidential fixed assets",371195,"k1gtotl1esnr","6","FAAt701","BEA_API"
1959,83,"Government nonresidential fixed assets",382359,"k1gtotl1esnr","6","FAAt701","BEA_API"
1960,83,"Government nonresidential fixed assets",398155,"k1gtotl1esnr","6","FAAt701","BEA_API"
1961,83,"Government nonresidential fixed assets",420383,"k1gtotl1esnr","6","FAAt701","BEA_API"
1962,83,"Government nonresidential fixed assets",449395,"k1gtotl1esnr","6","FAAt701","BEA_API"
1963,83,"Government nonresidential fixed assets",475477,"k1gtotl1esnr","6","FAAt701","BEA_API"
1964,83,"Government nonresidential fixed assets",501590,"k1gtotl1esnr","6","FAAt701","BEA_API"
1965,83,"Government nonresidential fixed assets",536605,"k1gtotl1esnr","6","FAAt701","BEA_API"
1966,83,"Government nonresidential fixed assets",581855,"k1gtotl1esnr","6","FAAt701","BEA_API"
1967,83,"Government nonresidential fixed assets",632113,"k1gtotl1esnr","6","FAAt701","BEA_API"
1968,83,"Government nonresidential fixed assets",687920,"k1gtotl1esnr","6","FAAt701","BEA_API"
1969,83,"Government nonresidential fixed assets",760313,"k1gtotl1esnr","6","FAAt701","BEA_API"
1970,83,"Government nonresidential fixed assets",847603,"k1gtotl1esnr","6","FAAt701","BEA_API"
1971,83,"Government nonresidential fixed assets",917059,"k1gtotl1esnr","6","FAAt701","BEA_API"
1972,83,"Government nonresidential fixed assets",1000086,"k1gtotl1esnr","6","FAAt701","BEA_API"
1973,83,"Government nonresidential fixed assets",1132317,"k1gtotl1esnr","6","FAAt701","BEA_API"
1974,83,"Government nonresidential fixed assets",1384325,"k1gtotl1esnr","6","FAAt701","BEA_API"
1975,83,"Government nonresidential fixed assets",1452466,"k1gtotl1esnr","6","FAAt701","BEA_API"
1976,83,"Government nonresidential fixed assets",1535638,"k1gtotl1esnr","6","FAAt701","BEA_API"
1977,83,"Government nonresidential fixed assets",1630489,"k1gtotl1esnr","6","FAAt701","BEA_API"
1978,83,"Government nonresidential fixed assets",1790671,"k1gtotl1esnr","6","FAAt701","BEA_API"
1979,83,"Government nonresidential fixed assets",2027832,"k1gtotl1esnr","6","FAAt701","BEA_API"
1980,83,"Government nonresidential fixed assets",2319942,"k1gtotl1esnr","6","FAAt701","BEA_API"
1981,83,"Government nonresidential fixed assets",2548573,"k1gtotl1esnr","6","FAAt701","BEA_API"
1982,83,"Government nonresidential fixed assets",2700444,"k1gtotl1esnr","6","FAAt701","BEA_API"
1983,83,"Government nonresidential fixed assets",2772341,"k1gtotl1esnr","6","FAAt701","BEA_API"
1984,83,"Government nonresidential fixed assets",2927064,"k1gtotl1esnr","6","FAAt701","BEA_API"
1985,83,"Government nonresidential fixed assets",3038563,"k1gtotl1esnr","6","FAAt701","BEA_API"
1986,83,"Government nonresidential fixed assets",3212538,"k1gtotl1esnr","6","FAAt701","BEA_API"
1987,83,"Government nonresidential fixed assets",3384280,"k1gtotl1esnr","6","FAAt701","BEA_API"
1988,83,"Government nonresidential fixed assets",3562108,"k1gtotl1esnr","6","FAAt701","BEA_API"
1989,83,"Government nonresidential fixed assets",3752018,"k1gtotl1esnr","6","FAAt701","BEA_API"
1990,83,"Government nonresidential fixed assets",3939223,"k1gtotl1esnr","6","FAAt701","BEA_API"
1991,83,"Government nonresidential fixed assets",4069895,"k1gtotl1esnr","6","FAAt701","BEA_API"
1992,83,"Government nonresidential fixed assets",4237885,"k1gtotl1esnr","6","FAAt701","BEA_API"
1993,83,"Government nonresidential fixed assets",4416165,"k1gtotl1esnr","6","FAAt701","BEA_API"
1994,83,"Government nonresidential fixed assets",4650287,"k1gtotl1esnr","6","FAAt701","BEA_API"
1995,83,"Government nonresidential fixed assets",4868030,"k1gtotl1esnr","6","FAAt701","BEA_API"
1996,83,"Government nonresidential fixed assets",5045445,"k1gtotl1esnr","6","FAAt701","BEA_API"
1997,83,"Government nonresidential fixed assets",5269337,"k1gtotl1esnr","6","FAAt701","BEA_API"
1998,83,"Government nonresidential fixed assets",5490414,"k1gtotl1esnr","6","FAAt701","BEA_API"
1999,83,"Government nonresidential fixed assets",5796173,"k1gtotl1esnr","6","FAAt701","BEA_API"
2000,83,"Government nonresidential fixed assets",6109599,"k1gtotl1esnr","6","FAAt701","BEA_API"
2001,83,"Government nonresidential fixed assets",6358066,"k1gtotl1esnr","6","FAAt701","BEA_API"
2002,83,"Government nonresidential fixed assets",6639352,"k1gtotl1esnr","6","FAAt701","BEA_API"
2003,83,"Government nonresidential fixed assets",6920268,"k1gtotl1esnr","6","FAAt701","BEA_API"
2004,83,"Government nonresidential fixed assets",7671367,"k1gtotl1esnr","6","FAAt701","BEA_API"
2005,83,"Government nonresidential fixed assets",8378785,"k1gtotl1esnr","6","FAAt701","BEA_API"
2006,83,"Government nonresidential fixed assets",9259820,"k1gtotl1esnr","6","FAAt701","BEA_API"
2007,83,"Government nonresidential fixed assets",10007631,"k1gtotl1esnr","6","FAAt701","BEA_API"
2008,83,"Government nonresidential fixed assets",10699594,"k1gtotl1esnr","6","FAAt701","BEA_API"
2009,83,"Government nonresidential fixed assets",10757709,"k1gtotl1esnr","6","FAAt701","BEA_API"
2010,83,"Government nonresidential fixed assets",11182025,"k1gtotl1esnr","6","FAAt701","BEA_API"
2011,83,"Government nonresidential fixed assets",11792858,"k1gtotl1esnr","6","FAAt701","BEA_API"
2012,83,"Government nonresidential fixed assets",12169086,"k1gtotl1esnr","6","FAAt701","BEA_API"
2013,83,"Government nonresidential fixed assets",12575178,"k1gtotl1esnr","6","FAAt701","BEA_API"
2014,83,"Government nonresidential fixed assets",12862542,"k1gtotl1esnr","6","FAAt701","BEA_API"
2015,83,"Government nonresidential fixed assets",13050246,"k1gtotl1esnr","6","FAAt701","BEA_API"
2016,83,"Government nonresidential fixed assets",13421790,"k1gtotl1esnr","6","FAAt701","BEA_API"
2017,83,"Government nonresidential fixed assets",13978905,"k1gtotl1esnr","6","FAAt701","BEA_API"
2018,83,"Government nonresidential fixed assets",14709578,"k1gtotl1esnr","6","FAAt701","BEA_API"
2019,83,"Government nonresidential fixed assets",15228985,"k1gtotl1esnr","6","FAAt701","BEA_API"
2020,83,"Government nonresidential fixed assets",15773543,"k1gtotl1esnr","6","FAAt701","BEA_API"
2021,83,"Government nonresidential fixed assets",17614175,"k1gtotl1esnr","6","FAAt701","BEA_API"
2022,83,"Government nonresidential fixed assets",19483538,"k1gtotl1esnr","6","FAAt701","BEA_API"
2023,83,"Government nonresidential fixed assets",20020654,"k1gtotl1esnr","6","FAAt701","BEA_API"
2024,83,"Government nonresidential fixed assets",20673556,"k1gtotl1esnr","6","FAAt701","BEA_API"
1925,84,"Equipment",2745,"k1gtotl1eq00","6","FAAt701","BEA_API"
1926,84,"Equipment",2720,"k1gtotl1eq00","6","FAAt701","BEA_API"
1927,84,"Equipment",2711,"k1gtotl1eq00","6","FAAt701","BEA_API"
1928,84,"Equipment",2694,"k1gtotl1eq00","6","FAAt701","BEA_API"
1929,84,"Equipment",2495,"k1gtotl1eq00","6","FAAt701","BEA_API"
1930,84,"Equipment",2421,"k1gtotl1eq00","6","FAAt701","BEA_API"
1931,84,"Equipment",2387,"k1gtotl1eq00","6","FAAt701","BEA_API"
1932,84,"Equipment",2337,"k1gtotl1eq00","6","FAAt701","BEA_API"
1933,84,"Equipment",2344,"k1gtotl1eq00","6","FAAt701","BEA_API"
1934,84,"Equipment",2497,"k1gtotl1eq00","6","FAAt701","BEA_API"
1935,84,"Equipment",2636,"k1gtotl1eq00","6","FAAt701","BEA_API"
1936,84,"Equipment",2749,"k1gtotl1eq00","6","FAAt701","BEA_API"
1937,84,"Equipment",2979,"k1gtotl1eq00","6","FAAt701","BEA_API"
1938,84,"Equipment",3113,"k1gtotl1eq00","6","FAAt701","BEA_API"
1939,84,"Equipment",3303,"k1gtotl1eq00","6","FAAt701","BEA_API"
1940,84,"Equipment",3652,"k1gtotl1eq00","6","FAAt701","BEA_API"
1941,84,"Equipment",7104,"k1gtotl1eq00","6","FAAt701","BEA_API"
1942,84,"Equipment",20985,"k1gtotl1eq00","6","FAAt701","BEA_API"
1943,84,"Equipment",46538,"k1gtotl1eq00","6","FAAt701","BEA_API"
1944,84,"Equipment",67446,"k1gtotl1eq00","6","FAAt701","BEA_API"
1945,84,"Equipment",78503,"k1gtotl1eq00","6","FAAt701","BEA_API"
1946,84,"Equipment",70723,"k1gtotl1eq00","6","FAAt701","BEA_API"
1947,84,"Equipment",60020,"k1gtotl1eq00","6","FAAt701","BEA_API"
1948,84,"Equipment",50173,"k1gtotl1eq00","6","FAAt701","BEA_API"
1949,84,"Equipment",42394,"k1gtotl1eq00","6","FAAt701","BEA_API"
1950,84,"Equipment",38421,"k1gtotl1eq00","6","FAAt701","BEA_API"
1951,84,"Equipment",42364,"k1gtotl1eq00","6","FAAt701","BEA_API"
1952,84,"Equipment",48980,"k1gtotl1eq00","6","FAAt701","BEA_API"
1953,84,"Equipment",56126,"k1gtotl1eq00","6","FAAt701","BEA_API"
1954,84,"Equipment",62793,"k1gtotl1eq00","6","FAAt701","BEA_API"
1955,84,"Equipment",68258,"k1gtotl1eq00","6","FAAt701","BEA_API"
1956,84,"Equipment",72389,"k1gtotl1eq00","6","FAAt701","BEA_API"
1957,84,"Equipment",74673,"k1gtotl1eq00","6","FAAt701","BEA_API"
1958,84,"Equipment",76201,"k1gtotl1eq00","6","FAAt701","BEA_API"
1959,84,"Equipment",80516,"k1gtotl1eq00","6","FAAt701","BEA_API"
1960,84,"Equipment",83508,"k1gtotl1eq00","6","FAAt701","BEA_API"
1961,84,"Equipment",87508,"k1gtotl1eq00","6","FAAt701","BEA_API"
1962,84,"Equipment",94576,"k1gtotl1eq00","6","FAAt701","BEA_API"
1963,84,"Equipment",96712,"k1gtotl1eq00","6","FAAt701","BEA_API"
1964,84,"Equipment",98851,"k1gtotl1eq00","6","FAAt701","BEA_API"
1965,84,"Equipment",100567,"k1gtotl1eq00","6","FAAt701","BEA_API"
1966,84,"Equipment",104330,"k1gtotl1eq00","6","FAAt701","BEA_API"
1967,84,"Equipment",110174,"k1gtotl1eq00","6","FAAt701","BEA_API"
1968,84,"Equipment",114054,"k1gtotl1eq00","6","FAAt701","BEA_API"
1969,84,"Equipment",117700,"k1gtotl1eq00","6","FAAt701","BEA_API"
1970,84,"Equipment",123242,"k1gtotl1eq00","6","FAAt701","BEA_API"
1971,84,"Equipment",123341,"k1gtotl1eq00","6","FAAt701","BEA_API"
1972,84,"Equipment",127715,"k1gtotl1eq00","6","FAAt701","BEA_API"
1973,84,"Equipment",135902,"k1gtotl1eq00","6","FAAt701","BEA_API"
1974,84,"Equipment",149088,"k1gtotl1eq00","6","FAAt701","BEA_API"
1975,84,"Equipment",165004,"k1gtotl1eq00","6","FAAt701","BEA_API"
1976,84,"Equipment",180660,"k1gtotl1eq00","6","FAAt701","BEA_API"
1977,84,"Equipment",198241,"k1gtotl1eq00","6","FAAt701","BEA_API"
1978,84,"Equipment",221834,"k1gtotl1eq00","6","FAAt701","BEA_API"
1979,84,"Equipment",236059,"k1gtotl1eq00","6","FAAt701","BEA_API"
1980,84,"Equipment",259912,"k1gtotl1eq00","6","FAAt701","BEA_API"
1981,84,"Equipment",286489,"k1gtotl1eq00","6","FAAt701","BEA_API"
1982,84,"Equipment",314838,"k1gtotl1eq00","6","FAAt701","BEA_API"
1983,84,"Equipment",344790,"k1gtotl1eq00","6","FAAt701","BEA_API"
1984,84,"Equipment",403864,"k1gtotl1eq00","6","FAAt701","BEA_API"
1985,84,"Equipment",399795,"k1gtotl1eq00","6","FAAt701","BEA_API"
1986,84,"Equipment",412626,"k1gtotl1eq00","6","FAAt701","BEA_API"
1987,84,"Equipment",430499,"k1gtotl1eq00","6","FAAt701","BEA_API"
1988,84,"Equipment",465756,"k1gtotl1eq00","6","FAAt701","BEA_API"
1989,84,"Equipment",498055,"k1gtotl1eq00","6","FAAt701","BEA_API"
1990,84,"Equipment",534014,"k1gtotl1eq00","6","FAAt701","BEA_API"
1991,84,"Equipment",558687,"k1gtotl1eq00","6","FAAt701","BEA_API"
1992,84,"Equipment",584935,"k1gtotl1eq00","6","FAAt701","BEA_API"
1993,84,"Equipment",608257,"k1gtotl1eq00","6","FAAt701","BEA_API"
1994,84,"Equipment",633861,"k1gtotl1eq00","6","FAAt701","BEA_API"
1995,84,"Equipment",641235,"k1gtotl1eq00","6","FAAt701","BEA_API"
1996,84,"Equipment",633541,"k1gtotl1eq00","6","FAAt701","BEA_API"
1997,84,"Equipment",628904,"k1gtotl1eq00","6","FAAt701","BEA_API"
1998,84,"Equipment",638979,"k1gtotl1eq00","6","FAAt701","BEA_API"
1999,84,"Equipment",660451,"k1gtotl1eq00","6","FAAt701","BEA_API"
2000,84,"Equipment",654941,"k1gtotl1eq00","6","FAAt701","BEA_API"
2001,84,"Equipment",650599,"k1gtotl1eq00","6","FAAt701","BEA_API"
2002,84,"Equipment",666566,"k1gtotl1eq00","6","FAAt701","BEA_API"
2003,84,"Equipment",685517,"k1gtotl1eq00","6","FAAt701","BEA_API"
2004,84,"Equipment",711094,"k1gtotl1eq00","6","FAAt701","BEA_API"
2005,84,"Equipment",735274,"k1gtotl1eq00","6","FAAt701","BEA_API"
2006,84,"Equipment",767890,"k1gtotl1eq00","6","FAAt701","BEA_API"
2007,84,"Equipment",803489,"k1gtotl1eq00","6","FAAt701","BEA_API"
2008,84,"Equipment",855124,"k1gtotl1eq00","6","FAAt701","BEA_API"
2009,84,"Equipment",885683,"k1gtotl1eq00","6","FAAt701","BEA_API"
2010,84,"Equipment",923473,"k1gtotl1eq00","6","FAAt701","BEA_API"
2011,84,"Equipment",954867,"k1gtotl1eq00","6","FAAt701","BEA_API"
2012,84,"Equipment",968931,"k1gtotl1eq00","6","FAAt701","BEA_API"
2013,84,"Equipment",981145,"k1gtotl1eq00","6","FAAt701","BEA_API"
2014,84,"Equipment",990179,"k1gtotl1eq00","6","FAAt701","BEA_API"
2015,84,"Equipment",987932,"k1gtotl1eq00","6","FAAt701","BEA_API"
2016,84,"Equipment",996434,"k1gtotl1eq00","6","FAAt701","BEA_API"
2017,84,"Equipment",1014162,"k1gtotl1eq00","6","FAAt701","BEA_API"
2018,84,"Equipment",1045320,"k1gtotl1eq00","6","FAAt701","BEA_API"
2019,84,"Equipment",1075597,"k1gtotl1eq00","6","FAAt701","BEA_API"
2020,84,"Equipment",1111294,"k1gtotl1eq00","6","FAAt701","BEA_API"
2021,84,"Equipment",1190815,"k1gtotl1eq00","6","FAAt701","BEA_API"
2022,84,"Equipment",1263533,"k1gtotl1eq00","6","FAAt701","BEA_API"
2023,84,"Equipment",1314629,"k1gtotl1eq00","6","FAAt701","BEA_API"
2024,84,"Equipment",1347534,"k1gtotl1eq00","6","FAAt701","BEA_API"
1925,85,"Structures",35580,"k1gtotl1stnr","6","FAAt701","BEA_API"
1926,85,"Structures",36177,"k1gtotl1stnr","6","FAAt701","BEA_API"
1927,85,"Structures",37661,"k1gtotl1stnr","6","FAAt701","BEA_API"
1928,85,"Structures",38008,"k1gtotl1stnr","6","FAAt701","BEA_API"
1929,85,"Structures",40043,"k1gtotl1stnr","6","FAAt701","BEA_API"
1930,85,"Structures",39698,"k1gtotl1stnr","6","FAAt701","BEA_API"
1931,85,"Structures",37378,"k1gtotl1stnr","6","FAAt701","BEA_API"
1932,85,"Structures",32075,"k1gtotl1stnr","6","FAAt701","BEA_API"
1933,85,"Structures",37052,"k1gtotl1stnr","6","FAAt701","BEA_API"
1934,85,"Structures",44509,"k1gtotl1stnr","6","FAAt701","BEA_API"
1935,85,"Structures",44610,"k1gtotl1stnr","6","FAAt701","BEA_API"
1936,85,"Structures",51263,"k1gtotl1stnr","6","FAAt701","BEA_API"
1937,85,"Structures",54358,"k1gtotl1stnr","6","FAAt701","BEA_API"
1938,85,"Structures",56733,"k1gtotl1stnr","6","FAAt701","BEA_API"
1939,85,"Structures",58286,"k1gtotl1stnr","6","FAAt701","BEA_API"
1940,85,"Structures",61244,"k1gtotl1stnr","6","FAAt701","BEA_API"
1941,85,"Structures",73549,"k1gtotl1stnr","6","FAAt701","BEA_API"
1942,85,"Structures",98239,"k1gtotl1stnr","6","FAAt701","BEA_API"
1943,85,"Structures",109822,"k1gtotl1stnr","6","FAAt701","BEA_API"
1944,85,"Structures",109736,"k1gtotl1stnr","6","FAAt701","BEA_API"
1945,85,"Structures",115435,"k1gtotl1stnr","6","FAAt701","BEA_API"
1946,85,"Structures",125532,"k1gtotl1stnr","6","FAAt701","BEA_API"
1947,85,"Structures",146388,"k1gtotl1stnr","6","FAAt701","BEA_API"
1948,85,"Structures",156570,"k1gtotl1stnr","6","FAAt701","BEA_API"
1949,85,"Structures",149671,"k1gtotl1stnr","6","FAAt701","BEA_API"
1950,85,"Structures",163788,"k1gtotl1stnr","6","FAAt701","BEA_API"
1951,85,"Structures",184501,"k1gtotl1stnr","6","FAAt701","BEA_API"
1952,85,"Structures",195226,"k1gtotl1stnr","6","FAAt701","BEA_API"
1953,85,"Structures",193726,"k1gtotl1stnr","6","FAAt701","BEA_API"
1954,85,"Structures",200047,"k1gtotl1stnr","6","FAAt701","BEA_API"
1955,85,"Structures",219422,"k1gtotl1stnr","6","FAAt701","BEA_API"
1956,85,"Structures",246148,"k1gtotl1stnr","6","FAAt701","BEA_API"
1957,85,"Structures",257852,"k1gtotl1stnr","6","FAAt701","BEA_API"
1958,85,"Structures",272937,"k1gtotl1stnr","6","FAAt701","BEA_API"
1959,85,"Structures",276891,"k1gtotl1stnr","6","FAAt701","BEA_API"
1960,85,"Structures",286571,"k1gtotl1stnr","6","FAAt701","BEA_API"
1961,85,"Structures",301314,"k1gtotl1stnr","6","FAAt701","BEA_API"
1962,85,"Structures",319504,"k1gtotl1stnr","6","FAAt701","BEA_API"
1963,85,"Structures",338152,"k1gtotl1stnr","6","FAAt701","BEA_API"
1964,85,"Structures",356414,"k1gtotl1stnr","6","FAAt701","BEA_API"
1965,85,"Structures",383810,"k1gtotl1stnr","6","FAAt701","BEA_API"
1966,85,"Structures",418426,"k1gtotl1stnr","6","FAAt701","BEA_API"
1967,85,"Structures",455376,"k1gtotl1stnr","6","FAAt701","BEA_API"
1968,85,"Structures",498793,"k1gtotl1stnr","6","FAAt701","BEA_API"
1969,85,"Structures",557770,"k1gtotl1stnr","6","FAAt701","BEA_API"
1970,85,"Structures",629692,"k1gtotl1stnr","6","FAAt701","BEA_API"
1971,85,"Structures",691063,"k1gtotl1stnr","6","FAAt701","BEA_API"
1972,85,"Structures",761524,"k1gtotl1stnr","6","FAAt701","BEA_API"
1973,85,"Structures",872650,"k1gtotl1stnr","6","FAAt701","BEA_API"
1974,85,"Structures",1096351,"k1gtotl1stnr","6","FAAt701","BEA_API"
1975,85,"Structures",1137822,"k1gtotl1stnr","6","FAAt701","BEA_API"
1976,85,"Structures",1194147,"k1gtotl1stnr","6","FAAt701","BEA_API"
1977,85,"Structures",1258175,"k1gtotl1stnr","6","FAAt701","BEA_API"
1978,85,"Structures",1378253,"k1gtotl1stnr","6","FAAt701","BEA_API"
1979,85,"Structures",1578426,"k1gtotl1stnr","6","FAAt701","BEA_API"
1980,85,"Structures",1819080,"k1gtotl1stnr","6","FAAt701","BEA_API"
1981,85,"Structures",1991902,"k1gtotl1stnr","6","FAAt701","BEA_API"
1982,85,"Structures",2091790,"k1gtotl1stnr","6","FAAt701","BEA_API"
1983,85,"Structures",2110215,"k1gtotl1stnr","6","FAAt701","BEA_API"
1984,85,"Structures",2182081,"k1gtotl1stnr","6","FAAt701","BEA_API"
1985,85,"Structures",2273937,"k1gtotl1stnr","6","FAAt701","BEA_API"
1986,85,"Structures",2414268,"k1gtotl1stnr","6","FAAt701","BEA_API"
1987,85,"Structures",2537470,"k1gtotl1stnr","6","FAAt701","BEA_API"
1988,85,"Structures",2647934,"k1gtotl1stnr","6","FAAt701","BEA_API"
1989,85,"Structures",2780013,"k1gtotl1stnr","6","FAAt701","BEA_API"
1990,85,"Structures",2906994,"k1gtotl1stnr","6","FAAt701","BEA_API"
1991,85,"Structures",2993613,"k1gtotl1stnr","6","FAAt701","BEA_API"
1992,85,"Structures",3118996,"k1gtotl1stnr","6","FAAt701","BEA_API"
1993,85,"Structures",3261474,"k1gtotl1stnr","6","FAAt701","BEA_API"
1994,85,"Structures",3451621,"k1gtotl1stnr","6","FAAt701","BEA_API"
1995,85,"Structures",3647559,"k1gtotl1stnr","6","FAAt701","BEA_API"
1996,85,"Structures",3825480,"k1gtotl1stnr","6","FAAt701","BEA_API"
1997,85,"Structures",4041973,"k1gtotl1stnr","6","FAAt701","BEA_API"
1998,85,"Structures",4238837,"k1gtotl1stnr","6","FAAt701","BEA_API"
1999,85,"Structures",4501540,"k1gtotl1stnr","6","FAAt701","BEA_API"
2000,85,"Structures",4798380,"k1gtotl1stnr","6","FAAt701","BEA_API"
2001,85,"Structures",5038963,"k1gtotl1stnr","6","FAAt701","BEA_API"
2002,85,"Structures",5283662,"k1gtotl1stnr","6","FAAt701","BEA_API"
2003,85,"Structures",5508536,"k1gtotl1stnr","6","FAAt701","BEA_API"
2004,85,"Structures",6197716,"k1gtotl1stnr","6","FAAt701","BEA_API"
2005,85,"Structures",6840138,"k1gtotl1stnr","6","FAAt701","BEA_API"
2006,85,"Structures",7652597,"k1gtotl1stnr","6","FAAt701","BEA_API"
2007,85,"Structures",8314000,"k1gtotl1stnr","6","FAAt701","BEA_API"
2008,85,"Structures",8916631,"k1gtotl1stnr","6","FAAt701","BEA_API"
2009,85,"Structures",8915674,"k1gtotl1stnr","6","FAAt701","BEA_API"
2010,85,"Structures",9246398,"k1gtotl1stnr","6","FAAt701","BEA_API"
2011,85,"Structures",9797745,"k1gtotl1stnr","6","FAAt701","BEA_API"
2012,85,"Structures",10136205,"k1gtotl1stnr","6","FAAt701","BEA_API"
2013,85,"Structures",10492608,"k1gtotl1stnr","6","FAAt701","BEA_API"
2014,85,"Structures",10756314,"k1gtotl1stnr","6","FAAt701","BEA_API"
2015,85,"Structures",10945854,"k1gtotl1stnr","6","FAAt701","BEA_API"
2016,85,"Structures",11277969,"k1gtotl1stnr","6","FAAt701","BEA_API"
2017,85,"Structures",11770379,"k1gtotl1stnr","6","FAAt701","BEA_API"
2018,85,"Structures",12419327,"k1gtotl1stnr","6","FAAt701","BEA_API"
2019,85,"Structures",12883361,"k1gtotl1stnr","6","FAAt701","BEA_API"
2020,85,"Structures",13323210,"k1gtotl1stnr","6","FAAt701","BEA_API"
2021,85,"Structures",14986936,"k1gtotl1stnr","6","FAAt701","BEA_API"
2022,85,"Structures",16671440,"k1gtotl1stnr","6","FAAt701","BEA_API"
2023,85,"Structures",17092983,"k1gtotl1stnr","6","FAAt701","BEA_API"
2024,85,"Structures",17617732,"k1gtotl1stnr","6","FAAt701","BEA_API"
1925,86,"Federal",6756,"k1gfedr1stnr","6","FAAt701","BEA_API"
1926,86,"Federal",6741,"k1gfedr1stnr","6","FAAt701","BEA_API"
1927,86,"Federal",6702,"k1gfedr1stnr","6","FAAt701","BEA_API"
1928,86,"Federal",6470,"k1gfedr1stnr","6","FAAt701","BEA_API"
1929,86,"Federal",7189,"k1gfedr1stnr","6","FAAt701","BEA_API"
1930,86,"Federal",6775,"k1gfedr1stnr","6","FAAt701","BEA_API"
1931,86,"Federal",6108,"k1gfedr1stnr","6","FAAt701","BEA_API"
1932,86,"Federal",5885,"k1gfedr1stnr","6","FAAt701","BEA_API"
1933,86,"Federal",6780,"k1gfedr1stnr","6","FAAt701","BEA_API"
1934,86,"Federal",7572,"k1gfedr1stnr","6","FAAt701","BEA_API"
1935,86,"Federal",8491,"k1gfedr1stnr","6","FAAt701","BEA_API"
1936,86,"Federal",9862,"k1gfedr1stnr","6","FAAt701","BEA_API"
1937,86,"Federal",10891,"k1gfedr1stnr","6","FAAt701","BEA_API"
1938,86,"Federal",11505,"k1gfedr1stnr","6","FAAt701","BEA_API"
1939,86,"Federal",11984,"k1gfedr1stnr","6","FAAt701","BEA_API"
1940,86,"Federal",13619,"k1gfedr1stnr","6","FAAt701","BEA_API"
1941,86,"Federal",19943,"k1gfedr1stnr","6","FAAt701","BEA_API"
1942,86,"Federal",35485,"k1gfedr1stnr","6","FAAt701","BEA_API"
1943,86,"Federal",42891,"k1gfedr1stnr","6","FAAt701","BEA_API"
1944,86,"Federal",44892,"k1gfedr1stnr","6","FAAt701","BEA_API"
1945,86,"Federal",51589,"k1gfedr1stnr","6","FAAt701","BEA_API"
1946,86,"Federal",55246,"k1gfedr1stnr","6","FAAt701","BEA_API"
1947,86,"Federal",56469,"k1gfedr1stnr","6","FAAt701","BEA_API"
1948,86,"Federal",58784,"k1gfedr1stnr","6","FAAt701","BEA_API"
1949,86,"Federal",56651,"k1gfedr1stnr","6","FAAt701","BEA_API"
1950,86,"Federal",59280,"k1gfedr1stnr","6","FAAt701","BEA_API"
1951,86,"Federal",67268,"k1gfedr1stnr","6","FAAt701","BEA_API"
1952,86,"Federal",71411,"k1gfedr1stnr","6","FAAt701","BEA_API"
1953,86,"Federal",71761,"k1gfedr1stnr","6","FAAt701","BEA_API"
1954,86,"Federal",73103,"k1gfedr1stnr","6","FAAt701","BEA_API"
1955,86,"Federal",78513,"k1gfedr1stnr","6","FAAt701","BEA_API"
1956,86,"Federal",85808,"k1gfedr1stnr","6","FAAt701","BEA_API"
1957,86,"Federal",89811,"k1gfedr1stnr","6","FAAt701","BEA_API"
1958,86,"Federal",94258,"k1gfedr1stnr","6","FAAt701","BEA_API"
1959,86,"Federal",93487,"k1gfedr1stnr","6","FAAt701","BEA_API"
1960,86,"Federal",94812,"k1gfedr1stnr","6","FAAt701","BEA_API"
1961,86,"Federal",98075,"k1gfedr1stnr","6","FAAt701","BEA_API"
1962,86,"Federal",102077,"k1gfedr1stnr","6","FAAt701","BEA_API"
1963,86,"Federal",105792,"k1gfedr1stnr","6","FAAt701","BEA_API"
1964,86,"Federal",108764,"k1gfedr1stnr","6","FAAt701","BEA_API"
1965,86,"Federal",113818,"k1gfedr1stnr","6","FAAt701","BEA_API"
1966,86,"Federal",120098,"k1gfedr1stnr","6","FAAt701","BEA_API"
1967,86,"Federal",129006,"k1gfedr1stnr","6","FAAt701","BEA_API"
1968,86,"Federal",137214,"k1gfedr1stnr","6","FAAt701","BEA_API"
1969,86,"Federal",148371,"k1gfedr1stnr","6","FAAt701","BEA_API"
1970,86,"Federal",161746,"k1gfedr1stnr","6","FAAt701","BEA_API"
1971,86,"Federal",175470,"k1gfedr1stnr","6","FAAt701","BEA_API"
1972,86,"Federal",197064,"k1gfedr1stnr","6","FAAt701","BEA_API"
1973,86,"Federal",223951,"k1gfedr1stnr","6","FAAt701","BEA_API"
1974,86,"Federal",269245,"k1gfedr1stnr","6","FAAt701","BEA_API"
1975,86,"Federal",277731,"k1gfedr1stnr","6","FAAt701","BEA_API"
1976,86,"Federal",299931,"k1gfedr1stnr","6","FAAt701","BEA_API"
1977,86,"Federal",307339,"k1gfedr1stnr","6","FAAt701","BEA_API"
1978,86,"Federal",334363,"k1gfedr1stnr","6","FAAt701","BEA_API"
1979,86,"Federal",376238,"k1gfedr1stnr","6","FAAt701","BEA_API"
1980,86,"Federal",420032,"k1gfedr1stnr","6","FAAt701","BEA_API"
1981,86,"Federal",439005,"k1gfedr1stnr","6","FAAt701","BEA_API"
1982,86,"Federal",453939,"k1gfedr1stnr","6","FAAt701","BEA_API"
1983,86,"Federal",457422,"k1gfedr1stnr","6","FAAt701","BEA_API"
1984,86,"Federal",477813,"k1gfedr1stnr","6","FAAt701","BEA_API"
1985,86,"Federal",496188,"k1gfedr1stnr","6","FAAt701","BEA_API"
1986,86,"Federal",522583,"k1gfedr1stnr","6","FAAt701","BEA_API"
1987,86,"Federal",534690,"k1gfedr1stnr","6","FAAt701","BEA_API"
1988,86,"Federal",554621,"k1gfedr1stnr","6","FAAt701","BEA_API"
1989,86,"Federal",577225,"k1gfedr1stnr","6","FAAt701","BEA_API"
1990,86,"Federal",592852,"k1gfedr1stnr","6","FAAt701","BEA_API"
1991,86,"Federal",612458,"k1gfedr1stnr","6","FAAt701","BEA_API"
1992,86,"Federal",636420,"k1gfedr1stnr","6","FAAt701","BEA_API"
1993,86,"Federal",658449,"k1gfedr1stnr","6","FAAt701","BEA_API"
1994,86,"Federal",687172,"k1gfedr1stnr","6","FAAt701","BEA_API"
1995,86,"Federal",715578,"k1gfedr1stnr","6","FAAt701","BEA_API"
1996,86,"Federal",743933,"k1gfedr1stnr","6","FAAt701","BEA_API"
1997,86,"Federal",771591,"k1gfedr1stnr","6","FAAt701","BEA_API"
1998,86,"Federal",793188,"k1gfedr1stnr","6","FAAt701","BEA_API"
1999,86,"Federal",824513,"k1gfedr1stnr","6","FAAt701","BEA_API"
2000,86,"Federal",854841,"k1gfedr1stnr","6","FAAt701","BEA_API"
2001,86,"Federal",874428,"k1gfedr1stnr","6","FAAt701","BEA_API"
2002,86,"Federal",894490,"k1gfedr1stnr","6","FAAt701","BEA_API"
2003,86,"Federal",914285,"k1gfedr1stnr","6","FAAt701","BEA_API"
2004,86,"Federal",995121,"k1gfedr1stnr","6","FAAt701","BEA_API"
2005,86,"Federal",1073623,"k1gfedr1stnr","6","FAAt701","BEA_API"
2006,86,"Federal",1158893,"k1gfedr1stnr","6","FAAt701","BEA_API"
2007,86,"Federal",1220303,"k1gfedr1stnr","6","FAAt701","BEA_API"
2008,86,"Federal",1273851,"k1gfedr1stnr","6","FAAt701","BEA_API"
2009,86,"Federal",1234335,"k1gfedr1stnr","6","FAAt701","BEA_API"
2010,86,"Federal",1262086,"k1gfedr1stnr","6","FAAt701","BEA_API"
2011,86,"Federal",1315225,"k1gfedr1stnr","6","FAAt701","BEA_API"
2012,86,"Federal",1344559,"k1gfedr1stnr","6","FAAt701","BEA_API"
2013,86,"Federal",1379766,"k1gfedr1stnr","6","FAAt701","BEA_API"
2014,86,"Federal",1403141,"k1gfedr1stnr","6","FAAt701","BEA_API"
2015,86,"Federal",1409118,"k1gfedr1stnr","6","FAAt701","BEA_API"
2016,86,"Federal",1442625,"k1gfedr1stnr","6","FAAt701","BEA_API"
2017,86,"Federal",1486904,"k1gfedr1stnr","6","FAAt701","BEA_API"
2018,86,"Federal",1542412,"k1gfedr1stnr","6","FAAt701","BEA_API"
2019,86,"Federal",1573599,"k1gfedr1stnr","6","FAAt701","BEA_API"
2020,86,"Federal",1617446,"k1gfedr1stnr","6","FAAt701","BEA_API"
2021,86,"Federal",1792865,"k1gfedr1stnr","6","FAAt701","BEA_API"
2022,86,"Federal",1965614,"k1gfedr1stnr","6","FAAt701","BEA_API"
2023,86,"Federal",2004689,"k1gfedr1stnr","6","FAAt701","BEA_API"
2024,86,"Federal",2032017,"k1gfedr1stnr","6","FAAt701","BEA_API"
1925,87,"National defense",4448,"k1gdefn1stnr","6","FAAt701","BEA_API"
1926,87,"National defense",4426,"k1gdefn1stnr","6","FAAt701","BEA_API"
1927,87,"National defense",4310,"k1gdefn1stnr","6","FAAt701","BEA_API"
1928,87,"National defense",4063,"k1gdefn1stnr","6","FAAt701","BEA_API"
1929,87,"National defense",4708,"k1gdefn1stnr","6","FAAt701","BEA_API"
1930,87,"National defense",4315,"k1gdefn1stnr","6","FAAt701","BEA_API"
1931,87,"National defense",3785,"k1gdefn1stnr","6","FAAt701","BEA_API"
1932,87,"National defense",3568,"k1gdefn1stnr","6","FAAt701","BEA_API"
1933,87,"National defense",3888,"k1gdefn1stnr","6","FAAt701","BEA_API"
1934,87,"National defense",4093,"k1gdefn1stnr","6","FAAt701","BEA_API"
1935,87,"National defense",4212,"k1gdefn1stnr","6","FAAt701","BEA_API"
1936,87,"National defense",4528,"k1gdefn1stnr","6","FAAt701","BEA_API"
1937,87,"National defense",4698,"k1gdefn1stnr","6","FAAt701","BEA_API"
1938,87,"National defense",4775,"k1gdefn1stnr","6","FAAt701","BEA_API"
1939,87,"National defense",4951,"k1gdefn1stnr","6","FAAt701","BEA_API"
1940,87,"National defense",5951,"k1gdefn1stnr","6","FAAt701","BEA_API"
1941,87,"National defense",11430,"k1gdefn1stnr","6","FAAt701","BEA_API"
1942,87,"National defense",26118,"k1gdefn1stnr","6","FAAt701","BEA_API"
1943,87,"National defense",32607,"k1gdefn1stnr","6","FAAt701","BEA_API"
1944,87,"National defense",34531,"k1gdefn1stnr","6","FAAt701","BEA_API"
1945,87,"National defense",39643,"k1gdefn1stnr","6","FAAt701","BEA_API"
1946,87,"National defense",40576,"k1gdefn1stnr","6","FAAt701","BEA_API"
1947,87,"National defense",39787,"k1gdefn1stnr","6","FAAt701","BEA_API"
1948,87,"National defense",40690,"k1gdefn1stnr","6","FAAt701","BEA_API"
1949,87,"National defense",38182,"k1gdefn1stnr","6","FAAt701","BEA_API"
1950,87,"National defense",40726,"k1gdefn1stnr","6","FAAt701","BEA_API"
1951,87,"National defense",46627,"k1gdefn1stnr","6","FAAt701","BEA_API"
1952,87,"National defense",49711,"k1gdefn1stnr","6","FAAt701","BEA_API"
1953,87,"National defense",49875,"k1gdefn1stnr","6","FAAt701","BEA_API"
1954,87,"National defense",51070,"k1gdefn1stnr","6","FAAt701","BEA_API"
1955,87,"National defense",54384,"k1gdefn1stnr","6","FAAt701","BEA_API"
1956,87,"National defense",59625,"k1gdefn1stnr","6","FAAt701","BEA_API"
1957,87,"National defense",61951,"k1gdefn1stnr","6","FAAt701","BEA_API"
1958,87,"National defense",65417,"k1gdefn1stnr","6","FAAt701","BEA_API"
1959,87,"National defense",63836,"k1gdefn1stnr","6","FAAt701","BEA_API"
1960,87,"National defense",64056,"k1gdefn1stnr","6","FAAt701","BEA_API"
1961,87,"National defense",65618,"k1gdefn1stnr","6","FAAt701","BEA_API"
1962,87,"National defense",66953,"k1gdefn1stnr","6","FAAt701","BEA_API"
1963,87,"National defense",67859,"k1gdefn1stnr","6","FAAt701","BEA_API"
1964,87,"National defense",68808,"k1gdefn1stnr","6","FAAt701","BEA_API"
1965,87,"National defense",70105,"k1gdefn1stnr","6","FAAt701","BEA_API"
1966,87,"National defense",72616,"k1gdefn1stnr","6","FAAt701","BEA_API"
1967,87,"National defense",78179,"k1gdefn1stnr","6","FAAt701","BEA_API"
1968,87,"National defense",82032,"k1gdefn1stnr","6","FAAt701","BEA_API"
1969,87,"National defense",87763,"k1gdefn1stnr","6","FAAt701","BEA_API"
1970,87,"National defense",95673,"k1gdefn1stnr","6","FAAt701","BEA_API"
1971,87,"National defense",102969,"k1gdefn1stnr","6","FAAt701","BEA_API"
1972,87,"National defense",118774,"k1gdefn1stnr","6","FAAt701","BEA_API"
1973,87,"National defense",137513,"k1gdefn1stnr","6","FAAt701","BEA_API"
1974,87,"National defense",165468,"k1gdefn1stnr","6","FAAt701","BEA_API"
1975,87,"National defense",164637,"k1gdefn1stnr","6","FAAt701","BEA_API"
1976,87,"National defense",180145,"k1gdefn1stnr","6","FAAt701","BEA_API"
1977,87,"National defense",178613,"k1gdefn1stnr","6","FAAt701","BEA_API"
1978,87,"National defense",192547,"k1gdefn1stnr","6","FAAt701","BEA_API"
1979,87,"National defense",217010,"k1gdefn1stnr","6","FAAt701","BEA_API"
1980,87,"National defense",238524,"k1gdefn1stnr","6","FAAt701","BEA_API"
1981,87,"National defense",237685,"k1gdefn1stnr","6","FAAt701","BEA_API"
1982,87,"National defense",240625,"k1gdefn1stnr","6","FAAt701","BEA_API"
1983,87,"National defense",239221,"k1gdefn1stnr","6","FAAt701","BEA_API"
1984,87,"National defense",252267,"k1gdefn1stnr","6","FAAt701","BEA_API"
1985,87,"National defense",263067,"k1gdefn1stnr","6","FAAt701","BEA_API"
1986,87,"National defense",279465,"k1gdefn1stnr","6","FAAt701","BEA_API"
1987,87,"National defense",280926,"k1gdefn1stnr","6","FAAt701","BEA_API"
1988,87,"National defense",291173,"k1gdefn1stnr","6","FAAt701","BEA_API"
1989,87,"National defense",301578,"k1gdefn1stnr","6","FAAt701","BEA_API"
1990,87,"National defense",306603,"k1gdefn1stnr","6","FAAt701","BEA_API"
1991,87,"National defense",318628,"k1gdefn1stnr","6","FAAt701","BEA_API"
1992,87,"National defense",333758,"k1gdefn1stnr","6","FAAt701","BEA_API"
1993,87,"National defense",342210,"k1gdefn1stnr","6","FAAt701","BEA_API"
1994,87,"National defense",354492,"k1gdefn1stnr","6","FAAt701","BEA_API"
1995,87,"National defense",365370,"k1gdefn1stnr","6","FAAt701","BEA_API"
1996,87,"National defense",372228,"k1gdefn1stnr","6","FAAt701","BEA_API"
1997,87,"National defense",382830,"k1gdefn1stnr","6","FAAt701","BEA_API"
1998,87,"National defense",390891,"k1gdefn1stnr","6","FAAt701","BEA_API"
1999,87,"National defense",403142,"k1gdefn1stnr","6","FAAt701","BEA_API"
2000,87,"National defense",417010,"k1gdefn1stnr","6","FAAt701","BEA_API"
2001,87,"National defense",425038,"k1gdefn1stnr","6","FAAt701","BEA_API"
2002,87,"National defense",432279,"k1gdefn1stnr","6","FAAt701","BEA_API"
2003,87,"National defense",437418,"k1gdefn1stnr","6","FAAt701","BEA_API"
2004,87,"National defense",476098,"k1gdefn1stnr","6","FAAt701","BEA_API"
2005,87,"National defense",514601,"k1gdefn1stnr","6","FAAt701","BEA_API"
2006,87,"National defense",559163,"k1gdefn1stnr","6","FAAt701","BEA_API"
2007,87,"National defense",591379,"k1gdefn1stnr","6","FAAt701","BEA_API"
2008,87,"National defense",613089,"k1gdefn1stnr","6","FAAt701","BEA_API"
2009,87,"National defense",597872,"k1gdefn1stnr","6","FAAt701","BEA_API"
2010,87,"National defense",609953,"k1gdefn1stnr","6","FAAt701","BEA_API"
2011,87,"National defense",632979,"k1gdefn1stnr","6","FAAt701","BEA_API"
2012,87,"National defense",644013,"k1gdefn1stnr","6","FAAt701","BEA_API"
2013,87,"National defense",661035,"k1gdefn1stnr","6","FAAt701","BEA_API"
2014,87,"National defense",668223,"k1gdefn1stnr","6","FAAt701","BEA_API"
2015,87,"National defense",668376,"k1gdefn1stnr","6","FAAt701","BEA_API"
2016,87,"National defense",685071,"k1gdefn1stnr","6","FAAt701","BEA_API"
2017,87,"National defense",703002,"k1gdefn1stnr","6","FAAt701","BEA_API"
2018,87,"National defense",720731,"k1gdefn1stnr","6","FAAt701","BEA_API"
2019,87,"National defense",727586,"k1gdefn1stnr","6","FAAt701","BEA_API"
2020,87,"National defense",754858,"k1gdefn1stnr","6","FAAt701","BEA_API"
2021,87,"National defense",836596,"k1gdefn1stnr","6","FAAt701","BEA_API"
2022,87,"National defense",892160,"k1gdefn1stnr","6","FAAt701","BEA_API"
2023,87,"National defense",910262,"k1gdefn1stnr","6","FAAt701","BEA_API"
2024,87,"National defense",926060,"k1gdefn1stnr","6","FAAt701","BEA_API"
1925,88,"Nondefense",2307,"k1gndef1stnr","6","FAAt701","BEA_API"
1926,88,"Nondefense",2315,"k1gndef1stnr","6","FAAt701","BEA_API"
1927,88,"Nondefense",2392,"k1gndef1stnr","6","FAAt701","BEA_API"
1928,88,"Nondefense",2407,"k1gndef1stnr","6","FAAt701","BEA_API"
1929,88,"Nondefense",2481,"k1gndef1stnr","6","FAAt701","BEA_API"
1930,88,"Nondefense",2460,"k1gndef1stnr","6","FAAt701","BEA_API"
1931,88,"Nondefense",2323,"k1gndef1stnr","6","FAAt701","BEA_API"
1932,88,"Nondefense",2317,"k1gndef1stnr","6","FAAt701","BEA_API"
1933,88,"Nondefense",2892,"k1gndef1stnr","6","FAAt701","BEA_API"
1934,88,"Nondefense",3478,"k1gndef1stnr","6","FAAt701","BEA_API"
1935,88,"Nondefense",4279,"k1gndef1stnr","6","FAAt701","BEA_API"
1936,88,"Nondefense",5334,"k1gndef1stnr","6","FAAt701","BEA_API"
1937,88,"Nondefense",6193,"k1gndef1stnr","6","FAAt701","BEA_API"
1938,88,"Nondefense",6730,"k1gndef1stnr","6","FAAt701","BEA_API"
1939,88,"Nondefense",7032,"k1gndef1stnr","6","FAAt701","BEA_API"
1940,88,"Nondefense",7668,"k1gndef1stnr","6","FAAt701","BEA_API"
1941,88,"Nondefense",8513,"k1gndef1stnr","6","FAAt701","BEA_API"
1942,88,"Nondefense",9367,"k1gndef1stnr","6","FAAt701","BEA_API"
1943,88,"Nondefense",10285,"k1gndef1stnr","6","FAAt701","BEA_API"
1944,88,"Nondefense",10361,"k1gndef1stnr","6","FAAt701","BEA_API"
1945,88,"Nondefense",11947,"k1gndef1stnr","6","FAAt701","BEA_API"
1946,88,"Nondefense",14670,"k1gndef1stnr","6","FAAt701","BEA_API"
1947,88,"Nondefense",16682,"k1gndef1stnr","6","FAAt701","BEA_API"
1948,88,"Nondefense",18094,"k1gndef1stnr","6","FAAt701","BEA_API"
1949,88,"Nondefense",18469,"k1gndef1stnr","6","FAAt701","BEA_API"
1950,88,"Nondefense",18554,"k1gndef1stnr","6","FAAt701","BEA_API"
1951,88,"Nondefense",20641,"k1gndef1stnr","6","FAAt701","BEA_API"
1952,88,"Nondefense",21700,"k1gndef1stnr","6","FAAt701","BEA_API"
1953,88,"Nondefense",21886,"k1gndef1stnr","6","FAAt701","BEA_API"
1954,88,"Nondefense",22033,"k1gndef1stnr","6","FAAt701","BEA_API"
1955,88,"Nondefense",24129,"k1gndef1stnr","6","FAAt701","BEA_API"
1956,88,"Nondefense",26183,"k1gndef1stnr","6","FAAt701","BEA_API"
1957,88,"Nondefense",27860,"k1gndef1stnr","6","FAAt701","BEA_API"
1958,88,"Nondefense",28840,"k1gndef1stnr","6","FAAt701","BEA_API"
1959,88,"Nondefense",29651,"k1gndef1stnr","6","FAAt701","BEA_API"
1960,88,"Nondefense",30756,"k1gndef1stnr","6","FAAt701","BEA_API"
1961,88,"Nondefense",32458,"k1gndef1stnr","6","FAAt701","BEA_API"
1962,88,"Nondefense",35124,"k1gndef1stnr","6","FAAt701","BEA_API"
1963,88,"Nondefense",37932,"k1gndef1stnr","6","FAAt701","BEA_API"
1964,88,"Nondefense",39956,"k1gndef1stnr","6","FAAt701","BEA_API"
1965,88,"Nondefense",43714,"k1gndef1stnr","6","FAAt701","BEA_API"
1966,88,"Nondefense",47482,"k1gndef1stnr","6","FAAt701","BEA_API"
1967,88,"Nondefense",50827,"k1gndef1stnr","6","FAAt701","BEA_API"
1968,88,"Nondefense",55182,"k1gndef1stnr","6","FAAt701","BEA_API"
1969,88,"Nondefense",60608,"k1gndef1stnr","6","FAAt701","BEA_API"
1970,88,"Nondefense",66073,"k1gndef1stnr","6","FAAt701","BEA_API"
1971,88,"Nondefense",72501,"k1gndef1stnr","6","FAAt701","BEA_API"
1972,88,"Nondefense",78290,"k1gndef1stnr","6","FAAt701","BEA_API"
1973,88,"Nondefense",86438,"k1gndef1stnr","6","FAAt701","BEA_API"
1974,88,"Nondefense",103777,"k1gndef1stnr","6","FAAt701","BEA_API"
1975,88,"Nondefense",113094,"k1gndef1stnr","6","FAAt701","BEA_API"
1976,88,"Nondefense",119786,"k1gndef1stnr","6","FAAt701","BEA_API"
1977,88,"Nondefense",128725,"k1gndef1stnr","6","FAAt701","BEA_API"
1978,88,"Nondefense",141816,"k1gndef1stnr","6","FAAt701","BEA_API"
1979,88,"Nondefense",159228,"k1gndef1stnr","6","FAAt701","BEA_API"
1980,88,"Nondefense",181508,"k1gndef1stnr","6","FAAt701","BEA_API"
1981,88,"Nondefense",201320,"k1gndef1stnr","6","FAAt701","BEA_API"
1982,88,"Nondefense",213314,"k1gndef1stnr","6","FAAt701","BEA_API"
1983,88,"Nondefense",218200,"k1gndef1stnr","6","FAAt701","BEA_API"
1984,88,"Nondefense",225545,"k1gndef1stnr","6","FAAt701","BEA_API"
1985,88,"Nondefense",233121,"k1gndef1stnr","6","FAAt701","BEA_API"
1986,88,"Nondefense",243118,"k1gndef1stnr","6","FAAt701","BEA_API"
1987,88,"Nondefense",253764,"k1gndef1stnr","6","FAAt701","BEA_API"
1988,88,"Nondefense",263448,"k1gndef1stnr","6","FAAt701","BEA_API"
1989,88,"Nondefense",275647,"k1gndef1stnr","6","FAAt701","BEA_API"
1990,88,"Nondefense",286249,"k1gndef1stnr","6","FAAt701","BEA_API"
1991,88,"Nondefense",293829,"k1gndef1stnr","6","FAAt701","BEA_API"
1992,88,"Nondefense",302662,"k1gndef1stnr","6","FAAt701","BEA_API"
1993,88,"Nondefense",316239,"k1gndef1stnr","6","FAAt701","BEA_API"
1994,88,"Nondefense",332680,"k1gndef1stnr","6","FAAt701","BEA_API"
1995,88,"Nondefense",350208,"k1gndef1stnr","6","FAAt701","BEA_API"
1996,88,"Nondefense",371704,"k1gndef1stnr","6","FAAt701","BEA_API"
1997,88,"Nondefense",388761,"k1gndef1stnr","6","FAAt701","BEA_API"
1998,88,"Nondefense",402297,"k1gndef1stnr","6","FAAt701","BEA_API"
1999,88,"Nondefense",421371,"k1gndef1stnr","6","FAAt701","BEA_API"
2000,88,"Nondefense",437831,"k1gndef1stnr","6","FAAt701","BEA_API"
2001,88,"Nondefense",449390,"k1gndef1stnr","6","FAAt701","BEA_API"
2002,88,"Nondefense",462212,"k1gndef1stnr","6","FAAt701","BEA_API"
2003,88,"Nondefense",476868,"k1gndef1stnr","6","FAAt701","BEA_API"
2004,88,"Nondefense",519023,"k1gndef1stnr","6","FAAt701","BEA_API"
2005,88,"Nondefense",559022,"k1gndef1stnr","6","FAAt701","BEA_API"
2006,88,"Nondefense",599730,"k1gndef1stnr","6","FAAt701","BEA_API"
2007,88,"Nondefense",628925,"k1gndef1stnr","6","FAAt701","BEA_API"
2008,88,"Nondefense",660762,"k1gndef1stnr","6","FAAt701","BEA_API"
2009,88,"Nondefense",636464,"k1gndef1stnr","6","FAAt701","BEA_API"
2010,88,"Nondefense",652133,"k1gndef1stnr","6","FAAt701","BEA_API"
2011,88,"Nondefense",682246,"k1gndef1stnr","6","FAAt701","BEA_API"
2012,88,"Nondefense",700545,"k1gndef1stnr","6","FAAt701","BEA_API"
2013,88,"Nondefense",718731,"k1gndef1stnr","6","FAAt701","BEA_API"
2014,88,"Nondefense",734918,"k1gndef1stnr","6","FAAt701","BEA_API"
2015,88,"Nondefense",740742,"k1gndef1stnr","6","FAAt701","BEA_API"
2016,88,"Nondefense",757554,"k1gndef1stnr","6","FAAt701","BEA_API"
2017,88,"Nondefense",783901,"k1gndef1stnr","6","FAAt701","BEA_API"
2018,88,"Nondefense",821681,"k1gndef1stnr","6","FAAt701","BEA_API"
2019,88,"Nondefense",846013,"k1gndef1stnr","6","FAAt701","BEA_API"
2020,88,"Nondefense",862588,"k1gndef1stnr","6","FAAt701","BEA_API"
2021,88,"Nondefense",956270,"k1gndef1stnr","6","FAAt701","BEA_API"
2022,88,"Nondefense",1073454,"k1gndef1stnr","6","FAAt701","BEA_API"
2023,88,"Nondefense",1094427,"k1gndef1stnr","6","FAAt701","BEA_API"
2024,88,"Nondefense",1105957,"k1gndef1stnr","6","FAAt701","BEA_API"
1925,89,"State and local",28824,"k1gstlc1stnr","6","FAAt701","BEA_API"
1926,89,"State and local",29436,"k1gstlc1stnr","6","FAAt701","BEA_API"
1927,89,"State and local",30958,"k1gstlc1stnr","6","FAAt701","BEA_API"
1928,89,"State and local",31538,"k1gstlc1stnr","6","FAAt701","BEA_API"
1929,89,"State and local",32855,"k1gstlc1stnr","6","FAAt701","BEA_API"
1930,89,"State and local",32923,"k1gstlc1stnr","6","FAAt701","BEA_API"
1931,89,"State and local",31269,"k1gstlc1stnr","6","FAAt701","BEA_API"
1932,89,"State and local",26190,"k1gstlc1stnr","6","FAAt701","BEA_API"
1933,89,"State and local",30272,"k1gstlc1stnr","6","FAAt701","BEA_API"
1934,89,"State and local",36938,"k1gstlc1stnr","6","FAAt701","BEA_API"
1935,89,"State and local",36120,"k1gstlc1stnr","6","FAAt701","BEA_API"
1936,89,"State and local",41401,"k1gstlc1stnr","6","FAAt701","BEA_API"
1937,89,"State and local",43467,"k1gstlc1stnr","6","FAAt701","BEA_API"
1938,89,"State and local",45228,"k1gstlc1stnr","6","FAAt701","BEA_API"
1939,89,"State and local",46302,"k1gstlc1stnr","6","FAAt701","BEA_API"
1940,89,"State and local",47625,"k1gstlc1stnr","6","FAAt701","BEA_API"
1941,89,"State and local",53606,"k1gstlc1stnr","6","FAAt701","BEA_API"
1942,89,"State and local",62754,"k1gstlc1stnr","6","FAAt701","BEA_API"
1943,89,"State and local",66931,"k1gstlc1stnr","6","FAAt701","BEA_API"
1944,89,"State and local",64844,"k1gstlc1stnr","6","FAAt701","BEA_API"
1945,89,"State and local",63845,"k1gstlc1stnr","6","FAAt701","BEA_API"
1946,89,"State and local",70286,"k1gstlc1stnr","6","FAAt701","BEA_API"
1947,89,"State and local",89919,"k1gstlc1stnr","6","FAAt701","BEA_API"
1948,89,"State and local",97785,"k1gstlc1stnr","6","FAAt701","BEA_API"
1949,89,"State and local",93020,"k1gstlc1stnr","6","FAAt701","BEA_API"
1950,89,"State and local",104507,"k1gstlc1stnr","6","FAAt701","BEA_API"
1951,89,"State and local",117233,"k1gstlc1stnr","6","FAAt701","BEA_API"
1952,89,"State and local",123814,"k1gstlc1stnr","6","FAAt701","BEA_API"
1953,89,"State and local",121966,"k1gstlc1stnr","6","FAAt701","BEA_API"
1954,89,"State and local",126944,"k1gstlc1stnr","6","FAAt701","BEA_API"
1955,89,"State and local",140910,"k1gstlc1stnr","6","FAAt701","BEA_API"
1956,89,"State and local",160340,"k1gstlc1stnr","6","FAAt701","BEA_API"
1957,89,"State and local",168041,"k1gstlc1stnr","6","FAAt701","BEA_API"
1958,89,"State and local",178680,"k1gstlc1stnr","6","FAAt701","BEA_API"
1959,89,"State and local",183405,"k1gstlc1stnr","6","FAAt701","BEA_API"
1960,89,"State and local",191759,"k1gstlc1stnr","6","FAAt701","BEA_API"
1961,89,"State and local",203239,"k1gstlc1stnr","6","FAAt701","BEA_API"
1962,89,"State and local",217427,"k1gstlc1stnr","6","FAAt701","BEA_API"
1963,89,"State and local",232360,"k1gstlc1stnr","6","FAAt701","BEA_API"
1964,89,"State and local",247650,"k1gstlc1stnr","6","FAAt701","BEA_API"
1965,89,"State and local",269992,"k1gstlc1stnr","6","FAAt701","BEA_API"
1966,89,"State and local",298328,"k1gstlc1stnr","6","FAAt701","BEA_API"
1967,89,"State and local",326370,"k1gstlc1stnr","6","FAAt701","BEA_API"
1968,89,"State and local",361579,"k1gstlc1stnr","6","FAAt701","BEA_API"
1969,89,"State and local",409399,"k1gstlc1stnr","6","FAAt701","BEA_API"
1970,89,"State and local",467947,"k1gstlc1stnr","6","FAAt701","BEA_API"
1971,89,"State and local",515593,"k1gstlc1stnr","6","FAAt701","BEA_API"
1972,89,"State and local",564460,"k1gstlc1stnr","6","FAAt701","BEA_API"
1973,89,"State and local",648699,"k1gstlc1stnr","6","FAAt701","BEA_API"
1974,89,"State and local",827106,"k1gstlc1stnr","6","FAAt701","BEA_API"
1975,89,"State and local",860091,"k1gstlc1stnr","6","FAAt701","BEA_API"
1976,89,"State and local",894216,"k1gstlc1stnr","6","FAAt701","BEA_API"
1977,89,"State and local",950837,"k1gstlc1stnr","6","FAAt701","BEA_API"
1978,89,"State and local",1043889,"k1gstlc1stnr","6","FAAt701","BEA_API"
1979,89,"State and local",1202188,"k1gstlc1stnr","6","FAAt701","BEA_API"
1980,89,"State and local",1399047,"k1gstlc1stnr","6","FAAt701","BEA_API"
1981,89,"State and local",1552897,"k1gstlc1stnr","6","FAAt701","BEA_API"
1982,89,"State and local",1637852,"k1gstlc1stnr","6","FAAt701","BEA_API"
1983,89,"State and local",1652794,"k1gstlc1stnr","6","FAAt701","BEA_API"
1984,89,"State and local",1704268,"k1gstlc1stnr","6","FAAt701","BEA_API"
1985,89,"State and local",1777750,"k1gstlc1stnr","6","FAAt701","BEA_API"
1986,89,"State and local",1891685,"k1gstlc1stnr","6","FAAt701","BEA_API"
1987,89,"State and local",2002780,"k1gstlc1stnr","6","FAAt701","BEA_API"
1988,89,"State and local",2093314,"k1gstlc1stnr","6","FAAt701","BEA_API"
1989,89,"State and local",2202789,"k1gstlc1stnr","6","FAAt701","BEA_API"
1990,89,"State and local",2314141,"k1gstlc1stnr","6","FAAt701","BEA_API"
1991,89,"State and local",2381156,"k1gstlc1stnr","6","FAAt701","BEA_API"
1992,89,"State and local",2482576,"k1gstlc1stnr","6","FAAt701","BEA_API"
1993,89,"State and local",2603025,"k1gstlc1stnr","6","FAAt701","BEA_API"
1994,89,"State and local",2764449,"k1gstlc1stnr","6","FAAt701","BEA_API"
1995,89,"State and local",2931981,"k1gstlc1stnr","6","FAAt701","BEA_API"
1996,89,"State and local",3081547,"k1gstlc1stnr","6","FAAt701","BEA_API"
1997,89,"State and local",3270382,"k1gstlc1stnr","6","FAAt701","BEA_API"
1998,89,"State and local",3445649,"k1gstlc1stnr","6","FAAt701","BEA_API"
1999,89,"State and local",3677027,"k1gstlc1stnr","6","FAAt701","BEA_API"
2000,89,"State and local",3943538,"k1gstlc1stnr","6","FAAt701","BEA_API"
2001,89,"State and local",4164534,"k1gstlc1stnr","6","FAAt701","BEA_API"
2002,89,"State and local",4389172,"k1gstlc1stnr","6","FAAt701","BEA_API"
2003,89,"State and local",4594251,"k1gstlc1stnr","6","FAAt701","BEA_API"
2004,89,"State and local",5202594,"k1gstlc1stnr","6","FAAt701","BEA_API"
2005,89,"State and local",5766515,"k1gstlc1stnr","6","FAAt701","BEA_API"
2006,89,"State and local",6493704,"k1gstlc1stnr","6","FAAt701","BEA_API"
2007,89,"State and local",7093697,"k1gstlc1stnr","6","FAAt701","BEA_API"
2008,89,"State and local",7642780,"k1gstlc1stnr","6","FAAt701","BEA_API"
2009,89,"State and local",7681339,"k1gstlc1stnr","6","FAAt701","BEA_API"
2010,89,"State and local",7984312,"k1gstlc1stnr","6","FAAt701","BEA_API"
2011,89,"State and local",8482519,"k1gstlc1stnr","6","FAAt701","BEA_API"
2012,89,"State and local",8791647,"k1gstlc1stnr","6","FAAt701","BEA_API"
2013,89,"State and local",9112842,"k1gstlc1stnr","6","FAAt701","BEA_API"
2014,89,"State and local",9353172,"k1gstlc1stnr","6","FAAt701","BEA_API"
2015,89,"State and local",9536736,"k1gstlc1stnr","6","FAAt701","BEA_API"
2016,89,"State and local",9835344,"k1gstlc1stnr","6","FAAt701","BEA_API"
2017,89,"State and local",10283475,"k1gstlc1stnr","6","FAAt701","BEA_API"
2018,89,"State and local",10876915,"k1gstlc1stnr","6","FAAt701","BEA_API"
2019,89,"State and local",11309761,"k1gstlc1stnr","6","FAAt701","BEA_API"
2020,89,"State and local",11705764,"k1gstlc1stnr","6","FAAt701","BEA_API"
2021,89,"State and local",13194071,"k1gstlc1stnr","6","FAAt701","BEA_API"
2022,89,"State and local",14705826,"k1gstlc1stnr","6","FAAt701","BEA_API"
2023,89,"State and local",15088294,"k1gstlc1stnr","6","FAAt701","BEA_API"
2024,89,"State and local",15585714,"k1gstlc1stnr","6","FAAt701","BEA_API"
1925,90,"Intellectual property products",92,"k1gtotl1ip00","6","FAAt701","BEA_API"
1926,90,"Intellectual property products",103,"k1gtotl1ip00","6","FAAt701","BEA_API"
1927,90,"Intellectual property products",113,"k1gtotl1ip00","6","FAAt701","BEA_API"
1928,90,"Intellectual property products",122,"k1gtotl1ip00","6","FAAt701","BEA_API"
1929,90,"Intellectual property products",164,"k1gtotl1ip00","6","FAAt701","BEA_API"
1930,90,"Intellectual property products",212,"k1gtotl1ip00","6","FAAt701","BEA_API"
1931,90,"Intellectual property products",262,"k1gtotl1ip00","6","FAAt701","BEA_API"
1932,90,"Intellectual property products",319,"k1gtotl1ip00","6","FAAt701","BEA_API"
1933,90,"Intellectual property products",375,"k1gtotl1ip00","6","FAAt701","BEA_API"
1934,90,"Intellectual property products",407,"k1gtotl1ip00","6","FAAt701","BEA_API"
1935,90,"Intellectual property products",438,"k1gtotl1ip00","6","FAAt701","BEA_API"
1936,90,"Intellectual property products",495,"k1gtotl1ip00","6","FAAt701","BEA_API"
1937,90,"Intellectual property products",536,"k1gtotl1ip00","6","FAAt701","BEA_API"
1938,90,"Intellectual property products",565,"k1gtotl1ip00","6","FAAt701","BEA_API"
1939,90,"Intellectual property products",592,"k1gtotl1ip00","6","FAAt701","BEA_API"
1940,90,"Intellectual property products",628,"k1gtotl1ip00","6","FAAt701","BEA_API"
1941,90,"Intellectual property products",882,"k1gtotl1ip00","6","FAAt701","BEA_API"
1942,90,"Intellectual property products",1338,"k1gtotl1ip00","6","FAAt701","BEA_API"
1943,90,"Intellectual property products",2252,"k1gtotl1ip00","6","FAAt701","BEA_API"
1944,90,"Intellectual property products",3468,"k1gtotl1ip00","6","FAAt701","BEA_API"
1945,90,"Intellectual property products",4303,"k1gtotl1ip00","6","FAAt701","BEA_API"
1946,90,"Intellectual property products",5046,"k1gtotl1ip00","6","FAAt701","BEA_API"
1947,90,"Intellectual property products",5540,"k1gtotl1ip00","6","FAAt701","BEA_API"
1948,90,"Intellectual property products",6151,"k1gtotl1ip00","6","FAAt701","BEA_API"
1949,90,"Intellectual property products",6764,"k1gtotl1ip00","6","FAAt701","BEA_API"
1950,90,"Intellectual property products",7736,"k1gtotl1ip00","6","FAAt701","BEA_API"
1951,90,"Intellectual property products",8791,"k1gtotl1ip00","6","FAAt701","BEA_API"
1952,90,"Intellectual property products",9640,"k1gtotl1ip00","6","FAAt701","BEA_API"
1953,90,"Intellectual property products",10549,"k1gtotl1ip00","6","FAAt701","BEA_API"
1954,90,"Intellectual property products",11640,"k1gtotl1ip00","6","FAAt701","BEA_API"
1955,90,"Intellectual property products",13341,"k1gtotl1ip00","6","FAAt701","BEA_API"
1956,90,"Intellectual property products",15868,"k1gtotl1ip00","6","FAAt701","BEA_API"
1957,90,"Intellectual property products",18974,"k1gtotl1ip00","6","FAAt701","BEA_API"
1958,90,"Intellectual property products",22056,"k1gtotl1ip00","6","FAAt701","BEA_API"
1959,90,"Intellectual property products",24952,"k1gtotl1ip00","6","FAAt701","BEA_API"
1960,90,"Intellectual property products",28076,"k1gtotl1ip00","6","FAAt701","BEA_API"
1961,90,"Intellectual property products",31560,"k1gtotl1ip00","6","FAAt701","BEA_API"
1962,90,"Intellectual property products",35315,"k1gtotl1ip00","6","FAAt701","BEA_API"
1963,90,"Intellectual property products",40613,"k1gtotl1ip00","6","FAAt701","BEA_API"
1964,90,"Intellectual property products",46325,"k1gtotl1ip00","6","FAAt701","BEA_API"
1965,90,"Intellectual property products",52228,"k1gtotl1ip00","6","FAAt701","BEA_API"
1966,90,"Intellectual property products",59099,"k1gtotl1ip00","6","FAAt701","BEA_API"
1967,90,"Intellectual property products",66563,"k1gtotl1ip00","6","FAAt701","BEA_API"
1968,90,"Intellectual property products",75073,"k1gtotl1ip00","6","FAAt701","BEA_API"
1969,90,"Intellectual property products",84844,"k1gtotl1ip00","6","FAAt701","BEA_API"
1970,90,"Intellectual property products",94669,"k1gtotl1ip00","6","FAAt701","BEA_API"
1971,90,"Intellectual property products",102655,"k1gtotl1ip00","6","FAAt701","BEA_API"
1972,90,"Intellectual property products",110847,"k1gtotl1ip00","6","FAAt701","BEA_API"
1973,90,"Intellectual property products",123765,"k1gtotl1ip00","6","FAAt701","BEA_API"
1974,90,"Intellectual property products",138886,"k1gtotl1ip00","6","FAAt701","BEA_API"
1975,90,"Intellectual property products",149640,"k1gtotl1ip00","6","FAAt701","BEA_API"
1976,90,"Intellectual property products",160832,"k1gtotl1ip00","6","FAAt701","BEA_API"
1977,90,"Intellectual property products",174073,"k1gtotl1ip00","6","FAAt701","BEA_API"
1978,90,"Intellectual property products",190584,"k1gtotl1ip00","6","FAAt701","BEA_API"
1979,90,"Intellectual property products",213346,"k1gtotl1ip00","6","FAAt701","BEA_API"
1980,90,"Intellectual property products",240950,"k1gtotl1ip00","6","FAAt701","BEA_API"
1981,90,"Intellectual property products",270181,"k1gtotl1ip00","6","FAAt701","BEA_API"
1982,90,"Intellectual property products",293815,"k1gtotl1ip00","6","FAAt701","BEA_API"
1983,90,"Intellectual property products",317337,"k1gtotl1ip00","6","FAAt701","BEA_API"
1984,90,"Intellectual property products",341119,"k1gtotl1ip00","6","FAAt701","BEA_API"
1985,90,"Intellectual property products",364831,"k1gtotl1ip00","6","FAAt701","BEA_API"
1986,90,"Intellectual property products",385644,"k1gtotl1ip00","6","FAAt701","BEA_API"
1987,90,"Intellectual property products",416311,"k1gtotl1ip00","6","FAAt701","BEA_API"
1988,90,"Intellectual property products",448418,"k1gtotl1ip00","6","FAAt701","BEA_API"
1989,90,"Intellectual property products",473950,"k1gtotl1ip00","6","FAAt701","BEA_API"
1990,90,"Intellectual property products",498215,"k1gtotl1ip00","6","FAAt701","BEA_API"
1991,90,"Intellectual property products",517594,"k1gtotl1ip00","6","FAAt701","BEA_API"
1992,90,"Intellectual property products",533954,"k1gtotl1ip00","6","FAAt701","BEA_API"
1993,90,"Intellectual property products",546434,"k1gtotl1ip00","6","FAAt701","BEA_API"
1994,90,"Intellectual property products",564806,"k1gtotl1ip00","6","FAAt701","BEA_API"
1995,90,"Intellectual property products",579236,"k1gtotl1ip00","6","FAAt701","BEA_API"
1996,90,"Intellectual property products",586424,"k1gtotl1ip00","6","FAAt701","BEA_API"
1997,90,"Intellectual property products",598460,"k1gtotl1ip00","6","FAAt701","BEA_API"
1998,90,"Intellectual property products",612598,"k1gtotl1ip00","6","FAAt701","BEA_API"
1999,90,"Intellectual property products",634181,"k1gtotl1ip00","6","FAAt701","BEA_API"
2000,90,"Intellectual property products",656278,"k1gtotl1ip00","6","FAAt701","BEA_API"
2001,90,"Intellectual property products",668504,"k1gtotl1ip00","6","FAAt701","BEA_API"
2002,90,"Intellectual property products",689124,"k1gtotl1ip00","6","FAAt701","BEA_API"
2003,90,"Intellectual property products",726214,"k1gtotl1ip00","6","FAAt701","BEA_API"
2004,90,"Intellectual property products",762557,"k1gtotl1ip00","6","FAAt701","BEA_API"
2005,90,"Intellectual property products",803373,"k1gtotl1ip00","6","FAAt701","BEA_API"
2006,90,"Intellectual property products",839334,"k1gtotl1ip00","6","FAAt701","BEA_API"
2007,90,"Intellectual property products",890142,"k1gtotl1ip00","6","FAAt701","BEA_API"
2008,90,"Intellectual property products",927839,"k1gtotl1ip00","6","FAAt701","BEA_API"
2009,90,"Intellectual property products",956351,"k1gtotl1ip00","6","FAAt701","BEA_API"
2010,90,"Intellectual property products",1012154,"k1gtotl1ip00","6","FAAt701","BEA_API"
2011,90,"Intellectual property products",1040247,"k1gtotl1ip00","6","FAAt701","BEA_API"
2012,90,"Intellectual property products",1063950,"k1gtotl1ip00","6","FAAt701","BEA_API"
2013,90,"Intellectual property products",1101425,"k1gtotl1ip00","6","FAAt701","BEA_API"
2014,90,"Intellectual property products",1116050,"k1gtotl1ip00","6","FAAt701","BEA_API"
2015,90,"Intellectual property products",1116460,"k1gtotl1ip00","6","FAAt701","BEA_API"
2016,90,"Intellectual property products",1147387,"k1gtotl1ip00","6","FAAt701","BEA_API"
2017,90,"Intellectual property products",1194364,"k1gtotl1ip00","6","FAAt701","BEA_API"
2018,90,"Intellectual property products",1244931,"k1gtotl1ip00","6","FAAt701","BEA_API"
2019,90,"Intellectual property products",1270027,"k1gtotl1ip00","6","FAAt701","BEA_API"
2020,90,"Intellectual property products",1339039,"k1gtotl1ip00","6","FAAt701","BEA_API"
2021,90,"Intellectual property products",1436424,"k1gtotl1ip00","6","FAAt701","BEA_API"
2022,90,"Intellectual property products",1548564,"k1gtotl1ip00","6","FAAt701","BEA_API"
2023,90,"Intellectual property products",1613041,"k1gtotl1ip00","6","FAAt701","BEA_API"
2024,90,"Intellectual property products",1708291,"k1gtotl1ip00","6","FAAt701","BEA_API"
