"year","line_number","line_desc","value","series_code","unit","table_name","source"
1925,1,"Government fixed assets",10.7,"e1gtotl1es00","0","FAAt707","BEA_API"
1926,1,"Government fixed assets",11,"e1gtotl1es00","0","FAAt707","BEA_API"
1927,1,"Government fixed assets",11.3,"e1gtotl1es00","0","FAAt707","BEA_API"
1928,1,"Government fixed assets",11.6,"e1gtotl1es00","0","FAAt707","BEA_API"
1929,1,"Government fixed assets",11.8,"e1gtotl1es00","0","FAAt707","BEA_API"
1930,1,"Government fixed assets",11.9,"e1gtotl1es00","0","FAAt707","BEA_API"
1931,1,"Government fixed assets",12,"e1gtotl1es00","0","FAAt707","BEA_API"
1932,1,"Government fixed assets",12.3,"e1gtotl1es00","0","FAAt707","BEA_API"
1933,1,"Government fixed assets",12.6,"e1gtotl1es00","0","FAAt707","BEA_API"
1934,1,"Government fixed assets",12.9,"e1gtotl1es00","0","FAAt707","BEA_API"
1935,1,"Government fixed assets",13.2,"e1gtotl1es00","0","FAAt707","BEA_API"
1936,1,"Government fixed assets",13.2,"e1gtotl1es00","0","FAAt707","BEA_API"
1937,1,"Government fixed assets",13.4,"e1gtotl1es00","0","FAAt707","BEA_API"
1938,1,"Government fixed assets",13.5,"e1gtotl1es00","0","FAAt707","BEA_API"
1939,1,"Government fixed assets",13.5,"e1gtotl1es00","0","FAAt707","BEA_API"
1940,1,"Government fixed assets",13.6,"e1gtotl1es00","0","FAAt707","BEA_API"
1941,1,"Government fixed assets",12.6,"e1gtotl1es00","0","FAAt707","BEA_API"
1942,1,"Government fixed assets",10.4,"e1gtotl1es00","0","FAAt707","BEA_API"
1943,1,"Government fixed assets",9.1,"e1gtotl1es00","0","FAAt707","BEA_API"
1944,1,"Government fixed assets",8.6,"e1gtotl1es00","0","FAAt707","BEA_API"
1945,1,"Government fixed assets",8.8,"e1gtotl1es00","0","FAAt707","BEA_API"
1946,1,"Government fixed assets",10.3,"e1gtotl1es00","0","FAAt707","BEA_API"
1947,1,"Government fixed assets",12.4,"e1gtotl1es00","0","FAAt707","BEA_API"
1948,1,"Government fixed assets",13.8,"e1gtotl1es00","0","FAAt707","BEA_API"
1949,1,"Government fixed assets",14.4,"e1gtotl1es00","0","FAAt707","BEA_API"
1950,1,"Government fixed assets",15.2,"e1gtotl1es00","0","FAAt707","BEA_API"
1951,1,"Government fixed assets",15.2,"e1gtotl1es00","0","FAAt707","BEA_API"
1952,1,"Government fixed assets",15,"e1gtotl1es00","0","FAAt707","BEA_API"
1953,1,"Government fixed assets",14.7,"e1gtotl1es00","0","FAAt707","BEA_API"
1954,1,"Government fixed assets",14.5,"e1gtotl1es00","0","FAAt707","BEA_API"
1955,1,"Government fixed assets",14.6,"e1gtotl1es00","0","FAAt707","BEA_API"
1956,1,"Government fixed assets",14.7,"e1gtotl1es00","0","FAAt707","BEA_API"
1957,1,"Government fixed assets",14.6,"e1gtotl1es00","0","FAAt707","BEA_API"
1958,1,"Government fixed assets",14.6,"e1gtotl1es00","0","FAAt707","BEA_API"
1959,1,"Government fixed assets",14.4,"e1gtotl1es00","0","FAAt707","BEA_API"
1960,1,"Government fixed assets",14.4,"e1gtotl1es00","0","FAAt707","BEA_API"
1961,1,"Government fixed assets",14.3,"e1gtotl1es00","0","FAAt707","BEA_API"
1962,1,"Government fixed assets",14.2,"e1gtotl1es00","0","FAAt707","BEA_API"
1963,1,"Government fixed assets",14.2,"e1gtotl1es00","0","FAAt707","BEA_API"
1964,1,"Government fixed assets",14.2,"e1gtotl1es00","0","FAAt707","BEA_API"
1965,1,"Government fixed assets",14.2,"e1gtotl1es00","0","FAAt707","BEA_API"
1966,1,"Government fixed assets",14.2,"e1gtotl1es00","0","FAAt707","BEA_API"
1967,1,"Government fixed assets",14.3,"e1gtotl1es00","0","FAAt707","BEA_API"
1968,1,"Government fixed assets",14.3,"e1gtotl1es00","0","FAAt707","BEA_API"
1969,1,"Government fixed assets",14.5,"e1gtotl1es00","0","FAAt707","BEA_API"
1970,1,"Government fixed assets",14.8,"e1gtotl1es00","0","FAAt707","BEA_API"
1971,1,"Government fixed assets",15.1,"e1gtotl1es00","0","FAAt707","BEA_API"
1972,1,"Government fixed assets",15.6,"e1gtotl1es00","0","FAAt707","BEA_API"
1973,1,"Government fixed assets",15.9,"e1gtotl1es00","0","FAAt707","BEA_API"
1974,1,"Government fixed assets",16.4,"e1gtotl1es00","0","FAAt707","BEA_API"
1975,1,"Government fixed assets",16.6,"e1gtotl1es00","0","FAAt707","BEA_API"
1976,1,"Government fixed assets",16.9,"e1gtotl1es00","0","FAAt707","BEA_API"
1977,1,"Government fixed assets",17,"e1gtotl1es00","0","FAAt707","BEA_API"
1978,1,"Government fixed assets",17.3,"e1gtotl1es00","0","FAAt707","BEA_API"
1979,1,"Government fixed assets",17.6,"e1gtotl1es00","0","FAAt707","BEA_API"
1980,1,"Government fixed assets",17.8,"e1gtotl1es00","0","FAAt707","BEA_API"
1981,1,"Government fixed assets",18,"e1gtotl1es00","0","FAAt707","BEA_API"
1982,1,"Government fixed assets",18.2,"e1gtotl1es00","0","FAAt707","BEA_API"
1983,1,"Government fixed assets",18.3,"e1gtotl1es00","0","FAAt707","BEA_API"
1984,1,"Government fixed assets",18.4,"e1gtotl1es00","0","FAAt707","BEA_API"
1985,1,"Government fixed assets",18.5,"e1gtotl1es00","0","FAAt707","BEA_API"
1986,1,"Government fixed assets",18.6,"e1gtotl1es00","0","FAAt707","BEA_API"
1987,1,"Government fixed assets",18.6,"e1gtotl1es00","0","FAAt707","BEA_API"
1988,1,"Government fixed assets",18.6,"e1gtotl1es00","0","FAAt707","BEA_API"
1989,1,"Government fixed assets",18.7,"e1gtotl1es00","0","FAAt707","BEA_API"
1990,1,"Government fixed assets",18.8,"e1gtotl1es00","0","FAAt707","BEA_API"
1991,1,"Government fixed assets",18.9,"e1gtotl1es00","0","FAAt707","BEA_API"
1992,1,"Government fixed assets",19.1,"e1gtotl1es00","0","FAAt707","BEA_API"
1993,1,"Government fixed assets",19.3,"e1gtotl1es00","0","FAAt707","BEA_API"
1994,1,"Government fixed assets",19.5,"e1gtotl1es00","0","FAAt707","BEA_API"
1995,1,"Government fixed assets",19.8,"e1gtotl1es00","0","FAAt707","BEA_API"
1996,1,"Government fixed assets",20,"e1gtotl1es00","0","FAAt707","BEA_API"
1997,1,"Government fixed assets",20.2,"e1gtotl1es00","0","FAAt707","BEA_API"
1998,1,"Government fixed assets",20.4,"e1gtotl1es00","0","FAAt707","BEA_API"
1999,1,"Government fixed assets",20.5,"e1gtotl1es00","0","FAAt707","BEA_API"
2000,1,"Government fixed assets",20.7,"e1gtotl1es00","0","FAAt707","BEA_API"
2001,1,"Government fixed assets",20.9,"e1gtotl1es00","0","FAAt707","BEA_API"
2002,1,"Government fixed assets",20.9,"e1gtotl1es00","0","FAAt707","BEA_API"
2003,1,"Government fixed assets",21,"e1gtotl1es00","0","FAAt707","BEA_API"
2004,1,"Government fixed assets",21.2,"e1gtotl1es00","0","FAAt707","BEA_API"
2005,1,"Government fixed assets",21.4,"e1gtotl1es00","0","FAAt707","BEA_API"
2006,1,"Government fixed assets",21.6,"e1gtotl1es00","0","FAAt707","BEA_API"
2007,1,"Government fixed assets",21.8,"e1gtotl1es00","0","FAAt707","BEA_API"
2008,1,"Government fixed assets",21.9,"e1gtotl1es00","0","FAAt707","BEA_API"
2009,1,"Government fixed assets",21.9,"e1gtotl1es00","0","FAAt707","BEA_API"
2010,1,"Government fixed assets",22,"e1gtotl1es00","0","FAAt707","BEA_API"
2011,1,"Government fixed assets",22.3,"e1gtotl1es00","0","FAAt707","BEA_API"
2012,1,"Government fixed assets",22.6,"e1gtotl1es00","0","FAAt707","BEA_API"
2013,1,"Government fixed assets",22.9,"e1gtotl1es00","0","FAAt707","BEA_API"
2014,1,"Government fixed assets",23.2,"e1gtotl1es00","0","FAAt707","BEA_API"
2015,1,"Government fixed assets",23.5,"e1gtotl1es00","0","FAAt707","BEA_API"
2016,1,"Government fixed assets",23.8,"e1gtotl1es00","0","FAAt707","BEA_API"
2017,1,"Government fixed assets",24.1,"e1gtotl1es00","0","FAAt707","BEA_API"
2018,1,"Government fixed assets",24.3,"e1gtotl1es00","0","FAAt707","BEA_API"
2019,1,"Government fixed assets",24.5,"e1gtotl1es00","0","FAAt707","BEA_API"
2020,1,"Government fixed assets",24.7,"e1gtotl1es00","0","FAAt707","BEA_API"
2021,1,"Government fixed assets",25.1,"e1gtotl1es00","0","FAAt707","BEA_API"
2022,1,"Government fixed assets",25.4,"e1gtotl1es00","0","FAAt707","BEA_API"
2023,1,"Government fixed assets",25.6,"e1gtotl1es00","0","FAAt707","BEA_API"
2024,1,"Government fixed assets",25.7,"e1gtotl1es00","0","FAAt707","BEA_API"
1925,2,"Equipment",7.1,"e1gtotl1eq00","0","FAAt707","BEA_API"
1926,2,"Equipment",7.6,"e1gtotl1eq00","0","FAAt707","BEA_API"
1927,2,"Equipment",7.8,"e1gtotl1eq00","0","FAAt707","BEA_API"
1928,2,"Equipment",8.1,"e1gtotl1eq00","0","FAAt707","BEA_API"
1929,2,"Equipment",8.7,"e1gtotl1eq00","0","FAAt707","BEA_API"
1930,2,"Equipment",9,"e1gtotl1eq00","0","FAAt707","BEA_API"
1931,2,"Equipment",9.3,"e1gtotl1eq00","0","FAAt707","BEA_API"
1932,2,"Equipment",9.7,"e1gtotl1eq00","0","FAAt707","BEA_API"
1933,2,"Equipment",10.2,"e1gtotl1eq00","0","FAAt707","BEA_API"
1934,2,"Equipment",10.3,"e1gtotl1eq00","0","FAAt707","BEA_API"
1935,2,"Equipment",10.1,"e1gtotl1eq00","0","FAAt707","BEA_API"
1936,2,"Equipment",10.1,"e1gtotl1eq00","0","FAAt707","BEA_API"
1937,2,"Equipment",9.9,"e1gtotl1eq00","0","FAAt707","BEA_API"
1938,2,"Equipment",9.6,"e1gtotl1eq00","0","FAAt707","BEA_API"
1939,2,"Equipment",9.2,"e1gtotl1eq00","0","FAAt707","BEA_API"
1940,2,"Equipment",8.9,"e1gtotl1eq00","0","FAAt707","BEA_API"
1941,2,"Equipment",4.9,"e1gtotl1eq00","0","FAAt707","BEA_API"
1942,2,"Equipment",2.1,"e1gtotl1eq00","0","FAAt707","BEA_API"
1943,2,"Equipment",1.5,"e1gtotl1eq00","0","FAAt707","BEA_API"
1944,2,"Equipment",1.7,"e1gtotl1eq00","0","FAAt707","BEA_API"
1945,2,"Equipment",2.3,"e1gtotl1eq00","0","FAAt707","BEA_API"
1946,2,"Equipment",3.6,"e1gtotl1eq00","0","FAAt707","BEA_API"
1947,2,"Equipment",5.2,"e1gtotl1eq00","0","FAAt707","BEA_API"
1948,2,"Equipment",7.2,"e1gtotl1eq00","0","FAAt707","BEA_API"
1949,2,"Equipment",8.7,"e1gtotl1eq00","0","FAAt707","BEA_API"
1950,2,"Equipment",10.6,"e1gtotl1eq00","0","FAAt707","BEA_API"
1951,2,"Equipment",9.9,"e1gtotl1eq00","0","FAAt707","BEA_API"
1952,2,"Equipment",8.9,"e1gtotl1eq00","0","FAAt707","BEA_API"
1953,2,"Equipment",8.2,"e1gtotl1eq00","0","FAAt707","BEA_API"
1954,2,"Equipment",8.1,"e1gtotl1eq00","0","FAAt707","BEA_API"
1955,2,"Equipment",8.2,"e1gtotl1eq00","0","FAAt707","BEA_API"
1956,2,"Equipment",8.3,"e1gtotl1eq00","0","FAAt707","BEA_API"
1957,2,"Equipment",8.3,"e1gtotl1eq00","0","FAAt707","BEA_API"
1958,2,"Equipment",8.3,"e1gtotl1eq00","0","FAAt707","BEA_API"
1959,2,"Equipment",8.2,"e1gtotl1eq00","0","FAAt707","BEA_API"
1960,2,"Equipment",8.2,"e1gtotl1eq00","0","FAAt707","BEA_API"
1961,2,"Equipment",8,"e1gtotl1eq00","0","FAAt707","BEA_API"
1962,2,"Equipment",7.9,"e1gtotl1eq00","0","FAAt707","BEA_API"
1963,2,"Equipment",8,"e1gtotl1eq00","0","FAAt707","BEA_API"
1964,2,"Equipment",8.1,"e1gtotl1eq00","0","FAAt707","BEA_API"
1965,2,"Equipment",8.3,"e1gtotl1eq00","0","FAAt707","BEA_API"
1966,2,"Equipment",8.4,"e1gtotl1eq00","0","FAAt707","BEA_API"
1967,2,"Equipment",8.4,"e1gtotl1eq00","0","FAAt707","BEA_API"
1968,2,"Equipment",8.6,"e1gtotl1eq00","0","FAAt707","BEA_API"
1969,2,"Equipment",8.8,"e1gtotl1eq00","0","FAAt707","BEA_API"
1970,2,"Equipment",9.1,"e1gtotl1eq00","0","FAAt707","BEA_API"
1971,2,"Equipment",9.6,"e1gtotl1eq00","0","FAAt707","BEA_API"
1972,2,"Equipment",10.1,"e1gtotl1eq00","0","FAAt707","BEA_API"
1973,2,"Equipment",10.4,"e1gtotl1eq00","0","FAAt707","BEA_API"
1974,2,"Equipment",10.6,"e1gtotl1eq00","0","FAAt707","BEA_API"
1975,2,"Equipment",10.8,"e1gtotl1eq00","0","FAAt707","BEA_API"
1976,2,"Equipment",10.8,"e1gtotl1eq00","0","FAAt707","BEA_API"
1977,2,"Equipment",10.8,"e1gtotl1eq00","0","FAAt707","BEA_API"
1978,2,"Equipment",10.9,"e1gtotl1eq00","0","FAAt707","BEA_API"
1979,2,"Equipment",11,"e1gtotl1eq00","0","FAAt707","BEA_API"
1980,2,"Equipment",11,"e1gtotl1eq00","0","FAAt707","BEA_API"
1981,2,"Equipment",10.9,"e1gtotl1eq00","0","FAAt707","BEA_API"
1982,2,"Equipment",10.6,"e1gtotl1eq00","0","FAAt707","BEA_API"
1983,2,"Equipment",10.1,"e1gtotl1eq00","0","FAAt707","BEA_API"
1984,2,"Equipment",10.4,"e1gtotl1eq00","0","FAAt707","BEA_API"
1985,2,"Equipment",9.3,"e1gtotl1eq00","0","FAAt707","BEA_API"
1986,2,"Equipment",8.5,"e1gtotl1eq00","0","FAAt707","BEA_API"
1987,2,"Equipment",8,"e1gtotl1eq00","0","FAAt707","BEA_API"
1988,2,"Equipment",7.9,"e1gtotl1eq00","0","FAAt707","BEA_API"
1989,2,"Equipment",7.7,"e1gtotl1eq00","0","FAAt707","BEA_API"
1990,2,"Equipment",7.6,"e1gtotl1eq00","0","FAAt707","BEA_API"
1991,2,"Equipment",7.6,"e1gtotl1eq00","0","FAAt707","BEA_API"
1992,2,"Equipment",7.6,"e1gtotl1eq00","0","FAAt707","BEA_API"
1993,2,"Equipment",7.8,"e1gtotl1eq00","0","FAAt707","BEA_API"
1994,2,"Equipment",8,"e1gtotl1eq00","0","FAAt707","BEA_API"
1995,2,"Equipment",8.3,"e1gtotl1eq00","0","FAAt707","BEA_API"
1996,2,"Equipment",8.4,"e1gtotl1eq00","0","FAAt707","BEA_API"
1997,2,"Equipment",8.5,"e1gtotl1eq00","0","FAAt707","BEA_API"
1998,2,"Equipment",8.6,"e1gtotl1eq00","0","FAAt707","BEA_API"
1999,2,"Equipment",8.6,"e1gtotl1eq00","0","FAAt707","BEA_API"
2000,2,"Equipment",8.7,"e1gtotl1eq00","0","FAAt707","BEA_API"
2001,2,"Equipment",8.8,"e1gtotl1eq00","0","FAAt707","BEA_API"
2002,2,"Equipment",8.8,"e1gtotl1eq00","0","FAAt707","BEA_API"
2003,2,"Equipment",8.9,"e1gtotl1eq00","0","FAAt707","BEA_API"
2004,2,"Equipment",8.8,"e1gtotl1eq00","0","FAAt707","BEA_API"
2005,2,"Equipment",8.7,"e1gtotl1eq00","0","FAAt707","BEA_API"
2006,2,"Equipment",8.5,"e1gtotl1eq00","0","FAAt707","BEA_API"
2007,2,"Equipment",8.4,"e1gtotl1eq00","0","FAAt707","BEA_API"
2008,2,"Equipment",8.2,"e1gtotl1eq00","0","FAAt707","BEA_API"
2009,2,"Equipment",8,"e1gtotl1eq00","0","FAAt707","BEA_API"
2010,2,"Equipment",8,"e1gtotl1eq00","0","FAAt707","BEA_API"
2011,2,"Equipment",8,"e1gtotl1eq00","0","FAAt707","BEA_API"
2012,2,"Equipment",8,"e1gtotl1eq00","0","FAAt707","BEA_API"
2013,2,"Equipment",8.1,"e1gtotl1eq00","0","FAAt707","BEA_API"
2014,2,"Equipment",8.2,"e1gtotl1eq00","0","FAAt707","BEA_API"
2015,2,"Equipment",8.3,"e1gtotl1eq00","0","FAAt707","BEA_API"
2016,2,"Equipment",8.3,"e1gtotl1eq00","0","FAAt707","BEA_API"
2017,2,"Equipment",8.3,"e1gtotl1eq00","0","FAAt707","BEA_API"
2018,2,"Equipment",8.3,"e1gtotl1eq00","0","FAAt707","BEA_API"
2019,2,"Equipment",8.2,"e1gtotl1eq00","0","FAAt707","BEA_API"
2020,2,"Equipment",8.1,"e1gtotl1eq00","0","FAAt707","BEA_API"
2021,2,"Equipment",8.1,"e1gtotl1eq00","0","FAAt707","BEA_API"
2022,2,"Equipment",8.2,"e1gtotl1eq00","0","FAAt707","BEA_API"
2023,2,"Equipment",8.4,"e1gtotl1eq00","0","FAAt707","BEA_API"
2024,2,"Equipment",8.7,"e1gtotl1eq00","0","FAAt707","BEA_API"
1925,3,"Structures",11,"e1gtotl1st00","0","FAAt707","BEA_API"
1926,3,"Structures",11.3,"e1gtotl1st00","0","FAAt707","BEA_API"
1927,3,"Structures",11.6,"e1gtotl1st00","0","FAAt707","BEA_API"
1928,3,"Structures",11.8,"e1gtotl1st00","0","FAAt707","BEA_API"
1929,3,"Structures",12.1,"e1gtotl1st00","0","FAAt707","BEA_API"
1930,3,"Structures",12.2,"e1gtotl1st00","0","FAAt707","BEA_API"
1931,3,"Structures",12.3,"e1gtotl1st00","0","FAAt707","BEA_API"
1932,3,"Structures",12.6,"e1gtotl1st00","0","FAAt707","BEA_API"
1933,3,"Structures",12.8,"e1gtotl1st00","0","FAAt707","BEA_API"
1934,3,"Structures",13.1,"e1gtotl1st00","0","FAAt707","BEA_API"
1935,3,"Structures",13.5,"e1gtotl1st00","0","FAAt707","BEA_API"
1936,3,"Structures",13.4,"e1gtotl1st00","0","FAAt707","BEA_API"
1937,3,"Structures",13.7,"e1gtotl1st00","0","FAAt707","BEA_API"
1938,3,"Structures",13.8,"e1gtotl1st00","0","FAAt707","BEA_API"
1939,3,"Structures",13.9,"e1gtotl1st00","0","FAAt707","BEA_API"
1940,3,"Structures",14,"e1gtotl1st00","0","FAAt707","BEA_API"
1941,3,"Structures",13.5,"e1gtotl1st00","0","FAAt707","BEA_API"
1942,3,"Structures",12.3,"e1gtotl1st00","0","FAAt707","BEA_API"
1943,3,"Structures",12.4,"e1gtotl1st00","0","FAAt707","BEA_API"
1944,3,"Structures",12.9,"e1gtotl1st00","0","FAAt707","BEA_API"
1945,3,"Structures",13.3,"e1gtotl1st00","0","FAAt707","BEA_API"
1946,3,"Structures",14.3,"e1gtotl1st00","0","FAAt707","BEA_API"
1947,3,"Structures",15.6,"e1gtotl1st00","0","FAAt707","BEA_API"
1948,3,"Structures",16.2,"e1gtotl1st00","0","FAAt707","BEA_API"
1949,3,"Structures",16.5,"e1gtotl1st00","0","FAAt707","BEA_API"
1950,3,"Structures",16.8,"e1gtotl1st00","0","FAAt707","BEA_API"
1951,3,"Structures",16.9,"e1gtotl1st00","0","FAAt707","BEA_API"
1952,3,"Structures",17,"e1gtotl1st00","0","FAAt707","BEA_API"
1953,3,"Structures",17.1,"e1gtotl1st00","0","FAAt707","BEA_API"
1954,3,"Structures",17,"e1gtotl1st00","0","FAAt707","BEA_API"
1955,3,"Structures",17.1,"e1gtotl1st00","0","FAAt707","BEA_API"
1956,3,"Structures",17.2,"e1gtotl1st00","0","FAAt707","BEA_API"
1957,3,"Structures",17.2,"e1gtotl1st00","0","FAAt707","BEA_API"
1958,3,"Structures",17.1,"e1gtotl1st00","0","FAAt707","BEA_API"
1959,3,"Structures",17.1,"e1gtotl1st00","0","FAAt707","BEA_API"
1960,3,"Structures",17.2,"e1gtotl1st00","0","FAAt707","BEA_API"
1961,3,"Structures",17.2,"e1gtotl1st00","0","FAAt707","BEA_API"
1962,3,"Structures",17.2,"e1gtotl1st00","0","FAAt707","BEA_API"
1963,3,"Structures",17.2,"e1gtotl1st00","0","FAAt707","BEA_API"
1964,3,"Structures",17.2,"e1gtotl1st00","0","FAAt707","BEA_API"
1965,3,"Structures",17.2,"e1gtotl1st00","0","FAAt707","BEA_API"
1966,3,"Structures",17.1,"e1gtotl1st00","0","FAAt707","BEA_API"
1967,3,"Structures",17.1,"e1gtotl1st00","0","FAAt707","BEA_API"
1968,3,"Structures",17.1,"e1gtotl1st00","0","FAAt707","BEA_API"
1969,3,"Structures",17.2,"e1gtotl1st00","0","FAAt707","BEA_API"
1970,3,"Structures",17.4,"e1gtotl1st00","0","FAAt707","BEA_API"
1971,3,"Structures",17.6,"e1gtotl1st00","0","FAAt707","BEA_API"
1972,3,"Structures",18,"e1gtotl1st00","0","FAAt707","BEA_API"
1973,3,"Structures",18.3,"e1gtotl1st00","0","FAAt707","BEA_API"
1974,3,"Structures",18.5,"e1gtotl1st00","0","FAAt707","BEA_API"
1975,3,"Structures",18.8,"e1gtotl1st00","0","FAAt707","BEA_API"
1976,3,"Structures",19.2,"e1gtotl1st00","0","FAAt707","BEA_API"
1977,3,"Structures",19.5,"e1gtotl1st00","0","FAAt707","BEA_API"
1978,3,"Structures",19.8,"e1gtotl1st00","0","FAAt707","BEA_API"
1979,3,"Structures",20.1,"e1gtotl1st00","0","FAAt707","BEA_API"
1980,3,"Structures",20.3,"e1gtotl1st00","0","FAAt707","BEA_API"
1981,3,"Structures",20.5,"e1gtotl1st00","0","FAAt707","BEA_API"
1982,3,"Structures",20.9,"e1gtotl1st00","0","FAAt707","BEA_API"
1983,3,"Structures",21.3,"e1gtotl1st00","0","FAAt707","BEA_API"
1984,3,"Structures",21.6,"e1gtotl1st00","0","FAAt707","BEA_API"
1985,3,"Structures",21.9,"e1gtotl1st00","0","FAAt707","BEA_API"
1986,3,"Structures",22.1,"e1gtotl1st00","0","FAAt707","BEA_API"
1987,3,"Structures",22.3,"e1gtotl1st00","0","FAAt707","BEA_API"
1988,3,"Structures",22.5,"e1gtotl1st00","0","FAAt707","BEA_API"
1989,3,"Structures",22.7,"e1gtotl1st00","0","FAAt707","BEA_API"
1990,3,"Structures",22.8,"e1gtotl1st00","0","FAAt707","BEA_API"
1991,3,"Structures",23,"e1gtotl1st00","0","FAAt707","BEA_API"
1992,3,"Structures",23.2,"e1gtotl1st00","0","FAAt707","BEA_API"
1993,3,"Structures",23.4,"e1gtotl1st00","0","FAAt707","BEA_API"
1994,3,"Structures",23.5,"e1gtotl1st00","0","FAAt707","BEA_API"
1995,3,"Structures",23.7,"e1gtotl1st00","0","FAAt707","BEA_API"
1996,3,"Structures",23.7,"e1gtotl1st00","0","FAAt707","BEA_API"
1997,3,"Structures",23.8,"e1gtotl1st00","0","FAAt707","BEA_API"
1998,3,"Structures",23.9,"e1gtotl1st00","0","FAAt707","BEA_API"
1999,3,"Structures",24,"e1gtotl1st00","0","FAAt707","BEA_API"
2000,3,"Structures",24.1,"e1gtotl1st00","0","FAAt707","BEA_API"
2001,3,"Structures",24.1,"e1gtotl1st00","0","FAAt707","BEA_API"
2002,3,"Structures",24.1,"e1gtotl1st00","0","FAAt707","BEA_API"
2003,3,"Structures",24.2,"e1gtotl1st00","0","FAAt707","BEA_API"
2004,3,"Structures",24.2,"e1gtotl1st00","0","FAAt707","BEA_API"
2005,3,"Structures",24.4,"e1gtotl1st00","0","FAAt707","BEA_API"
2006,3,"Structures",24.5,"e1gtotl1st00","0","FAAt707","BEA_API"
2007,3,"Structures",24.6,"e1gtotl1st00","0","FAAt707","BEA_API"
2008,3,"Structures",24.7,"e1gtotl1st00","0","FAAt707","BEA_API"
2009,3,"Structures",24.8,"e1gtotl1st00","0","FAAt707","BEA_API"
2010,3,"Structures",25,"e1gtotl1st00","0","FAAt707","BEA_API"
2011,3,"Structures",25.2,"e1gtotl1st00","0","FAAt707","BEA_API"
2012,3,"Structures",25.5,"e1gtotl1st00","0","FAAt707","BEA_API"
2013,3,"Structures",25.9,"e1gtotl1st00","0","FAAt707","BEA_API"
2014,3,"Structures",26.2,"e1gtotl1st00","0","FAAt707","BEA_API"
2015,3,"Structures",26.5,"e1gtotl1st00","0","FAAt707","BEA_API"
2016,3,"Structures",26.8,"e1gtotl1st00","0","FAAt707","BEA_API"
2017,3,"Structures",27,"e1gtotl1st00","0","FAAt707","BEA_API"
2018,3,"Structures",27.3,"e1gtotl1st00","0","FAAt707","BEA_API"
2019,3,"Structures",27.5,"e1gtotl1st00","0","FAAt707","BEA_API"
2020,3,"Structures",27.8,"e1gtotl1st00","0","FAAt707","BEA_API"
2021,3,"Structures",28.1,"e1gtotl1st00","0","FAAt707","BEA_API"
2022,3,"Structures",28.3,"e1gtotl1st00","0","FAAt707","BEA_API"
2023,3,"Structures",28.6,"e1gtotl1st00","0","FAAt707","BEA_API"
2024,3,"Structures",28.8,"e1gtotl1st00","0","FAAt707","BEA_API"
1925,4,"Residential",0,"e1gtotl1sa00","0","FAAt707","BEA_API"
1926,4,"Residential",0,"e1gtotl1sa00","0","FAAt707","BEA_API"
1927,4,"Residential",0,"e1gtotl1sa00","0","FAAt707","BEA_API"
1928,4,"Residential",0,"e1gtotl1sa00","0","FAAt707","BEA_API"
1929,4,"Residential",0.5,"e1gtotl1sa00","0","FAAt707","BEA_API"
1930,4,"Residential",1,"e1gtotl1sa00","0","FAAt707","BEA_API"
1931,4,"Residential",1.5,"e1gtotl1sa00","0","FAAt707","BEA_API"
1932,4,"Residential",2,"e1gtotl1sa00","0","FAAt707","BEA_API"
1933,4,"Residential",2.6,"e1gtotl1sa00","0","FAAt707","BEA_API"
1934,4,"Residential",3,"e1gtotl1sa00","0","FAAt707","BEA_API"
1935,4,"Residential",2.6,"e1gtotl1sa00","0","FAAt707","BEA_API"
1936,4,"Residential",1.4,"e1gtotl1sa00","0","FAAt707","BEA_API"
1937,4,"Residential",1.5,"e1gtotl1sa00","0","FAAt707","BEA_API"
1938,4,"Residential",2.2,"e1gtotl1sa00","0","FAAt707","BEA_API"
1939,4,"Residential",2.7,"e1gtotl1sa00","0","FAAt707","BEA_API"
1940,4,"Residential",2.6,"e1gtotl1sa00","0","FAAt707","BEA_API"
1941,4,"Residential",2.1,"e1gtotl1sa00","0","FAAt707","BEA_API"
1942,4,"Residential",2.2,"e1gtotl1sa00","0","FAAt707","BEA_API"
1943,4,"Residential",2.3,"e1gtotl1sa00","0","FAAt707","BEA_API"
1944,4,"Residential",3,"e1gtotl1sa00","0","FAAt707","BEA_API"
1945,4,"Residential",3.9,"e1gtotl1sa00","0","FAAt707","BEA_API"
1946,4,"Residential",4.4,"e1gtotl1sa00","0","FAAt707","BEA_API"
1947,4,"Residential",5.2,"e1gtotl1sa00","0","FAAt707","BEA_API"
1948,4,"Residential",6.1,"e1gtotl1sa00","0","FAAt707","BEA_API"
1949,4,"Residential",6.6,"e1gtotl1sa00","0","FAAt707","BEA_API"
1950,4,"Residential",7.3,"e1gtotl1sa00","0","FAAt707","BEA_API"
1951,4,"Residential",7.7,"e1gtotl1sa00","0","FAAt707","BEA_API"
1952,4,"Residential",7.8,"e1gtotl1sa00","0","FAAt707","BEA_API"
1953,4,"Residential",8.2,"e1gtotl1sa00","0","FAAt707","BEA_API"
1954,4,"Residential",9.4,"e1gtotl1sa00","0","FAAt707","BEA_API"
1955,4,"Residential",9.1,"e1gtotl1sa00","0","FAAt707","BEA_API"
1956,4,"Residential",10.1,"e1gtotl1sa00","0","FAAt707","BEA_API"
1957,4,"Residential",10.5,"e1gtotl1sa00","0","FAAt707","BEA_API"
1958,4,"Residential",10.5,"e1gtotl1sa00","0","FAAt707","BEA_API"
1959,4,"Residential",10.5,"e1gtotl1sa00","0","FAAt707","BEA_API"
1960,4,"Residential",10.8,"e1gtotl1sa00","0","FAAt707","BEA_API"
1961,4,"Residential",11,"e1gtotl1sa00","0","FAAt707","BEA_API"
1962,4,"Residential",11.1,"e1gtotl1sa00","0","FAAt707","BEA_API"
1963,4,"Residential",11.6,"e1gtotl1sa00","0","FAAt707","BEA_API"
1964,4,"Residential",12,"e1gtotl1sa00","0","FAAt707","BEA_API"
1965,4,"Residential",12.4,"e1gtotl1sa00","0","FAAt707","BEA_API"
1966,4,"Residential",12.7,"e1gtotl1sa00","0","FAAt707","BEA_API"
1967,4,"Residential",13,"e1gtotl1sa00","0","FAAt707","BEA_API"
1968,4,"Residential",13.3,"e1gtotl1sa00","0","FAAt707","BEA_API"
1969,4,"Residential",13.6,"e1gtotl1sa00","0","FAAt707","BEA_API"
1970,4,"Residential",13.8,"e1gtotl1sa00","0","FAAt707","BEA_API"
1971,4,"Residential",14,"e1gtotl1sa00","0","FAAt707","BEA_API"
1972,4,"Residential",14.4,"e1gtotl1sa00","0","FAAt707","BEA_API"
1973,4,"Residential",14.7,"e1gtotl1sa00","0","FAAt707","BEA_API"
1974,4,"Residential",15,"e1gtotl1sa00","0","FAAt707","BEA_API"
1975,4,"Residential",15.2,"e1gtotl1sa00","0","FAAt707","BEA_API"
1976,4,"Residential",15.7,"e1gtotl1sa00","0","FAAt707","BEA_API"
1977,4,"Residential",16.1,"e1gtotl1sa00","0","FAAt707","BEA_API"
1978,4,"Residential",16.6,"e1gtotl1sa00","0","FAAt707","BEA_API"
1979,4,"Residential",17.2,"e1gtotl1sa00","0","FAAt707","BEA_API"
1980,4,"Residential",17.4,"e1gtotl1sa00","0","FAAt707","BEA_API"
1981,4,"Residential",17.8,"e1gtotl1sa00","0","FAAt707","BEA_API"
1982,4,"Residential",18.2,"e1gtotl1sa00","0","FAAt707","BEA_API"
1983,4,"Residential",18.6,"e1gtotl1sa00","0","FAAt707","BEA_API"
1984,4,"Residential",18.9,"e1gtotl1sa00","0","FAAt707","BEA_API"
1985,4,"Residential",19,"e1gtotl1sa00","0","FAAt707","BEA_API"
1986,4,"Residential",19.1,"e1gtotl1sa00","0","FAAt707","BEA_API"
1987,4,"Residential",19.3,"e1gtotl1sa00","0","FAAt707","BEA_API"
1988,4,"Residential",19.7,"e1gtotl1sa00","0","FAAt707","BEA_API"
1989,4,"Residential",20,"e1gtotl1sa00","0","FAAt707","BEA_API"
1990,4,"Residential",20.3,"e1gtotl1sa00","0","FAAt707","BEA_API"
1991,4,"Residential",20.6,"e1gtotl1sa00","0","FAAt707","BEA_API"
1992,4,"Residential",20.9,"e1gtotl1sa00","0","FAAt707","BEA_API"
1993,4,"Residential",21.2,"e1gtotl1sa00","0","FAAt707","BEA_API"
1994,4,"Residential",21.6,"e1gtotl1sa00","0","FAAt707","BEA_API"
1995,4,"Residential",21.9,"e1gtotl1sa00","0","FAAt707","BEA_API"
1996,4,"Residential",22.2,"e1gtotl1sa00","0","FAAt707","BEA_API"
1997,4,"Residential",22.5,"e1gtotl1sa00","0","FAAt707","BEA_API"
1998,4,"Residential",22.9,"e1gtotl1sa00","0","FAAt707","BEA_API"
1999,4,"Residential",23.2,"e1gtotl1sa00","0","FAAt707","BEA_API"
2000,4,"Residential",23.6,"e1gtotl1sa00","0","FAAt707","BEA_API"
2001,4,"Residential",24,"e1gtotl1sa00","0","FAAt707","BEA_API"
2002,4,"Residential",24.3,"e1gtotl1sa00","0","FAAt707","BEA_API"
2003,4,"Residential",24.6,"e1gtotl1sa00","0","FAAt707","BEA_API"
2004,4,"Residential",25,"e1gtotl1sa00","0","FAAt707","BEA_API"
2005,4,"Residential",25.3,"e1gtotl1sa00","0","FAAt707","BEA_API"
2006,4,"Residential",25.7,"e1gtotl1sa00","0","FAAt707","BEA_API"
2007,4,"Residential",26.1,"e1gtotl1sa00","0","FAAt707","BEA_API"
2008,4,"Residential",26.5,"e1gtotl1sa00","0","FAAt707","BEA_API"
2009,4,"Residential",26.8,"e1gtotl1sa00","0","FAAt707","BEA_API"
2010,4,"Residential",27.1,"e1gtotl1sa00","0","FAAt707","BEA_API"
2011,4,"Residential",27.5,"e1gtotl1sa00","0","FAAt707","BEA_API"
2012,4,"Residential",28,"e1gtotl1sa00","0","FAAt707","BEA_API"
2013,4,"Residential",28.5,"e1gtotl1sa00","0","FAAt707","BEA_API"
2014,4,"Residential",29.1,"e1gtotl1sa00","0","FAAt707","BEA_API"
2015,4,"Residential",29.7,"e1gtotl1sa00","0","FAAt707","BEA_API"
2016,4,"Residential",30.3,"e1gtotl1sa00","0","FAAt707","BEA_API"
2017,4,"Residential",30.8,"e1gtotl1sa00","0","FAAt707","BEA_API"
2018,4,"Residential",31.4,"e1gtotl1sa00","0","FAAt707","BEA_API"
2019,4,"Residential",31.8,"e1gtotl1sa00","0","FAAt707","BEA_API"
2020,4,"Residential",32.5,"e1gtotl1sa00","0","FAAt707","BEA_API"
2021,4,"Residential",33.2,"e1gtotl1sa00","0","FAAt707","BEA_API"
2022,4,"Residential",34,"e1gtotl1sa00","0","FAAt707","BEA_API"
2023,4,"Residential",34.5,"e1gtotl1sa00","0","FAAt707","BEA_API"
2024,4,"Residential",34.9,"e1gtotl1sa00","0","FAAt707","BEA_API"
1925,5,"Industrial",0,"e1gtotl1sj00","0","FAAt707","BEA_API"
1926,5,"Industrial",0,"e1gtotl1sj00","0","FAAt707","BEA_API"
1927,5,"Industrial",0,"e1gtotl1sj00","0","FAAt707","BEA_API"
1928,5,"Industrial",0,"e1gtotl1sj00","0","FAAt707","BEA_API"
1929,5,"Industrial",0,"e1gtotl1sj00","0","FAAt707","BEA_API"
1930,5,"Industrial",0,"e1gtotl1sj00","0","FAAt707","BEA_API"
1931,5,"Industrial",0,"e1gtotl1sj00","0","FAAt707","BEA_API"
1932,5,"Industrial",0,"e1gtotl1sj00","0","FAAt707","BEA_API"
1933,5,"Industrial",0.5,"e1gtotl1sj00","0","FAAt707","BEA_API"
1934,5,"Industrial",0.7,"e1gtotl1sj00","0","FAAt707","BEA_API"
1935,5,"Industrial",1.4,"e1gtotl1sj00","0","FAAt707","BEA_API"
1936,5,"Industrial",1.2,"e1gtotl1sj00","0","FAAt707","BEA_API"
1937,5,"Industrial",1.6,"e1gtotl1sj00","0","FAAt707","BEA_API"
1938,5,"Industrial",1.9,"e1gtotl1sj00","0","FAAt707","BEA_API"
1939,5,"Industrial",2.6,"e1gtotl1sj00","0","FAAt707","BEA_API"
1940,5,"Industrial",2.1,"e1gtotl1sj00","0","FAAt707","BEA_API"
1941,5,"Industrial",1,"e1gtotl1sj00","0","FAAt707","BEA_API"
1942,5,"Industrial",1,"e1gtotl1sj00","0","FAAt707","BEA_API"
1943,5,"Industrial",1.6,"e1gtotl1sj00","0","FAAt707","BEA_API"
1944,5,"Industrial",2.3,"e1gtotl1sj00","0","FAAt707","BEA_API"
1945,5,"Industrial",3.1,"e1gtotl1sj00","0","FAAt707","BEA_API"
1946,5,"Industrial",4.1,"e1gtotl1sj00","0","FAAt707","BEA_API"
1947,5,"Industrial",5.1,"e1gtotl1sj00","0","FAAt707","BEA_API"
1948,5,"Industrial",6,"e1gtotl1sj00","0","FAAt707","BEA_API"
1949,5,"Industrial",6.9,"e1gtotl1sj00","0","FAAt707","BEA_API"
1950,5,"Industrial",7.8,"e1gtotl1sj00","0","FAAt707","BEA_API"
1951,5,"Industrial",8.3,"e1gtotl1sj00","0","FAAt707","BEA_API"
1952,5,"Industrial",8.4,"e1gtotl1sj00","0","FAAt707","BEA_API"
1953,5,"Industrial",8.5,"e1gtotl1sj00","0","FAAt707","BEA_API"
1954,5,"Industrial",8.7,"e1gtotl1sj00","0","FAAt707","BEA_API"
1955,5,"Industrial",9.4,"e1gtotl1sj00","0","FAAt707","BEA_API"
1956,5,"Industrial",10.2,"e1gtotl1sj00","0","FAAt707","BEA_API"
1957,5,"Industrial",10.9,"e1gtotl1sj00","0","FAAt707","BEA_API"
1958,5,"Industrial",11.7,"e1gtotl1sj00","0","FAAt707","BEA_API"
1959,5,"Industrial",12.5,"e1gtotl1sj00","0","FAAt707","BEA_API"
1960,5,"Industrial",13.2,"e1gtotl1sj00","0","FAAt707","BEA_API"
1961,5,"Industrial",13.9,"e1gtotl1sj00","0","FAAt707","BEA_API"
1962,5,"Industrial",14.6,"e1gtotl1sj00","0","FAAt707","BEA_API"
1963,5,"Industrial",15.4,"e1gtotl1sj00","0","FAAt707","BEA_API"
1964,5,"Industrial",16.3,"e1gtotl1sj00","0","FAAt707","BEA_API"
1965,5,"Industrial",17.3,"e1gtotl1sj00","0","FAAt707","BEA_API"
1966,5,"Industrial",18.2,"e1gtotl1sj00","0","FAAt707","BEA_API"
1967,5,"Industrial",19.1,"e1gtotl1sj00","0","FAAt707","BEA_API"
1968,5,"Industrial",19.9,"e1gtotl1sj00","0","FAAt707","BEA_API"
1969,5,"Industrial",20.8,"e1gtotl1sj00","0","FAAt707","BEA_API"
1970,5,"Industrial",21.6,"e1gtotl1sj00","0","FAAt707","BEA_API"
1971,5,"Industrial",22.2,"e1gtotl1sj00","0","FAAt707","BEA_API"
1972,5,"Industrial",22.9,"e1gtotl1sj00","0","FAAt707","BEA_API"
1973,5,"Industrial",23.7,"e1gtotl1sj00","0","FAAt707","BEA_API"
1974,5,"Industrial",24.5,"e1gtotl1sj00","0","FAAt707","BEA_API"
1975,5,"Industrial",25.5,"e1gtotl1sj00","0","FAAt707","BEA_API"
1976,5,"Industrial",26.5,"e1gtotl1sj00","0","FAAt707","BEA_API"
1977,5,"Industrial",27.3,"e1gtotl1sj00","0","FAAt707","BEA_API"
1978,5,"Industrial",28.2,"e1gtotl1sj00","0","FAAt707","BEA_API"
1979,5,"Industrial",28.9,"e1gtotl1sj00","0","FAAt707","BEA_API"
1980,5,"Industrial",29.7,"e1gtotl1sj00","0","FAAt707","BEA_API"
1981,5,"Industrial",30.4,"e1gtotl1sj00","0","FAAt707","BEA_API"
1982,5,"Industrial",31,"e1gtotl1sj00","0","FAAt707","BEA_API"
1983,5,"Industrial",31.5,"e1gtotl1sj00","0","FAAt707","BEA_API"
1984,5,"Industrial",32,"e1gtotl1sj00","0","FAAt707","BEA_API"
1985,5,"Industrial",32.3,"e1gtotl1sj00","0","FAAt707","BEA_API"
1986,5,"Industrial",32.7,"e1gtotl1sj00","0","FAAt707","BEA_API"
1987,5,"Industrial",33.2,"e1gtotl1sj00","0","FAAt707","BEA_API"
1988,5,"Industrial",33.7,"e1gtotl1sj00","0","FAAt707","BEA_API"
1989,5,"Industrial",34.2,"e1gtotl1sj00","0","FAAt707","BEA_API"
1990,5,"Industrial",34.8,"e1gtotl1sj00","0","FAAt707","BEA_API"
1991,5,"Industrial",35.1,"e1gtotl1sj00","0","FAAt707","BEA_API"
1992,5,"Industrial",35.5,"e1gtotl1sj00","0","FAAt707","BEA_API"
1993,5,"Industrial",36.1,"e1gtotl1sj00","0","FAAt707","BEA_API"
1994,5,"Industrial",36.7,"e1gtotl1sj00","0","FAAt707","BEA_API"
1995,5,"Industrial",37.3,"e1gtotl1sj00","0","FAAt707","BEA_API"
1996,5,"Industrial",37.9,"e1gtotl1sj00","0","FAAt707","BEA_API"
1997,5,"Industrial",38.7,"e1gtotl1sj00","0","FAAt707","BEA_API"
1998,5,"Industrial",39.5,"e1gtotl1sj00","0","FAAt707","BEA_API"
1999,5,"Industrial",40.4,"e1gtotl1sj00","0","FAAt707","BEA_API"
2000,5,"Industrial",41.2,"e1gtotl1sj00","0","FAAt707","BEA_API"
2001,5,"Industrial",41.9,"e1gtotl1sj00","0","FAAt707","BEA_API"
2002,5,"Industrial",42.5,"e1gtotl1sj00","0","FAAt707","BEA_API"
2003,5,"Industrial",43.2,"e1gtotl1sj00","0","FAAt707","BEA_API"
2004,5,"Industrial",43.9,"e1gtotl1sj00","0","FAAt707","BEA_API"
2005,5,"Industrial",44.7,"e1gtotl1sj00","0","FAAt707","BEA_API"
2006,5,"Industrial",45.5,"e1gtotl1sj00","0","FAAt707","BEA_API"
2007,5,"Industrial",46.3,"e1gtotl1sj00","0","FAAt707","BEA_API"
2008,5,"Industrial",47,"e1gtotl1sj00","0","FAAt707","BEA_API"
2009,5,"Industrial",47.5,"e1gtotl1sj00","0","FAAt707","BEA_API"
2010,5,"Industrial",48.1,"e1gtotl1sj00","0","FAAt707","BEA_API"
2011,5,"Industrial",48.6,"e1gtotl1sj00","0","FAAt707","BEA_API"
2012,5,"Industrial",49.2,"e1gtotl1sj00","0","FAAt707","BEA_API"
2013,5,"Industrial",49.8,"e1gtotl1sj00","0","FAAt707","BEA_API"
2014,5,"Industrial",50.5,"e1gtotl1sj00","0","FAAt707","BEA_API"
2015,5,"Industrial",51.1,"e1gtotl1sj00","0","FAAt707","BEA_API"
2016,5,"Industrial",51.4,"e1gtotl1sj00","0","FAAt707","BEA_API"
2017,5,"Industrial",51.8,"e1gtotl1sj00","0","FAAt707","BEA_API"
2018,5,"Industrial",52.1,"e1gtotl1sj00","0","FAAt707","BEA_API"
2019,5,"Industrial",52.4,"e1gtotl1sj00","0","FAAt707","BEA_API"
2020,5,"Industrial",52.5,"e1gtotl1sj00","0","FAAt707","BEA_API"
2021,5,"Industrial",52.4,"e1gtotl1sj00","0","FAAt707","BEA_API"
2022,5,"Industrial",52.3,"e1gtotl1sj00","0","FAAt707","BEA_API"
2023,5,"Industrial",51.7,"e1gtotl1sj00","0","FAAt707","BEA_API"
2024,5,"Industrial",50.9,"e1gtotl1sj00","0","FAAt707","BEA_API"
1925,6,"Office",14.6,"e1gtotl1sd00","0","FAAt707","BEA_API"
1926,6,"Office",14.4,"e1gtotl1sd00","0","FAAt707","BEA_API"
1927,6,"Office",14.3,"e1gtotl1sd00","0","FAAt707","BEA_API"
1928,6,"Office",14.2,"e1gtotl1sd00","0","FAAt707","BEA_API"
1929,6,"Office",13.8,"e1gtotl1sd00","0","FAAt707","BEA_API"
1930,6,"Office",13.5,"e1gtotl1sd00","0","FAAt707","BEA_API"
1931,6,"Office",13.1,"e1gtotl1sd00","0","FAAt707","BEA_API"
1932,6,"Office",13.3,"e1gtotl1sd00","0","FAAt707","BEA_API"
1933,6,"Office",13.8,"e1gtotl1sd00","0","FAAt707","BEA_API"
1934,6,"Office",13.7,"e1gtotl1sd00","0","FAAt707","BEA_API"
1935,6,"Office",13.9,"e1gtotl1sd00","0","FAAt707","BEA_API"
1936,6,"Office",13.1,"e1gtotl1sd00","0","FAAt707","BEA_API"
1937,6,"Office",12.7,"e1gtotl1sd00","0","FAAt707","BEA_API"
1938,6,"Office",12.4,"e1gtotl1sd00","0","FAAt707","BEA_API"
1939,6,"Office",12.4,"e1gtotl1sd00","0","FAAt707","BEA_API"
1940,6,"Office",12.9,"e1gtotl1sd00","0","FAAt707","BEA_API"
1941,6,"Office",13.5,"e1gtotl1sd00","0","FAAt707","BEA_API"
1942,6,"Office",14.3,"e1gtotl1sd00","0","FAAt707","BEA_API"
1943,6,"Office",15.4,"e1gtotl1sd00","0","FAAt707","BEA_API"
1944,6,"Office",16.5,"e1gtotl1sd00","0","FAAt707","BEA_API"
1945,6,"Office",17.7,"e1gtotl1sd00","0","FAAt707","BEA_API"
1946,6,"Office",21.7,"e1gtotl1sd00","0","FAAt707","BEA_API"
1947,6,"Office",22.8,"e1gtotl1sd00","0","FAAt707","BEA_API"
1948,6,"Office",23,"e1gtotl1sd00","0","FAAt707","BEA_API"
1949,6,"Office",22.3,"e1gtotl1sd00","0","FAAt707","BEA_API"
1950,6,"Office",21.8,"e1gtotl1sd00","0","FAAt707","BEA_API"
1951,6,"Office",20.9,"e1gtotl1sd00","0","FAAt707","BEA_API"
1952,6,"Office",20.7,"e1gtotl1sd00","0","FAAt707","BEA_API"
1953,6,"Office",20.3,"e1gtotl1sd00","0","FAAt707","BEA_API"
1954,6,"Office",19.5,"e1gtotl1sd00","0","FAAt707","BEA_API"
1955,6,"Office",19.4,"e1gtotl1sd00","0","FAAt707","BEA_API"
1956,6,"Office",18.8,"e1gtotl1sd00","0","FAAt707","BEA_API"
1957,6,"Office",18.3,"e1gtotl1sd00","0","FAAt707","BEA_API"
1958,6,"Office",17.3,"e1gtotl1sd00","0","FAAt707","BEA_API"
1959,6,"Office",16.7,"e1gtotl1sd00","0","FAAt707","BEA_API"
1960,6,"Office",16.1,"e1gtotl1sd00","0","FAAt707","BEA_API"
1961,6,"Office",15.7,"e1gtotl1sd00","0","FAAt707","BEA_API"
1962,6,"Office",15.2,"e1gtotl1sd00","0","FAAt707","BEA_API"
1963,6,"Office",14.6,"e1gtotl1sd00","0","FAAt707","BEA_API"
1964,6,"Office",13.9,"e1gtotl1sd00","0","FAAt707","BEA_API"
1965,6,"Office",13.4,"e1gtotl1sd00","0","FAAt707","BEA_API"
1966,6,"Office",13.1,"e1gtotl1sd00","0","FAAt707","BEA_API"
1967,6,"Office",12.9,"e1gtotl1sd00","0","FAAt707","BEA_API"
1968,6,"Office",12.7,"e1gtotl1sd00","0","FAAt707","BEA_API"
1969,6,"Office",12.5,"e1gtotl1sd00","0","FAAt707","BEA_API"
1970,6,"Office",12.6,"e1gtotl1sd00","0","FAAt707","BEA_API"
1971,6,"Office",12.7,"e1gtotl1sd00","0","FAAt707","BEA_API"
1972,6,"Office",12.9,"e1gtotl1sd00","0","FAAt707","BEA_API"
1973,6,"Office",13,"e1gtotl1sd00","0","FAAt707","BEA_API"
1974,6,"Office",13.1,"e1gtotl1sd00","0","FAAt707","BEA_API"
1975,6,"Office",13,"e1gtotl1sd00","0","FAAt707","BEA_API"
1976,6,"Office",13,"e1gtotl1sd00","0","FAAt707","BEA_API"
1977,6,"Office",13.1,"e1gtotl1sd00","0","FAAt707","BEA_API"
1978,6,"Office",13.4,"e1gtotl1sd00","0","FAAt707","BEA_API"
1979,6,"Office",13.5,"e1gtotl1sd00","0","FAAt707","BEA_API"
1980,6,"Office",13.8,"e1gtotl1sd00","0","FAAt707","BEA_API"
1981,6,"Office",14.1,"e1gtotl1sd00","0","FAAt707","BEA_API"
1982,6,"Office",14.5,"e1gtotl1sd00","0","FAAt707","BEA_API"
1983,6,"Office",14.9,"e1gtotl1sd00","0","FAAt707","BEA_API"
1984,6,"Office",15.2,"e1gtotl1sd00","0","FAAt707","BEA_API"
1985,6,"Office",15.5,"e1gtotl1sd00","0","FAAt707","BEA_API"
1986,6,"Office",15.7,"e1gtotl1sd00","0","FAAt707","BEA_API"
1987,6,"Office",15.9,"e1gtotl1sd00","0","FAAt707","BEA_API"
1988,6,"Office",16.2,"e1gtotl1sd00","0","FAAt707","BEA_API"
1989,6,"Office",16.5,"e1gtotl1sd00","0","FAAt707","BEA_API"
1990,6,"Office",16.7,"e1gtotl1sd00","0","FAAt707","BEA_API"
1991,6,"Office",16.8,"e1gtotl1sd00","0","FAAt707","BEA_API"
1992,6,"Office",17,"e1gtotl1sd00","0","FAAt707","BEA_API"
1993,6,"Office",17.1,"e1gtotl1sd00","0","FAAt707","BEA_API"
1994,6,"Office",17.3,"e1gtotl1sd00","0","FAAt707","BEA_API"
1995,6,"Office",17.4,"e1gtotl1sd00","0","FAAt707","BEA_API"
1996,6,"Office",17.4,"e1gtotl1sd00","0","FAAt707","BEA_API"
1997,6,"Office",17.5,"e1gtotl1sd00","0","FAAt707","BEA_API"
1998,6,"Office",17.5,"e1gtotl1sd00","0","FAAt707","BEA_API"
1999,6,"Office",17.5,"e1gtotl1sd00","0","FAAt707","BEA_API"
2000,6,"Office",17.6,"e1gtotl1sd00","0","FAAt707","BEA_API"
2001,6,"Office",17.8,"e1gtotl1sd00","0","FAAt707","BEA_API"
2002,6,"Office",17.7,"e1gtotl1sd00","0","FAAt707","BEA_API"
2003,6,"Office",17.7,"e1gtotl1sd00","0","FAAt707","BEA_API"
2004,6,"Office",17.8,"e1gtotl1sd00","0","FAAt707","BEA_API"
2005,6,"Office",17.9,"e1gtotl1sd00","0","FAAt707","BEA_API"
2006,6,"Office",18.2,"e1gtotl1sd00","0","FAAt707","BEA_API"
2007,6,"Office",18.4,"e1gtotl1sd00","0","FAAt707","BEA_API"
2008,6,"Office",18.6,"e1gtotl1sd00","0","FAAt707","BEA_API"
2009,6,"Office",18.8,"e1gtotl1sd00","0","FAAt707","BEA_API"
2010,6,"Office",19.1,"e1gtotl1sd00","0","FAAt707","BEA_API"
2011,6,"Office",19.3,"e1gtotl1sd00","0","FAAt707","BEA_API"
2012,6,"Office",19.7,"e1gtotl1sd00","0","FAAt707","BEA_API"
2013,6,"Office",20,"e1gtotl1sd00","0","FAAt707","BEA_API"
2014,6,"Office",20.4,"e1gtotl1sd00","0","FAAt707","BEA_API"
2015,6,"Office",20.8,"e1gtotl1sd00","0","FAAt707","BEA_API"
2016,6,"Office",21.2,"e1gtotl1sd00","0","FAAt707","BEA_API"
2017,6,"Office",21.6,"e1gtotl1sd00","0","FAAt707","BEA_API"
2018,6,"Office",22,"e1gtotl1sd00","0","FAAt707","BEA_API"
2019,6,"Office",22.4,"e1gtotl1sd00","0","FAAt707","BEA_API"
2020,6,"Office",22.7,"e1gtotl1sd00","0","FAAt707","BEA_API"
2021,6,"Office",23.1,"e1gtotl1sd00","0","FAAt707","BEA_API"
2022,6,"Office",23.5,"e1gtotl1sd00","0","FAAt707","BEA_API"
2023,6,"Office",23.9,"e1gtotl1sd00","0","FAAt707","BEA_API"
2024,6,"Office",24.2,"e1gtotl1sd00","0","FAAt707","BEA_API"
1925,7,"Commercial",15.8,"e1gtotl1se00","0","FAAt707","BEA_API"
1926,7,"Commercial",16.2,"e1gtotl1se00","0","FAAt707","BEA_API"
1927,7,"Commercial",16.6,"e1gtotl1se00","0","FAAt707","BEA_API"
1928,7,"Commercial",17.1,"e1gtotl1se00","0","FAAt707","BEA_API"
1929,7,"Commercial",17.4,"e1gtotl1se00","0","FAAt707","BEA_API"
1930,7,"Commercial",17.5,"e1gtotl1se00","0","FAAt707","BEA_API"
1931,7,"Commercial",17.2,"e1gtotl1se00","0","FAAt707","BEA_API"
1932,7,"Commercial",16.7,"e1gtotl1se00","0","FAAt707","BEA_API"
1933,7,"Commercial",15.7,"e1gtotl1se00","0","FAAt707","BEA_API"
1934,7,"Commercial",14.9,"e1gtotl1se00","0","FAAt707","BEA_API"
1935,7,"Commercial",13.8,"e1gtotl1se00","0","FAAt707","BEA_API"
1936,7,"Commercial",12.7,"e1gtotl1se00","0","FAAt707","BEA_API"
1937,7,"Commercial",12.1,"e1gtotl1se00","0","FAAt707","BEA_API"
1938,7,"Commercial",11.9,"e1gtotl1se00","0","FAAt707","BEA_API"
1939,7,"Commercial",12.2,"e1gtotl1se00","0","FAAt707","BEA_API"
1940,7,"Commercial",13.2,"e1gtotl1se00","0","FAAt707","BEA_API"
1941,7,"Commercial",14,"e1gtotl1se00","0","FAAt707","BEA_API"
1942,7,"Commercial",14.9,"e1gtotl1se00","0","FAAt707","BEA_API"
1943,7,"Commercial",16.1,"e1gtotl1se00","0","FAAt707","BEA_API"
1944,7,"Commercial",17.2,"e1gtotl1se00","0","FAAt707","BEA_API"
1945,7,"Commercial",18.4,"e1gtotl1se00","0","FAAt707","BEA_API"
1946,7,"Commercial",22.4,"e1gtotl1se00","0","FAAt707","BEA_API"
1947,7,"Commercial",25,"e1gtotl1se00","0","FAAt707","BEA_API"
1948,7,"Commercial",26.8,"e1gtotl1se00","0","FAAt707","BEA_API"
1949,7,"Commercial",27.9,"e1gtotl1se00","0","FAAt707","BEA_API"
1950,7,"Commercial",29,"e1gtotl1se00","0","FAAt707","BEA_API"
1951,7,"Commercial",28.6,"e1gtotl1se00","0","FAAt707","BEA_API"
1952,7,"Commercial",29.4,"e1gtotl1se00","0","FAAt707","BEA_API"
1953,7,"Commercial",30.4,"e1gtotl1se00","0","FAAt707","BEA_API"
1954,7,"Commercial",30,"e1gtotl1se00","0","FAAt707","BEA_API"
1955,7,"Commercial",31.9,"e1gtotl1se00","0","FAAt707","BEA_API"
1956,7,"Commercial",32.4,"e1gtotl1se00","0","FAAt707","BEA_API"
1957,7,"Commercial",32.5,"e1gtotl1se00","0","FAAt707","BEA_API"
1958,7,"Commercial",31,"e1gtotl1se00","0","FAAt707","BEA_API"
1959,7,"Commercial",30,"e1gtotl1se00","0","FAAt707","BEA_API"
1960,7,"Commercial",31,"e1gtotl1se00","0","FAAt707","BEA_API"
1961,7,"Commercial",31.3,"e1gtotl1se00","0","FAAt707","BEA_API"
1962,7,"Commercial",29.9,"e1gtotl1se00","0","FAAt707","BEA_API"
1963,7,"Commercial",28.5,"e1gtotl1se00","0","FAAt707","BEA_API"
1964,7,"Commercial",29,"e1gtotl1se00","0","FAAt707","BEA_API"
1965,7,"Commercial",27.4,"e1gtotl1se00","0","FAAt707","BEA_API"
1966,7,"Commercial",26.6,"e1gtotl1se00","0","FAAt707","BEA_API"
1967,7,"Commercial",26.5,"e1gtotl1se00","0","FAAt707","BEA_API"
1968,7,"Commercial",26.6,"e1gtotl1se00","0","FAAt707","BEA_API"
1969,7,"Commercial",26.8,"e1gtotl1se00","0","FAAt707","BEA_API"
1970,7,"Commercial",27.2,"e1gtotl1se00","0","FAAt707","BEA_API"
1971,7,"Commercial",27.6,"e1gtotl1se00","0","FAAt707","BEA_API"
1972,7,"Commercial",27.9,"e1gtotl1se00","0","FAAt707","BEA_API"
1973,7,"Commercial",28.1,"e1gtotl1se00","0","FAAt707","BEA_API"
1974,7,"Commercial",28.2,"e1gtotl1se00","0","FAAt707","BEA_API"
1975,7,"Commercial",28.4,"e1gtotl1se00","0","FAAt707","BEA_API"
1976,7,"Commercial",28.3,"e1gtotl1se00","0","FAAt707","BEA_API"
1977,7,"Commercial",28.5,"e1gtotl1se00","0","FAAt707","BEA_API"
1978,7,"Commercial",28.9,"e1gtotl1se00","0","FAAt707","BEA_API"
1979,7,"Commercial",29.2,"e1gtotl1se00","0","FAAt707","BEA_API"
1980,7,"Commercial",29.6,"e1gtotl1se00","0","FAAt707","BEA_API"
1981,7,"Commercial",29.8,"e1gtotl1se00","0","FAAt707","BEA_API"
1982,7,"Commercial",30.2,"e1gtotl1se00","0","FAAt707","BEA_API"
1983,7,"Commercial",30.6,"e1gtotl1se00","0","FAAt707","BEA_API"
1984,7,"Commercial",30.6,"e1gtotl1se00","0","FAAt707","BEA_API"
1985,7,"Commercial",30.4,"e1gtotl1se00","0","FAAt707","BEA_API"
1986,7,"Commercial",29.4,"e1gtotl1se00","0","FAAt707","BEA_API"
1987,7,"Commercial",28.4,"e1gtotl1se00","0","FAAt707","BEA_API"
1988,7,"Commercial",29,"e1gtotl1se00","0","FAAt707","BEA_API"
1989,7,"Commercial",29.3,"e1gtotl1se00","0","FAAt707","BEA_API"
1990,7,"Commercial",29.5,"e1gtotl1se00","0","FAAt707","BEA_API"
1991,7,"Commercial",29.6,"e1gtotl1se00","0","FAAt707","BEA_API"
1992,7,"Commercial",29.8,"e1gtotl1se00","0","FAAt707","BEA_API"
1993,7,"Commercial",30.2,"e1gtotl1se00","0","FAAt707","BEA_API"
1994,7,"Commercial",31,"e1gtotl1se00","0","FAAt707","BEA_API"
1995,7,"Commercial",31.6,"e1gtotl1se00","0","FAAt707","BEA_API"
1996,7,"Commercial",31.7,"e1gtotl1se00","0","FAAt707","BEA_API"
1997,7,"Commercial",31.9,"e1gtotl1se00","0","FAAt707","BEA_API"
1998,7,"Commercial",31,"e1gtotl1se00","0","FAAt707","BEA_API"
1999,7,"Commercial",31.1,"e1gtotl1se00","0","FAAt707","BEA_API"
2000,7,"Commercial",31.6,"e1gtotl1se00","0","FAAt707","BEA_API"
2001,7,"Commercial",32.2,"e1gtotl1se00","0","FAAt707","BEA_API"
2002,7,"Commercial",32.5,"e1gtotl1se00","0","FAAt707","BEA_API"
2003,7,"Commercial",32.6,"e1gtotl1se00","0","FAAt707","BEA_API"
2004,7,"Commercial",32.8,"e1gtotl1se00","0","FAAt707","BEA_API"
2005,7,"Commercial",33.6,"e1gtotl1se00","0","FAAt707","BEA_API"
2006,7,"Commercial",33.9,"e1gtotl1se00","0","FAAt707","BEA_API"
2007,7,"Commercial",33.8,"e1gtotl1se00","0","FAAt707","BEA_API"
2008,7,"Commercial",33.5,"e1gtotl1se00","0","FAAt707","BEA_API"
2009,7,"Commercial",33.5,"e1gtotl1se00","0","FAAt707","BEA_API"
2010,7,"Commercial",33.2,"e1gtotl1se00","0","FAAt707","BEA_API"
2011,7,"Commercial",33.2,"e1gtotl1se00","0","FAAt707","BEA_API"
2012,7,"Commercial",33.4,"e1gtotl1se00","0","FAAt707","BEA_API"
2013,7,"Commercial",33.9,"e1gtotl1se00","0","FAAt707","BEA_API"
2014,7,"Commercial",34.3,"e1gtotl1se00","0","FAAt707","BEA_API"
2015,7,"Commercial",34.9,"e1gtotl1se00","0","FAAt707","BEA_API"
2016,7,"Commercial",35.4,"e1gtotl1se00","0","FAAt707","BEA_API"
2017,7,"Commercial",36.3,"e1gtotl1se00","0","FAAt707","BEA_API"
2018,7,"Commercial",36.5,"e1gtotl1se00","0","FAAt707","BEA_API"
2019,7,"Commercial",36.8,"e1gtotl1se00","0","FAAt707","BEA_API"
2020,7,"Commercial",37.6,"e1gtotl1se00","0","FAAt707","BEA_API"
2021,7,"Commercial",38,"e1gtotl1se00","0","FAAt707","BEA_API"
2022,7,"Commercial",38.2,"e1gtotl1se00","0","FAAt707","BEA_API"
2023,7,"Commercial",38.4,"e1gtotl1se00","0","FAAt707","BEA_API"
2024,7,"Commercial",38.9,"e1gtotl1se00","0","FAAt707","BEA_API"
1925,8,"Health care",12.8,"e1gtotl1sf00","0","FAAt707","BEA_API"
1926,8,"Health care",12.9,"e1gtotl1sf00","0","FAAt707","BEA_API"
1927,8,"Health care",12.8,"e1gtotl1sf00","0","FAAt707","BEA_API"
1928,8,"Health care",12.5,"e1gtotl1sf00","0","FAAt707","BEA_API"
1929,8,"Health care",12.3,"e1gtotl1sf00","0","FAAt707","BEA_API"
1930,8,"Health care",12,"e1gtotl1sf00","0","FAAt707","BEA_API"
1931,8,"Health care",11.8,"e1gtotl1sf00","0","FAAt707","BEA_API"
1932,8,"Health care",11.8,"e1gtotl1sf00","0","FAAt707","BEA_API"
1933,8,"Health care",12.2,"e1gtotl1sf00","0","FAAt707","BEA_API"
1934,8,"Health care",12.6,"e1gtotl1sf00","0","FAAt707","BEA_API"
1935,8,"Health care",13.2,"e1gtotl1sf00","0","FAAt707","BEA_API"
1936,8,"Health care",13.3,"e1gtotl1sf00","0","FAAt707","BEA_API"
1937,8,"Health care",13.7,"e1gtotl1sf00","0","FAAt707","BEA_API"
1938,8,"Health care",13.8,"e1gtotl1sf00","0","FAAt707","BEA_API"
1939,8,"Health care",13.8,"e1gtotl1sf00","0","FAAt707","BEA_API"
1940,8,"Health care",14.4,"e1gtotl1sf00","0","FAAt707","BEA_API"
1941,8,"Health care",15.1,"e1gtotl1sf00","0","FAAt707","BEA_API"
1942,8,"Health care",15.8,"e1gtotl1sf00","0","FAAt707","BEA_API"
1943,8,"Health care",16.5,"e1gtotl1sf00","0","FAAt707","BEA_API"
1944,8,"Health care",17.2,"e1gtotl1sf00","0","FAAt707","BEA_API"
1945,8,"Health care",17.7,"e1gtotl1sf00","0","FAAt707","BEA_API"
1946,8,"Health care",18.2,"e1gtotl1sf00","0","FAAt707","BEA_API"
1947,8,"Health care",18.7,"e1gtotl1sf00","0","FAAt707","BEA_API"
1948,8,"Health care",18.4,"e1gtotl1sf00","0","FAAt707","BEA_API"
1949,8,"Health care",17,"e1gtotl1sf00","0","FAAt707","BEA_API"
1950,8,"Health care",15.9,"e1gtotl1sf00","0","FAAt707","BEA_API"
1951,8,"Health care",15.4,"e1gtotl1sf00","0","FAAt707","BEA_API"
1952,8,"Health care",15.3,"e1gtotl1sf00","0","FAAt707","BEA_API"
1953,8,"Health care",15.4,"e1gtotl1sf00","0","FAAt707","BEA_API"
1954,8,"Health care",15.8,"e1gtotl1sf00","0","FAAt707","BEA_API"
1955,8,"Health care",15.9,"e1gtotl1sf00","0","FAAt707","BEA_API"
1956,8,"Health care",16.3,"e1gtotl1sf00","0","FAAt707","BEA_API"
1957,8,"Health care",16.5,"e1gtotl1sf00","0","FAAt707","BEA_API"
1958,8,"Health care",16.8,"e1gtotl1sf00","0","FAAt707","BEA_API"
1959,8,"Health care",17,"e1gtotl1sf00","0","FAAt707","BEA_API"
1960,8,"Health care",17.2,"e1gtotl1sf00","0","FAAt707","BEA_API"
1961,8,"Health care",17.5,"e1gtotl1sf00","0","FAAt707","BEA_API"
1962,8,"Health care",17.7,"e1gtotl1sf00","0","FAAt707","BEA_API"
1963,8,"Health care",17.9,"e1gtotl1sf00","0","FAAt707","BEA_API"
1964,8,"Health care",18.1,"e1gtotl1sf00","0","FAAt707","BEA_API"
1965,8,"Health care",18.2,"e1gtotl1sf00","0","FAAt707","BEA_API"
1966,8,"Health care",18.4,"e1gtotl1sf00","0","FAAt707","BEA_API"
1967,8,"Health care",18.4,"e1gtotl1sf00","0","FAAt707","BEA_API"
1968,8,"Health care",18.4,"e1gtotl1sf00","0","FAAt707","BEA_API"
1969,8,"Health care",18.4,"e1gtotl1sf00","0","FAAt707","BEA_API"
1970,8,"Health care",18.4,"e1gtotl1sf00","0","FAAt707","BEA_API"
1971,8,"Health care",18.2,"e1gtotl1sf00","0","FAAt707","BEA_API"
1972,8,"Health care",18.2,"e1gtotl1sf00","0","FAAt707","BEA_API"
1973,8,"Health care",18.4,"e1gtotl1sf00","0","FAAt707","BEA_API"
1974,8,"Health care",18.4,"e1gtotl1sf00","0","FAAt707","BEA_API"
1975,8,"Health care",18.4,"e1gtotl1sf00","0","FAAt707","BEA_API"
1976,8,"Health care",18.4,"e1gtotl1sf00","0","FAAt707","BEA_API"
1977,8,"Health care",18.5,"e1gtotl1sf00","0","FAAt707","BEA_API"
1978,8,"Health care",18.6,"e1gtotl1sf00","0","FAAt707","BEA_API"
1979,8,"Health care",18.8,"e1gtotl1sf00","0","FAAt707","BEA_API"
1980,8,"Health care",19,"e1gtotl1sf00","0","FAAt707","BEA_API"
1981,8,"Health care",19.3,"e1gtotl1sf00","0","FAAt707","BEA_API"
1982,8,"Health care",19.6,"e1gtotl1sf00","0","FAAt707","BEA_API"
1983,8,"Health care",19.9,"e1gtotl1sf00","0","FAAt707","BEA_API"
1984,8,"Health care",20.3,"e1gtotl1sf00","0","FAAt707","BEA_API"
1985,8,"Health care",20.7,"e1gtotl1sf00","0","FAAt707","BEA_API"
1986,8,"Health care",21,"e1gtotl1sf00","0","FAAt707","BEA_API"
1987,8,"Health care",21.3,"e1gtotl1sf00","0","FAAt707","BEA_API"
1988,8,"Health care",21.7,"e1gtotl1sf00","0","FAAt707","BEA_API"
1989,8,"Health care",22,"e1gtotl1sf00","0","FAAt707","BEA_API"
1990,8,"Health care",22.3,"e1gtotl1sf00","0","FAAt707","BEA_API"
1991,8,"Health care",22.5,"e1gtotl1sf00","0","FAAt707","BEA_API"
1992,8,"Health care",22.7,"e1gtotl1sf00","0","FAAt707","BEA_API"
1993,8,"Health care",22.9,"e1gtotl1sf00","0","FAAt707","BEA_API"
1994,8,"Health care",23.1,"e1gtotl1sf00","0","FAAt707","BEA_API"
1995,8,"Health care",23.4,"e1gtotl1sf00","0","FAAt707","BEA_API"
1996,8,"Health care",23.6,"e1gtotl1sf00","0","FAAt707","BEA_API"
1997,8,"Health care",23.8,"e1gtotl1sf00","0","FAAt707","BEA_API"
1998,8,"Health care",24.1,"e1gtotl1sf00","0","FAAt707","BEA_API"
1999,8,"Health care",24.5,"e1gtotl1sf00","0","FAAt707","BEA_API"
2000,8,"Health care",25,"e1gtotl1sf00","0","FAAt707","BEA_API"
2001,8,"Health care",25.4,"e1gtotl1sf00","0","FAAt707","BEA_API"
2002,8,"Health care",25.6,"e1gtotl1sf00","0","FAAt707","BEA_API"
2003,8,"Health care",25.9,"e1gtotl1sf00","0","FAAt707","BEA_API"
2004,8,"Health care",26.3,"e1gtotl1sf00","0","FAAt707","BEA_API"
2005,8,"Health care",26.6,"e1gtotl1sf00","0","FAAt707","BEA_API"
2006,8,"Health care",26.8,"e1gtotl1sf00","0","FAAt707","BEA_API"
2007,8,"Health care",27,"e1gtotl1sf00","0","FAAt707","BEA_API"
2008,8,"Health care",27.1,"e1gtotl1sf00","0","FAAt707","BEA_API"
2009,8,"Health care",27.2,"e1gtotl1sf00","0","FAAt707","BEA_API"
2010,8,"Health care",27.2,"e1gtotl1sf00","0","FAAt707","BEA_API"
2011,8,"Health care",27.2,"e1gtotl1sf00","0","FAAt707","BEA_API"
2012,8,"Health care",27.1,"e1gtotl1sf00","0","FAAt707","BEA_API"
2013,8,"Health care",27.1,"e1gtotl1sf00","0","FAAt707","BEA_API"
2014,8,"Health care",27.3,"e1gtotl1sf00","0","FAAt707","BEA_API"
2015,8,"Health care",27.5,"e1gtotl1sf00","0","FAAt707","BEA_API"
2016,8,"Health care",27.7,"e1gtotl1sf00","0","FAAt707","BEA_API"
2017,8,"Health care",28,"e1gtotl1sf00","0","FAAt707","BEA_API"
2018,8,"Health care",28.2,"e1gtotl1sf00","0","FAAt707","BEA_API"
2019,8,"Health care",28.4,"e1gtotl1sf00","0","FAAt707","BEA_API"
2020,8,"Health care",28.7,"e1gtotl1sf00","0","FAAt707","BEA_API"
2021,8,"Health care",28.9,"e1gtotl1sf00","0","FAAt707","BEA_API"
2022,8,"Health care",29.2,"e1gtotl1sf00","0","FAAt707","BEA_API"
2023,8,"Health care",29.4,"e1gtotl1sf00","0","FAAt707","BEA_API"
2024,8,"Health care",29.6,"e1gtotl1sf00","0","FAAt707","BEA_API"
1925,9,"Educational",13.3,"e1gtotl1sg00","0","FAAt707","BEA_API"
1926,9,"Educational",13.4,"e1gtotl1sg00","0","FAAt707","BEA_API"
1927,9,"Educational",13.6,"e1gtotl1sg00","0","FAAt707","BEA_API"
1928,9,"Educational",13.8,"e1gtotl1sg00","0","FAAt707","BEA_API"
1929,9,"Educational",13.9,"e1gtotl1sg00","0","FAAt707","BEA_API"
1930,9,"Educational",14.1,"e1gtotl1sg00","0","FAAt707","BEA_API"
1931,9,"Educational",14.4,"e1gtotl1sg00","0","FAAt707","BEA_API"
1932,9,"Educational",15,"e1gtotl1sg00","0","FAAt707","BEA_API"
1933,9,"Educational",15.8,"e1gtotl1sg00","0","FAAt707","BEA_API"
1934,9,"Educational",16.3,"e1gtotl1sg00","0","FAAt707","BEA_API"
1935,9,"Educational",16.8,"e1gtotl1sg00","0","FAAt707","BEA_API"
1936,9,"Educational",16.7,"e1gtotl1sg00","0","FAAt707","BEA_API"
1937,9,"Educational",17.1,"e1gtotl1sg00","0","FAAt707","BEA_API"
1938,9,"Educational",17.4,"e1gtotl1sg00","0","FAAt707","BEA_API"
1939,9,"Educational",17.3,"e1gtotl1sg00","0","FAAt707","BEA_API"
1940,9,"Educational",17.7,"e1gtotl1sg00","0","FAAt707","BEA_API"
1941,9,"Educational",18.2,"e1gtotl1sg00","0","FAAt707","BEA_API"
1942,9,"Educational",18.8,"e1gtotl1sg00","0","FAAt707","BEA_API"
1943,9,"Educational",19.5,"e1gtotl1sg00","0","FAAt707","BEA_API"
1944,9,"Educational",20.4,"e1gtotl1sg00","0","FAAt707","BEA_API"
1945,9,"Educational",21.2,"e1gtotl1sg00","0","FAAt707","BEA_API"
1946,9,"Educational",21.9,"e1gtotl1sg00","0","FAAt707","BEA_API"
1947,9,"Educational",22.6,"e1gtotl1sg00","0","FAAt707","BEA_API"
1948,9,"Educational",22.8,"e1gtotl1sg00","0","FAAt707","BEA_API"
1949,9,"Educational",22.6,"e1gtotl1sg00","0","FAAt707","BEA_API"
1950,9,"Educational",22.1,"e1gtotl1sg00","0","FAAt707","BEA_API"
1951,9,"Educational",21.5,"e1gtotl1sg00","0","FAAt707","BEA_API"
1952,9,"Educational",21.1,"e1gtotl1sg00","0","FAAt707","BEA_API"
1953,9,"Educational",20.7,"e1gtotl1sg00","0","FAAt707","BEA_API"
1954,9,"Educational",20,"e1gtotl1sg00","0","FAAt707","BEA_API"
1955,9,"Educational",19.2,"e1gtotl1sg00","0","FAAt707","BEA_API"
1956,9,"Educational",18.7,"e1gtotl1sg00","0","FAAt707","BEA_API"
1957,9,"Educational",18.2,"e1gtotl1sg00","0","FAAt707","BEA_API"
1958,9,"Educational",17.8,"e1gtotl1sg00","0","FAAt707","BEA_API"
1959,9,"Educational",17.7,"e1gtotl1sg00","0","FAAt707","BEA_API"
1960,9,"Educational",17.5,"e1gtotl1sg00","0","FAAt707","BEA_API"
1961,9,"Educational",17.3,"e1gtotl1sg00","0","FAAt707","BEA_API"
1962,9,"Educational",17.3,"e1gtotl1sg00","0","FAAt707","BEA_API"
1963,9,"Educational",17.1,"e1gtotl1sg00","0","FAAt707","BEA_API"
1964,9,"Educational",16.9,"e1gtotl1sg00","0","FAAt707","BEA_API"
1965,9,"Educational",16.6,"e1gtotl1sg00","0","FAAt707","BEA_API"
1966,9,"Educational",16.2,"e1gtotl1sg00","0","FAAt707","BEA_API"
1967,9,"Educational",15.9,"e1gtotl1sg00","0","FAAt707","BEA_API"
1968,9,"Educational",15.6,"e1gtotl1sg00","0","FAAt707","BEA_API"
1969,9,"Educational",15.6,"e1gtotl1sg00","0","FAAt707","BEA_API"
1970,9,"Educational",15.8,"e1gtotl1sg00","0","FAAt707","BEA_API"
1971,9,"Educational",16,"e1gtotl1sg00","0","FAAt707","BEA_API"
1972,9,"Educational",16.2,"e1gtotl1sg00","0","FAAt707","BEA_API"
1973,9,"Educational",16.4,"e1gtotl1sg00","0","FAAt707","BEA_API"
1974,9,"Educational",16.7,"e1gtotl1sg00","0","FAAt707","BEA_API"
1975,9,"Educational",17,"e1gtotl1sg00","0","FAAt707","BEA_API"
1976,9,"Educational",17.3,"e1gtotl1sg00","0","FAAt707","BEA_API"
1977,9,"Educational",17.8,"e1gtotl1sg00","0","FAAt707","BEA_API"
1978,9,"Educational",18.3,"e1gtotl1sg00","0","FAAt707","BEA_API"
1979,9,"Educational",18.7,"e1gtotl1sg00","0","FAAt707","BEA_API"
1980,9,"Educational",19.2,"e1gtotl1sg00","0","FAAt707","BEA_API"
1981,9,"Educational",19.7,"e1gtotl1sg00","0","FAAt707","BEA_API"
1982,9,"Educational",20.3,"e1gtotl1sg00","0","FAAt707","BEA_API"
1983,9,"Educational",20.9,"e1gtotl1sg00","0","FAAt707","BEA_API"
1984,9,"Educational",21.4,"e1gtotl1sg00","0","FAAt707","BEA_API"
1985,9,"Educational",21.9,"e1gtotl1sg00","0","FAAt707","BEA_API"
1986,9,"Educational",22.3,"e1gtotl1sg00","0","FAAt707","BEA_API"
1987,9,"Educational",22.7,"e1gtotl1sg00","0","FAAt707","BEA_API"
1988,9,"Educational",23,"e1gtotl1sg00","0","FAAt707","BEA_API"
1989,9,"Educational",23.3,"e1gtotl1sg00","0","FAAt707","BEA_API"
1990,9,"Educational",23.5,"e1gtotl1sg00","0","FAAt707","BEA_API"
1991,9,"Educational",23.6,"e1gtotl1sg00","0","FAAt707","BEA_API"
1992,9,"Educational",23.6,"e1gtotl1sg00","0","FAAt707","BEA_API"
1993,9,"Educational",23.7,"e1gtotl1sg00","0","FAAt707","BEA_API"
1994,9,"Educational",23.9,"e1gtotl1sg00","0","FAAt707","BEA_API"
1995,9,"Educational",23.8,"e1gtotl1sg00","0","FAAt707","BEA_API"
1996,9,"Educational",23.8,"e1gtotl1sg00","0","FAAt707","BEA_API"
1997,9,"Educational",23.6,"e1gtotl1sg00","0","FAAt707","BEA_API"
1998,9,"Educational",23.4,"e1gtotl1sg00","0","FAAt707","BEA_API"
1999,9,"Educational",23.2,"e1gtotl1sg00","0","FAAt707","BEA_API"
2000,9,"Educational",23,"e1gtotl1sg00","0","FAAt707","BEA_API"
2001,9,"Educational",22.7,"e1gtotl1sg00","0","FAAt707","BEA_API"
2002,9,"Educational",22.4,"e1gtotl1sg00","0","FAAt707","BEA_API"
2003,9,"Educational",22.2,"e1gtotl1sg00","0","FAAt707","BEA_API"
2004,9,"Educational",22,"e1gtotl1sg00","0","FAAt707","BEA_API"
2005,9,"Educational",21.9,"e1gtotl1sg00","0","FAAt707","BEA_API"
2006,9,"Educational",21.7,"e1gtotl1sg00","0","FAAt707","BEA_API"
2007,9,"Educational",21.7,"e1gtotl1sg00","0","FAAt707","BEA_API"
2008,9,"Educational",21.7,"e1gtotl1sg00","0","FAAt707","BEA_API"
2009,9,"Educational",21.7,"e1gtotl1sg00","0","FAAt707","BEA_API"
2010,9,"Educational",21.9,"e1gtotl1sg00","0","FAAt707","BEA_API"
2011,9,"Educational",22.1,"e1gtotl1sg00","0","FAAt707","BEA_API"
2012,9,"Educational",22.4,"e1gtotl1sg00","0","FAAt707","BEA_API"
2013,9,"Educational",22.8,"e1gtotl1sg00","0","FAAt707","BEA_API"
2014,9,"Educational",23.1,"e1gtotl1sg00","0","FAAt707","BEA_API"
2015,9,"Educational",23.4,"e1gtotl1sg00","0","FAAt707","BEA_API"
2016,9,"Educational",23.6,"e1gtotl1sg00","0","FAAt707","BEA_API"
2017,9,"Educational",23.8,"e1gtotl1sg00","0","FAAt707","BEA_API"
2018,9,"Educational",24,"e1gtotl1sg00","0","FAAt707","BEA_API"
2019,9,"Educational",24.2,"e1gtotl1sg00","0","FAAt707","BEA_API"
2020,9,"Educational",24.4,"e1gtotl1sg00","0","FAAt707","BEA_API"
2021,9,"Educational",24.7,"e1gtotl1sg00","0","FAAt707","BEA_API"
2022,9,"Educational",25,"e1gtotl1sg00","0","FAAt707","BEA_API"
2023,9,"Educational",25.3,"e1gtotl1sg00","0","FAAt707","BEA_API"
2024,9,"Educational",25.5,"e1gtotl1sg00","0","FAAt707","BEA_API"
1925,10,"Public safety",12.3,"e1gtotl1si00","0","FAAt707","BEA_API"
1926,10,"Public safety",11.9,"e1gtotl1si00","0","FAAt707","BEA_API"
1927,10,"Public safety",11.6,"e1gtotl1si00","0","FAAt707","BEA_API"
1928,10,"Public safety",11.3,"e1gtotl1si00","0","FAAt707","BEA_API"
1929,10,"Public safety",11.1,"e1gtotl1si00","0","FAAt707","BEA_API"
1930,10,"Public safety",11,"e1gtotl1si00","0","FAAt707","BEA_API"
1931,10,"Public safety",10.6,"e1gtotl1si00","0","FAAt707","BEA_API"
1932,10,"Public safety",10.8,"e1gtotl1si00","0","FAAt707","BEA_API"
1933,10,"Public safety",11.4,"e1gtotl1si00","0","FAAt707","BEA_API"
1934,10,"Public safety",11.5,"e1gtotl1si00","0","FAAt707","BEA_API"
1935,10,"Public safety",11.7,"e1gtotl1si00","0","FAAt707","BEA_API"
1936,10,"Public safety",11.4,"e1gtotl1si00","0","FAAt707","BEA_API"
1937,10,"Public safety",11.5,"e1gtotl1si00","0","FAAt707","BEA_API"
1938,10,"Public safety",11.6,"e1gtotl1si00","0","FAAt707","BEA_API"
1939,10,"Public safety",11.2,"e1gtotl1si00","0","FAAt707","BEA_API"
1940,10,"Public safety",10.8,"e1gtotl1si00","0","FAAt707","BEA_API"
1941,10,"Public safety",11,"e1gtotl1si00","0","FAAt707","BEA_API"
1942,10,"Public safety",11.5,"e1gtotl1si00","0","FAAt707","BEA_API"
1943,10,"Public safety",12.1,"e1gtotl1si00","0","FAAt707","BEA_API"
1944,10,"Public safety",12.8,"e1gtotl1si00","0","FAAt707","BEA_API"
1945,10,"Public safety",13.5,"e1gtotl1si00","0","FAAt707","BEA_API"
1946,10,"Public safety",13.9,"e1gtotl1si00","0","FAAt707","BEA_API"
1947,10,"Public safety",14.4,"e1gtotl1si00","0","FAAt707","BEA_API"
1948,10,"Public safety",14.8,"e1gtotl1si00","0","FAAt707","BEA_API"
1949,10,"Public safety",14.9,"e1gtotl1si00","0","FAAt707","BEA_API"
1950,10,"Public safety",14.7,"e1gtotl1si00","0","FAAt707","BEA_API"
1951,10,"Public safety",14.9,"e1gtotl1si00","0","FAAt707","BEA_API"
1952,10,"Public safety",15.3,"e1gtotl1si00","0","FAAt707","BEA_API"
1953,10,"Public safety",15.6,"e1gtotl1si00","0","FAAt707","BEA_API"
1954,10,"Public safety",15.6,"e1gtotl1si00","0","FAAt707","BEA_API"
1955,10,"Public safety",15.5,"e1gtotl1si00","0","FAAt707","BEA_API"
1956,10,"Public safety",15.7,"e1gtotl1si00","0","FAAt707","BEA_API"
1957,10,"Public safety",15.6,"e1gtotl1si00","0","FAAt707","BEA_API"
1958,10,"Public safety",15.7,"e1gtotl1si00","0","FAAt707","BEA_API"
1959,10,"Public safety",15.6,"e1gtotl1si00","0","FAAt707","BEA_API"
1960,10,"Public safety",15.4,"e1gtotl1si00","0","FAAt707","BEA_API"
1961,10,"Public safety",15.1,"e1gtotl1si00","0","FAAt707","BEA_API"
1962,10,"Public safety",14.9,"e1gtotl1si00","0","FAAt707","BEA_API"
1963,10,"Public safety",14.8,"e1gtotl1si00","0","FAAt707","BEA_API"
1964,10,"Public safety",14.7,"e1gtotl1si00","0","FAAt707","BEA_API"
1965,10,"Public safety",14.6,"e1gtotl1si00","0","FAAt707","BEA_API"
1966,10,"Public safety",14.4,"e1gtotl1si00","0","FAAt707","BEA_API"
1967,10,"Public safety",14.3,"e1gtotl1si00","0","FAAt707","BEA_API"
1968,10,"Public safety",14.2,"e1gtotl1si00","0","FAAt707","BEA_API"
1969,10,"Public safety",14.1,"e1gtotl1si00","0","FAAt707","BEA_API"
1970,10,"Public safety",14,"e1gtotl1si00","0","FAAt707","BEA_API"
1971,10,"Public safety",14,"e1gtotl1si00","0","FAAt707","BEA_API"
1972,10,"Public safety",13.9,"e1gtotl1si00","0","FAAt707","BEA_API"
1973,10,"Public safety",13.9,"e1gtotl1si00","0","FAAt707","BEA_API"
1974,10,"Public safety",13.9,"e1gtotl1si00","0","FAAt707","BEA_API"
1975,10,"Public safety",13.8,"e1gtotl1si00","0","FAAt707","BEA_API"
1976,10,"Public safety",13.6,"e1gtotl1si00","0","FAAt707","BEA_API"
1977,10,"Public safety",13.5,"e1gtotl1si00","0","FAAt707","BEA_API"
1978,10,"Public safety",13.4,"e1gtotl1si00","0","FAAt707","BEA_API"
1979,10,"Public safety",13.3,"e1gtotl1si00","0","FAAt707","BEA_API"
1980,10,"Public safety",13.3,"e1gtotl1si00","0","FAAt707","BEA_API"
1981,10,"Public safety",13.3,"e1gtotl1si00","0","FAAt707","BEA_API"
1982,10,"Public safety",13.5,"e1gtotl1si00","0","FAAt707","BEA_API"
1983,10,"Public safety",13.6,"e1gtotl1si00","0","FAAt707","BEA_API"
1984,10,"Public safety",13.6,"e1gtotl1si00","0","FAAt707","BEA_API"
1985,10,"Public safety",13.8,"e1gtotl1si00","0","FAAt707","BEA_API"
1986,10,"Public safety",13.7,"e1gtotl1si00","0","FAAt707","BEA_API"
1987,10,"Public safety",13.7,"e1gtotl1si00","0","FAAt707","BEA_API"
1988,10,"Public safety",13.8,"e1gtotl1si00","0","FAAt707","BEA_API"
1989,10,"Public safety",13.9,"e1gtotl1si00","0","FAAt707","BEA_API"
1990,10,"Public safety",13.8,"e1gtotl1si00","0","FAAt707","BEA_API"
1991,10,"Public safety",13.8,"e1gtotl1si00","0","FAAt707","BEA_API"
1992,10,"Public safety",13.9,"e1gtotl1si00","0","FAAt707","BEA_API"
1993,10,"Public safety",14.1,"e1gtotl1si00","0","FAAt707","BEA_API"
1994,10,"Public safety",14.3,"e1gtotl1si00","0","FAAt707","BEA_API"
1995,10,"Public safety",14.5,"e1gtotl1si00","0","FAAt707","BEA_API"
1996,10,"Public safety",14.8,"e1gtotl1si00","0","FAAt707","BEA_API"
1997,10,"Public safety",15,"e1gtotl1si00","0","FAAt707","BEA_API"
1998,10,"Public safety",15.3,"e1gtotl1si00","0","FAAt707","BEA_API"
1999,10,"Public safety",15.6,"e1gtotl1si00","0","FAAt707","BEA_API"
2000,10,"Public safety",15.9,"e1gtotl1si00","0","FAAt707","BEA_API"
2001,10,"Public safety",16.3,"e1gtotl1si00","0","FAAt707","BEA_API"
2002,10,"Public safety",16.8,"e1gtotl1si00","0","FAAt707","BEA_API"
2003,10,"Public safety",17.3,"e1gtotl1si00","0","FAAt707","BEA_API"
2004,10,"Public safety",17.9,"e1gtotl1si00","0","FAAt707","BEA_API"
2005,10,"Public safety",18.5,"e1gtotl1si00","0","FAAt707","BEA_API"
2006,10,"Public safety",19.1,"e1gtotl1si00","0","FAAt707","BEA_API"
2007,10,"Public safety",19.6,"e1gtotl1si00","0","FAAt707","BEA_API"
2008,10,"Public safety",20.1,"e1gtotl1si00","0","FAAt707","BEA_API"
2009,10,"Public safety",20.6,"e1gtotl1si00","0","FAAt707","BEA_API"
2010,10,"Public safety",21,"e1gtotl1si00","0","FAAt707","BEA_API"
2011,10,"Public safety",21.5,"e1gtotl1si00","0","FAAt707","BEA_API"
2012,10,"Public safety",22,"e1gtotl1si00","0","FAAt707","BEA_API"
2013,10,"Public safety",22.6,"e1gtotl1si00","0","FAAt707","BEA_API"
2014,10,"Public safety",23.2,"e1gtotl1si00","0","FAAt707","BEA_API"
2015,10,"Public safety",23.8,"e1gtotl1si00","0","FAAt707","BEA_API"
2016,10,"Public safety",24.4,"e1gtotl1si00","0","FAAt707","BEA_API"
2017,10,"Public safety",25,"e1gtotl1si00","0","FAAt707","BEA_API"
2018,10,"Public safety",25.7,"e1gtotl1si00","0","FAAt707","BEA_API"
2019,10,"Public safety",26.1,"e1gtotl1si00","0","FAAt707","BEA_API"
2020,10,"Public safety",26.2,"e1gtotl1si00","0","FAAt707","BEA_API"
2021,10,"Public safety",26.6,"e1gtotl1si00","0","FAAt707","BEA_API"
2022,10,"Public safety",27.2,"e1gtotl1si00","0","FAAt707","BEA_API"
2023,10,"Public safety",27.8,"e1gtotl1si00","0","FAAt707","BEA_API"
2024,10,"Public safety",28.2,"e1gtotl1si00","0","FAAt707","BEA_API"
1925,11,"Amusement and recreation",12.6,"e1gtotl1sk00","0","FAAt707","BEA_API"
1926,11,"Amusement and recreation",12.3,"e1gtotl1sk00","0","FAAt707","BEA_API"
1927,11,"Amusement and recreation",11.7,"e1gtotl1sk00","0","FAAt707","BEA_API"
1928,11,"Amusement and recreation",11.5,"e1gtotl1sk00","0","FAAt707","BEA_API"
1929,11,"Amusement and recreation",11.3,"e1gtotl1sk00","0","FAAt707","BEA_API"
1930,11,"Amusement and recreation",11.2,"e1gtotl1sk00","0","FAAt707","BEA_API"
1931,11,"Amusement and recreation",10.7,"e1gtotl1sk00","0","FAAt707","BEA_API"
1932,11,"Amusement and recreation",10.7,"e1gtotl1sk00","0","FAAt707","BEA_API"
1933,11,"Amusement and recreation",11.1,"e1gtotl1sk00","0","FAAt707","BEA_API"
1934,11,"Amusement and recreation",11.3,"e1gtotl1sk00","0","FAAt707","BEA_API"
1935,11,"Amusement and recreation",11.6,"e1gtotl1sk00","0","FAAt707","BEA_API"
1936,11,"Amusement and recreation",11,"e1gtotl1sk00","0","FAAt707","BEA_API"
1937,11,"Amusement and recreation",11.1,"e1gtotl1sk00","0","FAAt707","BEA_API"
1938,11,"Amusement and recreation",11,"e1gtotl1sk00","0","FAAt707","BEA_API"
1939,11,"Amusement and recreation",10.8,"e1gtotl1sk00","0","FAAt707","BEA_API"
1940,11,"Amusement and recreation",11.1,"e1gtotl1sk00","0","FAAt707","BEA_API"
1941,11,"Amusement and recreation",11.7,"e1gtotl1sk00","0","FAAt707","BEA_API"
1942,11,"Amusement and recreation",12.5,"e1gtotl1sk00","0","FAAt707","BEA_API"
1943,11,"Amusement and recreation",13.4,"e1gtotl1sk00","0","FAAt707","BEA_API"
1944,11,"Amusement and recreation",14.3,"e1gtotl1sk00","0","FAAt707","BEA_API"
1945,11,"Amusement and recreation",15,"e1gtotl1sk00","0","FAAt707","BEA_API"
1946,11,"Amusement and recreation",15.7,"e1gtotl1sk00","0","FAAt707","BEA_API"
1947,11,"Amusement and recreation",16.3,"e1gtotl1sk00","0","FAAt707","BEA_API"
1948,11,"Amusement and recreation",16.6,"e1gtotl1sk00","0","FAAt707","BEA_API"
1949,11,"Amusement and recreation",15.9,"e1gtotl1sk00","0","FAAt707","BEA_API"
1950,11,"Amusement and recreation",16.6,"e1gtotl1sk00","0","FAAt707","BEA_API"
1951,11,"Amusement and recreation",16.8,"e1gtotl1sk00","0","FAAt707","BEA_API"
1952,11,"Amusement and recreation",17,"e1gtotl1sk00","0","FAAt707","BEA_API"
1953,11,"Amusement and recreation",16.8,"e1gtotl1sk00","0","FAAt707","BEA_API"
1954,11,"Amusement and recreation",16.9,"e1gtotl1sk00","0","FAAt707","BEA_API"
1955,11,"Amusement and recreation",16.7,"e1gtotl1sk00","0","FAAt707","BEA_API"
1956,11,"Amusement and recreation",17,"e1gtotl1sk00","0","FAAt707","BEA_API"
1957,11,"Amusement and recreation",16.9,"e1gtotl1sk00","0","FAAt707","BEA_API"
1958,11,"Amusement and recreation",16.8,"e1gtotl1sk00","0","FAAt707","BEA_API"
1959,11,"Amusement and recreation",16.6,"e1gtotl1sk00","0","FAAt707","BEA_API"
1960,11,"Amusement and recreation",16.6,"e1gtotl1sk00","0","FAAt707","BEA_API"
1961,11,"Amusement and recreation",16.6,"e1gtotl1sk00","0","FAAt707","BEA_API"
1962,11,"Amusement and recreation",16.3,"e1gtotl1sk00","0","FAAt707","BEA_API"
1963,11,"Amusement and recreation",16.1,"e1gtotl1sk00","0","FAAt707","BEA_API"
1964,11,"Amusement and recreation",15.9,"e1gtotl1sk00","0","FAAt707","BEA_API"
1965,11,"Amusement and recreation",15.8,"e1gtotl1sk00","0","FAAt707","BEA_API"
1966,11,"Amusement and recreation",15.8,"e1gtotl1sk00","0","FAAt707","BEA_API"
1967,11,"Amusement and recreation",15.7,"e1gtotl1sk00","0","FAAt707","BEA_API"
1968,11,"Amusement and recreation",15.7,"e1gtotl1sk00","0","FAAt707","BEA_API"
1969,11,"Amusement and recreation",15.8,"e1gtotl1sk00","0","FAAt707","BEA_API"
1970,11,"Amusement and recreation",15.8,"e1gtotl1sk00","0","FAAt707","BEA_API"
1971,11,"Amusement and recreation",15.8,"e1gtotl1sk00","0","FAAt707","BEA_API"
1972,11,"Amusement and recreation",16,"e1gtotl1sk00","0","FAAt707","BEA_API"
1973,11,"Amusement and recreation",16.1,"e1gtotl1sk00","0","FAAt707","BEA_API"
1974,11,"Amusement and recreation",16.1,"e1gtotl1sk00","0","FAAt707","BEA_API"
1975,11,"Amusement and recreation",15.9,"e1gtotl1sk00","0","FAAt707","BEA_API"
1976,11,"Amusement and recreation",15.9,"e1gtotl1sk00","0","FAAt707","BEA_API"
1977,11,"Amusement and recreation",16,"e1gtotl1sk00","0","FAAt707","BEA_API"
1978,11,"Amusement and recreation",16.1,"e1gtotl1sk00","0","FAAt707","BEA_API"
1979,11,"Amusement and recreation",16.2,"e1gtotl1sk00","0","FAAt707","BEA_API"
1980,11,"Amusement and recreation",16.4,"e1gtotl1sk00","0","FAAt707","BEA_API"
1981,11,"Amusement and recreation",16.6,"e1gtotl1sk00","0","FAAt707","BEA_API"
1982,11,"Amusement and recreation",16.9,"e1gtotl1sk00","0","FAAt707","BEA_API"
1983,11,"Amusement and recreation",17.3,"e1gtotl1sk00","0","FAAt707","BEA_API"
1984,11,"Amusement and recreation",17.6,"e1gtotl1sk00","0","FAAt707","BEA_API"
1985,11,"Amusement and recreation",17.9,"e1gtotl1sk00","0","FAAt707","BEA_API"
1986,11,"Amusement and recreation",18.1,"e1gtotl1sk00","0","FAAt707","BEA_API"
1987,11,"Amusement and recreation",18.3,"e1gtotl1sk00","0","FAAt707","BEA_API"
1988,11,"Amusement and recreation",18.5,"e1gtotl1sk00","0","FAAt707","BEA_API"
1989,11,"Amusement and recreation",18.6,"e1gtotl1sk00","0","FAAt707","BEA_API"
1990,11,"Amusement and recreation",18.6,"e1gtotl1sk00","0","FAAt707","BEA_API"
1991,11,"Amusement and recreation",18.7,"e1gtotl1sk00","0","FAAt707","BEA_API"
1992,11,"Amusement and recreation",18.8,"e1gtotl1sk00","0","FAAt707","BEA_API"
1993,11,"Amusement and recreation",19,"e1gtotl1sk00","0","FAAt707","BEA_API"
1994,11,"Amusement and recreation",19.2,"e1gtotl1sk00","0","FAAt707","BEA_API"
1995,11,"Amusement and recreation",19.3,"e1gtotl1sk00","0","FAAt707","BEA_API"
1996,11,"Amusement and recreation",19.3,"e1gtotl1sk00","0","FAAt707","BEA_API"
1997,11,"Amusement and recreation",19.3,"e1gtotl1sk00","0","FAAt707","BEA_API"
1998,11,"Amusement and recreation",19.3,"e1gtotl1sk00","0","FAAt707","BEA_API"
1999,11,"Amusement and recreation",19.3,"e1gtotl1sk00","0","FAAt707","BEA_API"
2000,11,"Amusement and recreation",19.2,"e1gtotl1sk00","0","FAAt707","BEA_API"
2001,11,"Amusement and recreation",19.1,"e1gtotl1sk00","0","FAAt707","BEA_API"
2002,11,"Amusement and recreation",19.1,"e1gtotl1sk00","0","FAAt707","BEA_API"
2003,11,"Amusement and recreation",19.2,"e1gtotl1sk00","0","FAAt707","BEA_API"
2004,11,"Amusement and recreation",19.4,"e1gtotl1sk00","0","FAAt707","BEA_API"
2005,11,"Amusement and recreation",19.6,"e1gtotl1sk00","0","FAAt707","BEA_API"
2006,11,"Amusement and recreation",19.9,"e1gtotl1sk00","0","FAAt707","BEA_API"
2007,11,"Amusement and recreation",20.1,"e1gtotl1sk00","0","FAAt707","BEA_API"
2008,11,"Amusement and recreation",20.2,"e1gtotl1sk00","0","FAAt707","BEA_API"
2009,11,"Amusement and recreation",20.4,"e1gtotl1sk00","0","FAAt707","BEA_API"
2010,11,"Amusement and recreation",20.6,"e1gtotl1sk00","0","FAAt707","BEA_API"
2011,11,"Amusement and recreation",20.9,"e1gtotl1sk00","0","FAAt707","BEA_API"
2012,11,"Amusement and recreation",21.2,"e1gtotl1sk00","0","FAAt707","BEA_API"
2013,11,"Amusement and recreation",21.6,"e1gtotl1sk00","0","FAAt707","BEA_API"
2014,11,"Amusement and recreation",22.1,"e1gtotl1sk00","0","FAAt707","BEA_API"
2015,11,"Amusement and recreation",22.4,"e1gtotl1sk00","0","FAAt707","BEA_API"
2016,11,"Amusement and recreation",22.7,"e1gtotl1sk00","0","FAAt707","BEA_API"
2017,11,"Amusement and recreation",23.1,"e1gtotl1sk00","0","FAAt707","BEA_API"
2018,11,"Amusement and recreation",23.4,"e1gtotl1sk00","0","FAAt707","BEA_API"
2019,11,"Amusement and recreation",23.6,"e1gtotl1sk00","0","FAAt707","BEA_API"
2020,11,"Amusement and recreation",23.9,"e1gtotl1sk00","0","FAAt707","BEA_API"
2021,11,"Amusement and recreation",24.3,"e1gtotl1sk00","0","FAAt707","BEA_API"
2022,11,"Amusement and recreation",24.7,"e1gtotl1sk00","0","FAAt707","BEA_API"
2023,11,"Amusement and recreation",25,"e1gtotl1sk00","0","FAAt707","BEA_API"
2024,11,"Amusement and recreation",25.2,"e1gtotl1sk00","0","FAAt707","BEA_API"
1925,12,"Transportation",12.5,"e1gtotl1sn00","0","FAAt707","BEA_API"
1926,12,"Transportation",12.4,"e1gtotl1sn00","0","FAAt707","BEA_API"
1927,12,"Transportation",11.9,"e1gtotl1sn00","0","FAAt707","BEA_API"
1928,12,"Transportation",11.7,"e1gtotl1sn00","0","FAAt707","BEA_API"
1929,12,"Transportation",11.6,"e1gtotl1sn00","0","FAAt707","BEA_API"
1930,12,"Transportation",11.6,"e1gtotl1sn00","0","FAAt707","BEA_API"
1931,12,"Transportation",11.4,"e1gtotl1sn00","0","FAAt707","BEA_API"
1932,12,"Transportation",11.6,"e1gtotl1sn00","0","FAAt707","BEA_API"
1933,12,"Transportation",12.1,"e1gtotl1sn00","0","FAAt707","BEA_API"
1934,12,"Transportation",12.6,"e1gtotl1sn00","0","FAAt707","BEA_API"
1935,12,"Transportation",12.8,"e1gtotl1sn00","0","FAAt707","BEA_API"
1936,12,"Transportation",12.6,"e1gtotl1sn00","0","FAAt707","BEA_API"
1937,12,"Transportation",12.8,"e1gtotl1sn00","0","FAAt707","BEA_API"
1938,12,"Transportation",12.9,"e1gtotl1sn00","0","FAAt707","BEA_API"
1939,12,"Transportation",12.7,"e1gtotl1sn00","0","FAAt707","BEA_API"
1940,12,"Transportation",12.9,"e1gtotl1sn00","0","FAAt707","BEA_API"
1941,12,"Transportation",13.2,"e1gtotl1sn00","0","FAAt707","BEA_API"
1942,12,"Transportation",13.9,"e1gtotl1sn00","0","FAAt707","BEA_API"
1943,12,"Transportation",14.5,"e1gtotl1sn00","0","FAAt707","BEA_API"
1944,12,"Transportation",15.4,"e1gtotl1sn00","0","FAAt707","BEA_API"
1945,12,"Transportation",16.3,"e1gtotl1sn00","0","FAAt707","BEA_API"
1946,12,"Transportation",17.1,"e1gtotl1sn00","0","FAAt707","BEA_API"
1947,12,"Transportation",17.4,"e1gtotl1sn00","0","FAAt707","BEA_API"
1948,12,"Transportation",17.5,"e1gtotl1sn00","0","FAAt707","BEA_API"
1949,12,"Transportation",17.4,"e1gtotl1sn00","0","FAAt707","BEA_API"
1950,12,"Transportation",17.2,"e1gtotl1sn00","0","FAAt707","BEA_API"
1951,12,"Transportation",17.2,"e1gtotl1sn00","0","FAAt707","BEA_API"
1952,12,"Transportation",17.3,"e1gtotl1sn00","0","FAAt707","BEA_API"
1953,12,"Transportation",17.3,"e1gtotl1sn00","0","FAAt707","BEA_API"
1954,12,"Transportation",17.2,"e1gtotl1sn00","0","FAAt707","BEA_API"
1955,12,"Transportation",17,"e1gtotl1sn00","0","FAAt707","BEA_API"
1956,12,"Transportation",16.8,"e1gtotl1sn00","0","FAAt707","BEA_API"
1957,12,"Transportation",16.7,"e1gtotl1sn00","0","FAAt707","BEA_API"
1958,12,"Transportation",16.4,"e1gtotl1sn00","0","FAAt707","BEA_API"
1959,12,"Transportation",16.2,"e1gtotl1sn00","0","FAAt707","BEA_API"
1960,12,"Transportation",15.8,"e1gtotl1sn00","0","FAAt707","BEA_API"
1961,12,"Transportation",15.4,"e1gtotl1sn00","0","FAAt707","BEA_API"
1962,12,"Transportation",15.2,"e1gtotl1sn00","0","FAAt707","BEA_API"
1963,12,"Transportation",15,"e1gtotl1sn00","0","FAAt707","BEA_API"
1964,12,"Transportation",14.8,"e1gtotl1sn00","0","FAAt707","BEA_API"
1965,12,"Transportation",14.6,"e1gtotl1sn00","0","FAAt707","BEA_API"
1966,12,"Transportation",14.4,"e1gtotl1sn00","0","FAAt707","BEA_API"
1967,12,"Transportation",14,"e1gtotl1sn00","0","FAAt707","BEA_API"
1968,12,"Transportation",13.6,"e1gtotl1sn00","0","FAAt707","BEA_API"
1969,12,"Transportation",13.4,"e1gtotl1sn00","0","FAAt707","BEA_API"
1970,12,"Transportation",13.4,"e1gtotl1sn00","0","FAAt707","BEA_API"
1971,12,"Transportation",13.6,"e1gtotl1sn00","0","FAAt707","BEA_API"
1972,12,"Transportation",13.8,"e1gtotl1sn00","0","FAAt707","BEA_API"
1973,12,"Transportation",13.9,"e1gtotl1sn00","0","FAAt707","BEA_API"
1974,12,"Transportation",14.2,"e1gtotl1sn00","0","FAAt707","BEA_API"
1975,12,"Transportation",14.4,"e1gtotl1sn00","0","FAAt707","BEA_API"
1976,12,"Transportation",14.5,"e1gtotl1sn00","0","FAAt707","BEA_API"
1977,12,"Transportation",14.7,"e1gtotl1sn00","0","FAAt707","BEA_API"
1978,12,"Transportation",14.7,"e1gtotl1sn00","0","FAAt707","BEA_API"
1979,12,"Transportation",14.8,"e1gtotl1sn00","0","FAAt707","BEA_API"
1980,12,"Transportation",14.8,"e1gtotl1sn00","0","FAAt707","BEA_API"
1981,12,"Transportation",14.9,"e1gtotl1sn00","0","FAAt707","BEA_API"
1982,12,"Transportation",15.1,"e1gtotl1sn00","0","FAAt707","BEA_API"
1983,12,"Transportation",15.3,"e1gtotl1sn00","0","FAAt707","BEA_API"
1984,12,"Transportation",15.4,"e1gtotl1sn00","0","FAAt707","BEA_API"
1985,12,"Transportation",15.5,"e1gtotl1sn00","0","FAAt707","BEA_API"
1986,12,"Transportation",15.7,"e1gtotl1sn00","0","FAAt707","BEA_API"
1987,12,"Transportation",15.8,"e1gtotl1sn00","0","FAAt707","BEA_API"
1988,12,"Transportation",15.8,"e1gtotl1sn00","0","FAAt707","BEA_API"
1989,12,"Transportation",15.8,"e1gtotl1sn00","0","FAAt707","BEA_API"
1990,12,"Transportation",15.8,"e1gtotl1sn00","0","FAAt707","BEA_API"
1991,12,"Transportation",15.8,"e1gtotl1sn00","0","FAAt707","BEA_API"
1992,12,"Transportation",15.8,"e1gtotl1sn00","0","FAAt707","BEA_API"
1993,12,"Transportation",15.7,"e1gtotl1sn00","0","FAAt707","BEA_API"
1994,12,"Transportation",15.6,"e1gtotl1sn00","0","FAAt707","BEA_API"
1995,12,"Transportation",15.7,"e1gtotl1sn00","0","FAAt707","BEA_API"
1996,12,"Transportation",15.8,"e1gtotl1sn00","0","FAAt707","BEA_API"
1997,12,"Transportation",15.9,"e1gtotl1sn00","0","FAAt707","BEA_API"
1998,12,"Transportation",16.1,"e1gtotl1sn00","0","FAAt707","BEA_API"
1999,12,"Transportation",16.2,"e1gtotl1sn00","0","FAAt707","BEA_API"
2000,12,"Transportation",16.2,"e1gtotl1sn00","0","FAAt707","BEA_API"
2001,12,"Transportation",16.2,"e1gtotl1sn00","0","FAAt707","BEA_API"
2002,12,"Transportation",16.1,"e1gtotl1sn00","0","FAAt707","BEA_API"
2003,12,"Transportation",16.1,"e1gtotl1sn00","0","FAAt707","BEA_API"
2004,12,"Transportation",16.2,"e1gtotl1sn00","0","FAAt707","BEA_API"
2005,12,"Transportation",16.4,"e1gtotl1sn00","0","FAAt707","BEA_API"
2006,12,"Transportation",16.7,"e1gtotl1sn00","0","FAAt707","BEA_API"
2007,12,"Transportation",17,"e1gtotl1sn00","0","FAAt707","BEA_API"
2008,12,"Transportation",17.3,"e1gtotl1sn00","0","FAAt707","BEA_API"
2009,12,"Transportation",17.6,"e1gtotl1sn00","0","FAAt707","BEA_API"
2010,12,"Transportation",17.8,"e1gtotl1sn00","0","FAAt707","BEA_API"
2011,12,"Transportation",18.1,"e1gtotl1sn00","0","FAAt707","BEA_API"
2012,12,"Transportation",18.5,"e1gtotl1sn00","0","FAAt707","BEA_API"
2013,12,"Transportation",18.8,"e1gtotl1sn00","0","FAAt707","BEA_API"
2014,12,"Transportation",19,"e1gtotl1sn00","0","FAAt707","BEA_API"
2015,12,"Transportation",19.3,"e1gtotl1sn00","0","FAAt707","BEA_API"
2016,12,"Transportation",19.5,"e1gtotl1sn00","0","FAAt707","BEA_API"
2017,12,"Transportation",19.8,"e1gtotl1sn00","0","FAAt707","BEA_API"
2018,12,"Transportation",20,"e1gtotl1sn00","0","FAAt707","BEA_API"
2019,12,"Transportation",20.1,"e1gtotl1sn00","0","FAAt707","BEA_API"
2020,12,"Transportation",20.2,"e1gtotl1sn00","0","FAAt707","BEA_API"
2021,12,"Transportation",20.5,"e1gtotl1sn00","0","FAAt707","BEA_API"
2022,12,"Transportation",20.8,"e1gtotl1sn00","0","FAAt707","BEA_API"
2023,12,"Transportation",21.1,"e1gtotl1sn00","0","FAAt707","BEA_API"
2024,12,"Transportation",21.3,"e1gtotl1sn00","0","FAAt707","BEA_API"
1925,13,"Power",13.2,"e1gtotl1sp00","0","FAAt707","BEA_API"
1926,13,"Power",13.2,"e1gtotl1sp00","0","FAAt707","BEA_API"
1927,13,"Power",12.6,"e1gtotl1sp00","0","FAAt707","BEA_API"
1928,13,"Power",12.5,"e1gtotl1sp00","0","FAAt707","BEA_API"
1929,13,"Power",12.5,"e1gtotl1sp00","0","FAAt707","BEA_API"
1930,13,"Power",12.5,"e1gtotl1sp00","0","FAAt707","BEA_API"
1931,13,"Power",12.2,"e1gtotl1sp00","0","FAAt707","BEA_API"
1932,13,"Power",12.3,"e1gtotl1sp00","0","FAAt707","BEA_API"
1933,13,"Power",12.9,"e1gtotl1sp00","0","FAAt707","BEA_API"
1934,13,"Power",13.5,"e1gtotl1sp00","0","FAAt707","BEA_API"
1935,13,"Power",13.9,"e1gtotl1sp00","0","FAAt707","BEA_API"
1936,13,"Power",13.5,"e1gtotl1sp00","0","FAAt707","BEA_API"
1937,13,"Power",13.6,"e1gtotl1sp00","0","FAAt707","BEA_API"
1938,13,"Power",13.6,"e1gtotl1sp00","0","FAAt707","BEA_API"
1939,13,"Power",13.6,"e1gtotl1sp00","0","FAAt707","BEA_API"
1940,13,"Power",13.9,"e1gtotl1sp00","0","FAAt707","BEA_API"
1941,13,"Power",14.3,"e1gtotl1sp00","0","FAAt707","BEA_API"
1942,13,"Power",15,"e1gtotl1sp00","0","FAAt707","BEA_API"
1943,13,"Power",15.8,"e1gtotl1sp00","0","FAAt707","BEA_API"
1944,13,"Power",16.7,"e1gtotl1sp00","0","FAAt707","BEA_API"
1945,13,"Power",17.5,"e1gtotl1sp00","0","FAAt707","BEA_API"
1946,13,"Power",18.2,"e1gtotl1sp00","0","FAAt707","BEA_API"
1947,13,"Power",18.6,"e1gtotl1sp00","0","FAAt707","BEA_API"
1948,13,"Power",18.9,"e1gtotl1sp00","0","FAAt707","BEA_API"
1949,13,"Power",19.1,"e1gtotl1sp00","0","FAAt707","BEA_API"
1950,13,"Power",19.4,"e1gtotl1sp00","0","FAAt707","BEA_API"
1951,13,"Power",19.8,"e1gtotl1sp00","0","FAAt707","BEA_API"
1952,13,"Power",20.3,"e1gtotl1sp00","0","FAAt707","BEA_API"
1953,13,"Power",20.5,"e1gtotl1sp00","0","FAAt707","BEA_API"
1954,13,"Power",20.8,"e1gtotl1sp00","0","FAAt707","BEA_API"
1955,13,"Power",20.9,"e1gtotl1sp00","0","FAAt707","BEA_API"
1956,13,"Power",20.8,"e1gtotl1sp00","0","FAAt707","BEA_API"
1957,13,"Power",20.7,"e1gtotl1sp00","0","FAAt707","BEA_API"
1958,13,"Power",20.5,"e1gtotl1sp00","0","FAAt707","BEA_API"
1959,13,"Power",20.1,"e1gtotl1sp00","0","FAAt707","BEA_API"
1960,13,"Power",19.6,"e1gtotl1sp00","0","FAAt707","BEA_API"
1961,13,"Power",18.9,"e1gtotl1sp00","0","FAAt707","BEA_API"
1962,13,"Power",18.8,"e1gtotl1sp00","0","FAAt707","BEA_API"
1963,13,"Power",18.5,"e1gtotl1sp00","0","FAAt707","BEA_API"
1964,13,"Power",17.9,"e1gtotl1sp00","0","FAAt707","BEA_API"
1965,13,"Power",17.4,"e1gtotl1sp00","0","FAAt707","BEA_API"
1966,13,"Power",17.4,"e1gtotl1sp00","0","FAAt707","BEA_API"
1967,13,"Power",17.2,"e1gtotl1sp00","0","FAAt707","BEA_API"
1968,13,"Power",17,"e1gtotl1sp00","0","FAAt707","BEA_API"
1969,13,"Power",17,"e1gtotl1sp00","0","FAAt707","BEA_API"
1970,13,"Power",17,"e1gtotl1sp00","0","FAAt707","BEA_API"
1971,13,"Power",17.1,"e1gtotl1sp00","0","FAAt707","BEA_API"
1972,13,"Power",17.2,"e1gtotl1sp00","0","FAAt707","BEA_API"
1973,13,"Power",17.2,"e1gtotl1sp00","0","FAAt707","BEA_API"
1974,13,"Power",17.3,"e1gtotl1sp00","0","FAAt707","BEA_API"
1975,13,"Power",17.6,"e1gtotl1sp00","0","FAAt707","BEA_API"
1976,13,"Power",17.6,"e1gtotl1sp00","0","FAAt707","BEA_API"
1977,13,"Power",17.5,"e1gtotl1sp00","0","FAAt707","BEA_API"
1978,13,"Power",17.1,"e1gtotl1sp00","0","FAAt707","BEA_API"
1979,13,"Power",16.9,"e1gtotl1sp00","0","FAAt707","BEA_API"
1980,13,"Power",16.7,"e1gtotl1sp00","0","FAAt707","BEA_API"
1981,13,"Power",16.5,"e1gtotl1sp00","0","FAAt707","BEA_API"
1982,13,"Power",16.4,"e1gtotl1sp00","0","FAAt707","BEA_API"
1983,13,"Power",16.5,"e1gtotl1sp00","0","FAAt707","BEA_API"
1984,13,"Power",16.7,"e1gtotl1sp00","0","FAAt707","BEA_API"
1985,13,"Power",16.7,"e1gtotl1sp00","0","FAAt707","BEA_API"
1986,13,"Power",16.8,"e1gtotl1sp00","0","FAAt707","BEA_API"
1987,13,"Power",17.1,"e1gtotl1sp00","0","FAAt707","BEA_API"
1988,13,"Power",17.5,"e1gtotl1sp00","0","FAAt707","BEA_API"
1989,13,"Power",18,"e1gtotl1sp00","0","FAAt707","BEA_API"
1990,13,"Power",18.5,"e1gtotl1sp00","0","FAAt707","BEA_API"
1991,13,"Power",19,"e1gtotl1sp00","0","FAAt707","BEA_API"
1992,13,"Power",19.5,"e1gtotl1sp00","0","FAAt707","BEA_API"
1993,13,"Power",20,"e1gtotl1sp00","0","FAAt707","BEA_API"
1994,13,"Power",20.6,"e1gtotl1sp00","0","FAAt707","BEA_API"
1995,13,"Power",21.1,"e1gtotl1sp00","0","FAAt707","BEA_API"
1996,13,"Power",21.7,"e1gtotl1sp00","0","FAAt707","BEA_API"
1997,13,"Power",22.2,"e1gtotl1sp00","0","FAAt707","BEA_API"
1998,13,"Power",22.7,"e1gtotl1sp00","0","FAAt707","BEA_API"
1999,13,"Power",23.2,"e1gtotl1sp00","0","FAAt707","BEA_API"
2000,13,"Power",23.6,"e1gtotl1sp00","0","FAAt707","BEA_API"
2001,13,"Power",23.9,"e1gtotl1sp00","0","FAAt707","BEA_API"
2002,13,"Power",24,"e1gtotl1sp00","0","FAAt707","BEA_API"
2003,13,"Power",24.1,"e1gtotl1sp00","0","FAAt707","BEA_API"
2004,13,"Power",24.3,"e1gtotl1sp00","0","FAAt707","BEA_API"
2005,13,"Power",24.5,"e1gtotl1sp00","0","FAAt707","BEA_API"
2006,13,"Power",24.6,"e1gtotl1sp00","0","FAAt707","BEA_API"
2007,13,"Power",24.8,"e1gtotl1sp00","0","FAAt707","BEA_API"
2008,13,"Power",24.8,"e1gtotl1sp00","0","FAAt707","BEA_API"
2009,13,"Power",24.8,"e1gtotl1sp00","0","FAAt707","BEA_API"
2010,13,"Power",24.9,"e1gtotl1sp00","0","FAAt707","BEA_API"
2011,13,"Power",25,"e1gtotl1sp00","0","FAAt707","BEA_API"
2012,13,"Power",25.2,"e1gtotl1sp00","0","FAAt707","BEA_API"
2013,13,"Power",25.5,"e1gtotl1sp00","0","FAAt707","BEA_API"
2014,13,"Power",25.7,"e1gtotl1sp00","0","FAAt707","BEA_API"
2015,13,"Power",26,"e1gtotl1sp00","0","FAAt707","BEA_API"
2016,13,"Power",26.2,"e1gtotl1sp00","0","FAAt707","BEA_API"
2017,13,"Power",26.5,"e1gtotl1sp00","0","FAAt707","BEA_API"
2018,13,"Power",26.8,"e1gtotl1sp00","0","FAAt707","BEA_API"
2019,13,"Power",27.1,"e1gtotl1sp00","0","FAAt707","BEA_API"
2020,13,"Power",27.5,"e1gtotl1sp00","0","FAAt707","BEA_API"
2021,13,"Power",27.9,"e1gtotl1sp00","0","FAAt707","BEA_API"
2022,13,"Power",28.3,"e1gtotl1sp00","0","FAAt707","BEA_API"
2023,13,"Power",28.6,"e1gtotl1sp00","0","FAAt707","BEA_API"
2024,13,"Power",28.9,"e1gtotl1sp00","0","FAAt707","BEA_API"
1925,14,"Highways and streets",9.3,"e1gtotl1sq00","0","FAAt707","BEA_API"
1926,14,"Highways and streets",9.7,"e1gtotl1sq00","0","FAAt707","BEA_API"
1927,14,"Highways and streets",9.9,"e1gtotl1sq00","0","FAAt707","BEA_API"
1928,14,"Highways and streets",10.1,"e1gtotl1sq00","0","FAAt707","BEA_API"
1929,14,"Highways and streets",10.3,"e1gtotl1sq00","0","FAAt707","BEA_API"
1930,14,"Highways and streets",10.3,"e1gtotl1sq00","0","FAAt707","BEA_API"
1931,14,"Highways and streets",10.4,"e1gtotl1sq00","0","FAAt707","BEA_API"
1932,14,"Highways and streets",10.6,"e1gtotl1sq00","0","FAAt707","BEA_API"
1933,14,"Highways and streets",11,"e1gtotl1sq00","0","FAAt707","BEA_API"
1934,14,"Highways and streets",11.5,"e1gtotl1sq00","0","FAAt707","BEA_API"
1935,14,"Highways and streets",11.9,"e1gtotl1sq00","0","FAAt707","BEA_API"
1936,14,"Highways and streets",12.2,"e1gtotl1sq00","0","FAAt707","BEA_API"
1937,14,"Highways and streets",12.4,"e1gtotl1sq00","0","FAAt707","BEA_API"
1938,14,"Highways and streets",12.6,"e1gtotl1sq00","0","FAAt707","BEA_API"
1939,14,"Highways and streets",12.8,"e1gtotl1sq00","0","FAAt707","BEA_API"
1940,14,"Highways and streets",13,"e1gtotl1sq00","0","FAAt707","BEA_API"
1941,14,"Highways and streets",13.4,"e1gtotl1sq00","0","FAAt707","BEA_API"
1942,14,"Highways and streets",14.1,"e1gtotl1sq00","0","FAAt707","BEA_API"
1943,14,"Highways and streets",15,"e1gtotl1sq00","0","FAAt707","BEA_API"
1944,14,"Highways and streets",15.8,"e1gtotl1sq00","0","FAAt707","BEA_API"
1945,14,"Highways and streets",16.6,"e1gtotl1sq00","0","FAAt707","BEA_API"
1946,14,"Highways and streets",17.2,"e1gtotl1sq00","0","FAAt707","BEA_API"
1947,14,"Highways and streets",17.7,"e1gtotl1sq00","0","FAAt707","BEA_API"
1948,14,"Highways and streets",18,"e1gtotl1sq00","0","FAAt707","BEA_API"
1949,14,"Highways and streets",18.2,"e1gtotl1sq00","0","FAAt707","BEA_API"
1950,14,"Highways and streets",18.3,"e1gtotl1sq00","0","FAAt707","BEA_API"
1951,14,"Highways and streets",18.5,"e1gtotl1sq00","0","FAAt707","BEA_API"
1952,14,"Highways and streets",18.6,"e1gtotl1sq00","0","FAAt707","BEA_API"
1953,14,"Highways and streets",18.5,"e1gtotl1sq00","0","FAAt707","BEA_API"
1954,14,"Highways and streets",18.3,"e1gtotl1sq00","0","FAAt707","BEA_API"
1955,14,"Highways and streets",18,"e1gtotl1sq00","0","FAAt707","BEA_API"
1956,14,"Highways and streets",17.9,"e1gtotl1sq00","0","FAAt707","BEA_API"
1957,14,"Highways and streets",17.6,"e1gtotl1sq00","0","FAAt707","BEA_API"
1958,14,"Highways and streets",17.3,"e1gtotl1sq00","0","FAAt707","BEA_API"
1959,14,"Highways and streets",17,"e1gtotl1sq00","0","FAAt707","BEA_API"
1960,14,"Highways and streets",16.9,"e1gtotl1sq00","0","FAAt707","BEA_API"
1961,14,"Highways and streets",16.7,"e1gtotl1sq00","0","FAAt707","BEA_API"
1962,14,"Highways and streets",16.5,"e1gtotl1sq00","0","FAAt707","BEA_API"
1963,14,"Highways and streets",16.3,"e1gtotl1sq00","0","FAAt707","BEA_API"
1964,14,"Highways and streets",16.2,"e1gtotl1sq00","0","FAAt707","BEA_API"
1965,14,"Highways and streets",16.1,"e1gtotl1sq00","0","FAAt707","BEA_API"
1966,14,"Highways and streets",16,"e1gtotl1sq00","0","FAAt707","BEA_API"
1967,14,"Highways and streets",16,"e1gtotl1sq00","0","FAAt707","BEA_API"
1968,14,"Highways and streets",16,"e1gtotl1sq00","0","FAAt707","BEA_API"
1969,14,"Highways and streets",16.1,"e1gtotl1sq00","0","FAAt707","BEA_API"
1970,14,"Highways and streets",16.2,"e1gtotl1sq00","0","FAAt707","BEA_API"
1971,14,"Highways and streets",16.4,"e1gtotl1sq00","0","FAAt707","BEA_API"
1972,14,"Highways and streets",16.6,"e1gtotl1sq00","0","FAAt707","BEA_API"
1973,14,"Highways and streets",16.9,"e1gtotl1sq00","0","FAAt707","BEA_API"
1974,14,"Highways and streets",17.3,"e1gtotl1sq00","0","FAAt707","BEA_API"
1975,14,"Highways and streets",17.7,"e1gtotl1sq00","0","FAAt707","BEA_API"
1976,14,"Highways and streets",18.1,"e1gtotl1sq00","0","FAAt707","BEA_API"
1977,14,"Highways and streets",18.5,"e1gtotl1sq00","0","FAAt707","BEA_API"
1978,14,"Highways and streets",18.8,"e1gtotl1sq00","0","FAAt707","BEA_API"
1979,14,"Highways and streets",19,"e1gtotl1sq00","0","FAAt707","BEA_API"
1980,14,"Highways and streets",19.3,"e1gtotl1sq00","0","FAAt707","BEA_API"
1981,14,"Highways and streets",19.8,"e1gtotl1sq00","0","FAAt707","BEA_API"
1982,14,"Highways and streets",20.2,"e1gtotl1sq00","0","FAAt707","BEA_API"
1983,14,"Highways and streets",20.7,"e1gtotl1sq00","0","FAAt707","BEA_API"
1984,14,"Highways and streets",21,"e1gtotl1sq00","0","FAAt707","BEA_API"
1985,14,"Highways and streets",21.2,"e1gtotl1sq00","0","FAAt707","BEA_API"
1986,14,"Highways and streets",21.4,"e1gtotl1sq00","0","FAAt707","BEA_API"
1987,14,"Highways and streets",21.6,"e1gtotl1sq00","0","FAAt707","BEA_API"
1988,14,"Highways and streets",21.8,"e1gtotl1sq00","0","FAAt707","BEA_API"
1989,14,"Highways and streets",22,"e1gtotl1sq00","0","FAAt707","BEA_API"
1990,14,"Highways and streets",22.1,"e1gtotl1sq00","0","FAAt707","BEA_API"
1991,14,"Highways and streets",22.2,"e1gtotl1sq00","0","FAAt707","BEA_API"
1992,14,"Highways and streets",22.4,"e1gtotl1sq00","0","FAAt707","BEA_API"
1993,14,"Highways and streets",22.5,"e1gtotl1sq00","0","FAAt707","BEA_API"
1994,14,"Highways and streets",22.6,"e1gtotl1sq00","0","FAAt707","BEA_API"
1995,14,"Highways and streets",22.8,"e1gtotl1sq00","0","FAAt707","BEA_API"
1996,14,"Highways and streets",22.9,"e1gtotl1sq00","0","FAAt707","BEA_API"
1997,14,"Highways and streets",23.1,"e1gtotl1sq00","0","FAAt707","BEA_API"
1998,14,"Highways and streets",23.2,"e1gtotl1sq00","0","FAAt707","BEA_API"
1999,14,"Highways and streets",23.3,"e1gtotl1sq00","0","FAAt707","BEA_API"
2000,14,"Highways and streets",23.3,"e1gtotl1sq00","0","FAAt707","BEA_API"
2001,14,"Highways and streets",23.4,"e1gtotl1sq00","0","FAAt707","BEA_API"
2002,14,"Highways and streets",23.4,"e1gtotl1sq00","0","FAAt707","BEA_API"
2003,14,"Highways and streets",23.6,"e1gtotl1sq00","0","FAAt707","BEA_API"
2004,14,"Highways and streets",23.7,"e1gtotl1sq00","0","FAAt707","BEA_API"
2005,14,"Highways and streets",23.8,"e1gtotl1sq00","0","FAAt707","BEA_API"
2006,14,"Highways and streets",24,"e1gtotl1sq00","0","FAAt707","BEA_API"
2007,14,"Highways and streets",24.2,"e1gtotl1sq00","0","FAAt707","BEA_API"
2008,14,"Highways and streets",24.5,"e1gtotl1sq00","0","FAAt707","BEA_API"
2009,14,"Highways and streets",24.7,"e1gtotl1sq00","0","FAAt707","BEA_API"
2010,14,"Highways and streets",25,"e1gtotl1sq00","0","FAAt707","BEA_API"
2011,14,"Highways and streets",25.3,"e1gtotl1sq00","0","FAAt707","BEA_API"
2012,14,"Highways and streets",25.6,"e1gtotl1sq00","0","FAAt707","BEA_API"
2013,14,"Highways and streets",26,"e1gtotl1sq00","0","FAAt707","BEA_API"
2014,14,"Highways and streets",26.3,"e1gtotl1sq00","0","FAAt707","BEA_API"
2015,14,"Highways and streets",26.6,"e1gtotl1sq00","0","FAAt707","BEA_API"
2016,14,"Highways and streets",26.9,"e1gtotl1sq00","0","FAAt707","BEA_API"
2017,14,"Highways and streets",27.2,"e1gtotl1sq00","0","FAAt707","BEA_API"
2018,14,"Highways and streets",27.4,"e1gtotl1sq00","0","FAAt707","BEA_API"
2019,14,"Highways and streets",27.7,"e1gtotl1sq00","0","FAAt707","BEA_API"
2020,14,"Highways and streets",27.9,"e1gtotl1sq00","0","FAAt707","BEA_API"
2021,14,"Highways and streets",28.2,"e1gtotl1sq00","0","FAAt707","BEA_API"
2022,14,"Highways and streets",28.6,"e1gtotl1sq00","0","FAAt707","BEA_API"
2023,14,"Highways and streets",28.8,"e1gtotl1sq00","0","FAAt707","BEA_API"
2024,14,"Highways and streets",29,"e1gtotl1sq00","0","FAAt707","BEA_API"
1925,15,"Military facilities",9.1,"e1gtotl1sm00","0","FAAt707","BEA_API"
1926,15,"Military facilities",10.1,"e1gtotl1sm00","0","FAAt707","BEA_API"
1927,15,"Military facilities",11.1,"e1gtotl1sm00","0","FAAt707","BEA_API"
1928,15,"Military facilities",12,"e1gtotl1sm00","0","FAAt707","BEA_API"
1929,15,"Military facilities",12.9,"e1gtotl1sm00","0","FAAt707","BEA_API"
1930,15,"Military facilities",13.8,"e1gtotl1sm00","0","FAAt707","BEA_API"
1931,15,"Military facilities",14.6,"e1gtotl1sm00","0","FAAt707","BEA_API"
1932,15,"Military facilities",15.4,"e1gtotl1sm00","0","FAAt707","BEA_API"
1933,15,"Military facilities",16.1,"e1gtotl1sm00","0","FAAt707","BEA_API"
1934,15,"Military facilities",16.8,"e1gtotl1sm00","0","FAAt707","BEA_API"
1935,15,"Military facilities",17.6,"e1gtotl1sm00","0","FAAt707","BEA_API"
1936,15,"Military facilities",18.2,"e1gtotl1sm00","0","FAAt707","BEA_API"
1937,15,"Military facilities",18.8,"e1gtotl1sm00","0","FAAt707","BEA_API"
1938,15,"Military facilities",19.2,"e1gtotl1sm00","0","FAAt707","BEA_API"
1939,15,"Military facilities",19.4,"e1gtotl1sm00","0","FAAt707","BEA_API"
1940,15,"Military facilities",18.1,"e1gtotl1sm00","0","FAAt707","BEA_API"
1941,15,"Military facilities",13.2,"e1gtotl1sm00","0","FAAt707","BEA_API"
1942,15,"Military facilities",7.9,"e1gtotl1sm00","0","FAAt707","BEA_API"
1943,15,"Military facilities",7.4,"e1gtotl1sm00","0","FAAt707","BEA_API"
1944,15,"Military facilities",8,"e1gtotl1sm00","0","FAAt707","BEA_API"
1945,15,"Military facilities",8.6,"e1gtotl1sm00","0","FAAt707","BEA_API"
1946,15,"Military facilities",9.6,"e1gtotl1sm00","0","FAAt707","BEA_API"
1947,15,"Military facilities",10.5,"e1gtotl1sm00","0","FAAt707","BEA_API"
1948,15,"Military facilities",11.4,"e1gtotl1sm00","0","FAAt707","BEA_API"
1949,15,"Military facilities",12.4,"e1gtotl1sm00","0","FAAt707","BEA_API"
1950,15,"Military facilities",13.3,"e1gtotl1sm00","0","FAAt707","BEA_API"
1951,15,"Military facilities",13.8,"e1gtotl1sm00","0","FAAt707","BEA_API"
1952,15,"Military facilities",14.1,"e1gtotl1sm00","0","FAAt707","BEA_API"
1953,15,"Military facilities",14.5,"e1gtotl1sm00","0","FAAt707","BEA_API"
1954,15,"Military facilities",14.9,"e1gtotl1sm00","0","FAAt707","BEA_API"
1955,15,"Military facilities",15.3,"e1gtotl1sm00","0","FAAt707","BEA_API"
1956,15,"Military facilities",15.6,"e1gtotl1sm00","0","FAAt707","BEA_API"
1957,15,"Military facilities",16,"e1gtotl1sm00","0","FAAt707","BEA_API"
1958,15,"Military facilities",16.3,"e1gtotl1sm00","0","FAAt707","BEA_API"
1959,15,"Military facilities",16.6,"e1gtotl1sm00","0","FAAt707","BEA_API"
1960,15,"Military facilities",17,"e1gtotl1sm00","0","FAAt707","BEA_API"
1961,15,"Military facilities",17.4,"e1gtotl1sm00","0","FAAt707","BEA_API"
1962,15,"Military facilities",17.9,"e1gtotl1sm00","0","FAAt707","BEA_API"
1963,15,"Military facilities",18.4,"e1gtotl1sm00","0","FAAt707","BEA_API"
1964,15,"Military facilities",19,"e1gtotl1sm00","0","FAAt707","BEA_API"
1965,15,"Military facilities",19.6,"e1gtotl1sm00","0","FAAt707","BEA_API"
1966,15,"Military facilities",20.2,"e1gtotl1sm00","0","FAAt707","BEA_API"
1967,15,"Military facilities",20.8,"e1gtotl1sm00","0","FAAt707","BEA_API"
1968,15,"Military facilities",21.5,"e1gtotl1sm00","0","FAAt707","BEA_API"
1969,15,"Military facilities",22.1,"e1gtotl1sm00","0","FAAt707","BEA_API"
1970,15,"Military facilities",22.7,"e1gtotl1sm00","0","FAAt707","BEA_API"
1971,15,"Military facilities",23.3,"e1gtotl1sm00","0","FAAt707","BEA_API"
1972,15,"Military facilities",24,"e1gtotl1sm00","0","FAAt707","BEA_API"
1973,15,"Military facilities",24.6,"e1gtotl1sm00","0","FAAt707","BEA_API"
1974,15,"Military facilities",25.3,"e1gtotl1sm00","0","FAAt707","BEA_API"
1975,15,"Military facilities",26,"e1gtotl1sm00","0","FAAt707","BEA_API"
1976,15,"Military facilities",26.7,"e1gtotl1sm00","0","FAAt707","BEA_API"
1977,15,"Military facilities",27.4,"e1gtotl1sm00","0","FAAt707","BEA_API"
1978,15,"Military facilities",28,"e1gtotl1sm00","0","FAAt707","BEA_API"
1979,15,"Military facilities",28.7,"e1gtotl1sm00","0","FAAt707","BEA_API"
1980,15,"Military facilities",29.4,"e1gtotl1sm00","0","FAAt707","BEA_API"
1981,15,"Military facilities",30.1,"e1gtotl1sm00","0","FAAt707","BEA_API"
1982,15,"Military facilities",30.7,"e1gtotl1sm00","0","FAAt707","BEA_API"
1983,15,"Military facilities",31.3,"e1gtotl1sm00","0","FAAt707","BEA_API"
1984,15,"Military facilities",31.8,"e1gtotl1sm00","0","FAAt707","BEA_API"
1985,15,"Military facilities",32.2,"e1gtotl1sm00","0","FAAt707","BEA_API"
1986,15,"Military facilities",32.6,"e1gtotl1sm00","0","FAAt707","BEA_API"
1987,15,"Military facilities",32.9,"e1gtotl1sm00","0","FAAt707","BEA_API"
1988,15,"Military facilities",33.2,"e1gtotl1sm00","0","FAAt707","BEA_API"
1989,15,"Military facilities",33.6,"e1gtotl1sm00","0","FAAt707","BEA_API"
1990,15,"Military facilities",34.2,"e1gtotl1sm00","0","FAAt707","BEA_API"
1991,15,"Military facilities",34.8,"e1gtotl1sm00","0","FAAt707","BEA_API"
1992,15,"Military facilities",35.4,"e1gtotl1sm00","0","FAAt707","BEA_API"
1993,15,"Military facilities",36,"e1gtotl1sm00","0","FAAt707","BEA_API"
1994,15,"Military facilities",36.5,"e1gtotl1sm00","0","FAAt707","BEA_API"
1995,15,"Military facilities",37,"e1gtotl1sm00","0","FAAt707","BEA_API"
1996,15,"Military facilities",37.5,"e1gtotl1sm00","0","FAAt707","BEA_API"
1997,15,"Military facilities",38,"e1gtotl1sm00","0","FAAt707","BEA_API"
1998,15,"Military facilities",38.5,"e1gtotl1sm00","0","FAAt707","BEA_API"
1999,15,"Military facilities",39,"e1gtotl1sm00","0","FAAt707","BEA_API"
2000,15,"Military facilities",39.5,"e1gtotl1sm00","0","FAAt707","BEA_API"
2001,15,"Military facilities",40.1,"e1gtotl1sm00","0","FAAt707","BEA_API"
2002,15,"Military facilities",40.6,"e1gtotl1sm00","0","FAAt707","BEA_API"
2003,15,"Military facilities",41.1,"e1gtotl1sm00","0","FAAt707","BEA_API"
2004,15,"Military facilities",41.5,"e1gtotl1sm00","0","FAAt707","BEA_API"
2005,15,"Military facilities",42.1,"e1gtotl1sm00","0","FAAt707","BEA_API"
2006,15,"Military facilities",42.5,"e1gtotl1sm00","0","FAAt707","BEA_API"
2007,15,"Military facilities",42.8,"e1gtotl1sm00","0","FAAt707","BEA_API"
2008,15,"Military facilities",42.9,"e1gtotl1sm00","0","FAAt707","BEA_API"
2009,15,"Military facilities",42.7,"e1gtotl1sm00","0","FAAt707","BEA_API"
2010,15,"Military facilities",42.5,"e1gtotl1sm00","0","FAAt707","BEA_API"
2011,15,"Military facilities",42.6,"e1gtotl1sm00","0","FAAt707","BEA_API"
2012,15,"Military facilities",43.1,"e1gtotl1sm00","0","FAAt707","BEA_API"
2013,15,"Military facilities",43.7,"e1gtotl1sm00","0","FAAt707","BEA_API"
2014,15,"Military facilities",44.3,"e1gtotl1sm00","0","FAAt707","BEA_API"
2015,15,"Military facilities",44.8,"e1gtotl1sm00","0","FAAt707","BEA_API"
2016,15,"Military facilities",45.4,"e1gtotl1sm00","0","FAAt707","BEA_API"
2017,15,"Military facilities",45.9,"e1gtotl1sm00","0","FAAt707","BEA_API"
2018,15,"Military facilities",46.8,"e1gtotl1sm00","0","FAAt707","BEA_API"
2019,15,"Military facilities",47.2,"e1gtotl1sm00","0","FAAt707","BEA_API"
2020,15,"Military facilities",47.5,"e1gtotl1sm00","0","FAAt707","BEA_API"
2021,15,"Military facilities",47.9,"e1gtotl1sm00","0","FAAt707","BEA_API"
2022,15,"Military facilities",48.3,"e1gtotl1sm00","0","FAAt707","BEA_API"
2023,15,"Military facilities",48.7,"e1gtotl1sm00","0","FAAt707","BEA_API"
2024,15,"Military facilities",48.9,"e1gtotl1sm00","0","FAAt707","BEA_API"
1925,16,"Conservation and development",14.1,"e1gtotl1sv00","0","FAAt707","BEA_API"
1926,16,"Conservation and development",14.5,"e1gtotl1sv00","0","FAAt707","BEA_API"
1927,16,"Conservation and development",14.9,"e1gtotl1sv00","0","FAAt707","BEA_API"
1928,16,"Conservation and development",15.1,"e1gtotl1sv00","0","FAAt707","BEA_API"
1929,16,"Conservation and development",15.1,"e1gtotl1sv00","0","FAAt707","BEA_API"
1930,16,"Conservation and development",14.7,"e1gtotl1sv00","0","FAAt707","BEA_API"
1931,16,"Conservation and development",14,"e1gtotl1sv00","0","FAAt707","BEA_API"
1932,16,"Conservation and development",13,"e1gtotl1sv00","0","FAAt707","BEA_API"
1933,16,"Conservation and development",11.1,"e1gtotl1sv00","0","FAAt707","BEA_API"
1934,16,"Conservation and development",9.9,"e1gtotl1sv00","0","FAAt707","BEA_API"
1935,16,"Conservation and development",8.8,"e1gtotl1sv00","0","FAAt707","BEA_API"
1936,16,"Conservation and development",8.4,"e1gtotl1sv00","0","FAAt707","BEA_API"
1937,16,"Conservation and development",8.3,"e1gtotl1sv00","0","FAAt707","BEA_API"
1938,16,"Conservation and development",8.5,"e1gtotl1sv00","0","FAAt707","BEA_API"
1939,16,"Conservation and development",8.5,"e1gtotl1sv00","0","FAAt707","BEA_API"
1940,16,"Conservation and development",8.9,"e1gtotl1sv00","0","FAAt707","BEA_API"
1941,16,"Conservation and development",9.4,"e1gtotl1sv00","0","FAAt707","BEA_API"
1942,16,"Conservation and development",10,"e1gtotl1sv00","0","FAAt707","BEA_API"
1943,16,"Conservation and development",10.6,"e1gtotl1sv00","0","FAAt707","BEA_API"
1944,16,"Conservation and development",11.2,"e1gtotl1sv00","0","FAAt707","BEA_API"
1945,16,"Conservation and development",11.9,"e1gtotl1sv00","0","FAAt707","BEA_API"
1946,16,"Conservation and development",12.7,"e1gtotl1sv00","0","FAAt707","BEA_API"
1947,16,"Conservation and development",13.5,"e1gtotl1sv00","0","FAAt707","BEA_API"
1948,16,"Conservation and development",14,"e1gtotl1sv00","0","FAAt707","BEA_API"
1949,16,"Conservation and development",14.6,"e1gtotl1sv00","0","FAAt707","BEA_API"
1950,16,"Conservation and development",15.1,"e1gtotl1sv00","0","FAAt707","BEA_API"
1951,16,"Conservation and development",15.6,"e1gtotl1sv00","0","FAAt707","BEA_API"
1952,16,"Conservation and development",15.9,"e1gtotl1sv00","0","FAAt707","BEA_API"
1953,16,"Conservation and development",16.5,"e1gtotl1sv00","0","FAAt707","BEA_API"
1954,16,"Conservation and development",17,"e1gtotl1sv00","0","FAAt707","BEA_API"
1955,16,"Conservation and development",17.1,"e1gtotl1sv00","0","FAAt707","BEA_API"
1956,16,"Conservation and development",17.4,"e1gtotl1sv00","0","FAAt707","BEA_API"
1957,16,"Conservation and development",17.8,"e1gtotl1sv00","0","FAAt707","BEA_API"
1958,16,"Conservation and development",18.1,"e1gtotl1sv00","0","FAAt707","BEA_API"
1959,16,"Conservation and development",18.4,"e1gtotl1sv00","0","FAAt707","BEA_API"
1960,16,"Conservation and development",18.6,"e1gtotl1sv00","0","FAAt707","BEA_API"
1961,16,"Conservation and development",18.8,"e1gtotl1sv00","0","FAAt707","BEA_API"
1962,16,"Conservation and development",19,"e1gtotl1sv00","0","FAAt707","BEA_API"
1963,16,"Conservation and development",19,"e1gtotl1sv00","0","FAAt707","BEA_API"
1964,16,"Conservation and development",19,"e1gtotl1sv00","0","FAAt707","BEA_API"
1965,16,"Conservation and development",18.9,"e1gtotl1sv00","0","FAAt707","BEA_API"
1966,16,"Conservation and development",18.8,"e1gtotl1sv00","0","FAAt707","BEA_API"
1967,16,"Conservation and development",18.9,"e1gtotl1sv00","0","FAAt707","BEA_API"
1968,16,"Conservation and development",19.1,"e1gtotl1sv00","0","FAAt707","BEA_API"
1969,16,"Conservation and development",19.4,"e1gtotl1sv00","0","FAAt707","BEA_API"
1970,16,"Conservation and development",19.8,"e1gtotl1sv00","0","FAAt707","BEA_API"
1971,16,"Conservation and development",20.2,"e1gtotl1sv00","0","FAAt707","BEA_API"
1972,16,"Conservation and development",20.6,"e1gtotl1sv00","0","FAAt707","BEA_API"
1973,16,"Conservation and development",21,"e1gtotl1sv00","0","FAAt707","BEA_API"
1974,16,"Conservation and development",21.3,"e1gtotl1sv00","0","FAAt707","BEA_API"
1975,16,"Conservation and development",21.7,"e1gtotl1sv00","0","FAAt707","BEA_API"
1976,16,"Conservation and development",22.2,"e1gtotl1sv00","0","FAAt707","BEA_API"
1977,16,"Conservation and development",22.7,"e1gtotl1sv00","0","FAAt707","BEA_API"
1978,16,"Conservation and development",23.3,"e1gtotl1sv00","0","FAAt707","BEA_API"
1979,16,"Conservation and development",23.8,"e1gtotl1sv00","0","FAAt707","BEA_API"
1980,16,"Conservation and development",24.3,"e1gtotl1sv00","0","FAAt707","BEA_API"
1981,16,"Conservation and development",24.5,"e1gtotl1sv00","0","FAAt707","BEA_API"
1982,16,"Conservation and development",24.8,"e1gtotl1sv00","0","FAAt707","BEA_API"
1983,16,"Conservation and development",25.2,"e1gtotl1sv00","0","FAAt707","BEA_API"
1984,16,"Conservation and development",25.6,"e1gtotl1sv00","0","FAAt707","BEA_API"
1985,16,"Conservation and development",26.1,"e1gtotl1sv00","0","FAAt707","BEA_API"
1986,16,"Conservation and development",26.5,"e1gtotl1sv00","0","FAAt707","BEA_API"
1987,16,"Conservation and development",26.9,"e1gtotl1sv00","0","FAAt707","BEA_API"
1988,16,"Conservation and development",27.4,"e1gtotl1sv00","0","FAAt707","BEA_API"
1989,16,"Conservation and development",27.7,"e1gtotl1sv00","0","FAAt707","BEA_API"
1990,16,"Conservation and development",28.1,"e1gtotl1sv00","0","FAAt707","BEA_API"
1991,16,"Conservation and development",28.5,"e1gtotl1sv00","0","FAAt707","BEA_API"
1992,16,"Conservation and development",28.9,"e1gtotl1sv00","0","FAAt707","BEA_API"
1993,16,"Conservation and development",29.4,"e1gtotl1sv00","0","FAAt707","BEA_API"
1994,16,"Conservation and development",29.7,"e1gtotl1sv00","0","FAAt707","BEA_API"
1995,16,"Conservation and development",29.7,"e1gtotl1sv00","0","FAAt707","BEA_API"
1996,16,"Conservation and development",29.1,"e1gtotl1sv00","0","FAAt707","BEA_API"
1997,16,"Conservation and development",29.5,"e1gtotl1sv00","0","FAAt707","BEA_API"
1998,16,"Conservation and development",30,"e1gtotl1sv00","0","FAAt707","BEA_API"
1999,16,"Conservation and development",30.5,"e1gtotl1sv00","0","FAAt707","BEA_API"
2000,16,"Conservation and development",30.8,"e1gtotl1sv00","0","FAAt707","BEA_API"
2001,16,"Conservation and development",31.2,"e1gtotl1sv00","0","FAAt707","BEA_API"
2002,16,"Conservation and development",31.6,"e1gtotl1sv00","0","FAAt707","BEA_API"
2003,16,"Conservation and development",32.1,"e1gtotl1sv00","0","FAAt707","BEA_API"
2004,16,"Conservation and development",32.5,"e1gtotl1sv00","0","FAAt707","BEA_API"
2005,16,"Conservation and development",33,"e1gtotl1sv00","0","FAAt707","BEA_API"
2006,16,"Conservation and development",33.4,"e1gtotl1sv00","0","FAAt707","BEA_API"
2007,16,"Conservation and development",33.5,"e1gtotl1sv00","0","FAAt707","BEA_API"
2008,16,"Conservation and development",33.8,"e1gtotl1sv00","0","FAAt707","BEA_API"
2009,16,"Conservation and development",34.1,"e1gtotl1sv00","0","FAAt707","BEA_API"
2010,16,"Conservation and development",34.2,"e1gtotl1sv00","0","FAAt707","BEA_API"
2011,16,"Conservation and development",34.4,"e1gtotl1sv00","0","FAAt707","BEA_API"
2012,16,"Conservation and development",34.8,"e1gtotl1sv00","0","FAAt707","BEA_API"
2013,16,"Conservation and development",35.2,"e1gtotl1sv00","0","FAAt707","BEA_API"
2014,16,"Conservation and development",35.7,"e1gtotl1sv00","0","FAAt707","BEA_API"
2015,16,"Conservation and development",36,"e1gtotl1sv00","0","FAAt707","BEA_API"
2016,16,"Conservation and development",36.2,"e1gtotl1sv00","0","FAAt707","BEA_API"
2017,16,"Conservation and development",36.1,"e1gtotl1sv00","0","FAAt707","BEA_API"
2018,16,"Conservation and development",36.2,"e1gtotl1sv00","0","FAAt707","BEA_API"
2019,16,"Conservation and development",36.3,"e1gtotl1sv00","0","FAAt707","BEA_API"
2020,16,"Conservation and development",36.6,"e1gtotl1sv00","0","FAAt707","BEA_API"
2021,16,"Conservation and development",36.9,"e1gtotl1sv00","0","FAAt707","BEA_API"
2022,16,"Conservation and development",37.1,"e1gtotl1sv00","0","FAAt707","BEA_API"
2023,16,"Conservation and development",37.3,"e1gtotl1sv00","0","FAAt707","BEA_API"
2024,16,"Conservation and development",37.5,"e1gtotl1sv00","0","FAAt707","BEA_API"
1925,17,"Other structures",13,"e1gtotl1sx00","0","FAAt707","BEA_API"
1926,17,"Other structures",13,"e1gtotl1sx00","0","FAAt707","BEA_API"
1927,17,"Other structures",13,"e1gtotl1sx00","0","FAAt707","BEA_API"
1928,17,"Other structures",13,"e1gtotl1sx00","0","FAAt707","BEA_API"
1929,17,"Other structures",13.3,"e1gtotl1sx00","0","FAAt707","BEA_API"
1930,17,"Other structures",13.3,"e1gtotl1sx00","0","FAAt707","BEA_API"
1931,17,"Other structures",13.5,"e1gtotl1sx00","0","FAAt707","BEA_API"
1932,17,"Other structures",13.9,"e1gtotl1sx00","0","FAAt707","BEA_API"
1933,17,"Other structures",14.6,"e1gtotl1sx00","0","FAAt707","BEA_API"
1934,17,"Other structures",15,"e1gtotl1sx00","0","FAAt707","BEA_API"
1935,17,"Other structures",15.5,"e1gtotl1sx00","0","FAAt707","BEA_API"
1936,17,"Other structures",15.6,"e1gtotl1sx00","0","FAAt707","BEA_API"
1937,17,"Other structures",15.8,"e1gtotl1sx00","0","FAAt707","BEA_API"
1938,17,"Other structures",16,"e1gtotl1sx00","0","FAAt707","BEA_API"
1939,17,"Other structures",16.1,"e1gtotl1sx00","0","FAAt707","BEA_API"
1940,17,"Other structures",16.3,"e1gtotl1sx00","0","FAAt707","BEA_API"
1941,17,"Other structures",16.7,"e1gtotl1sx00","0","FAAt707","BEA_API"
1942,17,"Other structures",17.3,"e1gtotl1sx00","0","FAAt707","BEA_API"
1943,17,"Other structures",18.1,"e1gtotl1sx00","0","FAAt707","BEA_API"
1944,17,"Other structures",19,"e1gtotl1sx00","0","FAAt707","BEA_API"
1945,17,"Other structures",19.8,"e1gtotl1sx00","0","FAAt707","BEA_API"
1946,17,"Other structures",20.3,"e1gtotl1sx00","0","FAAt707","BEA_API"
1947,17,"Other structures",20.7,"e1gtotl1sx00","0","FAAt707","BEA_API"
1948,17,"Other structures",20.9,"e1gtotl1sx00","0","FAAt707","BEA_API"
1949,17,"Other structures",20.9,"e1gtotl1sx00","0","FAAt707","BEA_API"
1950,17,"Other structures",21,"e1gtotl1sx00","0","FAAt707","BEA_API"
1951,17,"Other structures",21,"e1gtotl1sx00","0","FAAt707","BEA_API"
1952,17,"Other structures",21.1,"e1gtotl1sx00","0","FAAt707","BEA_API"
1953,17,"Other structures",21.2,"e1gtotl1sx00","0","FAAt707","BEA_API"
1954,17,"Other structures",21.1,"e1gtotl1sx00","0","FAAt707","BEA_API"
1955,17,"Other structures",21.1,"e1gtotl1sx00","0","FAAt707","BEA_API"
1956,17,"Other structures",21,"e1gtotl1sx00","0","FAAt707","BEA_API"
1957,17,"Other structures",21,"e1gtotl1sx00","0","FAAt707","BEA_API"
1958,17,"Other structures",21,"e1gtotl1sx00","0","FAAt707","BEA_API"
1959,17,"Other structures",20.8,"e1gtotl1sx00","0","FAAt707","BEA_API"
1960,17,"Other structures",20.7,"e1gtotl1sx00","0","FAAt707","BEA_API"
1961,17,"Other structures",20.5,"e1gtotl1sx00","0","FAAt707","BEA_API"
1962,17,"Other structures",20.3,"e1gtotl1sx00","0","FAAt707","BEA_API"
1963,17,"Other structures",20.2,"e1gtotl1sx00","0","FAAt707","BEA_API"
1964,17,"Other structures",19.8,"e1gtotl1sx00","0","FAAt707","BEA_API"
1965,17,"Other structures",19.5,"e1gtotl1sx00","0","FAAt707","BEA_API"
1966,17,"Other structures",19.3,"e1gtotl1sx00","0","FAAt707","BEA_API"
1967,17,"Other structures",19.2,"e1gtotl1sx00","0","FAAt707","BEA_API"
1968,17,"Other structures",19,"e1gtotl1sx00","0","FAAt707","BEA_API"
1969,17,"Other structures",19,"e1gtotl1sx00","0","FAAt707","BEA_API"
1970,17,"Other structures",19.1,"e1gtotl1sx00","0","FAAt707","BEA_API"
1971,17,"Other structures",19.2,"e1gtotl1sx00","0","FAAt707","BEA_API"
1972,17,"Other structures",19.4,"e1gtotl1sx00","0","FAAt707","BEA_API"
1973,17,"Other structures",19.5,"e1gtotl1sx00","0","FAAt707","BEA_API"
1974,17,"Other structures",19.6,"e1gtotl1sx00","0","FAAt707","BEA_API"
1975,17,"Other structures",19.7,"e1gtotl1sx00","0","FAAt707","BEA_API"
1976,17,"Other structures",19.7,"e1gtotl1sx00","0","FAAt707","BEA_API"
1977,17,"Other structures",19.9,"e1gtotl1sx00","0","FAAt707","BEA_API"
1978,17,"Other structures",20,"e1gtotl1sx00","0","FAAt707","BEA_API"
1979,17,"Other structures",20,"e1gtotl1sx00","0","FAAt707","BEA_API"
1980,17,"Other structures",20.1,"e1gtotl1sx00","0","FAAt707","BEA_API"
1981,17,"Other structures",20.3,"e1gtotl1sx00","0","FAAt707","BEA_API"
1982,17,"Other structures",20.5,"e1gtotl1sx00","0","FAAt707","BEA_API"
1983,17,"Other structures",20.8,"e1gtotl1sx00","0","FAAt707","BEA_API"
1984,17,"Other structures",21.1,"e1gtotl1sx00","0","FAAt707","BEA_API"
1985,17,"Other structures",21.3,"e1gtotl1sx00","0","FAAt707","BEA_API"
1986,17,"Other structures",21.5,"e1gtotl1sx00","0","FAAt707","BEA_API"
1987,17,"Other structures",21.5,"e1gtotl1sx00","0","FAAt707","BEA_API"
1988,17,"Other structures",21.6,"e1gtotl1sx00","0","FAAt707","BEA_API"
1989,17,"Other structures",21.7,"e1gtotl1sx00","0","FAAt707","BEA_API"
1990,17,"Other structures",21.7,"e1gtotl1sx00","0","FAAt707","BEA_API"
1991,17,"Other structures",21.8,"e1gtotl1sx00","0","FAAt707","BEA_API"
1992,17,"Other structures",21.9,"e1gtotl1sx00","0","FAAt707","BEA_API"
1993,17,"Other structures",22.1,"e1gtotl1sx00","0","FAAt707","BEA_API"
1994,17,"Other structures",22.4,"e1gtotl1sx00","0","FAAt707","BEA_API"
1995,17,"Other structures",22.7,"e1gtotl1sx00","0","FAAt707","BEA_API"
1996,17,"Other structures",22.9,"e1gtotl1sx00","0","FAAt707","BEA_API"
1997,17,"Other structures",23.1,"e1gtotl1sx00","0","FAAt707","BEA_API"
1998,17,"Other structures",23.3,"e1gtotl1sx00","0","FAAt707","BEA_API"
1999,17,"Other structures",23.5,"e1gtotl1sx00","0","FAAt707","BEA_API"
2000,17,"Other structures",23.7,"e1gtotl1sx00","0","FAAt707","BEA_API"
2001,17,"Other structures",23.9,"e1gtotl1sx00","0","FAAt707","BEA_API"
2002,17,"Other structures",24.1,"e1gtotl1sx00","0","FAAt707","BEA_API"
2003,17,"Other structures",24.2,"e1gtotl1sx00","0","FAAt707","BEA_API"
2004,17,"Other structures",24.3,"e1gtotl1sx00","0","FAAt707","BEA_API"
2005,17,"Other structures",24.5,"e1gtotl1sx00","0","FAAt707","BEA_API"
2006,17,"Other structures",24.6,"e1gtotl1sx00","0","FAAt707","BEA_API"
2007,17,"Other structures",24.7,"e1gtotl1sx00","0","FAAt707","BEA_API"
2008,17,"Other structures",24.9,"e1gtotl1sx00","0","FAAt707","BEA_API"
2009,17,"Other structures",25,"e1gtotl1sx00","0","FAAt707","BEA_API"
2010,17,"Other structures",25.2,"e1gtotl1sx00","0","FAAt707","BEA_API"
2011,17,"Other structures",25.3,"e1gtotl1sx00","0","FAAt707","BEA_API"
2012,17,"Other structures",25.6,"e1gtotl1sx00","0","FAAt707","BEA_API"
2013,17,"Other structures",25.9,"e1gtotl1sx00","0","FAAt707","BEA_API"
2014,17,"Other structures",26.2,"e1gtotl1sx00","0","FAAt707","BEA_API"
2015,17,"Other structures",26.6,"e1gtotl1sx00","0","FAAt707","BEA_API"
2016,17,"Other structures",26.9,"e1gtotl1sx00","0","FAAt707","BEA_API"
2017,17,"Other structures",27.2,"e1gtotl1sx00","0","FAAt707","BEA_API"
2018,17,"Other structures",27.5,"e1gtotl1sx00","0","FAAt707","BEA_API"
2019,17,"Other structures",27.8,"e1gtotl1sx00","0","FAAt707","BEA_API"
2020,17,"Other structures",28.2,"e1gtotl1sx00","0","FAAt707","BEA_API"
2021,17,"Other structures",28.5,"e1gtotl1sx00","0","FAAt707","BEA_API"
2022,17,"Other structures",28.9,"e1gtotl1sx00","0","FAAt707","BEA_API"
2023,17,"Other structures",29.2,"e1gtotl1sx00","0","FAAt707","BEA_API"
2024,17,"Other structures",29.5,"e1gtotl1sx00","0","FAAt707","BEA_API"
1925,18,"Intellectual property products",2.4,"e1gtotl1ip00","0","FAAt707","BEA_API"
1926,18,"Intellectual property products",2.7,"e1gtotl1ip00","0","FAAt707","BEA_API"
1927,18,"Intellectual property products",2.9,"e1gtotl1ip00","0","FAAt707","BEA_API"
1928,18,"Intellectual property products",3.2,"e1gtotl1ip00","0","FAAt707","BEA_API"
1929,18,"Intellectual property products",2.8,"e1gtotl1ip00","0","FAAt707","BEA_API"
1930,18,"Intellectual property products",2.6,"e1gtotl1ip00","0","FAAt707","BEA_API"
1931,18,"Intellectual property products",2.5,"e1gtotl1ip00","0","FAAt707","BEA_API"
1932,18,"Intellectual property products",2.4,"e1gtotl1ip00","0","FAAt707","BEA_API"
1933,18,"Intellectual property products",2.6,"e1gtotl1ip00","0","FAAt707","BEA_API"
1934,18,"Intellectual property products",2.9,"e1gtotl1ip00","0","FAAt707","BEA_API"
1935,18,"Intellectual property products",3.2,"e1gtotl1ip00","0","FAAt707","BEA_API"
1936,18,"Intellectual property products",3.4,"e1gtotl1ip00","0","FAAt707","BEA_API"
1937,18,"Intellectual property products",3.6,"e1gtotl1ip00","0","FAAt707","BEA_API"
1938,18,"Intellectual property products",3.8,"e1gtotl1ip00","0","FAAt707","BEA_API"
1939,18,"Intellectual property products",3.9,"e1gtotl1ip00","0","FAAt707","BEA_API"
1940,18,"Intellectual property products",4,"e1gtotl1ip00","0","FAAt707","BEA_API"
1941,18,"Intellectual property products",3.4,"e1gtotl1ip00","0","FAAt707","BEA_API"
1942,18,"Intellectual property products",2.9,"e1gtotl1ip00","0","FAAt707","BEA_API"
1943,18,"Intellectual property products",2.5,"e1gtotl1ip00","0","FAAt707","BEA_API"
1944,18,"Intellectual property products",2.3,"e1gtotl1ip00","0","FAAt707","BEA_API"
1945,18,"Intellectual property products",2.4,"e1gtotl1ip00","0","FAAt707","BEA_API"
1946,18,"Intellectual property products",2.7,"e1gtotl1ip00","0","FAAt707","BEA_API"
1947,18,"Intellectual property products",2.9,"e1gtotl1ip00","0","FAAt707","BEA_API"
1948,18,"Intellectual property products",3.1,"e1gtotl1ip00","0","FAAt707","BEA_API"
1949,18,"Intellectual property products",3.3,"e1gtotl1ip00","0","FAAt707","BEA_API"
1950,18,"Intellectual property products",3.4,"e1gtotl1ip00","0","FAAt707","BEA_API"
1951,18,"Intellectual property products",3.6,"e1gtotl1ip00","0","FAAt707","BEA_API"
1952,18,"Intellectual property products",3.7,"e1gtotl1ip00","0","FAAt707","BEA_API"
1953,18,"Intellectual property products",3.7,"e1gtotl1ip00","0","FAAt707","BEA_API"
1954,18,"Intellectual property products",3.7,"e1gtotl1ip00","0","FAAt707","BEA_API"
1955,18,"Intellectual property products",3.7,"e1gtotl1ip00","0","FAAt707","BEA_API"
1956,18,"Intellectual property products",3.5,"e1gtotl1ip00","0","FAAt707","BEA_API"
1957,18,"Intellectual property products",3.4,"e1gtotl1ip00","0","FAAt707","BEA_API"
1958,18,"Intellectual property products",3.4,"e1gtotl1ip00","0","FAAt707","BEA_API"
1959,18,"Intellectual property products",3.4,"e1gtotl1ip00","0","FAAt707","BEA_API"
1960,18,"Intellectual property products",3.5,"e1gtotl1ip00","0","FAAt707","BEA_API"
1961,18,"Intellectual property products",3.5,"e1gtotl1ip00","0","FAAt707","BEA_API"
1962,18,"Intellectual property products",3.5,"e1gtotl1ip00","0","FAAt707","BEA_API"
1963,18,"Intellectual property products",3.4,"e1gtotl1ip00","0","FAAt707","BEA_API"
1964,18,"Intellectual property products",3.4,"e1gtotl1ip00","0","FAAt707","BEA_API"
1965,18,"Intellectual property products",3.4,"e1gtotl1ip00","0","FAAt707","BEA_API"
1966,18,"Intellectual property products",3.5,"e1gtotl1ip00","0","FAAt707","BEA_API"
1967,18,"Intellectual property products",3.5,"e1gtotl1ip00","0","FAAt707","BEA_API"
1968,18,"Intellectual property products",3.7,"e1gtotl1ip00","0","FAAt707","BEA_API"
1969,18,"Intellectual property products",3.8,"e1gtotl1ip00","0","FAAt707","BEA_API"
1970,18,"Intellectual property products",4.1,"e1gtotl1ip00","0","FAAt707","BEA_API"
1971,18,"Intellectual property products",4.3,"e1gtotl1ip00","0","FAAt707","BEA_API"
1972,18,"Intellectual property products",4.5,"e1gtotl1ip00","0","FAAt707","BEA_API"
1973,18,"Intellectual property products",4.8,"e1gtotl1ip00","0","FAAt707","BEA_API"
1974,18,"Intellectual property products",5,"e1gtotl1ip00","0","FAAt707","BEA_API"
1975,18,"Intellectual property products",5.2,"e1gtotl1ip00","0","FAAt707","BEA_API"
1976,18,"Intellectual property products",5.4,"e1gtotl1ip00","0","FAAt707","BEA_API"
1977,18,"Intellectual property products",5.6,"e1gtotl1ip00","0","FAAt707","BEA_API"
1978,18,"Intellectual property products",5.7,"e1gtotl1ip00","0","FAAt707","BEA_API"
1979,18,"Intellectual property products",5.8,"e1gtotl1ip00","0","FAAt707","BEA_API"
1980,18,"Intellectual property products",5.9,"e1gtotl1ip00","0","FAAt707","BEA_API"
1981,18,"Intellectual property products",6,"e1gtotl1ip00","0","FAAt707","BEA_API"
1982,18,"Intellectual property products",6.1,"e1gtotl1ip00","0","FAAt707","BEA_API"
1983,18,"Intellectual property products",6.1,"e1gtotl1ip00","0","FAAt707","BEA_API"
1984,18,"Intellectual property products",6.1,"e1gtotl1ip00","0","FAAt707","BEA_API"
1985,18,"Intellectual property products",6.1,"e1gtotl1ip00","0","FAAt707","BEA_API"
1986,18,"Intellectual property products",6.1,"e1gtotl1ip00","0","FAAt707","BEA_API"
1987,18,"Intellectual property products",6,"e1gtotl1ip00","0","FAAt707","BEA_API"
1988,18,"Intellectual property products",6.1,"e1gtotl1ip00","0","FAAt707","BEA_API"
1989,18,"Intellectual property products",6.1,"e1gtotl1ip00","0","FAAt707","BEA_API"
1990,18,"Intellectual property products",6.2,"e1gtotl1ip00","0","FAAt707","BEA_API"
1991,18,"Intellectual property products",6.3,"e1gtotl1ip00","0","FAAt707","BEA_API"
1992,18,"Intellectual property products",6.4,"e1gtotl1ip00","0","FAAt707","BEA_API"
1993,18,"Intellectual property products",6.5,"e1gtotl1ip00","0","FAAt707","BEA_API"
1994,18,"Intellectual property products",6.7,"e1gtotl1ip00","0","FAAt707","BEA_API"
1995,18,"Intellectual property products",6.8,"e1gtotl1ip00","0","FAAt707","BEA_API"
1996,18,"Intellectual property products",6.9,"e1gtotl1ip00","0","FAAt707","BEA_API"
1997,18,"Intellectual property products",7,"e1gtotl1ip00","0","FAAt707","BEA_API"
1998,18,"Intellectual property products",7,"e1gtotl1ip00","0","FAAt707","BEA_API"
1999,18,"Intellectual property products",7,"e1gtotl1ip00","0","FAAt707","BEA_API"
2000,18,"Intellectual property products",7,"e1gtotl1ip00","0","FAAt707","BEA_API"
2001,18,"Intellectual property products",7,"e1gtotl1ip00","0","FAAt707","BEA_API"
2002,18,"Intellectual property products",6.9,"e1gtotl1ip00","0","FAAt707","BEA_API"
2003,18,"Intellectual property products",6.9,"e1gtotl1ip00","0","FAAt707","BEA_API"
2004,18,"Intellectual property products",6.8,"e1gtotl1ip00","0","FAAt707","BEA_API"
2005,18,"Intellectual property products",6.7,"e1gtotl1ip00","0","FAAt707","BEA_API"
2006,18,"Intellectual property products",6.7,"e1gtotl1ip00","0","FAAt707","BEA_API"
2007,18,"Intellectual property products",6.6,"e1gtotl1ip00","0","FAAt707","BEA_API"
2008,18,"Intellectual property products",6.6,"e1gtotl1ip00","0","FAAt707","BEA_API"
2009,18,"Intellectual property products",6.6,"e1gtotl1ip00","0","FAAt707","BEA_API"
2010,18,"Intellectual property products",6.7,"e1gtotl1ip00","0","FAAt707","BEA_API"
2011,18,"Intellectual property products",6.7,"e1gtotl1ip00","0","FAAt707","BEA_API"
2012,18,"Intellectual property products",6.7,"e1gtotl1ip00","0","FAAt707","BEA_API"
2013,18,"Intellectual property products",6.8,"e1gtotl1ip00","0","FAAt707","BEA_API"
2014,18,"Intellectual property products",6.9,"e1gtotl1ip00","0","FAAt707","BEA_API"
2015,18,"Intellectual property products",6.9,"e1gtotl1ip00","0","FAAt707","BEA_API"
2016,18,"Intellectual property products",7,"e1gtotl1ip00","0","FAAt707","BEA_API"
2017,18,"Intellectual property products",7,"e1gtotl1ip00","0","FAAt707","BEA_API"
2018,18,"Intellectual property products",7,"e1gtotl1ip00","0","FAAt707","BEA_API"
2019,18,"Intellectual property products",6.9,"e1gtotl1ip00","0","FAAt707","BEA_API"
2020,18,"Intellectual property products",6.9,"e1gtotl1ip00","0","FAAt707","BEA_API"
2021,18,"Intellectual property products",6.7,"e1gtotl1ip00","0","FAAt707","BEA_API"
2022,18,"Intellectual property products",6.6,"e1gtotl1ip00","0","FAAt707","BEA_API"
2023,18,"Intellectual property products",6.5,"e1gtotl1ip00","0","FAAt707","BEA_API"
2024,18,"Intellectual property products",6.5,"e1gtotl1ip00","0","FAAt707","BEA_API"
1959,19,"Software",0.5,"e1gtotl1ens0","0","FAAt707","BEA_API"
1960,19,"Software",0.5,"e1gtotl1ens0","0","FAAt707","BEA_API"
1961,19,"Software",0.8,"e1gtotl1ens0","0","FAAt707","BEA_API"
1962,19,"Software",1,"e1gtotl1ens0","0","FAAt707","BEA_API"
1963,19,"Software",1.1,"e1gtotl1ens0","0","FAAt707","BEA_API"
1964,19,"Software",1.2,"e1gtotl1ens0","0","FAAt707","BEA_API"
1965,19,"Software",1.4,"e1gtotl1ens0","0","FAAt707","BEA_API"
1966,19,"Software",1.4,"e1gtotl1ens0","0","FAAt707","BEA_API"
1967,19,"Software",1.4,"e1gtotl1ens0","0","FAAt707","BEA_API"
1968,19,"Software",1.5,"e1gtotl1ens0","0","FAAt707","BEA_API"
1969,19,"Software",1.5,"e1gtotl1ens0","0","FAAt707","BEA_API"
1970,19,"Software",1.6,"e1gtotl1ens0","0","FAAt707","BEA_API"
1971,19,"Software",1.7,"e1gtotl1ens0","0","FAAt707","BEA_API"
1972,19,"Software",1.8,"e1gtotl1ens0","0","FAAt707","BEA_API"
1973,19,"Software",1.8,"e1gtotl1ens0","0","FAAt707","BEA_API"
1974,19,"Software",1.8,"e1gtotl1ens0","0","FAAt707","BEA_API"
1975,19,"Software",1.8,"e1gtotl1ens0","0","FAAt707","BEA_API"
1976,19,"Software",1.9,"e1gtotl1ens0","0","FAAt707","BEA_API"
1977,19,"Software",2,"e1gtotl1ens0","0","FAAt707","BEA_API"
1978,19,"Software",2,"e1gtotl1ens0","0","FAAt707","BEA_API"
1979,19,"Software",2,"e1gtotl1ens0","0","FAAt707","BEA_API"
1980,19,"Software",1.9,"e1gtotl1ens0","0","FAAt707","BEA_API"
1981,19,"Software",1.9,"e1gtotl1ens0","0","FAAt707","BEA_API"
1982,19,"Software",1.9,"e1gtotl1ens0","0","FAAt707","BEA_API"
1983,19,"Software",1.9,"e1gtotl1ens0","0","FAAt707","BEA_API"
1984,19,"Software",1.9,"e1gtotl1ens0","0","FAAt707","BEA_API"
1985,19,"Software",1.9,"e1gtotl1ens0","0","FAAt707","BEA_API"
1986,19,"Software",1.9,"e1gtotl1ens0","0","FAAt707","BEA_API"
1987,19,"Software",2,"e1gtotl1ens0","0","FAAt707","BEA_API"
1988,19,"Software",2,"e1gtotl1ens0","0","FAAt707","BEA_API"
1989,19,"Software",2,"e1gtotl1ens0","0","FAAt707","BEA_API"
1990,19,"Software",2,"e1gtotl1ens0","0","FAAt707","BEA_API"
1991,19,"Software",2,"e1gtotl1ens0","0","FAAt707","BEA_API"
1992,19,"Software",2.1,"e1gtotl1ens0","0","FAAt707","BEA_API"
1993,19,"Software",2.1,"e1gtotl1ens0","0","FAAt707","BEA_API"
1994,19,"Software",2.2,"e1gtotl1ens0","0","FAAt707","BEA_API"
1995,19,"Software",2.3,"e1gtotl1ens0","0","FAAt707","BEA_API"
1996,19,"Software",2.3,"e1gtotl1ens0","0","FAAt707","BEA_API"
1997,19,"Software",2.3,"e1gtotl1ens0","0","FAAt707","BEA_API"
1998,19,"Software",2.2,"e1gtotl1ens0","0","FAAt707","BEA_API"
1999,19,"Software",2.2,"e1gtotl1ens0","0","FAAt707","BEA_API"
2000,19,"Software",2.2,"e1gtotl1ens0","0","FAAt707","BEA_API"
2001,19,"Software",2.2,"e1gtotl1ens0","0","FAAt707","BEA_API"
2002,19,"Software",2.3,"e1gtotl1ens0","0","FAAt707","BEA_API"
2003,19,"Software",2.3,"e1gtotl1ens0","0","FAAt707","BEA_API"
2004,19,"Software",2.3,"e1gtotl1ens0","0","FAAt707","BEA_API"
2005,19,"Software",2.3,"e1gtotl1ens0","0","FAAt707","BEA_API"
2006,19,"Software",2.3,"e1gtotl1ens0","0","FAAt707","BEA_API"
2007,19,"Software",2.2,"e1gtotl1ens0","0","FAAt707","BEA_API"
2008,19,"Software",2.2,"e1gtotl1ens0","0","FAAt707","BEA_API"
2009,19,"Software",2.2,"e1gtotl1ens0","0","FAAt707","BEA_API"
2010,19,"Software",2.2,"e1gtotl1ens0","0","FAAt707","BEA_API"
2011,19,"Software",2.2,"e1gtotl1ens0","0","FAAt707","BEA_API"
2012,19,"Software",2.2,"e1gtotl1ens0","0","FAAt707","BEA_API"
2013,19,"Software",2.1,"e1gtotl1ens0","0","FAAt707","BEA_API"
2014,19,"Software",2.1,"e1gtotl1ens0","0","FAAt707","BEA_API"
2015,19,"Software",2.1,"e1gtotl1ens0","0","FAAt707","BEA_API"
2016,19,"Software",2,"e1gtotl1ens0","0","FAAt707","BEA_API"
2017,19,"Software",2,"e1gtotl1ens0","0","FAAt707","BEA_API"
2018,19,"Software",1.9,"e1gtotl1ens0","0","FAAt707","BEA_API"
2019,19,"Software",1.9,"e1gtotl1ens0","0","FAAt707","BEA_API"
2020,19,"Software",1.9,"e1gtotl1ens0","0","FAAt707","BEA_API"
2021,19,"Software",1.9,"e1gtotl1ens0","0","FAAt707","BEA_API"
2022,19,"Software",1.8,"e1gtotl1ens0","0","FAAt707","BEA_API"
2023,19,"Software",1.8,"e1gtotl1ens0","0","FAAt707","BEA_API"
2024,19,"Software",1.8,"e1gtotl1ens0","0","FAAt707","BEA_API"
1925,20,"Research and development",2.4,"e1gtotl1rd00","0","FAAt707","BEA_API"
1926,20,"Research and development",2.7,"e1gtotl1rd00","0","FAAt707","BEA_API"
1927,20,"Research and development",2.9,"e1gtotl1rd00","0","FAAt707","BEA_API"
1928,20,"Research and development",3.2,"e1gtotl1rd00","0","FAAt707","BEA_API"
1929,20,"Research and development",2.8,"e1gtotl1rd00","0","FAAt707","BEA_API"
1930,20,"Research and development",2.6,"e1gtotl1rd00","0","FAAt707","BEA_API"
1931,20,"Research and development",2.5,"e1gtotl1rd00","0","FAAt707","BEA_API"
1932,20,"Research and development",2.4,"e1gtotl1rd00","0","FAAt707","BEA_API"
1933,20,"Research and development",2.6,"e1gtotl1rd00","0","FAAt707","BEA_API"
1934,20,"Research and development",2.9,"e1gtotl1rd00","0","FAAt707","BEA_API"
1935,20,"Research and development",3.2,"e1gtotl1rd00","0","FAAt707","BEA_API"
1936,20,"Research and development",3.4,"e1gtotl1rd00","0","FAAt707","BEA_API"
1937,20,"Research and development",3.6,"e1gtotl1rd00","0","FAAt707","BEA_API"
1938,20,"Research and development",3.8,"e1gtotl1rd00","0","FAAt707","BEA_API"
1939,20,"Research and development",3.9,"e1gtotl1rd00","0","FAAt707","BEA_API"
1940,20,"Research and development",4,"e1gtotl1rd00","0","FAAt707","BEA_API"
1941,20,"Research and development",3.4,"e1gtotl1rd00","0","FAAt707","BEA_API"
1942,20,"Research and development",2.9,"e1gtotl1rd00","0","FAAt707","BEA_API"
1943,20,"Research and development",2.5,"e1gtotl1rd00","0","FAAt707","BEA_API"
1944,20,"Research and development",2.3,"e1gtotl1rd00","0","FAAt707","BEA_API"
1945,20,"Research and development",2.4,"e1gtotl1rd00","0","FAAt707","BEA_API"
1946,20,"Research and development",2.7,"e1gtotl1rd00","0","FAAt707","BEA_API"
1947,20,"Research and development",2.9,"e1gtotl1rd00","0","FAAt707","BEA_API"
1948,20,"Research and development",3.1,"e1gtotl1rd00","0","FAAt707","BEA_API"
1949,20,"Research and development",3.3,"e1gtotl1rd00","0","FAAt707","BEA_API"
1950,20,"Research and development",3.4,"e1gtotl1rd00","0","FAAt707","BEA_API"
1951,20,"Research and development",3.6,"e1gtotl1rd00","0","FAAt707","BEA_API"
1952,20,"Research and development",3.7,"e1gtotl1rd00","0","FAAt707","BEA_API"
1953,20,"Research and development",3.7,"e1gtotl1rd00","0","FAAt707","BEA_API"
1954,20,"Research and development",3.7,"e1gtotl1rd00","0","FAAt707","BEA_API"
1955,20,"Research and development",3.7,"e1gtotl1rd00","0","FAAt707","BEA_API"
1956,20,"Research and development",3.5,"e1gtotl1rd00","0","FAAt707","BEA_API"
1957,20,"Research and development",3.4,"e1gtotl1rd00","0","FAAt707","BEA_API"
1958,20,"Research and development",3.4,"e1gtotl1rd00","0","FAAt707","BEA_API"
1959,20,"Research and development",3.4,"e1gtotl1rd00","0","FAAt707","BEA_API"
1960,20,"Research and development",3.5,"e1gtotl1rd00","0","FAAt707","BEA_API"
1961,20,"Research and development",3.5,"e1gtotl1rd00","0","FAAt707","BEA_API"
1962,20,"Research and development",3.5,"e1gtotl1rd00","0","FAAt707","BEA_API"
1963,20,"Research and development",3.4,"e1gtotl1rd00","0","FAAt707","BEA_API"
1964,20,"Research and development",3.4,"e1gtotl1rd00","0","FAAt707","BEA_API"
1965,20,"Research and development",3.4,"e1gtotl1rd00","0","FAAt707","BEA_API"
1966,20,"Research and development",3.5,"e1gtotl1rd00","0","FAAt707","BEA_API"
1967,20,"Research and development",3.6,"e1gtotl1rd00","0","FAAt707","BEA_API"
1968,20,"Research and development",3.7,"e1gtotl1rd00","0","FAAt707","BEA_API"
1969,20,"Research and development",3.9,"e1gtotl1rd00","0","FAAt707","BEA_API"
1970,20,"Research and development",4.1,"e1gtotl1rd00","0","FAAt707","BEA_API"
1971,20,"Research and development",4.4,"e1gtotl1rd00","0","FAAt707","BEA_API"
1972,20,"Research and development",4.6,"e1gtotl1rd00","0","FAAt707","BEA_API"
1973,20,"Research and development",4.8,"e1gtotl1rd00","0","FAAt707","BEA_API"
1974,20,"Research and development",5.1,"e1gtotl1rd00","0","FAAt707","BEA_API"
1975,20,"Research and development",5.3,"e1gtotl1rd00","0","FAAt707","BEA_API"
1976,20,"Research and development",5.5,"e1gtotl1rd00","0","FAAt707","BEA_API"
1977,20,"Research and development",5.7,"e1gtotl1rd00","0","FAAt707","BEA_API"
1978,20,"Research and development",5.8,"e1gtotl1rd00","0","FAAt707","BEA_API"
1979,20,"Research and development",5.9,"e1gtotl1rd00","0","FAAt707","BEA_API"
1980,20,"Research and development",6.1,"e1gtotl1rd00","0","FAAt707","BEA_API"
1981,20,"Research and development",6.1,"e1gtotl1rd00","0","FAAt707","BEA_API"
1982,20,"Research and development",6.2,"e1gtotl1rd00","0","FAAt707","BEA_API"
1983,20,"Research and development",6.3,"e1gtotl1rd00","0","FAAt707","BEA_API"
1984,20,"Research and development",6.3,"e1gtotl1rd00","0","FAAt707","BEA_API"
1985,20,"Research and development",6.3,"e1gtotl1rd00","0","FAAt707","BEA_API"
1986,20,"Research and development",6.3,"e1gtotl1rd00","0","FAAt707","BEA_API"
1987,20,"Research and development",6.3,"e1gtotl1rd00","0","FAAt707","BEA_API"
1988,20,"Research and development",6.3,"e1gtotl1rd00","0","FAAt707","BEA_API"
1989,20,"Research and development",6.4,"e1gtotl1rd00","0","FAAt707","BEA_API"
1990,20,"Research and development",6.5,"e1gtotl1rd00","0","FAAt707","BEA_API"
1991,20,"Research and development",6.6,"e1gtotl1rd00","0","FAAt707","BEA_API"
1992,20,"Research and development",6.8,"e1gtotl1rd00","0","FAAt707","BEA_API"
1993,20,"Research and development",6.9,"e1gtotl1rd00","0","FAAt707","BEA_API"
1994,20,"Research and development",7,"e1gtotl1rd00","0","FAAt707","BEA_API"
1995,20,"Research and development",7.2,"e1gtotl1rd00","0","FAAt707","BEA_API"
1996,20,"Research and development",7.3,"e1gtotl1rd00","0","FAAt707","BEA_API"
1997,20,"Research and development",7.3,"e1gtotl1rd00","0","FAAt707","BEA_API"
1998,20,"Research and development",7.4,"e1gtotl1rd00","0","FAAt707","BEA_API"
1999,20,"Research and development",7.5,"e1gtotl1rd00","0","FAAt707","BEA_API"
2000,20,"Research and development",7.5,"e1gtotl1rd00","0","FAAt707","BEA_API"
2001,20,"Research and development",7.5,"e1gtotl1rd00","0","FAAt707","BEA_API"
2002,20,"Research and development",7.4,"e1gtotl1rd00","0","FAAt707","BEA_API"
2003,20,"Research and development",7.3,"e1gtotl1rd00","0","FAAt707","BEA_API"
2004,20,"Research and development",7.2,"e1gtotl1rd00","0","FAAt707","BEA_API"
2005,20,"Research and development",7.1,"e1gtotl1rd00","0","FAAt707","BEA_API"
2006,20,"Research and development",7,"e1gtotl1rd00","0","FAAt707","BEA_API"
2007,20,"Research and development",7,"e1gtotl1rd00","0","FAAt707","BEA_API"
2008,20,"Research and development",7,"e1gtotl1rd00","0","FAAt707","BEA_API"
2009,20,"Research and development",7,"e1gtotl1rd00","0","FAAt707","BEA_API"
2010,20,"Research and development",7,"e1gtotl1rd00","0","FAAt707","BEA_API"
2011,20,"Research and development",7.1,"e1gtotl1rd00","0","FAAt707","BEA_API"
2012,20,"Research and development",7.1,"e1gtotl1rd00","0","FAAt707","BEA_API"
2013,20,"Research and development",7.2,"e1gtotl1rd00","0","FAAt707","BEA_API"
2014,20,"Research and development",7.3,"e1gtotl1rd00","0","FAAt707","BEA_API"
2015,20,"Research and development",7.4,"e1gtotl1rd00","0","FAAt707","BEA_API"
2016,20,"Research and development",7.5,"e1gtotl1rd00","0","FAAt707","BEA_API"
2017,20,"Research and development",7.5,"e1gtotl1rd00","0","FAAt707","BEA_API"
2018,20,"Research and development",7.5,"e1gtotl1rd00","0","FAAt707","BEA_API"
2019,20,"Research and development",7.5,"e1gtotl1rd00","0","FAAt707","BEA_API"
2020,20,"Research and development",7.5,"e1gtotl1rd00","0","FAAt707","BEA_API"
2021,20,"Research and development",7.4,"e1gtotl1rd00","0","FAAt707","BEA_API"
2022,20,"Research and development",7.2,"e1gtotl1rd00","0","FAAt707","BEA_API"
2023,20,"Research and development",7.2,"e1gtotl1rd00","0","FAAt707","BEA_API"
2024,20,"Research and development",7.1,"e1gtotl1rd00","0","FAAt707","BEA_API"
1925,21,"Federal",10.1,"e1gfedr1es00","0","FAAt707","BEA_API"
1926,21,"Federal",11,"e1gfedr1es00","0","FAAt707","BEA_API"
1927,21,"Federal",11.9,"e1gfedr1es00","0","FAAt707","BEA_API"
1928,21,"Federal",12.7,"e1gfedr1es00","0","FAAt707","BEA_API"
1929,21,"Federal",13.3,"e1gfedr1es00","0","FAAt707","BEA_API"
1930,21,"Federal",13.8,"e1gfedr1es00","0","FAAt707","BEA_API"
1931,21,"Federal",14.1,"e1gfedr1es00","0","FAAt707","BEA_API"
1932,21,"Federal",14.2,"e1gfedr1es00","0","FAAt707","BEA_API"
1933,21,"Federal",14,"e1gfedr1es00","0","FAAt707","BEA_API"
1934,21,"Federal",13.8,"e1gfedr1es00","0","FAAt707","BEA_API"
1935,21,"Federal",13.3,"e1gfedr1es00","0","FAAt707","BEA_API"
1936,21,"Federal",12.9,"e1gfedr1es00","0","FAAt707","BEA_API"
1937,21,"Federal",12.7,"e1gfedr1es00","0","FAAt707","BEA_API"
1938,21,"Federal",12.6,"e1gfedr1es00","0","FAAt707","BEA_API"
1939,21,"Federal",12.7,"e1gfedr1es00","0","FAAt707","BEA_API"
1940,21,"Federal",12.3,"e1gfedr1es00","0","FAAt707","BEA_API"
1941,21,"Federal",8.9,"e1gfedr1es00","0","FAAt707","BEA_API"
1942,21,"Federal",5.2,"e1gfedr1es00","0","FAAt707","BEA_API"
1943,21,"Federal",4,"e1gfedr1es00","0","FAAt707","BEA_API"
1944,21,"Federal",3.9,"e1gfedr1es00","0","FAAt707","BEA_API"
1945,21,"Federal",4.5,"e1gfedr1es00","0","FAAt707","BEA_API"
1946,21,"Federal",6,"e1gfedr1es00","0","FAAt707","BEA_API"
1947,21,"Federal",7.6,"e1gfedr1es00","0","FAAt707","BEA_API"
1948,21,"Federal",9.2,"e1gfedr1es00","0","FAAt707","BEA_API"
1949,21,"Federal",10.2,"e1gfedr1es00","0","FAAt707","BEA_API"
1950,21,"Federal",11.4,"e1gfedr1es00","0","FAAt707","BEA_API"
1951,21,"Federal",11.4,"e1gfedr1es00","0","FAAt707","BEA_API"
1952,21,"Federal",11.1,"e1gfedr1es00","0","FAAt707","BEA_API"
1953,21,"Federal",10.8,"e1gfedr1es00","0","FAAt707","BEA_API"
1954,21,"Federal",10.9,"e1gfedr1es00","0","FAAt707","BEA_API"
1955,21,"Federal",11.1,"e1gfedr1es00","0","FAAt707","BEA_API"
1956,21,"Federal",11.3,"e1gfedr1es00","0","FAAt707","BEA_API"
1957,21,"Federal",11.5,"e1gfedr1es00","0","FAAt707","BEA_API"
1958,21,"Federal",11.6,"e1gfedr1es00","0","FAAt707","BEA_API"
1959,21,"Federal",11.6,"e1gfedr1es00","0","FAAt707","BEA_API"
1960,21,"Federal",11.6,"e1gfedr1es00","0","FAAt707","BEA_API"
1961,21,"Federal",11.6,"e1gfedr1es00","0","FAAt707","BEA_API"
1962,21,"Federal",11.6,"e1gfedr1es00","0","FAAt707","BEA_API"
1963,21,"Federal",11.7,"e1gfedr1es00","0","FAAt707","BEA_API"
1964,21,"Federal",11.8,"e1gfedr1es00","0","FAAt707","BEA_API"
1965,21,"Federal",12,"e1gfedr1es00","0","FAAt707","BEA_API"
1966,21,"Federal",12.1,"e1gfedr1es00","0","FAAt707","BEA_API"
1967,21,"Federal",12.3,"e1gfedr1es00","0","FAAt707","BEA_API"
1968,21,"Federal",12.6,"e1gfedr1es00","0","FAAt707","BEA_API"
1969,21,"Federal",13,"e1gfedr1es00","0","FAAt707","BEA_API"
1970,21,"Federal",13.4,"e1gfedr1es00","0","FAAt707","BEA_API"
1971,21,"Federal",14,"e1gfedr1es00","0","FAAt707","BEA_API"
1972,21,"Federal",14.7,"e1gfedr1es00","0","FAAt707","BEA_API"
1973,21,"Federal",15.2,"e1gfedr1es00","0","FAAt707","BEA_API"
1974,21,"Federal",16,"e1gfedr1es00","0","FAAt707","BEA_API"
1975,21,"Federal",16.2,"e1gfedr1es00","0","FAAt707","BEA_API"
1976,21,"Federal",16.5,"e1gfedr1es00","0","FAAt707","BEA_API"
1977,21,"Federal",16.5,"e1gfedr1es00","0","FAAt707","BEA_API"
1978,21,"Federal",16.8,"e1gfedr1es00","0","FAAt707","BEA_API"
1979,21,"Federal",17.2,"e1gfedr1es00","0","FAAt707","BEA_API"
1980,21,"Federal",17.5,"e1gfedr1es00","0","FAAt707","BEA_API"
1981,21,"Federal",17.3,"e1gfedr1es00","0","FAAt707","BEA_API"
1982,21,"Federal",17.2,"e1gfedr1es00","0","FAAt707","BEA_API"
1983,21,"Federal",16.9,"e1gfedr1es00","0","FAAt707","BEA_API"
1984,21,"Federal",16.9,"e1gfedr1es00","0","FAAt707","BEA_API"
1985,21,"Federal",16.7,"e1gfedr1es00","0","FAAt707","BEA_API"
1986,21,"Federal",16.7,"e1gfedr1es00","0","FAAt707","BEA_API"
1987,21,"Federal",16.4,"e1gfedr1es00","0","FAAt707","BEA_API"
1988,21,"Federal",16.4,"e1gfedr1es00","0","FAAt707","BEA_API"
1989,21,"Federal",16.5,"e1gfedr1es00","0","FAAt707","BEA_API"
1990,21,"Federal",16.5,"e1gfedr1es00","0","FAAt707","BEA_API"
1991,21,"Federal",16.7,"e1gfedr1es00","0","FAAt707","BEA_API"
1992,21,"Federal",17,"e1gfedr1es00","0","FAAt707","BEA_API"
1993,21,"Federal",17.2,"e1gfedr1es00","0","FAAt707","BEA_API"
1994,21,"Federal",17.6,"e1gfedr1es00","0","FAAt707","BEA_API"
1995,21,"Federal",18,"e1gfedr1es00","0","FAAt707","BEA_API"
1996,21,"Federal",18.3,"e1gfedr1es00","0","FAAt707","BEA_API"
1997,21,"Federal",18.8,"e1gfedr1es00","0","FAAt707","BEA_API"
1998,21,"Federal",19.1,"e1gfedr1es00","0","FAAt707","BEA_API"
1999,21,"Federal",19.4,"e1gfedr1es00","0","FAAt707","BEA_API"
2000,21,"Federal",19.8,"e1gfedr1es00","0","FAAt707","BEA_API"
2001,21,"Federal",20.3,"e1gfedr1es00","0","FAAt707","BEA_API"
2002,21,"Federal",20.4,"e1gfedr1es00","0","FAAt707","BEA_API"
2003,21,"Federal",20.5,"e1gfedr1es00","0","FAAt707","BEA_API"
2004,21,"Federal",20.9,"e1gfedr1es00","0","FAAt707","BEA_API"
2005,21,"Federal",21.3,"e1gfedr1es00","0","FAAt707","BEA_API"
2006,21,"Federal",21.7,"e1gfedr1es00","0","FAAt707","BEA_API"
2007,21,"Federal",21.8,"e1gfedr1es00","0","FAAt707","BEA_API"
2008,21,"Federal",21.8,"e1gfedr1es00","0","FAAt707","BEA_API"
2009,21,"Federal",21.4,"e1gfedr1es00","0","FAAt707","BEA_API"
2010,21,"Federal",21.2,"e1gfedr1es00","0","FAAt707","BEA_API"
2011,21,"Federal",21.3,"e1gfedr1es00","0","FAAt707","BEA_API"
2012,21,"Federal",21.6,"e1gfedr1es00","0","FAAt707","BEA_API"
2013,21,"Federal",21.8,"e1gfedr1es00","0","FAAt707","BEA_API"
2014,21,"Federal",22.2,"e1gfedr1es00","0","FAAt707","BEA_API"
2015,21,"Federal",22.5,"e1gfedr1es00","0","FAAt707","BEA_API"
2016,21,"Federal",22.8,"e1gfedr1es00","0","FAAt707","BEA_API"
2017,21,"Federal",23.1,"e1gfedr1es00","0","FAAt707","BEA_API"
2018,21,"Federal",23.3,"e1gfedr1es00","0","FAAt707","BEA_API"
2019,21,"Federal",23.4,"e1gfedr1es00","0","FAAt707","BEA_API"
2020,21,"Federal",23.4,"e1gfedr1es00","0","FAAt707","BEA_API"
2021,21,"Federal",23.9,"e1gfedr1es00","0","FAAt707","BEA_API"
2022,21,"Federal",24.2,"e1gfedr1es00","0","FAAt707","BEA_API"
2023,21,"Federal",24.2,"e1gfedr1es00","0","FAAt707","BEA_API"
2024,21,"Federal",24,"e1gfedr1es00","0","FAAt707","BEA_API"
1925,22,"National defense",8.8,"e1gdefn1es00","0","FAAt707","BEA_API"
1926,22,"National defense",9.8,"e1gdefn1es00","0","FAAt707","BEA_API"
1927,22,"National defense",10.7,"e1gdefn1es00","0","FAAt707","BEA_API"
1928,22,"National defense",11.6,"e1gdefn1es00","0","FAAt707","BEA_API"
1929,22,"National defense",12.6,"e1gdefn1es00","0","FAAt707","BEA_API"
1930,22,"National defense",13.4,"e1gdefn1es00","0","FAAt707","BEA_API"
1931,22,"National defense",14.1,"e1gdefn1es00","0","FAAt707","BEA_API"
1932,22,"National defense",14.8,"e1gdefn1es00","0","FAAt707","BEA_API"
1933,22,"National defense",15.5,"e1gdefn1es00","0","FAAt707","BEA_API"
1934,22,"National defense",16.1,"e1gdefn1es00","0","FAAt707","BEA_API"
1935,22,"National defense",16.7,"e1gdefn1es00","0","FAAt707","BEA_API"
1936,22,"National defense",16.9,"e1gdefn1es00","0","FAAt707","BEA_API"
1937,22,"National defense",16.8,"e1gdefn1es00","0","FAAt707","BEA_API"
1938,22,"National defense",16.9,"e1gdefn1es00","0","FAAt707","BEA_API"
1939,22,"National defense",17,"e1gdefn1es00","0","FAAt707","BEA_API"
1940,22,"National defense",15.7,"e1gdefn1es00","0","FAAt707","BEA_API"
1941,22,"National defense",8.7,"e1gdefn1es00","0","FAAt707","BEA_API"
1942,22,"National defense",4.1,"e1gdefn1es00","0","FAAt707","BEA_API"
1943,22,"National defense",3.1,"e1gdefn1es00","0","FAAt707","BEA_API"
1944,22,"National defense",3.1,"e1gdefn1es00","0","FAAt707","BEA_API"
1945,22,"National defense",3.6,"e1gdefn1es00","0","FAAt707","BEA_API"
1946,22,"National defense",5,"e1gdefn1es00","0","FAAt707","BEA_API"
1947,22,"National defense",6.4,"e1gdefn1es00","0","FAAt707","BEA_API"
1948,22,"National defense",8,"e1gdefn1es00","0","FAAt707","BEA_API"
1949,22,"National defense",9.2,"e1gdefn1es00","0","FAAt707","BEA_API"
1950,22,"National defense",10.7,"e1gdefn1es00","0","FAAt707","BEA_API"
1951,22,"National defense",10.6,"e1gdefn1es00","0","FAAt707","BEA_API"
1952,22,"National defense",10.3,"e1gdefn1es00","0","FAAt707","BEA_API"
1953,22,"National defense",10,"e1gdefn1es00","0","FAAt707","BEA_API"
1954,22,"National defense",10,"e1gdefn1es00","0","FAAt707","BEA_API"
1955,22,"National defense",10.1,"e1gdefn1es00","0","FAAt707","BEA_API"
1956,22,"National defense",10.4,"e1gdefn1es00","0","FAAt707","BEA_API"
1957,22,"National defense",10.5,"e1gdefn1es00","0","FAAt707","BEA_API"
1958,22,"National defense",10.7,"e1gdefn1es00","0","FAAt707","BEA_API"
1959,22,"National defense",10.6,"e1gdefn1es00","0","FAAt707","BEA_API"
1960,22,"National defense",10.8,"e1gdefn1es00","0","FAAt707","BEA_API"
1961,22,"National defense",10.8,"e1gdefn1es00","0","FAAt707","BEA_API"
1962,22,"National defense",10.8,"e1gdefn1es00","0","FAAt707","BEA_API"
1963,22,"National defense",11.1,"e1gdefn1es00","0","FAAt707","BEA_API"
1964,22,"National defense",11.4,"e1gdefn1es00","0","FAAt707","BEA_API"
1965,22,"National defense",11.8,"e1gdefn1es00","0","FAAt707","BEA_API"
1966,22,"National defense",12.2,"e1gdefn1es00","0","FAAt707","BEA_API"
1967,22,"National defense",12.6,"e1gdefn1es00","0","FAAt707","BEA_API"
1968,22,"National defense",13,"e1gdefn1es00","0","FAAt707","BEA_API"
1969,22,"National defense",13.5,"e1gdefn1es00","0","FAAt707","BEA_API"
1970,22,"National defense",14,"e1gdefn1es00","0","FAAt707","BEA_API"
1971,22,"National defense",14.8,"e1gdefn1es00","0","FAAt707","BEA_API"
1972,22,"National defense",15.7,"e1gdefn1es00","0","FAAt707","BEA_API"
1973,22,"National defense",16.5,"e1gdefn1es00","0","FAAt707","BEA_API"
1974,22,"National defense",17.4,"e1gdefn1es00","0","FAAt707","BEA_API"
1975,22,"National defense",17.6,"e1gdefn1es00","0","FAAt707","BEA_API"
1976,22,"National defense",18.1,"e1gdefn1es00","0","FAAt707","BEA_API"
1977,22,"National defense",18,"e1gdefn1es00","0","FAAt707","BEA_API"
1978,22,"National defense",18.4,"e1gdefn1es00","0","FAAt707","BEA_API"
1979,22,"National defense",19,"e1gdefn1es00","0","FAAt707","BEA_API"
1980,22,"National defense",19.3,"e1gdefn1es00","0","FAAt707","BEA_API"
1981,22,"National defense",19.1,"e1gdefn1es00","0","FAAt707","BEA_API"
1982,22,"National defense",18.7,"e1gdefn1es00","0","FAAt707","BEA_API"
1983,22,"National defense",18.1,"e1gdefn1es00","0","FAAt707","BEA_API"
1984,22,"National defense",17.8,"e1gdefn1es00","0","FAAt707","BEA_API"
1985,22,"National defense",17.5,"e1gdefn1es00","0","FAAt707","BEA_API"
1986,22,"National defense",17.2,"e1gdefn1es00","0","FAAt707","BEA_API"
1987,22,"National defense",16.7,"e1gdefn1es00","0","FAAt707","BEA_API"
1988,22,"National defense",16.5,"e1gdefn1es00","0","FAAt707","BEA_API"
1989,22,"National defense",16.6,"e1gdefn1es00","0","FAAt707","BEA_API"
1990,22,"National defense",16.6,"e1gdefn1es00","0","FAAt707","BEA_API"
1991,22,"National defense",16.9,"e1gdefn1es00","0","FAAt707","BEA_API"
1992,22,"National defense",17.3,"e1gdefn1es00","0","FAAt707","BEA_API"
1993,22,"National defense",17.7,"e1gdefn1es00","0","FAAt707","BEA_API"
1994,22,"National defense",18.2,"e1gdefn1es00","0","FAAt707","BEA_API"
1995,22,"National defense",18.9,"e1gdefn1es00","0","FAAt707","BEA_API"
1996,22,"National defense",19.4,"e1gdefn1es00","0","FAAt707","BEA_API"
1997,22,"National defense",20.1,"e1gdefn1es00","0","FAAt707","BEA_API"
1998,22,"National defense",20.5,"e1gdefn1es00","0","FAAt707","BEA_API"
1999,22,"National defense",21,"e1gdefn1es00","0","FAAt707","BEA_API"
2000,22,"National defense",21.7,"e1gdefn1es00","0","FAAt707","BEA_API"
2001,22,"National defense",22.4,"e1gdefn1es00","0","FAAt707","BEA_API"
2002,22,"National defense",22.6,"e1gdefn1es00","0","FAAt707","BEA_API"
2003,22,"National defense",22.6,"e1gdefn1es00","0","FAAt707","BEA_API"
2004,22,"National defense",23,"e1gdefn1es00","0","FAAt707","BEA_API"
2005,22,"National defense",23.4,"e1gdefn1es00","0","FAAt707","BEA_API"
2006,22,"National defense",23.8,"e1gdefn1es00","0","FAAt707","BEA_API"
2007,22,"National defense",23.8,"e1gdefn1es00","0","FAAt707","BEA_API"
2008,22,"National defense",23.6,"e1gdefn1es00","0","FAAt707","BEA_API"
2009,22,"National defense",23,"e1gdefn1es00","0","FAAt707","BEA_API"
2010,22,"National defense",22.6,"e1gdefn1es00","0","FAAt707","BEA_API"
2011,22,"National defense",22.7,"e1gdefn1es00","0","FAAt707","BEA_API"
2012,22,"National defense",23,"e1gdefn1es00","0","FAAt707","BEA_API"
2013,22,"National defense",23.4,"e1gdefn1es00","0","FAAt707","BEA_API"
2014,22,"National defense",23.8,"e1gdefn1es00","0","FAAt707","BEA_API"
2015,22,"National defense",24.3,"e1gdefn1es00","0","FAAt707","BEA_API"
2016,22,"National defense",24.8,"e1gdefn1es00","0","FAAt707","BEA_API"
2017,22,"National defense",25.2,"e1gdefn1es00","0","FAAt707","BEA_API"
2018,22,"National defense",25.6,"e1gdefn1es00","0","FAAt707","BEA_API"
2019,22,"National defense",25.7,"e1gdefn1es00","0","FAAt707","BEA_API"
2020,22,"National defense",25.8,"e1gdefn1es00","0","FAAt707","BEA_API"
2021,22,"National defense",26.5,"e1gdefn1es00","0","FAAt707","BEA_API"
2022,22,"National defense",26.8,"e1gdefn1es00","0","FAAt707","BEA_API"
2023,22,"National defense",26.8,"e1gdefn1es00","0","FAAt707","BEA_API"
2024,22,"National defense",26.6,"e1gdefn1es00","0","FAAt707","BEA_API"
1925,23,"Equipment",8.1,"e1gdefn1eq00","0","FAAt707","BEA_API"
1926,23,"Equipment",9,"e1gdefn1eq00","0","FAAt707","BEA_API"
1927,23,"Equipment",9.9,"e1gdefn1eq00","0","FAAt707","BEA_API"
1928,23,"Equipment",10.7,"e1gdefn1eq00","0","FAAt707","BEA_API"
1929,23,"Equipment",11.6,"e1gdefn1eq00","0","FAAt707","BEA_API"
1930,23,"Equipment",12.5,"e1gdefn1eq00","0","FAAt707","BEA_API"
1931,23,"Equipment",13.2,"e1gdefn1eq00","0","FAAt707","BEA_API"
1932,23,"Equipment",14,"e1gdefn1eq00","0","FAAt707","BEA_API"
1933,23,"Equipment",14.6,"e1gdefn1eq00","0","FAAt707","BEA_API"
1934,23,"Equipment",15.2,"e1gdefn1eq00","0","FAAt707","BEA_API"
1935,23,"Equipment",15.7,"e1gdefn1eq00","0","FAAt707","BEA_API"
1936,23,"Equipment",15.8,"e1gdefn1eq00","0","FAAt707","BEA_API"
1937,23,"Equipment",15.8,"e1gdefn1eq00","0","FAAt707","BEA_API"
1938,23,"Equipment",15.6,"e1gdefn1eq00","0","FAAt707","BEA_API"
1939,23,"Equipment",15,"e1gdefn1eq00","0","FAAt707","BEA_API"
1940,23,"Equipment",14.3,"e1gdefn1eq00","0","FAAt707","BEA_API"
1941,23,"Equipment",5.2,"e1gdefn1eq00","0","FAAt707","BEA_API"
1942,23,"Equipment",1.7,"e1gdefn1eq00","0","FAAt707","BEA_API"
1943,23,"Equipment",1.3,"e1gdefn1eq00","0","FAAt707","BEA_API"
1944,23,"Equipment",1.5,"e1gdefn1eq00","0","FAAt707","BEA_API"
1945,23,"Equipment",2.1,"e1gdefn1eq00","0","FAAt707","BEA_API"
1946,23,"Equipment",3.5,"e1gdefn1eq00","0","FAAt707","BEA_API"
1947,23,"Equipment",5.2,"e1gdefn1eq00","0","FAAt707","BEA_API"
1948,23,"Equipment",7.3,"e1gdefn1eq00","0","FAAt707","BEA_API"
1949,23,"Equipment",9,"e1gdefn1eq00","0","FAAt707","BEA_API"
1950,23,"Equipment",11.1,"e1gdefn1eq00","0","FAAt707","BEA_API"
1951,23,"Equipment",10.3,"e1gdefn1eq00","0","FAAt707","BEA_API"
1952,23,"Equipment",9.3,"e1gdefn1eq00","0","FAAt707","BEA_API"
1953,23,"Equipment",8.5,"e1gdefn1eq00","0","FAAt707","BEA_API"
1954,23,"Equipment",8.3,"e1gdefn1eq00","0","FAAt707","BEA_API"
1955,23,"Equipment",8.5,"e1gdefn1eq00","0","FAAt707","BEA_API"
1956,23,"Equipment",8.6,"e1gdefn1eq00","0","FAAt707","BEA_API"
1957,23,"Equipment",8.6,"e1gdefn1eq00","0","FAAt707","BEA_API"
1958,23,"Equipment",8.5,"e1gdefn1eq00","0","FAAt707","BEA_API"
1959,23,"Equipment",8.4,"e1gdefn1eq00","0","FAAt707","BEA_API"
1960,23,"Equipment",8.4,"e1gdefn1eq00","0","FAAt707","BEA_API"
1961,23,"Equipment",8.2,"e1gdefn1eq00","0","FAAt707","BEA_API"
1962,23,"Equipment",8.1,"e1gdefn1eq00","0","FAAt707","BEA_API"
1963,23,"Equipment",8.2,"e1gdefn1eq00","0","FAAt707","BEA_API"
1964,23,"Equipment",8.4,"e1gdefn1eq00","0","FAAt707","BEA_API"
1965,23,"Equipment",8.6,"e1gdefn1eq00","0","FAAt707","BEA_API"
1966,23,"Equipment",8.8,"e1gdefn1eq00","0","FAAt707","BEA_API"
1967,23,"Equipment",8.9,"e1gdefn1eq00","0","FAAt707","BEA_API"
1968,23,"Equipment",9.1,"e1gdefn1eq00","0","FAAt707","BEA_API"
1969,23,"Equipment",9.4,"e1gdefn1eq00","0","FAAt707","BEA_API"
1970,23,"Equipment",9.8,"e1gdefn1eq00","0","FAAt707","BEA_API"
1971,23,"Equipment",10.5,"e1gdefn1eq00","0","FAAt707","BEA_API"
1972,23,"Equipment",11.1,"e1gdefn1eq00","0","FAAt707","BEA_API"
1973,23,"Equipment",11.5,"e1gdefn1eq00","0","FAAt707","BEA_API"
1974,23,"Equipment",12.1,"e1gdefn1eq00","0","FAAt707","BEA_API"
1975,23,"Equipment",12.4,"e1gdefn1eq00","0","FAAt707","BEA_API"
1976,23,"Equipment",12.4,"e1gdefn1eq00","0","FAAt707","BEA_API"
1977,23,"Equipment",12.3,"e1gdefn1eq00","0","FAAt707","BEA_API"
1978,23,"Equipment",12.5,"e1gdefn1eq00","0","FAAt707","BEA_API"
1979,23,"Equipment",12.7,"e1gdefn1eq00","0","FAAt707","BEA_API"
1980,23,"Equipment",12.8,"e1gdefn1eq00","0","FAAt707","BEA_API"
1981,23,"Equipment",12.7,"e1gdefn1eq00","0","FAAt707","BEA_API"
1982,23,"Equipment",12.2,"e1gdefn1eq00","0","FAAt707","BEA_API"
1983,23,"Equipment",11.5,"e1gdefn1eq00","0","FAAt707","BEA_API"
1984,23,"Equipment",11.7,"e1gdefn1eq00","0","FAAt707","BEA_API"
1985,23,"Equipment",10.5,"e1gdefn1eq00","0","FAAt707","BEA_API"
1986,23,"Equipment",9.5,"e1gdefn1eq00","0","FAAt707","BEA_API"
1987,23,"Equipment",8.9,"e1gdefn1eq00","0","FAAt707","BEA_API"
1988,23,"Equipment",8.7,"e1gdefn1eq00","0","FAAt707","BEA_API"
1989,23,"Equipment",8.6,"e1gdefn1eq00","0","FAAt707","BEA_API"
1990,23,"Equipment",8.5,"e1gdefn1eq00","0","FAAt707","BEA_API"
1991,23,"Equipment",8.6,"e1gdefn1eq00","0","FAAt707","BEA_API"
1992,23,"Equipment",8.6,"e1gdefn1eq00","0","FAAt707","BEA_API"
1993,23,"Equipment",8.8,"e1gdefn1eq00","0","FAAt707","BEA_API"
1994,23,"Equipment",9.1,"e1gdefn1eq00","0","FAAt707","BEA_API"
1995,23,"Equipment",9.6,"e1gdefn1eq00","0","FAAt707","BEA_API"
1996,23,"Equipment",9.7,"e1gdefn1eq00","0","FAAt707","BEA_API"
1997,23,"Equipment",10,"e1gdefn1eq00","0","FAAt707","BEA_API"
1998,23,"Equipment",10.1,"e1gdefn1eq00","0","FAAt707","BEA_API"
1999,23,"Equipment",10.3,"e1gdefn1eq00","0","FAAt707","BEA_API"
2000,23,"Equipment",10.6,"e1gdefn1eq00","0","FAAt707","BEA_API"
2001,23,"Equipment",10.8,"e1gdefn1eq00","0","FAAt707","BEA_API"
2002,23,"Equipment",10.8,"e1gdefn1eq00","0","FAAt707","BEA_API"
2003,23,"Equipment",10.9,"e1gdefn1eq00","0","FAAt707","BEA_API"
2004,23,"Equipment",10.7,"e1gdefn1eq00","0","FAAt707","BEA_API"
2005,23,"Equipment",10.4,"e1gdefn1eq00","0","FAAt707","BEA_API"
2006,23,"Equipment",10.2,"e1gdefn1eq00","0","FAAt707","BEA_API"
2007,23,"Equipment",10,"e1gdefn1eq00","0","FAAt707","BEA_API"
2008,23,"Equipment",9.7,"e1gdefn1eq00","0","FAAt707","BEA_API"
2009,23,"Equipment",9.4,"e1gdefn1eq00","0","FAAt707","BEA_API"
2010,23,"Equipment",9.2,"e1gdefn1eq00","0","FAAt707","BEA_API"
2011,23,"Equipment",9.1,"e1gdefn1eq00","0","FAAt707","BEA_API"
2012,23,"Equipment",9.1,"e1gdefn1eq00","0","FAAt707","BEA_API"
2013,23,"Equipment",9.1,"e1gdefn1eq00","0","FAAt707","BEA_API"
2014,23,"Equipment",9.2,"e1gdefn1eq00","0","FAAt707","BEA_API"
2015,23,"Equipment",9.3,"e1gdefn1eq00","0","FAAt707","BEA_API"
2016,23,"Equipment",9.4,"e1gdefn1eq00","0","FAAt707","BEA_API"
2017,23,"Equipment",9.4,"e1gdefn1eq00","0","FAAt707","BEA_API"
2018,23,"Equipment",9.4,"e1gdefn1eq00","0","FAAt707","BEA_API"
2019,23,"Equipment",9.2,"e1gdefn1eq00","0","FAAt707","BEA_API"
2020,23,"Equipment",9.1,"e1gdefn1eq00","0","FAAt707","BEA_API"
2021,23,"Equipment",9.1,"e1gdefn1eq00","0","FAAt707","BEA_API"
2022,23,"Equipment",9.1,"e1gdefn1eq00","0","FAAt707","BEA_API"
2023,23,"Equipment",9.1,"e1gdefn1eq00","0","FAAt707","BEA_API"
2024,23,"Equipment",9.1,"e1gdefn1eq00","0","FAAt707","BEA_API"
1972,24,"Aircraft",11.9,"e1gdefn1ea00","0","FAAt707","BEA_API"
1973,24,"Aircraft",12.7,"e1gdefn1ea00","0","FAAt707","BEA_API"
1974,24,"Aircraft",13.8,"e1gdefn1ea00","0","FAAt707","BEA_API"
1975,24,"Aircraft",14.1,"e1gdefn1ea00","0","FAAt707","BEA_API"
1976,24,"Aircraft",14.3,"e1gdefn1ea00","0","FAAt707","BEA_API"
1977,24,"Aircraft",14.2,"e1gdefn1ea00","0","FAAt707","BEA_API"
1978,24,"Aircraft",15,"e1gdefn1ea00","0","FAAt707","BEA_API"
1979,24,"Aircraft",15.3,"e1gdefn1ea00","0","FAAt707","BEA_API"
1980,24,"Aircraft",15.5,"e1gdefn1ea00","0","FAAt707","BEA_API"
1981,24,"Aircraft",15.3,"e1gdefn1ea00","0","FAAt707","BEA_API"
1982,24,"Aircraft",14.8,"e1gdefn1ea00","0","FAAt707","BEA_API"
1983,24,"Aircraft",13.7,"e1gdefn1ea00","0","FAAt707","BEA_API"
1984,24,"Aircraft",14.4,"e1gdefn1ea00","0","FAAt707","BEA_API"
1985,24,"Aircraft",13,"e1gdefn1ea00","0","FAAt707","BEA_API"
1986,24,"Aircraft",10.9,"e1gdefn1ea00","0","FAAt707","BEA_API"
1987,24,"Aircraft",9.8,"e1gdefn1ea00","0","FAAt707","BEA_API"
1988,24,"Aircraft",9.7,"e1gdefn1ea00","0","FAAt707","BEA_API"
1989,24,"Aircraft",9.7,"e1gdefn1ea00","0","FAAt707","BEA_API"
1990,24,"Aircraft",9.7,"e1gdefn1ea00","0","FAAt707","BEA_API"
1991,24,"Aircraft",10,"e1gdefn1ea00","0","FAAt707","BEA_API"
1992,24,"Aircraft",10.1,"e1gdefn1ea00","0","FAAt707","BEA_API"
1993,24,"Aircraft",10.3,"e1gdefn1ea00","0","FAAt707","BEA_API"
1994,24,"Aircraft",10.5,"e1gdefn1ea00","0","FAAt707","BEA_API"
1995,24,"Aircraft",11.2,"e1gdefn1ea00","0","FAAt707","BEA_API"
1996,24,"Aircraft",11,"e1gdefn1ea00","0","FAAt707","BEA_API"
1997,24,"Aircraft",11.4,"e1gdefn1ea00","0","FAAt707","BEA_API"
1998,24,"Aircraft",11,"e1gdefn1ea00","0","FAAt707","BEA_API"
1999,24,"Aircraft",11,"e1gdefn1ea00","0","FAAt707","BEA_API"
2000,24,"Aircraft",11.5,"e1gdefn1ea00","0","FAAt707","BEA_API"
2001,24,"Aircraft",12.3,"e1gdefn1ea00","0","FAAt707","BEA_API"
2002,24,"Aircraft",12.5,"e1gdefn1ea00","0","FAAt707","BEA_API"
2003,24,"Aircraft",12.9,"e1gdefn1ea00","0","FAAt707","BEA_API"
2004,24,"Aircraft",12.8,"e1gdefn1ea00","0","FAAt707","BEA_API"
2005,24,"Aircraft",12.5,"e1gdefn1ea00","0","FAAt707","BEA_API"
2006,24,"Aircraft",12.2,"e1gdefn1ea00","0","FAAt707","BEA_API"
2007,24,"Aircraft",12,"e1gdefn1ea00","0","FAAt707","BEA_API"
2008,24,"Aircraft",11.9,"e1gdefn1ea00","0","FAAt707","BEA_API"
2009,24,"Aircraft",11.8,"e1gdefn1ea00","0","FAAt707","BEA_API"
2010,24,"Aircraft",11.4,"e1gdefn1ea00","0","FAAt707","BEA_API"
2011,24,"Aircraft",11.1,"e1gdefn1ea00","0","FAAt707","BEA_API"
2012,24,"Aircraft",10.7,"e1gdefn1ea00","0","FAAt707","BEA_API"
2013,24,"Aircraft",10.3,"e1gdefn1ea00","0","FAAt707","BEA_API"
2014,24,"Aircraft",10.3,"e1gdefn1ea00","0","FAAt707","BEA_API"
2015,24,"Aircraft",10.2,"e1gdefn1ea00","0","FAAt707","BEA_API"
2016,24,"Aircraft",10,"e1gdefn1ea00","0","FAAt707","BEA_API"
2017,24,"Aircraft",10,"e1gdefn1ea00","0","FAAt707","BEA_API"
2018,24,"Aircraft",9.9,"e1gdefn1ea00","0","FAAt707","BEA_API"
2019,24,"Aircraft",9.7,"e1gdefn1ea00","0","FAAt707","BEA_API"
2020,24,"Aircraft",9.7,"e1gdefn1ea00","0","FAAt707","BEA_API"
2021,24,"Aircraft",9.9,"e1gdefn1ea00","0","FAAt707","BEA_API"
2022,24,"Aircraft",10.2,"e1gdefn1ea00","0","FAAt707","BEA_API"
2023,24,"Aircraft",10.1,"e1gdefn1ea00","0","FAAt707","BEA_API"
2024,24,"Aircraft",10,"e1gdefn1ea00","0","FAAt707","BEA_API"
1972,25,"Missiles",8,"e1gdefn1em00","0","FAAt707","BEA_API"
1973,25,"Missiles",8.6,"e1gdefn1em00","0","FAAt707","BEA_API"
1974,25,"Missiles",8.8,"e1gdefn1em00","0","FAAt707","BEA_API"
1975,25,"Missiles",9.6,"e1gdefn1em00","0","FAAt707","BEA_API"
1976,25,"Missiles",9.8,"e1gdefn1em00","0","FAAt707","BEA_API"
1977,25,"Missiles",9.8,"e1gdefn1em00","0","FAAt707","BEA_API"
1978,25,"Missiles",10.1,"e1gdefn1em00","0","FAAt707","BEA_API"
1979,25,"Missiles",10.5,"e1gdefn1em00","0","FAAt707","BEA_API"
1980,25,"Missiles",10.5,"e1gdefn1em00","0","FAAt707","BEA_API"
1981,25,"Missiles",10.5,"e1gdefn1em00","0","FAAt707","BEA_API"
1982,25,"Missiles",9.9,"e1gdefn1em00","0","FAAt707","BEA_API"
1983,25,"Missiles",9.8,"e1gdefn1em00","0","FAAt707","BEA_API"
1984,25,"Missiles",9.2,"e1gdefn1em00","0","FAAt707","BEA_API"
1985,25,"Missiles",8.9,"e1gdefn1em00","0","FAAt707","BEA_API"
1986,25,"Missiles",8.2,"e1gdefn1em00","0","FAAt707","BEA_API"
1987,25,"Missiles",7.5,"e1gdefn1em00","0","FAAt707","BEA_API"
1988,25,"Missiles",7.4,"e1gdefn1em00","0","FAAt707","BEA_API"
1989,25,"Missiles",7.1,"e1gdefn1em00","0","FAAt707","BEA_API"
1990,25,"Missiles",6.6,"e1gdefn1em00","0","FAAt707","BEA_API"
1991,25,"Missiles",6.5,"e1gdefn1em00","0","FAAt707","BEA_API"
1992,25,"Missiles",6.5,"e1gdefn1em00","0","FAAt707","BEA_API"
1993,25,"Missiles",6.6,"e1gdefn1em00","0","FAAt707","BEA_API"
1994,25,"Missiles",7,"e1gdefn1em00","0","FAAt707","BEA_API"
1995,25,"Missiles",7.4,"e1gdefn1em00","0","FAAt707","BEA_API"
1996,25,"Missiles",8,"e1gdefn1em00","0","FAAt707","BEA_API"
1997,25,"Missiles",8.4,"e1gdefn1em00","0","FAAt707","BEA_API"
1998,25,"Missiles",8.9,"e1gdefn1em00","0","FAAt707","BEA_API"
1999,25,"Missiles",9.3,"e1gdefn1em00","0","FAAt707","BEA_API"
2000,25,"Missiles",9.8,"e1gdefn1em00","0","FAAt707","BEA_API"
2001,25,"Missiles",10,"e1gdefn1em00","0","FAAt707","BEA_API"
2002,25,"Missiles",10.3,"e1gdefn1em00","0","FAAt707","BEA_API"
2003,25,"Missiles",10.3,"e1gdefn1em00","0","FAAt707","BEA_API"
2004,25,"Missiles",10.4,"e1gdefn1em00","0","FAAt707","BEA_API"
2005,25,"Missiles",10.3,"e1gdefn1em00","0","FAAt707","BEA_API"
2006,25,"Missiles",10.2,"e1gdefn1em00","0","FAAt707","BEA_API"
2007,25,"Missiles",10.1,"e1gdefn1em00","0","FAAt707","BEA_API"
2008,25,"Missiles",10.1,"e1gdefn1em00","0","FAAt707","BEA_API"
2009,25,"Missiles",9.8,"e1gdefn1em00","0","FAAt707","BEA_API"
2010,25,"Missiles",9.6,"e1gdefn1em00","0","FAAt707","BEA_API"
2011,25,"Missiles",9.5,"e1gdefn1em00","0","FAAt707","BEA_API"
2012,25,"Missiles",9.1,"e1gdefn1em00","0","FAAt707","BEA_API"
2013,25,"Missiles",8.9,"e1gdefn1em00","0","FAAt707","BEA_API"
2014,25,"Missiles",8.8,"e1gdefn1em00","0","FAAt707","BEA_API"
2015,25,"Missiles",8.7,"e1gdefn1em00","0","FAAt707","BEA_API"
2016,25,"Missiles",8.8,"e1gdefn1em00","0","FAAt707","BEA_API"
2017,25,"Missiles",9.1,"e1gdefn1em00","0","FAAt707","BEA_API"
2018,25,"Missiles",9.2,"e1gdefn1em00","0","FAAt707","BEA_API"
2019,25,"Missiles",9.2,"e1gdefn1em00","0","FAAt707","BEA_API"
2020,25,"Missiles",9.1,"e1gdefn1em00","0","FAAt707","BEA_API"
2021,25,"Missiles",9,"e1gdefn1em00","0","FAAt707","BEA_API"
2022,25,"Missiles",9,"e1gdefn1em00","0","FAAt707","BEA_API"
2023,25,"Missiles",9.1,"e1gdefn1em00","0","FAAt707","BEA_API"
2024,25,"Missiles",9,"e1gdefn1em00","0","FAAt707","BEA_API"
1972,26,"Ships",15.3,"e1gdefn1eb00","0","FAAt707","BEA_API"
1973,26,"Ships",15.4,"e1gdefn1eb00","0","FAAt707","BEA_API"
1974,26,"Ships",15.3,"e1gdefn1eb00","0","FAAt707","BEA_API"
1975,26,"Ships",15.3,"e1gdefn1eb00","0","FAAt707","BEA_API"
1976,26,"Ships",15.3,"e1gdefn1eb00","0","FAAt707","BEA_API"
1977,26,"Ships",15.1,"e1gdefn1eb00","0","FAAt707","BEA_API"
1978,26,"Ships",14.8,"e1gdefn1eb00","0","FAAt707","BEA_API"
1979,26,"Ships",14.5,"e1gdefn1eb00","0","FAAt707","BEA_API"
1980,26,"Ships",14.5,"e1gdefn1eb00","0","FAAt707","BEA_API"
1981,26,"Ships",14.3,"e1gdefn1eb00","0","FAAt707","BEA_API"
1982,26,"Ships",14,"e1gdefn1eb00","0","FAAt707","BEA_API"
1983,26,"Ships",13.5,"e1gdefn1eb00","0","FAAt707","BEA_API"
1984,26,"Ships",13.1,"e1gdefn1eb00","0","FAAt707","BEA_API"
1985,26,"Ships",12.7,"e1gdefn1eb00","0","FAAt707","BEA_API"
1986,26,"Ships",12.4,"e1gdefn1eb00","0","FAAt707","BEA_API"
1987,26,"Ships",12.2,"e1gdefn1eb00","0","FAAt707","BEA_API"
1988,26,"Ships",12.1,"e1gdefn1eb00","0","FAAt707","BEA_API"
1989,26,"Ships",12,"e1gdefn1eb00","0","FAAt707","BEA_API"
1990,26,"Ships",11.8,"e1gdefn1eb00","0","FAAt707","BEA_API"
1991,26,"Ships",11.8,"e1gdefn1eb00","0","FAAt707","BEA_API"
1992,26,"Ships",11.8,"e1gdefn1eb00","0","FAAt707","BEA_API"
1993,26,"Ships",12,"e1gdefn1eb00","0","FAAt707","BEA_API"
1994,26,"Ships",12.3,"e1gdefn1eb00","0","FAAt707","BEA_API"
1995,26,"Ships",12.6,"e1gdefn1eb00","0","FAAt707","BEA_API"
1996,26,"Ships",13,"e1gdefn1eb00","0","FAAt707","BEA_API"
1997,26,"Ships",13.4,"e1gdefn1eb00","0","FAAt707","BEA_API"
1998,26,"Ships",13.8,"e1gdefn1eb00","0","FAAt707","BEA_API"
1999,26,"Ships",14,"e1gdefn1eb00","0","FAAt707","BEA_API"
2000,26,"Ships",14.3,"e1gdefn1eb00","0","FAAt707","BEA_API"
2001,26,"Ships",14.5,"e1gdefn1eb00","0","FAAt707","BEA_API"
2002,26,"Ships",14.5,"e1gdefn1eb00","0","FAAt707","BEA_API"
2003,26,"Ships",14.5,"e1gdefn1eb00","0","FAAt707","BEA_API"
2004,26,"Ships",14.4,"e1gdefn1eb00","0","FAAt707","BEA_API"
2005,26,"Ships",14.4,"e1gdefn1eb00","0","FAAt707","BEA_API"
2006,26,"Ships",14.4,"e1gdefn1eb00","0","FAAt707","BEA_API"
2007,26,"Ships",14.4,"e1gdefn1eb00","0","FAAt707","BEA_API"
2008,26,"Ships",14.3,"e1gdefn1eb00","0","FAAt707","BEA_API"
2009,26,"Ships",14.3,"e1gdefn1eb00","0","FAAt707","BEA_API"
2010,26,"Ships",14.3,"e1gdefn1eb00","0","FAAt707","BEA_API"
2011,26,"Ships",14.3,"e1gdefn1eb00","0","FAAt707","BEA_API"
2012,26,"Ships",14.3,"e1gdefn1eb00","0","FAAt707","BEA_API"
2013,26,"Ships",14.2,"e1gdefn1eb00","0","FAAt707","BEA_API"
2014,26,"Ships",14.1,"e1gdefn1eb00","0","FAAt707","BEA_API"
2015,26,"Ships",14,"e1gdefn1eb00","0","FAAt707","BEA_API"
2016,26,"Ships",13.8,"e1gdefn1eb00","0","FAAt707","BEA_API"
2017,26,"Ships",13.7,"e1gdefn1eb00","0","FAAt707","BEA_API"
2018,26,"Ships",13.5,"e1gdefn1eb00","0","FAAt707","BEA_API"
2019,26,"Ships",13.2,"e1gdefn1eb00","0","FAAt707","BEA_API"
2020,26,"Ships",12.9,"e1gdefn1eb00","0","FAAt707","BEA_API"
2021,26,"Ships",12.7,"e1gdefn1eb00","0","FAAt707","BEA_API"
2022,26,"Ships",12.6,"e1gdefn1eb00","0","FAAt707","BEA_API"
2023,26,"Ships",12.5,"e1gdefn1eb00","0","FAAt707","BEA_API"
2024,26,"Ships",12.5,"e1gdefn1eb00","0","FAAt707","BEA_API"
1972,27,"Vehicles",12.2,"e1gdefn1ev00","0","FAAt707","BEA_API"
1973,27,"Vehicles",12.6,"e1gdefn1ev00","0","FAAt707","BEA_API"
1974,27,"Vehicles",12.2,"e1gdefn1ev00","0","FAAt707","BEA_API"
1975,27,"Vehicles",15.8,"e1gdefn1ev00","0","FAAt707","BEA_API"
1976,27,"Vehicles",14.9,"e1gdefn1ev00","0","FAAt707","BEA_API"
1977,27,"Vehicles",14.2,"e1gdefn1ev00","0","FAAt707","BEA_API"
1978,27,"Vehicles",13.4,"e1gdefn1ev00","0","FAAt707","BEA_API"
1979,27,"Vehicles",12.7,"e1gdefn1ev00","0","FAAt707","BEA_API"
1980,27,"Vehicles",12.2,"e1gdefn1ev00","0","FAAt707","BEA_API"
1981,27,"Vehicles",12.7,"e1gdefn1ev00","0","FAAt707","BEA_API"
1982,27,"Vehicles",12.1,"e1gdefn1ev00","0","FAAt707","BEA_API"
1983,27,"Vehicles",10.5,"e1gdefn1ev00","0","FAAt707","BEA_API"
1984,27,"Vehicles",8.5,"e1gdefn1ev00","0","FAAt707","BEA_API"
1985,27,"Vehicles",8.7,"e1gdefn1ev00","0","FAAt707","BEA_API"
1986,27,"Vehicles",7.3,"e1gdefn1ev00","0","FAAt707","BEA_API"
1987,27,"Vehicles",6.8,"e1gdefn1ev00","0","FAAt707","BEA_API"
1988,27,"Vehicles",6.8,"e1gdefn1ev00","0","FAAt707","BEA_API"
1989,27,"Vehicles",6.8,"e1gdefn1ev00","0","FAAt707","BEA_API"
1990,27,"Vehicles",7.1,"e1gdefn1ev00","0","FAAt707","BEA_API"
1991,27,"Vehicles",6.9,"e1gdefn1ev00","0","FAAt707","BEA_API"
1992,27,"Vehicles",7.6,"e1gdefn1ev00","0","FAAt707","BEA_API"
1993,27,"Vehicles",8.4,"e1gdefn1ev00","0","FAAt707","BEA_API"
1994,27,"Vehicles",9.1,"e1gdefn1ev00","0","FAAt707","BEA_API"
1995,27,"Vehicles",9.8,"e1gdefn1ev00","0","FAAt707","BEA_API"
1996,27,"Vehicles",10.5,"e1gdefn1ev00","0","FAAt707","BEA_API"
1997,27,"Vehicles",11.1,"e1gdefn1ev00","0","FAAt707","BEA_API"
1998,27,"Vehicles",11.4,"e1gdefn1ev00","0","FAAt707","BEA_API"
1999,27,"Vehicles",11.6,"e1gdefn1ev00","0","FAAt707","BEA_API"
2000,27,"Vehicles",11.7,"e1gdefn1ev00","0","FAAt707","BEA_API"
2001,27,"Vehicles",11.6,"e1gdefn1ev00","0","FAAt707","BEA_API"
2002,27,"Vehicles",11.3,"e1gdefn1ev00","0","FAAt707","BEA_API"
2003,27,"Vehicles",11,"e1gdefn1ev00","0","FAAt707","BEA_API"
2004,27,"Vehicles",10.6,"e1gdefn1ev00","0","FAAt707","BEA_API"
2005,27,"Vehicles",10,"e1gdefn1ev00","0","FAAt707","BEA_API"
2006,27,"Vehicles",9.3,"e1gdefn1ev00","0","FAAt707","BEA_API"
2007,27,"Vehicles",8.2,"e1gdefn1ev00","0","FAAt707","BEA_API"
2008,27,"Vehicles",7.1,"e1gdefn1ev00","0","FAAt707","BEA_API"
2009,27,"Vehicles",6.5,"e1gdefn1ev00","0","FAAt707","BEA_API"
2010,27,"Vehicles",6.2,"e1gdefn1ev00","0","FAAt707","BEA_API"
2011,27,"Vehicles",6.3,"e1gdefn1ev00","0","FAAt707","BEA_API"
2012,27,"Vehicles",6.9,"e1gdefn1ev00","0","FAAt707","BEA_API"
2013,27,"Vehicles",7.4,"e1gdefn1ev00","0","FAAt707","BEA_API"
2014,27,"Vehicles",8.3,"e1gdefn1ev00","0","FAAt707","BEA_API"
2015,27,"Vehicles",9,"e1gdefn1ev00","0","FAAt707","BEA_API"
2016,27,"Vehicles",9.7,"e1gdefn1ev00","0","FAAt707","BEA_API"
2017,27,"Vehicles",10.9,"e1gdefn1ev00","0","FAAt707","BEA_API"
2018,27,"Vehicles",10.7,"e1gdefn1ev00","0","FAAt707","BEA_API"
2019,27,"Vehicles",10,"e1gdefn1ev00","0","FAAt707","BEA_API"
2020,27,"Vehicles",9.6,"e1gdefn1ev00","0","FAAt707","BEA_API"
2021,27,"Vehicles",9.3,"e1gdefn1ev00","0","FAAt707","BEA_API"
2022,27,"Vehicles",8.8,"e1gdefn1ev00","0","FAAt707","BEA_API"
2023,27,"Vehicles",8.9,"e1gdefn1ev00","0","FAAt707","BEA_API"
2024,27,"Vehicles",8.7,"e1gdefn1ev00","0","FAAt707","BEA_API"
1972,28,"Electronics",6.3,"e1gdefn1ee00","0","FAAt707","BEA_API"
1973,28,"Electronics",7,"e1gdefn1ee00","0","FAAt707","BEA_API"
1974,28,"Electronics",7.8,"e1gdefn1ee00","0","FAAt707","BEA_API"
1975,28,"Electronics",8.3,"e1gdefn1ee00","0","FAAt707","BEA_API"
1976,28,"Electronics",8.4,"e1gdefn1ee00","0","FAAt707","BEA_API"
1977,28,"Electronics",8.3,"e1gdefn1ee00","0","FAAt707","BEA_API"
1978,28,"Electronics",8.1,"e1gdefn1ee00","0","FAAt707","BEA_API"
1979,28,"Electronics",7.9,"e1gdefn1ee00","0","FAAt707","BEA_API"
1980,28,"Electronics",7.5,"e1gdefn1ee00","0","FAAt707","BEA_API"
1981,28,"Electronics",7,"e1gdefn1ee00","0","FAAt707","BEA_API"
1982,28,"Electronics",6.4,"e1gdefn1ee00","0","FAAt707","BEA_API"
1983,28,"Electronics",5.9,"e1gdefn1ee00","0","FAAt707","BEA_API"
1984,28,"Electronics",5.3,"e1gdefn1ee00","0","FAAt707","BEA_API"
1985,28,"Electronics",4.8,"e1gdefn1ee00","0","FAAt707","BEA_API"
1986,28,"Electronics",4.4,"e1gdefn1ee00","0","FAAt707","BEA_API"
1987,28,"Electronics",4.2,"e1gdefn1ee00","0","FAAt707","BEA_API"
1988,28,"Electronics",4.1,"e1gdefn1ee00","0","FAAt707","BEA_API"
1989,28,"Electronics",4.1,"e1gdefn1ee00","0","FAAt707","BEA_API"
1990,28,"Electronics",4.2,"e1gdefn1ee00","0","FAAt707","BEA_API"
1991,28,"Electronics",4.3,"e1gdefn1ee00","0","FAAt707","BEA_API"
1992,28,"Electronics",4.4,"e1gdefn1ee00","0","FAAt707","BEA_API"
1993,28,"Electronics",4.4,"e1gdefn1ee00","0","FAAt707","BEA_API"
1994,28,"Electronics",4.6,"e1gdefn1ee00","0","FAAt707","BEA_API"
1995,28,"Electronics",4.8,"e1gdefn1ee00","0","FAAt707","BEA_API"
1996,28,"Electronics",5,"e1gdefn1ee00","0","FAAt707","BEA_API"
1997,28,"Electronics",5.1,"e1gdefn1ee00","0","FAAt707","BEA_API"
1998,28,"Electronics",5.2,"e1gdefn1ee00","0","FAAt707","BEA_API"
1999,28,"Electronics",5.1,"e1gdefn1ee00","0","FAAt707","BEA_API"
2000,28,"Electronics",5,"e1gdefn1ee00","0","FAAt707","BEA_API"
2001,28,"Electronics",4.9,"e1gdefn1ee00","0","FAAt707","BEA_API"
2002,28,"Electronics",4.8,"e1gdefn1ee00","0","FAAt707","BEA_API"
2003,28,"Electronics",4.5,"e1gdefn1ee00","0","FAAt707","BEA_API"
2004,28,"Electronics",4.3,"e1gdefn1ee00","0","FAAt707","BEA_API"
2005,28,"Electronics",4,"e1gdefn1ee00","0","FAAt707","BEA_API"
2006,28,"Electronics",3.7,"e1gdefn1ee00","0","FAAt707","BEA_API"
2007,28,"Electronics",3.4,"e1gdefn1ee00","0","FAAt707","BEA_API"
2008,28,"Electronics",3.2,"e1gdefn1ee00","0","FAAt707","BEA_API"
2009,28,"Electronics",3.1,"e1gdefn1ee00","0","FAAt707","BEA_API"
2010,28,"Electronics",3.2,"e1gdefn1ee00","0","FAAt707","BEA_API"
2011,28,"Electronics",3.4,"e1gdefn1ee00","0","FAAt707","BEA_API"
2012,28,"Electronics",3.7,"e1gdefn1ee00","0","FAAt707","BEA_API"
2013,28,"Electronics",4.1,"e1gdefn1ee00","0","FAAt707","BEA_API"
2014,28,"Electronics",4.4,"e1gdefn1ee00","0","FAAt707","BEA_API"
2015,28,"Electronics",4.8,"e1gdefn1ee00","0","FAAt707","BEA_API"
2016,28,"Electronics",5,"e1gdefn1ee00","0","FAAt707","BEA_API"
2017,28,"Electronics",5.1,"e1gdefn1ee00","0","FAAt707","BEA_API"
2018,28,"Electronics",5.1,"e1gdefn1ee00","0","FAAt707","BEA_API"
2019,28,"Electronics",5.1,"e1gdefn1ee00","0","FAAt707","BEA_API"
2020,28,"Electronics",5,"e1gdefn1ee00","0","FAAt707","BEA_API"
2021,28,"Electronics",4.9,"e1gdefn1ee00","0","FAAt707","BEA_API"
2022,28,"Electronics",4.9,"e1gdefn1ee00","0","FAAt707","BEA_API"
2023,28,"Electronics",4.9,"e1gdefn1ee00","0","FAAt707","BEA_API"
2024,28,"Electronics",4.8,"e1gdefn1ee00","0","FAAt707","BEA_API"
1972,29,"Other equipment",6.7,"e1gdefn1eo00","0","FAAt707","BEA_API"
1973,29,"Other equipment",6.5,"e1gdefn1eo00","0","FAAt707","BEA_API"
1974,29,"Other equipment",6.2,"e1gdefn1eo00","0","FAAt707","BEA_API"
1975,29,"Other equipment",6,"e1gdefn1eo00","0","FAAt707","BEA_API"
1976,29,"Other equipment",5.8,"e1gdefn1eo00","0","FAAt707","BEA_API"
1977,29,"Other equipment",5.7,"e1gdefn1eo00","0","FAAt707","BEA_API"
1978,29,"Other equipment",5.7,"e1gdefn1eo00","0","FAAt707","BEA_API"
1979,29,"Other equipment",5.6,"e1gdefn1eo00","0","FAAt707","BEA_API"
1980,29,"Other equipment",5.7,"e1gdefn1eo00","0","FAAt707","BEA_API"
1981,29,"Other equipment",5.7,"e1gdefn1eo00","0","FAAt707","BEA_API"
1982,29,"Other equipment",5.7,"e1gdefn1eo00","0","FAAt707","BEA_API"
1983,29,"Other equipment",5.6,"e1gdefn1eo00","0","FAAt707","BEA_API"
1984,29,"Other equipment",5.4,"e1gdefn1eo00","0","FAAt707","BEA_API"
1985,29,"Other equipment",5.2,"e1gdefn1eo00","0","FAAt707","BEA_API"
1986,29,"Other equipment",5.2,"e1gdefn1eo00","0","FAAt707","BEA_API"
1987,29,"Other equipment",5.2,"e1gdefn1eo00","0","FAAt707","BEA_API"
1988,29,"Other equipment",5.2,"e1gdefn1eo00","0","FAAt707","BEA_API"
1989,29,"Other equipment",5.2,"e1gdefn1eo00","0","FAAt707","BEA_API"
1990,29,"Other equipment",5.2,"e1gdefn1eo00","0","FAAt707","BEA_API"
1991,29,"Other equipment",5.1,"e1gdefn1eo00","0","FAAt707","BEA_API"
1992,29,"Other equipment",5.3,"e1gdefn1eo00","0","FAAt707","BEA_API"
1993,29,"Other equipment",5.5,"e1gdefn1eo00","0","FAAt707","BEA_API"
1994,29,"Other equipment",5.7,"e1gdefn1eo00","0","FAAt707","BEA_API"
1995,29,"Other equipment",5.8,"e1gdefn1eo00","0","FAAt707","BEA_API"
1996,29,"Other equipment",5.9,"e1gdefn1eo00","0","FAAt707","BEA_API"
1997,29,"Other equipment",6,"e1gdefn1eo00","0","FAAt707","BEA_API"
1998,29,"Other equipment",6.2,"e1gdefn1eo00","0","FAAt707","BEA_API"
1999,29,"Other equipment",6.3,"e1gdefn1eo00","0","FAAt707","BEA_API"
2000,29,"Other equipment",6.3,"e1gdefn1eo00","0","FAAt707","BEA_API"
2001,29,"Other equipment",6.4,"e1gdefn1eo00","0","FAAt707","BEA_API"
2002,29,"Other equipment",6.3,"e1gdefn1eo00","0","FAAt707","BEA_API"
2003,29,"Other equipment",6.1,"e1gdefn1eo00","0","FAAt707","BEA_API"
2004,29,"Other equipment",6,"e1gdefn1eo00","0","FAAt707","BEA_API"
2005,29,"Other equipment",5.9,"e1gdefn1eo00","0","FAAt707","BEA_API"
2006,29,"Other equipment",5.8,"e1gdefn1eo00","0","FAAt707","BEA_API"
2007,29,"Other equipment",5.6,"e1gdefn1eo00","0","FAAt707","BEA_API"
2008,29,"Other equipment",5.4,"e1gdefn1eo00","0","FAAt707","BEA_API"
2009,29,"Other equipment",5.3,"e1gdefn1eo00","0","FAAt707","BEA_API"
2010,29,"Other equipment",5.3,"e1gdefn1eo00","0","FAAt707","BEA_API"
2011,29,"Other equipment",5.3,"e1gdefn1eo00","0","FAAt707","BEA_API"
2012,29,"Other equipment",5.5,"e1gdefn1eo00","0","FAAt707","BEA_API"
2013,29,"Other equipment",5.7,"e1gdefn1eo00","0","FAAt707","BEA_API"
2014,29,"Other equipment",5.9,"e1gdefn1eo00","0","FAAt707","BEA_API"
2015,29,"Other equipment",6.1,"e1gdefn1eo00","0","FAAt707","BEA_API"
2016,29,"Other equipment",6.2,"e1gdefn1eo00","0","FAAt707","BEA_API"
2017,29,"Other equipment",6.3,"e1gdefn1eo00","0","FAAt707","BEA_API"
2018,29,"Other equipment",6.2,"e1gdefn1eo00","0","FAAt707","BEA_API"
2019,29,"Other equipment",6.2,"e1gdefn1eo00","0","FAAt707","BEA_API"
2020,29,"Other equipment",6.1,"e1gdefn1eo00","0","FAAt707","BEA_API"
2021,29,"Other equipment",6.2,"e1gdefn1eo00","0","FAAt707","BEA_API"
2022,29,"Other equipment",6.3,"e1gdefn1eo00","0","FAAt707","BEA_API"
2023,29,"Other equipment",6.3,"e1gdefn1eo00","0","FAAt707","BEA_API"
2024,29,"Other equipment",6.3,"e1gdefn1eo00","0","FAAt707","BEA_API"
1925,30,"Structures",9.1,"e1gdefn1st00","0","FAAt707","BEA_API"
1926,30,"Structures",10.1,"e1gdefn1st00","0","FAAt707","BEA_API"
1927,30,"Structures",11.1,"e1gdefn1st00","0","FAAt707","BEA_API"
1928,30,"Structures",12,"e1gdefn1st00","0","FAAt707","BEA_API"
1929,30,"Structures",12.9,"e1gdefn1st00","0","FAAt707","BEA_API"
1930,30,"Structures",13.8,"e1gdefn1st00","0","FAAt707","BEA_API"
1931,30,"Structures",14.6,"e1gdefn1st00","0","FAAt707","BEA_API"
1932,30,"Structures",15.4,"e1gdefn1st00","0","FAAt707","BEA_API"
1933,30,"Structures",16.1,"e1gdefn1st00","0","FAAt707","BEA_API"
1934,30,"Structures",16.7,"e1gdefn1st00","0","FAAt707","BEA_API"
1935,30,"Structures",17.4,"e1gdefn1st00","0","FAAt707","BEA_API"
1936,30,"Structures",17.5,"e1gdefn1st00","0","FAAt707","BEA_API"
1937,30,"Structures",17.5,"e1gdefn1st00","0","FAAt707","BEA_API"
1938,30,"Structures",17.6,"e1gdefn1st00","0","FAAt707","BEA_API"
1939,30,"Structures",17.9,"e1gdefn1st00","0","FAAt707","BEA_API"
1940,30,"Structures",16.4,"e1gdefn1st00","0","FAAt707","BEA_API"
1941,30,"Structures",10.2,"e1gdefn1st00","0","FAAt707","BEA_API"
1942,30,"Structures",5.8,"e1gdefn1st00","0","FAAt707","BEA_API"
1943,30,"Structures",5.4,"e1gdefn1st00","0","FAAt707","BEA_API"
1944,30,"Structures",5.9,"e1gdefn1st00","0","FAAt707","BEA_API"
1945,30,"Structures",6.5,"e1gdefn1st00","0","FAAt707","BEA_API"
1946,30,"Structures",7.5,"e1gdefn1st00","0","FAAt707","BEA_API"
1947,30,"Structures",8.5,"e1gdefn1st00","0","FAAt707","BEA_API"
1948,30,"Structures",9.4,"e1gdefn1st00","0","FAAt707","BEA_API"
1949,30,"Structures",10.3,"e1gdefn1st00","0","FAAt707","BEA_API"
1950,30,"Structures",11.3,"e1gdefn1st00","0","FAAt707","BEA_API"
1951,30,"Structures",11.8,"e1gdefn1st00","0","FAAt707","BEA_API"
1952,30,"Structures",12.1,"e1gdefn1st00","0","FAAt707","BEA_API"
1953,30,"Structures",12.3,"e1gdefn1st00","0","FAAt707","BEA_API"
1954,30,"Structures",12.6,"e1gdefn1st00","0","FAAt707","BEA_API"
1955,30,"Structures",13.2,"e1gdefn1st00","0","FAAt707","BEA_API"
1956,30,"Structures",13.7,"e1gdefn1st00","0","FAAt707","BEA_API"
1957,30,"Structures",14.1,"e1gdefn1st00","0","FAAt707","BEA_API"
1958,30,"Structures",14.6,"e1gdefn1st00","0","FAAt707","BEA_API"
1959,30,"Structures",15.1,"e1gdefn1st00","0","FAAt707","BEA_API"
1960,30,"Structures",15.7,"e1gdefn1st00","0","FAAt707","BEA_API"
1961,30,"Structures",16.1,"e1gdefn1st00","0","FAAt707","BEA_API"
1962,30,"Structures",16.7,"e1gdefn1st00","0","FAAt707","BEA_API"
1963,30,"Structures",17.3,"e1gdefn1st00","0","FAAt707","BEA_API"
1964,30,"Structures",18,"e1gdefn1st00","0","FAAt707","BEA_API"
1965,30,"Structures",18.7,"e1gdefn1st00","0","FAAt707","BEA_API"
1966,30,"Structures",19.4,"e1gdefn1st00","0","FAAt707","BEA_API"
1967,30,"Structures",20.1,"e1gdefn1st00","0","FAAt707","BEA_API"
1968,30,"Structures",20.8,"e1gdefn1st00","0","FAAt707","BEA_API"
1969,30,"Structures",21.5,"e1gdefn1st00","0","FAAt707","BEA_API"
1970,30,"Structures",22.2,"e1gdefn1st00","0","FAAt707","BEA_API"
1971,30,"Structures",22.8,"e1gdefn1st00","0","FAAt707","BEA_API"
1972,30,"Structures",23.5,"e1gdefn1st00","0","FAAt707","BEA_API"
1973,30,"Structures",24.1,"e1gdefn1st00","0","FAAt707","BEA_API"
1974,30,"Structures",24.8,"e1gdefn1st00","0","FAAt707","BEA_API"
1975,30,"Structures",25.5,"e1gdefn1st00","0","FAAt707","BEA_API"
1976,30,"Structures",26.2,"e1gdefn1st00","0","FAAt707","BEA_API"
1977,30,"Structures",26.8,"e1gdefn1st00","0","FAAt707","BEA_API"
1978,30,"Structures",27.4,"e1gdefn1st00","0","FAAt707","BEA_API"
1979,30,"Structures",28.1,"e1gdefn1st00","0","FAAt707","BEA_API"
1980,30,"Structures",28.8,"e1gdefn1st00","0","FAAt707","BEA_API"
1981,30,"Structures",29.3,"e1gdefn1st00","0","FAAt707","BEA_API"
1982,30,"Structures",29.8,"e1gdefn1st00","0","FAAt707","BEA_API"
1983,30,"Structures",30.1,"e1gdefn1st00","0","FAAt707","BEA_API"
1984,30,"Structures",30.6,"e1gdefn1st00","0","FAAt707","BEA_API"
1985,30,"Structures",31.1,"e1gdefn1st00","0","FAAt707","BEA_API"
1986,30,"Structures",31.5,"e1gdefn1st00","0","FAAt707","BEA_API"
1987,30,"Structures",31.7,"e1gdefn1st00","0","FAAt707","BEA_API"
1988,30,"Structures",31.7,"e1gdefn1st00","0","FAAt707","BEA_API"
1989,30,"Structures",32,"e1gdefn1st00","0","FAAt707","BEA_API"
1990,30,"Structures",32.5,"e1gdefn1st00","0","FAAt707","BEA_API"
1991,30,"Structures",33.2,"e1gdefn1st00","0","FAAt707","BEA_API"
1992,30,"Structures",33.8,"e1gdefn1st00","0","FAAt707","BEA_API"
1993,30,"Structures",34.2,"e1gdefn1st00","0","FAAt707","BEA_API"
1994,30,"Structures",34.7,"e1gdefn1st00","0","FAAt707","BEA_API"
1995,30,"Structures",35.2,"e1gdefn1st00","0","FAAt707","BEA_API"
1996,30,"Structures",35.7,"e1gdefn1st00","0","FAAt707","BEA_API"
1997,30,"Structures",36.2,"e1gdefn1st00","0","FAAt707","BEA_API"
1998,30,"Structures",36.7,"e1gdefn1st00","0","FAAt707","BEA_API"
1999,30,"Structures",37.2,"e1gdefn1st00","0","FAAt707","BEA_API"
2000,30,"Structures",37.8,"e1gdefn1st00","0","FAAt707","BEA_API"
2001,30,"Structures",38.4,"e1gdefn1st00","0","FAAt707","BEA_API"
2002,30,"Structures",38.9,"e1gdefn1st00","0","FAAt707","BEA_API"
2003,30,"Structures",39.3,"e1gdefn1st00","0","FAAt707","BEA_API"
2004,30,"Structures",39.8,"e1gdefn1st00","0","FAAt707","BEA_API"
2005,30,"Structures",40.3,"e1gdefn1st00","0","FAAt707","BEA_API"
2006,30,"Structures",40.9,"e1gdefn1st00","0","FAAt707","BEA_API"
2007,30,"Structures",41.4,"e1gdefn1st00","0","FAAt707","BEA_API"
2008,30,"Structures",41.7,"e1gdefn1st00","0","FAAt707","BEA_API"
2009,30,"Structures",41.7,"e1gdefn1st00","0","FAAt707","BEA_API"
2010,30,"Structures",41.7,"e1gdefn1st00","0","FAAt707","BEA_API"
2011,30,"Structures",41.9,"e1gdefn1st00","0","FAAt707","BEA_API"
2012,30,"Structures",42.5,"e1gdefn1st00","0","FAAt707","BEA_API"
2013,30,"Structures",43,"e1gdefn1st00","0","FAAt707","BEA_API"
2014,30,"Structures",43.6,"e1gdefn1st00","0","FAAt707","BEA_API"
2015,30,"Structures",44.2,"e1gdefn1st00","0","FAAt707","BEA_API"
2016,30,"Structures",44.7,"e1gdefn1st00","0","FAAt707","BEA_API"
2017,30,"Structures",45.3,"e1gdefn1st00","0","FAAt707","BEA_API"
2018,30,"Structures",46.1,"e1gdefn1st00","0","FAAt707","BEA_API"
2019,30,"Structures",46.6,"e1gdefn1st00","0","FAAt707","BEA_API"
2020,30,"Structures",46.9,"e1gdefn1st00","0","FAAt707","BEA_API"
2021,30,"Structures",47.3,"e1gdefn1st00","0","FAAt707","BEA_API"
2022,30,"Structures",47.6,"e1gdefn1st00","0","FAAt707","BEA_API"
2023,30,"Structures",48,"e1gdefn1st00","0","FAAt707","BEA_API"
2024,30,"Structures",48.2,"e1gdefn1st00","0","FAAt707","BEA_API"
1925,31,"Buildings",0,"e1gdefn1sb00","0","FAAt707","BEA_API"
1926,31,"Buildings",0,"e1gdefn1sb00","0","FAAt707","BEA_API"
1927,31,"Buildings",0,"e1gdefn1sb00","0","FAAt707","BEA_API"
1928,31,"Buildings",0,"e1gdefn1sb00","0","FAAt707","BEA_API"
1929,31,"Buildings",0,"e1gdefn1sb00","0","FAAt707","BEA_API"
1930,31,"Buildings",0,"e1gdefn1sb00","0","FAAt707","BEA_API"
1931,31,"Buildings",0,"e1gdefn1sb00","0","FAAt707","BEA_API"
1932,31,"Buildings",0,"e1gdefn1sb00","0","FAAt707","BEA_API"
1933,31,"Buildings",0.5,"e1gdefn1sb00","0","FAAt707","BEA_API"
1934,31,"Buildings",0.7,"e1gdefn1sb00","0","FAAt707","BEA_API"
1935,31,"Buildings",1.1,"e1gdefn1sb00","0","FAAt707","BEA_API"
1936,31,"Buildings",0.9,"e1gdefn1sb00","0","FAAt707","BEA_API"
1937,31,"Buildings",1.2,"e1gdefn1sb00","0","FAAt707","BEA_API"
1938,31,"Buildings",1.8,"e1gdefn1sb00","0","FAAt707","BEA_API"
1939,31,"Buildings",2.7,"e1gdefn1sb00","0","FAAt707","BEA_API"
1940,31,"Buildings",2.7,"e1gdefn1sb00","0","FAAt707","BEA_API"
1941,31,"Buildings",1.3,"e1gdefn1sb00","0","FAAt707","BEA_API"
1942,31,"Buildings",1.2,"e1gdefn1sb00","0","FAAt707","BEA_API"
1943,31,"Buildings",1.7,"e1gdefn1sb00","0","FAAt707","BEA_API"
1944,31,"Buildings",2.4,"e1gdefn1sb00","0","FAAt707","BEA_API"
1945,31,"Buildings",3.1,"e1gdefn1sb00","0","FAAt707","BEA_API"
1946,31,"Buildings",4.1,"e1gdefn1sb00","0","FAAt707","BEA_API"
1947,31,"Buildings",5.1,"e1gdefn1sb00","0","FAAt707","BEA_API"
1948,31,"Buildings",6,"e1gdefn1sb00","0","FAAt707","BEA_API"
1949,31,"Buildings",6.9,"e1gdefn1sb00","0","FAAt707","BEA_API"
1950,31,"Buildings",7.9,"e1gdefn1sb00","0","FAAt707","BEA_API"
1951,31,"Buildings",8.4,"e1gdefn1sb00","0","FAAt707","BEA_API"
1952,31,"Buildings",8.6,"e1gdefn1sb00","0","FAAt707","BEA_API"
1953,31,"Buildings",8.8,"e1gdefn1sb00","0","FAAt707","BEA_API"
1954,31,"Buildings",9.4,"e1gdefn1sb00","0","FAAt707","BEA_API"
1955,31,"Buildings",9.8,"e1gdefn1sb00","0","FAAt707","BEA_API"
1956,31,"Buildings",10.6,"e1gdefn1sb00","0","FAAt707","BEA_API"
1957,31,"Buildings",11.3,"e1gdefn1sb00","0","FAAt707","BEA_API"
1958,31,"Buildings",11.9,"e1gdefn1sb00","0","FAAt707","BEA_API"
1959,31,"Buildings",12.5,"e1gdefn1sb00","0","FAAt707","BEA_API"
1960,31,"Buildings",13.2,"e1gdefn1sb00","0","FAAt707","BEA_API"
1961,31,"Buildings",13.7,"e1gdefn1sb00","0","FAAt707","BEA_API"
1962,31,"Buildings",14.4,"e1gdefn1sb00","0","FAAt707","BEA_API"
1963,31,"Buildings",15.2,"e1gdefn1sb00","0","FAAt707","BEA_API"
1964,31,"Buildings",16,"e1gdefn1sb00","0","FAAt707","BEA_API"
1965,31,"Buildings",16.9,"e1gdefn1sb00","0","FAAt707","BEA_API"
1966,31,"Buildings",17.8,"e1gdefn1sb00","0","FAAt707","BEA_API"
1967,31,"Buildings",18.7,"e1gdefn1sb00","0","FAAt707","BEA_API"
1968,31,"Buildings",19.5,"e1gdefn1sb00","0","FAAt707","BEA_API"
1969,31,"Buildings",20.2,"e1gdefn1sb00","0","FAAt707","BEA_API"
1970,31,"Buildings",21,"e1gdefn1sb00","0","FAAt707","BEA_API"
1971,31,"Buildings",21.7,"e1gdefn1sb00","0","FAAt707","BEA_API"
1972,31,"Buildings",22.2,"e1gdefn1sb00","0","FAAt707","BEA_API"
1973,31,"Buildings",22.8,"e1gdefn1sb00","0","FAAt707","BEA_API"
1974,31,"Buildings",23.5,"e1gdefn1sb00","0","FAAt707","BEA_API"
1975,31,"Buildings",24.1,"e1gdefn1sb00","0","FAAt707","BEA_API"
1976,31,"Buildings",24.6,"e1gdefn1sb00","0","FAAt707","BEA_API"
1977,31,"Buildings",25.2,"e1gdefn1sb00","0","FAAt707","BEA_API"
1978,31,"Buildings",25.6,"e1gdefn1sb00","0","FAAt707","BEA_API"
1979,31,"Buildings",26.1,"e1gdefn1sb00","0","FAAt707","BEA_API"
1980,31,"Buildings",26.9,"e1gdefn1sb00","0","FAAt707","BEA_API"
1981,31,"Buildings",27.3,"e1gdefn1sb00","0","FAAt707","BEA_API"
1982,31,"Buildings",27.7,"e1gdefn1sb00","0","FAAt707","BEA_API"
1983,31,"Buildings",27.4,"e1gdefn1sb00","0","FAAt707","BEA_API"
1984,31,"Buildings",27.8,"e1gdefn1sb00","0","FAAt707","BEA_API"
1985,31,"Buildings",28.2,"e1gdefn1sb00","0","FAAt707","BEA_API"
1986,31,"Buildings",28.6,"e1gdefn1sb00","0","FAAt707","BEA_API"
1987,31,"Buildings",28.5,"e1gdefn1sb00","0","FAAt707","BEA_API"
1988,31,"Buildings",28.1,"e1gdefn1sb00","0","FAAt707","BEA_API"
1989,31,"Buildings",28.4,"e1gdefn1sb00","0","FAAt707","BEA_API"
1990,31,"Buildings",28.7,"e1gdefn1sb00","0","FAAt707","BEA_API"
1991,31,"Buildings",29.2,"e1gdefn1sb00","0","FAAt707","BEA_API"
1992,31,"Buildings",29.5,"e1gdefn1sb00","0","FAAt707","BEA_API"
1993,31,"Buildings",29.8,"e1gdefn1sb00","0","FAAt707","BEA_API"
1994,31,"Buildings",30.2,"e1gdefn1sb00","0","FAAt707","BEA_API"
1995,31,"Buildings",30.7,"e1gdefn1sb00","0","FAAt707","BEA_API"
1996,31,"Buildings",31.2,"e1gdefn1sb00","0","FAAt707","BEA_API"
1997,31,"Buildings",31.7,"e1gdefn1sb00","0","FAAt707","BEA_API"
1998,31,"Buildings",32.3,"e1gdefn1sb00","0","FAAt707","BEA_API"
1999,31,"Buildings",32.8,"e1gdefn1sb00","0","FAAt707","BEA_API"
2000,31,"Buildings",33.5,"e1gdefn1sb00","0","FAAt707","BEA_API"
2001,31,"Buildings",34,"e1gdefn1sb00","0","FAAt707","BEA_API"
2002,31,"Buildings",34.4,"e1gdefn1sb00","0","FAAt707","BEA_API"
2003,31,"Buildings",34.8,"e1gdefn1sb00","0","FAAt707","BEA_API"
2004,31,"Buildings",35.4,"e1gdefn1sb00","0","FAAt707","BEA_API"
2005,31,"Buildings",36,"e1gdefn1sb00","0","FAAt707","BEA_API"
2006,31,"Buildings",36.8,"e1gdefn1sb00","0","FAAt707","BEA_API"
2007,31,"Buildings",37.6,"e1gdefn1sb00","0","FAAt707","BEA_API"
2008,31,"Buildings",38.2,"e1gdefn1sb00","0","FAAt707","BEA_API"
2009,31,"Buildings",38.7,"e1gdefn1sb00","0","FAAt707","BEA_API"
2010,31,"Buildings",39.1,"e1gdefn1sb00","0","FAAt707","BEA_API"
2011,31,"Buildings",39.7,"e1gdefn1sb00","0","FAAt707","BEA_API"
2012,31,"Buildings",40.2,"e1gdefn1sb00","0","FAAt707","BEA_API"
2013,31,"Buildings",40.9,"e1gdefn1sb00","0","FAAt707","BEA_API"
2014,31,"Buildings",41.6,"e1gdefn1sb00","0","FAAt707","BEA_API"
2015,31,"Buildings",42.2,"e1gdefn1sb00","0","FAAt707","BEA_API"
2016,31,"Buildings",42.8,"e1gdefn1sb00","0","FAAt707","BEA_API"
2017,31,"Buildings",43.4,"e1gdefn1sb00","0","FAAt707","BEA_API"
2018,31,"Buildings",44,"e1gdefn1sb00","0","FAAt707","BEA_API"
2019,31,"Buildings",44.6,"e1gdefn1sb00","0","FAAt707","BEA_API"
2020,31,"Buildings",45,"e1gdefn1sb00","0","FAAt707","BEA_API"
2021,31,"Buildings",45.3,"e1gdefn1sb00","0","FAAt707","BEA_API"
2022,31,"Buildings",45.7,"e1gdefn1sb00","0","FAAt707","BEA_API"
2023,31,"Buildings",46.1,"e1gdefn1sb00","0","FAAt707","BEA_API"
2024,31,"Buildings",46.3,"e1gdefn1sb00","0","FAAt707","BEA_API"
1925,32,"Residential",6.2,"e1gdefn1sb10","0","FAAt707","BEA_API"
1926,32,"Residential",6.4,"e1gdefn1sb10","0","FAAt707","BEA_API"
1927,32,"Residential",6.6,"e1gdefn1sb10","0","FAAt707","BEA_API"
1928,32,"Residential",6.8,"e1gdefn1sb10","0","FAAt707","BEA_API"
1929,32,"Residential",-0.4,"e1gdefn1sb10","0","FAAt707","BEA_API"
1930,32,"Residential",0.3,"e1gdefn1sb10","0","FAAt707","BEA_API"
1931,32,"Residential",0.8,"e1gdefn1sb10","0","FAAt707","BEA_API"
1932,32,"Residential",1.2,"e1gdefn1sb10","0","FAAt707","BEA_API"
1933,32,"Residential",1.7,"e1gdefn1sb10","0","FAAt707","BEA_API"
1934,32,"Residential",0.5,"e1gdefn1sb10","0","FAAt707","BEA_API"
1935,32,"Residential",0.6,"e1gdefn1sb10","0","FAAt707","BEA_API"
1936,32,"Residential",0.6,"e1gdefn1sb10","0","FAAt707","BEA_API"
1937,32,"Residential",1,"e1gdefn1sb10","0","FAAt707","BEA_API"
1938,32,"Residential",1.8,"e1gdefn1sb10","0","FAAt707","BEA_API"
1939,32,"Residential",2.7,"e1gdefn1sb10","0","FAAt707","BEA_API"
1940,32,"Residential",3.6,"e1gdefn1sb10","0","FAAt707","BEA_API"
1941,32,"Residential",2.4,"e1gdefn1sb10","0","FAAt707","BEA_API"
1942,32,"Residential",2.2,"e1gdefn1sb10","0","FAAt707","BEA_API"
1943,32,"Residential",2,"e1gdefn1sb10","0","FAAt707","BEA_API"
1944,32,"Residential",2.7,"e1gdefn1sb10","0","FAAt707","BEA_API"
1945,32,"Residential",3.6,"e1gdefn1sb10","0","FAAt707","BEA_API"
1946,32,"Residential",4.1,"e1gdefn1sb10","0","FAAt707","BEA_API"
1947,32,"Residential",5.1,"e1gdefn1sb10","0","FAAt707","BEA_API"
1948,32,"Residential",6,"e1gdefn1sb10","0","FAAt707","BEA_API"
1949,32,"Residential",6.9,"e1gdefn1sb10","0","FAAt707","BEA_API"
1950,32,"Residential",7.9,"e1gdefn1sb10","0","FAAt707","BEA_API"
1951,32,"Residential",8.8,"e1gdefn1sb10","0","FAAt707","BEA_API"
1952,32,"Residential",9.7,"e1gdefn1sb10","0","FAAt707","BEA_API"
1953,32,"Residential",10.6,"e1gdefn1sb10","0","FAAt707","BEA_API"
1954,32,"Residential",11.5,"e1gdefn1sb10","0","FAAt707","BEA_API"
1955,32,"Residential",12.5,"e1gdefn1sb10","0","FAAt707","BEA_API"
1956,32,"Residential",13.3,"e1gdefn1sb10","0","FAAt707","BEA_API"
1957,32,"Residential",13.6,"e1gdefn1sb10","0","FAAt707","BEA_API"
1958,32,"Residential",13.3,"e1gdefn1sb10","0","FAAt707","BEA_API"
1959,32,"Residential",12.8,"e1gdefn1sb10","0","FAAt707","BEA_API"
1960,32,"Residential",12.9,"e1gdefn1sb10","0","FAAt707","BEA_API"
1961,32,"Residential",13.1,"e1gdefn1sb10","0","FAAt707","BEA_API"
1962,32,"Residential",13.6,"e1gdefn1sb10","0","FAAt707","BEA_API"
1963,32,"Residential",14.2,"e1gdefn1sb10","0","FAAt707","BEA_API"
1964,32,"Residential",14.9,"e1gdefn1sb10","0","FAAt707","BEA_API"
1965,32,"Residential",15.4,"e1gdefn1sb10","0","FAAt707","BEA_API"
1966,32,"Residential",16.1,"e1gdefn1sb10","0","FAAt707","BEA_API"
1967,32,"Residential",16.9,"e1gdefn1sb10","0","FAAt707","BEA_API"
1968,32,"Residential",17.7,"e1gdefn1sb10","0","FAAt707","BEA_API"
1969,32,"Residential",18.2,"e1gdefn1sb10","0","FAAt707","BEA_API"
1970,32,"Residential",18.9,"e1gdefn1sb10","0","FAAt707","BEA_API"
1971,32,"Residential",19.5,"e1gdefn1sb10","0","FAAt707","BEA_API"
1972,32,"Residential",19.6,"e1gdefn1sb10","0","FAAt707","BEA_API"
1973,32,"Residential",19.7,"e1gdefn1sb10","0","FAAt707","BEA_API"
1974,32,"Residential",19.6,"e1gdefn1sb10","0","FAAt707","BEA_API"
1975,32,"Residential",19.4,"e1gdefn1sb10","0","FAAt707","BEA_API"
1976,32,"Residential",19.4,"e1gdefn1sb10","0","FAAt707","BEA_API"
1977,32,"Residential",19.7,"e1gdefn1sb10","0","FAAt707","BEA_API"
1978,32,"Residential",20,"e1gdefn1sb10","0","FAAt707","BEA_API"
1979,32,"Residential",20.5,"e1gdefn1sb10","0","FAAt707","BEA_API"
1980,32,"Residential",20.9,"e1gdefn1sb10","0","FAAt707","BEA_API"
1981,32,"Residential",21.2,"e1gdefn1sb10","0","FAAt707","BEA_API"
1982,32,"Residential",21.4,"e1gdefn1sb10","0","FAAt707","BEA_API"
1983,32,"Residential",21.5,"e1gdefn1sb10","0","FAAt707","BEA_API"
1984,32,"Residential",21.8,"e1gdefn1sb10","0","FAAt707","BEA_API"
1985,32,"Residential",21.8,"e1gdefn1sb10","0","FAAt707","BEA_API"
1986,32,"Residential",21.7,"e1gdefn1sb10","0","FAAt707","BEA_API"
1987,32,"Residential",21.5,"e1gdefn1sb10","0","FAAt707","BEA_API"
1988,32,"Residential",21.6,"e1gdefn1sb10","0","FAAt707","BEA_API"
1989,32,"Residential",21.8,"e1gdefn1sb10","0","FAAt707","BEA_API"
1990,32,"Residential",22,"e1gdefn1sb10","0","FAAt707","BEA_API"
1991,32,"Residential",22.5,"e1gdefn1sb10","0","FAAt707","BEA_API"
1992,32,"Residential",23,"e1gdefn1sb10","0","FAAt707","BEA_API"
1993,32,"Residential",23.5,"e1gdefn1sb10","0","FAAt707","BEA_API"
1994,32,"Residential",23.9,"e1gdefn1sb10","0","FAAt707","BEA_API"
1995,32,"Residential",24.3,"e1gdefn1sb10","0","FAAt707","BEA_API"
1996,32,"Residential",24.8,"e1gdefn1sb10","0","FAAt707","BEA_API"
1997,32,"Residential",25.3,"e1gdefn1sb10","0","FAAt707","BEA_API"
1998,32,"Residential",25.8,"e1gdefn1sb10","0","FAAt707","BEA_API"
1999,32,"Residential",26.3,"e1gdefn1sb10","0","FAAt707","BEA_API"
2000,32,"Residential",26.9,"e1gdefn1sb10","0","FAAt707","BEA_API"
2001,32,"Residential",27.5,"e1gdefn1sb10","0","FAAt707","BEA_API"
2002,32,"Residential",28.1,"e1gdefn1sb10","0","FAAt707","BEA_API"
2003,32,"Residential",28.6,"e1gdefn1sb10","0","FAAt707","BEA_API"
2004,32,"Residential",29.2,"e1gdefn1sb10","0","FAAt707","BEA_API"
2005,32,"Residential",29.7,"e1gdefn1sb10","0","FAAt707","BEA_API"
2006,32,"Residential",30.3,"e1gdefn1sb10","0","FAAt707","BEA_API"
2007,32,"Residential",30.8,"e1gdefn1sb10","0","FAAt707","BEA_API"
2008,32,"Residential",31.3,"e1gdefn1sb10","0","FAAt707","BEA_API"
2009,32,"Residential",31.9,"e1gdefn1sb10","0","FAAt707","BEA_API"
2010,32,"Residential",32.4,"e1gdefn1sb10","0","FAAt707","BEA_API"
2011,32,"Residential",32.9,"e1gdefn1sb10","0","FAAt707","BEA_API"
2012,32,"Residential",33.5,"e1gdefn1sb10","0","FAAt707","BEA_API"
2013,32,"Residential",34.3,"e1gdefn1sb10","0","FAAt707","BEA_API"
2014,32,"Residential",35.1,"e1gdefn1sb10","0","FAAt707","BEA_API"
2015,32,"Residential",35.9,"e1gdefn1sb10","0","FAAt707","BEA_API"
2016,32,"Residential",36.7,"e1gdefn1sb10","0","FAAt707","BEA_API"
2017,32,"Residential",37.4,"e1gdefn1sb10","0","FAAt707","BEA_API"
2018,32,"Residential",38.2,"e1gdefn1sb10","0","FAAt707","BEA_API"
2019,32,"Residential",39.1,"e1gdefn1sb10","0","FAAt707","BEA_API"
2020,32,"Residential",39.9,"e1gdefn1sb10","0","FAAt707","BEA_API"
2021,32,"Residential",40.6,"e1gdefn1sb10","0","FAAt707","BEA_API"
2022,32,"Residential",41.5,"e1gdefn1sb10","0","FAAt707","BEA_API"
2023,32,"Residential",42.3,"e1gdefn1sb10","0","FAAt707","BEA_API"
2024,32,"Residential",43.1,"e1gdefn1sb10","0","FAAt707","BEA_API"
1925,33,"Industrial",0,"e1gdefn1sb20","0","FAAt707","BEA_API"
1926,33,"Industrial",0,"e1gdefn1sb20","0","FAAt707","BEA_API"
1927,33,"Industrial",0,"e1gdefn1sb20","0","FAAt707","BEA_API"
1928,33,"Industrial",0,"e1gdefn1sb20","0","FAAt707","BEA_API"
1929,33,"Industrial",0,"e1gdefn1sb20","0","FAAt707","BEA_API"
1930,33,"Industrial",0,"e1gdefn1sb20","0","FAAt707","BEA_API"
1931,33,"Industrial",0,"e1gdefn1sb20","0","FAAt707","BEA_API"
1932,33,"Industrial",0,"e1gdefn1sb20","0","FAAt707","BEA_API"
1933,33,"Industrial",0.5,"e1gdefn1sb20","0","FAAt707","BEA_API"
1934,33,"Industrial",0.7,"e1gdefn1sb20","0","FAAt707","BEA_API"
1935,33,"Industrial",1.4,"e1gdefn1sb20","0","FAAt707","BEA_API"
1936,33,"Industrial",1.2,"e1gdefn1sb20","0","FAAt707","BEA_API"
1937,33,"Industrial",1.6,"e1gdefn1sb20","0","FAAt707","BEA_API"
1938,33,"Industrial",1.9,"e1gdefn1sb20","0","FAAt707","BEA_API"
1939,33,"Industrial",2.6,"e1gdefn1sb20","0","FAAt707","BEA_API"
1940,33,"Industrial",2.1,"e1gdefn1sb20","0","FAAt707","BEA_API"
1941,33,"Industrial",1,"e1gdefn1sb20","0","FAAt707","BEA_API"
1942,33,"Industrial",1,"e1gdefn1sb20","0","FAAt707","BEA_API"
1943,33,"Industrial",1.6,"e1gdefn1sb20","0","FAAt707","BEA_API"
1944,33,"Industrial",2.3,"e1gdefn1sb20","0","FAAt707","BEA_API"
1945,33,"Industrial",3.1,"e1gdefn1sb20","0","FAAt707","BEA_API"
1946,33,"Industrial",4.1,"e1gdefn1sb20","0","FAAt707","BEA_API"
1947,33,"Industrial",5.1,"e1gdefn1sb20","0","FAAt707","BEA_API"
1948,33,"Industrial",6,"e1gdefn1sb20","0","FAAt707","BEA_API"
1949,33,"Industrial",6.9,"e1gdefn1sb20","0","FAAt707","BEA_API"
1950,33,"Industrial",7.8,"e1gdefn1sb20","0","FAAt707","BEA_API"
1951,33,"Industrial",8.3,"e1gdefn1sb20","0","FAAt707","BEA_API"
1952,33,"Industrial",8.4,"e1gdefn1sb20","0","FAAt707","BEA_API"
1953,33,"Industrial",8.5,"e1gdefn1sb20","0","FAAt707","BEA_API"
1954,33,"Industrial",8.7,"e1gdefn1sb20","0","FAAt707","BEA_API"
1955,33,"Industrial",9.4,"e1gdefn1sb20","0","FAAt707","BEA_API"
1956,33,"Industrial",10.2,"e1gdefn1sb20","0","FAAt707","BEA_API"
1957,33,"Industrial",10.9,"e1gdefn1sb20","0","FAAt707","BEA_API"
1958,33,"Industrial",11.7,"e1gdefn1sb20","0","FAAt707","BEA_API"
1959,33,"Industrial",12.5,"e1gdefn1sb20","0","FAAt707","BEA_API"
1960,33,"Industrial",13.2,"e1gdefn1sb20","0","FAAt707","BEA_API"
1961,33,"Industrial",13.9,"e1gdefn1sb20","0","FAAt707","BEA_API"
1962,33,"Industrial",14.6,"e1gdefn1sb20","0","FAAt707","BEA_API"
1963,33,"Industrial",15.4,"e1gdefn1sb20","0","FAAt707","BEA_API"
1964,33,"Industrial",16.3,"e1gdefn1sb20","0","FAAt707","BEA_API"
1965,33,"Industrial",17.3,"e1gdefn1sb20","0","FAAt707","BEA_API"
1966,33,"Industrial",18.2,"e1gdefn1sb20","0","FAAt707","BEA_API"
1967,33,"Industrial",19.1,"e1gdefn1sb20","0","FAAt707","BEA_API"
1968,33,"Industrial",19.9,"e1gdefn1sb20","0","FAAt707","BEA_API"
1969,33,"Industrial",20.8,"e1gdefn1sb20","0","FAAt707","BEA_API"
1970,33,"Industrial",21.6,"e1gdefn1sb20","0","FAAt707","BEA_API"
1971,33,"Industrial",22.2,"e1gdefn1sb20","0","FAAt707","BEA_API"
1972,33,"Industrial",22.9,"e1gdefn1sb20","0","FAAt707","BEA_API"
1973,33,"Industrial",23.7,"e1gdefn1sb20","0","FAAt707","BEA_API"
1974,33,"Industrial",24.5,"e1gdefn1sb20","0","FAAt707","BEA_API"
1975,33,"Industrial",25.5,"e1gdefn1sb20","0","FAAt707","BEA_API"
1976,33,"Industrial",26.5,"e1gdefn1sb20","0","FAAt707","BEA_API"
1977,33,"Industrial",27.3,"e1gdefn1sb20","0","FAAt707","BEA_API"
1978,33,"Industrial",28.2,"e1gdefn1sb20","0","FAAt707","BEA_API"
1979,33,"Industrial",28.9,"e1gdefn1sb20","0","FAAt707","BEA_API"
1980,33,"Industrial",29.7,"e1gdefn1sb20","0","FAAt707","BEA_API"
1981,33,"Industrial",30.4,"e1gdefn1sb20","0","FAAt707","BEA_API"
1982,33,"Industrial",31,"e1gdefn1sb20","0","FAAt707","BEA_API"
1983,33,"Industrial",31.5,"e1gdefn1sb20","0","FAAt707","BEA_API"
1984,33,"Industrial",32,"e1gdefn1sb20","0","FAAt707","BEA_API"
1985,33,"Industrial",32.3,"e1gdefn1sb20","0","FAAt707","BEA_API"
1986,33,"Industrial",32.7,"e1gdefn1sb20","0","FAAt707","BEA_API"
1987,33,"Industrial",33.2,"e1gdefn1sb20","0","FAAt707","BEA_API"
1988,33,"Industrial",33.7,"e1gdefn1sb20","0","FAAt707","BEA_API"
1989,33,"Industrial",34.2,"e1gdefn1sb20","0","FAAt707","BEA_API"
1990,33,"Industrial",34.8,"e1gdefn1sb20","0","FAAt707","BEA_API"
1991,33,"Industrial",35.1,"e1gdefn1sb20","0","FAAt707","BEA_API"
1992,33,"Industrial",35.5,"e1gdefn1sb20","0","FAAt707","BEA_API"
1993,33,"Industrial",36.1,"e1gdefn1sb20","0","FAAt707","BEA_API"
1994,33,"Industrial",36.7,"e1gdefn1sb20","0","FAAt707","BEA_API"
1995,33,"Industrial",37.3,"e1gdefn1sb20","0","FAAt707","BEA_API"
1996,33,"Industrial",37.9,"e1gdefn1sb20","0","FAAt707","BEA_API"
1997,33,"Industrial",38.7,"e1gdefn1sb20","0","FAAt707","BEA_API"
1998,33,"Industrial",39.5,"e1gdefn1sb20","0","FAAt707","BEA_API"
1999,33,"Industrial",40.4,"e1gdefn1sb20","0","FAAt707","BEA_API"
2000,33,"Industrial",41.2,"e1gdefn1sb20","0","FAAt707","BEA_API"
2001,33,"Industrial",41.9,"e1gdefn1sb20","0","FAAt707","BEA_API"
2002,33,"Industrial",42.5,"e1gdefn1sb20","0","FAAt707","BEA_API"
2003,33,"Industrial",43.2,"e1gdefn1sb20","0","FAAt707","BEA_API"
2004,33,"Industrial",43.9,"e1gdefn1sb20","0","FAAt707","BEA_API"
2005,33,"Industrial",44.7,"e1gdefn1sb20","0","FAAt707","BEA_API"
2006,33,"Industrial",45.5,"e1gdefn1sb20","0","FAAt707","BEA_API"
2007,33,"Industrial",46.3,"e1gdefn1sb20","0","FAAt707","BEA_API"
2008,33,"Industrial",47,"e1gdefn1sb20","0","FAAt707","BEA_API"
2009,33,"Industrial",47.5,"e1gdefn1sb20","0","FAAt707","BEA_API"
2010,33,"Industrial",48.1,"e1gdefn1sb20","0","FAAt707","BEA_API"
2011,33,"Industrial",48.6,"e1gdefn1sb20","0","FAAt707","BEA_API"
2012,33,"Industrial",49.2,"e1gdefn1sb20","0","FAAt707","BEA_API"
2013,33,"Industrial",49.8,"e1gdefn1sb20","0","FAAt707","BEA_API"
2014,33,"Industrial",50.5,"e1gdefn1sb20","0","FAAt707","BEA_API"
2015,33,"Industrial",51.1,"e1gdefn1sb20","0","FAAt707","BEA_API"
2016,33,"Industrial",51.4,"e1gdefn1sb20","0","FAAt707","BEA_API"
2017,33,"Industrial",51.8,"e1gdefn1sb20","0","FAAt707","BEA_API"
2018,33,"Industrial",52.1,"e1gdefn1sb20","0","FAAt707","BEA_API"
2019,33,"Industrial",52.4,"e1gdefn1sb20","0","FAAt707","BEA_API"
2020,33,"Industrial",52.5,"e1gdefn1sb20","0","FAAt707","BEA_API"
2021,33,"Industrial",52.4,"e1gdefn1sb20","0","FAAt707","BEA_API"
2022,33,"Industrial",52.3,"e1gdefn1sb20","0","FAAt707","BEA_API"
2023,33,"Industrial",51.7,"e1gdefn1sb20","0","FAAt707","BEA_API"
2024,33,"Industrial",50.9,"e1gdefn1sb20","0","FAAt707","BEA_API"
1925,34,"Military facilities",9.1,"e1gdefn1sm00","0","FAAt707","BEA_API"
1926,34,"Military facilities",10.1,"e1gdefn1sm00","0","FAAt707","BEA_API"
1927,34,"Military facilities",11.1,"e1gdefn1sm00","0","FAAt707","BEA_API"
1928,34,"Military facilities",12,"e1gdefn1sm00","0","FAAt707","BEA_API"
1929,34,"Military facilities",12.9,"e1gdefn1sm00","0","FAAt707","BEA_API"
1930,34,"Military facilities",13.8,"e1gdefn1sm00","0","FAAt707","BEA_API"
1931,34,"Military facilities",14.6,"e1gdefn1sm00","0","FAAt707","BEA_API"
1932,34,"Military facilities",15.4,"e1gdefn1sm00","0","FAAt707","BEA_API"
1933,34,"Military facilities",16.1,"e1gdefn1sm00","0","FAAt707","BEA_API"
1934,34,"Military facilities",16.8,"e1gdefn1sm00","0","FAAt707","BEA_API"
1935,34,"Military facilities",17.6,"e1gdefn1sm00","0","FAAt707","BEA_API"
1936,34,"Military facilities",18.2,"e1gdefn1sm00","0","FAAt707","BEA_API"
1937,34,"Military facilities",18.8,"e1gdefn1sm00","0","FAAt707","BEA_API"
1938,34,"Military facilities",19.2,"e1gdefn1sm00","0","FAAt707","BEA_API"
1939,34,"Military facilities",19.4,"e1gdefn1sm00","0","FAAt707","BEA_API"
1940,34,"Military facilities",18.1,"e1gdefn1sm00","0","FAAt707","BEA_API"
1941,34,"Military facilities",13.2,"e1gdefn1sm00","0","FAAt707","BEA_API"
1942,34,"Military facilities",7.9,"e1gdefn1sm00","0","FAAt707","BEA_API"
1943,34,"Military facilities",7.4,"e1gdefn1sm00","0","FAAt707","BEA_API"
1944,34,"Military facilities",8,"e1gdefn1sm00","0","FAAt707","BEA_API"
1945,34,"Military facilities",8.6,"e1gdefn1sm00","0","FAAt707","BEA_API"
1946,34,"Military facilities",9.6,"e1gdefn1sm00","0","FAAt707","BEA_API"
1947,34,"Military facilities",10.5,"e1gdefn1sm00","0","FAAt707","BEA_API"
1948,34,"Military facilities",11.4,"e1gdefn1sm00","0","FAAt707","BEA_API"
1949,34,"Military facilities",12.4,"e1gdefn1sm00","0","FAAt707","BEA_API"
1950,34,"Military facilities",13.3,"e1gdefn1sm00","0","FAAt707","BEA_API"
1951,34,"Military facilities",13.8,"e1gdefn1sm00","0","FAAt707","BEA_API"
1952,34,"Military facilities",14.1,"e1gdefn1sm00","0","FAAt707","BEA_API"
1953,34,"Military facilities",14.5,"e1gdefn1sm00","0","FAAt707","BEA_API"
1954,34,"Military facilities",14.9,"e1gdefn1sm00","0","FAAt707","BEA_API"
1955,34,"Military facilities",15.3,"e1gdefn1sm00","0","FAAt707","BEA_API"
1956,34,"Military facilities",15.6,"e1gdefn1sm00","0","FAAt707","BEA_API"
1957,34,"Military facilities",16,"e1gdefn1sm00","0","FAAt707","BEA_API"
1958,34,"Military facilities",16.3,"e1gdefn1sm00","0","FAAt707","BEA_API"
1959,34,"Military facilities",16.6,"e1gdefn1sm00","0","FAAt707","BEA_API"
1960,34,"Military facilities",17,"e1gdefn1sm00","0","FAAt707","BEA_API"
1961,34,"Military facilities",17.4,"e1gdefn1sm00","0","FAAt707","BEA_API"
1962,34,"Military facilities",17.9,"e1gdefn1sm00","0","FAAt707","BEA_API"
1963,34,"Military facilities",18.4,"e1gdefn1sm00","0","FAAt707","BEA_API"
1964,34,"Military facilities",19,"e1gdefn1sm00","0","FAAt707","BEA_API"
1965,34,"Military facilities",19.6,"e1gdefn1sm00","0","FAAt707","BEA_API"
1966,34,"Military facilities",20.2,"e1gdefn1sm00","0","FAAt707","BEA_API"
1967,34,"Military facilities",20.8,"e1gdefn1sm00","0","FAAt707","BEA_API"
1968,34,"Military facilities",21.5,"e1gdefn1sm00","0","FAAt707","BEA_API"
1969,34,"Military facilities",22.1,"e1gdefn1sm00","0","FAAt707","BEA_API"
1970,34,"Military facilities",22.7,"e1gdefn1sm00","0","FAAt707","BEA_API"
1971,34,"Military facilities",23.3,"e1gdefn1sm00","0","FAAt707","BEA_API"
1972,34,"Military facilities",24,"e1gdefn1sm00","0","FAAt707","BEA_API"
1973,34,"Military facilities",24.6,"e1gdefn1sm00","0","FAAt707","BEA_API"
1974,34,"Military facilities",25.3,"e1gdefn1sm00","0","FAAt707","BEA_API"
1975,34,"Military facilities",26,"e1gdefn1sm00","0","FAAt707","BEA_API"
1976,34,"Military facilities",26.7,"e1gdefn1sm00","0","FAAt707","BEA_API"
1977,34,"Military facilities",27.4,"e1gdefn1sm00","0","FAAt707","BEA_API"
1978,34,"Military facilities",28,"e1gdefn1sm00","0","FAAt707","BEA_API"
1979,34,"Military facilities",28.7,"e1gdefn1sm00","0","FAAt707","BEA_API"
1980,34,"Military facilities",29.4,"e1gdefn1sm00","0","FAAt707","BEA_API"
1981,34,"Military facilities",30.1,"e1gdefn1sm00","0","FAAt707","BEA_API"
1982,34,"Military facilities",30.7,"e1gdefn1sm00","0","FAAt707","BEA_API"
1983,34,"Military facilities",31.3,"e1gdefn1sm00","0","FAAt707","BEA_API"
1984,34,"Military facilities",31.8,"e1gdefn1sm00","0","FAAt707","BEA_API"
1985,34,"Military facilities",32.2,"e1gdefn1sm00","0","FAAt707","BEA_API"
1986,34,"Military facilities",32.6,"e1gdefn1sm00","0","FAAt707","BEA_API"
1987,34,"Military facilities",32.9,"e1gdefn1sm00","0","FAAt707","BEA_API"
1988,34,"Military facilities",33.2,"e1gdefn1sm00","0","FAAt707","BEA_API"
1989,34,"Military facilities",33.6,"e1gdefn1sm00","0","FAAt707","BEA_API"
1990,34,"Military facilities",34.2,"e1gdefn1sm00","0","FAAt707","BEA_API"
1991,34,"Military facilities",34.8,"e1gdefn1sm00","0","FAAt707","BEA_API"
1992,34,"Military facilities",35.4,"e1gdefn1sm00","0","FAAt707","BEA_API"
1993,34,"Military facilities",36,"e1gdefn1sm00","0","FAAt707","BEA_API"
1994,34,"Military facilities",36.5,"e1gdefn1sm00","0","FAAt707","BEA_API"
1995,34,"Military facilities",37,"e1gdefn1sm00","0","FAAt707","BEA_API"
1996,34,"Military facilities",37.5,"e1gdefn1sm00","0","FAAt707","BEA_API"
1997,34,"Military facilities",38,"e1gdefn1sm00","0","FAAt707","BEA_API"
1998,34,"Military facilities",38.5,"e1gdefn1sm00","0","FAAt707","BEA_API"
1999,34,"Military facilities",39,"e1gdefn1sm00","0","FAAt707","BEA_API"
2000,34,"Military facilities",39.5,"e1gdefn1sm00","0","FAAt707","BEA_API"
2001,34,"Military facilities",40.1,"e1gdefn1sm00","0","FAAt707","BEA_API"
2002,34,"Military facilities",40.6,"e1gdefn1sm00","0","FAAt707","BEA_API"
2003,34,"Military facilities",41.1,"e1gdefn1sm00","0","FAAt707","BEA_API"
2004,34,"Military facilities",41.5,"e1gdefn1sm00","0","FAAt707","BEA_API"
2005,34,"Military facilities",42.1,"e1gdefn1sm00","0","FAAt707","BEA_API"
2006,34,"Military facilities",42.5,"e1gdefn1sm00","0","FAAt707","BEA_API"
2007,34,"Military facilities",42.8,"e1gdefn1sm00","0","FAAt707","BEA_API"
2008,34,"Military facilities",42.9,"e1gdefn1sm00","0","FAAt707","BEA_API"
2009,34,"Military facilities",42.7,"e1gdefn1sm00","0","FAAt707","BEA_API"
2010,34,"Military facilities",42.5,"e1gdefn1sm00","0","FAAt707","BEA_API"
2011,34,"Military facilities",42.6,"e1gdefn1sm00","0","FAAt707","BEA_API"
2012,34,"Military facilities",43.1,"e1gdefn1sm00","0","FAAt707","BEA_API"
2013,34,"Military facilities",43.7,"e1gdefn1sm00","0","FAAt707","BEA_API"
2014,34,"Military facilities",44.3,"e1gdefn1sm00","0","FAAt707","BEA_API"
2015,34,"Military facilities",44.8,"e1gdefn1sm00","0","FAAt707","BEA_API"
2016,34,"Military facilities",45.4,"e1gdefn1sm00","0","FAAt707","BEA_API"
2017,34,"Military facilities",45.9,"e1gdefn1sm00","0","FAAt707","BEA_API"
2018,34,"Military facilities",46.8,"e1gdefn1sm00","0","FAAt707","BEA_API"
2019,34,"Military facilities",47.2,"e1gdefn1sm00","0","FAAt707","BEA_API"
2020,34,"Military facilities",47.5,"e1gdefn1sm00","0","FAAt707","BEA_API"
2021,34,"Military facilities",47.9,"e1gdefn1sm00","0","FAAt707","BEA_API"
2022,34,"Military facilities",48.3,"e1gdefn1sm00","0","FAAt707","BEA_API"
2023,34,"Military facilities",48.7,"e1gdefn1sm00","0","FAAt707","BEA_API"
2024,34,"Military facilities",48.9,"e1gdefn1sm00","0","FAAt707","BEA_API"
1929,35,"Intellectual property products",0.5,"e1gdefn1ip00","0","FAAt707","BEA_API"
1930,35,"Intellectual property products",0.8,"e1gdefn1ip00","0","FAAt707","BEA_API"
1931,35,"Intellectual property products",1.3,"e1gdefn1ip00","0","FAAt707","BEA_API"
1932,35,"Intellectual property products",1.5,"e1gdefn1ip00","0","FAAt707","BEA_API"
1933,35,"Intellectual property products",1.9,"e1gdefn1ip00","0","FAAt707","BEA_API"
1934,35,"Intellectual property products",2.4,"e1gdefn1ip00","0","FAAt707","BEA_API"
1935,35,"Intellectual property products",2.7,"e1gdefn1ip00","0","FAAt707","BEA_API"
1936,35,"Intellectual property products",3,"e1gdefn1ip00","0","FAAt707","BEA_API"
1937,35,"Intellectual property products",3.3,"e1gdefn1ip00","0","FAAt707","BEA_API"
1938,35,"Intellectual property products",3.5,"e1gdefn1ip00","0","FAAt707","BEA_API"
1939,35,"Intellectual property products",3.6,"e1gdefn1ip00","0","FAAt707","BEA_API"
1940,35,"Intellectual property products",3.7,"e1gdefn1ip00","0","FAAt707","BEA_API"
1941,35,"Intellectual property products",2.1,"e1gdefn1ip00","0","FAAt707","BEA_API"
1942,35,"Intellectual property products",1.7,"e1gdefn1ip00","0","FAAt707","BEA_API"
1943,35,"Intellectual property products",1.5,"e1gdefn1ip00","0","FAAt707","BEA_API"
1944,35,"Intellectual property products",1.5,"e1gdefn1ip00","0","FAAt707","BEA_API"
1945,35,"Intellectual property products",1.8,"e1gdefn1ip00","0","FAAt707","BEA_API"
1946,35,"Intellectual property products",2.1,"e1gdefn1ip00","0","FAAt707","BEA_API"
1947,35,"Intellectual property products",2.4,"e1gdefn1ip00","0","FAAt707","BEA_API"
1948,35,"Intellectual property products",2.7,"e1gdefn1ip00","0","FAAt707","BEA_API"
1949,35,"Intellectual property products",3,"e1gdefn1ip00","0","FAAt707","BEA_API"
1950,35,"Intellectual property products",3.2,"e1gdefn1ip00","0","FAAt707","BEA_API"
1951,35,"Intellectual property products",3.4,"e1gdefn1ip00","0","FAAt707","BEA_API"
1952,35,"Intellectual property products",3.5,"e1gdefn1ip00","0","FAAt707","BEA_API"
1953,35,"Intellectual property products",3.4,"e1gdefn1ip00","0","FAAt707","BEA_API"
1954,35,"Intellectual property products",3.4,"e1gdefn1ip00","0","FAAt707","BEA_API"
1955,35,"Intellectual property products",3.3,"e1gdefn1ip00","0","FAAt707","BEA_API"
1956,35,"Intellectual property products",3.2,"e1gdefn1ip00","0","FAAt707","BEA_API"
1957,35,"Intellectual property products",3.1,"e1gdefn1ip00","0","FAAt707","BEA_API"
1958,35,"Intellectual property products",3.1,"e1gdefn1ip00","0","FAAt707","BEA_API"
1959,35,"Intellectual property products",3.1,"e1gdefn1ip00","0","FAAt707","BEA_API"
1960,35,"Intellectual property products",3.2,"e1gdefn1ip00","0","FAAt707","BEA_API"
1961,35,"Intellectual property products",3.3,"e1gdefn1ip00","0","FAAt707","BEA_API"
1962,35,"Intellectual property products",3.4,"e1gdefn1ip00","0","FAAt707","BEA_API"
1963,35,"Intellectual property products",3.5,"e1gdefn1ip00","0","FAAt707","BEA_API"
1964,35,"Intellectual property products",3.6,"e1gdefn1ip00","0","FAAt707","BEA_API"
1965,35,"Intellectual property products",3.8,"e1gdefn1ip00","0","FAAt707","BEA_API"
1966,35,"Intellectual property products",3.9,"e1gdefn1ip00","0","FAAt707","BEA_API"
1967,35,"Intellectual property products",3.9,"e1gdefn1ip00","0","FAAt707","BEA_API"
1968,35,"Intellectual property products",4,"e1gdefn1ip00","0","FAAt707","BEA_API"
1969,35,"Intellectual property products",4,"e1gdefn1ip00","0","FAAt707","BEA_API"
1970,35,"Intellectual property products",4.2,"e1gdefn1ip00","0","FAAt707","BEA_API"
1971,35,"Intellectual property products",4.3,"e1gdefn1ip00","0","FAAt707","BEA_API"
1972,35,"Intellectual property products",4.4,"e1gdefn1ip00","0","FAAt707","BEA_API"
1973,35,"Intellectual property products",4.4,"e1gdefn1ip00","0","FAAt707","BEA_API"
1974,35,"Intellectual property products",4.5,"e1gdefn1ip00","0","FAAt707","BEA_API"
1975,35,"Intellectual property products",4.6,"e1gdefn1ip00","0","FAAt707","BEA_API"
1976,35,"Intellectual property products",4.7,"e1gdefn1ip00","0","FAAt707","BEA_API"
1977,35,"Intellectual property products",4.7,"e1gdefn1ip00","0","FAAt707","BEA_API"
1978,35,"Intellectual property products",4.7,"e1gdefn1ip00","0","FAAt707","BEA_API"
1979,35,"Intellectual property products",4.7,"e1gdefn1ip00","0","FAAt707","BEA_API"
1980,35,"Intellectual property products",4.6,"e1gdefn1ip00","0","FAAt707","BEA_API"
1981,35,"Intellectual property products",4.5,"e1gdefn1ip00","0","FAAt707","BEA_API"
1982,35,"Intellectual property products",4.4,"e1gdefn1ip00","0","FAAt707","BEA_API"
1983,35,"Intellectual property products",4.2,"e1gdefn1ip00","0","FAAt707","BEA_API"
1984,35,"Intellectual property products",4,"e1gdefn1ip00","0","FAAt707","BEA_API"
1985,35,"Intellectual property products",3.8,"e1gdefn1ip00","0","FAAt707","BEA_API"
1986,35,"Intellectual property products",3.7,"e1gdefn1ip00","0","FAAt707","BEA_API"
1987,35,"Intellectual property products",3.7,"e1gdefn1ip00","0","FAAt707","BEA_API"
1988,35,"Intellectual property products",3.7,"e1gdefn1ip00","0","FAAt707","BEA_API"
1989,35,"Intellectual property products",3.8,"e1gdefn1ip00","0","FAAt707","BEA_API"
1990,35,"Intellectual property products",4,"e1gdefn1ip00","0","FAAt707","BEA_API"
1991,35,"Intellectual property products",4.2,"e1gdefn1ip00","0","FAAt707","BEA_API"
1992,35,"Intellectual property products",4.4,"e1gdefn1ip00","0","FAAt707","BEA_API"
1993,35,"Intellectual property products",4.6,"e1gdefn1ip00","0","FAAt707","BEA_API"
1994,35,"Intellectual property products",4.7,"e1gdefn1ip00","0","FAAt707","BEA_API"
1995,35,"Intellectual property products",4.9,"e1gdefn1ip00","0","FAAt707","BEA_API"
1996,35,"Intellectual property products",5,"e1gdefn1ip00","0","FAAt707","BEA_API"
1997,35,"Intellectual property products",5,"e1gdefn1ip00","0","FAAt707","BEA_API"
1998,35,"Intellectual property products",5.1,"e1gdefn1ip00","0","FAAt707","BEA_API"
1999,35,"Intellectual property products",5.1,"e1gdefn1ip00","0","FAAt707","BEA_API"
2000,35,"Intellectual property products",5.2,"e1gdefn1ip00","0","FAAt707","BEA_API"
2001,35,"Intellectual property products",5.1,"e1gdefn1ip00","0","FAAt707","BEA_API"
2002,35,"Intellectual property products",5,"e1gdefn1ip00","0","FAAt707","BEA_API"
2003,35,"Intellectual property products",4.8,"e1gdefn1ip00","0","FAAt707","BEA_API"
2004,35,"Intellectual property products",4.6,"e1gdefn1ip00","0","FAAt707","BEA_API"
2005,35,"Intellectual property products",4.4,"e1gdefn1ip00","0","FAAt707","BEA_API"
2006,35,"Intellectual property products",4.3,"e1gdefn1ip00","0","FAAt707","BEA_API"
2007,35,"Intellectual property products",4.3,"e1gdefn1ip00","0","FAAt707","BEA_API"
2008,35,"Intellectual property products",4.3,"e1gdefn1ip00","0","FAAt707","BEA_API"
2009,35,"Intellectual property products",4.3,"e1gdefn1ip00","0","FAAt707","BEA_API"
2010,35,"Intellectual property products",4.3,"e1gdefn1ip00","0","FAAt707","BEA_API"
2011,35,"Intellectual property products",4.4,"e1gdefn1ip00","0","FAAt707","BEA_API"
2012,35,"Intellectual property products",4.5,"e1gdefn1ip00","0","FAAt707","BEA_API"
2013,35,"Intellectual property products",4.6,"e1gdefn1ip00","0","FAAt707","BEA_API"
2014,35,"Intellectual property products",4.7,"e1gdefn1ip00","0","FAAt707","BEA_API"
2015,35,"Intellectual property products",4.8,"e1gdefn1ip00","0","FAAt707","BEA_API"
2016,35,"Intellectual property products",4.9,"e1gdefn1ip00","0","FAAt707","BEA_API"
2017,35,"Intellectual property products",4.9,"e1gdefn1ip00","0","FAAt707","BEA_API"
2018,35,"Intellectual property products",5,"e1gdefn1ip00","0","FAAt707","BEA_API"
2019,35,"Intellectual property products",5,"e1gdefn1ip00","0","FAAt707","BEA_API"
2020,35,"Intellectual property products",4.9,"e1gdefn1ip00","0","FAAt707","BEA_API"
2021,35,"Intellectual property products",4.8,"e1gdefn1ip00","0","FAAt707","BEA_API"
2022,35,"Intellectual property products",4.7,"e1gdefn1ip00","0","FAAt707","BEA_API"
2023,35,"Intellectual property products",4.6,"e1gdefn1ip00","0","FAAt707","BEA_API"
2024,35,"Intellectual property products",4.5,"e1gdefn1ip00","0","FAAt707","BEA_API"
1960,36,"Software",0.5,"e1gdefn1ens0","0","FAAt707","BEA_API"
1961,36,"Software",1,"e1gdefn1ens0","0","FAAt707","BEA_API"
1962,36,"Software",1.2,"e1gdefn1ens0","0","FAAt707","BEA_API"
1963,36,"Software",1.2,"e1gdefn1ens0","0","FAAt707","BEA_API"
1964,36,"Software",1.4,"e1gdefn1ens0","0","FAAt707","BEA_API"
1965,36,"Software",1.5,"e1gdefn1ens0","0","FAAt707","BEA_API"
1966,36,"Software",1.4,"e1gdefn1ens0","0","FAAt707","BEA_API"
1967,36,"Software",1.5,"e1gdefn1ens0","0","FAAt707","BEA_API"
1968,36,"Software",1.6,"e1gdefn1ens0","0","FAAt707","BEA_API"
1969,36,"Software",1.6,"e1gdefn1ens0","0","FAAt707","BEA_API"
1970,36,"Software",1.6,"e1gdefn1ens0","0","FAAt707","BEA_API"
1971,36,"Software",1.7,"e1gdefn1ens0","0","FAAt707","BEA_API"
1972,36,"Software",1.8,"e1gdefn1ens0","0","FAAt707","BEA_API"
1973,36,"Software",1.8,"e1gdefn1ens0","0","FAAt707","BEA_API"
1974,36,"Software",1.8,"e1gdefn1ens0","0","FAAt707","BEA_API"
1975,36,"Software",1.8,"e1gdefn1ens0","0","FAAt707","BEA_API"
1976,36,"Software",1.9,"e1gdefn1ens0","0","FAAt707","BEA_API"
1977,36,"Software",2,"e1gdefn1ens0","0","FAAt707","BEA_API"
1978,36,"Software",2,"e1gdefn1ens0","0","FAAt707","BEA_API"
1979,36,"Software",2,"e1gdefn1ens0","0","FAAt707","BEA_API"
1980,36,"Software",2,"e1gdefn1ens0","0","FAAt707","BEA_API"
1981,36,"Software",1.9,"e1gdefn1ens0","0","FAAt707","BEA_API"
1982,36,"Software",1.9,"e1gdefn1ens0","0","FAAt707","BEA_API"
1983,36,"Software",1.9,"e1gdefn1ens0","0","FAAt707","BEA_API"
1984,36,"Software",1.8,"e1gdefn1ens0","0","FAAt707","BEA_API"
1985,36,"Software",1.8,"e1gdefn1ens0","0","FAAt707","BEA_API"
1986,36,"Software",1.8,"e1gdefn1ens0","0","FAAt707","BEA_API"
1987,36,"Software",1.8,"e1gdefn1ens0","0","FAAt707","BEA_API"
1988,36,"Software",1.8,"e1gdefn1ens0","0","FAAt707","BEA_API"
1989,36,"Software",1.9,"e1gdefn1ens0","0","FAAt707","BEA_API"
1990,36,"Software",1.9,"e1gdefn1ens0","0","FAAt707","BEA_API"
1991,36,"Software",2,"e1gdefn1ens0","0","FAAt707","BEA_API"
1992,36,"Software",2.1,"e1gdefn1ens0","0","FAAt707","BEA_API"
1993,36,"Software",2.2,"e1gdefn1ens0","0","FAAt707","BEA_API"
1994,36,"Software",2.3,"e1gdefn1ens0","0","FAAt707","BEA_API"
1995,36,"Software",2.3,"e1gdefn1ens0","0","FAAt707","BEA_API"
1996,36,"Software",2.4,"e1gdefn1ens0","0","FAAt707","BEA_API"
1997,36,"Software",2.4,"e1gdefn1ens0","0","FAAt707","BEA_API"
1998,36,"Software",2.4,"e1gdefn1ens0","0","FAAt707","BEA_API"
1999,36,"Software",2.4,"e1gdefn1ens0","0","FAAt707","BEA_API"
2000,36,"Software",2.4,"e1gdefn1ens0","0","FAAt707","BEA_API"
2001,36,"Software",2.5,"e1gdefn1ens0","0","FAAt707","BEA_API"
2002,36,"Software",2.5,"e1gdefn1ens0","0","FAAt707","BEA_API"
2003,36,"Software",2.5,"e1gdefn1ens0","0","FAAt707","BEA_API"
2004,36,"Software",2.5,"e1gdefn1ens0","0","FAAt707","BEA_API"
2005,36,"Software",2.5,"e1gdefn1ens0","0","FAAt707","BEA_API"
2006,36,"Software",2.4,"e1gdefn1ens0","0","FAAt707","BEA_API"
2007,36,"Software",2.4,"e1gdefn1ens0","0","FAAt707","BEA_API"
2008,36,"Software",2.3,"e1gdefn1ens0","0","FAAt707","BEA_API"
2009,36,"Software",2.3,"e1gdefn1ens0","0","FAAt707","BEA_API"
2010,36,"Software",2.3,"e1gdefn1ens0","0","FAAt707","BEA_API"
2011,36,"Software",2.2,"e1gdefn1ens0","0","FAAt707","BEA_API"
2012,36,"Software",2.2,"e1gdefn1ens0","0","FAAt707","BEA_API"
2013,36,"Software",2.1,"e1gdefn1ens0","0","FAAt707","BEA_API"
2014,36,"Software",2.1,"e1gdefn1ens0","0","FAAt707","BEA_API"
2015,36,"Software",2.1,"e1gdefn1ens0","0","FAAt707","BEA_API"
2016,36,"Software",2.1,"e1gdefn1ens0","0","FAAt707","BEA_API"
2017,36,"Software",2,"e1gdefn1ens0","0","FAAt707","BEA_API"
2018,36,"Software",2,"e1gdefn1ens0","0","FAAt707","BEA_API"
2019,36,"Software",1.9,"e1gdefn1ens0","0","FAAt707","BEA_API"
2020,36,"Software",1.9,"e1gdefn1ens0","0","FAAt707","BEA_API"
2021,36,"Software",1.8,"e1gdefn1ens0","0","FAAt707","BEA_API"
2022,36,"Software",1.8,"e1gdefn1ens0","0","FAAt707","BEA_API"
2023,36,"Software",1.8,"e1gdefn1ens0","0","FAAt707","BEA_API"
2024,36,"Software",1.8,"e1gdefn1ens0","0","FAAt707","BEA_API"
1929,37,"Research and development",0.5,"e1gdefn1rd00","0","FAAt707","BEA_API"
1930,37,"Research and development",0.8,"e1gdefn1rd00","0","FAAt707","BEA_API"
1931,37,"Research and development",1.3,"e1gdefn1rd00","0","FAAt707","BEA_API"
1932,37,"Research and development",1.5,"e1gdefn1rd00","0","FAAt707","BEA_API"
1933,37,"Research and development",1.9,"e1gdefn1rd00","0","FAAt707","BEA_API"
1934,37,"Research and development",2.4,"e1gdefn1rd00","0","FAAt707","BEA_API"
1935,37,"Research and development",2.7,"e1gdefn1rd00","0","FAAt707","BEA_API"
1936,37,"Research and development",3,"e1gdefn1rd00","0","FAAt707","BEA_API"
1937,37,"Research and development",3.3,"e1gdefn1rd00","0","FAAt707","BEA_API"
1938,37,"Research and development",3.5,"e1gdefn1rd00","0","FAAt707","BEA_API"
1939,37,"Research and development",3.6,"e1gdefn1rd00","0","FAAt707","BEA_API"
1940,37,"Research and development",3.7,"e1gdefn1rd00","0","FAAt707","BEA_API"
1941,37,"Research and development",2.1,"e1gdefn1rd00","0","FAAt707","BEA_API"
1942,37,"Research and development",1.7,"e1gdefn1rd00","0","FAAt707","BEA_API"
1943,37,"Research and development",1.5,"e1gdefn1rd00","0","FAAt707","BEA_API"
1944,37,"Research and development",1.5,"e1gdefn1rd00","0","FAAt707","BEA_API"
1945,37,"Research and development",1.8,"e1gdefn1rd00","0","FAAt707","BEA_API"
1946,37,"Research and development",2.1,"e1gdefn1rd00","0","FAAt707","BEA_API"
1947,37,"Research and development",2.4,"e1gdefn1rd00","0","FAAt707","BEA_API"
1948,37,"Research and development",2.7,"e1gdefn1rd00","0","FAAt707","BEA_API"
1949,37,"Research and development",3,"e1gdefn1rd00","0","FAAt707","BEA_API"
1950,37,"Research and development",3.2,"e1gdefn1rd00","0","FAAt707","BEA_API"
1951,37,"Research and development",3.4,"e1gdefn1rd00","0","FAAt707","BEA_API"
1952,37,"Research and development",3.5,"e1gdefn1rd00","0","FAAt707","BEA_API"
1953,37,"Research and development",3.4,"e1gdefn1rd00","0","FAAt707","BEA_API"
1954,37,"Research and development",3.4,"e1gdefn1rd00","0","FAAt707","BEA_API"
1955,37,"Research and development",3.3,"e1gdefn1rd00","0","FAAt707","BEA_API"
1956,37,"Research and development",3.2,"e1gdefn1rd00","0","FAAt707","BEA_API"
1957,37,"Research and development",3.1,"e1gdefn1rd00","0","FAAt707","BEA_API"
1958,37,"Research and development",3.1,"e1gdefn1rd00","0","FAAt707","BEA_API"
1959,37,"Research and development",3.1,"e1gdefn1rd00","0","FAAt707","BEA_API"
1960,37,"Research and development",3.2,"e1gdefn1rd00","0","FAAt707","BEA_API"
1961,37,"Research and development",3.3,"e1gdefn1rd00","0","FAAt707","BEA_API"
1962,37,"Research and development",3.4,"e1gdefn1rd00","0","FAAt707","BEA_API"
1963,37,"Research and development",3.5,"e1gdefn1rd00","0","FAAt707","BEA_API"
1964,37,"Research and development",3.6,"e1gdefn1rd00","0","FAAt707","BEA_API"
1965,37,"Research and development",3.8,"e1gdefn1rd00","0","FAAt707","BEA_API"
1966,37,"Research and development",3.9,"e1gdefn1rd00","0","FAAt707","BEA_API"
1967,37,"Research and development",3.9,"e1gdefn1rd00","0","FAAt707","BEA_API"
1968,37,"Research and development",4,"e1gdefn1rd00","0","FAAt707","BEA_API"
1969,37,"Research and development",4,"e1gdefn1rd00","0","FAAt707","BEA_API"
1970,37,"Research and development",4.2,"e1gdefn1rd00","0","FAAt707","BEA_API"
1971,37,"Research and development",4.3,"e1gdefn1rd00","0","FAAt707","BEA_API"
1972,37,"Research and development",4.4,"e1gdefn1rd00","0","FAAt707","BEA_API"
1973,37,"Research and development",4.5,"e1gdefn1rd00","0","FAAt707","BEA_API"
1974,37,"Research and development",4.6,"e1gdefn1rd00","0","FAAt707","BEA_API"
1975,37,"Research and development",4.7,"e1gdefn1rd00","0","FAAt707","BEA_API"
1976,37,"Research and development",4.7,"e1gdefn1rd00","0","FAAt707","BEA_API"
1977,37,"Research and development",4.8,"e1gdefn1rd00","0","FAAt707","BEA_API"
1978,37,"Research and development",4.8,"e1gdefn1rd00","0","FAAt707","BEA_API"
1979,37,"Research and development",4.8,"e1gdefn1rd00","0","FAAt707","BEA_API"
1980,37,"Research and development",4.7,"e1gdefn1rd00","0","FAAt707","BEA_API"
1981,37,"Research and development",4.6,"e1gdefn1rd00","0","FAAt707","BEA_API"
1982,37,"Research and development",4.4,"e1gdefn1rd00","0","FAAt707","BEA_API"
1983,37,"Research and development",4.3,"e1gdefn1rd00","0","FAAt707","BEA_API"
1984,37,"Research and development",4.1,"e1gdefn1rd00","0","FAAt707","BEA_API"
1985,37,"Research and development",3.9,"e1gdefn1rd00","0","FAAt707","BEA_API"
1986,37,"Research and development",3.8,"e1gdefn1rd00","0","FAAt707","BEA_API"
1987,37,"Research and development",3.8,"e1gdefn1rd00","0","FAAt707","BEA_API"
1988,37,"Research and development",3.8,"e1gdefn1rd00","0","FAAt707","BEA_API"
1989,37,"Research and development",3.9,"e1gdefn1rd00","0","FAAt707","BEA_API"
1990,37,"Research and development",4.1,"e1gdefn1rd00","0","FAAt707","BEA_API"
1991,37,"Research and development",4.3,"e1gdefn1rd00","0","FAAt707","BEA_API"
1992,37,"Research and development",4.5,"e1gdefn1rd00","0","FAAt707","BEA_API"
1993,37,"Research and development",4.7,"e1gdefn1rd00","0","FAAt707","BEA_API"
1994,37,"Research and development",4.9,"e1gdefn1rd00","0","FAAt707","BEA_API"
1995,37,"Research and development",5,"e1gdefn1rd00","0","FAAt707","BEA_API"
1996,37,"Research and development",5.2,"e1gdefn1rd00","0","FAAt707","BEA_API"
1997,37,"Research and development",5.2,"e1gdefn1rd00","0","FAAt707","BEA_API"
1998,37,"Research and development",5.3,"e1gdefn1rd00","0","FAAt707","BEA_API"
1999,37,"Research and development",5.3,"e1gdefn1rd00","0","FAAt707","BEA_API"
2000,37,"Research and development",5.4,"e1gdefn1rd00","0","FAAt707","BEA_API"
2001,37,"Research and development",5.3,"e1gdefn1rd00","0","FAAt707","BEA_API"
2002,37,"Research and development",5.2,"e1gdefn1rd00","0","FAAt707","BEA_API"
2003,37,"Research and development",4.9,"e1gdefn1rd00","0","FAAt707","BEA_API"
2004,37,"Research and development",4.7,"e1gdefn1rd00","0","FAAt707","BEA_API"
2005,37,"Research and development",4.6,"e1gdefn1rd00","0","FAAt707","BEA_API"
2006,37,"Research and development",4.5,"e1gdefn1rd00","0","FAAt707","BEA_API"
2007,37,"Research and development",4.4,"e1gdefn1rd00","0","FAAt707","BEA_API"
2008,37,"Research and development",4.4,"e1gdefn1rd00","0","FAAt707","BEA_API"
2009,37,"Research and development",4.4,"e1gdefn1rd00","0","FAAt707","BEA_API"
2010,37,"Research and development",4.4,"e1gdefn1rd00","0","FAAt707","BEA_API"
2011,37,"Research and development",4.5,"e1gdefn1rd00","0","FAAt707","BEA_API"
2012,37,"Research and development",4.6,"e1gdefn1rd00","0","FAAt707","BEA_API"
2013,37,"Research and development",4.7,"e1gdefn1rd00","0","FAAt707","BEA_API"
2014,37,"Research and development",4.8,"e1gdefn1rd00","0","FAAt707","BEA_API"
2015,37,"Research and development",4.9,"e1gdefn1rd00","0","FAAt707","BEA_API"
2016,37,"Research and development",5.1,"e1gdefn1rd00","0","FAAt707","BEA_API"
2017,37,"Research and development",5.2,"e1gdefn1rd00","0","FAAt707","BEA_API"
2018,37,"Research and development",5.2,"e1gdefn1rd00","0","FAAt707","BEA_API"
2019,37,"Research and development",5.3,"e1gdefn1rd00","0","FAAt707","BEA_API"
2020,37,"Research and development",5.2,"e1gdefn1rd00","0","FAAt707","BEA_API"
2021,37,"Research and development",5.1,"e1gdefn1rd00","0","FAAt707","BEA_API"
2022,37,"Research and development",5,"e1gdefn1rd00","0","FAAt707","BEA_API"
2023,37,"Research and development",4.9,"e1gdefn1rd00","0","FAAt707","BEA_API"
2024,37,"Research and development",4.9,"e1gdefn1rd00","0","FAAt707","BEA_API"
1925,38,"Nondefense",13.8,"e1gndef1es00","0","FAAt707","BEA_API"
1926,38,"Nondefense",14.3,"e1gndef1es00","0","FAAt707","BEA_API"
1927,38,"Nondefense",14.7,"e1gndef1es00","0","FAAt707","BEA_API"
1928,38,"Nondefense",15.1,"e1gndef1es00","0","FAAt707","BEA_API"
1929,38,"Nondefense",15.2,"e1gndef1es00","0","FAAt707","BEA_API"
1930,38,"Nondefense",14.8,"e1gndef1es00","0","FAAt707","BEA_API"
1931,38,"Nondefense",14.2,"e1gndef1es00","0","FAAt707","BEA_API"
1932,38,"Nondefense",13.1,"e1gndef1es00","0","FAAt707","BEA_API"
1933,38,"Nondefense",11.5,"e1gndef1es00","0","FAAt707","BEA_API"
1934,38,"Nondefense",10.5,"e1gndef1es00","0","FAAt707","BEA_API"
1935,38,"Nondefense",9.3,"e1gndef1es00","0","FAAt707","BEA_API"
1936,38,"Nondefense",8.9,"e1gndef1es00","0","FAAt707","BEA_API"
1937,38,"Nondefense",8.8,"e1gndef1es00","0","FAAt707","BEA_API"
1938,38,"Nondefense",8.9,"e1gndef1es00","0","FAAt707","BEA_API"
1939,38,"Nondefense",9,"e1gndef1es00","0","FAAt707","BEA_API"
1940,38,"Nondefense",9.2,"e1gndef1es00","0","FAAt707","BEA_API"
1941,38,"Nondefense",9.3,"e1gndef1es00","0","FAAt707","BEA_API"
1942,38,"Nondefense",9.7,"e1gndef1es00","0","FAAt707","BEA_API"
1943,38,"Nondefense",10.1,"e1gndef1es00","0","FAAt707","BEA_API"
1944,38,"Nondefense",10.6,"e1gndef1es00","0","FAAt707","BEA_API"
1945,38,"Nondefense",11.5,"e1gndef1es00","0","FAAt707","BEA_API"
1946,38,"Nondefense",12.8,"e1gndef1es00","0","FAAt707","BEA_API"
1947,38,"Nondefense",13.8,"e1gndef1es00","0","FAAt707","BEA_API"
1948,38,"Nondefense",14.2,"e1gndef1es00","0","FAAt707","BEA_API"
1949,38,"Nondefense",14.1,"e1gndef1es00","0","FAAt707","BEA_API"
1950,38,"Nondefense",14.2,"e1gndef1es00","0","FAAt707","BEA_API"
1951,38,"Nondefense",14.3,"e1gndef1es00","0","FAAt707","BEA_API"
1952,38,"Nondefense",14.3,"e1gndef1es00","0","FAAt707","BEA_API"
1953,38,"Nondefense",14.6,"e1gndef1es00","0","FAAt707","BEA_API"
1954,38,"Nondefense",15,"e1gndef1es00","0","FAAt707","BEA_API"
1955,38,"Nondefense",15.4,"e1gndef1es00","0","FAAt707","BEA_API"
1956,38,"Nondefense",15.7,"e1gndef1es00","0","FAAt707","BEA_API"
1957,38,"Nondefense",15.8,"e1gndef1es00","0","FAAt707","BEA_API"
1958,38,"Nondefense",15.7,"e1gndef1es00","0","FAAt707","BEA_API"
1959,38,"Nondefense",15.6,"e1gndef1es00","0","FAAt707","BEA_API"
1960,38,"Nondefense",15.4,"e1gndef1es00","0","FAAt707","BEA_API"
1961,38,"Nondefense",15.1,"e1gndef1es00","0","FAAt707","BEA_API"
1962,38,"Nondefense",14.6,"e1gndef1es00","0","FAAt707","BEA_API"
1963,38,"Nondefense",13.9,"e1gndef1es00","0","FAAt707","BEA_API"
1964,38,"Nondefense",13.1,"e1gndef1es00","0","FAAt707","BEA_API"
1965,38,"Nondefense",12.5,"e1gndef1es00","0","FAAt707","BEA_API"
1966,38,"Nondefense",11.9,"e1gndef1es00","0","FAAt707","BEA_API"
1967,38,"Nondefense",11.8,"e1gndef1es00","0","FAAt707","BEA_API"
1968,38,"Nondefense",11.8,"e1gndef1es00","0","FAAt707","BEA_API"
1969,38,"Nondefense",11.9,"e1gndef1es00","0","FAAt707","BEA_API"
1970,38,"Nondefense",12.1,"e1gndef1es00","0","FAAt707","BEA_API"
1971,38,"Nondefense",12.5,"e1gndef1es00","0","FAAt707","BEA_API"
1972,38,"Nondefense",12.7,"e1gndef1es00","0","FAAt707","BEA_API"
1973,38,"Nondefense",12.9,"e1gndef1es00","0","FAAt707","BEA_API"
1974,38,"Nondefense",13.4,"e1gndef1es00","0","FAAt707","BEA_API"
1975,38,"Nondefense",13.7,"e1gndef1es00","0","FAAt707","BEA_API"
1976,38,"Nondefense",13.9,"e1gndef1es00","0","FAAt707","BEA_API"
1977,38,"Nondefense",14.1,"e1gndef1es00","0","FAAt707","BEA_API"
1978,38,"Nondefense",14.2,"e1gndef1es00","0","FAAt707","BEA_API"
1979,38,"Nondefense",14.4,"e1gndef1es00","0","FAAt707","BEA_API"
1980,38,"Nondefense",14.6,"e1gndef1es00","0","FAAt707","BEA_API"
1981,38,"Nondefense",14.8,"e1gndef1es00","0","FAAt707","BEA_API"
1982,38,"Nondefense",15,"e1gndef1es00","0","FAAt707","BEA_API"
1983,38,"Nondefense",15.2,"e1gndef1es00","0","FAAt707","BEA_API"
1984,38,"Nondefense",15.4,"e1gndef1es00","0","FAAt707","BEA_API"
1985,38,"Nondefense",15.6,"e1gndef1es00","0","FAAt707","BEA_API"
1986,38,"Nondefense",15.9,"e1gndef1es00","0","FAAt707","BEA_API"
1987,38,"Nondefense",16,"e1gndef1es00","0","FAAt707","BEA_API"
1988,38,"Nondefense",16.2,"e1gndef1es00","0","FAAt707","BEA_API"
1989,38,"Nondefense",16.3,"e1gndef1es00","0","FAAt707","BEA_API"
1990,38,"Nondefense",16.4,"e1gndef1es00","0","FAAt707","BEA_API"
1991,38,"Nondefense",16.4,"e1gndef1es00","0","FAAt707","BEA_API"
1992,38,"Nondefense",16.4,"e1gndef1es00","0","FAAt707","BEA_API"
1993,38,"Nondefense",16.5,"e1gndef1es00","0","FAAt707","BEA_API"
1994,38,"Nondefense",16.6,"e1gndef1es00","0","FAAt707","BEA_API"
1995,38,"Nondefense",16.8,"e1gndef1es00","0","FAAt707","BEA_API"
1996,38,"Nondefense",16.8,"e1gndef1es00","0","FAAt707","BEA_API"
1997,38,"Nondefense",17,"e1gndef1es00","0","FAAt707","BEA_API"
1998,38,"Nondefense",17.1,"e1gndef1es00","0","FAAt707","BEA_API"
1999,38,"Nondefense",17.3,"e1gndef1es00","0","FAAt707","BEA_API"
2000,38,"Nondefense",17.5,"e1gndef1es00","0","FAAt707","BEA_API"
2001,38,"Nondefense",17.7,"e1gndef1es00","0","FAAt707","BEA_API"
2002,38,"Nondefense",17.9,"e1gndef1es00","0","FAAt707","BEA_API"
2003,38,"Nondefense",18,"e1gndef1es00","0","FAAt707","BEA_API"
2004,38,"Nondefense",18.4,"e1gndef1es00","0","FAAt707","BEA_API"
2005,38,"Nondefense",18.8,"e1gndef1es00","0","FAAt707","BEA_API"
2006,38,"Nondefense",19.2,"e1gndef1es00","0","FAAt707","BEA_API"
2007,38,"Nondefense",19.4,"e1gndef1es00","0","FAAt707","BEA_API"
2008,38,"Nondefense",19.8,"e1gndef1es00","0","FAAt707","BEA_API"
2009,38,"Nondefense",19.6,"e1gndef1es00","0","FAAt707","BEA_API"
2010,38,"Nondefense",19.5,"e1gndef1es00","0","FAAt707","BEA_API"
2011,38,"Nondefense",19.7,"e1gndef1es00","0","FAAt707","BEA_API"
2012,38,"Nondefense",19.9,"e1gndef1es00","0","FAAt707","BEA_API"
2013,38,"Nondefense",20.1,"e1gndef1es00","0","FAAt707","BEA_API"
2014,38,"Nondefense",20.4,"e1gndef1es00","0","FAAt707","BEA_API"
2015,38,"Nondefense",20.6,"e1gndef1es00","0","FAAt707","BEA_API"
2016,38,"Nondefense",20.7,"e1gndef1es00","0","FAAt707","BEA_API"
2017,38,"Nondefense",20.7,"e1gndef1es00","0","FAAt707","BEA_API"
2018,38,"Nondefense",20.9,"e1gndef1es00","0","FAAt707","BEA_API"
2019,38,"Nondefense",21.1,"e1gndef1es00","0","FAAt707","BEA_API"
2020,38,"Nondefense",20.9,"e1gndef1es00","0","FAAt707","BEA_API"
2021,38,"Nondefense",21.2,"e1gndef1es00","0","FAAt707","BEA_API"
2022,38,"Nondefense",21.5,"e1gndef1es00","0","FAAt707","BEA_API"
2023,38,"Nondefense",21.6,"e1gndef1es00","0","FAAt707","BEA_API"
2024,38,"Nondefense",21.4,"e1gndef1es00","0","FAAt707","BEA_API"
1925,39,"Equipment",4,"e1gndef1eq00","0","FAAt707","BEA_API"
1926,39,"Equipment",4.8,"e1gndef1eq00","0","FAAt707","BEA_API"
1927,39,"Equipment",5.2,"e1gndef1eq00","0","FAAt707","BEA_API"
1928,39,"Equipment",5.3,"e1gndef1eq00","0","FAAt707","BEA_API"
1929,39,"Equipment",4.8,"e1gndef1eq00","0","FAAt707","BEA_API"
1930,39,"Equipment",4.5,"e1gndef1eq00","0","FAAt707","BEA_API"
1931,39,"Equipment",4.4,"e1gndef1eq00","0","FAAt707","BEA_API"
1932,39,"Equipment",4.8,"e1gndef1eq00","0","FAAt707","BEA_API"
1933,39,"Equipment",4.6,"e1gndef1eq00","0","FAAt707","BEA_API"
1934,39,"Equipment",2.9,"e1gndef1eq00","0","FAAt707","BEA_API"
1935,39,"Equipment",2.1,"e1gndef1eq00","0","FAAt707","BEA_API"
1936,39,"Equipment",2.3,"e1gndef1eq00","0","FAAt707","BEA_API"
1937,39,"Equipment",2.6,"e1gndef1eq00","0","FAAt707","BEA_API"
1938,39,"Equipment",2.8,"e1gndef1eq00","0","FAAt707","BEA_API"
1939,39,"Equipment",3.1,"e1gndef1eq00","0","FAAt707","BEA_API"
1940,39,"Equipment",3.5,"e1gndef1eq00","0","FAAt707","BEA_API"
1941,39,"Equipment",3.3,"e1gndef1eq00","0","FAAt707","BEA_API"
1942,39,"Equipment",3.3,"e1gndef1eq00","0","FAAt707","BEA_API"
1943,39,"Equipment",3.6,"e1gndef1eq00","0","FAAt707","BEA_API"
1944,39,"Equipment",4.1,"e1gndef1eq00","0","FAAt707","BEA_API"
1945,39,"Equipment",4.8,"e1gndef1eq00","0","FAAt707","BEA_API"
1946,39,"Equipment",5.2,"e1gndef1eq00","0","FAAt707","BEA_API"
1947,39,"Equipment",5.7,"e1gndef1eq00","0","FAAt707","BEA_API"
1948,39,"Equipment",5.9,"e1gndef1eq00","0","FAAt707","BEA_API"
1949,39,"Equipment",6.2,"e1gndef1eq00","0","FAAt707","BEA_API"
1950,39,"Equipment",6.4,"e1gndef1eq00","0","FAAt707","BEA_API"
1951,39,"Equipment",6.4,"e1gndef1eq00","0","FAAt707","BEA_API"
1952,39,"Equipment",6.2,"e1gndef1eq00","0","FAAt707","BEA_API"
1953,39,"Equipment",6.3,"e1gndef1eq00","0","FAAt707","BEA_API"
1954,39,"Equipment",6.6,"e1gndef1eq00","0","FAAt707","BEA_API"
1955,39,"Equipment",7,"e1gndef1eq00","0","FAAt707","BEA_API"
1956,39,"Equipment",7.3,"e1gndef1eq00","0","FAAt707","BEA_API"
1957,39,"Equipment",7.6,"e1gndef1eq00","0","FAAt707","BEA_API"
1958,39,"Equipment",8,"e1gndef1eq00","0","FAAt707","BEA_API"
1959,39,"Equipment",8.2,"e1gndef1eq00","0","FAAt707","BEA_API"
1960,39,"Equipment",8.4,"e1gndef1eq00","0","FAAt707","BEA_API"
1961,39,"Equipment",8.3,"e1gndef1eq00","0","FAAt707","BEA_API"
1962,39,"Equipment",8.4,"e1gndef1eq00","0","FAAt707","BEA_API"
1963,39,"Equipment",8.3,"e1gndef1eq00","0","FAAt707","BEA_API"
1964,39,"Equipment",7.8,"e1gndef1eq00","0","FAAt707","BEA_API"
1965,39,"Equipment",7.8,"e1gndef1eq00","0","FAAt707","BEA_API"
1966,39,"Equipment",7.6,"e1gndef1eq00","0","FAAt707","BEA_API"
1967,39,"Equipment",7.5,"e1gndef1eq00","0","FAAt707","BEA_API"
1968,39,"Equipment",7.7,"e1gndef1eq00","0","FAAt707","BEA_API"
1969,39,"Equipment",7.8,"e1gndef1eq00","0","FAAt707","BEA_API"
1970,39,"Equipment",7.7,"e1gndef1eq00","0","FAAt707","BEA_API"
1971,39,"Equipment",7.6,"e1gndef1eq00","0","FAAt707","BEA_API"
1972,39,"Equipment",7.3,"e1gndef1eq00","0","FAAt707","BEA_API"
1973,39,"Equipment",7.1,"e1gndef1eq00","0","FAAt707","BEA_API"
1974,39,"Equipment",6.9,"e1gndef1eq00","0","FAAt707","BEA_API"
1975,39,"Equipment",6.8,"e1gndef1eq00","0","FAAt707","BEA_API"
1976,39,"Equipment",6.7,"e1gndef1eq00","0","FAAt707","BEA_API"
1977,39,"Equipment",6.5,"e1gndef1eq00","0","FAAt707","BEA_API"
1978,39,"Equipment",6.4,"e1gndef1eq00","0","FAAt707","BEA_API"
1979,39,"Equipment",6.4,"e1gndef1eq00","0","FAAt707","BEA_API"
1980,39,"Equipment",6.4,"e1gndef1eq00","0","FAAt707","BEA_API"
1981,39,"Equipment",6.5,"e1gndef1eq00","0","FAAt707","BEA_API"
1982,39,"Equipment",6.6,"e1gndef1eq00","0","FAAt707","BEA_API"
1983,39,"Equipment",6.5,"e1gndef1eq00","0","FAAt707","BEA_API"
1984,39,"Equipment",6.6,"e1gndef1eq00","0","FAAt707","BEA_API"
1985,39,"Equipment",6.5,"e1gndef1eq00","0","FAAt707","BEA_API"
1986,39,"Equipment",6.7,"e1gndef1eq00","0","FAAt707","BEA_API"
1987,39,"Equipment",6.7,"e1gndef1eq00","0","FAAt707","BEA_API"
1988,39,"Equipment",6.7,"e1gndef1eq00","0","FAAt707","BEA_API"
1989,39,"Equipment",6.7,"e1gndef1eq00","0","FAAt707","BEA_API"
1990,39,"Equipment",6.7,"e1gndef1eq00","0","FAAt707","BEA_API"
1991,39,"Equipment",6.5,"e1gndef1eq00","0","FAAt707","BEA_API"
1992,39,"Equipment",6.3,"e1gndef1eq00","0","FAAt707","BEA_API"
1993,39,"Equipment",6.3,"e1gndef1eq00","0","FAAt707","BEA_API"
1994,39,"Equipment",6.6,"e1gndef1eq00","0","FAAt707","BEA_API"
1995,39,"Equipment",6.8,"e1gndef1eq00","0","FAAt707","BEA_API"
1996,39,"Equipment",6.9,"e1gndef1eq00","0","FAAt707","BEA_API"
1997,39,"Equipment",7,"e1gndef1eq00","0","FAAt707","BEA_API"
1998,39,"Equipment",7,"e1gndef1eq00","0","FAAt707","BEA_API"
1999,39,"Equipment",7,"e1gndef1eq00","0","FAAt707","BEA_API"
2000,39,"Equipment",7.1,"e1gndef1eq00","0","FAAt707","BEA_API"
2001,39,"Equipment",7.3,"e1gndef1eq00","0","FAAt707","BEA_API"
2002,39,"Equipment",7.2,"e1gndef1eq00","0","FAAt707","BEA_API"
2003,39,"Equipment",7.1,"e1gndef1eq00","0","FAAt707","BEA_API"
2004,39,"Equipment",7,"e1gndef1eq00","0","FAAt707","BEA_API"
2005,39,"Equipment",6.8,"e1gndef1eq00","0","FAAt707","BEA_API"
2006,39,"Equipment",6.6,"e1gndef1eq00","0","FAAt707","BEA_API"
2007,39,"Equipment",6.5,"e1gndef1eq00","0","FAAt707","BEA_API"
2008,39,"Equipment",6.5,"e1gndef1eq00","0","FAAt707","BEA_API"
2009,39,"Equipment",6.4,"e1gndef1eq00","0","FAAt707","BEA_API"
2010,39,"Equipment",6.4,"e1gndef1eq00","0","FAAt707","BEA_API"
2011,39,"Equipment",6.4,"e1gndef1eq00","0","FAAt707","BEA_API"
2012,39,"Equipment",6.5,"e1gndef1eq00","0","FAAt707","BEA_API"
2013,39,"Equipment",6.7,"e1gndef1eq00","0","FAAt707","BEA_API"
2014,39,"Equipment",6.8,"e1gndef1eq00","0","FAAt707","BEA_API"
2015,39,"Equipment",6.9,"e1gndef1eq00","0","FAAt707","BEA_API"
2016,39,"Equipment",7,"e1gndef1eq00","0","FAAt707","BEA_API"
2017,39,"Equipment",7,"e1gndef1eq00","0","FAAt707","BEA_API"
2018,39,"Equipment",7.1,"e1gndef1eq00","0","FAAt707","BEA_API"
2019,39,"Equipment",7.2,"e1gndef1eq00","0","FAAt707","BEA_API"
2020,39,"Equipment",7.1,"e1gndef1eq00","0","FAAt707","BEA_API"
2021,39,"Equipment",7.1,"e1gndef1eq00","0","FAAt707","BEA_API"
2022,39,"Equipment",7.2,"e1gndef1eq00","0","FAAt707","BEA_API"
2023,39,"Equipment",7.3,"e1gndef1eq00","0","FAAt707","BEA_API"
2024,39,"Equipment",7.4,"e1gndef1eq00","0","FAAt707","BEA_API"
1925,40,"Structures",14.1,"e1gndef1st00","0","FAAt707","BEA_API"
1926,40,"Structures",14.6,"e1gndef1st00","0","FAAt707","BEA_API"
1927,40,"Structures",15,"e1gndef1st00","0","FAAt707","BEA_API"
1928,40,"Structures",15.4,"e1gndef1st00","0","FAAt707","BEA_API"
1929,40,"Structures",15.6,"e1gndef1st00","0","FAAt707","BEA_API"
1930,40,"Structures",15.5,"e1gndef1st00","0","FAAt707","BEA_API"
1931,40,"Structures",15,"e1gndef1st00","0","FAAt707","BEA_API"
1932,40,"Structures",13.9,"e1gndef1st00","0","FAAt707","BEA_API"
1933,40,"Structures",12.3,"e1gndef1st00","0","FAAt707","BEA_API"
1934,40,"Structures",11.3,"e1gndef1st00","0","FAAt707","BEA_API"
1935,40,"Structures",10.2,"e1gndef1st00","0","FAAt707","BEA_API"
1936,40,"Structures",9.7,"e1gndef1st00","0","FAAt707","BEA_API"
1937,40,"Structures",9.5,"e1gndef1st00","0","FAAt707","BEA_API"
1938,40,"Structures",9.6,"e1gndef1st00","0","FAAt707","BEA_API"
1939,40,"Structures",9.7,"e1gndef1st00","0","FAAt707","BEA_API"
1940,40,"Structures",10,"e1gndef1st00","0","FAAt707","BEA_API"
1941,40,"Structures",10.4,"e1gndef1st00","0","FAAt707","BEA_API"
1942,40,"Structures",10.9,"e1gndef1st00","0","FAAt707","BEA_API"
1943,40,"Structures",11.5,"e1gndef1st00","0","FAAt707","BEA_API"
1944,40,"Structures",12.3,"e1gndef1st00","0","FAAt707","BEA_API"
1945,40,"Structures",13,"e1gndef1st00","0","FAAt707","BEA_API"
1946,40,"Structures",14.3,"e1gndef1st00","0","FAAt707","BEA_API"
1947,40,"Structures",15.2,"e1gndef1st00","0","FAAt707","BEA_API"
1948,40,"Structures",15.6,"e1gndef1st00","0","FAAt707","BEA_API"
1949,40,"Structures",15.6,"e1gndef1st00","0","FAAt707","BEA_API"
1950,40,"Structures",15.9,"e1gndef1st00","0","FAAt707","BEA_API"
1951,40,"Structures",16.1,"e1gndef1st00","0","FAAt707","BEA_API"
1952,40,"Structures",16.3,"e1gndef1st00","0","FAAt707","BEA_API"
1953,40,"Structures",16.6,"e1gndef1st00","0","FAAt707","BEA_API"
1954,40,"Structures",17,"e1gndef1st00","0","FAAt707","BEA_API"
1955,40,"Structures",17.3,"e1gndef1st00","0","FAAt707","BEA_API"
1956,40,"Structures",17.6,"e1gndef1st00","0","FAAt707","BEA_API"
1957,40,"Structures",17.9,"e1gndef1st00","0","FAAt707","BEA_API"
1958,40,"Structures",18,"e1gndef1st00","0","FAAt707","BEA_API"
1959,40,"Structures",18.1,"e1gndef1st00","0","FAAt707","BEA_API"
1960,40,"Structures",18.2,"e1gndef1st00","0","FAAt707","BEA_API"
1961,40,"Structures",18.2,"e1gndef1st00","0","FAAt707","BEA_API"
1962,40,"Structures",18.1,"e1gndef1st00","0","FAAt707","BEA_API"
1963,40,"Structures",17.9,"e1gndef1st00","0","FAAt707","BEA_API"
1964,40,"Structures",17.7,"e1gndef1st00","0","FAAt707","BEA_API"
1965,40,"Structures",17.6,"e1gndef1st00","0","FAAt707","BEA_API"
1966,40,"Structures",17.5,"e1gndef1st00","0","FAAt707","BEA_API"
1967,40,"Structures",17.7,"e1gndef1st00","0","FAAt707","BEA_API"
1968,40,"Structures",18,"e1gndef1st00","0","FAAt707","BEA_API"
1969,40,"Structures",18.5,"e1gndef1st00","0","FAAt707","BEA_API"
1970,40,"Structures",18.9,"e1gndef1st00","0","FAAt707","BEA_API"
1971,40,"Structures",19.4,"e1gndef1st00","0","FAAt707","BEA_API"
1972,40,"Structures",19.7,"e1gndef1st00","0","FAAt707","BEA_API"
1973,40,"Structures",20,"e1gndef1st00","0","FAAt707","BEA_API"
1974,40,"Structures",20.3,"e1gndef1st00","0","FAAt707","BEA_API"
1975,40,"Structures",20.7,"e1gndef1st00","0","FAAt707","BEA_API"
1976,40,"Structures",21.1,"e1gndef1st00","0","FAAt707","BEA_API"
1977,40,"Structures",21.4,"e1gndef1st00","0","FAAt707","BEA_API"
1978,40,"Structures",21.6,"e1gndef1st00","0","FAAt707","BEA_API"
1979,40,"Structures",21.8,"e1gndef1st00","0","FAAt707","BEA_API"
1980,40,"Structures",22.2,"e1gndef1st00","0","FAAt707","BEA_API"
1981,40,"Structures",22.4,"e1gndef1st00","0","FAAt707","BEA_API"
1982,40,"Structures",22.7,"e1gndef1st00","0","FAAt707","BEA_API"
1983,40,"Structures",23,"e1gndef1st00","0","FAAt707","BEA_API"
1984,40,"Structures",23.3,"e1gndef1st00","0","FAAt707","BEA_API"
1985,40,"Structures",23.6,"e1gndef1st00","0","FAAt707","BEA_API"
1986,40,"Structures",23.9,"e1gndef1st00","0","FAAt707","BEA_API"
1987,40,"Structures",24.1,"e1gndef1st00","0","FAAt707","BEA_API"
1988,40,"Structures",24.5,"e1gndef1st00","0","FAAt707","BEA_API"
1989,40,"Structures",25,"e1gndef1st00","0","FAAt707","BEA_API"
1990,40,"Structures",25.3,"e1gndef1st00","0","FAAt707","BEA_API"
1991,40,"Structures",25.6,"e1gndef1st00","0","FAAt707","BEA_API"
1992,40,"Structures",25.8,"e1gndef1st00","0","FAAt707","BEA_API"
1993,40,"Structures",26,"e1gndef1st00","0","FAAt707","BEA_API"
1994,40,"Structures",26.2,"e1gndef1st00","0","FAAt707","BEA_API"
1995,40,"Structures",26.3,"e1gndef1st00","0","FAAt707","BEA_API"
1996,40,"Structures",26,"e1gndef1st00","0","FAAt707","BEA_API"
1997,40,"Structures",26.3,"e1gndef1st00","0","FAAt707","BEA_API"
1998,40,"Structures",26.5,"e1gndef1st00","0","FAAt707","BEA_API"
1999,40,"Structures",26.8,"e1gndef1st00","0","FAAt707","BEA_API"
2000,40,"Structures",27.2,"e1gndef1st00","0","FAAt707","BEA_API"
2001,40,"Structures",27.7,"e1gndef1st00","0","FAAt707","BEA_API"
2002,40,"Structures",28.1,"e1gndef1st00","0","FAAt707","BEA_API"
2003,40,"Structures",28.6,"e1gndef1st00","0","FAAt707","BEA_API"
2004,40,"Structures",29,"e1gndef1st00","0","FAAt707","BEA_API"
2005,40,"Structures",29.6,"e1gndef1st00","0","FAAt707","BEA_API"
2006,40,"Structures",30.1,"e1gndef1st00","0","FAAt707","BEA_API"
2007,40,"Structures",30.4,"e1gndef1st00","0","FAAt707","BEA_API"
2008,40,"Structures",31,"e1gndef1st00","0","FAAt707","BEA_API"
2009,40,"Structures",31.5,"e1gndef1st00","0","FAAt707","BEA_API"
2010,40,"Structures",31.8,"e1gndef1st00","0","FAAt707","BEA_API"
2011,40,"Structures",32.1,"e1gndef1st00","0","FAAt707","BEA_API"
2012,40,"Structures",32.5,"e1gndef1st00","0","FAAt707","BEA_API"
2013,40,"Structures",32.9,"e1gndef1st00","0","FAAt707","BEA_API"
2014,40,"Structures",33.4,"e1gndef1st00","0","FAAt707","BEA_API"
2015,40,"Structures",33.8,"e1gndef1st00","0","FAAt707","BEA_API"
2016,40,"Structures",34.2,"e1gndef1st00","0","FAAt707","BEA_API"
2017,40,"Structures",34.6,"e1gndef1st00","0","FAAt707","BEA_API"
2018,40,"Structures",35,"e1gndef1st00","0","FAAt707","BEA_API"
2019,40,"Structures",35.3,"e1gndef1st00","0","FAAt707","BEA_API"
2020,40,"Structures",35.6,"e1gndef1st00","0","FAAt707","BEA_API"
2021,40,"Structures",36.1,"e1gndef1st00","0","FAAt707","BEA_API"
2022,40,"Structures",36.5,"e1gndef1st00","0","FAAt707","BEA_API"
2023,40,"Structures",36.9,"e1gndef1st00","0","FAAt707","BEA_API"
2024,40,"Structures",37.3,"e1gndef1st00","0","FAAt707","BEA_API"
1925,41,"Office",18.2,"e1gndef1sd00","0","FAAt707","BEA_API"
1926,41,"Office",18.9,"e1gndef1sd00","0","FAAt707","BEA_API"
1927,41,"Office",19.6,"e1gndef1sd00","0","FAAt707","BEA_API"
1928,41,"Office",20.5,"e1gndef1sd00","0","FAAt707","BEA_API"
1929,41,"Office",21.3,"e1gndef1sd00","0","FAAt707","BEA_API"
1930,41,"Office",22.1,"e1gndef1sd00","0","FAAt707","BEA_API"
1931,41,"Office",22.7,"e1gndef1sd00","0","FAAt707","BEA_API"
1932,41,"Office",23,"e1gndef1sd00","0","FAAt707","BEA_API"
1933,41,"Office",23.1,"e1gndef1sd00","0","FAAt707","BEA_API"
1934,41,"Office",23.1,"e1gndef1sd00","0","FAAt707","BEA_API"
1935,41,"Office",22.6,"e1gndef1sd00","0","FAAt707","BEA_API"
1936,41,"Office",18.9,"e1gndef1sd00","0","FAAt707","BEA_API"
1937,41,"Office",16.6,"e1gndef1sd00","0","FAAt707","BEA_API"
1938,41,"Office",15.3,"e1gndef1sd00","0","FAAt707","BEA_API"
1939,41,"Office",16.7,"e1gndef1sd00","0","FAAt707","BEA_API"
1940,41,"Office",19.1,"e1gndef1sd00","0","FAAt707","BEA_API"
1941,41,"Office",19.8,"e1gndef1sd00","0","FAAt707","BEA_API"
1942,41,"Office",21.2,"e1gndef1sd00","0","FAAt707","BEA_API"
1943,41,"Office",23.8,"e1gndef1sd00","0","FAAt707","BEA_API"
1944,41,"Office",26,"e1gndef1sd00","0","FAAt707","BEA_API"
1945,41,"Office",29.5,"e1gndef1sd00","0","FAAt707","BEA_API"
1946,41,"Office",89.5,"e1gndef1sd00","0","FAAt707","BEA_API"
1947,41,"Office",304.8,"e1gndef1sd00","0","FAAt707","BEA_API"
1948,41,"Office",-984,"e1gndef1sd00","0","FAAt707","BEA_API"
1949,41,"Office",2336.5,"e1gndef1sd00","0","FAAt707","BEA_API"
1950,41,"Office",346,"e1gndef1sd00","0","FAAt707","BEA_API"
1951,41,"Office",84.1,"e1gndef1sd00","0","FAAt707","BEA_API"
1952,41,"Office",66.1,"e1gndef1sd00","0","FAAt707","BEA_API"
1953,41,"Office",56.8,"e1gndef1sd00","0","FAAt707","BEA_API"
1954,41,"Office",38.9,"e1gndef1sd00","0","FAAt707","BEA_API"
1955,41,"Office",42.1,"e1gndef1sd00","0","FAAt707","BEA_API"
1956,41,"Office",37.9,"e1gndef1sd00","0","FAAt707","BEA_API"
1957,41,"Office",31.3,"e1gndef1sd00","0","FAAt707","BEA_API"
1958,41,"Office",22.9,"e1gndef1sd00","0","FAAt707","BEA_API"
1959,41,"Office",18.9,"e1gndef1sd00","0","FAAt707","BEA_API"
1960,41,"Office",17,"e1gndef1sd00","0","FAAt707","BEA_API"
1961,41,"Office",14.9,"e1gndef1sd00","0","FAAt707","BEA_API"
1962,41,"Office",13.3,"e1gndef1sd00","0","FAAt707","BEA_API"
1963,41,"Office",12.4,"e1gndef1sd00","0","FAAt707","BEA_API"
1964,41,"Office",10.2,"e1gndef1sd00","0","FAAt707","BEA_API"
1965,41,"Office",10,"e1gndef1sd00","0","FAAt707","BEA_API"
1966,41,"Office",9.8,"e1gndef1sd00","0","FAAt707","BEA_API"
1967,41,"Office",10,"e1gndef1sd00","0","FAAt707","BEA_API"
1968,41,"Office",10.7,"e1gndef1sd00","0","FAAt707","BEA_API"
1969,41,"Office",11.3,"e1gndef1sd00","0","FAAt707","BEA_API"
1970,41,"Office",11.8,"e1gndef1sd00","0","FAAt707","BEA_API"
1971,41,"Office",12.3,"e1gndef1sd00","0","FAAt707","BEA_API"
1972,41,"Office",12.7,"e1gndef1sd00","0","FAAt707","BEA_API"
1973,41,"Office",13.1,"e1gndef1sd00","0","FAAt707","BEA_API"
1974,41,"Office",13.5,"e1gndef1sd00","0","FAAt707","BEA_API"
1975,41,"Office",13.8,"e1gndef1sd00","0","FAAt707","BEA_API"
1976,41,"Office",14,"e1gndef1sd00","0","FAAt707","BEA_API"
1977,41,"Office",14.2,"e1gndef1sd00","0","FAAt707","BEA_API"
1978,41,"Office",14.9,"e1gndef1sd00","0","FAAt707","BEA_API"
1979,41,"Office",14.6,"e1gndef1sd00","0","FAAt707","BEA_API"
1980,41,"Office",15.3,"e1gndef1sd00","0","FAAt707","BEA_API"
1981,41,"Office",15.6,"e1gndef1sd00","0","FAAt707","BEA_API"
1982,41,"Office",16.1,"e1gndef1sd00","0","FAAt707","BEA_API"
1983,41,"Office",16.6,"e1gndef1sd00","0","FAAt707","BEA_API"
1984,41,"Office",16.9,"e1gndef1sd00","0","FAAt707","BEA_API"
1985,41,"Office",17.2,"e1gndef1sd00","0","FAAt707","BEA_API"
1986,41,"Office",17.3,"e1gndef1sd00","0","FAAt707","BEA_API"
1987,41,"Office",17.2,"e1gndef1sd00","0","FAAt707","BEA_API"
1988,41,"Office",17.8,"e1gndef1sd00","0","FAAt707","BEA_API"
1989,41,"Office",18.3,"e1gndef1sd00","0","FAAt707","BEA_API"
1990,41,"Office",18.7,"e1gndef1sd00","0","FAAt707","BEA_API"
1991,41,"Office",18.8,"e1gndef1sd00","0","FAAt707","BEA_API"
1992,41,"Office",18.9,"e1gndef1sd00","0","FAAt707","BEA_API"
1993,41,"Office",19,"e1gndef1sd00","0","FAAt707","BEA_API"
1994,41,"Office",19.4,"e1gndef1sd00","0","FAAt707","BEA_API"
1995,41,"Office",19.6,"e1gndef1sd00","0","FAAt707","BEA_API"
1996,41,"Office",19.7,"e1gndef1sd00","0","FAAt707","BEA_API"
1997,41,"Office",20,"e1gndef1sd00","0","FAAt707","BEA_API"
1998,41,"Office",20.1,"e1gndef1sd00","0","FAAt707","BEA_API"
1999,41,"Office",20.3,"e1gndef1sd00","0","FAAt707","BEA_API"
2000,41,"Office",20.9,"e1gndef1sd00","0","FAAt707","BEA_API"
2001,41,"Office",21.6,"e1gndef1sd00","0","FAAt707","BEA_API"
2002,41,"Office",22.1,"e1gndef1sd00","0","FAAt707","BEA_API"
2003,41,"Office",22.4,"e1gndef1sd00","0","FAAt707","BEA_API"
2004,41,"Office",22.8,"e1gndef1sd00","0","FAAt707","BEA_API"
2005,41,"Office",23.6,"e1gndef1sd00","0","FAAt707","BEA_API"
2006,41,"Office",24.2,"e1gndef1sd00","0","FAAt707","BEA_API"
2007,41,"Office",24.7,"e1gndef1sd00","0","FAAt707","BEA_API"
2008,41,"Office",25.1,"e1gndef1sd00","0","FAAt707","BEA_API"
2009,41,"Office",25.7,"e1gndef1sd00","0","FAAt707","BEA_API"
2010,41,"Office",26,"e1gndef1sd00","0","FAAt707","BEA_API"
2011,41,"Office",26.4,"e1gndef1sd00","0","FAAt707","BEA_API"
2012,41,"Office",26.7,"e1gndef1sd00","0","FAAt707","BEA_API"
2013,41,"Office",27.4,"e1gndef1sd00","0","FAAt707","BEA_API"
2014,41,"Office",28,"e1gndef1sd00","0","FAAt707","BEA_API"
2015,41,"Office",28.8,"e1gndef1sd00","0","FAAt707","BEA_API"
2016,41,"Office",29.6,"e1gndef1sd00","0","FAAt707","BEA_API"
2017,41,"Office",30.6,"e1gndef1sd00","0","FAAt707","BEA_API"
2018,41,"Office",31.2,"e1gndef1sd00","0","FAAt707","BEA_API"
2019,41,"Office",31.8,"e1gndef1sd00","0","FAAt707","BEA_API"
2020,41,"Office",32.7,"e1gndef1sd00","0","FAAt707","BEA_API"
2021,41,"Office",33.3,"e1gndef1sd00","0","FAAt707","BEA_API"
2022,41,"Office",33.9,"e1gndef1sd00","0","FAAt707","BEA_API"
2023,41,"Office",34.6,"e1gndef1sd00","0","FAAt707","BEA_API"
2024,41,"Office",35.3,"e1gndef1sd00","0","FAAt707","BEA_API"
1925,42,"Commercial",16.1,"e1gndef1se00","0","FAAt707","BEA_API"
1926,42,"Commercial",16.7,"e1gndef1se00","0","FAAt707","BEA_API"
1927,42,"Commercial",17.3,"e1gndef1se00","0","FAAt707","BEA_API"
1928,42,"Commercial",17.9,"e1gndef1se00","0","FAAt707","BEA_API"
1929,42,"Commercial",18.4,"e1gndef1se00","0","FAAt707","BEA_API"
1930,42,"Commercial",18.5,"e1gndef1se00","0","FAAt707","BEA_API"
1931,42,"Commercial",18.4,"e1gndef1se00","0","FAAt707","BEA_API"
1932,42,"Commercial",17.7,"e1gndef1se00","0","FAAt707","BEA_API"
1933,42,"Commercial",16.3,"e1gndef1se00","0","FAAt707","BEA_API"
1934,42,"Commercial",15.3,"e1gndef1se00","0","FAAt707","BEA_API"
1935,42,"Commercial",14,"e1gndef1se00","0","FAAt707","BEA_API"
1936,42,"Commercial",12.8,"e1gndef1se00","0","FAAt707","BEA_API"
1937,42,"Commercial",12.2,"e1gndef1se00","0","FAAt707","BEA_API"
1938,42,"Commercial",11.9,"e1gndef1se00","0","FAAt707","BEA_API"
1939,42,"Commercial",12.3,"e1gndef1se00","0","FAAt707","BEA_API"
1940,42,"Commercial",13.4,"e1gndef1se00","0","FAAt707","BEA_API"
1941,42,"Commercial",14.2,"e1gndef1se00","0","FAAt707","BEA_API"
1942,42,"Commercial",15.2,"e1gndef1se00","0","FAAt707","BEA_API"
1943,42,"Commercial",16.4,"e1gndef1se00","0","FAAt707","BEA_API"
1944,42,"Commercial",17.5,"e1gndef1se00","0","FAAt707","BEA_API"
1945,42,"Commercial",18.8,"e1gndef1se00","0","FAAt707","BEA_API"
1946,42,"Commercial",23.3,"e1gndef1se00","0","FAAt707","BEA_API"
1947,42,"Commercial",26.5,"e1gndef1se00","0","FAAt707","BEA_API"
1948,42,"Commercial",28.8,"e1gndef1se00","0","FAAt707","BEA_API"
1949,42,"Commercial",30.4,"e1gndef1se00","0","FAAt707","BEA_API"
1950,42,"Commercial",31.7,"e1gndef1se00","0","FAAt707","BEA_API"
1951,42,"Commercial",31.1,"e1gndef1se00","0","FAAt707","BEA_API"
1952,42,"Commercial",32.1,"e1gndef1se00","0","FAAt707","BEA_API"
1953,42,"Commercial",33.4,"e1gndef1se00","0","FAAt707","BEA_API"
1954,42,"Commercial",33,"e1gndef1se00","0","FAAt707","BEA_API"
1955,42,"Commercial",35.5,"e1gndef1se00","0","FAAt707","BEA_API"
1956,42,"Commercial",36.6,"e1gndef1se00","0","FAAt707","BEA_API"
1957,42,"Commercial",36.7,"e1gndef1se00","0","FAAt707","BEA_API"
1958,42,"Commercial",34.8,"e1gndef1se00","0","FAAt707","BEA_API"
1959,42,"Commercial",33.4,"e1gndef1se00","0","FAAt707","BEA_API"
1960,42,"Commercial",35,"e1gndef1se00","0","FAAt707","BEA_API"
1961,42,"Commercial",35.6,"e1gndef1se00","0","FAAt707","BEA_API"
1962,42,"Commercial",33.3,"e1gndef1se00","0","FAAt707","BEA_API"
1963,42,"Commercial",31.3,"e1gndef1se00","0","FAAt707","BEA_API"
1964,42,"Commercial",32.6,"e1gndef1se00","0","FAAt707","BEA_API"
1965,42,"Commercial",30.3,"e1gndef1se00","0","FAAt707","BEA_API"
1966,42,"Commercial",29.4,"e1gndef1se00","0","FAAt707","BEA_API"
1967,42,"Commercial",29.4,"e1gndef1se00","0","FAAt707","BEA_API"
1968,42,"Commercial",29.5,"e1gndef1se00","0","FAAt707","BEA_API"
1969,42,"Commercial",29.8,"e1gndef1se00","0","FAAt707","BEA_API"
1970,42,"Commercial",30.5,"e1gndef1se00","0","FAAt707","BEA_API"
1971,42,"Commercial",31,"e1gndef1se00","0","FAAt707","BEA_API"
1972,42,"Commercial",31.5,"e1gndef1se00","0","FAAt707","BEA_API"
1973,42,"Commercial",31.8,"e1gndef1se00","0","FAAt707","BEA_API"
1974,42,"Commercial",32.3,"e1gndef1se00","0","FAAt707","BEA_API"
1975,42,"Commercial",33,"e1gndef1se00","0","FAAt707","BEA_API"
1976,42,"Commercial",33,"e1gndef1se00","0","FAAt707","BEA_API"
1977,42,"Commercial",33.4,"e1gndef1se00","0","FAAt707","BEA_API"
1978,42,"Commercial",33.7,"e1gndef1se00","0","FAAt707","BEA_API"
1979,42,"Commercial",34.5,"e1gndef1se00","0","FAAt707","BEA_API"
1980,42,"Commercial",34.8,"e1gndef1se00","0","FAAt707","BEA_API"
1981,42,"Commercial",35,"e1gndef1se00","0","FAAt707","BEA_API"
1982,42,"Commercial",35.4,"e1gndef1se00","0","FAAt707","BEA_API"
1983,42,"Commercial",35.9,"e1gndef1se00","0","FAAt707","BEA_API"
1984,42,"Commercial",35.9,"e1gndef1se00","0","FAAt707","BEA_API"
1985,42,"Commercial",35.4,"e1gndef1se00","0","FAAt707","BEA_API"
1986,42,"Commercial",33.6,"e1gndef1se00","0","FAAt707","BEA_API"
1987,42,"Commercial",31.9,"e1gndef1se00","0","FAAt707","BEA_API"
1988,42,"Commercial",32.8,"e1gndef1se00","0","FAAt707","BEA_API"
1989,42,"Commercial",33.3,"e1gndef1se00","0","FAAt707","BEA_API"
1990,42,"Commercial",33.5,"e1gndef1se00","0","FAAt707","BEA_API"
1991,42,"Commercial",33.5,"e1gndef1se00","0","FAAt707","BEA_API"
1992,42,"Commercial",33.6,"e1gndef1se00","0","FAAt707","BEA_API"
1993,42,"Commercial",33.9,"e1gndef1se00","0","FAAt707","BEA_API"
1994,42,"Commercial",34.9,"e1gndef1se00","0","FAAt707","BEA_API"
1995,42,"Commercial",35.6,"e1gndef1se00","0","FAAt707","BEA_API"
1996,42,"Commercial",35.5,"e1gndef1se00","0","FAAt707","BEA_API"
1997,42,"Commercial",35.5,"e1gndef1se00","0","FAAt707","BEA_API"
1998,42,"Commercial",33.9,"e1gndef1se00","0","FAAt707","BEA_API"
1999,42,"Commercial",33.7,"e1gndef1se00","0","FAAt707","BEA_API"
2000,42,"Commercial",34.3,"e1gndef1se00","0","FAAt707","BEA_API"
2001,42,"Commercial",35.2,"e1gndef1se00","0","FAAt707","BEA_API"
2002,42,"Commercial",35.5,"e1gndef1se00","0","FAAt707","BEA_API"
2003,42,"Commercial",35.5,"e1gndef1se00","0","FAAt707","BEA_API"
2004,42,"Commercial",35.7,"e1gndef1se00","0","FAAt707","BEA_API"
2005,42,"Commercial",36.7,"e1gndef1se00","0","FAAt707","BEA_API"
2006,42,"Commercial",37.1,"e1gndef1se00","0","FAAt707","BEA_API"
2007,42,"Commercial",36.9,"e1gndef1se00","0","FAAt707","BEA_API"
2008,42,"Commercial",36.4,"e1gndef1se00","0","FAAt707","BEA_API"
2009,42,"Commercial",36.4,"e1gndef1se00","0","FAAt707","BEA_API"
2010,42,"Commercial",35.9,"e1gndef1se00","0","FAAt707","BEA_API"
2011,42,"Commercial",35.8,"e1gndef1se00","0","FAAt707","BEA_API"
2012,42,"Commercial",36,"e1gndef1se00","0","FAAt707","BEA_API"
2013,42,"Commercial",36.6,"e1gndef1se00","0","FAAt707","BEA_API"
2014,42,"Commercial",37.2,"e1gndef1se00","0","FAAt707","BEA_API"
2015,42,"Commercial",37.8,"e1gndef1se00","0","FAAt707","BEA_API"
2016,42,"Commercial",38.4,"e1gndef1se00","0","FAAt707","BEA_API"
2017,42,"Commercial",39.4,"e1gndef1se00","0","FAAt707","BEA_API"
2018,42,"Commercial",39.4,"e1gndef1se00","0","FAAt707","BEA_API"
2019,42,"Commercial",39.6,"e1gndef1se00","0","FAAt707","BEA_API"
2020,42,"Commercial",40.5,"e1gndef1se00","0","FAAt707","BEA_API"
2021,42,"Commercial",40.8,"e1gndef1se00","0","FAAt707","BEA_API"
2022,42,"Commercial",40.7,"e1gndef1se00","0","FAAt707","BEA_API"
2023,42,"Commercial",40.6,"e1gndef1se00","0","FAAt707","BEA_API"
2024,42,"Commercial",41.1,"e1gndef1se00","0","FAAt707","BEA_API"
1925,43,"Health care",0,"e1gndef1sf00","0","FAAt707","BEA_API"
1926,43,"Health care",0,"e1gndef1sf00","0","FAAt707","BEA_API"
1927,43,"Health care",0,"e1gndef1sf00","0","FAAt707","BEA_API"
1928,43,"Health care",0,"e1gndef1sf00","0","FAAt707","BEA_API"
1929,43,"Health care",0.5,"e1gndef1sf00","0","FAAt707","BEA_API"
1930,43,"Health care",0.9,"e1gndef1sf00","0","FAAt707","BEA_API"
1931,43,"Health care",1.1,"e1gndef1sf00","0","FAAt707","BEA_API"
1932,43,"Health care",1.5,"e1gndef1sf00","0","FAAt707","BEA_API"
1933,43,"Health care",1.7,"e1gndef1sf00","0","FAAt707","BEA_API"
1934,43,"Health care",2,"e1gndef1sf00","0","FAAt707","BEA_API"
1935,43,"Health care",2.2,"e1gndef1sf00","0","FAAt707","BEA_API"
1936,43,"Health care",2.7,"e1gndef1sf00","0","FAAt707","BEA_API"
1937,43,"Health care",3.2,"e1gndef1sf00","0","FAAt707","BEA_API"
1938,43,"Health care",3.8,"e1gndef1sf00","0","FAAt707","BEA_API"
1939,43,"Health care",4.4,"e1gndef1sf00","0","FAAt707","BEA_API"
1940,43,"Health care",5.3,"e1gndef1sf00","0","FAAt707","BEA_API"
1941,43,"Health care",6.2,"e1gndef1sf00","0","FAAt707","BEA_API"
1942,43,"Health care",7,"e1gndef1sf00","0","FAAt707","BEA_API"
1943,43,"Health care",7.8,"e1gndef1sf00","0","FAAt707","BEA_API"
1944,43,"Health care",8.8,"e1gndef1sf00","0","FAAt707","BEA_API"
1945,43,"Health care",9.8,"e1gndef1sf00","0","FAAt707","BEA_API"
1946,43,"Health care",10.8,"e1gndef1sf00","0","FAAt707","BEA_API"
1947,43,"Health care",6.7,"e1gndef1sf00","0","FAAt707","BEA_API"
1948,43,"Health care",3.7,"e1gndef1sf00","0","FAAt707","BEA_API"
1949,43,"Health care",2.5,"e1gndef1sf00","0","FAAt707","BEA_API"
1950,43,"Health care",2.5,"e1gndef1sf00","0","FAAt707","BEA_API"
1951,43,"Health care",3.1,"e1gndef1sf00","0","FAAt707","BEA_API"
1952,43,"Health care",3.7,"e1gndef1sf00","0","FAAt707","BEA_API"
1953,43,"Health care",4.5,"e1gndef1sf00","0","FAAt707","BEA_API"
1954,43,"Health care",5.2,"e1gndef1sf00","0","FAAt707","BEA_API"
1955,43,"Health care",6,"e1gndef1sf00","0","FAAt707","BEA_API"
1956,43,"Health care",6.7,"e1gndef1sf00","0","FAAt707","BEA_API"
1957,43,"Health care",7.3,"e1gndef1sf00","0","FAAt707","BEA_API"
1958,43,"Health care",7.9,"e1gndef1sf00","0","FAAt707","BEA_API"
1959,43,"Health care",8.3,"e1gndef1sf00","0","FAAt707","BEA_API"
1960,43,"Health care",8.7,"e1gndef1sf00","0","FAAt707","BEA_API"
1961,43,"Health care",9.1,"e1gndef1sf00","0","FAAt707","BEA_API"
1962,43,"Health care",9.5,"e1gndef1sf00","0","FAAt707","BEA_API"
1963,43,"Health care",9.9,"e1gndef1sf00","0","FAAt707","BEA_API"
1964,43,"Health care",10.2,"e1gndef1sf00","0","FAAt707","BEA_API"
1965,43,"Health care",10.3,"e1gndef1sf00","0","FAAt707","BEA_API"
1966,43,"Health care",10.6,"e1gndef1sf00","0","FAAt707","BEA_API"
1967,43,"Health care",11.1,"e1gndef1sf00","0","FAAt707","BEA_API"
1968,43,"Health care",11.7,"e1gndef1sf00","0","FAAt707","BEA_API"
1969,43,"Health care",12.2,"e1gndef1sf00","0","FAAt707","BEA_API"
1970,43,"Health care",12.7,"e1gndef1sf00","0","FAAt707","BEA_API"
1971,43,"Health care",13.1,"e1gndef1sf00","0","FAAt707","BEA_API"
1972,43,"Health care",13.6,"e1gndef1sf00","0","FAAt707","BEA_API"
1973,43,"Health care",14.1,"e1gndef1sf00","0","FAAt707","BEA_API"
1974,43,"Health care",14.5,"e1gndef1sf00","0","FAAt707","BEA_API"
1975,43,"Health care",14.8,"e1gndef1sf00","0","FAAt707","BEA_API"
1976,43,"Health care",15,"e1gndef1sf00","0","FAAt707","BEA_API"
1977,43,"Health care",15.1,"e1gndef1sf00","0","FAAt707","BEA_API"
1978,43,"Health care",15.1,"e1gndef1sf00","0","FAAt707","BEA_API"
1979,43,"Health care",15.3,"e1gndef1sf00","0","FAAt707","BEA_API"
1980,43,"Health care",15.5,"e1gndef1sf00","0","FAAt707","BEA_API"
1981,43,"Health care",15.6,"e1gndef1sf00","0","FAAt707","BEA_API"
1982,43,"Health care",15.9,"e1gndef1sf00","0","FAAt707","BEA_API"
1983,43,"Health care",16.2,"e1gndef1sf00","0","FAAt707","BEA_API"
1984,43,"Health care",16.4,"e1gndef1sf00","0","FAAt707","BEA_API"
1985,43,"Health care",16.7,"e1gndef1sf00","0","FAAt707","BEA_API"
1986,43,"Health care",16.9,"e1gndef1sf00","0","FAAt707","BEA_API"
1987,43,"Health care",17.1,"e1gndef1sf00","0","FAAt707","BEA_API"
1988,43,"Health care",17.3,"e1gndef1sf00","0","FAAt707","BEA_API"
1989,43,"Health care",17.7,"e1gndef1sf00","0","FAAt707","BEA_API"
1990,43,"Health care",17.9,"e1gndef1sf00","0","FAAt707","BEA_API"
1991,43,"Health care",18.3,"e1gndef1sf00","0","FAAt707","BEA_API"
1992,43,"Health care",18.6,"e1gndef1sf00","0","FAAt707","BEA_API"
1993,43,"Health care",18.9,"e1gndef1sf00","0","FAAt707","BEA_API"
1994,43,"Health care",19.2,"e1gndef1sf00","0","FAAt707","BEA_API"
1995,43,"Health care",19.5,"e1gndef1sf00","0","FAAt707","BEA_API"
1996,43,"Health care",19.6,"e1gndef1sf00","0","FAAt707","BEA_API"
1997,43,"Health care",19.8,"e1gndef1sf00","0","FAAt707","BEA_API"
1998,43,"Health care",20.3,"e1gndef1sf00","0","FAAt707","BEA_API"
1999,43,"Health care",20.8,"e1gndef1sf00","0","FAAt707","BEA_API"
2000,43,"Health care",21.4,"e1gndef1sf00","0","FAAt707","BEA_API"
2001,43,"Health care",22,"e1gndef1sf00","0","FAAt707","BEA_API"
2002,43,"Health care",22.5,"e1gndef1sf00","0","FAAt707","BEA_API"
2003,43,"Health care",23.1,"e1gndef1sf00","0","FAAt707","BEA_API"
2004,43,"Health care",23.8,"e1gndef1sf00","0","FAAt707","BEA_API"
2005,43,"Health care",24.4,"e1gndef1sf00","0","FAAt707","BEA_API"
2006,43,"Health care",25.1,"e1gndef1sf00","0","FAAt707","BEA_API"
2007,43,"Health care",25.6,"e1gndef1sf00","0","FAAt707","BEA_API"
2008,43,"Health care",26.2,"e1gndef1sf00","0","FAAt707","BEA_API"
2009,43,"Health care",26.3,"e1gndef1sf00","0","FAAt707","BEA_API"
2010,43,"Health care",26.2,"e1gndef1sf00","0","FAAt707","BEA_API"
2011,43,"Health care",26,"e1gndef1sf00","0","FAAt707","BEA_API"
2012,43,"Health care",25.7,"e1gndef1sf00","0","FAAt707","BEA_API"
2013,43,"Health care",25.6,"e1gndef1sf00","0","FAAt707","BEA_API"
2014,43,"Health care",25.6,"e1gndef1sf00","0","FAAt707","BEA_API"
2015,43,"Health care",25.7,"e1gndef1sf00","0","FAAt707","BEA_API"
2016,43,"Health care",25.9,"e1gndef1sf00","0","FAAt707","BEA_API"
2017,43,"Health care",26.1,"e1gndef1sf00","0","FAAt707","BEA_API"
2018,43,"Health care",26.3,"e1gndef1sf00","0","FAAt707","BEA_API"
2019,43,"Health care",26.5,"e1gndef1sf00","0","FAAt707","BEA_API"
2020,43,"Health care",26.8,"e1gndef1sf00","0","FAAt707","BEA_API"
2021,43,"Health care",27.1,"e1gndef1sf00","0","FAAt707","BEA_API"
2022,43,"Health care",27.4,"e1gndef1sf00","0","FAAt707","BEA_API"
2023,43,"Health care",27.6,"e1gndef1sf00","0","FAAt707","BEA_API"
2024,43,"Health care",27.8,"e1gndef1sf00","0","FAAt707","BEA_API"
1925,44,"Educational",0,"e1gndef1sg00","0","FAAt707","BEA_API"
1926,44,"Educational",0,"e1gndef1sg00","0","FAAt707","BEA_API"
1927,44,"Educational",0,"e1gndef1sg00","0","FAAt707","BEA_API"
1928,44,"Educational",0,"e1gndef1sg00","0","FAAt707","BEA_API"
1929,44,"Educational",0.5,"e1gndef1sg00","0","FAAt707","BEA_API"
1930,44,"Educational",1,"e1gndef1sg00","0","FAAt707","BEA_API"
1931,44,"Educational",1.2,"e1gndef1sg00","0","FAAt707","BEA_API"
1932,44,"Educational",1.6,"e1gndef1sg00","0","FAAt707","BEA_API"
1933,44,"Educational",1.7,"e1gndef1sg00","0","FAAt707","BEA_API"
1934,44,"Educational",2,"e1gndef1sg00","0","FAAt707","BEA_API"
1935,44,"Educational",2.3,"e1gndef1sg00","0","FAAt707","BEA_API"
1936,44,"Educational",2.7,"e1gndef1sg00","0","FAAt707","BEA_API"
1937,44,"Educational",3.3,"e1gndef1sg00","0","FAAt707","BEA_API"
1938,44,"Educational",3.8,"e1gndef1sg00","0","FAAt707","BEA_API"
1939,44,"Educational",4.4,"e1gndef1sg00","0","FAAt707","BEA_API"
1940,44,"Educational",2.6,"e1gndef1sg00","0","FAAt707","BEA_API"
1941,44,"Educational",2.4,"e1gndef1sg00","0","FAAt707","BEA_API"
1942,44,"Educational",2.8,"e1gndef1sg00","0","FAAt707","BEA_API"
1943,44,"Educational",3.3,"e1gndef1sg00","0","FAAt707","BEA_API"
1944,44,"Educational",4,"e1gndef1sg00","0","FAAt707","BEA_API"
1945,44,"Educational",4.8,"e1gndef1sg00","0","FAAt707","BEA_API"
1946,44,"Educational",5.4,"e1gndef1sg00","0","FAAt707","BEA_API"
1947,44,"Educational",6.1,"e1gndef1sg00","0","FAAt707","BEA_API"
1948,44,"Educational",6.8,"e1gndef1sg00","0","FAAt707","BEA_API"
1949,44,"Educational",7.4,"e1gndef1sg00","0","FAAt707","BEA_API"
1950,44,"Educational",7.9,"e1gndef1sg00","0","FAAt707","BEA_API"
1951,44,"Educational",8.4,"e1gndef1sg00","0","FAAt707","BEA_API"
1952,44,"Educational",9,"e1gndef1sg00","0","FAAt707","BEA_API"
1953,44,"Educational",9.5,"e1gndef1sg00","0","FAAt707","BEA_API"
1954,44,"Educational",10,"e1gndef1sg00","0","FAAt707","BEA_API"
1955,44,"Educational",10.5,"e1gndef1sg00","0","FAAt707","BEA_API"
1956,44,"Educational",11.1,"e1gndef1sg00","0","FAAt707","BEA_API"
1957,44,"Educational",11.7,"e1gndef1sg00","0","FAAt707","BEA_API"
1958,44,"Educational",12.3,"e1gndef1sg00","0","FAAt707","BEA_API"
1959,44,"Educational",12.8,"e1gndef1sg00","0","FAAt707","BEA_API"
1960,44,"Educational",13.2,"e1gndef1sg00","0","FAAt707","BEA_API"
1961,44,"Educational",13.5,"e1gndef1sg00","0","FAAt707","BEA_API"
1962,44,"Educational",13.8,"e1gndef1sg00","0","FAAt707","BEA_API"
1963,44,"Educational",13.9,"e1gndef1sg00","0","FAAt707","BEA_API"
1964,44,"Educational",14.1,"e1gndef1sg00","0","FAAt707","BEA_API"
1965,44,"Educational",14.2,"e1gndef1sg00","0","FAAt707","BEA_API"
1966,44,"Educational",14.5,"e1gndef1sg00","0","FAAt707","BEA_API"
1967,44,"Educational",14.8,"e1gndef1sg00","0","FAAt707","BEA_API"
1968,44,"Educational",15.2,"e1gndef1sg00","0","FAAt707","BEA_API"
1969,44,"Educational",15.7,"e1gndef1sg00","0","FAAt707","BEA_API"
1970,44,"Educational",16.2,"e1gndef1sg00","0","FAAt707","BEA_API"
1971,44,"Educational",16.6,"e1gndef1sg00","0","FAAt707","BEA_API"
1972,44,"Educational",17,"e1gndef1sg00","0","FAAt707","BEA_API"
1973,44,"Educational",17.3,"e1gndef1sg00","0","FAAt707","BEA_API"
1974,44,"Educational",17.6,"e1gndef1sg00","0","FAAt707","BEA_API"
1975,44,"Educational",17.9,"e1gndef1sg00","0","FAAt707","BEA_API"
1976,44,"Educational",18.2,"e1gndef1sg00","0","FAAt707","BEA_API"
1977,44,"Educational",18.4,"e1gndef1sg00","0","FAAt707","BEA_API"
1978,44,"Educational",18.6,"e1gndef1sg00","0","FAAt707","BEA_API"
1979,44,"Educational",18.8,"e1gndef1sg00","0","FAAt707","BEA_API"
1980,44,"Educational",19,"e1gndef1sg00","0","FAAt707","BEA_API"
1981,44,"Educational",19.3,"e1gndef1sg00","0","FAAt707","BEA_API"
1982,44,"Educational",19.8,"e1gndef1sg00","0","FAAt707","BEA_API"
1983,44,"Educational",20.2,"e1gndef1sg00","0","FAAt707","BEA_API"
1984,44,"Educational",20.6,"e1gndef1sg00","0","FAAt707","BEA_API"
1985,44,"Educational",21.1,"e1gndef1sg00","0","FAAt707","BEA_API"
1986,44,"Educational",21.5,"e1gndef1sg00","0","FAAt707","BEA_API"
1987,44,"Educational",21.9,"e1gndef1sg00","0","FAAt707","BEA_API"
1988,44,"Educational",22.4,"e1gndef1sg00","0","FAAt707","BEA_API"
1989,44,"Educational",23,"e1gndef1sg00","0","FAAt707","BEA_API"
1990,44,"Educational",23.4,"e1gndef1sg00","0","FAAt707","BEA_API"
1991,44,"Educational",23.7,"e1gndef1sg00","0","FAAt707","BEA_API"
1992,44,"Educational",23.9,"e1gndef1sg00","0","FAAt707","BEA_API"
1993,44,"Educational",24,"e1gndef1sg00","0","FAAt707","BEA_API"
1994,44,"Educational",24.2,"e1gndef1sg00","0","FAAt707","BEA_API"
1995,44,"Educational",24.5,"e1gndef1sg00","0","FAAt707","BEA_API"
1996,44,"Educational",24.7,"e1gndef1sg00","0","FAAt707","BEA_API"
1997,44,"Educational",25.3,"e1gndef1sg00","0","FAAt707","BEA_API"
1998,44,"Educational",26,"e1gndef1sg00","0","FAAt707","BEA_API"
1999,44,"Educational",26.7,"e1gndef1sg00","0","FAAt707","BEA_API"
2000,44,"Educational",27.3,"e1gndef1sg00","0","FAAt707","BEA_API"
2001,44,"Educational",27.8,"e1gndef1sg00","0","FAAt707","BEA_API"
2002,44,"Educational",28.1,"e1gndef1sg00","0","FAAt707","BEA_API"
2003,44,"Educational",28.4,"e1gndef1sg00","0","FAAt707","BEA_API"
2004,44,"Educational",28.8,"e1gndef1sg00","0","FAAt707","BEA_API"
2005,44,"Educational",29.5,"e1gndef1sg00","0","FAAt707","BEA_API"
2006,44,"Educational",30.2,"e1gndef1sg00","0","FAAt707","BEA_API"
2007,44,"Educational",30.9,"e1gndef1sg00","0","FAAt707","BEA_API"
2008,44,"Educational",31.6,"e1gndef1sg00","0","FAAt707","BEA_API"
2009,44,"Educational",32.3,"e1gndef1sg00","0","FAAt707","BEA_API"
2010,44,"Educational",33,"e1gndef1sg00","0","FAAt707","BEA_API"
2011,44,"Educational",33.7,"e1gndef1sg00","0","FAAt707","BEA_API"
2012,44,"Educational",34.3,"e1gndef1sg00","0","FAAt707","BEA_API"
2013,44,"Educational",34.9,"e1gndef1sg00","0","FAAt707","BEA_API"
2014,44,"Educational",35.5,"e1gndef1sg00","0","FAAt707","BEA_API"
2015,44,"Educational",36.2,"e1gndef1sg00","0","FAAt707","BEA_API"
2016,44,"Educational",36.9,"e1gndef1sg00","0","FAAt707","BEA_API"
2017,44,"Educational",37.8,"e1gndef1sg00","0","FAAt707","BEA_API"
2018,44,"Educational",38.5,"e1gndef1sg00","0","FAAt707","BEA_API"
2019,44,"Educational",39.4,"e1gndef1sg00","0","FAAt707","BEA_API"
2020,44,"Educational",40.3,"e1gndef1sg00","0","FAAt707","BEA_API"
2021,44,"Educational",41.2,"e1gndef1sg00","0","FAAt707","BEA_API"
2022,44,"Educational",42.1,"e1gndef1sg00","0","FAAt707","BEA_API"
2023,44,"Educational",42.9,"e1gndef1sg00","0","FAAt707","BEA_API"
2024,44,"Educational",43.8,"e1gndef1sg00","0","FAAt707","BEA_API"
1925,45,"Public safety",0,"e1gndef1si00","0","FAAt707","BEA_API"
1926,45,"Public safety",0,"e1gndef1si00","0","FAAt707","BEA_API"
1927,45,"Public safety",0,"e1gndef1si00","0","FAAt707","BEA_API"
1928,45,"Public safety",0,"e1gndef1si00","0","FAAt707","BEA_API"
1929,45,"Public safety",0.5,"e1gndef1si00","0","FAAt707","BEA_API"
1930,45,"Public safety",1,"e1gndef1si00","0","FAAt707","BEA_API"
1931,45,"Public safety",1.4,"e1gndef1si00","0","FAAt707","BEA_API"
1932,45,"Public safety",1.8,"e1gndef1si00","0","FAAt707","BEA_API"
1933,45,"Public safety",2.2,"e1gndef1si00","0","FAAt707","BEA_API"
1934,45,"Public safety",2.4,"e1gndef1si00","0","FAAt707","BEA_API"
1935,45,"Public safety",2.7,"e1gndef1si00","0","FAAt707","BEA_API"
1936,45,"Public safety",3.1,"e1gndef1si00","0","FAAt707","BEA_API"
1937,45,"Public safety",3.6,"e1gndef1si00","0","FAAt707","BEA_API"
1938,45,"Public safety",4.1,"e1gndef1si00","0","FAAt707","BEA_API"
1939,45,"Public safety",4.6,"e1gndef1si00","0","FAAt707","BEA_API"
1940,45,"Public safety",2.5,"e1gndef1si00","0","FAAt707","BEA_API"
1941,45,"Public safety",2.4,"e1gndef1si00","0","FAAt707","BEA_API"
1942,45,"Public safety",2.8,"e1gndef1si00","0","FAAt707","BEA_API"
1943,45,"Public safety",3.3,"e1gndef1si00","0","FAAt707","BEA_API"
1944,45,"Public safety",4,"e1gndef1si00","0","FAAt707","BEA_API"
1945,45,"Public safety",4.7,"e1gndef1si00","0","FAAt707","BEA_API"
1946,45,"Public safety",5.3,"e1gndef1si00","0","FAAt707","BEA_API"
1947,45,"Public safety",5.4,"e1gndef1si00","0","FAAt707","BEA_API"
1948,45,"Public safety",6,"e1gndef1si00","0","FAAt707","BEA_API"
1949,45,"Public safety",6.4,"e1gndef1si00","0","FAAt707","BEA_API"
1950,45,"Public safety",6.7,"e1gndef1si00","0","FAAt707","BEA_API"
1951,45,"Public safety",7.3,"e1gndef1si00","0","FAAt707","BEA_API"
1952,45,"Public safety",7.9,"e1gndef1si00","0","FAAt707","BEA_API"
1953,45,"Public safety",8.5,"e1gndef1si00","0","FAAt707","BEA_API"
1954,45,"Public safety",9.1,"e1gndef1si00","0","FAAt707","BEA_API"
1955,45,"Public safety",9.7,"e1gndef1si00","0","FAAt707","BEA_API"
1956,45,"Public safety",10.5,"e1gndef1si00","0","FAAt707","BEA_API"
1957,45,"Public safety",11,"e1gndef1si00","0","FAAt707","BEA_API"
1958,45,"Public safety",11.7,"e1gndef1si00","0","FAAt707","BEA_API"
1959,45,"Public safety",11.6,"e1gndef1si00","0","FAAt707","BEA_API"
1960,45,"Public safety",11,"e1gndef1si00","0","FAAt707","BEA_API"
1961,45,"Public safety",10.3,"e1gndef1si00","0","FAAt707","BEA_API"
1962,45,"Public safety",9.9,"e1gndef1si00","0","FAAt707","BEA_API"
1963,45,"Public safety",9.7,"e1gndef1si00","0","FAAt707","BEA_API"
1964,45,"Public safety",9.7,"e1gndef1si00","0","FAAt707","BEA_API"
1965,45,"Public safety",9.8,"e1gndef1si00","0","FAAt707","BEA_API"
1966,45,"Public safety",9.7,"e1gndef1si00","0","FAAt707","BEA_API"
1967,45,"Public safety",9.8,"e1gndef1si00","0","FAAt707","BEA_API"
1968,45,"Public safety",9.7,"e1gndef1si00","0","FAAt707","BEA_API"
1969,45,"Public safety",9.8,"e1gndef1si00","0","FAAt707","BEA_API"
1970,45,"Public safety",9.8,"e1gndef1si00","0","FAAt707","BEA_API"
1971,45,"Public safety",9.9,"e1gndef1si00","0","FAAt707","BEA_API"
1972,45,"Public safety",10,"e1gndef1si00","0","FAAt707","BEA_API"
1973,45,"Public safety",10.1,"e1gndef1si00","0","FAAt707","BEA_API"
1974,45,"Public safety",10.1,"e1gndef1si00","0","FAAt707","BEA_API"
1975,45,"Public safety",10.1,"e1gndef1si00","0","FAAt707","BEA_API"
1976,45,"Public safety",10.1,"e1gndef1si00","0","FAAt707","BEA_API"
1977,45,"Public safety",10.1,"e1gndef1si00","0","FAAt707","BEA_API"
1978,45,"Public safety",10,"e1gndef1si00","0","FAAt707","BEA_API"
1979,45,"Public safety",10,"e1gndef1si00","0","FAAt707","BEA_API"
1980,45,"Public safety",10.1,"e1gndef1si00","0","FAAt707","BEA_API"
1981,45,"Public safety",10.3,"e1gndef1si00","0","FAAt707","BEA_API"
1982,45,"Public safety",10.6,"e1gndef1si00","0","FAAt707","BEA_API"
1983,45,"Public safety",10.9,"e1gndef1si00","0","FAAt707","BEA_API"
1984,45,"Public safety",11.1,"e1gndef1si00","0","FAAt707","BEA_API"
1985,45,"Public safety",11.6,"e1gndef1si00","0","FAAt707","BEA_API"
1986,45,"Public safety",11.9,"e1gndef1si00","0","FAAt707","BEA_API"
1987,45,"Public safety",12.2,"e1gndef1si00","0","FAAt707","BEA_API"
1988,45,"Public safety",12.9,"e1gndef1si00","0","FAAt707","BEA_API"
1989,45,"Public safety",13.5,"e1gndef1si00","0","FAAt707","BEA_API"
1990,45,"Public safety",13.9,"e1gndef1si00","0","FAAt707","BEA_API"
1991,45,"Public safety",14.2,"e1gndef1si00","0","FAAt707","BEA_API"
1992,45,"Public safety",14.4,"e1gndef1si00","0","FAAt707","BEA_API"
1993,45,"Public safety",14.5,"e1gndef1si00","0","FAAt707","BEA_API"
1994,45,"Public safety",14.7,"e1gndef1si00","0","FAAt707","BEA_API"
1995,45,"Public safety",14.9,"e1gndef1si00","0","FAAt707","BEA_API"
1996,45,"Public safety",15.2,"e1gndef1si00","0","FAAt707","BEA_API"
1997,45,"Public safety",15.5,"e1gndef1si00","0","FAAt707","BEA_API"
1998,45,"Public safety",15.8,"e1gndef1si00","0","FAAt707","BEA_API"
1999,45,"Public safety",16.2,"e1gndef1si00","0","FAAt707","BEA_API"
2000,45,"Public safety",16.7,"e1gndef1si00","0","FAAt707","BEA_API"
2001,45,"Public safety",17.3,"e1gndef1si00","0","FAAt707","BEA_API"
2002,45,"Public safety",17.9,"e1gndef1si00","0","FAAt707","BEA_API"
2003,45,"Public safety",18.6,"e1gndef1si00","0","FAAt707","BEA_API"
2004,45,"Public safety",19.5,"e1gndef1si00","0","FAAt707","BEA_API"
2005,45,"Public safety",20.4,"e1gndef1si00","0","FAAt707","BEA_API"
2006,45,"Public safety",21.3,"e1gndef1si00","0","FAAt707","BEA_API"
2007,45,"Public safety",22.2,"e1gndef1si00","0","FAAt707","BEA_API"
2008,45,"Public safety",23,"e1gndef1si00","0","FAAt707","BEA_API"
2009,45,"Public safety",23.9,"e1gndef1si00","0","FAAt707","BEA_API"
2010,45,"Public safety",24.7,"e1gndef1si00","0","FAAt707","BEA_API"
2011,45,"Public safety",25.4,"e1gndef1si00","0","FAAt707","BEA_API"
2012,45,"Public safety",26.2,"e1gndef1si00","0","FAAt707","BEA_API"
2013,45,"Public safety",27.1,"e1gndef1si00","0","FAAt707","BEA_API"
2014,45,"Public safety",28,"e1gndef1si00","0","FAAt707","BEA_API"
2015,45,"Public safety",29,"e1gndef1si00","0","FAAt707","BEA_API"
2016,45,"Public safety",29.8,"e1gndef1si00","0","FAAt707","BEA_API"
2017,45,"Public safety",30.7,"e1gndef1si00","0","FAAt707","BEA_API"
2018,45,"Public safety",31.5,"e1gndef1si00","0","FAAt707","BEA_API"
2019,45,"Public safety",31.7,"e1gndef1si00","0","FAAt707","BEA_API"
2020,45,"Public safety",30.5,"e1gndef1si00","0","FAAt707","BEA_API"
2021,45,"Public safety",30.9,"e1gndef1si00","0","FAAt707","BEA_API"
2022,45,"Public safety",31.7,"e1gndef1si00","0","FAAt707","BEA_API"
2023,45,"Public safety",32.6,"e1gndef1si00","0","FAAt707","BEA_API"
2024,45,"Public safety",33.5,"e1gndef1si00","0","FAAt707","BEA_API"
1925,46,"Amusement and recreation",0,"e1gndef1sk00","0","FAAt707","BEA_API"
1926,46,"Amusement and recreation",0,"e1gndef1sk00","0","FAAt707","BEA_API"
1927,46,"Amusement and recreation",0,"e1gndef1sk00","0","FAAt707","BEA_API"
1928,46,"Amusement and recreation",0,"e1gndef1sk00","0","FAAt707","BEA_API"
1929,46,"Amusement and recreation",0.5,"e1gndef1sk00","0","FAAt707","BEA_API"
1930,46,"Amusement and recreation",0.8,"e1gndef1sk00","0","FAAt707","BEA_API"
1931,46,"Amusement and recreation",1.3,"e1gndef1sk00","0","FAAt707","BEA_API"
1932,46,"Amusement and recreation",1.5,"e1gndef1sk00","0","FAAt707","BEA_API"
1933,46,"Amusement and recreation",1.8,"e1gndef1sk00","0","FAAt707","BEA_API"
1934,46,"Amusement and recreation",2.2,"e1gndef1sk00","0","FAAt707","BEA_API"
1935,46,"Amusement and recreation",2.5,"e1gndef1sk00","0","FAAt707","BEA_API"
1936,46,"Amusement and recreation",2.6,"e1gndef1sk00","0","FAAt707","BEA_API"
1937,46,"Amusement and recreation",3.1,"e1gndef1sk00","0","FAAt707","BEA_API"
1938,46,"Amusement and recreation",3.6,"e1gndef1sk00","0","FAAt707","BEA_API"
1939,46,"Amusement and recreation",4.2,"e1gndef1sk00","0","FAAt707","BEA_API"
1940,46,"Amusement and recreation",4.7,"e1gndef1sk00","0","FAAt707","BEA_API"
1941,46,"Amusement and recreation",5.2,"e1gndef1sk00","0","FAAt707","BEA_API"
1942,46,"Amusement and recreation",5.7,"e1gndef1sk00","0","FAAt707","BEA_API"
1943,46,"Amusement and recreation",6.2,"e1gndef1sk00","0","FAAt707","BEA_API"
1944,46,"Amusement and recreation",6.9,"e1gndef1sk00","0","FAAt707","BEA_API"
1945,46,"Amusement and recreation",7.6,"e1gndef1sk00","0","FAAt707","BEA_API"
1946,46,"Amusement and recreation",8.4,"e1gndef1sk00","0","FAAt707","BEA_API"
1947,46,"Amusement and recreation",8,"e1gndef1sk00","0","FAAt707","BEA_API"
1948,46,"Amusement and recreation",7.4,"e1gndef1sk00","0","FAAt707","BEA_API"
1949,46,"Amusement and recreation",6.5,"e1gndef1sk00","0","FAAt707","BEA_API"
1950,46,"Amusement and recreation",6.3,"e1gndef1sk00","0","FAAt707","BEA_API"
1951,46,"Amusement and recreation",6.1,"e1gndef1sk00","0","FAAt707","BEA_API"
1952,46,"Amusement and recreation",6.1,"e1gndef1sk00","0","FAAt707","BEA_API"
1953,46,"Amusement and recreation",6.2,"e1gndef1sk00","0","FAAt707","BEA_API"
1954,46,"Amusement and recreation",6.4,"e1gndef1sk00","0","FAAt707","BEA_API"
1955,46,"Amusement and recreation",6.9,"e1gndef1sk00","0","FAAt707","BEA_API"
1956,46,"Amusement and recreation",7.3,"e1gndef1sk00","0","FAAt707","BEA_API"
1957,46,"Amusement and recreation",7.7,"e1gndef1sk00","0","FAAt707","BEA_API"
1958,46,"Amusement and recreation",7.9,"e1gndef1sk00","0","FAAt707","BEA_API"
1959,46,"Amusement and recreation",7.9,"e1gndef1sk00","0","FAAt707","BEA_API"
1960,46,"Amusement and recreation",7.9,"e1gndef1sk00","0","FAAt707","BEA_API"
1961,46,"Amusement and recreation",7.9,"e1gndef1sk00","0","FAAt707","BEA_API"
1962,46,"Amusement and recreation",7.8,"e1gndef1sk00","0","FAAt707","BEA_API"
1963,46,"Amusement and recreation",7.8,"e1gndef1sk00","0","FAAt707","BEA_API"
1964,46,"Amusement and recreation",7.9,"e1gndef1sk00","0","FAAt707","BEA_API"
1965,46,"Amusement and recreation",8,"e1gndef1sk00","0","FAAt707","BEA_API"
1966,46,"Amusement and recreation",8.1,"e1gndef1sk00","0","FAAt707","BEA_API"
1967,46,"Amusement and recreation",8.6,"e1gndef1sk00","0","FAAt707","BEA_API"
1968,46,"Amusement and recreation",9.2,"e1gndef1sk00","0","FAAt707","BEA_API"
1969,46,"Amusement and recreation",9.9,"e1gndef1sk00","0","FAAt707","BEA_API"
1970,46,"Amusement and recreation",10.6,"e1gndef1sk00","0","FAAt707","BEA_API"
1971,46,"Amusement and recreation",11.1,"e1gndef1sk00","0","FAAt707","BEA_API"
1972,46,"Amusement and recreation",11.7,"e1gndef1sk00","0","FAAt707","BEA_API"
1973,46,"Amusement and recreation",12.1,"e1gndef1sk00","0","FAAt707","BEA_API"
1974,46,"Amusement and recreation",12.7,"e1gndef1sk00","0","FAAt707","BEA_API"
1975,46,"Amusement and recreation",13.2,"e1gndef1sk00","0","FAAt707","BEA_API"
1976,46,"Amusement and recreation",13.6,"e1gndef1sk00","0","FAAt707","BEA_API"
1977,46,"Amusement and recreation",14.1,"e1gndef1sk00","0","FAAt707","BEA_API"
1978,46,"Amusement and recreation",14.5,"e1gndef1sk00","0","FAAt707","BEA_API"
1979,46,"Amusement and recreation",14.9,"e1gndef1sk00","0","FAAt707","BEA_API"
1980,46,"Amusement and recreation",15.3,"e1gndef1sk00","0","FAAt707","BEA_API"
1981,46,"Amusement and recreation",15.7,"e1gndef1sk00","0","FAAt707","BEA_API"
1982,46,"Amusement and recreation",16.3,"e1gndef1sk00","0","FAAt707","BEA_API"
1983,46,"Amusement and recreation",16.9,"e1gndef1sk00","0","FAAt707","BEA_API"
1984,46,"Amusement and recreation",17.6,"e1gndef1sk00","0","FAAt707","BEA_API"
1985,46,"Amusement and recreation",18.1,"e1gndef1sk00","0","FAAt707","BEA_API"
1986,46,"Amusement and recreation",18.8,"e1gndef1sk00","0","FAAt707","BEA_API"
1987,46,"Amusement and recreation",19.4,"e1gndef1sk00","0","FAAt707","BEA_API"
1988,46,"Amusement and recreation",19.8,"e1gndef1sk00","0","FAAt707","BEA_API"
1989,46,"Amusement and recreation",20.2,"e1gndef1sk00","0","FAAt707","BEA_API"
1990,46,"Amusement and recreation",20.7,"e1gndef1sk00","0","FAAt707","BEA_API"
1991,46,"Amusement and recreation",20.9,"e1gndef1sk00","0","FAAt707","BEA_API"
1992,46,"Amusement and recreation",21.1,"e1gndef1sk00","0","FAAt707","BEA_API"
1993,46,"Amusement and recreation",21.3,"e1gndef1sk00","0","FAAt707","BEA_API"
1994,46,"Amusement and recreation",21.5,"e1gndef1sk00","0","FAAt707","BEA_API"
1995,46,"Amusement and recreation",21.6,"e1gndef1sk00","0","FAAt707","BEA_API"
1996,46,"Amusement and recreation",21.7,"e1gndef1sk00","0","FAAt707","BEA_API"
1997,46,"Amusement and recreation",21.9,"e1gndef1sk00","0","FAAt707","BEA_API"
1998,46,"Amusement and recreation",22,"e1gndef1sk00","0","FAAt707","BEA_API"
1999,46,"Amusement and recreation",22.2,"e1gndef1sk00","0","FAAt707","BEA_API"
2000,46,"Amusement and recreation",22.5,"e1gndef1sk00","0","FAAt707","BEA_API"
2001,46,"Amusement and recreation",23,"e1gndef1sk00","0","FAAt707","BEA_API"
2002,46,"Amusement and recreation",23.6,"e1gndef1sk00","0","FAAt707","BEA_API"
2003,46,"Amusement and recreation",24.1,"e1gndef1sk00","0","FAAt707","BEA_API"
2004,46,"Amusement and recreation",24.8,"e1gndef1sk00","0","FAAt707","BEA_API"
2005,46,"Amusement and recreation",25.6,"e1gndef1sk00","0","FAAt707","BEA_API"
2006,46,"Amusement and recreation",26.4,"e1gndef1sk00","0","FAAt707","BEA_API"
2007,46,"Amusement and recreation",27.2,"e1gndef1sk00","0","FAAt707","BEA_API"
2008,46,"Amusement and recreation",28,"e1gndef1sk00","0","FAAt707","BEA_API"
2009,46,"Amusement and recreation",28.7,"e1gndef1sk00","0","FAAt707","BEA_API"
2010,46,"Amusement and recreation",29,"e1gndef1sk00","0","FAAt707","BEA_API"
2011,46,"Amusement and recreation",29.3,"e1gndef1sk00","0","FAAt707","BEA_API"
2012,46,"Amusement and recreation",30.1,"e1gndef1sk00","0","FAAt707","BEA_API"
2013,46,"Amusement and recreation",30.9,"e1gndef1sk00","0","FAAt707","BEA_API"
2014,46,"Amusement and recreation",31.6,"e1gndef1sk00","0","FAAt707","BEA_API"
2015,46,"Amusement and recreation",32.2,"e1gndef1sk00","0","FAAt707","BEA_API"
2016,46,"Amusement and recreation",32.8,"e1gndef1sk00","0","FAAt707","BEA_API"
2017,46,"Amusement and recreation",33.4,"e1gndef1sk00","0","FAAt707","BEA_API"
2018,46,"Amusement and recreation",33.9,"e1gndef1sk00","0","FAAt707","BEA_API"
2019,46,"Amusement and recreation",34.6,"e1gndef1sk00","0","FAAt707","BEA_API"
2020,46,"Amusement and recreation",35.1,"e1gndef1sk00","0","FAAt707","BEA_API"
2021,46,"Amusement and recreation",35.6,"e1gndef1sk00","0","FAAt707","BEA_API"
2022,46,"Amusement and recreation",36.1,"e1gndef1sk00","0","FAAt707","BEA_API"
2023,46,"Amusement and recreation",36.5,"e1gndef1sk00","0","FAAt707","BEA_API"
2024,46,"Amusement and recreation",36.8,"e1gndef1sk00","0","FAAt707","BEA_API"
1925,47,"Transportation",0,"e1gndef1sn00","0","FAAt707","BEA_API"
1926,47,"Transportation",0,"e1gndef1sn00","0","FAAt707","BEA_API"
1927,47,"Transportation",0,"e1gndef1sn00","0","FAAt707","BEA_API"
1928,47,"Transportation",0,"e1gndef1sn00","0","FAAt707","BEA_API"
1929,47,"Transportation",0.5,"e1gndef1sn00","0","FAAt707","BEA_API"
1930,47,"Transportation",0.9,"e1gndef1sn00","0","FAAt707","BEA_API"
1931,47,"Transportation",1.3,"e1gndef1sn00","0","FAAt707","BEA_API"
1932,47,"Transportation",1.5,"e1gndef1sn00","0","FAAt707","BEA_API"
1933,47,"Transportation",1.8,"e1gndef1sn00","0","FAAt707","BEA_API"
1934,47,"Transportation",2.2,"e1gndef1sn00","0","FAAt707","BEA_API"
1935,47,"Transportation",2.4,"e1gndef1sn00","0","FAAt707","BEA_API"
1936,47,"Transportation",2.9,"e1gndef1sn00","0","FAAt707","BEA_API"
1937,47,"Transportation",3.3,"e1gndef1sn00","0","FAAt707","BEA_API"
1938,47,"Transportation",3.7,"e1gndef1sn00","0","FAAt707","BEA_API"
1939,47,"Transportation",4.2,"e1gndef1sn00","0","FAAt707","BEA_API"
1940,47,"Transportation",4.5,"e1gndef1sn00","0","FAAt707","BEA_API"
1941,47,"Transportation",4.9,"e1gndef1sn00","0","FAAt707","BEA_API"
1942,47,"Transportation",5.6,"e1gndef1sn00","0","FAAt707","BEA_API"
1943,47,"Transportation",6.3,"e1gndef1sn00","0","FAAt707","BEA_API"
1944,47,"Transportation",7.1,"e1gndef1sn00","0","FAAt707","BEA_API"
1945,47,"Transportation",7.9,"e1gndef1sn00","0","FAAt707","BEA_API"
1946,47,"Transportation",8.6,"e1gndef1sn00","0","FAAt707","BEA_API"
1947,47,"Transportation",8.6,"e1gndef1sn00","0","FAAt707","BEA_API"
1948,47,"Transportation",8.4,"e1gndef1sn00","0","FAAt707","BEA_API"
1949,47,"Transportation",8.2,"e1gndef1sn00","0","FAAt707","BEA_API"
1950,47,"Transportation",8,"e1gndef1sn00","0","FAAt707","BEA_API"
1951,47,"Transportation",8,"e1gndef1sn00","0","FAAt707","BEA_API"
1952,47,"Transportation",8,"e1gndef1sn00","0","FAAt707","BEA_API"
1953,47,"Transportation",8.1,"e1gndef1sn00","0","FAAt707","BEA_API"
1954,47,"Transportation",8.3,"e1gndef1sn00","0","FAAt707","BEA_API"
1955,47,"Transportation",8.6,"e1gndef1sn00","0","FAAt707","BEA_API"
1956,47,"Transportation",9,"e1gndef1sn00","0","FAAt707","BEA_API"
1957,47,"Transportation",9.3,"e1gndef1sn00","0","FAAt707","BEA_API"
1958,47,"Transportation",9.5,"e1gndef1sn00","0","FAAt707","BEA_API"
1959,47,"Transportation",9.7,"e1gndef1sn00","0","FAAt707","BEA_API"
1960,47,"Transportation",9.9,"e1gndef1sn00","0","FAAt707","BEA_API"
1961,47,"Transportation",10,"e1gndef1sn00","0","FAAt707","BEA_API"
1962,47,"Transportation",10.1,"e1gndef1sn00","0","FAAt707","BEA_API"
1963,47,"Transportation",10.2,"e1gndef1sn00","0","FAAt707","BEA_API"
1964,47,"Transportation",10.4,"e1gndef1sn00","0","FAAt707","BEA_API"
1965,47,"Transportation",10.6,"e1gndef1sn00","0","FAAt707","BEA_API"
1966,47,"Transportation",10.8,"e1gndef1sn00","0","FAAt707","BEA_API"
1967,47,"Transportation",11.2,"e1gndef1sn00","0","FAAt707","BEA_API"
1968,47,"Transportation",11.8,"e1gndef1sn00","0","FAAt707","BEA_API"
1969,47,"Transportation",12.5,"e1gndef1sn00","0","FAAt707","BEA_API"
1970,47,"Transportation",13.2,"e1gndef1sn00","0","FAAt707","BEA_API"
1971,47,"Transportation",13.8,"e1gndef1sn00","0","FAAt707","BEA_API"
1972,47,"Transportation",14.4,"e1gndef1sn00","0","FAAt707","BEA_API"
1973,47,"Transportation",14.9,"e1gndef1sn00","0","FAAt707","BEA_API"
1974,47,"Transportation",15.5,"e1gndef1sn00","0","FAAt707","BEA_API"
1975,47,"Transportation",16.1,"e1gndef1sn00","0","FAAt707","BEA_API"
1976,47,"Transportation",16.6,"e1gndef1sn00","0","FAAt707","BEA_API"
1977,47,"Transportation",17.1,"e1gndef1sn00","0","FAAt707","BEA_API"
1978,47,"Transportation",17.6,"e1gndef1sn00","0","FAAt707","BEA_API"
1979,47,"Transportation",18,"e1gndef1sn00","0","FAAt707","BEA_API"
1980,47,"Transportation",18.5,"e1gndef1sn00","0","FAAt707","BEA_API"
1981,47,"Transportation",19.1,"e1gndef1sn00","0","FAAt707","BEA_API"
1982,47,"Transportation",19.8,"e1gndef1sn00","0","FAAt707","BEA_API"
1983,47,"Transportation",20.4,"e1gndef1sn00","0","FAAt707","BEA_API"
1984,47,"Transportation",21.2,"e1gndef1sn00","0","FAAt707","BEA_API"
1985,47,"Transportation",21.7,"e1gndef1sn00","0","FAAt707","BEA_API"
1986,47,"Transportation",22.4,"e1gndef1sn00","0","FAAt707","BEA_API"
1987,47,"Transportation",23.1,"e1gndef1sn00","0","FAAt707","BEA_API"
1988,47,"Transportation",23.5,"e1gndef1sn00","0","FAAt707","BEA_API"
1989,47,"Transportation",23.9,"e1gndef1sn00","0","FAAt707","BEA_API"
1990,47,"Transportation",24.4,"e1gndef1sn00","0","FAAt707","BEA_API"
1991,47,"Transportation",24.8,"e1gndef1sn00","0","FAAt707","BEA_API"
1992,47,"Transportation",25.2,"e1gndef1sn00","0","FAAt707","BEA_API"
1993,47,"Transportation",25.6,"e1gndef1sn00","0","FAAt707","BEA_API"
1994,47,"Transportation",25.9,"e1gndef1sn00","0","FAAt707","BEA_API"
1995,47,"Transportation",26.2,"e1gndef1sn00","0","FAAt707","BEA_API"
1996,47,"Transportation",26.4,"e1gndef1sn00","0","FAAt707","BEA_API"
1997,47,"Transportation",26.4,"e1gndef1sn00","0","FAAt707","BEA_API"
1998,47,"Transportation",26.5,"e1gndef1sn00","0","FAAt707","BEA_API"
1999,47,"Transportation",26.7,"e1gndef1sn00","0","FAAt707","BEA_API"
2000,47,"Transportation",26.8,"e1gndef1sn00","0","FAAt707","BEA_API"
2001,47,"Transportation",27,"e1gndef1sn00","0","FAAt707","BEA_API"
2002,47,"Transportation",26.8,"e1gndef1sn00","0","FAAt707","BEA_API"
2003,47,"Transportation",27.2,"e1gndef1sn00","0","FAAt707","BEA_API"
2004,47,"Transportation",27.4,"e1gndef1sn00","0","FAAt707","BEA_API"
2005,47,"Transportation",28,"e1gndef1sn00","0","FAAt707","BEA_API"
2006,47,"Transportation",28.8,"e1gndef1sn00","0","FAAt707","BEA_API"
2007,47,"Transportation",29.4,"e1gndef1sn00","0","FAAt707","BEA_API"
2008,47,"Transportation",30,"e1gndef1sn00","0","FAAt707","BEA_API"
2009,47,"Transportation",30.5,"e1gndef1sn00","0","FAAt707","BEA_API"
2010,47,"Transportation",31.2,"e1gndef1sn00","0","FAAt707","BEA_API"
2011,47,"Transportation",31.7,"e1gndef1sn00","0","FAAt707","BEA_API"
2012,47,"Transportation",32.4,"e1gndef1sn00","0","FAAt707","BEA_API"
2013,47,"Transportation",33,"e1gndef1sn00","0","FAAt707","BEA_API"
2014,47,"Transportation",33.8,"e1gndef1sn00","0","FAAt707","BEA_API"
2015,47,"Transportation",34.3,"e1gndef1sn00","0","FAAt707","BEA_API"
2016,47,"Transportation",34.7,"e1gndef1sn00","0","FAAt707","BEA_API"
2017,47,"Transportation",35.3,"e1gndef1sn00","0","FAAt707","BEA_API"
2018,47,"Transportation",36,"e1gndef1sn00","0","FAAt707","BEA_API"
2019,47,"Transportation",36.6,"e1gndef1sn00","0","FAAt707","BEA_API"
2020,47,"Transportation",37.2,"e1gndef1sn00","0","FAAt707","BEA_API"
2021,47,"Transportation",37.8,"e1gndef1sn00","0","FAAt707","BEA_API"
2022,47,"Transportation",37.9,"e1gndef1sn00","0","FAAt707","BEA_API"
2023,47,"Transportation",37.7,"e1gndef1sn00","0","FAAt707","BEA_API"
2024,47,"Transportation",37.4,"e1gndef1sn00","0","FAAt707","BEA_API"
1949,48,"Power",0.6,"e1gndef1sp00","0","FAAt707","BEA_API"
1950,48,"Power",1.1,"e1gndef1sp00","0","FAAt707","BEA_API"
1951,48,"Power",1.8,"e1gndef1sp00","0","FAAt707","BEA_API"
1952,48,"Power",2.6,"e1gndef1sp00","0","FAAt707","BEA_API"
1953,48,"Power",3.3,"e1gndef1sp00","0","FAAt707","BEA_API"
1954,48,"Power",4,"e1gndef1sp00","0","FAAt707","BEA_API"
1955,48,"Power",4.9,"e1gndef1sp00","0","FAAt707","BEA_API"
1956,48,"Power",5.6,"e1gndef1sp00","0","FAAt707","BEA_API"
1957,48,"Power",6.2,"e1gndef1sp00","0","FAAt707","BEA_API"
1958,48,"Power",6.7,"e1gndef1sp00","0","FAAt707","BEA_API"
1959,48,"Power",6.9,"e1gndef1sp00","0","FAAt707","BEA_API"
1960,48,"Power",7.2,"e1gndef1sp00","0","FAAt707","BEA_API"
1961,48,"Power",7.6,"e1gndef1sp00","0","FAAt707","BEA_API"
1962,48,"Power",7.9,"e1gndef1sp00","0","FAAt707","BEA_API"
1963,48,"Power",8.1,"e1gndef1sp00","0","FAAt707","BEA_API"
1964,48,"Power",8.1,"e1gndef1sp00","0","FAAt707","BEA_API"
1965,48,"Power",8.1,"e1gndef1sp00","0","FAAt707","BEA_API"
1966,48,"Power",8.4,"e1gndef1sp00","0","FAAt707","BEA_API"
1967,48,"Power",9,"e1gndef1sp00","0","FAAt707","BEA_API"
1968,48,"Power",9.6,"e1gndef1sp00","0","FAAt707","BEA_API"
1969,48,"Power",10.3,"e1gndef1sp00","0","FAAt707","BEA_API"
1970,48,"Power",11.1,"e1gndef1sp00","0","FAAt707","BEA_API"
1971,48,"Power",11.9,"e1gndef1sp00","0","FAAt707","BEA_API"
1972,48,"Power",12.7,"e1gndef1sp00","0","FAAt707","BEA_API"
1973,48,"Power",13.3,"e1gndef1sp00","0","FAAt707","BEA_API"
1974,48,"Power",14.1,"e1gndef1sp00","0","FAAt707","BEA_API"
1975,48,"Power",14.9,"e1gndef1sp00","0","FAAt707","BEA_API"
1976,48,"Power",15.6,"e1gndef1sp00","0","FAAt707","BEA_API"
1977,48,"Power",16.4,"e1gndef1sp00","0","FAAt707","BEA_API"
1978,48,"Power",17.1,"e1gndef1sp00","0","FAAt707","BEA_API"
1979,48,"Power",17.9,"e1gndef1sp00","0","FAAt707","BEA_API"
1980,48,"Power",18.6,"e1gndef1sp00","0","FAAt707","BEA_API"
1981,48,"Power",19.4,"e1gndef1sp00","0","FAAt707","BEA_API"
1982,48,"Power",20.1,"e1gndef1sp00","0","FAAt707","BEA_API"
1983,48,"Power",20.8,"e1gndef1sp00","0","FAAt707","BEA_API"
1984,48,"Power",21.3,"e1gndef1sp00","0","FAAt707","BEA_API"
1985,48,"Power",21.6,"e1gndef1sp00","0","FAAt707","BEA_API"
1986,48,"Power",21.8,"e1gndef1sp00","0","FAAt707","BEA_API"
1987,48,"Power",21.7,"e1gndef1sp00","0","FAAt707","BEA_API"
1988,48,"Power",22,"e1gndef1sp00","0","FAAt707","BEA_API"
1989,48,"Power",22.5,"e1gndef1sp00","0","FAAt707","BEA_API"
1990,48,"Power",22.6,"e1gndef1sp00","0","FAAt707","BEA_API"
1991,48,"Power",22.7,"e1gndef1sp00","0","FAAt707","BEA_API"
1992,48,"Power",22.9,"e1gndef1sp00","0","FAAt707","BEA_API"
1993,48,"Power",23.6,"e1gndef1sp00","0","FAAt707","BEA_API"
1994,48,"Power",24,"e1gndef1sp00","0","FAAt707","BEA_API"
1995,48,"Power",24.3,"e1gndef1sp00","0","FAAt707","BEA_API"
1996,48,"Power",24.4,"e1gndef1sp00","0","FAAt707","BEA_API"
1997,48,"Power",24.6,"e1gndef1sp00","0","FAAt707","BEA_API"
1998,48,"Power",24.8,"e1gndef1sp00","0","FAAt707","BEA_API"
1999,48,"Power",25.1,"e1gndef1sp00","0","FAAt707","BEA_API"
2000,48,"Power",25.3,"e1gndef1sp00","0","FAAt707","BEA_API"
2001,48,"Power",24.2,"e1gndef1sp00","0","FAAt707","BEA_API"
2002,48,"Power",22.4,"e1gndef1sp00","0","FAAt707","BEA_API"
2003,48,"Power",17.8,"e1gndef1sp00","0","FAAt707","BEA_API"
2004,48,"Power",15.3,"e1gndef1sp00","0","FAAt707","BEA_API"
2005,48,"Power",14.1,"e1gndef1sp00","0","FAAt707","BEA_API"
2006,48,"Power",13.5,"e1gndef1sp00","0","FAAt707","BEA_API"
2007,48,"Power",13.6,"e1gndef1sp00","0","FAAt707","BEA_API"
2008,48,"Power",13.4,"e1gndef1sp00","0","FAAt707","BEA_API"
2009,48,"Power",13,"e1gndef1sp00","0","FAAt707","BEA_API"
2010,48,"Power",12.8,"e1gndef1sp00","0","FAAt707","BEA_API"
2011,48,"Power",12.4,"e1gndef1sp00","0","FAAt707","BEA_API"
2012,48,"Power",12.3,"e1gndef1sp00","0","FAAt707","BEA_API"
2013,48,"Power",12.3,"e1gndef1sp00","0","FAAt707","BEA_API"
2014,48,"Power",12.4,"e1gndef1sp00","0","FAAt707","BEA_API"
2015,48,"Power",12.2,"e1gndef1sp00","0","FAAt707","BEA_API"
2016,48,"Power",12.4,"e1gndef1sp00","0","FAAt707","BEA_API"
2017,48,"Power",12.9,"e1gndef1sp00","0","FAAt707","BEA_API"
2018,48,"Power",13.5,"e1gndef1sp00","0","FAAt707","BEA_API"
2019,48,"Power",14.4,"e1gndef1sp00","0","FAAt707","BEA_API"
2020,48,"Power",15.2,"e1gndef1sp00","0","FAAt707","BEA_API"
2021,48,"Power",16,"e1gndef1sp00","0","FAAt707","BEA_API"
2022,48,"Power",16.6,"e1gndef1sp00","0","FAAt707","BEA_API"
2023,48,"Power",17.2,"e1gndef1sp00","0","FAAt707","BEA_API"
2024,48,"Power",17.7,"e1gndef1sp00","0","FAAt707","BEA_API"
1925,49,"Highways and streets",8.1,"e1gndef1sq00","0","FAAt707","BEA_API"
1926,49,"Highways and streets",8.4,"e1gndef1sq00","0","FAAt707","BEA_API"
1927,49,"Highways and streets",8.8,"e1gndef1sq00","0","FAAt707","BEA_API"
1928,49,"Highways and streets",9,"e1gndef1sq00","0","FAAt707","BEA_API"
1929,49,"Highways and streets",8.6,"e1gndef1sq00","0","FAAt707","BEA_API"
1930,49,"Highways and streets",9,"e1gndef1sq00","0","FAAt707","BEA_API"
1931,49,"Highways and streets",9.2,"e1gndef1sq00","0","FAAt707","BEA_API"
1932,49,"Highways and streets",8.9,"e1gndef1sq00","0","FAAt707","BEA_API"
1933,49,"Highways and streets",8.5,"e1gndef1sq00","0","FAAt707","BEA_API"
1934,49,"Highways and streets",8.2,"e1gndef1sq00","0","FAAt707","BEA_API"
1935,49,"Highways and streets",7.8,"e1gndef1sq00","0","FAAt707","BEA_API"
1936,49,"Highways and streets",7.8,"e1gndef1sq00","0","FAAt707","BEA_API"
1937,49,"Highways and streets",7.8,"e1gndef1sq00","0","FAAt707","BEA_API"
1938,49,"Highways and streets",8,"e1gndef1sq00","0","FAAt707","BEA_API"
1939,49,"Highways and streets",8.1,"e1gndef1sq00","0","FAAt707","BEA_API"
1940,49,"Highways and streets",8.7,"e1gndef1sq00","0","FAAt707","BEA_API"
1941,49,"Highways and streets",9.3,"e1gndef1sq00","0","FAAt707","BEA_API"
1942,49,"Highways and streets",10,"e1gndef1sq00","0","FAAt707","BEA_API"
1943,49,"Highways and streets",10.8,"e1gndef1sq00","0","FAAt707","BEA_API"
1944,49,"Highways and streets",11.7,"e1gndef1sq00","0","FAAt707","BEA_API"
1945,49,"Highways and streets",12.6,"e1gndef1sq00","0","FAAt707","BEA_API"
1946,49,"Highways and streets",13.4,"e1gndef1sq00","0","FAAt707","BEA_API"
1947,49,"Highways and streets",14.1,"e1gndef1sq00","0","FAAt707","BEA_API"
1948,49,"Highways and streets",14.7,"e1gndef1sq00","0","FAAt707","BEA_API"
1949,49,"Highways and streets",15.1,"e1gndef1sq00","0","FAAt707","BEA_API"
1950,49,"Highways and streets",15.5,"e1gndef1sq00","0","FAAt707","BEA_API"
1951,49,"Highways and streets",16,"e1gndef1sq00","0","FAAt707","BEA_API"
1952,49,"Highways and streets",16.5,"e1gndef1sq00","0","FAAt707","BEA_API"
1953,49,"Highways and streets",17,"e1gndef1sq00","0","FAAt707","BEA_API"
1954,49,"Highways and streets",17.5,"e1gndef1sq00","0","FAAt707","BEA_API"
1955,49,"Highways and streets",18.1,"e1gndef1sq00","0","FAAt707","BEA_API"
1956,49,"Highways and streets",18.6,"e1gndef1sq00","0","FAAt707","BEA_API"
1957,49,"Highways and streets",19.1,"e1gndef1sq00","0","FAAt707","BEA_API"
1958,49,"Highways and streets",19.5,"e1gndef1sq00","0","FAAt707","BEA_API"
1959,49,"Highways and streets",19.7,"e1gndef1sq00","0","FAAt707","BEA_API"
1960,49,"Highways and streets",19.8,"e1gndef1sq00","0","FAAt707","BEA_API"
1961,49,"Highways and streets",19.9,"e1gndef1sq00","0","FAAt707","BEA_API"
1962,49,"Highways and streets",19.9,"e1gndef1sq00","0","FAAt707","BEA_API"
1963,49,"Highways and streets",19.8,"e1gndef1sq00","0","FAAt707","BEA_API"
1964,49,"Highways and streets",19.7,"e1gndef1sq00","0","FAAt707","BEA_API"
1965,49,"Highways and streets",19.6,"e1gndef1sq00","0","FAAt707","BEA_API"
1966,49,"Highways and streets",19.5,"e1gndef1sq00","0","FAAt707","BEA_API"
1967,49,"Highways and streets",19.9,"e1gndef1sq00","0","FAAt707","BEA_API"
1968,49,"Highways and streets",20.3,"e1gndef1sq00","0","FAAt707","BEA_API"
1969,49,"Highways and streets",20.8,"e1gndef1sq00","0","FAAt707","BEA_API"
1970,49,"Highways and streets",21.4,"e1gndef1sq00","0","FAAt707","BEA_API"
1971,49,"Highways and streets",22,"e1gndef1sq00","0","FAAt707","BEA_API"
1972,49,"Highways and streets",22.5,"e1gndef1sq00","0","FAAt707","BEA_API"
1973,49,"Highways and streets",23,"e1gndef1sq00","0","FAAt707","BEA_API"
1974,49,"Highways and streets",23.6,"e1gndef1sq00","0","FAAt707","BEA_API"
1975,49,"Highways and streets",24.1,"e1gndef1sq00","0","FAAt707","BEA_API"
1976,49,"Highways and streets",24.5,"e1gndef1sq00","0","FAAt707","BEA_API"
1977,49,"Highways and streets",24.9,"e1gndef1sq00","0","FAAt707","BEA_API"
1978,49,"Highways and streets",25.2,"e1gndef1sq00","0","FAAt707","BEA_API"
1979,49,"Highways and streets",25.6,"e1gndef1sq00","0","FAAt707","BEA_API"
1980,49,"Highways and streets",26.1,"e1gndef1sq00","0","FAAt707","BEA_API"
1981,49,"Highways and streets",26.7,"e1gndef1sq00","0","FAAt707","BEA_API"
1982,49,"Highways and streets",27.4,"e1gndef1sq00","0","FAAt707","BEA_API"
1983,49,"Highways and streets",28,"e1gndef1sq00","0","FAAt707","BEA_API"
1984,49,"Highways and streets",28.7,"e1gndef1sq00","0","FAAt707","BEA_API"
1985,49,"Highways and streets",29.2,"e1gndef1sq00","0","FAAt707","BEA_API"
1986,49,"Highways and streets",29.9,"e1gndef1sq00","0","FAAt707","BEA_API"
1987,49,"Highways and streets",30.4,"e1gndef1sq00","0","FAAt707","BEA_API"
1988,49,"Highways and streets",30.8,"e1gndef1sq00","0","FAAt707","BEA_API"
1989,49,"Highways and streets",31.3,"e1gndef1sq00","0","FAAt707","BEA_API"
1990,49,"Highways and streets",31.5,"e1gndef1sq00","0","FAAt707","BEA_API"
1991,49,"Highways and streets",31.5,"e1gndef1sq00","0","FAAt707","BEA_API"
1992,49,"Highways and streets",31.6,"e1gndef1sq00","0","FAAt707","BEA_API"
1993,49,"Highways and streets",31.6,"e1gndef1sq00","0","FAAt707","BEA_API"
1994,49,"Highways and streets",31.7,"e1gndef1sq00","0","FAAt707","BEA_API"
1995,49,"Highways and streets",31.7,"e1gndef1sq00","0","FAAt707","BEA_API"
1996,49,"Highways and streets",31.7,"e1gndef1sq00","0","FAAt707","BEA_API"
1997,49,"Highways and streets",31.7,"e1gndef1sq00","0","FAAt707","BEA_API"
1998,49,"Highways and streets",31.8,"e1gndef1sq00","0","FAAt707","BEA_API"
1999,49,"Highways and streets",32,"e1gndef1sq00","0","FAAt707","BEA_API"
2000,49,"Highways and streets",32,"e1gndef1sq00","0","FAAt707","BEA_API"
2001,49,"Highways and streets",32.1,"e1gndef1sq00","0","FAAt707","BEA_API"
2002,49,"Highways and streets",32.2,"e1gndef1sq00","0","FAAt707","BEA_API"
2003,49,"Highways and streets",32.3,"e1gndef1sq00","0","FAAt707","BEA_API"
2004,49,"Highways and streets",32.2,"e1gndef1sq00","0","FAAt707","BEA_API"
2005,49,"Highways and streets",32.5,"e1gndef1sq00","0","FAAt707","BEA_API"
2006,49,"Highways and streets",33,"e1gndef1sq00","0","FAAt707","BEA_API"
2007,49,"Highways and streets",33.2,"e1gndef1sq00","0","FAAt707","BEA_API"
2008,49,"Highways and streets",33.6,"e1gndef1sq00","0","FAAt707","BEA_API"
2009,49,"Highways and streets",34.1,"e1gndef1sq00","0","FAAt707","BEA_API"
2010,49,"Highways and streets",34.2,"e1gndef1sq00","0","FAAt707","BEA_API"
2011,49,"Highways and streets",34.7,"e1gndef1sq00","0","FAAt707","BEA_API"
2012,49,"Highways and streets",35.2,"e1gndef1sq00","0","FAAt707","BEA_API"
2013,49,"Highways and streets",35.7,"e1gndef1sq00","0","FAAt707","BEA_API"
2014,49,"Highways and streets",36.3,"e1gndef1sq00","0","FAAt707","BEA_API"
2015,49,"Highways and streets",36.9,"e1gndef1sq00","0","FAAt707","BEA_API"
2016,49,"Highways and streets",37.3,"e1gndef1sq00","0","FAAt707","BEA_API"
2017,49,"Highways and streets",37.5,"e1gndef1sq00","0","FAAt707","BEA_API"
2018,49,"Highways and streets",37.9,"e1gndef1sq00","0","FAAt707","BEA_API"
2019,49,"Highways and streets",38,"e1gndef1sq00","0","FAAt707","BEA_API"
2020,49,"Highways and streets",38.4,"e1gndef1sq00","0","FAAt707","BEA_API"
2021,49,"Highways and streets",38.7,"e1gndef1sq00","0","FAAt707","BEA_API"
2022,49,"Highways and streets",38.6,"e1gndef1sq00","0","FAAt707","BEA_API"
2023,49,"Highways and streets",38.5,"e1gndef1sq00","0","FAAt707","BEA_API"
2024,49,"Highways and streets",38.4,"e1gndef1sq00","0","FAAt707","BEA_API"
1925,50,"Conservation and development",14.2,"e1gndef1sv00","0","FAAt707","BEA_API"
1926,50,"Conservation and development",14.6,"e1gndef1sv00","0","FAAt707","BEA_API"
1927,50,"Conservation and development",15.1,"e1gndef1sv00","0","FAAt707","BEA_API"
1928,50,"Conservation and development",15.4,"e1gndef1sv00","0","FAAt707","BEA_API"
1929,50,"Conservation and development",15.8,"e1gndef1sv00","0","FAAt707","BEA_API"
1930,50,"Conservation and development",15.5,"e1gndef1sv00","0","FAAt707","BEA_API"
1931,50,"Conservation and development",14.8,"e1gndef1sv00","0","FAAt707","BEA_API"
1932,50,"Conservation and development",13.6,"e1gndef1sv00","0","FAAt707","BEA_API"
1933,50,"Conservation and development",11.7,"e1gndef1sv00","0","FAAt707","BEA_API"
1934,50,"Conservation and development",10.6,"e1gndef1sv00","0","FAAt707","BEA_API"
1935,50,"Conservation and development",9.4,"e1gndef1sv00","0","FAAt707","BEA_API"
1936,50,"Conservation and development",9,"e1gndef1sv00","0","FAAt707","BEA_API"
1937,50,"Conservation and development",8.9,"e1gndef1sv00","0","FAAt707","BEA_API"
1938,50,"Conservation and development",9,"e1gndef1sv00","0","FAAt707","BEA_API"
1939,50,"Conservation and development",9.1,"e1gndef1sv00","0","FAAt707","BEA_API"
1940,50,"Conservation and development",9.4,"e1gndef1sv00","0","FAAt707","BEA_API"
1941,50,"Conservation and development",9.8,"e1gndef1sv00","0","FAAt707","BEA_API"
1942,50,"Conservation and development",10.3,"e1gndef1sv00","0","FAAt707","BEA_API"
1943,50,"Conservation and development",10.9,"e1gndef1sv00","0","FAAt707","BEA_API"
1944,50,"Conservation and development",11.5,"e1gndef1sv00","0","FAAt707","BEA_API"
1945,50,"Conservation and development",12.1,"e1gndef1sv00","0","FAAt707","BEA_API"
1946,50,"Conservation and development",12.9,"e1gndef1sv00","0","FAAt707","BEA_API"
1947,50,"Conservation and development",13.7,"e1gndef1sv00","0","FAAt707","BEA_API"
1948,50,"Conservation and development",14.3,"e1gndef1sv00","0","FAAt707","BEA_API"
1949,50,"Conservation and development",14.8,"e1gndef1sv00","0","FAAt707","BEA_API"
1950,50,"Conservation and development",15.4,"e1gndef1sv00","0","FAAt707","BEA_API"
1951,50,"Conservation and development",15.8,"e1gndef1sv00","0","FAAt707","BEA_API"
1952,50,"Conservation and development",16.2,"e1gndef1sv00","0","FAAt707","BEA_API"
1953,50,"Conservation and development",16.8,"e1gndef1sv00","0","FAAt707","BEA_API"
1954,50,"Conservation and development",17.3,"e1gndef1sv00","0","FAAt707","BEA_API"
1955,50,"Conservation and development",17.4,"e1gndef1sv00","0","FAAt707","BEA_API"
1956,50,"Conservation and development",17.8,"e1gndef1sv00","0","FAAt707","BEA_API"
1957,50,"Conservation and development",18.2,"e1gndef1sv00","0","FAAt707","BEA_API"
1958,50,"Conservation and development",18.6,"e1gndef1sv00","0","FAAt707","BEA_API"
1959,50,"Conservation and development",18.9,"e1gndef1sv00","0","FAAt707","BEA_API"
1960,50,"Conservation and development",19.2,"e1gndef1sv00","0","FAAt707","BEA_API"
1961,50,"Conservation and development",19.5,"e1gndef1sv00","0","FAAt707","BEA_API"
1962,50,"Conservation and development",19.7,"e1gndef1sv00","0","FAAt707","BEA_API"
1963,50,"Conservation and development",19.8,"e1gndef1sv00","0","FAAt707","BEA_API"
1964,50,"Conservation and development",20,"e1gndef1sv00","0","FAAt707","BEA_API"
1965,50,"Conservation and development",20.1,"e1gndef1sv00","0","FAAt707","BEA_API"
1966,50,"Conservation and development",20.2,"e1gndef1sv00","0","FAAt707","BEA_API"
1967,50,"Conservation and development",20.4,"e1gndef1sv00","0","FAAt707","BEA_API"
1968,50,"Conservation and development",20.8,"e1gndef1sv00","0","FAAt707","BEA_API"
1969,50,"Conservation and development",21.3,"e1gndef1sv00","0","FAAt707","BEA_API"
1970,50,"Conservation and development",21.8,"e1gndef1sv00","0","FAAt707","BEA_API"
1971,50,"Conservation and development",22.3,"e1gndef1sv00","0","FAAt707","BEA_API"
1972,50,"Conservation and development",22.7,"e1gndef1sv00","0","FAAt707","BEA_API"
1973,50,"Conservation and development",23.1,"e1gndef1sv00","0","FAAt707","BEA_API"
1974,50,"Conservation and development",23.4,"e1gndef1sv00","0","FAAt707","BEA_API"
1975,50,"Conservation and development",23.8,"e1gndef1sv00","0","FAAt707","BEA_API"
1976,50,"Conservation and development",24.4,"e1gndef1sv00","0","FAAt707","BEA_API"
1977,50,"Conservation and development",24.9,"e1gndef1sv00","0","FAAt707","BEA_API"
1978,50,"Conservation and development",25.4,"e1gndef1sv00","0","FAAt707","BEA_API"
1979,50,"Conservation and development",25.9,"e1gndef1sv00","0","FAAt707","BEA_API"
1980,50,"Conservation and development",26.4,"e1gndef1sv00","0","FAAt707","BEA_API"
1981,50,"Conservation and development",26.6,"e1gndef1sv00","0","FAAt707","BEA_API"
1982,50,"Conservation and development",26.8,"e1gndef1sv00","0","FAAt707","BEA_API"
1983,50,"Conservation and development",27.2,"e1gndef1sv00","0","FAAt707","BEA_API"
1984,50,"Conservation and development",27.7,"e1gndef1sv00","0","FAAt707","BEA_API"
1985,50,"Conservation and development",28.2,"e1gndef1sv00","0","FAAt707","BEA_API"
1986,50,"Conservation and development",28.8,"e1gndef1sv00","0","FAAt707","BEA_API"
1987,50,"Conservation and development",29.4,"e1gndef1sv00","0","FAAt707","BEA_API"
1988,50,"Conservation and development",29.9,"e1gndef1sv00","0","FAAt707","BEA_API"
1989,50,"Conservation and development",30.3,"e1gndef1sv00","0","FAAt707","BEA_API"
1990,50,"Conservation and development",30.9,"e1gndef1sv00","0","FAAt707","BEA_API"
1991,50,"Conservation and development",31.3,"e1gndef1sv00","0","FAAt707","BEA_API"
1992,50,"Conservation and development",31.9,"e1gndef1sv00","0","FAAt707","BEA_API"
1993,50,"Conservation and development",32.4,"e1gndef1sv00","0","FAAt707","BEA_API"
1994,50,"Conservation and development",32.8,"e1gndef1sv00","0","FAAt707","BEA_API"
1995,50,"Conservation and development",32.7,"e1gndef1sv00","0","FAAt707","BEA_API"
1996,50,"Conservation and development",31.6,"e1gndef1sv00","0","FAAt707","BEA_API"
1997,50,"Conservation and development",32.2,"e1gndef1sv00","0","FAAt707","BEA_API"
1998,50,"Conservation and development",32.9,"e1gndef1sv00","0","FAAt707","BEA_API"
1999,50,"Conservation and development",33.5,"e1gndef1sv00","0","FAAt707","BEA_API"
2000,50,"Conservation and development",34.1,"e1gndef1sv00","0","FAAt707","BEA_API"
2001,50,"Conservation and development",34.7,"e1gndef1sv00","0","FAAt707","BEA_API"
2002,50,"Conservation and development",35.2,"e1gndef1sv00","0","FAAt707","BEA_API"
2003,50,"Conservation and development",35.8,"e1gndef1sv00","0","FAAt707","BEA_API"
2004,50,"Conservation and development",36.4,"e1gndef1sv00","0","FAAt707","BEA_API"
2005,50,"Conservation and development",37.1,"e1gndef1sv00","0","FAAt707","BEA_API"
2006,50,"Conservation and development",37.6,"e1gndef1sv00","0","FAAt707","BEA_API"
2007,50,"Conservation and development",37.7,"e1gndef1sv00","0","FAAt707","BEA_API"
2008,50,"Conservation and development",38.3,"e1gndef1sv00","0","FAAt707","BEA_API"
2009,50,"Conservation and development",38.7,"e1gndef1sv00","0","FAAt707","BEA_API"
2010,50,"Conservation and development",38.9,"e1gndef1sv00","0","FAAt707","BEA_API"
2011,50,"Conservation and development",39.1,"e1gndef1sv00","0","FAAt707","BEA_API"
2012,50,"Conservation and development",39.5,"e1gndef1sv00","0","FAAt707","BEA_API"
2013,50,"Conservation and development",40.1,"e1gndef1sv00","0","FAAt707","BEA_API"
2014,50,"Conservation and development",40.6,"e1gndef1sv00","0","FAAt707","BEA_API"
2015,50,"Conservation and development",41.1,"e1gndef1sv00","0","FAAt707","BEA_API"
2016,50,"Conservation and development",41.3,"e1gndef1sv00","0","FAAt707","BEA_API"
2017,50,"Conservation and development",41,"e1gndef1sv00","0","FAAt707","BEA_API"
2018,50,"Conservation and development",41.2,"e1gndef1sv00","0","FAAt707","BEA_API"
2019,50,"Conservation and development",41.4,"e1gndef1sv00","0","FAAt707","BEA_API"
2020,50,"Conservation and development",41.7,"e1gndef1sv00","0","FAAt707","BEA_API"
2021,50,"Conservation and development",42.1,"e1gndef1sv00","0","FAAt707","BEA_API"
2022,50,"Conservation and development",42.5,"e1gndef1sv00","0","FAAt707","BEA_API"
2023,50,"Conservation and development",42.8,"e1gndef1sv00","0","FAAt707","BEA_API"
2024,50,"Conservation and development",43.2,"e1gndef1sv00","0","FAAt707","BEA_API"
1925,51,"Other structures",5.8,"e1gndef1sx00","0","FAAt707","BEA_API"
1926,51,"Other structures",6,"e1gndef1sx00","0","FAAt707","BEA_API"
1927,51,"Other structures",5.9,"e1gndef1sx00","0","FAAt707","BEA_API"
1928,51,"Other structures",5.6,"e1gndef1sx00","0","FAAt707","BEA_API"
1929,51,"Other structures",6.3,"e1gndef1sx00","0","FAAt707","BEA_API"
1930,51,"Other structures",6.9,"e1gndef1sx00","0","FAAt707","BEA_API"
1931,51,"Other structures",7.6,"e1gndef1sx00","0","FAAt707","BEA_API"
1932,51,"Other structures",8.1,"e1gndef1sx00","0","FAAt707","BEA_API"
1933,51,"Other structures",8.7,"e1gndef1sx00","0","FAAt707","BEA_API"
1934,51,"Other structures",8.9,"e1gndef1sx00","0","FAAt707","BEA_API"
1935,51,"Other structures",9.2,"e1gndef1sx00","0","FAAt707","BEA_API"
1936,51,"Other structures",9.5,"e1gndef1sx00","0","FAAt707","BEA_API"
1937,51,"Other structures",9.9,"e1gndef1sx00","0","FAAt707","BEA_API"
1938,51,"Other structures",10.3,"e1gndef1sx00","0","FAAt707","BEA_API"
1939,51,"Other structures",10.7,"e1gndef1sx00","0","FAAt707","BEA_API"
1940,51,"Other structures",10.3,"e1gndef1sx00","0","FAAt707","BEA_API"
1941,51,"Other structures",10,"e1gndef1sx00","0","FAAt707","BEA_API"
1942,51,"Other structures",10.1,"e1gndef1sx00","0","FAAt707","BEA_API"
1943,51,"Other structures",10.3,"e1gndef1sx00","0","FAAt707","BEA_API"
1944,51,"Other structures",10.9,"e1gndef1sx00","0","FAAt707","BEA_API"
1945,51,"Other structures",11.5,"e1gndef1sx00","0","FAAt707","BEA_API"
1946,51,"Other structures",12.2,"e1gndef1sx00","0","FAAt707","BEA_API"
1947,51,"Other structures",10.6,"e1gndef1sx00","0","FAAt707","BEA_API"
1948,51,"Other structures",11.1,"e1gndef1sx00","0","FAAt707","BEA_API"
1949,51,"Other structures",10.6,"e1gndef1sx00","0","FAAt707","BEA_API"
1950,51,"Other structures",10.5,"e1gndef1sx00","0","FAAt707","BEA_API"
1951,51,"Other structures",10.6,"e1gndef1sx00","0","FAAt707","BEA_API"
1952,51,"Other structures",11.1,"e1gndef1sx00","0","FAAt707","BEA_API"
1953,51,"Other structures",11.4,"e1gndef1sx00","0","FAAt707","BEA_API"
1954,51,"Other structures",12.2,"e1gndef1sx00","0","FAAt707","BEA_API"
1955,51,"Other structures",12.7,"e1gndef1sx00","0","FAAt707","BEA_API"
1956,51,"Other structures",12.9,"e1gndef1sx00","0","FAAt707","BEA_API"
1957,51,"Other structures",13.2,"e1gndef1sx00","0","FAAt707","BEA_API"
1958,51,"Other structures",13.6,"e1gndef1sx00","0","FAAt707","BEA_API"
1959,51,"Other structures",11.9,"e1gndef1sx00","0","FAAt707","BEA_API"
1960,51,"Other structures",10.5,"e1gndef1sx00","0","FAAt707","BEA_API"
1961,51,"Other structures",9.7,"e1gndef1sx00","0","FAAt707","BEA_API"
1962,51,"Other structures",8.8,"e1gndef1sx00","0","FAAt707","BEA_API"
1963,51,"Other structures",8.3,"e1gndef1sx00","0","FAAt707","BEA_API"
1964,51,"Other structures",7.8,"e1gndef1sx00","0","FAAt707","BEA_API"
1965,51,"Other structures",7.6,"e1gndef1sx00","0","FAAt707","BEA_API"
1966,51,"Other structures",7.5,"e1gndef1sx00","0","FAAt707","BEA_API"
1967,51,"Other structures",8,"e1gndef1sx00","0","FAAt707","BEA_API"
1968,51,"Other structures",8.7,"e1gndef1sx00","0","FAAt707","BEA_API"
1969,51,"Other structures",9.3,"e1gndef1sx00","0","FAAt707","BEA_API"
1970,51,"Other structures",9.9,"e1gndef1sx00","0","FAAt707","BEA_API"
1971,51,"Other structures",10.5,"e1gndef1sx00","0","FAAt707","BEA_API"
1972,51,"Other structures",11,"e1gndef1sx00","0","FAAt707","BEA_API"
1973,51,"Other structures",11.3,"e1gndef1sx00","0","FAAt707","BEA_API"
1974,51,"Other structures",11.8,"e1gndef1sx00","0","FAAt707","BEA_API"
1975,51,"Other structures",12.3,"e1gndef1sx00","0","FAAt707","BEA_API"
1976,51,"Other structures",12.7,"e1gndef1sx00","0","FAAt707","BEA_API"
1977,51,"Other structures",13,"e1gndef1sx00","0","FAAt707","BEA_API"
1978,51,"Other structures",13.4,"e1gndef1sx00","0","FAAt707","BEA_API"
1979,51,"Other structures",13.6,"e1gndef1sx00","0","FAAt707","BEA_API"
1980,51,"Other structures",13.9,"e1gndef1sx00","0","FAAt707","BEA_API"
1981,51,"Other structures",14.1,"e1gndef1sx00","0","FAAt707","BEA_API"
1982,51,"Other structures",14.6,"e1gndef1sx00","0","FAAt707","BEA_API"
1983,51,"Other structures",15.1,"e1gndef1sx00","0","FAAt707","BEA_API"
1984,51,"Other structures",15.6,"e1gndef1sx00","0","FAAt707","BEA_API"
1985,51,"Other structures",16,"e1gndef1sx00","0","FAAt707","BEA_API"
1986,51,"Other structures",16.5,"e1gndef1sx00","0","FAAt707","BEA_API"
1987,51,"Other structures",17,"e1gndef1sx00","0","FAAt707","BEA_API"
1988,51,"Other structures",17.1,"e1gndef1sx00","0","FAAt707","BEA_API"
1989,51,"Other structures",17.4,"e1gndef1sx00","0","FAAt707","BEA_API"
1990,51,"Other structures",17.5,"e1gndef1sx00","0","FAAt707","BEA_API"
1991,51,"Other structures",17.1,"e1gndef1sx00","0","FAAt707","BEA_API"
1992,51,"Other structures",16.9,"e1gndef1sx00","0","FAAt707","BEA_API"
1993,51,"Other structures",16.4,"e1gndef1sx00","0","FAAt707","BEA_API"
1994,51,"Other structures",16.2,"e1gndef1sx00","0","FAAt707","BEA_API"
1995,51,"Other structures",15.9,"e1gndef1sx00","0","FAAt707","BEA_API"
1996,51,"Other structures",15.8,"e1gndef1sx00","0","FAAt707","BEA_API"
1997,51,"Other structures",16,"e1gndef1sx00","0","FAAt707","BEA_API"
1998,51,"Other structures",16.2,"e1gndef1sx00","0","FAAt707","BEA_API"
1999,51,"Other structures",16.4,"e1gndef1sx00","0","FAAt707","BEA_API"
2000,51,"Other structures",16.6,"e1gndef1sx00","0","FAAt707","BEA_API"
2001,51,"Other structures",16.8,"e1gndef1sx00","0","FAAt707","BEA_API"
2002,51,"Other structures",17.1,"e1gndef1sx00","0","FAAt707","BEA_API"
2003,51,"Other structures",17.2,"e1gndef1sx00","0","FAAt707","BEA_API"
2004,51,"Other structures",17.6,"e1gndef1sx00","0","FAAt707","BEA_API"
2005,51,"Other structures",17.4,"e1gndef1sx00","0","FAAt707","BEA_API"
2006,51,"Other structures",17.1,"e1gndef1sx00","0","FAAt707","BEA_API"
2007,51,"Other structures",17.1,"e1gndef1sx00","0","FAAt707","BEA_API"
2008,51,"Other structures",17.4,"e1gndef1sx00","0","FAAt707","BEA_API"
2009,51,"Other structures",17.7,"e1gndef1sx00","0","FAAt707","BEA_API"
2010,51,"Other structures",18,"e1gndef1sx00","0","FAAt707","BEA_API"
2011,51,"Other structures",18.2,"e1gndef1sx00","0","FAAt707","BEA_API"
2012,51,"Other structures",18.5,"e1gndef1sx00","0","FAAt707","BEA_API"
2013,51,"Other structures",18.8,"e1gndef1sx00","0","FAAt707","BEA_API"
2014,51,"Other structures",19.2,"e1gndef1sx00","0","FAAt707","BEA_API"
2015,51,"Other structures",19.6,"e1gndef1sx00","0","FAAt707","BEA_API"
2016,51,"Other structures",20,"e1gndef1sx00","0","FAAt707","BEA_API"
2017,51,"Other structures",20.6,"e1gndef1sx00","0","FAAt707","BEA_API"
2018,51,"Other structures",21.2,"e1gndef1sx00","0","FAAt707","BEA_API"
2019,51,"Other structures",21.9,"e1gndef1sx00","0","FAAt707","BEA_API"
2020,51,"Other structures",22.6,"e1gndef1sx00","0","FAAt707","BEA_API"
2021,51,"Other structures",23.3,"e1gndef1sx00","0","FAAt707","BEA_API"
2022,51,"Other structures",23.9,"e1gndef1sx00","0","FAAt707","BEA_API"
2023,51,"Other structures",24.4,"e1gndef1sx00","0","FAAt707","BEA_API"
2024,51,"Other structures",24.7,"e1gndef1sx00","0","FAAt707","BEA_API"
1929,52,"Intellectual property products",0.5,"e1gndef1ip00","0","FAAt707","BEA_API"
1930,52,"Intellectual property products",0.8,"e1gndef1ip00","0","FAAt707","BEA_API"
1931,52,"Intellectual property products",1.1,"e1gndef1ip00","0","FAAt707","BEA_API"
1932,52,"Intellectual property products",1.4,"e1gndef1ip00","0","FAAt707","BEA_API"
1933,52,"Intellectual property products",1.8,"e1gndef1ip00","0","FAAt707","BEA_API"
1934,52,"Intellectual property products",2.3,"e1gndef1ip00","0","FAAt707","BEA_API"
1935,52,"Intellectual property products",2.7,"e1gndef1ip00","0","FAAt707","BEA_API"
1936,52,"Intellectual property products",3.1,"e1gndef1ip00","0","FAAt707","BEA_API"
1937,52,"Intellectual property products",3.5,"e1gndef1ip00","0","FAAt707","BEA_API"
1938,52,"Intellectual property products",3.7,"e1gndef1ip00","0","FAAt707","BEA_API"
1939,52,"Intellectual property products",3.9,"e1gndef1ip00","0","FAAt707","BEA_API"
1940,52,"Intellectual property products",4,"e1gndef1ip00","0","FAAt707","BEA_API"
1941,52,"Intellectual property products",4,"e1gndef1ip00","0","FAAt707","BEA_API"
1942,52,"Intellectual property products",3.8,"e1gndef1ip00","0","FAAt707","BEA_API"
1943,52,"Intellectual property products",3.6,"e1gndef1ip00","0","FAAt707","BEA_API"
1944,52,"Intellectual property products",3.7,"e1gndef1ip00","0","FAAt707","BEA_API"
1945,52,"Intellectual property products",3.9,"e1gndef1ip00","0","FAAt707","BEA_API"
1946,52,"Intellectual property products",4.3,"e1gndef1ip00","0","FAAt707","BEA_API"
1947,52,"Intellectual property products",4.5,"e1gndef1ip00","0","FAAt707","BEA_API"
1948,52,"Intellectual property products",4.4,"e1gndef1ip00","0","FAAt707","BEA_API"
1949,52,"Intellectual property products",4.3,"e1gndef1ip00","0","FAAt707","BEA_API"
1950,52,"Intellectual property products",3.8,"e1gndef1ip00","0","FAAt707","BEA_API"
1951,52,"Intellectual property products",3.8,"e1gndef1ip00","0","FAAt707","BEA_API"
1952,52,"Intellectual property products",4,"e1gndef1ip00","0","FAAt707","BEA_API"
1953,52,"Intellectual property products",4.4,"e1gndef1ip00","0","FAAt707","BEA_API"
1954,52,"Intellectual property products",4.8,"e1gndef1ip00","0","FAAt707","BEA_API"
1955,52,"Intellectual property products",5,"e1gndef1ip00","0","FAAt707","BEA_API"
1956,52,"Intellectual property products",5,"e1gndef1ip00","0","FAAt707","BEA_API"
1957,52,"Intellectual property products",4.8,"e1gndef1ip00","0","FAAt707","BEA_API"
1958,52,"Intellectual property products",4.5,"e1gndef1ip00","0","FAAt707","BEA_API"
1959,52,"Intellectual property products",4.4,"e1gndef1ip00","0","FAAt707","BEA_API"
1960,52,"Intellectual property products",4.2,"e1gndef1ip00","0","FAAt707","BEA_API"
1961,52,"Intellectual property products",4,"e1gndef1ip00","0","FAAt707","BEA_API"
1962,52,"Intellectual property products",3.7,"e1gndef1ip00","0","FAAt707","BEA_API"
1963,52,"Intellectual property products",3.3,"e1gndef1ip00","0","FAAt707","BEA_API"
1964,52,"Intellectual property products",3.1,"e1gndef1ip00","0","FAAt707","BEA_API"
1965,52,"Intellectual property products",3,"e1gndef1ip00","0","FAAt707","BEA_API"
1966,52,"Intellectual property products",3,"e1gndef1ip00","0","FAAt707","BEA_API"
1967,52,"Intellectual property products",3.2,"e1gndef1ip00","0","FAAt707","BEA_API"
1968,52,"Intellectual property products",3.4,"e1gndef1ip00","0","FAAt707","BEA_API"
1969,52,"Intellectual property products",3.7,"e1gndef1ip00","0","FAAt707","BEA_API"
1970,52,"Intellectual property products",4,"e1gndef1ip00","0","FAAt707","BEA_API"
1971,52,"Intellectual property products",4.4,"e1gndef1ip00","0","FAAt707","BEA_API"
1972,52,"Intellectual property products",4.7,"e1gndef1ip00","0","FAAt707","BEA_API"
1973,52,"Intellectual property products",5,"e1gndef1ip00","0","FAAt707","BEA_API"
1974,52,"Intellectual property products",5.4,"e1gndef1ip00","0","FAAt707","BEA_API"
1975,52,"Intellectual property products",5.7,"e1gndef1ip00","0","FAAt707","BEA_API"
1976,52,"Intellectual property products",6,"e1gndef1ip00","0","FAAt707","BEA_API"
1977,52,"Intellectual property products",6.2,"e1gndef1ip00","0","FAAt707","BEA_API"
1978,52,"Intellectual property products",6.4,"e1gndef1ip00","0","FAAt707","BEA_API"
1979,52,"Intellectual property products",6.5,"e1gndef1ip00","0","FAAt707","BEA_API"
1980,52,"Intellectual property products",6.7,"e1gndef1ip00","0","FAAt707","BEA_API"
1981,52,"Intellectual property products",6.9,"e1gndef1ip00","0","FAAt707","BEA_API"
1982,52,"Intellectual property products",7.1,"e1gndef1ip00","0","FAAt707","BEA_API"
1983,52,"Intellectual property products",7.4,"e1gndef1ip00","0","FAAt707","BEA_API"
1984,52,"Intellectual property products",7.6,"e1gndef1ip00","0","FAAt707","BEA_API"
1985,52,"Intellectual property products",7.8,"e1gndef1ip00","0","FAAt707","BEA_API"
1986,52,"Intellectual property products",8,"e1gndef1ip00","0","FAAt707","BEA_API"
1987,52,"Intellectual property products",8.1,"e1gndef1ip00","0","FAAt707","BEA_API"
1988,52,"Intellectual property products",8.2,"e1gndef1ip00","0","FAAt707","BEA_API"
1989,52,"Intellectual property products",8.3,"e1gndef1ip00","0","FAAt707","BEA_API"
1990,52,"Intellectual property products",8.3,"e1gndef1ip00","0","FAAt707","BEA_API"
1991,52,"Intellectual property products",8.3,"e1gndef1ip00","0","FAAt707","BEA_API"
1992,52,"Intellectual property products",8.3,"e1gndef1ip00","0","FAAt707","BEA_API"
1993,52,"Intellectual property products",8.3,"e1gndef1ip00","0","FAAt707","BEA_API"
1994,52,"Intellectual property products",8.3,"e1gndef1ip00","0","FAAt707","BEA_API"
1995,52,"Intellectual property products",8.3,"e1gndef1ip00","0","FAAt707","BEA_API"
1996,52,"Intellectual property products",8.4,"e1gndef1ip00","0","FAAt707","BEA_API"
1997,52,"Intellectual property products",8.5,"e1gndef1ip00","0","FAAt707","BEA_API"
1998,52,"Intellectual property products",8.5,"e1gndef1ip00","0","FAAt707","BEA_API"
1999,52,"Intellectual property products",8.5,"e1gndef1ip00","0","FAAt707","BEA_API"
2000,52,"Intellectual property products",8.4,"e1gndef1ip00","0","FAAt707","BEA_API"
2001,52,"Intellectual property products",8.4,"e1gndef1ip00","0","FAAt707","BEA_API"
2002,52,"Intellectual property products",8.4,"e1gndef1ip00","0","FAAt707","BEA_API"
2003,52,"Intellectual property products",8.4,"e1gndef1ip00","0","FAAt707","BEA_API"
2004,52,"Intellectual property products",8.3,"e1gndef1ip00","0","FAAt707","BEA_API"
2005,52,"Intellectual property products",8.3,"e1gndef1ip00","0","FAAt707","BEA_API"
2006,52,"Intellectual property products",8.3,"e1gndef1ip00","0","FAAt707","BEA_API"
2007,52,"Intellectual property products",8.4,"e1gndef1ip00","0","FAAt707","BEA_API"
2008,52,"Intellectual property products",8.4,"e1gndef1ip00","0","FAAt707","BEA_API"
2009,52,"Intellectual property products",8.4,"e1gndef1ip00","0","FAAt707","BEA_API"
2010,52,"Intellectual property products",8.3,"e1gndef1ip00","0","FAAt707","BEA_API"
2011,52,"Intellectual property products",8.3,"e1gndef1ip00","0","FAAt707","BEA_API"
2012,52,"Intellectual property products",8.3,"e1gndef1ip00","0","FAAt707","BEA_API"
2013,52,"Intellectual property products",8.4,"e1gndef1ip00","0","FAAt707","BEA_API"
2014,52,"Intellectual property products",8.5,"e1gndef1ip00","0","FAAt707","BEA_API"
2015,52,"Intellectual property products",8.5,"e1gndef1ip00","0","FAAt707","BEA_API"
2016,52,"Intellectual property products",8.5,"e1gndef1ip00","0","FAAt707","BEA_API"
2017,52,"Intellectual property products",8.4,"e1gndef1ip00","0","FAAt707","BEA_API"
2018,52,"Intellectual property products",8.4,"e1gndef1ip00","0","FAAt707","BEA_API"
2019,52,"Intellectual property products",8.3,"e1gndef1ip00","0","FAAt707","BEA_API"
2020,52,"Intellectual property products",8.2,"e1gndef1ip00","0","FAAt707","BEA_API"
2021,52,"Intellectual property products",8,"e1gndef1ip00","0","FAAt707","BEA_API"
2022,52,"Intellectual property products",7.8,"e1gndef1ip00","0","FAAt707","BEA_API"
2023,52,"Intellectual property products",7.8,"e1gndef1ip00","0","FAAt707","BEA_API"
2024,52,"Intellectual property products",7.7,"e1gndef1ip00","0","FAAt707","BEA_API"
1960,53,"Software",0.5,"e1gndef1ens0","0","FAAt707","BEA_API"
1961,53,"Software",0.6,"e1gndef1ens0","0","FAAt707","BEA_API"
1962,53,"Software",0.9,"e1gndef1ens0","0","FAAt707","BEA_API"
1963,53,"Software",1,"e1gndef1ens0","0","FAAt707","BEA_API"
1964,53,"Software",1.1,"e1gndef1ens0","0","FAAt707","BEA_API"
1965,53,"Software",1.3,"e1gndef1ens0","0","FAAt707","BEA_API"
1966,53,"Software",1.3,"e1gndef1ens0","0","FAAt707","BEA_API"
1967,53,"Software",1.3,"e1gndef1ens0","0","FAAt707","BEA_API"
1968,53,"Software",1.4,"e1gndef1ens0","0","FAAt707","BEA_API"
1969,53,"Software",1.3,"e1gndef1ens0","0","FAAt707","BEA_API"
1970,53,"Software",1.5,"e1gndef1ens0","0","FAAt707","BEA_API"
1971,53,"Software",1.6,"e1gndef1ens0","0","FAAt707","BEA_API"
1972,53,"Software",1.7,"e1gndef1ens0","0","FAAt707","BEA_API"
1973,53,"Software",1.7,"e1gndef1ens0","0","FAAt707","BEA_API"
1974,53,"Software",1.7,"e1gndef1ens0","0","FAAt707","BEA_API"
1975,53,"Software",1.8,"e1gndef1ens0","0","FAAt707","BEA_API"
1976,53,"Software",1.9,"e1gndef1ens0","0","FAAt707","BEA_API"
1977,53,"Software",1.9,"e1gndef1ens0","0","FAAt707","BEA_API"
1978,53,"Software",2,"e1gndef1ens0","0","FAAt707","BEA_API"
1979,53,"Software",1.9,"e1gndef1ens0","0","FAAt707","BEA_API"
1980,53,"Software",1.9,"e1gndef1ens0","0","FAAt707","BEA_API"
1981,53,"Software",1.9,"e1gndef1ens0","0","FAAt707","BEA_API"
1982,53,"Software",1.9,"e1gndef1ens0","0","FAAt707","BEA_API"
1983,53,"Software",1.9,"e1gndef1ens0","0","FAAt707","BEA_API"
1984,53,"Software",2,"e1gndef1ens0","0","FAAt707","BEA_API"
1985,53,"Software",2,"e1gndef1ens0","0","FAAt707","BEA_API"
1986,53,"Software",2,"e1gndef1ens0","0","FAAt707","BEA_API"
1987,53,"Software",2.1,"e1gndef1ens0","0","FAAt707","BEA_API"
1988,53,"Software",2.1,"e1gndef1ens0","0","FAAt707","BEA_API"
1989,53,"Software",2.1,"e1gndef1ens0","0","FAAt707","BEA_API"
1990,53,"Software",2.1,"e1gndef1ens0","0","FAAt707","BEA_API"
1991,53,"Software",2.1,"e1gndef1ens0","0","FAAt707","BEA_API"
1992,53,"Software",2.2,"e1gndef1ens0","0","FAAt707","BEA_API"
1993,53,"Software",2.2,"e1gndef1ens0","0","FAAt707","BEA_API"
1994,53,"Software",2.3,"e1gndef1ens0","0","FAAt707","BEA_API"
1995,53,"Software",2.4,"e1gndef1ens0","0","FAAt707","BEA_API"
1996,53,"Software",2.4,"e1gndef1ens0","0","FAAt707","BEA_API"
1997,53,"Software",2.4,"e1gndef1ens0","0","FAAt707","BEA_API"
1998,53,"Software",2.3,"e1gndef1ens0","0","FAAt707","BEA_API"
1999,53,"Software",2.2,"e1gndef1ens0","0","FAAt707","BEA_API"
2000,53,"Software",2.1,"e1gndef1ens0","0","FAAt707","BEA_API"
2001,53,"Software",2.1,"e1gndef1ens0","0","FAAt707","BEA_API"
2002,53,"Software",2.2,"e1gndef1ens0","0","FAAt707","BEA_API"
2003,53,"Software",2.3,"e1gndef1ens0","0","FAAt707","BEA_API"
2004,53,"Software",2.4,"e1gndef1ens0","0","FAAt707","BEA_API"
2005,53,"Software",2.3,"e1gndef1ens0","0","FAAt707","BEA_API"
2006,53,"Software",2.3,"e1gndef1ens0","0","FAAt707","BEA_API"
2007,53,"Software",2.3,"e1gndef1ens0","0","FAAt707","BEA_API"
2008,53,"Software",2.2,"e1gndef1ens0","0","FAAt707","BEA_API"
2009,53,"Software",2.3,"e1gndef1ens0","0","FAAt707","BEA_API"
2010,53,"Software",2.2,"e1gndef1ens0","0","FAAt707","BEA_API"
2011,53,"Software",2.2,"e1gndef1ens0","0","FAAt707","BEA_API"
2012,53,"Software",2.2,"e1gndef1ens0","0","FAAt707","BEA_API"
2013,53,"Software",2.1,"e1gndef1ens0","0","FAAt707","BEA_API"
2014,53,"Software",2.1,"e1gndef1ens0","0","FAAt707","BEA_API"
2015,53,"Software",2.1,"e1gndef1ens0","0","FAAt707","BEA_API"
2016,53,"Software",2.1,"e1gndef1ens0","0","FAAt707","BEA_API"
2017,53,"Software",2.1,"e1gndef1ens0","0","FAAt707","BEA_API"
2018,53,"Software",2,"e1gndef1ens0","0","FAAt707","BEA_API"
2019,53,"Software",2,"e1gndef1ens0","0","FAAt707","BEA_API"
2020,53,"Software",2,"e1gndef1ens0","0","FAAt707","BEA_API"
2021,53,"Software",1.9,"e1gndef1ens0","0","FAAt707","BEA_API"
2022,53,"Software",1.9,"e1gndef1ens0","0","FAAt707","BEA_API"
2023,53,"Software",1.9,"e1gndef1ens0","0","FAAt707","BEA_API"
2024,53,"Software",1.9,"e1gndef1ens0","0","FAAt707","BEA_API"
1929,54,"Research and development",0.5,"e1gndef1rd00","0","FAAt707","BEA_API"
1930,54,"Research and development",0.8,"e1gndef1rd00","0","FAAt707","BEA_API"
1931,54,"Research and development",1.1,"e1gndef1rd00","0","FAAt707","BEA_API"
1932,54,"Research and development",1.4,"e1gndef1rd00","0","FAAt707","BEA_API"
1933,54,"Research and development",1.8,"e1gndef1rd00","0","FAAt707","BEA_API"
1934,54,"Research and development",2.3,"e1gndef1rd00","0","FAAt707","BEA_API"
1935,54,"Research and development",2.7,"e1gndef1rd00","0","FAAt707","BEA_API"
1936,54,"Research and development",3.1,"e1gndef1rd00","0","FAAt707","BEA_API"
1937,54,"Research and development",3.5,"e1gndef1rd00","0","FAAt707","BEA_API"
1938,54,"Research and development",3.7,"e1gndef1rd00","0","FAAt707","BEA_API"
1939,54,"Research and development",3.9,"e1gndef1rd00","0","FAAt707","BEA_API"
1940,54,"Research and development",4,"e1gndef1rd00","0","FAAt707","BEA_API"
1941,54,"Research and development",4,"e1gndef1rd00","0","FAAt707","BEA_API"
1942,54,"Research and development",3.8,"e1gndef1rd00","0","FAAt707","BEA_API"
1943,54,"Research and development",3.6,"e1gndef1rd00","0","FAAt707","BEA_API"
1944,54,"Research and development",3.7,"e1gndef1rd00","0","FAAt707","BEA_API"
1945,54,"Research and development",3.9,"e1gndef1rd00","0","FAAt707","BEA_API"
1946,54,"Research and development",4.3,"e1gndef1rd00","0","FAAt707","BEA_API"
1947,54,"Research and development",4.5,"e1gndef1rd00","0","FAAt707","BEA_API"
1948,54,"Research and development",4.4,"e1gndef1rd00","0","FAAt707","BEA_API"
1949,54,"Research and development",4.3,"e1gndef1rd00","0","FAAt707","BEA_API"
1950,54,"Research and development",3.8,"e1gndef1rd00","0","FAAt707","BEA_API"
1951,54,"Research and development",3.8,"e1gndef1rd00","0","FAAt707","BEA_API"
1952,54,"Research and development",4,"e1gndef1rd00","0","FAAt707","BEA_API"
1953,54,"Research and development",4.4,"e1gndef1rd00","0","FAAt707","BEA_API"
1954,54,"Research and development",4.8,"e1gndef1rd00","0","FAAt707","BEA_API"
1955,54,"Research and development",5,"e1gndef1rd00","0","FAAt707","BEA_API"
1956,54,"Research and development",5,"e1gndef1rd00","0","FAAt707","BEA_API"
1957,54,"Research and development",4.8,"e1gndef1rd00","0","FAAt707","BEA_API"
1958,54,"Research and development",4.5,"e1gndef1rd00","0","FAAt707","BEA_API"
1959,54,"Research and development",4.4,"e1gndef1rd00","0","FAAt707","BEA_API"
1960,54,"Research and development",4.2,"e1gndef1rd00","0","FAAt707","BEA_API"
1961,54,"Research and development",4,"e1gndef1rd00","0","FAAt707","BEA_API"
1962,54,"Research and development",3.7,"e1gndef1rd00","0","FAAt707","BEA_API"
1963,54,"Research and development",3.3,"e1gndef1rd00","0","FAAt707","BEA_API"
1964,54,"Research and development",3.1,"e1gndef1rd00","0","FAAt707","BEA_API"
1965,54,"Research and development",3,"e1gndef1rd00","0","FAAt707","BEA_API"
1966,54,"Research and development",3,"e1gndef1rd00","0","FAAt707","BEA_API"
1967,54,"Research and development",3.2,"e1gndef1rd00","0","FAAt707","BEA_API"
1968,54,"Research and development",3.4,"e1gndef1rd00","0","FAAt707","BEA_API"
1969,54,"Research and development",3.7,"e1gndef1rd00","0","FAAt707","BEA_API"
1970,54,"Research and development",4.1,"e1gndef1rd00","0","FAAt707","BEA_API"
1971,54,"Research and development",4.4,"e1gndef1rd00","0","FAAt707","BEA_API"
1972,54,"Research and development",4.8,"e1gndef1rd00","0","FAAt707","BEA_API"
1973,54,"Research and development",5.1,"e1gndef1rd00","0","FAAt707","BEA_API"
1974,54,"Research and development",5.5,"e1gndef1rd00","0","FAAt707","BEA_API"
1975,54,"Research and development",5.8,"e1gndef1rd00","0","FAAt707","BEA_API"
1976,54,"Research and development",6.1,"e1gndef1rd00","0","FAAt707","BEA_API"
1977,54,"Research and development",6.3,"e1gndef1rd00","0","FAAt707","BEA_API"
1978,54,"Research and development",6.5,"e1gndef1rd00","0","FAAt707","BEA_API"
1979,54,"Research and development",6.7,"e1gndef1rd00","0","FAAt707","BEA_API"
1980,54,"Research and development",6.8,"e1gndef1rd00","0","FAAt707","BEA_API"
1981,54,"Research and development",7.1,"e1gndef1rd00","0","FAAt707","BEA_API"
1982,54,"Research and development",7.3,"e1gndef1rd00","0","FAAt707","BEA_API"
1983,54,"Research and development",7.6,"e1gndef1rd00","0","FAAt707","BEA_API"
1984,54,"Research and development",7.9,"e1gndef1rd00","0","FAAt707","BEA_API"
1985,54,"Research and development",8.1,"e1gndef1rd00","0","FAAt707","BEA_API"
1986,54,"Research and development",8.3,"e1gndef1rd00","0","FAAt707","BEA_API"
1987,54,"Research and development",8.4,"e1gndef1rd00","0","FAAt707","BEA_API"
1988,54,"Research and development",8.5,"e1gndef1rd00","0","FAAt707","BEA_API"
1989,54,"Research and development",8.6,"e1gndef1rd00","0","FAAt707","BEA_API"
1990,54,"Research and development",8.6,"e1gndef1rd00","0","FAAt707","BEA_API"
1991,54,"Research and development",8.6,"e1gndef1rd00","0","FAAt707","BEA_API"
1992,54,"Research and development",8.6,"e1gndef1rd00","0","FAAt707","BEA_API"
1993,54,"Research and development",8.6,"e1gndef1rd00","0","FAAt707","BEA_API"
1994,54,"Research and development",8.7,"e1gndef1rd00","0","FAAt707","BEA_API"
1995,54,"Research and development",8.7,"e1gndef1rd00","0","FAAt707","BEA_API"
1996,54,"Research and development",8.7,"e1gndef1rd00","0","FAAt707","BEA_API"
1997,54,"Research and development",8.8,"e1gndef1rd00","0","FAAt707","BEA_API"
1998,54,"Research and development",8.9,"e1gndef1rd00","0","FAAt707","BEA_API"
1999,54,"Research and development",8.9,"e1gndef1rd00","0","FAAt707","BEA_API"
2000,54,"Research and development",8.9,"e1gndef1rd00","0","FAAt707","BEA_API"
2001,54,"Research and development",8.9,"e1gndef1rd00","0","FAAt707","BEA_API"
2002,54,"Research and development",8.8,"e1gndef1rd00","0","FAAt707","BEA_API"
2003,54,"Research and development",8.7,"e1gndef1rd00","0","FAAt707","BEA_API"
2004,54,"Research and development",8.7,"e1gndef1rd00","0","FAAt707","BEA_API"
2005,54,"Research and development",8.7,"e1gndef1rd00","0","FAAt707","BEA_API"
2006,54,"Research and development",8.7,"e1gndef1rd00","0","FAAt707","BEA_API"
2007,54,"Research and development",8.7,"e1gndef1rd00","0","FAAt707","BEA_API"
2008,54,"Research and development",8.8,"e1gndef1rd00","0","FAAt707","BEA_API"
2009,54,"Research and development",8.7,"e1gndef1rd00","0","FAAt707","BEA_API"
2010,54,"Research and development",8.7,"e1gndef1rd00","0","FAAt707","BEA_API"
2011,54,"Research and development",8.7,"e1gndef1rd00","0","FAAt707","BEA_API"
2012,54,"Research and development",8.7,"e1gndef1rd00","0","FAAt707","BEA_API"
2013,54,"Research and development",8.8,"e1gndef1rd00","0","FAAt707","BEA_API"
2014,54,"Research and development",8.9,"e1gndef1rd00","0","FAAt707","BEA_API"
2015,54,"Research and development",9,"e1gndef1rd00","0","FAAt707","BEA_API"
2016,54,"Research and development",9,"e1gndef1rd00","0","FAAt707","BEA_API"
2017,54,"Research and development",8.9,"e1gndef1rd00","0","FAAt707","BEA_API"
2018,54,"Research and development",8.9,"e1gndef1rd00","0","FAAt707","BEA_API"
2019,54,"Research and development",8.9,"e1gndef1rd00","0","FAAt707","BEA_API"
2020,54,"Research and development",8.8,"e1gndef1rd00","0","FAAt707","BEA_API"
2021,54,"Research and development",8.6,"e1gndef1rd00","0","FAAt707","BEA_API"
2022,54,"Research and development",8.4,"e1gndef1rd00","0","FAAt707","BEA_API"
2023,54,"Research and development",8.4,"e1gndef1rd00","0","FAAt707","BEA_API"
2024,54,"Research and development",8.3,"e1gndef1rd00","0","FAAt707","BEA_API"
1925,55,"State and local",10.8,"e1gstlc1es00","0","FAAt707","BEA_API"
1926,55,"State and local",11.1,"e1gstlc1es00","0","FAAt707","BEA_API"
1927,55,"State and local",11.1,"e1gstlc1es00","0","FAAt707","BEA_API"
1928,55,"State and local",11.3,"e1gstlc1es00","0","FAAt707","BEA_API"
1929,55,"State and local",11.5,"e1gstlc1es00","0","FAAt707","BEA_API"
1930,55,"State and local",11.5,"e1gstlc1es00","0","FAAt707","BEA_API"
1931,55,"State and local",11.5,"e1gstlc1es00","0","FAAt707","BEA_API"
1932,55,"State and local",11.8,"e1gstlc1es00","0","FAAt707","BEA_API"
1933,55,"State and local",12.2,"e1gstlc1es00","0","FAAt707","BEA_API"
1934,55,"State and local",12.7,"e1gstlc1es00","0","FAAt707","BEA_API"
1935,55,"State and local",13.1,"e1gstlc1es00","0","FAAt707","BEA_API"
1936,55,"State and local",13.2,"e1gstlc1es00","0","FAAt707","BEA_API"
1937,55,"State and local",13.6,"e1gstlc1es00","0","FAAt707","BEA_API"
1938,55,"State and local",13.8,"e1gstlc1es00","0","FAAt707","BEA_API"
1939,55,"State and local",13.8,"e1gstlc1es00","0","FAAt707","BEA_API"
1940,55,"State and local",14,"e1gstlc1es00","0","FAAt707","BEA_API"
1941,55,"State and local",14.5,"e1gstlc1es00","0","FAAt707","BEA_API"
1942,55,"State and local",15,"e1gstlc1es00","0","FAAt707","BEA_API"
1943,55,"State and local",15.8,"e1gstlc1es00","0","FAAt707","BEA_API"
1944,55,"State and local",16.8,"e1gstlc1es00","0","FAAt707","BEA_API"
1945,55,"State and local",17.6,"e1gstlc1es00","0","FAAt707","BEA_API"
1946,55,"State and local",18.2,"e1gstlc1es00","0","FAAt707","BEA_API"
1947,55,"State and local",18.8,"e1gstlc1es00","0","FAAt707","BEA_API"
1948,55,"State and local",19,"e1gstlc1es00","0","FAAt707","BEA_API"
1949,55,"State and local",19.1,"e1gstlc1es00","0","FAAt707","BEA_API"
1950,55,"State and local",19,"e1gstlc1es00","0","FAAt707","BEA_API"
1951,55,"State and local",18.9,"e1gstlc1es00","0","FAAt707","BEA_API"
1952,55,"State and local",18.9,"e1gstlc1es00","0","FAAt707","BEA_API"
1953,55,"State and local",18.8,"e1gstlc1es00","0","FAAt707","BEA_API"
1954,55,"State and local",18.5,"e1gstlc1es00","0","FAAt707","BEA_API"
1955,55,"State and local",18.2,"e1gstlc1es00","0","FAAt707","BEA_API"
1956,55,"State and local",18.1,"e1gstlc1es00","0","FAAt707","BEA_API"
1957,55,"State and local",17.9,"e1gstlc1es00","0","FAAt707","BEA_API"
1958,55,"State and local",17.6,"e1gstlc1es00","0","FAAt707","BEA_API"
1959,55,"State and local",17.3,"e1gstlc1es00","0","FAAt707","BEA_API"
1960,55,"State and local",17.2,"e1gstlc1es00","0","FAAt707","BEA_API"
1961,55,"State and local",17,"e1gstlc1es00","0","FAAt707","BEA_API"
1962,55,"State and local",16.9,"e1gstlc1es00","0","FAAt707","BEA_API"
1963,55,"State and local",16.7,"e1gstlc1es00","0","FAAt707","BEA_API"
1964,55,"State and local",16.5,"e1gstlc1es00","0","FAAt707","BEA_API"
1965,55,"State and local",16.3,"e1gstlc1es00","0","FAAt707","BEA_API"
1966,55,"State and local",16.1,"e1gstlc1es00","0","FAAt707","BEA_API"
1967,55,"State and local",15.9,"e1gstlc1es00","0","FAAt707","BEA_API"
1968,55,"State and local",15.8,"e1gstlc1es00","0","FAAt707","BEA_API"
1969,55,"State and local",15.7,"e1gstlc1es00","0","FAAt707","BEA_API"
1970,55,"State and local",15.8,"e1gstlc1es00","0","FAAt707","BEA_API"
1971,55,"State and local",16,"e1gstlc1es00","0","FAAt707","BEA_API"
1972,55,"State and local",16.2,"e1gstlc1es00","0","FAAt707","BEA_API"
1973,55,"State and local",16.4,"e1gstlc1es00","0","FAAt707","BEA_API"
1974,55,"State and local",16.6,"e1gstlc1es00","0","FAAt707","BEA_API"
1975,55,"State and local",16.9,"e1gstlc1es00","0","FAAt707","BEA_API"
1976,55,"State and local",17.1,"e1gstlc1es00","0","FAAt707","BEA_API"
1977,55,"State and local",17.3,"e1gstlc1es00","0","FAAt707","BEA_API"
1978,55,"State and local",17.6,"e1gstlc1es00","0","FAAt707","BEA_API"
1979,55,"State and local",17.8,"e1gstlc1es00","0","FAAt707","BEA_API"
1980,55,"State and local",18.1,"e1gstlc1es00","0","FAAt707","BEA_API"
1981,55,"State and local",18.4,"e1gstlc1es00","0","FAAt707","BEA_API"
1982,55,"State and local",18.7,"e1gstlc1es00","0","FAAt707","BEA_API"
1983,55,"State and local",19.1,"e1gstlc1es00","0","FAAt707","BEA_API"
1984,55,"State and local",19.3,"e1gstlc1es00","0","FAAt707","BEA_API"
1985,55,"State and local",19.5,"e1gstlc1es00","0","FAAt707","BEA_API"
1986,55,"State and local",19.7,"e1gstlc1es00","0","FAAt707","BEA_API"
1987,55,"State and local",19.9,"e1gstlc1es00","0","FAAt707","BEA_API"
1988,55,"State and local",20,"e1gstlc1es00","0","FAAt707","BEA_API"
1989,55,"State and local",20.1,"e1gstlc1es00","0","FAAt707","BEA_API"
1990,55,"State and local",20.2,"e1gstlc1es00","0","FAAt707","BEA_API"
1991,55,"State and local",20.2,"e1gstlc1es00","0","FAAt707","BEA_API"
1992,55,"State and local",20.3,"e1gstlc1es00","0","FAAt707","BEA_API"
1993,55,"State and local",20.5,"e1gstlc1es00","0","FAAt707","BEA_API"
1994,55,"State and local",20.6,"e1gstlc1es00","0","FAAt707","BEA_API"
1995,55,"State and local",20.8,"e1gstlc1es00","0","FAAt707","BEA_API"
1996,55,"State and local",20.9,"e1gstlc1es00","0","FAAt707","BEA_API"
1997,55,"State and local",21,"e1gstlc1es00","0","FAAt707","BEA_API"
1998,55,"State and local",21,"e1gstlc1es00","0","FAAt707","BEA_API"
1999,55,"State and local",21.1,"e1gstlc1es00","0","FAAt707","BEA_API"
2000,55,"State and local",21.1,"e1gstlc1es00","0","FAAt707","BEA_API"
2001,55,"State and local",21.2,"e1gstlc1es00","0","FAAt707","BEA_API"
2002,55,"State and local",21.2,"e1gstlc1es00","0","FAAt707","BEA_API"
2003,55,"State and local",21.2,"e1gstlc1es00","0","FAAt707","BEA_API"
2004,55,"State and local",21.3,"e1gstlc1es00","0","FAAt707","BEA_API"
2005,55,"State and local",21.5,"e1gstlc1es00","0","FAAt707","BEA_API"
2006,55,"State and local",21.6,"e1gstlc1es00","0","FAAt707","BEA_API"
2007,55,"State and local",21.8,"e1gstlc1es00","0","FAAt707","BEA_API"
2008,55,"State and local",21.9,"e1gstlc1es00","0","FAAt707","BEA_API"
2009,55,"State and local",22.1,"e1gstlc1es00","0","FAAt707","BEA_API"
2010,55,"State and local",22.3,"e1gstlc1es00","0","FAAt707","BEA_API"
2011,55,"State and local",22.6,"e1gstlc1es00","0","FAAt707","BEA_API"
2012,55,"State and local",22.9,"e1gstlc1es00","0","FAAt707","BEA_API"
2013,55,"State and local",23.2,"e1gstlc1es00","0","FAAt707","BEA_API"
2014,55,"State and local",23.6,"e1gstlc1es00","0","FAAt707","BEA_API"
2015,55,"State and local",23.8,"e1gstlc1es00","0","FAAt707","BEA_API"
2016,55,"State and local",24.1,"e1gstlc1es00","0","FAAt707","BEA_API"
2017,55,"State and local",24.4,"e1gstlc1es00","0","FAAt707","BEA_API"
2018,55,"State and local",24.6,"e1gstlc1es00","0","FAAt707","BEA_API"
2019,55,"State and local",24.8,"e1gstlc1es00","0","FAAt707","BEA_API"
2020,55,"State and local",25.1,"e1gstlc1es00","0","FAAt707","BEA_API"
2021,55,"State and local",25.4,"e1gstlc1es00","0","FAAt707","BEA_API"
2022,55,"State and local",25.7,"e1gstlc1es00","0","FAAt707","BEA_API"
2023,55,"State and local",26,"e1gstlc1es00","0","FAAt707","BEA_API"
2024,55,"State and local",26.2,"e1gstlc1es00","0","FAAt707","BEA_API"
1925,56,"Equipment",3.5,"e1gstlc1eq00","0","FAAt707","BEA_API"
1926,56,"Equipment",3.4,"e1gstlc1eq00","0","FAAt707","BEA_API"
1927,56,"Equipment",3.3,"e1gstlc1eq00","0","FAAt707","BEA_API"
1928,56,"Equipment",3.3,"e1gstlc1eq00","0","FAAt707","BEA_API"
1929,56,"Equipment",3.3,"e1gstlc1eq00","0","FAAt707","BEA_API"
1930,56,"Equipment",3.5,"e1gstlc1eq00","0","FAAt707","BEA_API"
1931,56,"Equipment",3.7,"e1gstlc1eq00","0","FAAt707","BEA_API"
1932,56,"Equipment",3.9,"e1gstlc1eq00","0","FAAt707","BEA_API"
1933,56,"Equipment",4.2,"e1gstlc1eq00","0","FAAt707","BEA_API"
1934,56,"Equipment",4.5,"e1gstlc1eq00","0","FAAt707","BEA_API"
1935,56,"Equipment",4.8,"e1gstlc1eq00","0","FAAt707","BEA_API"
1936,56,"Equipment",5,"e1gstlc1eq00","0","FAAt707","BEA_API"
1937,56,"Equipment",5,"e1gstlc1eq00","0","FAAt707","BEA_API"
1938,56,"Equipment",5,"e1gstlc1eq00","0","FAAt707","BEA_API"
1939,56,"Equipment",4.9,"e1gstlc1eq00","0","FAAt707","BEA_API"
1940,56,"Equipment",5.1,"e1gstlc1eq00","0","FAAt707","BEA_API"
1941,56,"Equipment",5.4,"e1gstlc1eq00","0","FAAt707","BEA_API"
1942,56,"Equipment",5.8,"e1gstlc1eq00","0","FAAt707","BEA_API"
1943,56,"Equipment",6.3,"e1gstlc1eq00","0","FAAt707","BEA_API"
1944,56,"Equipment",6.8,"e1gstlc1eq00","0","FAAt707","BEA_API"
1945,56,"Equipment",7.1,"e1gstlc1eq00","0","FAAt707","BEA_API"
1946,56,"Equipment",7,"e1gstlc1eq00","0","FAAt707","BEA_API"
1947,56,"Equipment",6.5,"e1gstlc1eq00","0","FAAt707","BEA_API"
1948,56,"Equipment",5.9,"e1gstlc1eq00","0","FAAt707","BEA_API"
1949,56,"Equipment",5.5,"e1gstlc1eq00","0","FAAt707","BEA_API"
1950,56,"Equipment",5.3,"e1gstlc1eq00","0","FAAt707","BEA_API"
1951,56,"Equipment",5.1,"e1gstlc1eq00","0","FAAt707","BEA_API"
1952,56,"Equipment",5,"e1gstlc1eq00","0","FAAt707","BEA_API"
1953,56,"Equipment",4.9,"e1gstlc1eq00","0","FAAt707","BEA_API"
1954,56,"Equipment",4.8,"e1gstlc1eq00","0","FAAt707","BEA_API"
1955,56,"Equipment",4.8,"e1gstlc1eq00","0","FAAt707","BEA_API"
1956,56,"Equipment",4.7,"e1gstlc1eq00","0","FAAt707","BEA_API"
1957,56,"Equipment",4.6,"e1gstlc1eq00","0","FAAt707","BEA_API"
1958,56,"Equipment",4.5,"e1gstlc1eq00","0","FAAt707","BEA_API"
1959,56,"Equipment",4.5,"e1gstlc1eq00","0","FAAt707","BEA_API"
1960,56,"Equipment",4.4,"e1gstlc1eq00","0","FAAt707","BEA_API"
1961,56,"Equipment",4.4,"e1gstlc1eq00","0","FAAt707","BEA_API"
1962,56,"Equipment",4.4,"e1gstlc1eq00","0","FAAt707","BEA_API"
1963,56,"Equipment",4.4,"e1gstlc1eq00","0","FAAt707","BEA_API"
1964,56,"Equipment",4.3,"e1gstlc1eq00","0","FAAt707","BEA_API"
1965,56,"Equipment",4.3,"e1gstlc1eq00","0","FAAt707","BEA_API"
1966,56,"Equipment",4.2,"e1gstlc1eq00","0","FAAt707","BEA_API"
1967,56,"Equipment",4.2,"e1gstlc1eq00","0","FAAt707","BEA_API"
1968,56,"Equipment",4.3,"e1gstlc1eq00","0","FAAt707","BEA_API"
1969,56,"Equipment",4.3,"e1gstlc1eq00","0","FAAt707","BEA_API"
1970,56,"Equipment",4.3,"e1gstlc1eq00","0","FAAt707","BEA_API"
1971,56,"Equipment",4.4,"e1gstlc1eq00","0","FAAt707","BEA_API"
1972,56,"Equipment",4.4,"e1gstlc1eq00","0","FAAt707","BEA_API"
1973,56,"Equipment",4.4,"e1gstlc1eq00","0","FAAt707","BEA_API"
1974,56,"Equipment",4.4,"e1gstlc1eq00","0","FAAt707","BEA_API"
1975,56,"Equipment",4.4,"e1gstlc1eq00","0","FAAt707","BEA_API"
1976,56,"Equipment",4.5,"e1gstlc1eq00","0","FAAt707","BEA_API"
1977,56,"Equipment",4.7,"e1gstlc1eq00","0","FAAt707","BEA_API"
1978,56,"Equipment",4.8,"e1gstlc1eq00","0","FAAt707","BEA_API"
1979,56,"Equipment",4.9,"e1gstlc1eq00","0","FAAt707","BEA_API"
1980,56,"Equipment",5,"e1gstlc1eq00","0","FAAt707","BEA_API"
1981,56,"Equipment",5.1,"e1gstlc1eq00","0","FAAt707","BEA_API"
1982,56,"Equipment",5.2,"e1gstlc1eq00","0","FAAt707","BEA_API"
1983,56,"Equipment",5.2,"e1gstlc1eq00","0","FAAt707","BEA_API"
1984,56,"Equipment",5.2,"e1gstlc1eq00","0","FAAt707","BEA_API"
1985,56,"Equipment",5.1,"e1gstlc1eq00","0","FAAt707","BEA_API"
1986,56,"Equipment",4.9,"e1gstlc1eq00","0","FAAt707","BEA_API"
1987,56,"Equipment",4.9,"e1gstlc1eq00","0","FAAt707","BEA_API"
1988,56,"Equipment",4.9,"e1gstlc1eq00","0","FAAt707","BEA_API"
1989,56,"Equipment",4.8,"e1gstlc1eq00","0","FAAt707","BEA_API"
1990,56,"Equipment",4.8,"e1gstlc1eq00","0","FAAt707","BEA_API"
1991,56,"Equipment",4.8,"e1gstlc1eq00","0","FAAt707","BEA_API"
1992,56,"Equipment",4.9,"e1gstlc1eq00","0","FAAt707","BEA_API"
1993,56,"Equipment",5,"e1gstlc1eq00","0","FAAt707","BEA_API"
1994,56,"Equipment",5,"e1gstlc1eq00","0","FAAt707","BEA_API"
1995,56,"Equipment",5,"e1gstlc1eq00","0","FAAt707","BEA_API"
1996,56,"Equipment",5.1,"e1gstlc1eq00","0","FAAt707","BEA_API"
1997,56,"Equipment",5.1,"e1gstlc1eq00","0","FAAt707","BEA_API"
1998,56,"Equipment",5.1,"e1gstlc1eq00","0","FAAt707","BEA_API"
1999,56,"Equipment",5.1,"e1gstlc1eq00","0","FAAt707","BEA_API"
2000,56,"Equipment",5.1,"e1gstlc1eq00","0","FAAt707","BEA_API"
2001,56,"Equipment",5.1,"e1gstlc1eq00","0","FAAt707","BEA_API"
2002,56,"Equipment",5.2,"e1gstlc1eq00","0","FAAt707","BEA_API"
2003,56,"Equipment",5.2,"e1gstlc1eq00","0","FAAt707","BEA_API"
2004,56,"Equipment",5.3,"e1gstlc1eq00","0","FAAt707","BEA_API"
2005,56,"Equipment",5.5,"e1gstlc1eq00","0","FAAt707","BEA_API"
2006,56,"Equipment",5.5,"e1gstlc1eq00","0","FAAt707","BEA_API"
2007,56,"Equipment",5.5,"e1gstlc1eq00","0","FAAt707","BEA_API"
2008,56,"Equipment",5.5,"e1gstlc1eq00","0","FAAt707","BEA_API"
2009,56,"Equipment",5.6,"e1gstlc1eq00","0","FAAt707","BEA_API"
2010,56,"Equipment",5.7,"e1gstlc1eq00","0","FAAt707","BEA_API"
2011,56,"Equipment",5.8,"e1gstlc1eq00","0","FAAt707","BEA_API"
2012,56,"Equipment",5.9,"e1gstlc1eq00","0","FAAt707","BEA_API"
2013,56,"Equipment",6,"e1gstlc1eq00","0","FAAt707","BEA_API"
2014,56,"Equipment",6.1,"e1gstlc1eq00","0","FAAt707","BEA_API"
2015,56,"Equipment",6.2,"e1gstlc1eq00","0","FAAt707","BEA_API"
2016,56,"Equipment",6.2,"e1gstlc1eq00","0","FAAt707","BEA_API"
2017,56,"Equipment",6.2,"e1gstlc1eq00","0","FAAt707","BEA_API"
2018,56,"Equipment",6.1,"e1gstlc1eq00","0","FAAt707","BEA_API"
2019,56,"Equipment",6.2,"e1gstlc1eq00","0","FAAt707","BEA_API"
2020,56,"Equipment",6.1,"e1gstlc1eq00","0","FAAt707","BEA_API"
2021,56,"Equipment",6.3,"e1gstlc1eq00","0","FAAt707","BEA_API"
2022,56,"Equipment",6.7,"e1gstlc1eq00","0","FAAt707","BEA_API"
2023,56,"Equipment",7.2,"e1gstlc1eq00","0","FAAt707","BEA_API"
2024,56,"Equipment",8.3,"e1gstlc1eq00","0","FAAt707","BEA_API"
1925,57,"Structures",11,"e1gstlc1st00","0","FAAt707","BEA_API"
1926,57,"Structures",11.3,"e1gstlc1st00","0","FAAt707","BEA_API"
1927,57,"Structures",11.4,"e1gstlc1st00","0","FAAt707","BEA_API"
1928,57,"Structures",11.5,"e1gstlc1st00","0","FAAt707","BEA_API"
1929,57,"Structures",11.7,"e1gstlc1st00","0","FAAt707","BEA_API"
1930,57,"Structures",11.7,"e1gstlc1st00","0","FAAt707","BEA_API"
1931,57,"Structures",11.8,"e1gstlc1st00","0","FAAt707","BEA_API"
1932,57,"Structures",12.1,"e1gstlc1st00","0","FAAt707","BEA_API"
1933,57,"Structures",12.5,"e1gstlc1st00","0","FAAt707","BEA_API"
1934,57,"Structures",12.9,"e1gstlc1st00","0","FAAt707","BEA_API"
1935,57,"Structures",13.4,"e1gstlc1st00","0","FAAt707","BEA_API"
1936,57,"Structures",13.5,"e1gstlc1st00","0","FAAt707","BEA_API"
1937,57,"Structures",13.8,"e1gstlc1st00","0","FAAt707","BEA_API"
1938,57,"Structures",14,"e1gstlc1st00","0","FAAt707","BEA_API"
1939,57,"Structures",14,"e1gstlc1st00","0","FAAt707","BEA_API"
1940,57,"Structures",14.3,"e1gstlc1st00","0","FAAt707","BEA_API"
1941,57,"Structures",14.7,"e1gstlc1st00","0","FAAt707","BEA_API"
1942,57,"Structures",15.3,"e1gstlc1st00","0","FAAt707","BEA_API"
1943,57,"Structures",16,"e1gstlc1st00","0","FAAt707","BEA_API"
1944,57,"Structures",17,"e1gstlc1st00","0","FAAt707","BEA_API"
1945,57,"Structures",17.8,"e1gstlc1st00","0","FAAt707","BEA_API"
1946,57,"Structures",18.5,"e1gstlc1st00","0","FAAt707","BEA_API"
1947,57,"Structures",19,"e1gstlc1st00","0","FAAt707","BEA_API"
1948,57,"Structures",19.3,"e1gstlc1st00","0","FAAt707","BEA_API"
1949,57,"Structures",19.4,"e1gstlc1st00","0","FAAt707","BEA_API"
1950,57,"Structures",19.3,"e1gstlc1st00","0","FAAt707","BEA_API"
1951,57,"Structures",19.2,"e1gstlc1st00","0","FAAt707","BEA_API"
1952,57,"Structures",19.2,"e1gstlc1st00","0","FAAt707","BEA_API"
1953,57,"Structures",19.1,"e1gstlc1st00","0","FAAt707","BEA_API"
1954,57,"Structures",18.9,"e1gstlc1st00","0","FAAt707","BEA_API"
1955,57,"Structures",18.6,"e1gstlc1st00","0","FAAt707","BEA_API"
1956,57,"Structures",18.4,"e1gstlc1st00","0","FAAt707","BEA_API"
1957,57,"Structures",18.2,"e1gstlc1st00","0","FAAt707","BEA_API"
1958,57,"Structures",18,"e1gstlc1st00","0","FAAt707","BEA_API"
1959,57,"Structures",17.7,"e1gstlc1st00","0","FAAt707","BEA_API"
1960,57,"Structures",17.6,"e1gstlc1st00","0","FAAt707","BEA_API"
1961,57,"Structures",17.4,"e1gstlc1st00","0","FAAt707","BEA_API"
1962,57,"Structures",17.2,"e1gstlc1st00","0","FAAt707","BEA_API"
1963,57,"Structures",17.1,"e1gstlc1st00","0","FAAt707","BEA_API"
1964,57,"Structures",16.9,"e1gstlc1st00","0","FAAt707","BEA_API"
1965,57,"Structures",16.7,"e1gstlc1st00","0","FAAt707","BEA_API"
1966,57,"Structures",16.5,"e1gstlc1st00","0","FAAt707","BEA_API"
1967,57,"Structures",16.3,"e1gstlc1st00","0","FAAt707","BEA_API"
1968,57,"Structures",16.1,"e1gstlc1st00","0","FAAt707","BEA_API"
1969,57,"Structures",16.1,"e1gstlc1st00","0","FAAt707","BEA_API"
1970,57,"Structures",16.2,"e1gstlc1st00","0","FAAt707","BEA_API"
1971,57,"Structures",16.4,"e1gstlc1st00","0","FAAt707","BEA_API"
1972,57,"Structures",16.5,"e1gstlc1st00","0","FAAt707","BEA_API"
1973,57,"Structures",16.8,"e1gstlc1st00","0","FAAt707","BEA_API"
1974,57,"Structures",17,"e1gstlc1st00","0","FAAt707","BEA_API"
1975,57,"Structures",17.3,"e1gstlc1st00","0","FAAt707","BEA_API"
1976,57,"Structures",17.5,"e1gstlc1st00","0","FAAt707","BEA_API"
1977,57,"Structures",17.8,"e1gstlc1st00","0","FAAt707","BEA_API"
1978,57,"Structures",18.1,"e1gstlc1st00","0","FAAt707","BEA_API"
1979,57,"Structures",18.3,"e1gstlc1st00","0","FAAt707","BEA_API"
1980,57,"Structures",18.6,"e1gstlc1st00","0","FAAt707","BEA_API"
1981,57,"Structures",18.9,"e1gstlc1st00","0","FAAt707","BEA_API"
1982,57,"Structures",19.3,"e1gstlc1st00","0","FAAt707","BEA_API"
1983,57,"Structures",19.6,"e1gstlc1st00","0","FAAt707","BEA_API"
1984,57,"Structures",20,"e1gstlc1st00","0","FAAt707","BEA_API"
1985,57,"Structures",20.2,"e1gstlc1st00","0","FAAt707","BEA_API"
1986,57,"Structures",20.4,"e1gstlc1st00","0","FAAt707","BEA_API"
1987,57,"Structures",20.6,"e1gstlc1st00","0","FAAt707","BEA_API"
1988,57,"Structures",20.8,"e1gstlc1st00","0","FAAt707","BEA_API"
1989,57,"Structures",20.9,"e1gstlc1st00","0","FAAt707","BEA_API"
1990,57,"Structures",21,"e1gstlc1st00","0","FAAt707","BEA_API"
1991,57,"Structures",21.2,"e1gstlc1st00","0","FAAt707","BEA_API"
1992,57,"Structures",21.3,"e1gstlc1st00","0","FAAt707","BEA_API"
1993,57,"Structures",21.4,"e1gstlc1st00","0","FAAt707","BEA_API"
1994,57,"Structures",21.6,"e1gstlc1st00","0","FAAt707","BEA_API"
1995,57,"Structures",21.8,"e1gstlc1st00","0","FAAt707","BEA_API"
1996,57,"Structures",21.9,"e1gstlc1st00","0","FAAt707","BEA_API"
1997,57,"Structures",21.9,"e1gstlc1st00","0","FAAt707","BEA_API"
1998,57,"Structures",22,"e1gstlc1st00","0","FAAt707","BEA_API"
1999,57,"Structures",22.1,"e1gstlc1st00","0","FAAt707","BEA_API"
2000,57,"Structures",22.1,"e1gstlc1st00","0","FAAt707","BEA_API"
2001,57,"Structures",22.1,"e1gstlc1st00","0","FAAt707","BEA_API"
2002,57,"Structures",22.1,"e1gstlc1st00","0","FAAt707","BEA_API"
2003,57,"Structures",22.1,"e1gstlc1st00","0","FAAt707","BEA_API"
2004,57,"Structures",22.1,"e1gstlc1st00","0","FAAt707","BEA_API"
2005,57,"Structures",22.2,"e1gstlc1st00","0","FAAt707","BEA_API"
2006,57,"Structures",22.3,"e1gstlc1st00","0","FAAt707","BEA_API"
2007,57,"Structures",22.5,"e1gstlc1st00","0","FAAt707","BEA_API"
2008,57,"Structures",22.6,"e1gstlc1st00","0","FAAt707","BEA_API"
2009,57,"Structures",22.8,"e1gstlc1st00","0","FAAt707","BEA_API"
2010,57,"Structures",23,"e1gstlc1st00","0","FAAt707","BEA_API"
2011,57,"Structures",23.3,"e1gstlc1st00","0","FAAt707","BEA_API"
2012,57,"Structures",23.6,"e1gstlc1st00","0","FAAt707","BEA_API"
2013,57,"Structures",23.9,"e1gstlc1st00","0","FAAt707","BEA_API"
2014,57,"Structures",24.2,"e1gstlc1st00","0","FAAt707","BEA_API"
2015,57,"Structures",24.5,"e1gstlc1st00","0","FAAt707","BEA_API"
2016,57,"Structures",24.8,"e1gstlc1st00","0","FAAt707","BEA_API"
2017,57,"Structures",25.1,"e1gstlc1st00","0","FAAt707","BEA_API"
2018,57,"Structures",25.3,"e1gstlc1st00","0","FAAt707","BEA_API"
2019,57,"Structures",25.5,"e1gstlc1st00","0","FAAt707","BEA_API"
2020,57,"Structures",25.8,"e1gstlc1st00","0","FAAt707","BEA_API"
2021,57,"Structures",26.1,"e1gstlc1st00","0","FAAt707","BEA_API"
2022,57,"Structures",26.4,"e1gstlc1st00","0","FAAt707","BEA_API"
2023,57,"Structures",26.7,"e1gstlc1st00","0","FAAt707","BEA_API"
2024,57,"Structures",26.9,"e1gstlc1st00","0","FAAt707","BEA_API"
1925,58,"Residential",0,"e1gstlc1sa00","0","FAAt707","BEA_API"
1926,58,"Residential",0,"e1gstlc1sa00","0","FAAt707","BEA_API"
1927,58,"Residential",0,"e1gstlc1sa00","0","FAAt707","BEA_API"
1928,58,"Residential",0,"e1gstlc1sa00","0","FAAt707","BEA_API"
1929,58,"Residential",0.5,"e1gstlc1sa00","0","FAAt707","BEA_API"
1930,58,"Residential",1,"e1gstlc1sa00","0","FAAt707","BEA_API"
1931,58,"Residential",1.5,"e1gstlc1sa00","0","FAAt707","BEA_API"
1932,58,"Residential",2,"e1gstlc1sa00","0","FAAt707","BEA_API"
1933,58,"Residential",2.6,"e1gstlc1sa00","0","FAAt707","BEA_API"
1934,58,"Residential",3.2,"e1gstlc1sa00","0","FAAt707","BEA_API"
1935,58,"Residential",3.7,"e1gstlc1sa00","0","FAAt707","BEA_API"
1936,58,"Residential",4.3,"e1gstlc1sa00","0","FAAt707","BEA_API"
1937,58,"Residential",4.8,"e1gstlc1sa00","0","FAAt707","BEA_API"
1938,58,"Residential",5,"e1gstlc1sa00","0","FAAt707","BEA_API"
1939,58,"Residential",2.6,"e1gstlc1sa00","0","FAAt707","BEA_API"
1940,58,"Residential",1.6,"e1gstlc1sa00","0","FAAt707","BEA_API"
1941,58,"Residential",1.8,"e1gstlc1sa00","0","FAAt707","BEA_API"
1942,58,"Residential",2.2,"e1gstlc1sa00","0","FAAt707","BEA_API"
1943,58,"Residential",3.1,"e1gstlc1sa00","0","FAAt707","BEA_API"
1944,58,"Residential",4,"e1gstlc1sa00","0","FAAt707","BEA_API"
1945,58,"Residential",4.8,"e1gstlc1sa00","0","FAAt707","BEA_API"
1946,58,"Residential",5.2,"e1gstlc1sa00","0","FAAt707","BEA_API"
1947,58,"Residential",5.6,"e1gstlc1sa00","0","FAAt707","BEA_API"
1948,58,"Residential",6.2,"e1gstlc1sa00","0","FAAt707","BEA_API"
1949,58,"Residential",6.2,"e1gstlc1sa00","0","FAAt707","BEA_API"
1950,58,"Residential",6.3,"e1gstlc1sa00","0","FAAt707","BEA_API"
1951,58,"Residential",6.1,"e1gstlc1sa00","0","FAAt707","BEA_API"
1952,58,"Residential",6,"e1gstlc1sa00","0","FAAt707","BEA_API"
1953,58,"Residential",6.2,"e1gstlc1sa00","0","FAAt707","BEA_API"
1954,58,"Residential",6.7,"e1gstlc1sa00","0","FAAt707","BEA_API"
1955,58,"Residential",7.3,"e1gstlc1sa00","0","FAAt707","BEA_API"
1956,58,"Residential",7.9,"e1gstlc1sa00","0","FAAt707","BEA_API"
1957,58,"Residential",8.4,"e1gstlc1sa00","0","FAAt707","BEA_API"
1958,58,"Residential",8.7,"e1gstlc1sa00","0","FAAt707","BEA_API"
1959,58,"Residential",9,"e1gstlc1sa00","0","FAAt707","BEA_API"
1960,58,"Residential",9.3,"e1gstlc1sa00","0","FAAt707","BEA_API"
1961,58,"Residential",9.5,"e1gstlc1sa00","0","FAAt707","BEA_API"
1962,58,"Residential",9.5,"e1gstlc1sa00","0","FAAt707","BEA_API"
1963,58,"Residential",9.9,"e1gstlc1sa00","0","FAAt707","BEA_API"
1964,58,"Residential",10.3,"e1gstlc1sa00","0","FAAt707","BEA_API"
1965,58,"Residential",10.6,"e1gstlc1sa00","0","FAAt707","BEA_API"
1966,58,"Residential",10.9,"e1gstlc1sa00","0","FAAt707","BEA_API"
1967,58,"Residential",11.1,"e1gstlc1sa00","0","FAAt707","BEA_API"
1968,58,"Residential",11.3,"e1gstlc1sa00","0","FAAt707","BEA_API"
1969,58,"Residential",11.5,"e1gstlc1sa00","0","FAAt707","BEA_API"
1970,58,"Residential",11.6,"e1gstlc1sa00","0","FAAt707","BEA_API"
1971,58,"Residential",11.8,"e1gstlc1sa00","0","FAAt707","BEA_API"
1972,58,"Residential",12.3,"e1gstlc1sa00","0","FAAt707","BEA_API"
1973,58,"Residential",12.7,"e1gstlc1sa00","0","FAAt707","BEA_API"
1974,58,"Residential",13.2,"e1gstlc1sa00","0","FAAt707","BEA_API"
1975,58,"Residential",13.7,"e1gstlc1sa00","0","FAAt707","BEA_API"
1976,58,"Residential",14.2,"e1gstlc1sa00","0","FAAt707","BEA_API"
1977,58,"Residential",14.7,"e1gstlc1sa00","0","FAAt707","BEA_API"
1978,58,"Residential",15.2,"e1gstlc1sa00","0","FAAt707","BEA_API"
1979,58,"Residential",15.6,"e1gstlc1sa00","0","FAAt707","BEA_API"
1980,58,"Residential",16,"e1gstlc1sa00","0","FAAt707","BEA_API"
1981,58,"Residential",16.3,"e1gstlc1sa00","0","FAAt707","BEA_API"
1982,58,"Residential",16.7,"e1gstlc1sa00","0","FAAt707","BEA_API"
1983,58,"Residential",17,"e1gstlc1sa00","0","FAAt707","BEA_API"
1984,58,"Residential",17.4,"e1gstlc1sa00","0","FAAt707","BEA_API"
1985,58,"Residential",17.7,"e1gstlc1sa00","0","FAAt707","BEA_API"
1986,58,"Residential",18,"e1gstlc1sa00","0","FAAt707","BEA_API"
1987,58,"Residential",18.3,"e1gstlc1sa00","0","FAAt707","BEA_API"
1988,58,"Residential",18.7,"e1gstlc1sa00","0","FAAt707","BEA_API"
1989,58,"Residential",19,"e1gstlc1sa00","0","FAAt707","BEA_API"
1990,58,"Residential",19.3,"e1gstlc1sa00","0","FAAt707","BEA_API"
1991,58,"Residential",19.5,"e1gstlc1sa00","0","FAAt707","BEA_API"
1992,58,"Residential",19.7,"e1gstlc1sa00","0","FAAt707","BEA_API"
1993,58,"Residential",20,"e1gstlc1sa00","0","FAAt707","BEA_API"
1994,58,"Residential",20.4,"e1gstlc1sa00","0","FAAt707","BEA_API"
1995,58,"Residential",20.6,"e1gstlc1sa00","0","FAAt707","BEA_API"
1996,58,"Residential",20.9,"e1gstlc1sa00","0","FAAt707","BEA_API"
1997,58,"Residential",21.1,"e1gstlc1sa00","0","FAAt707","BEA_API"
1998,58,"Residential",21.4,"e1gstlc1sa00","0","FAAt707","BEA_API"
1999,58,"Residential",21.7,"e1gstlc1sa00","0","FAAt707","BEA_API"
2000,58,"Residential",22,"e1gstlc1sa00","0","FAAt707","BEA_API"
2001,58,"Residential",22.3,"e1gstlc1sa00","0","FAAt707","BEA_API"
2002,58,"Residential",22.5,"e1gstlc1sa00","0","FAAt707","BEA_API"
2003,58,"Residential",22.8,"e1gstlc1sa00","0","FAAt707","BEA_API"
2004,58,"Residential",23,"e1gstlc1sa00","0","FAAt707","BEA_API"
2005,58,"Residential",23.3,"e1gstlc1sa00","0","FAAt707","BEA_API"
2006,58,"Residential",23.7,"e1gstlc1sa00","0","FAAt707","BEA_API"
2007,58,"Residential",24.1,"e1gstlc1sa00","0","FAAt707","BEA_API"
2008,58,"Residential",24.4,"e1gstlc1sa00","0","FAAt707","BEA_API"
2009,58,"Residential",24.6,"e1gstlc1sa00","0","FAAt707","BEA_API"
2010,58,"Residential",24.9,"e1gstlc1sa00","0","FAAt707","BEA_API"
2011,58,"Residential",25.2,"e1gstlc1sa00","0","FAAt707","BEA_API"
2012,58,"Residential",25.7,"e1gstlc1sa00","0","FAAt707","BEA_API"
2013,58,"Residential",26.2,"e1gstlc1sa00","0","FAAt707","BEA_API"
2014,58,"Residential",26.8,"e1gstlc1sa00","0","FAAt707","BEA_API"
2015,58,"Residential",27.3,"e1gstlc1sa00","0","FAAt707","BEA_API"
2016,58,"Residential",27.8,"e1gstlc1sa00","0","FAAt707","BEA_API"
2017,58,"Residential",28.3,"e1gstlc1sa00","0","FAAt707","BEA_API"
2018,58,"Residential",28.8,"e1gstlc1sa00","0","FAAt707","BEA_API"
2019,58,"Residential",29.2,"e1gstlc1sa00","0","FAAt707","BEA_API"
2020,58,"Residential",29.7,"e1gstlc1sa00","0","FAAt707","BEA_API"
2021,58,"Residential",30.3,"e1gstlc1sa00","0","FAAt707","BEA_API"
2022,58,"Residential",30.8,"e1gstlc1sa00","0","FAAt707","BEA_API"
2023,58,"Residential",31.3,"e1gstlc1sa00","0","FAAt707","BEA_API"
2024,58,"Residential",31.7,"e1gstlc1sa00","0","FAAt707","BEA_API"
1925,59,"Office",12.3,"e1gstlc1sd00","0","FAAt707","BEA_API"
1926,59,"Office",11.9,"e1gstlc1sd00","0","FAAt707","BEA_API"
1927,59,"Office",11.6,"e1gstlc1sd00","0","FAAt707","BEA_API"
1928,59,"Office",11.3,"e1gstlc1sd00","0","FAAt707","BEA_API"
1929,59,"Office",10.9,"e1gstlc1sd00","0","FAAt707","BEA_API"
1930,59,"Office",10.6,"e1gstlc1sd00","0","FAAt707","BEA_API"
1931,59,"Office",10.2,"e1gstlc1sd00","0","FAAt707","BEA_API"
1932,59,"Office",10.3,"e1gstlc1sd00","0","FAAt707","BEA_API"
1933,59,"Office",10.8,"e1gstlc1sd00","0","FAAt707","BEA_API"
1934,59,"Office",11,"e1gstlc1sd00","0","FAAt707","BEA_API"
1935,59,"Office",11.3,"e1gstlc1sd00","0","FAAt707","BEA_API"
1936,59,"Office",11,"e1gstlc1sd00","0","FAAt707","BEA_API"
1937,59,"Office",11.2,"e1gstlc1sd00","0","FAAt707","BEA_API"
1938,59,"Office",11.3,"e1gstlc1sd00","0","FAAt707","BEA_API"
1939,59,"Office",10.9,"e1gstlc1sd00","0","FAAt707","BEA_API"
1940,59,"Office",11,"e1gstlc1sd00","0","FAAt707","BEA_API"
1941,59,"Office",11.6,"e1gstlc1sd00","0","FAAt707","BEA_API"
1942,59,"Office",12.4,"e1gstlc1sd00","0","FAAt707","BEA_API"
1943,59,"Office",13.3,"e1gstlc1sd00","0","FAAt707","BEA_API"
1944,59,"Office",14.1,"e1gstlc1sd00","0","FAAt707","BEA_API"
1945,59,"Office",15,"e1gstlc1sd00","0","FAAt707","BEA_API"
1946,59,"Office",15.9,"e1gstlc1sd00","0","FAAt707","BEA_API"
1947,59,"Office",16.5,"e1gstlc1sd00","0","FAAt707","BEA_API"
1948,59,"Office",16.9,"e1gstlc1sd00","0","FAAt707","BEA_API"
1949,59,"Office",16.9,"e1gstlc1sd00","0","FAAt707","BEA_API"
1950,59,"Office",16.9,"e1gstlc1sd00","0","FAAt707","BEA_API"
1951,59,"Office",16.9,"e1gstlc1sd00","0","FAAt707","BEA_API"
1952,59,"Office",17.3,"e1gstlc1sd00","0","FAAt707","BEA_API"
1953,59,"Office",17.4,"e1gstlc1sd00","0","FAAt707","BEA_API"
1954,59,"Office",17.3,"e1gstlc1sd00","0","FAAt707","BEA_API"
1955,59,"Office",16.9,"e1gstlc1sd00","0","FAAt707","BEA_API"
1956,59,"Office",16.8,"e1gstlc1sd00","0","FAAt707","BEA_API"
1957,59,"Office",16.6,"e1gstlc1sd00","0","FAAt707","BEA_API"
1958,59,"Office",16.4,"e1gstlc1sd00","0","FAAt707","BEA_API"
1959,59,"Office",16.2,"e1gstlc1sd00","0","FAAt707","BEA_API"
1960,59,"Office",15.9,"e1gstlc1sd00","0","FAAt707","BEA_API"
1961,59,"Office",15.9,"e1gstlc1sd00","0","FAAt707","BEA_API"
1962,59,"Office",15.7,"e1gstlc1sd00","0","FAAt707","BEA_API"
1963,59,"Office",15.4,"e1gstlc1sd00","0","FAAt707","BEA_API"
1964,59,"Office",15.1,"e1gstlc1sd00","0","FAAt707","BEA_API"
1965,59,"Office",14.7,"e1gstlc1sd00","0","FAAt707","BEA_API"
1966,59,"Office",14.5,"e1gstlc1sd00","0","FAAt707","BEA_API"
1967,59,"Office",14,"e1gstlc1sd00","0","FAAt707","BEA_API"
1968,59,"Office",13.5,"e1gstlc1sd00","0","FAAt707","BEA_API"
1969,59,"Office",12.9,"e1gstlc1sd00","0","FAAt707","BEA_API"
1970,59,"Office",12.9,"e1gstlc1sd00","0","FAAt707","BEA_API"
1971,59,"Office",12.9,"e1gstlc1sd00","0","FAAt707","BEA_API"
1972,59,"Office",13,"e1gstlc1sd00","0","FAAt707","BEA_API"
1973,59,"Office",13,"e1gstlc1sd00","0","FAAt707","BEA_API"
1974,59,"Office",12.9,"e1gstlc1sd00","0","FAAt707","BEA_API"
1975,59,"Office",12.7,"e1gstlc1sd00","0","FAAt707","BEA_API"
1976,59,"Office",12.7,"e1gstlc1sd00","0","FAAt707","BEA_API"
1977,59,"Office",12.9,"e1gstlc1sd00","0","FAAt707","BEA_API"
1978,59,"Office",13,"e1gstlc1sd00","0","FAAt707","BEA_API"
1979,59,"Office",13.2,"e1gstlc1sd00","0","FAAt707","BEA_API"
1980,59,"Office",13.4,"e1gstlc1sd00","0","FAAt707","BEA_API"
1981,59,"Office",13.7,"e1gstlc1sd00","0","FAAt707","BEA_API"
1982,59,"Office",14.1,"e1gstlc1sd00","0","FAAt707","BEA_API"
1983,59,"Office",14.4,"e1gstlc1sd00","0","FAAt707","BEA_API"
1984,59,"Office",14.8,"e1gstlc1sd00","0","FAAt707","BEA_API"
1985,59,"Office",15.1,"e1gstlc1sd00","0","FAAt707","BEA_API"
1986,59,"Office",15.3,"e1gstlc1sd00","0","FAAt707","BEA_API"
1987,59,"Office",15.6,"e1gstlc1sd00","0","FAAt707","BEA_API"
1988,59,"Office",15.8,"e1gstlc1sd00","0","FAAt707","BEA_API"
1989,59,"Office",16,"e1gstlc1sd00","0","FAAt707","BEA_API"
1990,59,"Office",16.2,"e1gstlc1sd00","0","FAAt707","BEA_API"
1991,59,"Office",16.3,"e1gstlc1sd00","0","FAAt707","BEA_API"
1992,59,"Office",16.5,"e1gstlc1sd00","0","FAAt707","BEA_API"
1993,59,"Office",16.7,"e1gstlc1sd00","0","FAAt707","BEA_API"
1994,59,"Office",16.8,"e1gstlc1sd00","0","FAAt707","BEA_API"
1995,59,"Office",16.9,"e1gstlc1sd00","0","FAAt707","BEA_API"
1996,59,"Office",16.9,"e1gstlc1sd00","0","FAAt707","BEA_API"
1997,59,"Office",16.9,"e1gstlc1sd00","0","FAAt707","BEA_API"
1998,59,"Office",16.9,"e1gstlc1sd00","0","FAAt707","BEA_API"
1999,59,"Office",16.9,"e1gstlc1sd00","0","FAAt707","BEA_API"
2000,59,"Office",16.9,"e1gstlc1sd00","0","FAAt707","BEA_API"
2001,59,"Office",17,"e1gstlc1sd00","0","FAAt707","BEA_API"
2002,59,"Office",16.9,"e1gstlc1sd00","0","FAAt707","BEA_API"
2003,59,"Office",16.8,"e1gstlc1sd00","0","FAAt707","BEA_API"
2004,59,"Office",16.8,"e1gstlc1sd00","0","FAAt707","BEA_API"
2005,59,"Office",17,"e1gstlc1sd00","0","FAAt707","BEA_API"
2006,59,"Office",17.1,"e1gstlc1sd00","0","FAAt707","BEA_API"
2007,59,"Office",17.3,"e1gstlc1sd00","0","FAAt707","BEA_API"
2008,59,"Office",17.5,"e1gstlc1sd00","0","FAAt707","BEA_API"
2009,59,"Office",17.8,"e1gstlc1sd00","0","FAAt707","BEA_API"
2010,59,"Office",18,"e1gstlc1sd00","0","FAAt707","BEA_API"
2011,59,"Office",18.3,"e1gstlc1sd00","0","FAAt707","BEA_API"
2012,59,"Office",18.6,"e1gstlc1sd00","0","FAAt707","BEA_API"
2013,59,"Office",19,"e1gstlc1sd00","0","FAAt707","BEA_API"
2014,59,"Office",19.3,"e1gstlc1sd00","0","FAAt707","BEA_API"
2015,59,"Office",19.7,"e1gstlc1sd00","0","FAAt707","BEA_API"
2016,59,"Office",20.1,"e1gstlc1sd00","0","FAAt707","BEA_API"
2017,59,"Office",20.5,"e1gstlc1sd00","0","FAAt707","BEA_API"
2018,59,"Office",20.8,"e1gstlc1sd00","0","FAAt707","BEA_API"
2019,59,"Office",21.2,"e1gstlc1sd00","0","FAAt707","BEA_API"
2020,59,"Office",21.5,"e1gstlc1sd00","0","FAAt707","BEA_API"
2021,59,"Office",21.9,"e1gstlc1sd00","0","FAAt707","BEA_API"
2022,59,"Office",22.3,"e1gstlc1sd00","0","FAAt707","BEA_API"
2023,59,"Office",22.6,"e1gstlc1sd00","0","FAAt707","BEA_API"
2024,59,"Office",22.9,"e1gstlc1sd00","0","FAAt707","BEA_API"
1925,60,"Commercial",12.6,"e1gstlc1se00","0","FAAt707","BEA_API"
1926,60,"Commercial",12.3,"e1gstlc1se00","0","FAAt707","BEA_API"
1927,60,"Commercial",11.7,"e1gstlc1se00","0","FAAt707","BEA_API"
1928,60,"Commercial",11.5,"e1gstlc1se00","0","FAAt707","BEA_API"
1929,60,"Commercial",11.4,"e1gstlc1se00","0","FAAt707","BEA_API"
1930,60,"Commercial",11.3,"e1gstlc1se00","0","FAAt707","BEA_API"
1931,60,"Commercial",10.8,"e1gstlc1se00","0","FAAt707","BEA_API"
1932,60,"Commercial",10.9,"e1gstlc1se00","0","FAAt707","BEA_API"
1933,60,"Commercial",11.5,"e1gstlc1se00","0","FAAt707","BEA_API"
1934,60,"Commercial",11.8,"e1gstlc1se00","0","FAAt707","BEA_API"
1935,60,"Commercial",12.1,"e1gstlc1se00","0","FAAt707","BEA_API"
1936,60,"Commercial",11.5,"e1gstlc1se00","0","FAAt707","BEA_API"
1937,60,"Commercial",11.7,"e1gstlc1se00","0","FAAt707","BEA_API"
1938,60,"Commercial",11.6,"e1gstlc1se00","0","FAAt707","BEA_API"
1939,60,"Commercial",11.4,"e1gstlc1se00","0","FAAt707","BEA_API"
1940,60,"Commercial",11.6,"e1gstlc1se00","0","FAAt707","BEA_API"
1941,60,"Commercial",12.1,"e1gstlc1se00","0","FAAt707","BEA_API"
1942,60,"Commercial",12.9,"e1gstlc1se00","0","FAAt707","BEA_API"
1943,60,"Commercial",13.8,"e1gstlc1se00","0","FAAt707","BEA_API"
1944,60,"Commercial",14.6,"e1gstlc1se00","0","FAAt707","BEA_API"
1945,60,"Commercial",15.5,"e1gstlc1se00","0","FAAt707","BEA_API"
1946,60,"Commercial",16.3,"e1gstlc1se00","0","FAAt707","BEA_API"
1947,60,"Commercial",16.9,"e1gstlc1se00","0","FAAt707","BEA_API"
1948,60,"Commercial",17.4,"e1gstlc1se00","0","FAAt707","BEA_API"
1949,60,"Commercial",17.6,"e1gstlc1se00","0","FAAt707","BEA_API"
1950,60,"Commercial",17.8,"e1gstlc1se00","0","FAAt707","BEA_API"
1951,60,"Commercial",18.1,"e1gstlc1se00","0","FAAt707","BEA_API"
1952,60,"Commercial",18.6,"e1gstlc1se00","0","FAAt707","BEA_API"
1953,60,"Commercial",18.9,"e1gstlc1se00","0","FAAt707","BEA_API"
1954,60,"Commercial",19,"e1gstlc1se00","0","FAAt707","BEA_API"
1955,60,"Commercial",19,"e1gstlc1se00","0","FAAt707","BEA_API"
1956,60,"Commercial",19,"e1gstlc1se00","0","FAAt707","BEA_API"
1957,60,"Commercial",18.9,"e1gstlc1se00","0","FAAt707","BEA_API"
1958,60,"Commercial",18.8,"e1gstlc1se00","0","FAAt707","BEA_API"
1959,60,"Commercial",18.6,"e1gstlc1se00","0","FAAt707","BEA_API"
1960,60,"Commercial",18.8,"e1gstlc1se00","0","FAAt707","BEA_API"
1961,60,"Commercial",19,"e1gstlc1se00","0","FAAt707","BEA_API"
1962,60,"Commercial",19.2,"e1gstlc1se00","0","FAAt707","BEA_API"
1963,60,"Commercial",19.1,"e1gstlc1se00","0","FAAt707","BEA_API"
1964,60,"Commercial",18.8,"e1gstlc1se00","0","FAAt707","BEA_API"
1965,60,"Commercial",18.5,"e1gstlc1se00","0","FAAt707","BEA_API"
1966,60,"Commercial",18.1,"e1gstlc1se00","0","FAAt707","BEA_API"
1967,60,"Commercial",18,"e1gstlc1se00","0","FAAt707","BEA_API"
1968,60,"Commercial",18,"e1gstlc1se00","0","FAAt707","BEA_API"
1969,60,"Commercial",18,"e1gstlc1se00","0","FAAt707","BEA_API"
1970,60,"Commercial",18.1,"e1gstlc1se00","0","FAAt707","BEA_API"
1971,60,"Commercial",18.3,"e1gstlc1se00","0","FAAt707","BEA_API"
1972,60,"Commercial",18.4,"e1gstlc1se00","0","FAAt707","BEA_API"
1973,60,"Commercial",18.4,"e1gstlc1se00","0","FAAt707","BEA_API"
1974,60,"Commercial",18.2,"e1gstlc1se00","0","FAAt707","BEA_API"
1975,60,"Commercial",18,"e1gstlc1se00","0","FAAt707","BEA_API"
1976,60,"Commercial",17.9,"e1gstlc1se00","0","FAAt707","BEA_API"
1977,60,"Commercial",18.2,"e1gstlc1se00","0","FAAt707","BEA_API"
1978,60,"Commercial",18.5,"e1gstlc1se00","0","FAAt707","BEA_API"
1979,60,"Commercial",18.8,"e1gstlc1se00","0","FAAt707","BEA_API"
1980,60,"Commercial",19.1,"e1gstlc1se00","0","FAAt707","BEA_API"
1981,60,"Commercial",19.5,"e1gstlc1se00","0","FAAt707","BEA_API"
1982,60,"Commercial",19.8,"e1gstlc1se00","0","FAAt707","BEA_API"
1983,60,"Commercial",20.1,"e1gstlc1se00","0","FAAt707","BEA_API"
1984,60,"Commercial",20.4,"e1gstlc1se00","0","FAAt707","BEA_API"
1985,60,"Commercial",20.6,"e1gstlc1se00","0","FAAt707","BEA_API"
1986,60,"Commercial",20.8,"e1gstlc1se00","0","FAAt707","BEA_API"
1987,60,"Commercial",20.9,"e1gstlc1se00","0","FAAt707","BEA_API"
1988,60,"Commercial",21,"e1gstlc1se00","0","FAAt707","BEA_API"
1989,60,"Commercial",21.3,"e1gstlc1se00","0","FAAt707","BEA_API"
1990,60,"Commercial",21.5,"e1gstlc1se00","0","FAAt707","BEA_API"
1991,60,"Commercial",21.7,"e1gstlc1se00","0","FAAt707","BEA_API"
1992,60,"Commercial",22.2,"e1gstlc1se00","0","FAAt707","BEA_API"
1993,60,"Commercial",22.7,"e1gstlc1se00","0","FAAt707","BEA_API"
1994,60,"Commercial",23.3,"e1gstlc1se00","0","FAAt707","BEA_API"
1995,60,"Commercial",23.8,"e1gstlc1se00","0","FAAt707","BEA_API"
1996,60,"Commercial",24.2,"e1gstlc1se00","0","FAAt707","BEA_API"
1997,60,"Commercial",24.8,"e1gstlc1se00","0","FAAt707","BEA_API"
1998,60,"Commercial",25.2,"e1gstlc1se00","0","FAAt707","BEA_API"
1999,60,"Commercial",25.5,"e1gstlc1se00","0","FAAt707","BEA_API"
2000,60,"Commercial",25.9,"e1gstlc1se00","0","FAAt707","BEA_API"
2001,60,"Commercial",26.2,"e1gstlc1se00","0","FAAt707","BEA_API"
2002,60,"Commercial",26.5,"e1gstlc1se00","0","FAAt707","BEA_API"
2003,60,"Commercial",26.8,"e1gstlc1se00","0","FAAt707","BEA_API"
2004,60,"Commercial",27.1,"e1gstlc1se00","0","FAAt707","BEA_API"
2005,60,"Commercial",27.3,"e1gstlc1se00","0","FAAt707","BEA_API"
2006,60,"Commercial",27.6,"e1gstlc1se00","0","FAAt707","BEA_API"
2007,60,"Commercial",27.7,"e1gstlc1se00","0","FAAt707","BEA_API"
2008,60,"Commercial",27.7,"e1gstlc1se00","0","FAAt707","BEA_API"
2009,60,"Commercial",27.8,"e1gstlc1se00","0","FAAt707","BEA_API"
2010,60,"Commercial",28,"e1gstlc1se00","0","FAAt707","BEA_API"
2011,60,"Commercial",28.2,"e1gstlc1se00","0","FAAt707","BEA_API"
2012,60,"Commercial",28.3,"e1gstlc1se00","0","FAAt707","BEA_API"
2013,60,"Commercial",28.6,"e1gstlc1se00","0","FAAt707","BEA_API"
2014,60,"Commercial",29,"e1gstlc1se00","0","FAAt707","BEA_API"
2015,60,"Commercial",29.3,"e1gstlc1se00","0","FAAt707","BEA_API"
2016,60,"Commercial",29.9,"e1gstlc1se00","0","FAAt707","BEA_API"
2017,60,"Commercial",30.4,"e1gstlc1se00","0","FAAt707","BEA_API"
2018,60,"Commercial",31,"e1gstlc1se00","0","FAAt707","BEA_API"
2019,60,"Commercial",31.5,"e1gstlc1se00","0","FAAt707","BEA_API"
2020,60,"Commercial",32.1,"e1gstlc1se00","0","FAAt707","BEA_API"
2021,60,"Commercial",32.6,"e1gstlc1se00","0","FAAt707","BEA_API"
2022,60,"Commercial",33.2,"e1gstlc1se00","0","FAAt707","BEA_API"
2023,60,"Commercial",33.9,"e1gstlc1se00","0","FAAt707","BEA_API"
2024,60,"Commercial",34.5,"e1gstlc1se00","0","FAAt707","BEA_API"
1925,61,"Health care",12.8,"e1gstlc1sf00","0","FAAt707","BEA_API"
1926,61,"Health care",12.9,"e1gstlc1sf00","0","FAAt707","BEA_API"
1927,61,"Health care",12.8,"e1gstlc1sf00","0","FAAt707","BEA_API"
1928,61,"Health care",12.5,"e1gstlc1sf00","0","FAAt707","BEA_API"
1929,61,"Health care",12.3,"e1gstlc1sf00","0","FAAt707","BEA_API"
1930,61,"Health care",12,"e1gstlc1sf00","0","FAAt707","BEA_API"
1931,61,"Health care",11.8,"e1gstlc1sf00","0","FAAt707","BEA_API"
1932,61,"Health care",11.8,"e1gstlc1sf00","0","FAAt707","BEA_API"
1933,61,"Health care",12.3,"e1gstlc1sf00","0","FAAt707","BEA_API"
1934,61,"Health care",12.7,"e1gstlc1sf00","0","FAAt707","BEA_API"
1935,61,"Health care",13.3,"e1gstlc1sf00","0","FAAt707","BEA_API"
1936,61,"Health care",13.6,"e1gstlc1sf00","0","FAAt707","BEA_API"
1937,61,"Health care",13.9,"e1gstlc1sf00","0","FAAt707","BEA_API"
1938,61,"Health care",14.1,"e1gstlc1sf00","0","FAAt707","BEA_API"
1939,61,"Health care",14,"e1gstlc1sf00","0","FAAt707","BEA_API"
1940,61,"Health care",14.6,"e1gstlc1sf00","0","FAAt707","BEA_API"
1941,61,"Health care",15.3,"e1gstlc1sf00","0","FAAt707","BEA_API"
1942,61,"Health care",16,"e1gstlc1sf00","0","FAAt707","BEA_API"
1943,61,"Health care",16.7,"e1gstlc1sf00","0","FAAt707","BEA_API"
1944,61,"Health care",17.3,"e1gstlc1sf00","0","FAAt707","BEA_API"
1945,61,"Health care",17.9,"e1gstlc1sf00","0","FAAt707","BEA_API"
1946,61,"Health care",18.4,"e1gstlc1sf00","0","FAAt707","BEA_API"
1947,61,"Health care",19.1,"e1gstlc1sf00","0","FAAt707","BEA_API"
1948,61,"Health care",19.6,"e1gstlc1sf00","0","FAAt707","BEA_API"
1949,61,"Health care",19.2,"e1gstlc1sf00","0","FAAt707","BEA_API"
1950,61,"Health care",18.6,"e1gstlc1sf00","0","FAAt707","BEA_API"
1951,61,"Health care",18.2,"e1gstlc1sf00","0","FAAt707","BEA_API"
1952,61,"Health care",18,"e1gstlc1sf00","0","FAAt707","BEA_API"
1953,61,"Health care",18,"e1gstlc1sf00","0","FAAt707","BEA_API"
1954,61,"Health care",18.1,"e1gstlc1sf00","0","FAAt707","BEA_API"
1955,61,"Health care",18.3,"e1gstlc1sf00","0","FAAt707","BEA_API"
1956,61,"Health care",18.6,"e1gstlc1sf00","0","FAAt707","BEA_API"
1957,61,"Health care",18.8,"e1gstlc1sf00","0","FAAt707","BEA_API"
1958,61,"Health care",18.8,"e1gstlc1sf00","0","FAAt707","BEA_API"
1959,61,"Health care",19,"e1gstlc1sf00","0","FAAt707","BEA_API"
1960,61,"Health care",19.1,"e1gstlc1sf00","0","FAAt707","BEA_API"
1961,61,"Health care",19.4,"e1gstlc1sf00","0","FAAt707","BEA_API"
1962,61,"Health care",19.6,"e1gstlc1sf00","0","FAAt707","BEA_API"
1963,61,"Health care",19.9,"e1gstlc1sf00","0","FAAt707","BEA_API"
1964,61,"Health care",20.1,"e1gstlc1sf00","0","FAAt707","BEA_API"
1965,61,"Health care",20.3,"e1gstlc1sf00","0","FAAt707","BEA_API"
1966,61,"Health care",20.5,"e1gstlc1sf00","0","FAAt707","BEA_API"
1967,61,"Health care",20.4,"e1gstlc1sf00","0","FAAt707","BEA_API"
1968,61,"Health care",20.2,"e1gstlc1sf00","0","FAAt707","BEA_API"
1969,61,"Health care",20,"e1gstlc1sf00","0","FAAt707","BEA_API"
1970,61,"Health care",20,"e1gstlc1sf00","0","FAAt707","BEA_API"
1971,61,"Health care",19.6,"e1gstlc1sf00","0","FAAt707","BEA_API"
1972,61,"Health care",19.5,"e1gstlc1sf00","0","FAAt707","BEA_API"
1973,61,"Health care",19.5,"e1gstlc1sf00","0","FAAt707","BEA_API"
1974,61,"Health care",19.3,"e1gstlc1sf00","0","FAAt707","BEA_API"
1975,61,"Health care",19.3,"e1gstlc1sf00","0","FAAt707","BEA_API"
1976,61,"Health care",19.2,"e1gstlc1sf00","0","FAAt707","BEA_API"
1977,61,"Health care",19.3,"e1gstlc1sf00","0","FAAt707","BEA_API"
1978,61,"Health care",19.5,"e1gstlc1sf00","0","FAAt707","BEA_API"
1979,61,"Health care",19.7,"e1gstlc1sf00","0","FAAt707","BEA_API"
1980,61,"Health care",19.9,"e1gstlc1sf00","0","FAAt707","BEA_API"
1981,61,"Health care",20.2,"e1gstlc1sf00","0","FAAt707","BEA_API"
1982,61,"Health care",20.5,"e1gstlc1sf00","0","FAAt707","BEA_API"
1983,61,"Health care",20.9,"e1gstlc1sf00","0","FAAt707","BEA_API"
1984,61,"Health care",21.3,"e1gstlc1sf00","0","FAAt707","BEA_API"
1985,61,"Health care",21.8,"e1gstlc1sf00","0","FAAt707","BEA_API"
1986,61,"Health care",22.2,"e1gstlc1sf00","0","FAAt707","BEA_API"
1987,61,"Health care",22.5,"e1gstlc1sf00","0","FAAt707","BEA_API"
1988,61,"Health care",22.9,"e1gstlc1sf00","0","FAAt707","BEA_API"
1989,61,"Health care",23.3,"e1gstlc1sf00","0","FAAt707","BEA_API"
1990,61,"Health care",23.6,"e1gstlc1sf00","0","FAAt707","BEA_API"
1991,61,"Health care",23.8,"e1gstlc1sf00","0","FAAt707","BEA_API"
1992,61,"Health care",23.9,"e1gstlc1sf00","0","FAAt707","BEA_API"
1993,61,"Health care",24.1,"e1gstlc1sf00","0","FAAt707","BEA_API"
1994,61,"Health care",24.3,"e1gstlc1sf00","0","FAAt707","BEA_API"
1995,61,"Health care",24.5,"e1gstlc1sf00","0","FAAt707","BEA_API"
1996,61,"Health care",24.8,"e1gstlc1sf00","0","FAAt707","BEA_API"
1997,61,"Health care",25.1,"e1gstlc1sf00","0","FAAt707","BEA_API"
1998,61,"Health care",25.3,"e1gstlc1sf00","0","FAAt707","BEA_API"
1999,61,"Health care",25.7,"e1gstlc1sf00","0","FAAt707","BEA_API"
2000,61,"Health care",26,"e1gstlc1sf00","0","FAAt707","BEA_API"
2001,61,"Health care",26.4,"e1gstlc1sf00","0","FAAt707","BEA_API"
2002,61,"Health care",26.6,"e1gstlc1sf00","0","FAAt707","BEA_API"
2003,61,"Health care",26.8,"e1gstlc1sf00","0","FAAt707","BEA_API"
2004,61,"Health care",27,"e1gstlc1sf00","0","FAAt707","BEA_API"
2005,61,"Health care",27.2,"e1gstlc1sf00","0","FAAt707","BEA_API"
2006,61,"Health care",27.3,"e1gstlc1sf00","0","FAAt707","BEA_API"
2007,61,"Health care",27.4,"e1gstlc1sf00","0","FAAt707","BEA_API"
2008,61,"Health care",27.4,"e1gstlc1sf00","0","FAAt707","BEA_API"
2009,61,"Health care",27.4,"e1gstlc1sf00","0","FAAt707","BEA_API"
2010,61,"Health care",27.5,"e1gstlc1sf00","0","FAAt707","BEA_API"
2011,61,"Health care",27.5,"e1gstlc1sf00","0","FAAt707","BEA_API"
2012,61,"Health care",27.5,"e1gstlc1sf00","0","FAAt707","BEA_API"
2013,61,"Health care",27.6,"e1gstlc1sf00","0","FAAt707","BEA_API"
2014,61,"Health care",27.8,"e1gstlc1sf00","0","FAAt707","BEA_API"
2015,61,"Health care",28,"e1gstlc1sf00","0","FAAt707","BEA_API"
2016,61,"Health care",28.3,"e1gstlc1sf00","0","FAAt707","BEA_API"
2017,61,"Health care",28.5,"e1gstlc1sf00","0","FAAt707","BEA_API"
2018,61,"Health care",28.7,"e1gstlc1sf00","0","FAAt707","BEA_API"
2019,61,"Health care",29,"e1gstlc1sf00","0","FAAt707","BEA_API"
2020,61,"Health care",29.2,"e1gstlc1sf00","0","FAAt707","BEA_API"
2021,61,"Health care",29.4,"e1gstlc1sf00","0","FAAt707","BEA_API"
2022,61,"Health care",29.7,"e1gstlc1sf00","0","FAAt707","BEA_API"
2023,61,"Health care",29.9,"e1gstlc1sf00","0","FAAt707","BEA_API"
2024,61,"Health care",30.1,"e1gstlc1sf00","0","FAAt707","BEA_API"
1925,62,"Educational",13.3,"e1gstlc1sg00","0","FAAt707","BEA_API"
1926,62,"Educational",13.4,"e1gstlc1sg00","0","FAAt707","BEA_API"
1927,62,"Educational",13.6,"e1gstlc1sg00","0","FAAt707","BEA_API"
1928,62,"Educational",13.8,"e1gstlc1sg00","0","FAAt707","BEA_API"
1929,62,"Educational",13.9,"e1gstlc1sg00","0","FAAt707","BEA_API"
1930,62,"Educational",14.1,"e1gstlc1sg00","0","FAAt707","BEA_API"
1931,62,"Educational",14.4,"e1gstlc1sg00","0","FAAt707","BEA_API"
1932,62,"Educational",15,"e1gstlc1sg00","0","FAAt707","BEA_API"
1933,62,"Educational",15.8,"e1gstlc1sg00","0","FAAt707","BEA_API"
1934,62,"Educational",16.4,"e1gstlc1sg00","0","FAAt707","BEA_API"
1935,62,"Educational",16.9,"e1gstlc1sg00","0","FAAt707","BEA_API"
1936,62,"Educational",16.8,"e1gstlc1sg00","0","FAAt707","BEA_API"
1937,62,"Educational",17.2,"e1gstlc1sg00","0","FAAt707","BEA_API"
1938,62,"Educational",17.5,"e1gstlc1sg00","0","FAAt707","BEA_API"
1939,62,"Educational",17.4,"e1gstlc1sg00","0","FAAt707","BEA_API"
1940,62,"Educational",18,"e1gstlc1sg00","0","FAAt707","BEA_API"
1941,62,"Educational",18.7,"e1gstlc1sg00","0","FAAt707","BEA_API"
1942,62,"Educational",19.4,"e1gstlc1sg00","0","FAAt707","BEA_API"
1943,62,"Educational",20.3,"e1gstlc1sg00","0","FAAt707","BEA_API"
1944,62,"Educational",21.2,"e1gstlc1sg00","0","FAAt707","BEA_API"
1945,62,"Educational",22.1,"e1gstlc1sg00","0","FAAt707","BEA_API"
1946,62,"Educational",22.9,"e1gstlc1sg00","0","FAAt707","BEA_API"
1947,62,"Educational",23.6,"e1gstlc1sg00","0","FAAt707","BEA_API"
1948,62,"Educational",23.7,"e1gstlc1sg00","0","FAAt707","BEA_API"
1949,62,"Educational",23.4,"e1gstlc1sg00","0","FAAt707","BEA_API"
1950,62,"Educational",22.9,"e1gstlc1sg00","0","FAAt707","BEA_API"
1951,62,"Educational",22.3,"e1gstlc1sg00","0","FAAt707","BEA_API"
1952,62,"Educational",21.7,"e1gstlc1sg00","0","FAAt707","BEA_API"
1953,62,"Educational",21.2,"e1gstlc1sg00","0","FAAt707","BEA_API"
1954,62,"Educational",20.4,"e1gstlc1sg00","0","FAAt707","BEA_API"
1955,62,"Educational",19.6,"e1gstlc1sg00","0","FAAt707","BEA_API"
1956,62,"Educational",19.1,"e1gstlc1sg00","0","FAAt707","BEA_API"
1957,62,"Educational",18.6,"e1gstlc1sg00","0","FAAt707","BEA_API"
1958,62,"Educational",18.1,"e1gstlc1sg00","0","FAAt707","BEA_API"
1959,62,"Educational",17.9,"e1gstlc1sg00","0","FAAt707","BEA_API"
1960,62,"Educational",17.7,"e1gstlc1sg00","0","FAAt707","BEA_API"
1961,62,"Educational",17.5,"e1gstlc1sg00","0","FAAt707","BEA_API"
1962,62,"Educational",17.4,"e1gstlc1sg00","0","FAAt707","BEA_API"
1963,62,"Educational",17.2,"e1gstlc1sg00","0","FAAt707","BEA_API"
1964,62,"Educational",17,"e1gstlc1sg00","0","FAAt707","BEA_API"
1965,62,"Educational",16.7,"e1gstlc1sg00","0","FAAt707","BEA_API"
1966,62,"Educational",16.3,"e1gstlc1sg00","0","FAAt707","BEA_API"
1967,62,"Educational",15.9,"e1gstlc1sg00","0","FAAt707","BEA_API"
1968,62,"Educational",15.7,"e1gstlc1sg00","0","FAAt707","BEA_API"
1969,62,"Educational",15.6,"e1gstlc1sg00","0","FAAt707","BEA_API"
1970,62,"Educational",15.7,"e1gstlc1sg00","0","FAAt707","BEA_API"
1971,62,"Educational",15.9,"e1gstlc1sg00","0","FAAt707","BEA_API"
1972,62,"Educational",16.2,"e1gstlc1sg00","0","FAAt707","BEA_API"
1973,62,"Educational",16.4,"e1gstlc1sg00","0","FAAt707","BEA_API"
1974,62,"Educational",16.6,"e1gstlc1sg00","0","FAAt707","BEA_API"
1975,62,"Educational",16.9,"e1gstlc1sg00","0","FAAt707","BEA_API"
1976,62,"Educational",17.3,"e1gstlc1sg00","0","FAAt707","BEA_API"
1977,62,"Educational",17.8,"e1gstlc1sg00","0","FAAt707","BEA_API"
1978,62,"Educational",18.3,"e1gstlc1sg00","0","FAAt707","BEA_API"
1979,62,"Educational",18.7,"e1gstlc1sg00","0","FAAt707","BEA_API"
1980,62,"Educational",19.2,"e1gstlc1sg00","0","FAAt707","BEA_API"
1981,62,"Educational",19.8,"e1gstlc1sg00","0","FAAt707","BEA_API"
1982,62,"Educational",20.3,"e1gstlc1sg00","0","FAAt707","BEA_API"
1983,62,"Educational",20.9,"e1gstlc1sg00","0","FAAt707","BEA_API"
1984,62,"Educational",21.5,"e1gstlc1sg00","0","FAAt707","BEA_API"
1985,62,"Educational",21.9,"e1gstlc1sg00","0","FAAt707","BEA_API"
1986,62,"Educational",22.3,"e1gstlc1sg00","0","FAAt707","BEA_API"
1987,62,"Educational",22.8,"e1gstlc1sg00","0","FAAt707","BEA_API"
1988,62,"Educational",23.1,"e1gstlc1sg00","0","FAAt707","BEA_API"
1989,62,"Educational",23.3,"e1gstlc1sg00","0","FAAt707","BEA_API"
1990,62,"Educational",23.5,"e1gstlc1sg00","0","FAAt707","BEA_API"
1991,62,"Educational",23.6,"e1gstlc1sg00","0","FAAt707","BEA_API"
1992,62,"Educational",23.6,"e1gstlc1sg00","0","FAAt707","BEA_API"
1993,62,"Educational",23.7,"e1gstlc1sg00","0","FAAt707","BEA_API"
1994,62,"Educational",23.9,"e1gstlc1sg00","0","FAAt707","BEA_API"
1995,62,"Educational",23.8,"e1gstlc1sg00","0","FAAt707","BEA_API"
1996,62,"Educational",23.7,"e1gstlc1sg00","0","FAAt707","BEA_API"
1997,62,"Educational",23.6,"e1gstlc1sg00","0","FAAt707","BEA_API"
1998,62,"Educational",23.4,"e1gstlc1sg00","0","FAAt707","BEA_API"
1999,62,"Educational",23.1,"e1gstlc1sg00","0","FAAt707","BEA_API"
2000,62,"Educational",22.8,"e1gstlc1sg00","0","FAAt707","BEA_API"
2001,62,"Educational",22.5,"e1gstlc1sg00","0","FAAt707","BEA_API"
2002,62,"Educational",22.2,"e1gstlc1sg00","0","FAAt707","BEA_API"
2003,62,"Educational",22,"e1gstlc1sg00","0","FAAt707","BEA_API"
2004,62,"Educational",21.8,"e1gstlc1sg00","0","FAAt707","BEA_API"
2005,62,"Educational",21.7,"e1gstlc1sg00","0","FAAt707","BEA_API"
2006,62,"Educational",21.5,"e1gstlc1sg00","0","FAAt707","BEA_API"
2007,62,"Educational",21.5,"e1gstlc1sg00","0","FAAt707","BEA_API"
2008,62,"Educational",21.4,"e1gstlc1sg00","0","FAAt707","BEA_API"
2009,62,"Educational",21.5,"e1gstlc1sg00","0","FAAt707","BEA_API"
2010,62,"Educational",21.7,"e1gstlc1sg00","0","FAAt707","BEA_API"
2011,62,"Educational",21.9,"e1gstlc1sg00","0","FAAt707","BEA_API"
2012,62,"Educational",22.2,"e1gstlc1sg00","0","FAAt707","BEA_API"
2013,62,"Educational",22.5,"e1gstlc1sg00","0","FAAt707","BEA_API"
2014,62,"Educational",22.9,"e1gstlc1sg00","0","FAAt707","BEA_API"
2015,62,"Educational",23.1,"e1gstlc1sg00","0","FAAt707","BEA_API"
2016,62,"Educational",23.4,"e1gstlc1sg00","0","FAAt707","BEA_API"
2017,62,"Educational",23.6,"e1gstlc1sg00","0","FAAt707","BEA_API"
2018,62,"Educational",23.8,"e1gstlc1sg00","0","FAAt707","BEA_API"
2019,62,"Educational",23.9,"e1gstlc1sg00","0","FAAt707","BEA_API"
2020,62,"Educational",24.2,"e1gstlc1sg00","0","FAAt707","BEA_API"
2021,62,"Educational",24.4,"e1gstlc1sg00","0","FAAt707","BEA_API"
2022,62,"Educational",24.7,"e1gstlc1sg00","0","FAAt707","BEA_API"
2023,62,"Educational",25,"e1gstlc1sg00","0","FAAt707","BEA_API"
2024,62,"Educational",25.2,"e1gstlc1sg00","0","FAAt707","BEA_API"
1925,63,"Public safety",12.3,"e1gstlc1si00","0","FAAt707","BEA_API"
1926,63,"Public safety",11.9,"e1gstlc1si00","0","FAAt707","BEA_API"
1927,63,"Public safety",11.6,"e1gstlc1si00","0","FAAt707","BEA_API"
1928,63,"Public safety",11.3,"e1gstlc1si00","0","FAAt707","BEA_API"
1929,63,"Public safety",11.1,"e1gstlc1si00","0","FAAt707","BEA_API"
1930,63,"Public safety",11,"e1gstlc1si00","0","FAAt707","BEA_API"
1931,63,"Public safety",10.7,"e1gstlc1si00","0","FAAt707","BEA_API"
1932,63,"Public safety",11,"e1gstlc1si00","0","FAAt707","BEA_API"
1933,63,"Public safety",11.6,"e1gstlc1si00","0","FAAt707","BEA_API"
1934,63,"Public safety",11.7,"e1gstlc1si00","0","FAAt707","BEA_API"
1935,63,"Public safety",12,"e1gstlc1si00","0","FAAt707","BEA_API"
1936,63,"Public safety",11.7,"e1gstlc1si00","0","FAAt707","BEA_API"
1937,63,"Public safety",11.9,"e1gstlc1si00","0","FAAt707","BEA_API"
1938,63,"Public safety",11.9,"e1gstlc1si00","0","FAAt707","BEA_API"
1939,63,"Public safety",11.5,"e1gstlc1si00","0","FAAt707","BEA_API"
1940,63,"Public safety",11.7,"e1gstlc1si00","0","FAAt707","BEA_API"
1941,63,"Public safety",12.3,"e1gstlc1si00","0","FAAt707","BEA_API"
1942,63,"Public safety",13.2,"e1gstlc1si00","0","FAAt707","BEA_API"
1943,63,"Public safety",14.1,"e1gstlc1si00","0","FAAt707","BEA_API"
1944,63,"Public safety",15,"e1gstlc1si00","0","FAAt707","BEA_API"
1945,63,"Public safety",15.8,"e1gstlc1si00","0","FAAt707","BEA_API"
1946,63,"Public safety",16.7,"e1gstlc1si00","0","FAAt707","BEA_API"
1947,63,"Public safety",17.4,"e1gstlc1si00","0","FAAt707","BEA_API"
1948,63,"Public safety",17.7,"e1gstlc1si00","0","FAAt707","BEA_API"
1949,63,"Public safety",17.6,"e1gstlc1si00","0","FAAt707","BEA_API"
1950,63,"Public safety",17.5,"e1gstlc1si00","0","FAAt707","BEA_API"
1951,63,"Public safety",17.6,"e1gstlc1si00","0","FAAt707","BEA_API"
1952,63,"Public safety",17.9,"e1gstlc1si00","0","FAAt707","BEA_API"
1953,63,"Public safety",18,"e1gstlc1si00","0","FAAt707","BEA_API"
1954,63,"Public safety",17.9,"e1gstlc1si00","0","FAAt707","BEA_API"
1955,63,"Public safety",17.5,"e1gstlc1si00","0","FAAt707","BEA_API"
1956,63,"Public safety",17.4,"e1gstlc1si00","0","FAAt707","BEA_API"
1957,63,"Public safety",17.2,"e1gstlc1si00","0","FAAt707","BEA_API"
1958,63,"Public safety",16.9,"e1gstlc1si00","0","FAAt707","BEA_API"
1959,63,"Public safety",16.8,"e1gstlc1si00","0","FAAt707","BEA_API"
1960,63,"Public safety",16.9,"e1gstlc1si00","0","FAAt707","BEA_API"
1961,63,"Public safety",16.9,"e1gstlc1si00","0","FAAt707","BEA_API"
1962,63,"Public safety",16.9,"e1gstlc1si00","0","FAAt707","BEA_API"
1963,63,"Public safety",16.9,"e1gstlc1si00","0","FAAt707","BEA_API"
1964,63,"Public safety",16.9,"e1gstlc1si00","0","FAAt707","BEA_API"
1965,63,"Public safety",16.8,"e1gstlc1si00","0","FAAt707","BEA_API"
1966,63,"Public safety",16.5,"e1gstlc1si00","0","FAAt707","BEA_API"
1967,63,"Public safety",16.5,"e1gstlc1si00","0","FAAt707","BEA_API"
1968,63,"Public safety",16.5,"e1gstlc1si00","0","FAAt707","BEA_API"
1969,63,"Public safety",16.3,"e1gstlc1si00","0","FAAt707","BEA_API"
1970,63,"Public safety",16.3,"e1gstlc1si00","0","FAAt707","BEA_API"
1971,63,"Public safety",16.3,"e1gstlc1si00","0","FAAt707","BEA_API"
1972,63,"Public safety",16.1,"e1gstlc1si00","0","FAAt707","BEA_API"
1973,63,"Public safety",16.2,"e1gstlc1si00","0","FAAt707","BEA_API"
1974,63,"Public safety",16.2,"e1gstlc1si00","0","FAAt707","BEA_API"
1975,63,"Public safety",16.1,"e1gstlc1si00","0","FAAt707","BEA_API"
1976,63,"Public safety",15.9,"e1gstlc1si00","0","FAAt707","BEA_API"
1977,63,"Public safety",15.8,"e1gstlc1si00","0","FAAt707","BEA_API"
1978,63,"Public safety",15.7,"e1gstlc1si00","0","FAAt707","BEA_API"
1979,63,"Public safety",15.7,"e1gstlc1si00","0","FAAt707","BEA_API"
1980,63,"Public safety",15.6,"e1gstlc1si00","0","FAAt707","BEA_API"
1981,63,"Public safety",15.6,"e1gstlc1si00","0","FAAt707","BEA_API"
1982,63,"Public safety",15.6,"e1gstlc1si00","0","FAAt707","BEA_API"
1983,63,"Public safety",15.6,"e1gstlc1si00","0","FAAt707","BEA_API"
1984,63,"Public safety",15.5,"e1gstlc1si00","0","FAAt707","BEA_API"
1985,63,"Public safety",15.3,"e1gstlc1si00","0","FAAt707","BEA_API"
1986,63,"Public safety",15,"e1gstlc1si00","0","FAAt707","BEA_API"
1987,63,"Public safety",14.7,"e1gstlc1si00","0","FAAt707","BEA_API"
1988,63,"Public safety",14.4,"e1gstlc1si00","0","FAAt707","BEA_API"
1989,63,"Public safety",14.1,"e1gstlc1si00","0","FAAt707","BEA_API"
1990,63,"Public safety",13.8,"e1gstlc1si00","0","FAAt707","BEA_API"
1991,63,"Public safety",13.6,"e1gstlc1si00","0","FAAt707","BEA_API"
1992,63,"Public safety",13.6,"e1gstlc1si00","0","FAAt707","BEA_API"
1993,63,"Public safety",13.8,"e1gstlc1si00","0","FAAt707","BEA_API"
1994,63,"Public safety",14,"e1gstlc1si00","0","FAAt707","BEA_API"
1995,63,"Public safety",14.3,"e1gstlc1si00","0","FAAt707","BEA_API"
1996,63,"Public safety",14.5,"e1gstlc1si00","0","FAAt707","BEA_API"
1997,63,"Public safety",14.8,"e1gstlc1si00","0","FAAt707","BEA_API"
1998,63,"Public safety",15,"e1gstlc1si00","0","FAAt707","BEA_API"
1999,63,"Public safety",15.3,"e1gstlc1si00","0","FAAt707","BEA_API"
2000,63,"Public safety",15.5,"e1gstlc1si00","0","FAAt707","BEA_API"
2001,63,"Public safety",15.9,"e1gstlc1si00","0","FAAt707","BEA_API"
2002,63,"Public safety",16.2,"e1gstlc1si00","0","FAAt707","BEA_API"
2003,63,"Public safety",16.7,"e1gstlc1si00","0","FAAt707","BEA_API"
2004,63,"Public safety",17.1,"e1gstlc1si00","0","FAAt707","BEA_API"
2005,63,"Public safety",17.6,"e1gstlc1si00","0","FAAt707","BEA_API"
2006,63,"Public safety",18,"e1gstlc1si00","0","FAAt707","BEA_API"
2007,63,"Public safety",18.4,"e1gstlc1si00","0","FAAt707","BEA_API"
2008,63,"Public safety",18.8,"e1gstlc1si00","0","FAAt707","BEA_API"
2009,63,"Public safety",19.2,"e1gstlc1si00","0","FAAt707","BEA_API"
2010,63,"Public safety",19.5,"e1gstlc1si00","0","FAAt707","BEA_API"
2011,63,"Public safety",19.9,"e1gstlc1si00","0","FAAt707","BEA_API"
2012,63,"Public safety",20.3,"e1gstlc1si00","0","FAAt707","BEA_API"
2013,63,"Public safety",20.8,"e1gstlc1si00","0","FAAt707","BEA_API"
2014,63,"Public safety",21.3,"e1gstlc1si00","0","FAAt707","BEA_API"
2015,63,"Public safety",21.9,"e1gstlc1si00","0","FAAt707","BEA_API"
2016,63,"Public safety",22.4,"e1gstlc1si00","0","FAAt707","BEA_API"
2017,63,"Public safety",23,"e1gstlc1si00","0","FAAt707","BEA_API"
2018,63,"Public safety",23.6,"e1gstlc1si00","0","FAAt707","BEA_API"
2019,63,"Public safety",24.1,"e1gstlc1si00","0","FAAt707","BEA_API"
2020,63,"Public safety",24.5,"e1gstlc1si00","0","FAAt707","BEA_API"
2021,63,"Public safety",25,"e1gstlc1si00","0","FAAt707","BEA_API"
2022,63,"Public safety",25.5,"e1gstlc1si00","0","FAAt707","BEA_API"
2023,63,"Public safety",25.9,"e1gstlc1si00","0","FAAt707","BEA_API"
2024,63,"Public safety",26.3,"e1gstlc1si00","0","FAAt707","BEA_API"
1925,64,"Amusement and recreation",12.6,"e1gstlc1sk00","0","FAAt707","BEA_API"
1926,64,"Amusement and recreation",12.3,"e1gstlc1sk00","0","FAAt707","BEA_API"
1927,64,"Amusement and recreation",11.7,"e1gstlc1sk00","0","FAAt707","BEA_API"
1928,64,"Amusement and recreation",11.5,"e1gstlc1sk00","0","FAAt707","BEA_API"
1929,64,"Amusement and recreation",11.4,"e1gstlc1sk00","0","FAAt707","BEA_API"
1930,64,"Amusement and recreation",11.3,"e1gstlc1sk00","0","FAAt707","BEA_API"
1931,64,"Amusement and recreation",10.8,"e1gstlc1sk00","0","FAAt707","BEA_API"
1932,64,"Amusement and recreation",10.9,"e1gstlc1sk00","0","FAAt707","BEA_API"
1933,64,"Amusement and recreation",11.5,"e1gstlc1sk00","0","FAAt707","BEA_API"
1934,64,"Amusement and recreation",11.8,"e1gstlc1sk00","0","FAAt707","BEA_API"
1935,64,"Amusement and recreation",12.1,"e1gstlc1sk00","0","FAAt707","BEA_API"
1936,64,"Amusement and recreation",11.5,"e1gstlc1sk00","0","FAAt707","BEA_API"
1937,64,"Amusement and recreation",11.6,"e1gstlc1sk00","0","FAAt707","BEA_API"
1938,64,"Amusement and recreation",11.6,"e1gstlc1sk00","0","FAAt707","BEA_API"
1939,64,"Amusement and recreation",11.4,"e1gstlc1sk00","0","FAAt707","BEA_API"
1940,64,"Amusement and recreation",11.6,"e1gstlc1sk00","0","FAAt707","BEA_API"
1941,64,"Amusement and recreation",12.1,"e1gstlc1sk00","0","FAAt707","BEA_API"
1942,64,"Amusement and recreation",12.9,"e1gstlc1sk00","0","FAAt707","BEA_API"
1943,64,"Amusement and recreation",13.8,"e1gstlc1sk00","0","FAAt707","BEA_API"
1944,64,"Amusement and recreation",14.6,"e1gstlc1sk00","0","FAAt707","BEA_API"
1945,64,"Amusement and recreation",15.5,"e1gstlc1sk00","0","FAAt707","BEA_API"
1946,64,"Amusement and recreation",16.3,"e1gstlc1sk00","0","FAAt707","BEA_API"
1947,64,"Amusement and recreation",16.9,"e1gstlc1sk00","0","FAAt707","BEA_API"
1948,64,"Amusement and recreation",17.3,"e1gstlc1sk00","0","FAAt707","BEA_API"
1949,64,"Amusement and recreation",17.6,"e1gstlc1sk00","0","FAAt707","BEA_API"
1950,64,"Amusement and recreation",17.8,"e1gstlc1sk00","0","FAAt707","BEA_API"
1951,64,"Amusement and recreation",18.1,"e1gstlc1sk00","0","FAAt707","BEA_API"
1952,64,"Amusement and recreation",18.6,"e1gstlc1sk00","0","FAAt707","BEA_API"
1953,64,"Amusement and recreation",18.8,"e1gstlc1sk00","0","FAAt707","BEA_API"
1954,64,"Amusement and recreation",19,"e1gstlc1sk00","0","FAAt707","BEA_API"
1955,64,"Amusement and recreation",18.9,"e1gstlc1sk00","0","FAAt707","BEA_API"
1956,64,"Amusement and recreation",18.9,"e1gstlc1sk00","0","FAAt707","BEA_API"
1957,64,"Amusement and recreation",18.9,"e1gstlc1sk00","0","FAAt707","BEA_API"
1958,64,"Amusement and recreation",18.7,"e1gstlc1sk00","0","FAAt707","BEA_API"
1959,64,"Amusement and recreation",18.6,"e1gstlc1sk00","0","FAAt707","BEA_API"
1960,64,"Amusement and recreation",18.7,"e1gstlc1sk00","0","FAAt707","BEA_API"
1961,64,"Amusement and recreation",18.8,"e1gstlc1sk00","0","FAAt707","BEA_API"
1962,64,"Amusement and recreation",18.7,"e1gstlc1sk00","0","FAAt707","BEA_API"
1963,64,"Amusement and recreation",18.6,"e1gstlc1sk00","0","FAAt707","BEA_API"
1964,64,"Amusement and recreation",18.5,"e1gstlc1sk00","0","FAAt707","BEA_API"
1965,64,"Amusement and recreation",18.6,"e1gstlc1sk00","0","FAAt707","BEA_API"
1966,64,"Amusement and recreation",18.5,"e1gstlc1sk00","0","FAAt707","BEA_API"
1967,64,"Amusement and recreation",18.3,"e1gstlc1sk00","0","FAAt707","BEA_API"
1968,64,"Amusement and recreation",18.1,"e1gstlc1sk00","0","FAAt707","BEA_API"
1969,64,"Amusement and recreation",17.8,"e1gstlc1sk00","0","FAAt707","BEA_API"
1970,64,"Amusement and recreation",17.5,"e1gstlc1sk00","0","FAAt707","BEA_API"
1971,64,"Amusement and recreation",17.3,"e1gstlc1sk00","0","FAAt707","BEA_API"
1972,64,"Amusement and recreation",17.3,"e1gstlc1sk00","0","FAAt707","BEA_API"
1973,64,"Amusement and recreation",17.3,"e1gstlc1sk00","0","FAAt707","BEA_API"
1974,64,"Amusement and recreation",17.2,"e1gstlc1sk00","0","FAAt707","BEA_API"
1975,64,"Amusement and recreation",16.8,"e1gstlc1sk00","0","FAAt707","BEA_API"
1976,64,"Amusement and recreation",16.5,"e1gstlc1sk00","0","FAAt707","BEA_API"
1977,64,"Amusement and recreation",16.5,"e1gstlc1sk00","0","FAAt707","BEA_API"
1978,64,"Amusement and recreation",16.5,"e1gstlc1sk00","0","FAAt707","BEA_API"
1979,64,"Amusement and recreation",16.6,"e1gstlc1sk00","0","FAAt707","BEA_API"
1980,64,"Amusement and recreation",16.7,"e1gstlc1sk00","0","FAAt707","BEA_API"
1981,64,"Amusement and recreation",16.9,"e1gstlc1sk00","0","FAAt707","BEA_API"
1982,64,"Amusement and recreation",17.1,"e1gstlc1sk00","0","FAAt707","BEA_API"
1983,64,"Amusement and recreation",17.3,"e1gstlc1sk00","0","FAAt707","BEA_API"
1984,64,"Amusement and recreation",17.6,"e1gstlc1sk00","0","FAAt707","BEA_API"
1985,64,"Amusement and recreation",17.8,"e1gstlc1sk00","0","FAAt707","BEA_API"
1986,64,"Amusement and recreation",18,"e1gstlc1sk00","0","FAAt707","BEA_API"
1987,64,"Amusement and recreation",18.1,"e1gstlc1sk00","0","FAAt707","BEA_API"
1988,64,"Amusement and recreation",18.2,"e1gstlc1sk00","0","FAAt707","BEA_API"
1989,64,"Amusement and recreation",18.2,"e1gstlc1sk00","0","FAAt707","BEA_API"
1990,64,"Amusement and recreation",18.2,"e1gstlc1sk00","0","FAAt707","BEA_API"
1991,64,"Amusement and recreation",18.3,"e1gstlc1sk00","0","FAAt707","BEA_API"
1992,64,"Amusement and recreation",18.4,"e1gstlc1sk00","0","FAAt707","BEA_API"
1993,64,"Amusement and recreation",18.5,"e1gstlc1sk00","0","FAAt707","BEA_API"
1994,64,"Amusement and recreation",18.8,"e1gstlc1sk00","0","FAAt707","BEA_API"
1995,64,"Amusement and recreation",18.9,"e1gstlc1sk00","0","FAAt707","BEA_API"
1996,64,"Amusement and recreation",18.8,"e1gstlc1sk00","0","FAAt707","BEA_API"
1997,64,"Amusement and recreation",18.8,"e1gstlc1sk00","0","FAAt707","BEA_API"
1998,64,"Amusement and recreation",18.7,"e1gstlc1sk00","0","FAAt707","BEA_API"
1999,64,"Amusement and recreation",18.7,"e1gstlc1sk00","0","FAAt707","BEA_API"
2000,64,"Amusement and recreation",18.6,"e1gstlc1sk00","0","FAAt707","BEA_API"
2001,64,"Amusement and recreation",18.4,"e1gstlc1sk00","0","FAAt707","BEA_API"
2002,64,"Amusement and recreation",18.4,"e1gstlc1sk00","0","FAAt707","BEA_API"
2003,64,"Amusement and recreation",18.4,"e1gstlc1sk00","0","FAAt707","BEA_API"
2004,64,"Amusement and recreation",18.6,"e1gstlc1sk00","0","FAAt707","BEA_API"
2005,64,"Amusement and recreation",18.7,"e1gstlc1sk00","0","FAAt707","BEA_API"
2006,64,"Amusement and recreation",18.9,"e1gstlc1sk00","0","FAAt707","BEA_API"
2007,64,"Amusement and recreation",19,"e1gstlc1sk00","0","FAAt707","BEA_API"
2008,64,"Amusement and recreation",19.2,"e1gstlc1sk00","0","FAAt707","BEA_API"
2009,64,"Amusement and recreation",19.3,"e1gstlc1sk00","0","FAAt707","BEA_API"
2010,64,"Amusement and recreation",19.5,"e1gstlc1sk00","0","FAAt707","BEA_API"
2011,64,"Amusement and recreation",19.8,"e1gstlc1sk00","0","FAAt707","BEA_API"
2012,64,"Amusement and recreation",20.1,"e1gstlc1sk00","0","FAAt707","BEA_API"
2013,64,"Amusement and recreation",20.5,"e1gstlc1sk00","0","FAAt707","BEA_API"
2014,64,"Amusement and recreation",20.9,"e1gstlc1sk00","0","FAAt707","BEA_API"
2015,64,"Amusement and recreation",21.3,"e1gstlc1sk00","0","FAAt707","BEA_API"
2016,64,"Amusement and recreation",21.6,"e1gstlc1sk00","0","FAAt707","BEA_API"
2017,64,"Amusement and recreation",21.9,"e1gstlc1sk00","0","FAAt707","BEA_API"
2018,64,"Amusement and recreation",22.2,"e1gstlc1sk00","0","FAAt707","BEA_API"
2019,64,"Amusement and recreation",22.4,"e1gstlc1sk00","0","FAAt707","BEA_API"
2020,64,"Amusement and recreation",22.7,"e1gstlc1sk00","0","FAAt707","BEA_API"
2021,64,"Amusement and recreation",23,"e1gstlc1sk00","0","FAAt707","BEA_API"
2022,64,"Amusement and recreation",23.4,"e1gstlc1sk00","0","FAAt707","BEA_API"
2023,64,"Amusement and recreation",23.7,"e1gstlc1sk00","0","FAAt707","BEA_API"
2024,64,"Amusement and recreation",23.9,"e1gstlc1sk00","0","FAAt707","BEA_API"
1925,65,"Transportation",12.5,"e1gstlc1sn00","0","FAAt707","BEA_API"
1926,65,"Transportation",12.4,"e1gstlc1sn00","0","FAAt707","BEA_API"
1927,65,"Transportation",11.9,"e1gstlc1sn00","0","FAAt707","BEA_API"
1928,65,"Transportation",11.7,"e1gstlc1sn00","0","FAAt707","BEA_API"
1929,65,"Transportation",11.7,"e1gstlc1sn00","0","FAAt707","BEA_API"
1930,65,"Transportation",11.7,"e1gstlc1sn00","0","FAAt707","BEA_API"
1931,65,"Transportation",11.5,"e1gstlc1sn00","0","FAAt707","BEA_API"
1932,65,"Transportation",11.8,"e1gstlc1sn00","0","FAAt707","BEA_API"
1933,65,"Transportation",12.4,"e1gstlc1sn00","0","FAAt707","BEA_API"
1934,65,"Transportation",12.9,"e1gstlc1sn00","0","FAAt707","BEA_API"
1935,65,"Transportation",13.3,"e1gstlc1sn00","0","FAAt707","BEA_API"
1936,65,"Transportation",13.1,"e1gstlc1sn00","0","FAAt707","BEA_API"
1937,65,"Transportation",13.2,"e1gstlc1sn00","0","FAAt707","BEA_API"
1938,65,"Transportation",13.3,"e1gstlc1sn00","0","FAAt707","BEA_API"
1939,65,"Transportation",13.2,"e1gstlc1sn00","0","FAAt707","BEA_API"
1940,65,"Transportation",13.4,"e1gstlc1sn00","0","FAAt707","BEA_API"
1941,65,"Transportation",14,"e1gstlc1sn00","0","FAAt707","BEA_API"
1942,65,"Transportation",14.7,"e1gstlc1sn00","0","FAAt707","BEA_API"
1943,65,"Transportation",15.6,"e1gstlc1sn00","0","FAAt707","BEA_API"
1944,65,"Transportation",16.4,"e1gstlc1sn00","0","FAAt707","BEA_API"
1945,65,"Transportation",17.3,"e1gstlc1sn00","0","FAAt707","BEA_API"
1946,65,"Transportation",18,"e1gstlc1sn00","0","FAAt707","BEA_API"
1947,65,"Transportation",18.5,"e1gstlc1sn00","0","FAAt707","BEA_API"
1948,65,"Transportation",18.7,"e1gstlc1sn00","0","FAAt707","BEA_API"
1949,65,"Transportation",18.7,"e1gstlc1sn00","0","FAAt707","BEA_API"
1950,65,"Transportation",18.6,"e1gstlc1sn00","0","FAAt707","BEA_API"
1951,65,"Transportation",18.7,"e1gstlc1sn00","0","FAAt707","BEA_API"
1952,65,"Transportation",19,"e1gstlc1sn00","0","FAAt707","BEA_API"
1953,65,"Transportation",19.1,"e1gstlc1sn00","0","FAAt707","BEA_API"
1954,65,"Transportation",19,"e1gstlc1sn00","0","FAAt707","BEA_API"
1955,65,"Transportation",18.7,"e1gstlc1sn00","0","FAAt707","BEA_API"
1956,65,"Transportation",18.4,"e1gstlc1sn00","0","FAAt707","BEA_API"
1957,65,"Transportation",18.2,"e1gstlc1sn00","0","FAAt707","BEA_API"
1958,65,"Transportation",17.9,"e1gstlc1sn00","0","FAAt707","BEA_API"
1959,65,"Transportation",17.5,"e1gstlc1sn00","0","FAAt707","BEA_API"
1960,65,"Transportation",17.1,"e1gstlc1sn00","0","FAAt707","BEA_API"
1961,65,"Transportation",16.5,"e1gstlc1sn00","0","FAAt707","BEA_API"
1962,65,"Transportation",16.3,"e1gstlc1sn00","0","FAAt707","BEA_API"
1963,65,"Transportation",16,"e1gstlc1sn00","0","FAAt707","BEA_API"
1964,65,"Transportation",15.7,"e1gstlc1sn00","0","FAAt707","BEA_API"
1965,65,"Transportation",15.5,"e1gstlc1sn00","0","FAAt707","BEA_API"
1966,65,"Transportation",15.1,"e1gstlc1sn00","0","FAAt707","BEA_API"
1967,65,"Transportation",14.5,"e1gstlc1sn00","0","FAAt707","BEA_API"
1968,65,"Transportation",13.9,"e1gstlc1sn00","0","FAAt707","BEA_API"
1969,65,"Transportation",13.6,"e1gstlc1sn00","0","FAAt707","BEA_API"
1970,65,"Transportation",13.5,"e1gstlc1sn00","0","FAAt707","BEA_API"
1971,65,"Transportation",13.6,"e1gstlc1sn00","0","FAAt707","BEA_API"
1972,65,"Transportation",13.7,"e1gstlc1sn00","0","FAAt707","BEA_API"
1973,65,"Transportation",13.8,"e1gstlc1sn00","0","FAAt707","BEA_API"
1974,65,"Transportation",14,"e1gstlc1sn00","0","FAAt707","BEA_API"
1975,65,"Transportation",14.2,"e1gstlc1sn00","0","FAAt707","BEA_API"
1976,65,"Transportation",14.3,"e1gstlc1sn00","0","FAAt707","BEA_API"
1977,65,"Transportation",14.4,"e1gstlc1sn00","0","FAAt707","BEA_API"
1978,65,"Transportation",14.4,"e1gstlc1sn00","0","FAAt707","BEA_API"
1979,65,"Transportation",14.4,"e1gstlc1sn00","0","FAAt707","BEA_API"
1980,65,"Transportation",14.4,"e1gstlc1sn00","0","FAAt707","BEA_API"
1981,65,"Transportation",14.5,"e1gstlc1sn00","0","FAAt707","BEA_API"
1982,65,"Transportation",14.6,"e1gstlc1sn00","0","FAAt707","BEA_API"
1983,65,"Transportation",14.8,"e1gstlc1sn00","0","FAAt707","BEA_API"
1984,65,"Transportation",14.9,"e1gstlc1sn00","0","FAAt707","BEA_API"
1985,65,"Transportation",15,"e1gstlc1sn00","0","FAAt707","BEA_API"
1986,65,"Transportation",15.1,"e1gstlc1sn00","0","FAAt707","BEA_API"
1987,65,"Transportation",15.2,"e1gstlc1sn00","0","FAAt707","BEA_API"
1988,65,"Transportation",15.2,"e1gstlc1sn00","0","FAAt707","BEA_API"
1989,65,"Transportation",15.2,"e1gstlc1sn00","0","FAAt707","BEA_API"
1990,65,"Transportation",15.2,"e1gstlc1sn00","0","FAAt707","BEA_API"
1991,65,"Transportation",15.2,"e1gstlc1sn00","0","FAAt707","BEA_API"
1992,65,"Transportation",15.2,"e1gstlc1sn00","0","FAAt707","BEA_API"
1993,65,"Transportation",15.1,"e1gstlc1sn00","0","FAAt707","BEA_API"
1994,65,"Transportation",15,"e1gstlc1sn00","0","FAAt707","BEA_API"
1995,65,"Transportation",15.1,"e1gstlc1sn00","0","FAAt707","BEA_API"
1996,65,"Transportation",15.2,"e1gstlc1sn00","0","FAAt707","BEA_API"
1997,65,"Transportation",15.3,"e1gstlc1sn00","0","FAAt707","BEA_API"
1998,65,"Transportation",15.5,"e1gstlc1sn00","0","FAAt707","BEA_API"
1999,65,"Transportation",15.7,"e1gstlc1sn00","0","FAAt707","BEA_API"
2000,65,"Transportation",15.7,"e1gstlc1sn00","0","FAAt707","BEA_API"
2001,65,"Transportation",15.6,"e1gstlc1sn00","0","FAAt707","BEA_API"
2002,65,"Transportation",15.6,"e1gstlc1sn00","0","FAAt707","BEA_API"
2003,65,"Transportation",15.6,"e1gstlc1sn00","0","FAAt707","BEA_API"
2004,65,"Transportation",15.7,"e1gstlc1sn00","0","FAAt707","BEA_API"
2005,65,"Transportation",15.9,"e1gstlc1sn00","0","FAAt707","BEA_API"
2006,65,"Transportation",16.2,"e1gstlc1sn00","0","FAAt707","BEA_API"
2007,65,"Transportation",16.5,"e1gstlc1sn00","0","FAAt707","BEA_API"
2008,65,"Transportation",16.8,"e1gstlc1sn00","0","FAAt707","BEA_API"
2009,65,"Transportation",17,"e1gstlc1sn00","0","FAAt707","BEA_API"
2010,65,"Transportation",17.3,"e1gstlc1sn00","0","FAAt707","BEA_API"
2011,65,"Transportation",17.6,"e1gstlc1sn00","0","FAAt707","BEA_API"
2012,65,"Transportation",17.9,"e1gstlc1sn00","0","FAAt707","BEA_API"
2013,65,"Transportation",18.3,"e1gstlc1sn00","0","FAAt707","BEA_API"
2014,65,"Transportation",18.5,"e1gstlc1sn00","0","FAAt707","BEA_API"
2015,65,"Transportation",18.7,"e1gstlc1sn00","0","FAAt707","BEA_API"
2016,65,"Transportation",19,"e1gstlc1sn00","0","FAAt707","BEA_API"
2017,65,"Transportation",19.3,"e1gstlc1sn00","0","FAAt707","BEA_API"
2018,65,"Transportation",19.5,"e1gstlc1sn00","0","FAAt707","BEA_API"
2019,65,"Transportation",19.6,"e1gstlc1sn00","0","FAAt707","BEA_API"
2020,65,"Transportation",19.7,"e1gstlc1sn00","0","FAAt707","BEA_API"
2021,65,"Transportation",20,"e1gstlc1sn00","0","FAAt707","BEA_API"
2022,65,"Transportation",20.3,"e1gstlc1sn00","0","FAAt707","BEA_API"
2023,65,"Transportation",20.6,"e1gstlc1sn00","0","FAAt707","BEA_API"
2024,65,"Transportation",20.8,"e1gstlc1sn00","0","FAAt707","BEA_API"
1925,66,"Power",13.2,"e1gstlc1sp00","0","FAAt707","BEA_API"
1926,66,"Power",13.2,"e1gstlc1sp00","0","FAAt707","BEA_API"
1927,66,"Power",12.6,"e1gstlc1sp00","0","FAAt707","BEA_API"
1928,66,"Power",12.5,"e1gstlc1sp00","0","FAAt707","BEA_API"
1929,66,"Power",12.5,"e1gstlc1sp00","0","FAAt707","BEA_API"
1930,66,"Power",12.5,"e1gstlc1sp00","0","FAAt707","BEA_API"
1931,66,"Power",12.2,"e1gstlc1sp00","0","FAAt707","BEA_API"
1932,66,"Power",12.3,"e1gstlc1sp00","0","FAAt707","BEA_API"
1933,66,"Power",12.9,"e1gstlc1sp00","0","FAAt707","BEA_API"
1934,66,"Power",13.5,"e1gstlc1sp00","0","FAAt707","BEA_API"
1935,66,"Power",13.9,"e1gstlc1sp00","0","FAAt707","BEA_API"
1936,66,"Power",13.5,"e1gstlc1sp00","0","FAAt707","BEA_API"
1937,66,"Power",13.6,"e1gstlc1sp00","0","FAAt707","BEA_API"
1938,66,"Power",13.6,"e1gstlc1sp00","0","FAAt707","BEA_API"
1939,66,"Power",13.6,"e1gstlc1sp00","0","FAAt707","BEA_API"
1940,66,"Power",13.9,"e1gstlc1sp00","0","FAAt707","BEA_API"
1941,66,"Power",14.3,"e1gstlc1sp00","0","FAAt707","BEA_API"
1942,66,"Power",15,"e1gstlc1sp00","0","FAAt707","BEA_API"
1943,66,"Power",15.8,"e1gstlc1sp00","0","FAAt707","BEA_API"
1944,66,"Power",16.7,"e1gstlc1sp00","0","FAAt707","BEA_API"
1945,66,"Power",17.5,"e1gstlc1sp00","0","FAAt707","BEA_API"
1946,66,"Power",18.2,"e1gstlc1sp00","0","FAAt707","BEA_API"
1947,66,"Power",18.6,"e1gstlc1sp00","0","FAAt707","BEA_API"
1948,66,"Power",19,"e1gstlc1sp00","0","FAAt707","BEA_API"
1949,66,"Power",19.3,"e1gstlc1sp00","0","FAAt707","BEA_API"
1950,66,"Power",19.7,"e1gstlc1sp00","0","FAAt707","BEA_API"
1951,66,"Power",20.1,"e1gstlc1sp00","0","FAAt707","BEA_API"
1952,66,"Power",20.5,"e1gstlc1sp00","0","FAAt707","BEA_API"
1953,66,"Power",20.9,"e1gstlc1sp00","0","FAAt707","BEA_API"
1954,66,"Power",21.1,"e1gstlc1sp00","0","FAAt707","BEA_API"
1955,66,"Power",21.3,"e1gstlc1sp00","0","FAAt707","BEA_API"
1956,66,"Power",21.1,"e1gstlc1sp00","0","FAAt707","BEA_API"
1957,66,"Power",21,"e1gstlc1sp00","0","FAAt707","BEA_API"
1958,66,"Power",20.8,"e1gstlc1sp00","0","FAAt707","BEA_API"
1959,66,"Power",20.3,"e1gstlc1sp00","0","FAAt707","BEA_API"
1960,66,"Power",19.9,"e1gstlc1sp00","0","FAAt707","BEA_API"
1961,66,"Power",19.2,"e1gstlc1sp00","0","FAAt707","BEA_API"
1962,66,"Power",19,"e1gstlc1sp00","0","FAAt707","BEA_API"
1963,66,"Power",18.7,"e1gstlc1sp00","0","FAAt707","BEA_API"
1964,66,"Power",18.2,"e1gstlc1sp00","0","FAAt707","BEA_API"
1965,66,"Power",17.7,"e1gstlc1sp00","0","FAAt707","BEA_API"
1966,66,"Power",17.6,"e1gstlc1sp00","0","FAAt707","BEA_API"
1967,66,"Power",17.4,"e1gstlc1sp00","0","FAAt707","BEA_API"
1968,66,"Power",17.2,"e1gstlc1sp00","0","FAAt707","BEA_API"
1969,66,"Power",17.1,"e1gstlc1sp00","0","FAAt707","BEA_API"
1970,66,"Power",17.2,"e1gstlc1sp00","0","FAAt707","BEA_API"
1971,66,"Power",17.2,"e1gstlc1sp00","0","FAAt707","BEA_API"
1972,66,"Power",17.3,"e1gstlc1sp00","0","FAAt707","BEA_API"
1973,66,"Power",17.3,"e1gstlc1sp00","0","FAAt707","BEA_API"
1974,66,"Power",17.4,"e1gstlc1sp00","0","FAAt707","BEA_API"
1975,66,"Power",17.6,"e1gstlc1sp00","0","FAAt707","BEA_API"
1976,66,"Power",17.7,"e1gstlc1sp00","0","FAAt707","BEA_API"
1977,66,"Power",17.6,"e1gstlc1sp00","0","FAAt707","BEA_API"
1978,66,"Power",17.1,"e1gstlc1sp00","0","FAAt707","BEA_API"
1979,66,"Power",16.8,"e1gstlc1sp00","0","FAAt707","BEA_API"
1980,66,"Power",16.7,"e1gstlc1sp00","0","FAAt707","BEA_API"
1981,66,"Power",16.4,"e1gstlc1sp00","0","FAAt707","BEA_API"
1982,66,"Power",16.4,"e1gstlc1sp00","0","FAAt707","BEA_API"
1983,66,"Power",16.4,"e1gstlc1sp00","0","FAAt707","BEA_API"
1984,66,"Power",16.6,"e1gstlc1sp00","0","FAAt707","BEA_API"
1985,66,"Power",16.6,"e1gstlc1sp00","0","FAAt707","BEA_API"
1986,66,"Power",16.7,"e1gstlc1sp00","0","FAAt707","BEA_API"
1987,66,"Power",17.1,"e1gstlc1sp00","0","FAAt707","BEA_API"
1988,66,"Power",17.4,"e1gstlc1sp00","0","FAAt707","BEA_API"
1989,66,"Power",17.9,"e1gstlc1sp00","0","FAAt707","BEA_API"
1990,66,"Power",18.4,"e1gstlc1sp00","0","FAAt707","BEA_API"
1991,66,"Power",18.9,"e1gstlc1sp00","0","FAAt707","BEA_API"
1992,66,"Power",19.5,"e1gstlc1sp00","0","FAAt707","BEA_API"
1993,66,"Power",20,"e1gstlc1sp00","0","FAAt707","BEA_API"
1994,66,"Power",20.5,"e1gstlc1sp00","0","FAAt707","BEA_API"
1995,66,"Power",21.1,"e1gstlc1sp00","0","FAAt707","BEA_API"
1996,66,"Power",21.7,"e1gstlc1sp00","0","FAAt707","BEA_API"
1997,66,"Power",22.2,"e1gstlc1sp00","0","FAAt707","BEA_API"
1998,66,"Power",22.7,"e1gstlc1sp00","0","FAAt707","BEA_API"
1999,66,"Power",23.2,"e1gstlc1sp00","0","FAAt707","BEA_API"
2000,66,"Power",23.6,"e1gstlc1sp00","0","FAAt707","BEA_API"
2001,66,"Power",23.9,"e1gstlc1sp00","0","FAAt707","BEA_API"
2002,66,"Power",24.1,"e1gstlc1sp00","0","FAAt707","BEA_API"
2003,66,"Power",24.2,"e1gstlc1sp00","0","FAAt707","BEA_API"
2004,66,"Power",24.5,"e1gstlc1sp00","0","FAAt707","BEA_API"
2005,66,"Power",24.7,"e1gstlc1sp00","0","FAAt707","BEA_API"
2006,66,"Power",24.9,"e1gstlc1sp00","0","FAAt707","BEA_API"
2007,66,"Power",25.1,"e1gstlc1sp00","0","FAAt707","BEA_API"
2008,66,"Power",25.2,"e1gstlc1sp00","0","FAAt707","BEA_API"
2009,66,"Power",25.2,"e1gstlc1sp00","0","FAAt707","BEA_API"
2010,66,"Power",25.3,"e1gstlc1sp00","0","FAAt707","BEA_API"
2011,66,"Power",25.5,"e1gstlc1sp00","0","FAAt707","BEA_API"
2012,66,"Power",25.8,"e1gstlc1sp00","0","FAAt707","BEA_API"
2013,66,"Power",26,"e1gstlc1sp00","0","FAAt707","BEA_API"
2014,66,"Power",26.3,"e1gstlc1sp00","0","FAAt707","BEA_API"
2015,66,"Power",26.6,"e1gstlc1sp00","0","FAAt707","BEA_API"
2016,66,"Power",27,"e1gstlc1sp00","0","FAAt707","BEA_API"
2017,66,"Power",27.3,"e1gstlc1sp00","0","FAAt707","BEA_API"
2018,66,"Power",27.5,"e1gstlc1sp00","0","FAAt707","BEA_API"
2019,66,"Power",27.8,"e1gstlc1sp00","0","FAAt707","BEA_API"
2020,66,"Power",28.2,"e1gstlc1sp00","0","FAAt707","BEA_API"
2021,66,"Power",28.5,"e1gstlc1sp00","0","FAAt707","BEA_API"
2022,66,"Power",28.9,"e1gstlc1sp00","0","FAAt707","BEA_API"
2023,66,"Power",29.2,"e1gstlc1sp00","0","FAAt707","BEA_API"
2024,66,"Power",29.4,"e1gstlc1sp00","0","FAAt707","BEA_API"
1925,67,"Highways and streets",9.3,"e1gstlc1sq00","0","FAAt707","BEA_API"
1926,67,"Highways and streets",9.7,"e1gstlc1sq00","0","FAAt707","BEA_API"
1927,67,"Highways and streets",10,"e1gstlc1sq00","0","FAAt707","BEA_API"
1928,67,"Highways and streets",10.2,"e1gstlc1sq00","0","FAAt707","BEA_API"
1929,67,"Highways and streets",10.4,"e1gstlc1sq00","0","FAAt707","BEA_API"
1930,67,"Highways and streets",10.4,"e1gstlc1sq00","0","FAAt707","BEA_API"
1931,67,"Highways and streets",10.5,"e1gstlc1sq00","0","FAAt707","BEA_API"
1932,67,"Highways and streets",10.6,"e1gstlc1sq00","0","FAAt707","BEA_API"
1933,67,"Highways and streets",11.1,"e1gstlc1sq00","0","FAAt707","BEA_API"
1934,67,"Highways and streets",11.6,"e1gstlc1sq00","0","FAAt707","BEA_API"
1935,67,"Highways and streets",12.1,"e1gstlc1sq00","0","FAAt707","BEA_API"
1936,67,"Highways and streets",12.3,"e1gstlc1sq00","0","FAAt707","BEA_API"
1937,67,"Highways and streets",12.6,"e1gstlc1sq00","0","FAAt707","BEA_API"
1938,67,"Highways and streets",12.8,"e1gstlc1sq00","0","FAAt707","BEA_API"
1939,67,"Highways and streets",12.9,"e1gstlc1sq00","0","FAAt707","BEA_API"
1940,67,"Highways and streets",13.1,"e1gstlc1sq00","0","FAAt707","BEA_API"
1941,67,"Highways and streets",13.6,"e1gstlc1sq00","0","FAAt707","BEA_API"
1942,67,"Highways and streets",14.3,"e1gstlc1sq00","0","FAAt707","BEA_API"
1943,67,"Highways and streets",15.1,"e1gstlc1sq00","0","FAAt707","BEA_API"
1944,67,"Highways and streets",16,"e1gstlc1sq00","0","FAAt707","BEA_API"
1945,67,"Highways and streets",16.8,"e1gstlc1sq00","0","FAAt707","BEA_API"
1946,67,"Highways and streets",17.4,"e1gstlc1sq00","0","FAAt707","BEA_API"
1947,67,"Highways and streets",17.8,"e1gstlc1sq00","0","FAAt707","BEA_API"
1948,67,"Highways and streets",18.2,"e1gstlc1sq00","0","FAAt707","BEA_API"
1949,67,"Highways and streets",18.3,"e1gstlc1sq00","0","FAAt707","BEA_API"
1950,67,"Highways and streets",18.4,"e1gstlc1sq00","0","FAAt707","BEA_API"
1951,67,"Highways and streets",18.5,"e1gstlc1sq00","0","FAAt707","BEA_API"
1952,67,"Highways and streets",18.6,"e1gstlc1sq00","0","FAAt707","BEA_API"
1953,67,"Highways and streets",18.6,"e1gstlc1sq00","0","FAAt707","BEA_API"
1954,67,"Highways and streets",18.3,"e1gstlc1sq00","0","FAAt707","BEA_API"
1955,67,"Highways and streets",18,"e1gstlc1sq00","0","FAAt707","BEA_API"
1956,67,"Highways and streets",17.8,"e1gstlc1sq00","0","FAAt707","BEA_API"
1957,67,"Highways and streets",17.6,"e1gstlc1sq00","0","FAAt707","BEA_API"
1958,67,"Highways and streets",17.3,"e1gstlc1sq00","0","FAAt707","BEA_API"
1959,67,"Highways and streets",17,"e1gstlc1sq00","0","FAAt707","BEA_API"
1960,67,"Highways and streets",16.8,"e1gstlc1sq00","0","FAAt707","BEA_API"
1961,67,"Highways and streets",16.6,"e1gstlc1sq00","0","FAAt707","BEA_API"
1962,67,"Highways and streets",16.4,"e1gstlc1sq00","0","FAAt707","BEA_API"
1963,67,"Highways and streets",16.2,"e1gstlc1sq00","0","FAAt707","BEA_API"
1964,67,"Highways and streets",16.1,"e1gstlc1sq00","0","FAAt707","BEA_API"
1965,67,"Highways and streets",16,"e1gstlc1sq00","0","FAAt707","BEA_API"
1966,67,"Highways and streets",15.9,"e1gstlc1sq00","0","FAAt707","BEA_API"
1967,67,"Highways and streets",15.9,"e1gstlc1sq00","0","FAAt707","BEA_API"
1968,67,"Highways and streets",15.9,"e1gstlc1sq00","0","FAAt707","BEA_API"
1969,67,"Highways and streets",16,"e1gstlc1sq00","0","FAAt707","BEA_API"
1970,67,"Highways and streets",16.1,"e1gstlc1sq00","0","FAAt707","BEA_API"
1971,67,"Highways and streets",16.3,"e1gstlc1sq00","0","FAAt707","BEA_API"
1972,67,"Highways and streets",16.5,"e1gstlc1sq00","0","FAAt707","BEA_API"
1973,67,"Highways and streets",16.8,"e1gstlc1sq00","0","FAAt707","BEA_API"
1974,67,"Highways and streets",17.2,"e1gstlc1sq00","0","FAAt707","BEA_API"
1975,67,"Highways and streets",17.6,"e1gstlc1sq00","0","FAAt707","BEA_API"
1976,67,"Highways and streets",18,"e1gstlc1sq00","0","FAAt707","BEA_API"
1977,67,"Highways and streets",18.4,"e1gstlc1sq00","0","FAAt707","BEA_API"
1978,67,"Highways and streets",18.7,"e1gstlc1sq00","0","FAAt707","BEA_API"
1979,67,"Highways and streets",18.9,"e1gstlc1sq00","0","FAAt707","BEA_API"
1980,67,"Highways and streets",19.2,"e1gstlc1sq00","0","FAAt707","BEA_API"
1981,67,"Highways and streets",19.6,"e1gstlc1sq00","0","FAAt707","BEA_API"
1982,67,"Highways and streets",20.1,"e1gstlc1sq00","0","FAAt707","BEA_API"
1983,67,"Highways and streets",20.5,"e1gstlc1sq00","0","FAAt707","BEA_API"
1984,67,"Highways and streets",20.8,"e1gstlc1sq00","0","FAAt707","BEA_API"
1985,67,"Highways and streets",21.1,"e1gstlc1sq00","0","FAAt707","BEA_API"
1986,67,"Highways and streets",21.3,"e1gstlc1sq00","0","FAAt707","BEA_API"
1987,67,"Highways and streets",21.5,"e1gstlc1sq00","0","FAAt707","BEA_API"
1988,67,"Highways and streets",21.6,"e1gstlc1sq00","0","FAAt707","BEA_API"
1989,67,"Highways and streets",21.8,"e1gstlc1sq00","0","FAAt707","BEA_API"
1990,67,"Highways and streets",21.9,"e1gstlc1sq00","0","FAAt707","BEA_API"
1991,67,"Highways and streets",22.1,"e1gstlc1sq00","0","FAAt707","BEA_API"
1992,67,"Highways and streets",22.3,"e1gstlc1sq00","0","FAAt707","BEA_API"
1993,67,"Highways and streets",22.4,"e1gstlc1sq00","0","FAAt707","BEA_API"
1994,67,"Highways and streets",22.5,"e1gstlc1sq00","0","FAAt707","BEA_API"
1995,67,"Highways and streets",22.6,"e1gstlc1sq00","0","FAAt707","BEA_API"
1996,67,"Highways and streets",22.8,"e1gstlc1sq00","0","FAAt707","BEA_API"
1997,67,"Highways and streets",22.9,"e1gstlc1sq00","0","FAAt707","BEA_API"
1998,67,"Highways and streets",23.1,"e1gstlc1sq00","0","FAAt707","BEA_API"
1999,67,"Highways and streets",23.1,"e1gstlc1sq00","0","FAAt707","BEA_API"
2000,67,"Highways and streets",23.2,"e1gstlc1sq00","0","FAAt707","BEA_API"
2001,67,"Highways and streets",23.3,"e1gstlc1sq00","0","FAAt707","BEA_API"
2002,67,"Highways and streets",23.3,"e1gstlc1sq00","0","FAAt707","BEA_API"
2003,67,"Highways and streets",23.4,"e1gstlc1sq00","0","FAAt707","BEA_API"
2004,67,"Highways and streets",23.6,"e1gstlc1sq00","0","FAAt707","BEA_API"
2005,67,"Highways and streets",23.7,"e1gstlc1sq00","0","FAAt707","BEA_API"
2006,67,"Highways and streets",23.9,"e1gstlc1sq00","0","FAAt707","BEA_API"
2007,67,"Highways and streets",24.1,"e1gstlc1sq00","0","FAAt707","BEA_API"
2008,67,"Highways and streets",24.3,"e1gstlc1sq00","0","FAAt707","BEA_API"
2009,67,"Highways and streets",24.6,"e1gstlc1sq00","0","FAAt707","BEA_API"
2010,67,"Highways and streets",24.9,"e1gstlc1sq00","0","FAAt707","BEA_API"
2011,67,"Highways and streets",25.2,"e1gstlc1sq00","0","FAAt707","BEA_API"
2012,67,"Highways and streets",25.5,"e1gstlc1sq00","0","FAAt707","BEA_API"
2013,67,"Highways and streets",25.9,"e1gstlc1sq00","0","FAAt707","BEA_API"
2014,67,"Highways and streets",26.2,"e1gstlc1sq00","0","FAAt707","BEA_API"
2015,67,"Highways and streets",26.5,"e1gstlc1sq00","0","FAAt707","BEA_API"
2016,67,"Highways and streets",26.8,"e1gstlc1sq00","0","FAAt707","BEA_API"
2017,67,"Highways and streets",27.1,"e1gstlc1sq00","0","FAAt707","BEA_API"
2018,67,"Highways and streets",27.3,"e1gstlc1sq00","0","FAAt707","BEA_API"
2019,67,"Highways and streets",27.5,"e1gstlc1sq00","0","FAAt707","BEA_API"
2020,67,"Highways and streets",27.8,"e1gstlc1sq00","0","FAAt707","BEA_API"
2021,67,"Highways and streets",28.1,"e1gstlc1sq00","0","FAAt707","BEA_API"
2022,67,"Highways and streets",28.5,"e1gstlc1sq00","0","FAAt707","BEA_API"
2023,67,"Highways and streets",28.7,"e1gstlc1sq00","0","FAAt707","BEA_API"
2024,67,"Highways and streets",28.9,"e1gstlc1sq00","0","FAAt707","BEA_API"
1925,68,"Sewer systems",13.2,"e1gstlc1sr00","0","FAAt707","BEA_API"
1926,68,"Sewer systems",13.1,"e1gstlc1sr00","0","FAAt707","BEA_API"
1927,68,"Sewer systems",12.9,"e1gstlc1sr00","0","FAAt707","BEA_API"
1928,68,"Sewer systems",12.7,"e1gstlc1sr00","0","FAAt707","BEA_API"
1929,68,"Sewer systems",12.9,"e1gstlc1sr00","0","FAAt707","BEA_API"
1930,68,"Sewer systems",13.1,"e1gstlc1sr00","0","FAAt707","BEA_API"
1931,68,"Sewer systems",13.4,"e1gstlc1sr00","0","FAAt707","BEA_API"
1932,68,"Sewer systems",13.9,"e1gstlc1sr00","0","FAAt707","BEA_API"
1933,68,"Sewer systems",14.5,"e1gstlc1sr00","0","FAAt707","BEA_API"
1934,68,"Sewer systems",14.9,"e1gstlc1sr00","0","FAAt707","BEA_API"
1935,68,"Sewer systems",15.3,"e1gstlc1sr00","0","FAAt707","BEA_API"
1936,68,"Sewer systems",15,"e1gstlc1sr00","0","FAAt707","BEA_API"
1937,68,"Sewer systems",15,"e1gstlc1sr00","0","FAAt707","BEA_API"
1938,68,"Sewer systems",15,"e1gstlc1sr00","0","FAAt707","BEA_API"
1939,68,"Sewer systems",15,"e1gstlc1sr00","0","FAAt707","BEA_API"
1940,68,"Sewer systems",15.2,"e1gstlc1sr00","0","FAAt707","BEA_API"
1941,68,"Sewer systems",15.8,"e1gstlc1sr00","0","FAAt707","BEA_API"
1942,68,"Sewer systems",16.5,"e1gstlc1sr00","0","FAAt707","BEA_API"
1943,68,"Sewer systems",17.4,"e1gstlc1sr00","0","FAAt707","BEA_API"
1944,68,"Sewer systems",18.3,"e1gstlc1sr00","0","FAAt707","BEA_API"
1945,68,"Sewer systems",19.1,"e1gstlc1sr00","0","FAAt707","BEA_API"
1946,68,"Sewer systems",19.8,"e1gstlc1sr00","0","FAAt707","BEA_API"
1947,68,"Sewer systems",20.2,"e1gstlc1sr00","0","FAAt707","BEA_API"
1948,68,"Sewer systems",20.3,"e1gstlc1sr00","0","FAAt707","BEA_API"
1949,68,"Sewer systems",20.4,"e1gstlc1sr00","0","FAAt707","BEA_API"
1950,68,"Sewer systems",20.5,"e1gstlc1sr00","0","FAAt707","BEA_API"
1951,68,"Sewer systems",20.5,"e1gstlc1sr00","0","FAAt707","BEA_API"
1952,68,"Sewer systems",20.6,"e1gstlc1sr00","0","FAAt707","BEA_API"
1953,68,"Sewer systems",20.6,"e1gstlc1sr00","0","FAAt707","BEA_API"
1954,68,"Sewer systems",20.6,"e1gstlc1sr00","0","FAAt707","BEA_API"
1955,68,"Sewer systems",20.5,"e1gstlc1sr00","0","FAAt707","BEA_API"
1956,68,"Sewer systems",20.4,"e1gstlc1sr00","0","FAAt707","BEA_API"
1957,68,"Sewer systems",20.4,"e1gstlc1sr00","0","FAAt707","BEA_API"
1958,68,"Sewer systems",20.3,"e1gstlc1sr00","0","FAAt707","BEA_API"
1959,68,"Sewer systems",20,"e1gstlc1sr00","0","FAAt707","BEA_API"
1960,68,"Sewer systems",19.8,"e1gstlc1sr00","0","FAAt707","BEA_API"
1961,68,"Sewer systems",19.7,"e1gstlc1sr00","0","FAAt707","BEA_API"
1962,68,"Sewer systems",19.4,"e1gstlc1sr00","0","FAAt707","BEA_API"
1963,68,"Sewer systems",19.4,"e1gstlc1sr00","0","FAAt707","BEA_API"
1964,68,"Sewer systems",19.1,"e1gstlc1sr00","0","FAAt707","BEA_API"
1965,68,"Sewer systems",19,"e1gstlc1sr00","0","FAAt707","BEA_API"
1966,68,"Sewer systems",18.8,"e1gstlc1sr00","0","FAAt707","BEA_API"
1967,68,"Sewer systems",19,"e1gstlc1sr00","0","FAAt707","BEA_API"
1968,68,"Sewer systems",18.8,"e1gstlc1sr00","0","FAAt707","BEA_API"
1969,68,"Sewer systems",18.9,"e1gstlc1sr00","0","FAAt707","BEA_API"
1970,68,"Sewer systems",19,"e1gstlc1sr00","0","FAAt707","BEA_API"
1971,68,"Sewer systems",19,"e1gstlc1sr00","0","FAAt707","BEA_API"
1972,68,"Sewer systems",19.1,"e1gstlc1sr00","0","FAAt707","BEA_API"
1973,68,"Sewer systems",19.1,"e1gstlc1sr00","0","FAAt707","BEA_API"
1974,68,"Sewer systems",18.9,"e1gstlc1sr00","0","FAAt707","BEA_API"
1975,68,"Sewer systems",18.9,"e1gstlc1sr00","0","FAAt707","BEA_API"
1976,68,"Sewer systems",18.8,"e1gstlc1sr00","0","FAAt707","BEA_API"
1977,68,"Sewer systems",18.9,"e1gstlc1sr00","0","FAAt707","BEA_API"
1978,68,"Sewer systems",18.9,"e1gstlc1sr00","0","FAAt707","BEA_API"
1979,68,"Sewer systems",18.9,"e1gstlc1sr00","0","FAAt707","BEA_API"
1980,68,"Sewer systems",18.9,"e1gstlc1sr00","0","FAAt707","BEA_API"
1981,68,"Sewer systems",19.1,"e1gstlc1sr00","0","FAAt707","BEA_API"
1982,68,"Sewer systems",19.3,"e1gstlc1sr00","0","FAAt707","BEA_API"
1983,68,"Sewer systems",19.7,"e1gstlc1sr00","0","FAAt707","BEA_API"
1984,68,"Sewer systems",20,"e1gstlc1sr00","0","FAAt707","BEA_API"
1985,68,"Sewer systems",20.3,"e1gstlc1sr00","0","FAAt707","BEA_API"
1986,68,"Sewer systems",20.5,"e1gstlc1sr00","0","FAAt707","BEA_API"
1987,68,"Sewer systems",20.6,"e1gstlc1sr00","0","FAAt707","BEA_API"
1988,68,"Sewer systems",20.7,"e1gstlc1sr00","0","FAAt707","BEA_API"
1989,68,"Sewer systems",20.8,"e1gstlc1sr00","0","FAAt707","BEA_API"
1990,68,"Sewer systems",20.9,"e1gstlc1sr00","0","FAAt707","BEA_API"
1991,68,"Sewer systems",21.1,"e1gstlc1sr00","0","FAAt707","BEA_API"
1992,68,"Sewer systems",21.2,"e1gstlc1sr00","0","FAAt707","BEA_API"
1993,68,"Sewer systems",21.4,"e1gstlc1sr00","0","FAAt707","BEA_API"
1994,68,"Sewer systems",21.7,"e1gstlc1sr00","0","FAAt707","BEA_API"
1995,68,"Sewer systems",22.1,"e1gstlc1sr00","0","FAAt707","BEA_API"
1996,68,"Sewer systems",22.4,"e1gstlc1sr00","0","FAAt707","BEA_API"
1997,68,"Sewer systems",22.7,"e1gstlc1sr00","0","FAAt707","BEA_API"
1998,68,"Sewer systems",23,"e1gstlc1sr00","0","FAAt707","BEA_API"
1999,68,"Sewer systems",23.3,"e1gstlc1sr00","0","FAAt707","BEA_API"
2000,68,"Sewer systems",23.7,"e1gstlc1sr00","0","FAAt707","BEA_API"
2001,68,"Sewer systems",24,"e1gstlc1sr00","0","FAAt707","BEA_API"
2002,68,"Sewer systems",24.3,"e1gstlc1sr00","0","FAAt707","BEA_API"
2003,68,"Sewer systems",24.5,"e1gstlc1sr00","0","FAAt707","BEA_API"
2004,68,"Sewer systems",24.7,"e1gstlc1sr00","0","FAAt707","BEA_API"
2005,68,"Sewer systems",24.9,"e1gstlc1sr00","0","FAAt707","BEA_API"
2006,68,"Sewer systems",25.1,"e1gstlc1sr00","0","FAAt707","BEA_API"
2007,68,"Sewer systems",25.3,"e1gstlc1sr00","0","FAAt707","BEA_API"
2008,68,"Sewer systems",25.5,"e1gstlc1sr00","0","FAAt707","BEA_API"
2009,68,"Sewer systems",25.6,"e1gstlc1sr00","0","FAAt707","BEA_API"
2010,68,"Sewer systems",25.7,"e1gstlc1sr00","0","FAAt707","BEA_API"
2011,68,"Sewer systems",25.9,"e1gstlc1sr00","0","FAAt707","BEA_API"
2012,68,"Sewer systems",26.2,"e1gstlc1sr00","0","FAAt707","BEA_API"
2013,68,"Sewer systems",26.5,"e1gstlc1sr00","0","FAAt707","BEA_API"
2014,68,"Sewer systems",26.9,"e1gstlc1sr00","0","FAAt707","BEA_API"
2015,68,"Sewer systems",27.2,"e1gstlc1sr00","0","FAAt707","BEA_API"
2016,68,"Sewer systems",27.6,"e1gstlc1sr00","0","FAAt707","BEA_API"
2017,68,"Sewer systems",27.9,"e1gstlc1sr00","0","FAAt707","BEA_API"
2018,68,"Sewer systems",28.2,"e1gstlc1sr00","0","FAAt707","BEA_API"
2019,68,"Sewer systems",28.5,"e1gstlc1sr00","0","FAAt707","BEA_API"
2020,68,"Sewer systems",28.9,"e1gstlc1sr00","0","FAAt707","BEA_API"
2021,68,"Sewer systems",29.2,"e1gstlc1sr00","0","FAAt707","BEA_API"
2022,68,"Sewer systems",29.6,"e1gstlc1sr00","0","FAAt707","BEA_API"
2023,68,"Sewer systems",29.9,"e1gstlc1sr00","0","FAAt707","BEA_API"
2024,68,"Sewer systems",30.2,"e1gstlc1sr00","0","FAAt707","BEA_API"
1925,69,"Water systems",12.9,"e1gstlc1su00","0","FAAt707","BEA_API"
1926,69,"Water systems",13,"e1gstlc1su00","0","FAAt707","BEA_API"
1927,69,"Water systems",13.1,"e1gstlc1su00","0","FAAt707","BEA_API"
1928,69,"Water systems",13.4,"e1gstlc1su00","0","FAAt707","BEA_API"
1929,69,"Water systems",13.7,"e1gstlc1su00","0","FAAt707","BEA_API"
1930,69,"Water systems",13.5,"e1gstlc1su00","0","FAAt707","BEA_API"
1931,69,"Water systems",13.6,"e1gstlc1su00","0","FAAt707","BEA_API"
1932,69,"Water systems",14,"e1gstlc1su00","0","FAAt707","BEA_API"
1933,69,"Water systems",14.7,"e1gstlc1su00","0","FAAt707","BEA_API"
1934,69,"Water systems",15.2,"e1gstlc1su00","0","FAAt707","BEA_API"
1935,69,"Water systems",15.8,"e1gstlc1su00","0","FAAt707","BEA_API"
1936,69,"Water systems",16.2,"e1gstlc1su00","0","FAAt707","BEA_API"
1937,69,"Water systems",16.7,"e1gstlc1su00","0","FAAt707","BEA_API"
1938,69,"Water systems",17.1,"e1gstlc1su00","0","FAAt707","BEA_API"
1939,69,"Water systems",17.4,"e1gstlc1su00","0","FAAt707","BEA_API"
1940,69,"Water systems",17.6,"e1gstlc1su00","0","FAAt707","BEA_API"
1941,69,"Water systems",18,"e1gstlc1su00","0","FAAt707","BEA_API"
1942,69,"Water systems",18.5,"e1gstlc1su00","0","FAAt707","BEA_API"
1943,69,"Water systems",19.2,"e1gstlc1su00","0","FAAt707","BEA_API"
1944,69,"Water systems",20,"e1gstlc1su00","0","FAAt707","BEA_API"
1945,69,"Water systems",20.8,"e1gstlc1su00","0","FAAt707","BEA_API"
1946,69,"Water systems",21.3,"e1gstlc1su00","0","FAAt707","BEA_API"
1947,69,"Water systems",21.7,"e1gstlc1su00","0","FAAt707","BEA_API"
1948,69,"Water systems",21.9,"e1gstlc1su00","0","FAAt707","BEA_API"
1949,69,"Water systems",22,"e1gstlc1su00","0","FAAt707","BEA_API"
1950,69,"Water systems",22.2,"e1gstlc1su00","0","FAAt707","BEA_API"
1951,69,"Water systems",22.2,"e1gstlc1su00","0","FAAt707","BEA_API"
1952,69,"Water systems",22.3,"e1gstlc1su00","0","FAAt707","BEA_API"
1953,69,"Water systems",22.4,"e1gstlc1su00","0","FAAt707","BEA_API"
1954,69,"Water systems",22.4,"e1gstlc1su00","0","FAAt707","BEA_API"
1955,69,"Water systems",22.3,"e1gstlc1su00","0","FAAt707","BEA_API"
1956,69,"Water systems",22.2,"e1gstlc1su00","0","FAAt707","BEA_API"
1957,69,"Water systems",22.2,"e1gstlc1su00","0","FAAt707","BEA_API"
1958,69,"Water systems",22.2,"e1gstlc1su00","0","FAAt707","BEA_API"
1959,69,"Water systems",22.3,"e1gstlc1su00","0","FAAt707","BEA_API"
1960,69,"Water systems",22.3,"e1gstlc1su00","0","FAAt707","BEA_API"
1961,69,"Water systems",22.2,"e1gstlc1su00","0","FAAt707","BEA_API"
1962,69,"Water systems",22.2,"e1gstlc1su00","0","FAAt707","BEA_API"
1963,69,"Water systems",21.9,"e1gstlc1su00","0","FAAt707","BEA_API"
1964,69,"Water systems",21.6,"e1gstlc1su00","0","FAAt707","BEA_API"
1965,69,"Water systems",21,"e1gstlc1su00","0","FAAt707","BEA_API"
1966,69,"Water systems",20.8,"e1gstlc1su00","0","FAAt707","BEA_API"
1967,69,"Water systems",20.4,"e1gstlc1su00","0","FAAt707","BEA_API"
1968,69,"Water systems",20,"e1gstlc1su00","0","FAAt707","BEA_API"
1969,69,"Water systems",19.9,"e1gstlc1su00","0","FAAt707","BEA_API"
1970,69,"Water systems",20,"e1gstlc1su00","0","FAAt707","BEA_API"
1971,69,"Water systems",20.3,"e1gstlc1su00","0","FAAt707","BEA_API"
1972,69,"Water systems",20.6,"e1gstlc1su00","0","FAAt707","BEA_API"
1973,69,"Water systems",21,"e1gstlc1su00","0","FAAt707","BEA_API"
1974,69,"Water systems",21.2,"e1gstlc1su00","0","FAAt707","BEA_API"
1975,69,"Water systems",21.4,"e1gstlc1su00","0","FAAt707","BEA_API"
1976,69,"Water systems",21.6,"e1gstlc1su00","0","FAAt707","BEA_API"
1977,69,"Water systems",22,"e1gstlc1su00","0","FAAt707","BEA_API"
1978,69,"Water systems",22.2,"e1gstlc1su00","0","FAAt707","BEA_API"
1979,69,"Water systems",22.4,"e1gstlc1su00","0","FAAt707","BEA_API"
1980,69,"Water systems",22.5,"e1gstlc1su00","0","FAAt707","BEA_API"
1981,69,"Water systems",22.7,"e1gstlc1su00","0","FAAt707","BEA_API"
1982,69,"Water systems",22.9,"e1gstlc1su00","0","FAAt707","BEA_API"
1983,69,"Water systems",23.2,"e1gstlc1su00","0","FAAt707","BEA_API"
1984,69,"Water systems",23.4,"e1gstlc1su00","0","FAAt707","BEA_API"
1985,69,"Water systems",23.5,"e1gstlc1su00","0","FAAt707","BEA_API"
1986,69,"Water systems",23.5,"e1gstlc1su00","0","FAAt707","BEA_API"
1987,69,"Water systems",23.5,"e1gstlc1su00","0","FAAt707","BEA_API"
1988,69,"Water systems",23.4,"e1gstlc1su00","0","FAAt707","BEA_API"
1989,69,"Water systems",23.4,"e1gstlc1su00","0","FAAt707","BEA_API"
1990,69,"Water systems",23.4,"e1gstlc1su00","0","FAAt707","BEA_API"
1991,69,"Water systems",23.3,"e1gstlc1su00","0","FAAt707","BEA_API"
1992,69,"Water systems",23.4,"e1gstlc1su00","0","FAAt707","BEA_API"
1993,69,"Water systems",23.6,"e1gstlc1su00","0","FAAt707","BEA_API"
1994,69,"Water systems",23.8,"e1gstlc1su00","0","FAAt707","BEA_API"
1995,69,"Water systems",24.1,"e1gstlc1su00","0","FAAt707","BEA_API"
1996,69,"Water systems",24.3,"e1gstlc1su00","0","FAAt707","BEA_API"
1997,69,"Water systems",24.3,"e1gstlc1su00","0","FAAt707","BEA_API"
1998,69,"Water systems",24.3,"e1gstlc1su00","0","FAAt707","BEA_API"
1999,69,"Water systems",24.3,"e1gstlc1su00","0","FAAt707","BEA_API"
2000,69,"Water systems",24.3,"e1gstlc1su00","0","FAAt707","BEA_API"
2001,69,"Water systems",24.3,"e1gstlc1su00","0","FAAt707","BEA_API"
2002,69,"Water systems",24.3,"e1gstlc1su00","0","FAAt707","BEA_API"
2003,69,"Water systems",24.3,"e1gstlc1su00","0","FAAt707","BEA_API"
2004,69,"Water systems",24.2,"e1gstlc1su00","0","FAAt707","BEA_API"
2005,69,"Water systems",24.3,"e1gstlc1su00","0","FAAt707","BEA_API"
2006,69,"Water systems",24.4,"e1gstlc1su00","0","FAAt707","BEA_API"
2007,69,"Water systems",24.5,"e1gstlc1su00","0","FAAt707","BEA_API"
2008,69,"Water systems",24.6,"e1gstlc1su00","0","FAAt707","BEA_API"
2009,69,"Water systems",24.7,"e1gstlc1su00","0","FAAt707","BEA_API"
2010,69,"Water systems",24.9,"e1gstlc1su00","0","FAAt707","BEA_API"
2011,69,"Water systems",25.1,"e1gstlc1su00","0","FAAt707","BEA_API"
2012,69,"Water systems",25.4,"e1gstlc1su00","0","FAAt707","BEA_API"
2013,69,"Water systems",25.6,"e1gstlc1su00","0","FAAt707","BEA_API"
2014,69,"Water systems",25.9,"e1gstlc1su00","0","FAAt707","BEA_API"
2015,69,"Water systems",26.1,"e1gstlc1su00","0","FAAt707","BEA_API"
2016,69,"Water systems",26.4,"e1gstlc1su00","0","FAAt707","BEA_API"
2017,69,"Water systems",26.7,"e1gstlc1su00","0","FAAt707","BEA_API"
2018,69,"Water systems",27,"e1gstlc1su00","0","FAAt707","BEA_API"
2019,69,"Water systems",27.3,"e1gstlc1su00","0","FAAt707","BEA_API"
2020,69,"Water systems",27.6,"e1gstlc1su00","0","FAAt707","BEA_API"
2021,69,"Water systems",27.9,"e1gstlc1su00","0","FAAt707","BEA_API"
2022,69,"Water systems",28.3,"e1gstlc1su00","0","FAAt707","BEA_API"
2023,69,"Water systems",28.6,"e1gstlc1su00","0","FAAt707","BEA_API"
2024,69,"Water systems",28.8,"e1gstlc1su00","0","FAAt707","BEA_API"
1925,70,"Conservation and development",0.5,"e1gstlc1sv00","0","FAAt707","BEA_API"
1926,70,"Conservation and development",0.7,"e1gstlc1sv00","0","FAAt707","BEA_API"
1927,70,"Conservation and development",0.9,"e1gstlc1sv00","0","FAAt707","BEA_API"
1928,70,"Conservation and development",1.1,"e1gstlc1sv00","0","FAAt707","BEA_API"
1929,70,"Conservation and development",1.4,"e1gstlc1sv00","0","FAAt707","BEA_API"
1930,70,"Conservation and development",1.8,"e1gstlc1sv00","0","FAAt707","BEA_API"
1931,70,"Conservation and development",2.3,"e1gstlc1sv00","0","FAAt707","BEA_API"
1932,70,"Conservation and development",3,"e1gstlc1sv00","0","FAAt707","BEA_API"
1933,70,"Conservation and development",3.5,"e1gstlc1sv00","0","FAAt707","BEA_API"
1934,70,"Conservation and development",3.2,"e1gstlc1sv00","0","FAAt707","BEA_API"
1935,70,"Conservation and development",3.3,"e1gstlc1sv00","0","FAAt707","BEA_API"
1936,70,"Conservation and development",3.4,"e1gstlc1sv00","0","FAAt707","BEA_API"
1937,70,"Conservation and development",3.7,"e1gstlc1sv00","0","FAAt707","BEA_API"
1938,70,"Conservation and development",4.2,"e1gstlc1sv00","0","FAAt707","BEA_API"
1939,70,"Conservation and development",4.6,"e1gstlc1sv00","0","FAAt707","BEA_API"
1940,70,"Conservation and development",5.3,"e1gstlc1sv00","0","FAAt707","BEA_API"
1941,70,"Conservation and development",6.2,"e1gstlc1sv00","0","FAAt707","BEA_API"
1942,70,"Conservation and development",7.1,"e1gstlc1sv00","0","FAAt707","BEA_API"
1943,70,"Conservation and development",8,"e1gstlc1sv00","0","FAAt707","BEA_API"
1944,70,"Conservation and development",8.9,"e1gstlc1sv00","0","FAAt707","BEA_API"
1945,70,"Conservation and development",9.7,"e1gstlc1sv00","0","FAAt707","BEA_API"
1946,70,"Conservation and development",10.5,"e1gstlc1sv00","0","FAAt707","BEA_API"
1947,70,"Conservation and development",11.2,"e1gstlc1sv00","0","FAAt707","BEA_API"
1948,70,"Conservation and development",11.7,"e1gstlc1sv00","0","FAAt707","BEA_API"
1949,70,"Conservation and development",12.1,"e1gstlc1sv00","0","FAAt707","BEA_API"
1950,70,"Conservation and development",12.5,"e1gstlc1sv00","0","FAAt707","BEA_API"
1951,70,"Conservation and development",12.9,"e1gstlc1sv00","0","FAAt707","BEA_API"
1952,70,"Conservation and development",13.5,"e1gstlc1sv00","0","FAAt707","BEA_API"
1953,70,"Conservation and development",13.9,"e1gstlc1sv00","0","FAAt707","BEA_API"
1954,70,"Conservation and development",14.2,"e1gstlc1sv00","0","FAAt707","BEA_API"
1955,70,"Conservation and development",14.3,"e1gstlc1sv00","0","FAAt707","BEA_API"
1956,70,"Conservation and development",14,"e1gstlc1sv00","0","FAAt707","BEA_API"
1957,70,"Conservation and development",14,"e1gstlc1sv00","0","FAAt707","BEA_API"
1958,70,"Conservation and development",14.1,"e1gstlc1sv00","0","FAAt707","BEA_API"
1959,70,"Conservation and development",14.1,"e1gstlc1sv00","0","FAAt707","BEA_API"
1960,70,"Conservation and development",14,"e1gstlc1sv00","0","FAAt707","BEA_API"
1961,70,"Conservation and development",14,"e1gstlc1sv00","0","FAAt707","BEA_API"
1962,70,"Conservation and development",13.8,"e1gstlc1sv00","0","FAAt707","BEA_API"
1963,70,"Conservation and development",13.1,"e1gstlc1sv00","0","FAAt707","BEA_API"
1964,70,"Conservation and development",12.7,"e1gstlc1sv00","0","FAAt707","BEA_API"
1965,70,"Conservation and development",12,"e1gstlc1sv00","0","FAAt707","BEA_API"
1966,70,"Conservation and development",11.6,"e1gstlc1sv00","0","FAAt707","BEA_API"
1967,70,"Conservation and development",11.1,"e1gstlc1sv00","0","FAAt707","BEA_API"
1968,70,"Conservation and development",11,"e1gstlc1sv00","0","FAAt707","BEA_API"
1969,70,"Conservation and development",11,"e1gstlc1sv00","0","FAAt707","BEA_API"
1970,70,"Conservation and development",11.2,"e1gstlc1sv00","0","FAAt707","BEA_API"
1971,70,"Conservation and development",11.6,"e1gstlc1sv00","0","FAAt707","BEA_API"
1972,70,"Conservation and development",12.1,"e1gstlc1sv00","0","FAAt707","BEA_API"
1973,70,"Conservation and development",12.7,"e1gstlc1sv00","0","FAAt707","BEA_API"
1974,70,"Conservation and development",13.1,"e1gstlc1sv00","0","FAAt707","BEA_API"
1975,70,"Conservation and development",13.7,"e1gstlc1sv00","0","FAAt707","BEA_API"
1976,70,"Conservation and development",14.2,"e1gstlc1sv00","0","FAAt707","BEA_API"
1977,70,"Conservation and development",14.8,"e1gstlc1sv00","0","FAAt707","BEA_API"
1978,70,"Conservation and development",15.5,"e1gstlc1sv00","0","FAAt707","BEA_API"
1979,70,"Conservation and development",16,"e1gstlc1sv00","0","FAAt707","BEA_API"
1980,70,"Conservation and development",16.5,"e1gstlc1sv00","0","FAAt707","BEA_API"
1981,70,"Conservation and development",17,"e1gstlc1sv00","0","FAAt707","BEA_API"
1982,70,"Conservation and development",17.5,"e1gstlc1sv00","0","FAAt707","BEA_API"
1983,70,"Conservation and development",17.9,"e1gstlc1sv00","0","FAAt707","BEA_API"
1984,70,"Conservation and development",18.3,"e1gstlc1sv00","0","FAAt707","BEA_API"
1985,70,"Conservation and development",18.5,"e1gstlc1sv00","0","FAAt707","BEA_API"
1986,70,"Conservation and development",18.7,"e1gstlc1sv00","0","FAAt707","BEA_API"
1987,70,"Conservation and development",19,"e1gstlc1sv00","0","FAAt707","BEA_API"
1988,70,"Conservation and development",19.3,"e1gstlc1sv00","0","FAAt707","BEA_API"
1989,70,"Conservation and development",19.5,"e1gstlc1sv00","0","FAAt707","BEA_API"
1990,70,"Conservation and development",19.7,"e1gstlc1sv00","0","FAAt707","BEA_API"
1991,70,"Conservation and development",20,"e1gstlc1sv00","0","FAAt707","BEA_API"
1992,70,"Conservation and development",20.3,"e1gstlc1sv00","0","FAAt707","BEA_API"
1993,70,"Conservation and development",20.7,"e1gstlc1sv00","0","FAAt707","BEA_API"
1994,70,"Conservation and development",21,"e1gstlc1sv00","0","FAAt707","BEA_API"
1995,70,"Conservation and development",21.2,"e1gstlc1sv00","0","FAAt707","BEA_API"
1996,70,"Conservation and development",21.5,"e1gstlc1sv00","0","FAAt707","BEA_API"
1997,70,"Conservation and development",21.8,"e1gstlc1sv00","0","FAAt707","BEA_API"
1998,70,"Conservation and development",22,"e1gstlc1sv00","0","FAAt707","BEA_API"
1999,70,"Conservation and development",22.2,"e1gstlc1sv00","0","FAAt707","BEA_API"
2000,70,"Conservation and development",22.2,"e1gstlc1sv00","0","FAAt707","BEA_API"
2001,70,"Conservation and development",22.3,"e1gstlc1sv00","0","FAAt707","BEA_API"
2002,70,"Conservation and development",22.6,"e1gstlc1sv00","0","FAAt707","BEA_API"
2003,70,"Conservation and development",22.9,"e1gstlc1sv00","0","FAAt707","BEA_API"
2004,70,"Conservation and development",23.1,"e1gstlc1sv00","0","FAAt707","BEA_API"
2005,70,"Conservation and development",23.4,"e1gstlc1sv00","0","FAAt707","BEA_API"
2006,70,"Conservation and development",23.6,"e1gstlc1sv00","0","FAAt707","BEA_API"
2007,70,"Conservation and development",23.7,"e1gstlc1sv00","0","FAAt707","BEA_API"
2008,70,"Conservation and development",23.8,"e1gstlc1sv00","0","FAAt707","BEA_API"
2009,70,"Conservation and development",24,"e1gstlc1sv00","0","FAAt707","BEA_API"
2010,70,"Conservation and development",24.2,"e1gstlc1sv00","0","FAAt707","BEA_API"
2011,70,"Conservation and development",24.4,"e1gstlc1sv00","0","FAAt707","BEA_API"
2012,70,"Conservation and development",24.7,"e1gstlc1sv00","0","FAAt707","BEA_API"
2013,70,"Conservation and development",25.1,"e1gstlc1sv00","0","FAAt707","BEA_API"
2014,70,"Conservation and development",25.5,"e1gstlc1sv00","0","FAAt707","BEA_API"
2015,70,"Conservation and development",25.7,"e1gstlc1sv00","0","FAAt707","BEA_API"
2016,70,"Conservation and development",25.8,"e1gstlc1sv00","0","FAAt707","BEA_API"
2017,70,"Conservation and development",26.1,"e1gstlc1sv00","0","FAAt707","BEA_API"
2018,70,"Conservation and development",26.3,"e1gstlc1sv00","0","FAAt707","BEA_API"
2019,70,"Conservation and development",26.5,"e1gstlc1sv00","0","FAAt707","BEA_API"
2020,70,"Conservation and development",26.7,"e1gstlc1sv00","0","FAAt707","BEA_API"
2021,70,"Conservation and development",26.9,"e1gstlc1sv00","0","FAAt707","BEA_API"
2022,70,"Conservation and development",27.1,"e1gstlc1sv00","0","FAAt707","BEA_API"
2023,70,"Conservation and development",27.2,"e1gstlc1sv00","0","FAAt707","BEA_API"
2024,70,"Conservation and development",27.2,"e1gstlc1sv00","0","FAAt707","BEA_API"
1925,71,"Other structures",13.2,"e1gstlc1sx00","0","FAAt707","BEA_API"
1926,71,"Other structures",13.2,"e1gstlc1sx00","0","FAAt707","BEA_API"
1927,71,"Other structures",12.6,"e1gstlc1sx00","0","FAAt707","BEA_API"
1928,71,"Other structures",12.5,"e1gstlc1sx00","0","FAAt707","BEA_API"
1929,71,"Other structures",12.3,"e1gstlc1sx00","0","FAAt707","BEA_API"
1930,71,"Other structures",12.2,"e1gstlc1sx00","0","FAAt707","BEA_API"
1931,71,"Other structures",11.8,"e1gstlc1sx00","0","FAAt707","BEA_API"
1932,71,"Other structures",11.9,"e1gstlc1sx00","0","FAAt707","BEA_API"
1933,71,"Other structures",12.5,"e1gstlc1sx00","0","FAAt707","BEA_API"
1934,71,"Other structures",13.2,"e1gstlc1sx00","0","FAAt707","BEA_API"
1935,71,"Other structures",13.5,"e1gstlc1sx00","0","FAAt707","BEA_API"
1936,71,"Other structures",13.1,"e1gstlc1sx00","0","FAAt707","BEA_API"
1937,71,"Other structures",13.2,"e1gstlc1sx00","0","FAAt707","BEA_API"
1938,71,"Other structures",12,"e1gstlc1sx00","0","FAAt707","BEA_API"
1939,71,"Other structures",10.3,"e1gstlc1sx00","0","FAAt707","BEA_API"
1940,71,"Other structures",9.3,"e1gstlc1sx00","0","FAAt707","BEA_API"
1941,71,"Other structures",9,"e1gstlc1sx00","0","FAAt707","BEA_API"
1942,71,"Other structures",9.2,"e1gstlc1sx00","0","FAAt707","BEA_API"
1943,71,"Other structures",9.4,"e1gstlc1sx00","0","FAAt707","BEA_API"
1944,71,"Other structures",9.9,"e1gstlc1sx00","0","FAAt707","BEA_API"
1945,71,"Other structures",10.6,"e1gstlc1sx00","0","FAAt707","BEA_API"
1946,71,"Other structures",11.3,"e1gstlc1sx00","0","FAAt707","BEA_API"
1947,71,"Other structures",11.5,"e1gstlc1sx00","0","FAAt707","BEA_API"
1948,71,"Other structures",11.9,"e1gstlc1sx00","0","FAAt707","BEA_API"
1949,71,"Other structures",11.2,"e1gstlc1sx00","0","FAAt707","BEA_API"
1950,71,"Other structures",10.9,"e1gstlc1sx00","0","FAAt707","BEA_API"
1951,71,"Other structures",10.7,"e1gstlc1sx00","0","FAAt707","BEA_API"
1952,71,"Other structures",10.6,"e1gstlc1sx00","0","FAAt707","BEA_API"
1953,71,"Other structures",10.5,"e1gstlc1sx00","0","FAAt707","BEA_API"
1954,71,"Other structures",10.4,"e1gstlc1sx00","0","FAAt707","BEA_API"
1955,71,"Other structures",10.5,"e1gstlc1sx00","0","FAAt707","BEA_API"
1956,71,"Other structures",10.9,"e1gstlc1sx00","0","FAAt707","BEA_API"
1957,71,"Other structures",11,"e1gstlc1sx00","0","FAAt707","BEA_API"
1958,71,"Other structures",10.9,"e1gstlc1sx00","0","FAAt707","BEA_API"
1959,71,"Other structures",11,"e1gstlc1sx00","0","FAAt707","BEA_API"
1960,71,"Other structures",11.1,"e1gstlc1sx00","0","FAAt707","BEA_API"
1961,71,"Other structures",11,"e1gstlc1sx00","0","FAAt707","BEA_API"
1962,71,"Other structures",10.8,"e1gstlc1sx00","0","FAAt707","BEA_API"
1963,71,"Other structures",11.1,"e1gstlc1sx00","0","FAAt707","BEA_API"
1964,71,"Other structures",11.3,"e1gstlc1sx00","0","FAAt707","BEA_API"
1965,71,"Other structures",11.6,"e1gstlc1sx00","0","FAAt707","BEA_API"
1966,71,"Other structures",11.7,"e1gstlc1sx00","0","FAAt707","BEA_API"
1967,71,"Other structures",11.8,"e1gstlc1sx00","0","FAAt707","BEA_API"
1968,71,"Other structures",11.9,"e1gstlc1sx00","0","FAAt707","BEA_API"
1969,71,"Other structures",12,"e1gstlc1sx00","0","FAAt707","BEA_API"
1970,71,"Other structures",12.2,"e1gstlc1sx00","0","FAAt707","BEA_API"
1971,71,"Other structures",12.3,"e1gstlc1sx00","0","FAAt707","BEA_API"
1972,71,"Other structures",12.7,"e1gstlc1sx00","0","FAAt707","BEA_API"
1973,71,"Other structures",13,"e1gstlc1sx00","0","FAAt707","BEA_API"
1974,71,"Other structures",13.6,"e1gstlc1sx00","0","FAAt707","BEA_API"
1975,71,"Other structures",14,"e1gstlc1sx00","0","FAAt707","BEA_API"
1976,71,"Other structures",14.4,"e1gstlc1sx00","0","FAAt707","BEA_API"
1977,71,"Other structures",14.7,"e1gstlc1sx00","0","FAAt707","BEA_API"
1978,71,"Other structures",15,"e1gstlc1sx00","0","FAAt707","BEA_API"
1979,71,"Other structures",15.3,"e1gstlc1sx00","0","FAAt707","BEA_API"
1980,71,"Other structures",15.6,"e1gstlc1sx00","0","FAAt707","BEA_API"
1981,71,"Other structures",15.8,"e1gstlc1sx00","0","FAAt707","BEA_API"
1982,71,"Other structures",16.1,"e1gstlc1sx00","0","FAAt707","BEA_API"
1983,71,"Other structures",16.3,"e1gstlc1sx00","0","FAAt707","BEA_API"
1984,71,"Other structures",16.6,"e1gstlc1sx00","0","FAAt707","BEA_API"
1985,71,"Other structures",16.9,"e1gstlc1sx00","0","FAAt707","BEA_API"
1986,71,"Other structures",17.1,"e1gstlc1sx00","0","FAAt707","BEA_API"
1987,71,"Other structures",17.4,"e1gstlc1sx00","0","FAAt707","BEA_API"
1988,71,"Other structures",17.8,"e1gstlc1sx00","0","FAAt707","BEA_API"
1989,71,"Other structures",18.2,"e1gstlc1sx00","0","FAAt707","BEA_API"
1990,71,"Other structures",18.5,"e1gstlc1sx00","0","FAAt707","BEA_API"
1991,71,"Other structures",18.8,"e1gstlc1sx00","0","FAAt707","BEA_API"
1992,71,"Other structures",19,"e1gstlc1sx00","0","FAAt707","BEA_API"
1993,71,"Other structures",19.4,"e1gstlc1sx00","0","FAAt707","BEA_API"
1994,71,"Other structures",19.8,"e1gstlc1sx00","0","FAAt707","BEA_API"
1995,71,"Other structures",20.1,"e1gstlc1sx00","0","FAAt707","BEA_API"
1996,71,"Other structures",20.4,"e1gstlc1sx00","0","FAAt707","BEA_API"
1997,71,"Other structures",20.7,"e1gstlc1sx00","0","FAAt707","BEA_API"
1998,71,"Other structures",21,"e1gstlc1sx00","0","FAAt707","BEA_API"
1999,71,"Other structures",21.3,"e1gstlc1sx00","0","FAAt707","BEA_API"
2000,71,"Other structures",21.8,"e1gstlc1sx00","0","FAAt707","BEA_API"
2001,71,"Other structures",22.5,"e1gstlc1sx00","0","FAAt707","BEA_API"
2002,71,"Other structures",22.5,"e1gstlc1sx00","0","FAAt707","BEA_API"
2003,71,"Other structures",22.2,"e1gstlc1sx00","0","FAAt707","BEA_API"
2004,71,"Other structures",22.7,"e1gstlc1sx00","0","FAAt707","BEA_API"
2005,71,"Other structures",23.3,"e1gstlc1sx00","0","FAAt707","BEA_API"
2006,71,"Other structures",23.6,"e1gstlc1sx00","0","FAAt707","BEA_API"
2007,71,"Other structures",23.3,"e1gstlc1sx00","0","FAAt707","BEA_API"
2008,71,"Other structures",23.7,"e1gstlc1sx00","0","FAAt707","BEA_API"
2009,71,"Other structures",24.6,"e1gstlc1sx00","0","FAAt707","BEA_API"
2010,71,"Other structures",25.1,"e1gstlc1sx00","0","FAAt707","BEA_API"
2011,71,"Other structures",25.1,"e1gstlc1sx00","0","FAAt707","BEA_API"
2012,71,"Other structures",25.2,"e1gstlc1sx00","0","FAAt707","BEA_API"
2013,71,"Other structures",25.6,"e1gstlc1sx00","0","FAAt707","BEA_API"
2014,71,"Other structures",26.1,"e1gstlc1sx00","0","FAAt707","BEA_API"
2015,71,"Other structures",26.5,"e1gstlc1sx00","0","FAAt707","BEA_API"
2016,71,"Other structures",26.9,"e1gstlc1sx00","0","FAAt707","BEA_API"
2017,71,"Other structures",27.3,"e1gstlc1sx00","0","FAAt707","BEA_API"
2018,71,"Other structures",27.7,"e1gstlc1sx00","0","FAAt707","BEA_API"
2019,71,"Other structures",28,"e1gstlc1sx00","0","FAAt707","BEA_API"
2020,71,"Other structures",28.5,"e1gstlc1sx00","0","FAAt707","BEA_API"
2021,71,"Other structures",28.9,"e1gstlc1sx00","0","FAAt707","BEA_API"
2022,71,"Other structures",29.3,"e1gstlc1sx00","0","FAAt707","BEA_API"
2023,71,"Other structures",29.7,"e1gstlc1sx00","0","FAAt707","BEA_API"
2024,71,"Other structures",30,"e1gstlc1sx00","0","FAAt707","BEA_API"
1925,72,"Intellectual property products",2.4,"e1gstlc1ip00","0","FAAt707","BEA_API"
1926,72,"Intellectual property products",2.7,"e1gstlc1ip00","0","FAAt707","BEA_API"
1927,72,"Intellectual property products",2.9,"e1gstlc1ip00","0","FAAt707","BEA_API"
1928,72,"Intellectual property products",3.2,"e1gstlc1ip00","0","FAAt707","BEA_API"
1929,72,"Intellectual property products",3.3,"e1gstlc1ip00","0","FAAt707","BEA_API"
1930,72,"Intellectual property products",3.4,"e1gstlc1ip00","0","FAAt707","BEA_API"
1931,72,"Intellectual property products",3.5,"e1gstlc1ip00","0","FAAt707","BEA_API"
1932,72,"Intellectual property products",3.6,"e1gstlc1ip00","0","FAAt707","BEA_API"
1933,72,"Intellectual property products",3.8,"e1gstlc1ip00","0","FAAt707","BEA_API"
1934,72,"Intellectual property products",3.9,"e1gstlc1ip00","0","FAAt707","BEA_API"
1935,72,"Intellectual property products",3.9,"e1gstlc1ip00","0","FAAt707","BEA_API"
1936,72,"Intellectual property products",4,"e1gstlc1ip00","0","FAAt707","BEA_API"
1937,72,"Intellectual property products",4,"e1gstlc1ip00","0","FAAt707","BEA_API"
1938,72,"Intellectual property products",4.1,"e1gstlc1ip00","0","FAAt707","BEA_API"
1939,72,"Intellectual property products",4.2,"e1gstlc1ip00","0","FAAt707","BEA_API"
1940,72,"Intellectual property products",4.2,"e1gstlc1ip00","0","FAAt707","BEA_API"
1941,72,"Intellectual property products",4.3,"e1gstlc1ip00","0","FAAt707","BEA_API"
1942,72,"Intellectual property products",4.5,"e1gstlc1ip00","0","FAAt707","BEA_API"
1943,72,"Intellectual property products",4.7,"e1gstlc1ip00","0","FAAt707","BEA_API"
1944,72,"Intellectual property products",5,"e1gstlc1ip00","0","FAAt707","BEA_API"
1945,72,"Intellectual property products",5.1,"e1gstlc1ip00","0","FAAt707","BEA_API"
1946,72,"Intellectual property products",5.2,"e1gstlc1ip00","0","FAAt707","BEA_API"
1947,72,"Intellectual property products",5.4,"e1gstlc1ip00","0","FAAt707","BEA_API"
1948,72,"Intellectual property products",5.5,"e1gstlc1ip00","0","FAAt707","BEA_API"
1949,72,"Intellectual property products",5.5,"e1gstlc1ip00","0","FAAt707","BEA_API"
1950,72,"Intellectual property products",5.4,"e1gstlc1ip00","0","FAAt707","BEA_API"
1951,72,"Intellectual property products",5.4,"e1gstlc1ip00","0","FAAt707","BEA_API"
1952,72,"Intellectual property products",5.3,"e1gstlc1ip00","0","FAAt707","BEA_API"
1953,72,"Intellectual property products",5.1,"e1gstlc1ip00","0","FAAt707","BEA_API"
1954,72,"Intellectual property products",4.9,"e1gstlc1ip00","0","FAAt707","BEA_API"
1955,72,"Intellectual property products",4.7,"e1gstlc1ip00","0","FAAt707","BEA_API"
1956,72,"Intellectual property products",4.6,"e1gstlc1ip00","0","FAAt707","BEA_API"
1957,72,"Intellectual property products",4.5,"e1gstlc1ip00","0","FAAt707","BEA_API"
1958,72,"Intellectual property products",4.4,"e1gstlc1ip00","0","FAAt707","BEA_API"
1959,72,"Intellectual property products",4.3,"e1gstlc1ip00","0","FAAt707","BEA_API"
1960,72,"Intellectual property products",4.2,"e1gstlc1ip00","0","FAAt707","BEA_API"
1961,72,"Intellectual property products",4.1,"e1gstlc1ip00","0","FAAt707","BEA_API"
1962,72,"Intellectual property products",4,"e1gstlc1ip00","0","FAAt707","BEA_API"
1963,72,"Intellectual property products",3.9,"e1gstlc1ip00","0","FAAt707","BEA_API"
1964,72,"Intellectual property products",3.8,"e1gstlc1ip00","0","FAAt707","BEA_API"
1965,72,"Intellectual property products",3.7,"e1gstlc1ip00","0","FAAt707","BEA_API"
1966,72,"Intellectual property products",3.6,"e1gstlc1ip00","0","FAAt707","BEA_API"
1967,72,"Intellectual property products",3.6,"e1gstlc1ip00","0","FAAt707","BEA_API"
1968,72,"Intellectual property products",3.6,"e1gstlc1ip00","0","FAAt707","BEA_API"
1969,72,"Intellectual property products",3.6,"e1gstlc1ip00","0","FAAt707","BEA_API"
1970,72,"Intellectual property products",3.6,"e1gstlc1ip00","0","FAAt707","BEA_API"
1971,72,"Intellectual property products",3.6,"e1gstlc1ip00","0","FAAt707","BEA_API"
1972,72,"Intellectual property products",3.7,"e1gstlc1ip00","0","FAAt707","BEA_API"
1973,72,"Intellectual property products",3.7,"e1gstlc1ip00","0","FAAt707","BEA_API"
1974,72,"Intellectual property products",3.8,"e1gstlc1ip00","0","FAAt707","BEA_API"
1975,72,"Intellectual property products",3.8,"e1gstlc1ip00","0","FAAt707","BEA_API"
1976,72,"Intellectual property products",3.9,"e1gstlc1ip00","0","FAAt707","BEA_API"
1977,72,"Intellectual property products",3.9,"e1gstlc1ip00","0","FAAt707","BEA_API"
1978,72,"Intellectual property products",4,"e1gstlc1ip00","0","FAAt707","BEA_API"
1979,72,"Intellectual property products",3.9,"e1gstlc1ip00","0","FAAt707","BEA_API"
1980,72,"Intellectual property products",3.9,"e1gstlc1ip00","0","FAAt707","BEA_API"
1981,72,"Intellectual property products",4,"e1gstlc1ip00","0","FAAt707","BEA_API"
1982,72,"Intellectual property products",4,"e1gstlc1ip00","0","FAAt707","BEA_API"
1983,72,"Intellectual property products",4,"e1gstlc1ip00","0","FAAt707","BEA_API"
1984,72,"Intellectual property products",3.9,"e1gstlc1ip00","0","FAAt707","BEA_API"
1985,72,"Intellectual property products",3.9,"e1gstlc1ip00","0","FAAt707","BEA_API"
1986,72,"Intellectual property products",3.8,"e1gstlc1ip00","0","FAAt707","BEA_API"
1987,72,"Intellectual property products",3.8,"e1gstlc1ip00","0","FAAt707","BEA_API"
1988,72,"Intellectual property products",3.7,"e1gstlc1ip00","0","FAAt707","BEA_API"
1989,72,"Intellectual property products",3.6,"e1gstlc1ip00","0","FAAt707","BEA_API"
1990,72,"Intellectual property products",3.6,"e1gstlc1ip00","0","FAAt707","BEA_API"
1991,72,"Intellectual property products",3.6,"e1gstlc1ip00","0","FAAt707","BEA_API"
1992,72,"Intellectual property products",3.6,"e1gstlc1ip00","0","FAAt707","BEA_API"
1993,72,"Intellectual property products",3.6,"e1gstlc1ip00","0","FAAt707","BEA_API"
1994,72,"Intellectual property products",3.7,"e1gstlc1ip00","0","FAAt707","BEA_API"
1995,72,"Intellectual property products",3.8,"e1gstlc1ip00","0","FAAt707","BEA_API"
1996,72,"Intellectual property products",3.9,"e1gstlc1ip00","0","FAAt707","BEA_API"
1997,72,"Intellectual property products",3.9,"e1gstlc1ip00","0","FAAt707","BEA_API"
1998,72,"Intellectual property products",3.8,"e1gstlc1ip00","0","FAAt707","BEA_API"
1999,72,"Intellectual property products",3.8,"e1gstlc1ip00","0","FAAt707","BEA_API"
2000,72,"Intellectual property products",3.8,"e1gstlc1ip00","0","FAAt707","BEA_API"
2001,72,"Intellectual property products",3.8,"e1gstlc1ip00","0","FAAt707","BEA_API"
2002,72,"Intellectual property products",3.8,"e1gstlc1ip00","0","FAAt707","BEA_API"
2003,72,"Intellectual property products",3.8,"e1gstlc1ip00","0","FAAt707","BEA_API"
2004,72,"Intellectual property products",3.8,"e1gstlc1ip00","0","FAAt707","BEA_API"
2005,72,"Intellectual property products",3.8,"e1gstlc1ip00","0","FAAt707","BEA_API"
2006,72,"Intellectual property products",3.8,"e1gstlc1ip00","0","FAAt707","BEA_API"
2007,72,"Intellectual property products",3.8,"e1gstlc1ip00","0","FAAt707","BEA_API"
2008,72,"Intellectual property products",3.8,"e1gstlc1ip00","0","FAAt707","BEA_API"
2009,72,"Intellectual property products",3.9,"e1gstlc1ip00","0","FAAt707","BEA_API"
2010,72,"Intellectual property products",3.9,"e1gstlc1ip00","0","FAAt707","BEA_API"
2011,72,"Intellectual property products",4,"e1gstlc1ip00","0","FAAt707","BEA_API"
2012,72,"Intellectual property products",4.1,"e1gstlc1ip00","0","FAAt707","BEA_API"
2013,72,"Intellectual property products",4.1,"e1gstlc1ip00","0","FAAt707","BEA_API"
2014,72,"Intellectual property products",4.1,"e1gstlc1ip00","0","FAAt707","BEA_API"
2015,72,"Intellectual property products",4.1,"e1gstlc1ip00","0","FAAt707","BEA_API"
2016,72,"Intellectual property products",4,"e1gstlc1ip00","0","FAAt707","BEA_API"
2017,72,"Intellectual property products",4,"e1gstlc1ip00","0","FAAt707","BEA_API"
2018,72,"Intellectual property products",3.9,"e1gstlc1ip00","0","FAAt707","BEA_API"
2019,72,"Intellectual property products",3.9,"e1gstlc1ip00","0","FAAt707","BEA_API"
2020,72,"Intellectual property products",4,"e1gstlc1ip00","0","FAAt707","BEA_API"
2021,72,"Intellectual property products",3.9,"e1gstlc1ip00","0","FAAt707","BEA_API"
2022,72,"Intellectual property products",3.9,"e1gstlc1ip00","0","FAAt707","BEA_API"
2023,72,"Intellectual property products",3.9,"e1gstlc1ip00","0","FAAt707","BEA_API"
2024,72,"Intellectual property products",3.9,"e1gstlc1ip00","0","FAAt707","BEA_API"
1959,73,"Software",0.5,"e1gstlc1ens0","0","FAAt707","BEA_API"
1960,73,"Software",0.5,"e1gstlc1ens0","0","FAAt707","BEA_API"
1961,73,"Software",0.9,"e1gstlc1ens0","0","FAAt707","BEA_API"
1962,73,"Software",1.1,"e1gstlc1ens0","0","FAAt707","BEA_API"
1963,73,"Software",1.1,"e1gstlc1ens0","0","FAAt707","BEA_API"
1964,73,"Software",1.2,"e1gstlc1ens0","0","FAAt707","BEA_API"
1965,73,"Software",1.4,"e1gstlc1ens0","0","FAAt707","BEA_API"
1966,73,"Software",1.4,"e1gstlc1ens0","0","FAAt707","BEA_API"
1967,73,"Software",1.5,"e1gstlc1ens0","0","FAAt707","BEA_API"
1968,73,"Software",1.7,"e1gstlc1ens0","0","FAAt707","BEA_API"
1969,73,"Software",1.7,"e1gstlc1ens0","0","FAAt707","BEA_API"
1970,73,"Software",1.8,"e1gstlc1ens0","0","FAAt707","BEA_API"
1971,73,"Software",1.9,"e1gstlc1ens0","0","FAAt707","BEA_API"
1972,73,"Software",2,"e1gstlc1ens0","0","FAAt707","BEA_API"
1973,73,"Software",2,"e1gstlc1ens0","0","FAAt707","BEA_API"
1974,73,"Software",2,"e1gstlc1ens0","0","FAAt707","BEA_API"
1975,73,"Software",2,"e1gstlc1ens0","0","FAAt707","BEA_API"
1976,73,"Software",2,"e1gstlc1ens0","0","FAAt707","BEA_API"
1977,73,"Software",2.1,"e1gstlc1ens0","0","FAAt707","BEA_API"
1978,73,"Software",2,"e1gstlc1ens0","0","FAAt707","BEA_API"
1979,73,"Software",2,"e1gstlc1ens0","0","FAAt707","BEA_API"
1980,73,"Software",1.9,"e1gstlc1ens0","0","FAAt707","BEA_API"
1981,73,"Software",2,"e1gstlc1ens0","0","FAAt707","BEA_API"
1982,73,"Software",2,"e1gstlc1ens0","0","FAAt707","BEA_API"
1983,73,"Software",1.9,"e1gstlc1ens0","0","FAAt707","BEA_API"
1984,73,"Software",1.9,"e1gstlc1ens0","0","FAAt707","BEA_API"
1985,73,"Software",1.9,"e1gstlc1ens0","0","FAAt707","BEA_API"
1986,73,"Software",1.9,"e1gstlc1ens0","0","FAAt707","BEA_API"
1987,73,"Software",2,"e1gstlc1ens0","0","FAAt707","BEA_API"
1988,73,"Software",2,"e1gstlc1ens0","0","FAAt707","BEA_API"
1989,73,"Software",1.9,"e1gstlc1ens0","0","FAAt707","BEA_API"
1990,73,"Software",1.8,"e1gstlc1ens0","0","FAAt707","BEA_API"
1991,73,"Software",1.8,"e1gstlc1ens0","0","FAAt707","BEA_API"
1992,73,"Software",1.9,"e1gstlc1ens0","0","FAAt707","BEA_API"
1993,73,"Software",1.9,"e1gstlc1ens0","0","FAAt707","BEA_API"
1994,73,"Software",2,"e1gstlc1ens0","0","FAAt707","BEA_API"
1995,73,"Software",2.1,"e1gstlc1ens0","0","FAAt707","BEA_API"
1996,73,"Software",2.2,"e1gstlc1ens0","0","FAAt707","BEA_API"
1997,73,"Software",2.2,"e1gstlc1ens0","0","FAAt707","BEA_API"
1998,73,"Software",2.1,"e1gstlc1ens0","0","FAAt707","BEA_API"
1999,73,"Software",2.1,"e1gstlc1ens0","0","FAAt707","BEA_API"
2000,73,"Software",2.1,"e1gstlc1ens0","0","FAAt707","BEA_API"
2001,73,"Software",2.1,"e1gstlc1ens0","0","FAAt707","BEA_API"
2002,73,"Software",2.2,"e1gstlc1ens0","0","FAAt707","BEA_API"
2003,73,"Software",2.2,"e1gstlc1ens0","0","FAAt707","BEA_API"
2004,73,"Software",2.1,"e1gstlc1ens0","0","FAAt707","BEA_API"
2005,73,"Software",2.1,"e1gstlc1ens0","0","FAAt707","BEA_API"
2006,73,"Software",2.1,"e1gstlc1ens0","0","FAAt707","BEA_API"
2007,73,"Software",2.1,"e1gstlc1ens0","0","FAAt707","BEA_API"
2008,73,"Software",2.1,"e1gstlc1ens0","0","FAAt707","BEA_API"
2009,73,"Software",2.1,"e1gstlc1ens0","0","FAAt707","BEA_API"
2010,73,"Software",2.1,"e1gstlc1ens0","0","FAAt707","BEA_API"
2011,73,"Software",2.2,"e1gstlc1ens0","0","FAAt707","BEA_API"
2012,73,"Software",2.2,"e1gstlc1ens0","0","FAAt707","BEA_API"
2013,73,"Software",2.1,"e1gstlc1ens0","0","FAAt707","BEA_API"
2014,73,"Software",2.1,"e1gstlc1ens0","0","FAAt707","BEA_API"
2015,73,"Software",2,"e1gstlc1ens0","0","FAAt707","BEA_API"
2016,73,"Software",2,"e1gstlc1ens0","0","FAAt707","BEA_API"
2017,73,"Software",1.9,"e1gstlc1ens0","0","FAAt707","BEA_API"
2018,73,"Software",1.8,"e1gstlc1ens0","0","FAAt707","BEA_API"
2019,73,"Software",1.8,"e1gstlc1ens0","0","FAAt707","BEA_API"
2020,73,"Software",1.8,"e1gstlc1ens0","0","FAAt707","BEA_API"
2021,73,"Software",1.7,"e1gstlc1ens0","0","FAAt707","BEA_API"
2022,73,"Software",1.7,"e1gstlc1ens0","0","FAAt707","BEA_API"
2023,73,"Software",1.7,"e1gstlc1ens0","0","FAAt707","BEA_API"
2024,73,"Software",1.7,"e1gstlc1ens0","0","FAAt707","BEA_API"
1925,74,"Research and development",2.4,"e1gstlc1rd00","0","FAAt707","BEA_API"
1926,74,"Research and development",2.7,"e1gstlc1rd00","0","FAAt707","BEA_API"
1927,74,"Research and development",2.9,"e1gstlc1rd00","0","FAAt707","BEA_API"
1928,74,"Research and development",3.2,"e1gstlc1rd00","0","FAAt707","BEA_API"
1929,74,"Research and development",3.3,"e1gstlc1rd00","0","FAAt707","BEA_API"
1930,74,"Research and development",3.4,"e1gstlc1rd00","0","FAAt707","BEA_API"
1931,74,"Research and development",3.5,"e1gstlc1rd00","0","FAAt707","BEA_API"
1932,74,"Research and development",3.6,"e1gstlc1rd00","0","FAAt707","BEA_API"
1933,74,"Research and development",3.8,"e1gstlc1rd00","0","FAAt707","BEA_API"
1934,74,"Research and development",3.9,"e1gstlc1rd00","0","FAAt707","BEA_API"
1935,74,"Research and development",3.9,"e1gstlc1rd00","0","FAAt707","BEA_API"
1936,74,"Research and development",4,"e1gstlc1rd00","0","FAAt707","BEA_API"
1937,74,"Research and development",4,"e1gstlc1rd00","0","FAAt707","BEA_API"
1938,74,"Research and development",4.1,"e1gstlc1rd00","0","FAAt707","BEA_API"
1939,74,"Research and development",4.2,"e1gstlc1rd00","0","FAAt707","BEA_API"
1940,74,"Research and development",4.2,"e1gstlc1rd00","0","FAAt707","BEA_API"
1941,74,"Research and development",4.3,"e1gstlc1rd00","0","FAAt707","BEA_API"
1942,74,"Research and development",4.5,"e1gstlc1rd00","0","FAAt707","BEA_API"
1943,74,"Research and development",4.7,"e1gstlc1rd00","0","FAAt707","BEA_API"
1944,74,"Research and development",5,"e1gstlc1rd00","0","FAAt707","BEA_API"
1945,74,"Research and development",5.1,"e1gstlc1rd00","0","FAAt707","BEA_API"
1946,74,"Research and development",5.2,"e1gstlc1rd00","0","FAAt707","BEA_API"
1947,74,"Research and development",5.4,"e1gstlc1rd00","0","FAAt707","BEA_API"
1948,74,"Research and development",5.5,"e1gstlc1rd00","0","FAAt707","BEA_API"
1949,74,"Research and development",5.5,"e1gstlc1rd00","0","FAAt707","BEA_API"
1950,74,"Research and development",5.4,"e1gstlc1rd00","0","FAAt707","BEA_API"
1951,74,"Research and development",5.4,"e1gstlc1rd00","0","FAAt707","BEA_API"
1952,74,"Research and development",5.3,"e1gstlc1rd00","0","FAAt707","BEA_API"
1953,74,"Research and development",5.1,"e1gstlc1rd00","0","FAAt707","BEA_API"
1954,74,"Research and development",4.9,"e1gstlc1rd00","0","FAAt707","BEA_API"
1955,74,"Research and development",4.7,"e1gstlc1rd00","0","FAAt707","BEA_API"
1956,74,"Research and development",4.6,"e1gstlc1rd00","0","FAAt707","BEA_API"
1957,74,"Research and development",4.5,"e1gstlc1rd00","0","FAAt707","BEA_API"
1958,74,"Research and development",4.4,"e1gstlc1rd00","0","FAAt707","BEA_API"
1959,74,"Research and development",4.3,"e1gstlc1rd00","0","FAAt707","BEA_API"
1960,74,"Research and development",4.3,"e1gstlc1rd00","0","FAAt707","BEA_API"
1961,74,"Research and development",4.2,"e1gstlc1rd00","0","FAAt707","BEA_API"
1962,74,"Research and development",4.1,"e1gstlc1rd00","0","FAAt707","BEA_API"
1963,74,"Research and development",4,"e1gstlc1rd00","0","FAAt707","BEA_API"
1964,74,"Research and development",4,"e1gstlc1rd00","0","FAAt707","BEA_API"
1965,74,"Research and development",3.9,"e1gstlc1rd00","0","FAAt707","BEA_API"
1966,74,"Research and development",3.9,"e1gstlc1rd00","0","FAAt707","BEA_API"
1967,74,"Research and development",3.8,"e1gstlc1rd00","0","FAAt707","BEA_API"
1968,74,"Research and development",3.8,"e1gstlc1rd00","0","FAAt707","BEA_API"
1969,74,"Research and development",3.8,"e1gstlc1rd00","0","FAAt707","BEA_API"
1970,74,"Research and development",3.8,"e1gstlc1rd00","0","FAAt707","BEA_API"
1971,74,"Research and development",3.9,"e1gstlc1rd00","0","FAAt707","BEA_API"
1972,74,"Research and development",3.9,"e1gstlc1rd00","0","FAAt707","BEA_API"
1973,74,"Research and development",4,"e1gstlc1rd00","0","FAAt707","BEA_API"
1974,74,"Research and development",4.1,"e1gstlc1rd00","0","FAAt707","BEA_API"
1975,74,"Research and development",4.2,"e1gstlc1rd00","0","FAAt707","BEA_API"
1976,74,"Research and development",4.2,"e1gstlc1rd00","0","FAAt707","BEA_API"
1977,74,"Research and development",4.3,"e1gstlc1rd00","0","FAAt707","BEA_API"
1978,74,"Research and development",4.3,"e1gstlc1rd00","0","FAAt707","BEA_API"
1979,74,"Research and development",4.3,"e1gstlc1rd00","0","FAAt707","BEA_API"
1980,74,"Research and development",4.4,"e1gstlc1rd00","0","FAAt707","BEA_API"
1981,74,"Research and development",4.4,"e1gstlc1rd00","0","FAAt707","BEA_API"
1982,74,"Research and development",4.4,"e1gstlc1rd00","0","FAAt707","BEA_API"
1983,74,"Research and development",4.5,"e1gstlc1rd00","0","FAAt707","BEA_API"
1984,74,"Research and development",4.5,"e1gstlc1rd00","0","FAAt707","BEA_API"
1985,74,"Research and development",4.5,"e1gstlc1rd00","0","FAAt707","BEA_API"
1986,74,"Research and development",4.4,"e1gstlc1rd00","0","FAAt707","BEA_API"
1987,74,"Research and development",4.3,"e1gstlc1rd00","0","FAAt707","BEA_API"
1988,74,"Research and development",4.3,"e1gstlc1rd00","0","FAAt707","BEA_API"
1989,74,"Research and development",4.3,"e1gstlc1rd00","0","FAAt707","BEA_API"
1990,74,"Research and development",4.3,"e1gstlc1rd00","0","FAAt707","BEA_API"
1991,74,"Research and development",4.3,"e1gstlc1rd00","0","FAAt707","BEA_API"
1992,74,"Research and development",4.3,"e1gstlc1rd00","0","FAAt707","BEA_API"
1993,74,"Research and development",4.4,"e1gstlc1rd00","0","FAAt707","BEA_API"
1994,74,"Research and development",4.5,"e1gstlc1rd00","0","FAAt707","BEA_API"
1995,74,"Research and development",4.6,"e1gstlc1rd00","0","FAAt707","BEA_API"
1996,74,"Research and development",4.6,"e1gstlc1rd00","0","FAAt707","BEA_API"
1997,74,"Research and development",4.6,"e1gstlc1rd00","0","FAAt707","BEA_API"
1998,74,"Research and development",4.6,"e1gstlc1rd00","0","FAAt707","BEA_API"
1999,74,"Research and development",4.6,"e1gstlc1rd00","0","FAAt707","BEA_API"
2000,74,"Research and development",4.6,"e1gstlc1rd00","0","FAAt707","BEA_API"
2001,74,"Research and development",4.6,"e1gstlc1rd00","0","FAAt707","BEA_API"
2002,74,"Research and development",4.5,"e1gstlc1rd00","0","FAAt707","BEA_API"
2003,74,"Research and development",4.5,"e1gstlc1rd00","0","FAAt707","BEA_API"
2004,74,"Research and development",4.5,"e1gstlc1rd00","0","FAAt707","BEA_API"
2005,74,"Research and development",4.5,"e1gstlc1rd00","0","FAAt707","BEA_API"
2006,74,"Research and development",4.5,"e1gstlc1rd00","0","FAAt707","BEA_API"
2007,74,"Research and development",4.5,"e1gstlc1rd00","0","FAAt707","BEA_API"
2008,74,"Research and development",4.4,"e1gstlc1rd00","0","FAAt707","BEA_API"
2009,74,"Research and development",4.5,"e1gstlc1rd00","0","FAAt707","BEA_API"
2010,74,"Research and development",4.6,"e1gstlc1rd00","0","FAAt707","BEA_API"
2011,74,"Research and development",4.6,"e1gstlc1rd00","0","FAAt707","BEA_API"
2012,74,"Research and development",4.7,"e1gstlc1rd00","0","FAAt707","BEA_API"
2013,74,"Research and development",4.8,"e1gstlc1rd00","0","FAAt707","BEA_API"
2014,74,"Research and development",4.8,"e1gstlc1rd00","0","FAAt707","BEA_API"
2015,74,"Research and development",4.8,"e1gstlc1rd00","0","FAAt707","BEA_API"
2016,74,"Research and development",4.8,"e1gstlc1rd00","0","FAAt707","BEA_API"
2017,74,"Research and development",4.7,"e1gstlc1rd00","0","FAAt707","BEA_API"
2018,74,"Research and development",4.8,"e1gstlc1rd00","0","FAAt707","BEA_API"
2019,74,"Research and development",4.8,"e1gstlc1rd00","0","FAAt707","BEA_API"
2020,74,"Research and development",4.8,"e1gstlc1rd00","0","FAAt707","BEA_API"
2021,74,"Research and development",4.9,"e1gstlc1rd00","0","FAAt707","BEA_API"
2022,74,"Research and development",4.9,"e1gstlc1rd00","0","FAAt707","BEA_API"
2023,74,"Research and development",4.9,"e1gstlc1rd00","0","FAAt707","BEA_API"
2024,74,"Research and development",4.9,"e1gstlc1rd00","0","FAAt707","BEA_API"
1925,75,"General government fixed assets",10.3,"e1gtotlges00","0","FAAt707","BEA_API"
1926,75,"General government fixed assets",10.7,"e1gtotlges00","0","FAAt707","BEA_API"
1927,75,"General government fixed assets",11.1,"e1gtotlges00","0","FAAt707","BEA_API"
1928,75,"General government fixed assets",11.4,"e1gtotlges00","0","FAAt707","BEA_API"
1929,75,"General government fixed assets",11.7,"e1gtotlges00","0","FAAt707","BEA_API"
1930,75,"General government fixed assets",11.8,"e1gtotlges00","0","FAAt707","BEA_API"
1931,75,"General government fixed assets",11.9,"e1gtotlges00","0","FAAt707","BEA_API"
1932,75,"General government fixed assets",12.2,"e1gtotlges00","0","FAAt707","BEA_API"
1933,75,"General government fixed assets",12.5,"e1gtotlges00","0","FAAt707","BEA_API"
1934,75,"General government fixed assets",12.7,"e1gtotlges00","0","FAAt707","BEA_API"
1935,75,"General government fixed assets",13,"e1gtotlges00","0","FAAt707","BEA_API"
1936,75,"General government fixed assets",13,"e1gtotlges00","0","FAAt707","BEA_API"
1937,75,"General government fixed assets",13.2,"e1gtotlges00","0","FAAt707","BEA_API"
1938,75,"General government fixed assets",13.3,"e1gtotlges00","0","FAAt707","BEA_API"
1939,75,"General government fixed assets",13.3,"e1gtotlges00","0","FAAt707","BEA_API"
1940,75,"General government fixed assets",13.4,"e1gtotlges00","0","FAAt707","BEA_API"
1941,75,"General government fixed assets",12.2,"e1gtotlges00","0","FAAt707","BEA_API"
1942,75,"General government fixed assets",9.7,"e1gtotlges00","0","FAAt707","BEA_API"
1943,75,"General government fixed assets",8.4,"e1gtotlges00","0","FAAt707","BEA_API"
1944,75,"General government fixed assets",7.8,"e1gtotlges00","0","FAAt707","BEA_API"
1945,75,"General government fixed assets",8,"e1gtotlges00","0","FAAt707","BEA_API"
1946,75,"General government fixed assets",9.6,"e1gtotlges00","0","FAAt707","BEA_API"
1947,75,"General government fixed assets",11.7,"e1gtotlges00","0","FAAt707","BEA_API"
1948,75,"General government fixed assets",13.1,"e1gtotlges00","0","FAAt707","BEA_API"
1949,75,"General government fixed assets",13.9,"e1gtotlges00","0","FAAt707","BEA_API"
1950,75,"General government fixed assets",14.8,"e1gtotlges00","0","FAAt707","BEA_API"
1951,75,"General government fixed assets",14.7,"e1gtotlges00","0","FAAt707","BEA_API"
1952,75,"General government fixed assets",14.5,"e1gtotlges00","0","FAAt707","BEA_API"
1953,75,"General government fixed assets",14.1,"e1gtotlges00","0","FAAt707","BEA_API"
1954,75,"General government fixed assets",13.9,"e1gtotlges00","0","FAAt707","BEA_API"
1955,75,"General government fixed assets",14,"e1gtotlges00","0","FAAt707","BEA_API"
1956,75,"General government fixed assets",14.1,"e1gtotlges00","0","FAAt707","BEA_API"
1957,75,"General government fixed assets",14,"e1gtotlges00","0","FAAt707","BEA_API"
1958,75,"General government fixed assets",14,"e1gtotlges00","0","FAAt707","BEA_API"
1959,75,"General government fixed assets",13.9,"e1gtotlges00","0","FAAt707","BEA_API"
1960,75,"General government fixed assets",13.9,"e1gtotlges00","0","FAAt707","BEA_API"
1961,75,"General government fixed assets",13.8,"e1gtotlges00","0","FAAt707","BEA_API"
1962,75,"General government fixed assets",13.8,"e1gtotlges00","0","FAAt707","BEA_API"
1963,75,"General government fixed assets",13.7,"e1gtotlges00","0","FAAt707","BEA_API"
1964,75,"General government fixed assets",13.8,"e1gtotlges00","0","FAAt707","BEA_API"
1965,75,"General government fixed assets",13.8,"e1gtotlges00","0","FAAt707","BEA_API"
1966,75,"General government fixed assets",13.9,"e1gtotlges00","0","FAAt707","BEA_API"
1967,75,"General government fixed assets",13.9,"e1gtotlges00","0","FAAt707","BEA_API"
1968,75,"General government fixed assets",14,"e1gtotlges00","0","FAAt707","BEA_API"
1969,75,"General government fixed assets",14.2,"e1gtotlges00","0","FAAt707","BEA_API"
1970,75,"General government fixed assets",14.5,"e1gtotlges00","0","FAAt707","BEA_API"
1971,75,"General government fixed assets",14.9,"e1gtotlges00","0","FAAt707","BEA_API"
1972,75,"General government fixed assets",15.4,"e1gtotlges00","0","FAAt707","BEA_API"
1973,75,"General government fixed assets",15.8,"e1gtotlges00","0","FAAt707","BEA_API"
1974,75,"General government fixed assets",16.3,"e1gtotlges00","0","FAAt707","BEA_API"
1975,75,"General government fixed assets",16.5,"e1gtotlges00","0","FAAt707","BEA_API"
1976,75,"General government fixed assets",16.8,"e1gtotlges00","0","FAAt707","BEA_API"
1977,75,"General government fixed assets",17,"e1gtotlges00","0","FAAt707","BEA_API"
1978,75,"General government fixed assets",17.2,"e1gtotlges00","0","FAAt707","BEA_API"
1979,75,"General government fixed assets",17.6,"e1gtotlges00","0","FAAt707","BEA_API"
1980,75,"General government fixed assets",17.9,"e1gtotlges00","0","FAAt707","BEA_API"
1981,75,"General government fixed assets",18.1,"e1gtotlges00","0","FAAt707","BEA_API"
1982,75,"General government fixed assets",18.2,"e1gtotlges00","0","FAAt707","BEA_API"
1983,75,"General government fixed assets",18.3,"e1gtotlges00","0","FAAt707","BEA_API"
1984,75,"General government fixed assets",18.4,"e1gtotlges00","0","FAAt707","BEA_API"
1985,75,"General government fixed assets",18.5,"e1gtotlges00","0","FAAt707","BEA_API"
1986,75,"General government fixed assets",18.5,"e1gtotlges00","0","FAAt707","BEA_API"
1987,75,"General government fixed assets",18.5,"e1gtotlges00","0","FAAt707","BEA_API"
1988,75,"General government fixed assets",18.6,"e1gtotlges00","0","FAAt707","BEA_API"
1989,75,"General government fixed assets",18.7,"e1gtotlges00","0","FAAt707","BEA_API"
1990,75,"General government fixed assets",18.7,"e1gtotlges00","0","FAAt707","BEA_API"
1991,75,"General government fixed assets",18.8,"e1gtotlges00","0","FAAt707","BEA_API"
1992,75,"General government fixed assets",19,"e1gtotlges00","0","FAAt707","BEA_API"
1993,75,"General government fixed assets",19.2,"e1gtotlges00","0","FAAt707","BEA_API"
1994,75,"General government fixed assets",19.4,"e1gtotlges00","0","FAAt707","BEA_API"
1995,75,"General government fixed assets",19.7,"e1gtotlges00","0","FAAt707","BEA_API"
1996,75,"General government fixed assets",19.9,"e1gtotlges00","0","FAAt707","BEA_API"
1997,75,"General government fixed assets",20.2,"e1gtotlges00","0","FAAt707","BEA_API"
1998,75,"General government fixed assets",20.3,"e1gtotlges00","0","FAAt707","BEA_API"
1999,75,"General government fixed assets",20.5,"e1gtotlges00","0","FAAt707","BEA_API"
2000,75,"General government fixed assets",20.7,"e1gtotlges00","0","FAAt707","BEA_API"
2001,75,"General government fixed assets",20.8,"e1gtotlges00","0","FAAt707","BEA_API"
2002,75,"General government fixed assets",20.9,"e1gtotlges00","0","FAAt707","BEA_API"
2003,75,"General government fixed assets",20.9,"e1gtotlges00","0","FAAt707","BEA_API"
2004,75,"General government fixed assets",21.1,"e1gtotlges00","0","FAAt707","BEA_API"
2005,75,"General government fixed assets",21.3,"e1gtotlges00","0","FAAt707","BEA_API"
2006,75,"General government fixed assets",21.6,"e1gtotlges00","0","FAAt707","BEA_API"
2007,75,"General government fixed assets",21.7,"e1gtotlges00","0","FAAt707","BEA_API"
2008,75,"General government fixed assets",21.8,"e1gtotlges00","0","FAAt707","BEA_API"
2009,75,"General government fixed assets",21.8,"e1gtotlges00","0","FAAt707","BEA_API"
2010,75,"General government fixed assets",21.9,"e1gtotlges00","0","FAAt707","BEA_API"
2011,75,"General government fixed assets",22.2,"e1gtotlges00","0","FAAt707","BEA_API"
2012,75,"General government fixed assets",22.5,"e1gtotlges00","0","FAAt707","BEA_API"
2013,75,"General government fixed assets",22.8,"e1gtotlges00","0","FAAt707","BEA_API"
2014,75,"General government fixed assets",23.1,"e1gtotlges00","0","FAAt707","BEA_API"
2015,75,"General government fixed assets",23.4,"e1gtotlges00","0","FAAt707","BEA_API"
2016,75,"General government fixed assets",23.7,"e1gtotlges00","0","FAAt707","BEA_API"
2017,75,"General government fixed assets",23.9,"e1gtotlges00","0","FAAt707","BEA_API"
2018,75,"General government fixed assets",24.2,"e1gtotlges00","0","FAAt707","BEA_API"
2019,75,"General government fixed assets",24.4,"e1gtotlges00","0","FAAt707","BEA_API"
2020,75,"General government fixed assets",24.5,"e1gtotlges00","0","FAAt707","BEA_API"
2021,75,"General government fixed assets",24.9,"e1gtotlges00","0","FAAt707","BEA_API"
2022,75,"General government fixed assets",25.2,"e1gtotlges00","0","FAAt707","BEA_API"
2023,75,"General government fixed assets",25.3,"e1gtotlges00","0","FAAt707","BEA_API"
2024,75,"General government fixed assets",25.4,"e1gtotlges00","0","FAAt707","BEA_API"
1925,76,"Equipment",7.2,"e1gtotlgeq00","0","FAAt707","BEA_API"
1926,76,"Equipment",7.7,"e1gtotlgeq00","0","FAAt707","BEA_API"
1927,76,"Equipment",8,"e1gtotlgeq00","0","FAAt707","BEA_API"
1928,76,"Equipment",8.3,"e1gtotlgeq00","0","FAAt707","BEA_API"
1929,76,"Equipment",8.9,"e1gtotlgeq00","0","FAAt707","BEA_API"
1930,76,"Equipment",9.3,"e1gtotlgeq00","0","FAAt707","BEA_API"
1931,76,"Equipment",9.7,"e1gtotlgeq00","0","FAAt707","BEA_API"
1932,76,"Equipment",10.1,"e1gtotlgeq00","0","FAAt707","BEA_API"
1933,76,"Equipment",10.6,"e1gtotlgeq00","0","FAAt707","BEA_API"
1934,76,"Equipment",10.7,"e1gtotlgeq00","0","FAAt707","BEA_API"
1935,76,"Equipment",10.3,"e1gtotlgeq00","0","FAAt707","BEA_API"
1936,76,"Equipment",10.4,"e1gtotlgeq00","0","FAAt707","BEA_API"
1937,76,"Equipment",10.2,"e1gtotlgeq00","0","FAAt707","BEA_API"
1938,76,"Equipment",9.9,"e1gtotlgeq00","0","FAAt707","BEA_API"
1939,76,"Equipment",9.4,"e1gtotlgeq00","0","FAAt707","BEA_API"
1940,76,"Equipment",9.1,"e1gtotlgeq00","0","FAAt707","BEA_API"
1941,76,"Equipment",4.9,"e1gtotlgeq00","0","FAAt707","BEA_API"
1942,76,"Equipment",2,"e1gtotlgeq00","0","FAAt707","BEA_API"
1943,76,"Equipment",1.5,"e1gtotlgeq00","0","FAAt707","BEA_API"
1944,76,"Equipment",1.7,"e1gtotlgeq00","0","FAAt707","BEA_API"
1945,76,"Equipment",2.3,"e1gtotlgeq00","0","FAAt707","BEA_API"
1946,76,"Equipment",3.6,"e1gtotlgeq00","0","FAAt707","BEA_API"
1947,76,"Equipment",5.2,"e1gtotlgeq00","0","FAAt707","BEA_API"
1948,76,"Equipment",7.2,"e1gtotlgeq00","0","FAAt707","BEA_API"
1949,76,"Equipment",8.7,"e1gtotlgeq00","0","FAAt707","BEA_API"
1950,76,"Equipment",10.7,"e1gtotlgeq00","0","FAAt707","BEA_API"
1951,76,"Equipment",10,"e1gtotlgeq00","0","FAAt707","BEA_API"
1952,76,"Equipment",9,"e1gtotlgeq00","0","FAAt707","BEA_API"
1953,76,"Equipment",8.3,"e1gtotlgeq00","0","FAAt707","BEA_API"
1954,76,"Equipment",8.2,"e1gtotlgeq00","0","FAAt707","BEA_API"
1955,76,"Equipment",8.3,"e1gtotlgeq00","0","FAAt707","BEA_API"
1956,76,"Equipment",8.4,"e1gtotlgeq00","0","FAAt707","BEA_API"
1957,76,"Equipment",8.4,"e1gtotlgeq00","0","FAAt707","BEA_API"
1958,76,"Equipment",8.3,"e1gtotlgeq00","0","FAAt707","BEA_API"
1959,76,"Equipment",8.2,"e1gtotlgeq00","0","FAAt707","BEA_API"
1960,76,"Equipment",8.2,"e1gtotlgeq00","0","FAAt707","BEA_API"
1961,76,"Equipment",8.1,"e1gtotlgeq00","0","FAAt707","BEA_API"
1962,76,"Equipment",7.9,"e1gtotlgeq00","0","FAAt707","BEA_API"
1963,76,"Equipment",8,"e1gtotlgeq00","0","FAAt707","BEA_API"
1964,76,"Equipment",8.1,"e1gtotlgeq00","0","FAAt707","BEA_API"
1965,76,"Equipment",8.3,"e1gtotlgeq00","0","FAAt707","BEA_API"
1966,76,"Equipment",8.4,"e1gtotlgeq00","0","FAAt707","BEA_API"
1967,76,"Equipment",8.5,"e1gtotlgeq00","0","FAAt707","BEA_API"
1968,76,"Equipment",8.7,"e1gtotlgeq00","0","FAAt707","BEA_API"
1969,76,"Equipment",8.9,"e1gtotlgeq00","0","FAAt707","BEA_API"
1970,76,"Equipment",9.2,"e1gtotlgeq00","0","FAAt707","BEA_API"
1971,76,"Equipment",9.8,"e1gtotlgeq00","0","FAAt707","BEA_API"
1972,76,"Equipment",10.3,"e1gtotlgeq00","0","FAAt707","BEA_API"
1973,76,"Equipment",10.6,"e1gtotlgeq00","0","FAAt707","BEA_API"
1974,76,"Equipment",10.9,"e1gtotlgeq00","0","FAAt707","BEA_API"
1975,76,"Equipment",11.2,"e1gtotlgeq00","0","FAAt707","BEA_API"
1976,76,"Equipment",11.1,"e1gtotlgeq00","0","FAAt707","BEA_API"
1977,76,"Equipment",11.1,"e1gtotlgeq00","0","FAAt707","BEA_API"
1978,76,"Equipment",11.2,"e1gtotlgeq00","0","FAAt707","BEA_API"
1979,76,"Equipment",11.3,"e1gtotlgeq00","0","FAAt707","BEA_API"
1980,76,"Equipment",11.3,"e1gtotlgeq00","0","FAAt707","BEA_API"
1981,76,"Equipment",11.2,"e1gtotlgeq00","0","FAAt707","BEA_API"
1982,76,"Equipment",10.9,"e1gtotlgeq00","0","FAAt707","BEA_API"
1983,76,"Equipment",10.3,"e1gtotlgeq00","0","FAAt707","BEA_API"
1984,76,"Equipment",10.6,"e1gtotlgeq00","0","FAAt707","BEA_API"
1985,76,"Equipment",9.5,"e1gtotlgeq00","0","FAAt707","BEA_API"
1986,76,"Equipment",8.6,"e1gtotlgeq00","0","FAAt707","BEA_API"
1987,76,"Equipment",8.1,"e1gtotlgeq00","0","FAAt707","BEA_API"
1988,76,"Equipment",7.9,"e1gtotlgeq00","0","FAAt707","BEA_API"
1989,76,"Equipment",7.8,"e1gtotlgeq00","0","FAAt707","BEA_API"
1990,76,"Equipment",7.6,"e1gtotlgeq00","0","FAAt707","BEA_API"
1991,76,"Equipment",7.7,"e1gtotlgeq00","0","FAAt707","BEA_API"
1992,76,"Equipment",7.7,"e1gtotlgeq00","0","FAAt707","BEA_API"
1993,76,"Equipment",7.8,"e1gtotlgeq00","0","FAAt707","BEA_API"
1994,76,"Equipment",8.1,"e1gtotlgeq00","0","FAAt707","BEA_API"
1995,76,"Equipment",8.4,"e1gtotlgeq00","0","FAAt707","BEA_API"
1996,76,"Equipment",8.4,"e1gtotlgeq00","0","FAAt707","BEA_API"
1997,76,"Equipment",8.6,"e1gtotlgeq00","0","FAAt707","BEA_API"
1998,76,"Equipment",8.7,"e1gtotlgeq00","0","FAAt707","BEA_API"
1999,76,"Equipment",8.7,"e1gtotlgeq00","0","FAAt707","BEA_API"
2000,76,"Equipment",8.8,"e1gtotlgeq00","0","FAAt707","BEA_API"
2001,76,"Equipment",8.9,"e1gtotlgeq00","0","FAAt707","BEA_API"
2002,76,"Equipment",9,"e1gtotlgeq00","0","FAAt707","BEA_API"
2003,76,"Equipment",9,"e1gtotlgeq00","0","FAAt707","BEA_API"
2004,76,"Equipment",8.9,"e1gtotlgeq00","0","FAAt707","BEA_API"
2005,76,"Equipment",8.8,"e1gtotlgeq00","0","FAAt707","BEA_API"
2006,76,"Equipment",8.7,"e1gtotlgeq00","0","FAAt707","BEA_API"
2007,76,"Equipment",8.5,"e1gtotlgeq00","0","FAAt707","BEA_API"
2008,76,"Equipment",8.3,"e1gtotlgeq00","0","FAAt707","BEA_API"
2009,76,"Equipment",8.1,"e1gtotlgeq00","0","FAAt707","BEA_API"
2010,76,"Equipment",8,"e1gtotlgeq00","0","FAAt707","BEA_API"
2011,76,"Equipment",8,"e1gtotlgeq00","0","FAAt707","BEA_API"
2012,76,"Equipment",8,"e1gtotlgeq00","0","FAAt707","BEA_API"
2013,76,"Equipment",8.1,"e1gtotlgeq00","0","FAAt707","BEA_API"
2014,76,"Equipment",8.2,"e1gtotlgeq00","0","FAAt707","BEA_API"
2015,76,"Equipment",8.3,"e1gtotlgeq00","0","FAAt707","BEA_API"
2016,76,"Equipment",8.3,"e1gtotlgeq00","0","FAAt707","BEA_API"
2017,76,"Equipment",8.4,"e1gtotlgeq00","0","FAAt707","BEA_API"
2018,76,"Equipment",8.3,"e1gtotlgeq00","0","FAAt707","BEA_API"
2019,76,"Equipment",8.2,"e1gtotlgeq00","0","FAAt707","BEA_API"
2020,76,"Equipment",8.1,"e1gtotlgeq00","0","FAAt707","BEA_API"
2021,76,"Equipment",8.1,"e1gtotlgeq00","0","FAAt707","BEA_API"
2022,76,"Equipment",8.3,"e1gtotlgeq00","0","FAAt707","BEA_API"
2023,76,"Equipment",8.4,"e1gtotlgeq00","0","FAAt707","BEA_API"
2024,76,"Equipment",8.8,"e1gtotlgeq00","0","FAAt707","BEA_API"
1925,77,"Structures",10.6,"e1gtotlgst00","0","FAAt707","BEA_API"
1926,77,"Structures",11,"e1gtotlgst00","0","FAAt707","BEA_API"
1927,77,"Structures",11.4,"e1gtotlgst00","0","FAAt707","BEA_API"
1928,77,"Structures",11.6,"e1gtotlgst00","0","FAAt707","BEA_API"
1929,77,"Structures",11.9,"e1gtotlgst00","0","FAAt707","BEA_API"
1930,77,"Structures",12.1,"e1gtotlgst00","0","FAAt707","BEA_API"
1931,77,"Structures",12.2,"e1gtotlgst00","0","FAAt707","BEA_API"
1932,77,"Structures",12.5,"e1gtotlgst00","0","FAAt707","BEA_API"
1933,77,"Structures",12.7,"e1gtotlgst00","0","FAAt707","BEA_API"
1934,77,"Structures",13,"e1gtotlgst00","0","FAAt707","BEA_API"
1935,77,"Structures",13.3,"e1gtotlgst00","0","FAAt707","BEA_API"
1936,77,"Structures",13.3,"e1gtotlgst00","0","FAAt707","BEA_API"
1937,77,"Structures",13.5,"e1gtotlgst00","0","FAAt707","BEA_API"
1938,77,"Structures",13.6,"e1gtotlgst00","0","FAAt707","BEA_API"
1939,77,"Structures",13.7,"e1gtotlgst00","0","FAAt707","BEA_API"
1940,77,"Structures",13.9,"e1gtotlgst00","0","FAAt707","BEA_API"
1941,77,"Structures",13.2,"e1gtotlgst00","0","FAAt707","BEA_API"
1942,77,"Structures",11.7,"e1gtotlgst00","0","FAAt707","BEA_API"
1943,77,"Structures",11.8,"e1gtotlgst00","0","FAAt707","BEA_API"
1944,77,"Structures",12.3,"e1gtotlgst00","0","FAAt707","BEA_API"
1945,77,"Structures",12.7,"e1gtotlgst00","0","FAAt707","BEA_API"
1946,77,"Structures",13.7,"e1gtotlgst00","0","FAAt707","BEA_API"
1947,77,"Structures",15.1,"e1gtotlgst00","0","FAAt707","BEA_API"
1948,77,"Structures",15.8,"e1gtotlgst00","0","FAAt707","BEA_API"
1949,77,"Structures",16.1,"e1gtotlgst00","0","FAAt707","BEA_API"
1950,77,"Structures",16.5,"e1gtotlgst00","0","FAAt707","BEA_API"
1951,77,"Structures",16.6,"e1gtotlgst00","0","FAAt707","BEA_API"
1952,77,"Structures",16.7,"e1gtotlgst00","0","FAAt707","BEA_API"
1953,77,"Structures",16.7,"e1gtotlgst00","0","FAAt707","BEA_API"
1954,77,"Structures",16.6,"e1gtotlgst00","0","FAAt707","BEA_API"
1955,77,"Structures",16.8,"e1gtotlgst00","0","FAAt707","BEA_API"
1956,77,"Structures",16.9,"e1gtotlgst00","0","FAAt707","BEA_API"
1957,77,"Structures",16.9,"e1gtotlgst00","0","FAAt707","BEA_API"
1958,77,"Structures",16.9,"e1gtotlgst00","0","FAAt707","BEA_API"
1959,77,"Structures",16.9,"e1gtotlgst00","0","FAAt707","BEA_API"
1960,77,"Structures",17,"e1gtotlgst00","0","FAAt707","BEA_API"
1961,77,"Structures",17,"e1gtotlgst00","0","FAAt707","BEA_API"
1962,77,"Structures",17.1,"e1gtotlgst00","0","FAAt707","BEA_API"
1963,77,"Structures",17.1,"e1gtotlgst00","0","FAAt707","BEA_API"
1964,77,"Structures",17.2,"e1gtotlgst00","0","FAAt707","BEA_API"
1965,77,"Structures",17.2,"e1gtotlgst00","0","FAAt707","BEA_API"
1966,77,"Structures",17.2,"e1gtotlgst00","0","FAAt707","BEA_API"
1967,77,"Structures",17.2,"e1gtotlgst00","0","FAAt707","BEA_API"
1968,77,"Structures",17.3,"e1gtotlgst00","0","FAAt707","BEA_API"
1969,77,"Structures",17.4,"e1gtotlgst00","0","FAAt707","BEA_API"
1970,77,"Structures",17.6,"e1gtotlgst00","0","FAAt707","BEA_API"
1971,77,"Structures",17.9,"e1gtotlgst00","0","FAAt707","BEA_API"
1972,77,"Structures",18.2,"e1gtotlgst00","0","FAAt707","BEA_API"
1973,77,"Structures",18.6,"e1gtotlgst00","0","FAAt707","BEA_API"
1974,77,"Structures",18.9,"e1gtotlgst00","0","FAAt707","BEA_API"
1975,77,"Structures",19.2,"e1gtotlgst00","0","FAAt707","BEA_API"
1976,77,"Structures",19.7,"e1gtotlgst00","0","FAAt707","BEA_API"
1977,77,"Structures",20,"e1gtotlgst00","0","FAAt707","BEA_API"
1978,77,"Structures",20.3,"e1gtotlgst00","0","FAAt707","BEA_API"
1979,77,"Structures",20.7,"e1gtotlgst00","0","FAAt707","BEA_API"
1980,77,"Structures",21,"e1gtotlgst00","0","FAAt707","BEA_API"
1981,77,"Structures",21.3,"e1gtotlgst00","0","FAAt707","BEA_API"
1982,77,"Structures",21.7,"e1gtotlgst00","0","FAAt707","BEA_API"
1983,77,"Structures",22.1,"e1gtotlgst00","0","FAAt707","BEA_API"
1984,77,"Structures",22.5,"e1gtotlgst00","0","FAAt707","BEA_API"
1985,77,"Structures",22.8,"e1gtotlgst00","0","FAAt707","BEA_API"
1986,77,"Structures",23.1,"e1gtotlgst00","0","FAAt707","BEA_API"
1987,77,"Structures",23.2,"e1gtotlgst00","0","FAAt707","BEA_API"
1988,77,"Structures",23.4,"e1gtotlgst00","0","FAAt707","BEA_API"
1989,77,"Structures",23.7,"e1gtotlgst00","0","FAAt707","BEA_API"
1990,77,"Structures",23.8,"e1gtotlgst00","0","FAAt707","BEA_API"
1991,77,"Structures",24,"e1gtotlgst00","0","FAAt707","BEA_API"
1992,77,"Structures",24.2,"e1gtotlgst00","0","FAAt707","BEA_API"
1993,77,"Structures",24.4,"e1gtotlgst00","0","FAAt707","BEA_API"
1994,77,"Structures",24.5,"e1gtotlgst00","0","FAAt707","BEA_API"
1995,77,"Structures",24.7,"e1gtotlgst00","0","FAAt707","BEA_API"
1996,77,"Structures",24.7,"e1gtotlgst00","0","FAAt707","BEA_API"
1997,77,"Structures",24.8,"e1gtotlgst00","0","FAAt707","BEA_API"
1998,77,"Structures",24.8,"e1gtotlgst00","0","FAAt707","BEA_API"
1999,77,"Structures",24.9,"e1gtotlgst00","0","FAAt707","BEA_API"
2000,77,"Structures",24.9,"e1gtotlgst00","0","FAAt707","BEA_API"
2001,77,"Structures",24.9,"e1gtotlgst00","0","FAAt707","BEA_API"
2002,77,"Structures",24.9,"e1gtotlgst00","0","FAAt707","BEA_API"
2003,77,"Structures",24.9,"e1gtotlgst00","0","FAAt707","BEA_API"
2004,77,"Structures",25,"e1gtotlgst00","0","FAAt707","BEA_API"
2005,77,"Structures",25.1,"e1gtotlgst00","0","FAAt707","BEA_API"
2006,77,"Structures",25.1,"e1gtotlgst00","0","FAAt707","BEA_API"
2007,77,"Structures",25.3,"e1gtotlgst00","0","FAAt707","BEA_API"
2008,77,"Structures",25.3,"e1gtotlgst00","0","FAAt707","BEA_API"
2009,77,"Structures",25.5,"e1gtotlgst00","0","FAAt707","BEA_API"
2010,77,"Structures",25.7,"e1gtotlgst00","0","FAAt707","BEA_API"
2011,77,"Structures",25.9,"e1gtotlgst00","0","FAAt707","BEA_API"
2012,77,"Structures",26.2,"e1gtotlgst00","0","FAAt707","BEA_API"
2013,77,"Structures",26.5,"e1gtotlgst00","0","FAAt707","BEA_API"
2014,77,"Structures",26.9,"e1gtotlgst00","0","FAAt707","BEA_API"
2015,77,"Structures",27.2,"e1gtotlgst00","0","FAAt707","BEA_API"
2016,77,"Structures",27.5,"e1gtotlgst00","0","FAAt707","BEA_API"
2017,77,"Structures",27.7,"e1gtotlgst00","0","FAAt707","BEA_API"
2018,77,"Structures",28,"e1gtotlgst00","0","FAAt707","BEA_API"
2019,77,"Structures",28.2,"e1gtotlgst00","0","FAAt707","BEA_API"
2020,77,"Structures",28.4,"e1gtotlgst00","0","FAAt707","BEA_API"
2021,77,"Structures",28.7,"e1gtotlgst00","0","FAAt707","BEA_API"
2022,77,"Structures",28.9,"e1gtotlgst00","0","FAAt707","BEA_API"
2023,77,"Structures",29.2,"e1gtotlgst00","0","FAAt707","BEA_API"
2024,77,"Structures",29.3,"e1gtotlgst00","0","FAAt707","BEA_API"
1925,78,"Intellectual property products",2.4,"e1gtotlgip00","0","FAAt707","BEA_API"
1926,78,"Intellectual property products",2.7,"e1gtotlgip00","0","FAAt707","BEA_API"
1927,78,"Intellectual property products",2.9,"e1gtotlgip00","0","FAAt707","BEA_API"
1928,78,"Intellectual property products",3.2,"e1gtotlgip00","0","FAAt707","BEA_API"
1929,78,"Intellectual property products",2.8,"e1gtotlgip00","0","FAAt707","BEA_API"
1930,78,"Intellectual property products",2.6,"e1gtotlgip00","0","FAAt707","BEA_API"
1931,78,"Intellectual property products",2.5,"e1gtotlgip00","0","FAAt707","BEA_API"
1932,78,"Intellectual property products",2.4,"e1gtotlgip00","0","FAAt707","BEA_API"
1933,78,"Intellectual property products",2.6,"e1gtotlgip00","0","FAAt707","BEA_API"
1934,78,"Intellectual property products",2.9,"e1gtotlgip00","0","FAAt707","BEA_API"
1935,78,"Intellectual property products",3.2,"e1gtotlgip00","0","FAAt707","BEA_API"
1936,78,"Intellectual property products",3.4,"e1gtotlgip00","0","FAAt707","BEA_API"
1937,78,"Intellectual property products",3.6,"e1gtotlgip00","0","FAAt707","BEA_API"
1938,78,"Intellectual property products",3.8,"e1gtotlgip00","0","FAAt707","BEA_API"
1939,78,"Intellectual property products",3.9,"e1gtotlgip00","0","FAAt707","BEA_API"
1940,78,"Intellectual property products",4,"e1gtotlgip00","0","FAAt707","BEA_API"
1941,78,"Intellectual property products",3.4,"e1gtotlgip00","0","FAAt707","BEA_API"
1942,78,"Intellectual property products",2.9,"e1gtotlgip00","0","FAAt707","BEA_API"
1943,78,"Intellectual property products",2.5,"e1gtotlgip00","0","FAAt707","BEA_API"
1944,78,"Intellectual property products",2.3,"e1gtotlgip00","0","FAAt707","BEA_API"
1945,78,"Intellectual property products",2.4,"e1gtotlgip00","0","FAAt707","BEA_API"
1946,78,"Intellectual property products",2.7,"e1gtotlgip00","0","FAAt707","BEA_API"
1947,78,"Intellectual property products",2.9,"e1gtotlgip00","0","FAAt707","BEA_API"
1948,78,"Intellectual property products",3.1,"e1gtotlgip00","0","FAAt707","BEA_API"
1949,78,"Intellectual property products",3.3,"e1gtotlgip00","0","FAAt707","BEA_API"
1950,78,"Intellectual property products",3.4,"e1gtotlgip00","0","FAAt707","BEA_API"
1951,78,"Intellectual property products",3.6,"e1gtotlgip00","0","FAAt707","BEA_API"
1952,78,"Intellectual property products",3.7,"e1gtotlgip00","0","FAAt707","BEA_API"
1953,78,"Intellectual property products",3.7,"e1gtotlgip00","0","FAAt707","BEA_API"
1954,78,"Intellectual property products",3.7,"e1gtotlgip00","0","FAAt707","BEA_API"
1955,78,"Intellectual property products",3.7,"e1gtotlgip00","0","FAAt707","BEA_API"
1956,78,"Intellectual property products",3.5,"e1gtotlgip00","0","FAAt707","BEA_API"
1957,78,"Intellectual property products",3.4,"e1gtotlgip00","0","FAAt707","BEA_API"
1958,78,"Intellectual property products",3.4,"e1gtotlgip00","0","FAAt707","BEA_API"
1959,78,"Intellectual property products",3.4,"e1gtotlgip00","0","FAAt707","BEA_API"
1960,78,"Intellectual property products",3.5,"e1gtotlgip00","0","FAAt707","BEA_API"
1961,78,"Intellectual property products",3.5,"e1gtotlgip00","0","FAAt707","BEA_API"
1962,78,"Intellectual property products",3.5,"e1gtotlgip00","0","FAAt707","BEA_API"
1963,78,"Intellectual property products",3.4,"e1gtotlgip00","0","FAAt707","BEA_API"
1964,78,"Intellectual property products",3.4,"e1gtotlgip00","0","FAAt707","BEA_API"
1965,78,"Intellectual property products",3.4,"e1gtotlgip00","0","FAAt707","BEA_API"
1966,78,"Intellectual property products",3.5,"e1gtotlgip00","0","FAAt707","BEA_API"
1967,78,"Intellectual property products",3.5,"e1gtotlgip00","0","FAAt707","BEA_API"
1968,78,"Intellectual property products",3.7,"e1gtotlgip00","0","FAAt707","BEA_API"
1969,78,"Intellectual property products",3.8,"e1gtotlgip00","0","FAAt707","BEA_API"
1970,78,"Intellectual property products",4.1,"e1gtotlgip00","0","FAAt707","BEA_API"
1971,78,"Intellectual property products",4.3,"e1gtotlgip00","0","FAAt707","BEA_API"
1972,78,"Intellectual property products",4.5,"e1gtotlgip00","0","FAAt707","BEA_API"
1973,78,"Intellectual property products",4.8,"e1gtotlgip00","0","FAAt707","BEA_API"
1974,78,"Intellectual property products",5,"e1gtotlgip00","0","FAAt707","BEA_API"
1975,78,"Intellectual property products",5.3,"e1gtotlgip00","0","FAAt707","BEA_API"
1976,78,"Intellectual property products",5.4,"e1gtotlgip00","0","FAAt707","BEA_API"
1977,78,"Intellectual property products",5.6,"e1gtotlgip00","0","FAAt707","BEA_API"
1978,78,"Intellectual property products",5.7,"e1gtotlgip00","0","FAAt707","BEA_API"
1979,78,"Intellectual property products",5.8,"e1gtotlgip00","0","FAAt707","BEA_API"
1980,78,"Intellectual property products",5.9,"e1gtotlgip00","0","FAAt707","BEA_API"
1981,78,"Intellectual property products",6,"e1gtotlgip00","0","FAAt707","BEA_API"
1982,78,"Intellectual property products",6.1,"e1gtotlgip00","0","FAAt707","BEA_API"
1983,78,"Intellectual property products",6.1,"e1gtotlgip00","0","FAAt707","BEA_API"
1984,78,"Intellectual property products",6.2,"e1gtotlgip00","0","FAAt707","BEA_API"
1985,78,"Intellectual property products",6.1,"e1gtotlgip00","0","FAAt707","BEA_API"
1986,78,"Intellectual property products",6.1,"e1gtotlgip00","0","FAAt707","BEA_API"
1987,78,"Intellectual property products",6,"e1gtotlgip00","0","FAAt707","BEA_API"
1988,78,"Intellectual property products",6.1,"e1gtotlgip00","0","FAAt707","BEA_API"
1989,78,"Intellectual property products",6.1,"e1gtotlgip00","0","FAAt707","BEA_API"
1990,78,"Intellectual property products",6.2,"e1gtotlgip00","0","FAAt707","BEA_API"
1991,78,"Intellectual property products",6.3,"e1gtotlgip00","0","FAAt707","BEA_API"
1992,78,"Intellectual property products",6.4,"e1gtotlgip00","0","FAAt707","BEA_API"
1993,78,"Intellectual property products",6.6,"e1gtotlgip00","0","FAAt707","BEA_API"
1994,78,"Intellectual property products",6.7,"e1gtotlgip00","0","FAAt707","BEA_API"
1995,78,"Intellectual property products",6.8,"e1gtotlgip00","0","FAAt707","BEA_API"
1996,78,"Intellectual property products",6.9,"e1gtotlgip00","0","FAAt707","BEA_API"
1997,78,"Intellectual property products",7,"e1gtotlgip00","0","FAAt707","BEA_API"
1998,78,"Intellectual property products",7,"e1gtotlgip00","0","FAAt707","BEA_API"
1999,78,"Intellectual property products",7.1,"e1gtotlgip00","0","FAAt707","BEA_API"
2000,78,"Intellectual property products",7.1,"e1gtotlgip00","0","FAAt707","BEA_API"
2001,78,"Intellectual property products",7,"e1gtotlgip00","0","FAAt707","BEA_API"
2002,78,"Intellectual property products",7,"e1gtotlgip00","0","FAAt707","BEA_API"
2003,78,"Intellectual property products",6.9,"e1gtotlgip00","0","FAAt707","BEA_API"
2004,78,"Intellectual property products",6.8,"e1gtotlgip00","0","FAAt707","BEA_API"
2005,78,"Intellectual property products",6.7,"e1gtotlgip00","0","FAAt707","BEA_API"
2006,78,"Intellectual property products",6.7,"e1gtotlgip00","0","FAAt707","BEA_API"
2007,78,"Intellectual property products",6.7,"e1gtotlgip00","0","FAAt707","BEA_API"
2008,78,"Intellectual property products",6.7,"e1gtotlgip00","0","FAAt707","BEA_API"
2009,78,"Intellectual property products",6.7,"e1gtotlgip00","0","FAAt707","BEA_API"
2010,78,"Intellectual property products",6.7,"e1gtotlgip00","0","FAAt707","BEA_API"
2011,78,"Intellectual property products",6.7,"e1gtotlgip00","0","FAAt707","BEA_API"
2012,78,"Intellectual property products",6.8,"e1gtotlgip00","0","FAAt707","BEA_API"
2013,78,"Intellectual property products",6.8,"e1gtotlgip00","0","FAAt707","BEA_API"
2014,78,"Intellectual property products",6.9,"e1gtotlgip00","0","FAAt707","BEA_API"
2015,78,"Intellectual property products",7,"e1gtotlgip00","0","FAAt707","BEA_API"
2016,78,"Intellectual property products",7,"e1gtotlgip00","0","FAAt707","BEA_API"
2017,78,"Intellectual property products",7,"e1gtotlgip00","0","FAAt707","BEA_API"
2018,78,"Intellectual property products",7,"e1gtotlgip00","0","FAAt707","BEA_API"
2019,78,"Intellectual property products",7,"e1gtotlgip00","0","FAAt707","BEA_API"
2020,78,"Intellectual property products",6.9,"e1gtotlgip00","0","FAAt707","BEA_API"
2021,78,"Intellectual property products",6.8,"e1gtotlgip00","0","FAAt707","BEA_API"
2022,78,"Intellectual property products",6.7,"e1gtotlgip00","0","FAAt707","BEA_API"
2023,78,"Intellectual property products",6.6,"e1gtotlgip00","0","FAAt707","BEA_API"
2024,78,"Intellectual property products",6.5,"e1gtotlgip00","0","FAAt707","BEA_API"
1925,79,"Government enterprise fixed assets",12.9,"e1gtotlees00","0","FAAt707","BEA_API"
1926,79,"Government enterprise fixed assets",12.8,"e1gtotlees00","0","FAAt707","BEA_API"
1927,79,"Government enterprise fixed assets",12.6,"e1gtotlees00","0","FAAt707","BEA_API"
1928,79,"Government enterprise fixed assets",12.6,"e1gtotlees00","0","FAAt707","BEA_API"
1929,79,"Government enterprise fixed assets",12.7,"e1gtotlees00","0","FAAt707","BEA_API"
1930,79,"Government enterprise fixed assets",12.6,"e1gtotlees00","0","FAAt707","BEA_API"
1931,79,"Government enterprise fixed assets",12.5,"e1gtotlees00","0","FAAt707","BEA_API"
1932,79,"Government enterprise fixed assets",12.6,"e1gtotlees00","0","FAAt707","BEA_API"
1933,79,"Government enterprise fixed assets",13.1,"e1gtotlees00","0","FAAt707","BEA_API"
1934,79,"Government enterprise fixed assets",13.6,"e1gtotlees00","0","FAAt707","BEA_API"
1935,79,"Government enterprise fixed assets",14,"e1gtotlees00","0","FAAt707","BEA_API"
1936,79,"Government enterprise fixed assets",14,"e1gtotlees00","0","FAAt707","BEA_API"
1937,79,"Government enterprise fixed assets",14.2,"e1gtotlees00","0","FAAt707","BEA_API"
1938,79,"Government enterprise fixed assets",14.3,"e1gtotlees00","0","FAAt707","BEA_API"
1939,79,"Government enterprise fixed assets",14.2,"e1gtotlees00","0","FAAt707","BEA_API"
1940,79,"Government enterprise fixed assets",14.3,"e1gtotlees00","0","FAAt707","BEA_API"
1941,79,"Government enterprise fixed assets",14.5,"e1gtotlees00","0","FAAt707","BEA_API"
1942,79,"Government enterprise fixed assets",14.9,"e1gtotlees00","0","FAAt707","BEA_API"
1943,79,"Government enterprise fixed assets",15.5,"e1gtotlees00","0","FAAt707","BEA_API"
1944,79,"Government enterprise fixed assets",16.5,"e1gtotlees00","0","FAAt707","BEA_API"
1945,79,"Government enterprise fixed assets",17,"e1gtotlees00","0","FAAt707","BEA_API"
1946,79,"Government enterprise fixed assets",17.5,"e1gtotlees00","0","FAAt707","BEA_API"
1947,79,"Government enterprise fixed assets",17.9,"e1gtotlees00","0","FAAt707","BEA_API"
1948,79,"Government enterprise fixed assets",18.2,"e1gtotlees00","0","FAAt707","BEA_API"
1949,79,"Government enterprise fixed assets",18.2,"e1gtotlees00","0","FAAt707","BEA_API"
1950,79,"Government enterprise fixed assets",18.2,"e1gtotlees00","0","FAAt707","BEA_API"
1951,79,"Government enterprise fixed assets",18.1,"e1gtotlees00","0","FAAt707","BEA_API"
1952,79,"Government enterprise fixed assets",18,"e1gtotlees00","0","FAAt707","BEA_API"
1953,79,"Government enterprise fixed assets",18.1,"e1gtotlees00","0","FAAt707","BEA_API"
1954,79,"Government enterprise fixed assets",18.1,"e1gtotlees00","0","FAAt707","BEA_API"
1955,79,"Government enterprise fixed assets",18.1,"e1gtotlees00","0","FAAt707","BEA_API"
1956,79,"Government enterprise fixed assets",18.1,"e1gtotlees00","0","FAAt707","BEA_API"
1957,79,"Government enterprise fixed assets",18.2,"e1gtotlees00","0","FAAt707","BEA_API"
1958,79,"Government enterprise fixed assets",18,"e1gtotlees00","0","FAAt707","BEA_API"
1959,79,"Government enterprise fixed assets",17.7,"e1gtotlees00","0","FAAt707","BEA_API"
1960,79,"Government enterprise fixed assets",17.6,"e1gtotlees00","0","FAAt707","BEA_API"
1961,79,"Government enterprise fixed assets",17.4,"e1gtotlees00","0","FAAt707","BEA_API"
1962,79,"Government enterprise fixed assets",17.2,"e1gtotlees00","0","FAAt707","BEA_API"
1963,79,"Government enterprise fixed assets",17.1,"e1gtotlees00","0","FAAt707","BEA_API"
1964,79,"Government enterprise fixed assets",16.8,"e1gtotlees00","0","FAAt707","BEA_API"
1965,79,"Government enterprise fixed assets",16.6,"e1gtotlees00","0","FAAt707","BEA_API"
1966,79,"Government enterprise fixed assets",16.5,"e1gtotlees00","0","FAAt707","BEA_API"
1967,79,"Government enterprise fixed assets",16.3,"e1gtotlees00","0","FAAt707","BEA_API"
1968,79,"Government enterprise fixed assets",16.2,"e1gtotlees00","0","FAAt707","BEA_API"
1969,79,"Government enterprise fixed assets",16.1,"e1gtotlees00","0","FAAt707","BEA_API"
1970,79,"Government enterprise fixed assets",16.1,"e1gtotlees00","0","FAAt707","BEA_API"
1971,79,"Government enterprise fixed assets",16.4,"e1gtotlees00","0","FAAt707","BEA_API"
1972,79,"Government enterprise fixed assets",16.5,"e1gtotlees00","0","FAAt707","BEA_API"
1973,79,"Government enterprise fixed assets",16.6,"e1gtotlees00","0","FAAt707","BEA_API"
1974,79,"Government enterprise fixed assets",16.8,"e1gtotlees00","0","FAAt707","BEA_API"
1975,79,"Government enterprise fixed assets",17,"e1gtotlees00","0","FAAt707","BEA_API"
1976,79,"Government enterprise fixed assets",17.1,"e1gtotlees00","0","FAAt707","BEA_API"
1977,79,"Government enterprise fixed assets",17.4,"e1gtotlees00","0","FAAt707","BEA_API"
1978,79,"Government enterprise fixed assets",17.5,"e1gtotlees00","0","FAAt707","BEA_API"
1979,79,"Government enterprise fixed assets",17.6,"e1gtotlees00","0","FAAt707","BEA_API"
1980,79,"Government enterprise fixed assets",17.7,"e1gtotlees00","0","FAAt707","BEA_API"
1981,79,"Government enterprise fixed assets",17.7,"e1gtotlees00","0","FAAt707","BEA_API"
1982,79,"Government enterprise fixed assets",17.9,"e1gtotlees00","0","FAAt707","BEA_API"
1983,79,"Government enterprise fixed assets",18.1,"e1gtotlees00","0","FAAt707","BEA_API"
1984,79,"Government enterprise fixed assets",18.4,"e1gtotlees00","0","FAAt707","BEA_API"
1985,79,"Government enterprise fixed assets",18.5,"e1gtotlees00","0","FAAt707","BEA_API"
1986,79,"Government enterprise fixed assets",18.6,"e1gtotlees00","0","FAAt707","BEA_API"
1987,79,"Government enterprise fixed assets",18.7,"e1gtotlees00","0","FAAt707","BEA_API"
1988,79,"Government enterprise fixed assets",18.9,"e1gtotlees00","0","FAAt707","BEA_API"
1989,79,"Government enterprise fixed assets",19,"e1gtotlees00","0","FAAt707","BEA_API"
1990,79,"Government enterprise fixed assets",19.1,"e1gtotlees00","0","FAAt707","BEA_API"
1991,79,"Government enterprise fixed assets",19.2,"e1gtotlees00","0","FAAt707","BEA_API"
1992,79,"Government enterprise fixed assets",19.4,"e1gtotlees00","0","FAAt707","BEA_API"
1993,79,"Government enterprise fixed assets",19.6,"e1gtotlees00","0","FAAt707","BEA_API"
1994,79,"Government enterprise fixed assets",19.9,"e1gtotlees00","0","FAAt707","BEA_API"
1995,79,"Government enterprise fixed assets",20.1,"e1gtotlees00","0","FAAt707","BEA_API"
1996,79,"Government enterprise fixed assets",20.2,"e1gtotlees00","0","FAAt707","BEA_API"
1997,79,"Government enterprise fixed assets",20.4,"e1gtotlees00","0","FAAt707","BEA_API"
1998,79,"Government enterprise fixed assets",20.6,"e1gtotlees00","0","FAAt707","BEA_API"
1999,79,"Government enterprise fixed assets",20.8,"e1gtotlees00","0","FAAt707","BEA_API"
2000,79,"Government enterprise fixed assets",21,"e1gtotlees00","0","FAAt707","BEA_API"
2001,79,"Government enterprise fixed assets",21.1,"e1gtotlees00","0","FAAt707","BEA_API"
2002,79,"Government enterprise fixed assets",21.2,"e1gtotlees00","0","FAAt707","BEA_API"
2003,79,"Government enterprise fixed assets",21.3,"e1gtotlees00","0","FAAt707","BEA_API"
2004,79,"Government enterprise fixed assets",21.4,"e1gtotlees00","0","FAAt707","BEA_API"
2005,79,"Government enterprise fixed assets",21.7,"e1gtotlees00","0","FAAt707","BEA_API"
2006,79,"Government enterprise fixed assets",21.9,"e1gtotlees00","0","FAAt707","BEA_API"
2007,79,"Government enterprise fixed assets",22,"e1gtotlees00","0","FAAt707","BEA_API"
2008,79,"Government enterprise fixed assets",22.2,"e1gtotlees00","0","FAAt707","BEA_API"
2009,79,"Government enterprise fixed assets",22.3,"e1gtotlees00","0","FAAt707","BEA_API"
2010,79,"Government enterprise fixed assets",22.5,"e1gtotlees00","0","FAAt707","BEA_API"
2011,79,"Government enterprise fixed assets",22.7,"e1gtotlees00","0","FAAt707","BEA_API"
2012,79,"Government enterprise fixed assets",23,"e1gtotlees00","0","FAAt707","BEA_API"
2013,79,"Government enterprise fixed assets",23.3,"e1gtotlees00","0","FAAt707","BEA_API"
2014,79,"Government enterprise fixed assets",23.7,"e1gtotlees00","0","FAAt707","BEA_API"
2015,79,"Government enterprise fixed assets",24,"e1gtotlees00","0","FAAt707","BEA_API"
2016,79,"Government enterprise fixed assets",24.3,"e1gtotlees00","0","FAAt707","BEA_API"
2017,79,"Government enterprise fixed assets",24.5,"e1gtotlees00","0","FAAt707","BEA_API"
2018,79,"Government enterprise fixed assets",24.7,"e1gtotlees00","0","FAAt707","BEA_API"
2019,79,"Government enterprise fixed assets",25,"e1gtotlees00","0","FAAt707","BEA_API"
2020,79,"Government enterprise fixed assets",25.3,"e1gtotlees00","0","FAAt707","BEA_API"
2021,79,"Government enterprise fixed assets",25.6,"e1gtotlees00","0","FAAt707","BEA_API"
2022,79,"Government enterprise fixed assets",26.1,"e1gtotlees00","0","FAAt707","BEA_API"
2023,79,"Government enterprise fixed assets",26.4,"e1gtotlees00","0","FAAt707","BEA_API"
2024,79,"Government enterprise fixed assets",26.6,"e1gtotlees00","0","FAAt707","BEA_API"
1925,80,"Equipment",4,"e1gtotleeq00","0","FAAt707","BEA_API"
1926,80,"Equipment",3.9,"e1gtotleeq00","0","FAAt707","BEA_API"
1927,80,"Equipment",3.7,"e1gtotleeq00","0","FAAt707","BEA_API"
1928,80,"Equipment",3.7,"e1gtotleeq00","0","FAAt707","BEA_API"
1929,80,"Equipment",3.7,"e1gtotleeq00","0","FAAt707","BEA_API"
1930,80,"Equipment",3.9,"e1gtotleeq00","0","FAAt707","BEA_API"
1931,80,"Equipment",3.9,"e1gtotleeq00","0","FAAt707","BEA_API"
1932,80,"Equipment",4.1,"e1gtotleeq00","0","FAAt707","BEA_API"
1933,80,"Equipment",4.4,"e1gtotleeq00","0","FAAt707","BEA_API"
1934,80,"Equipment",4.7,"e1gtotleeq00","0","FAAt707","BEA_API"
1935,80,"Equipment",5.1,"e1gtotleeq00","0","FAAt707","BEA_API"
1936,80,"Equipment",5.4,"e1gtotleeq00","0","FAAt707","BEA_API"
1937,80,"Equipment",5.5,"e1gtotleeq00","0","FAAt707","BEA_API"
1938,80,"Equipment",5.5,"e1gtotleeq00","0","FAAt707","BEA_API"
1939,80,"Equipment",5.4,"e1gtotleeq00","0","FAAt707","BEA_API"
1940,80,"Equipment",5.5,"e1gtotleeq00","0","FAAt707","BEA_API"
1941,80,"Equipment",5,"e1gtotleeq00","0","FAAt707","BEA_API"
1942,80,"Equipment",4.4,"e1gtotleeq00","0","FAAt707","BEA_API"
1943,80,"Equipment",4.7,"e1gtotleeq00","0","FAAt707","BEA_API"
1944,80,"Equipment",5.2,"e1gtotleeq00","0","FAAt707","BEA_API"
1945,80,"Equipment",5.8,"e1gtotleeq00","0","FAAt707","BEA_API"
1946,80,"Equipment",6.1,"e1gtotleeq00","0","FAAt707","BEA_API"
1947,80,"Equipment",6.1,"e1gtotleeq00","0","FAAt707","BEA_API"
1948,80,"Equipment",5.9,"e1gtotleeq00","0","FAAt707","BEA_API"
1949,80,"Equipment",5.5,"e1gtotleeq00","0","FAAt707","BEA_API"
1950,80,"Equipment",5,"e1gtotleeq00","0","FAAt707","BEA_API"
1951,80,"Equipment",4.6,"e1gtotleeq00","0","FAAt707","BEA_API"
1952,80,"Equipment",4.1,"e1gtotleeq00","0","FAAt707","BEA_API"
1953,80,"Equipment",4.2,"e1gtotleeq00","0","FAAt707","BEA_API"
1954,80,"Equipment",4.6,"e1gtotleeq00","0","FAAt707","BEA_API"
1955,80,"Equipment",5.1,"e1gtotleeq00","0","FAAt707","BEA_API"
1956,80,"Equipment",5.4,"e1gtotleeq00","0","FAAt707","BEA_API"
1957,80,"Equipment",5.6,"e1gtotleeq00","0","FAAt707","BEA_API"
1958,80,"Equipment",5.7,"e1gtotleeq00","0","FAAt707","BEA_API"
1959,80,"Equipment",5.9,"e1gtotleeq00","0","FAAt707","BEA_API"
1960,80,"Equipment",5.9,"e1gtotleeq00","0","FAAt707","BEA_API"
1961,80,"Equipment",5.9,"e1gtotleeq00","0","FAAt707","BEA_API"
1962,80,"Equipment",6.2,"e1gtotleeq00","0","FAAt707","BEA_API"
1963,80,"Equipment",6.3,"e1gtotleeq00","0","FAAt707","BEA_API"
1964,80,"Equipment",6.6,"e1gtotleeq00","0","FAAt707","BEA_API"
1965,80,"Equipment",6.9,"e1gtotleeq00","0","FAAt707","BEA_API"
1966,80,"Equipment",7,"e1gtotleeq00","0","FAAt707","BEA_API"
1967,80,"Equipment",7,"e1gtotleeq00","0","FAAt707","BEA_API"
1968,80,"Equipment",6.9,"e1gtotleeq00","0","FAAt707","BEA_API"
1969,80,"Equipment",6.8,"e1gtotleeq00","0","FAAt707","BEA_API"
1970,80,"Equipment",6.6,"e1gtotleeq00","0","FAAt707","BEA_API"
1971,80,"Equipment",6.5,"e1gtotleeq00","0","FAAt707","BEA_API"
1972,80,"Equipment",6.1,"e1gtotleeq00","0","FAAt707","BEA_API"
1973,80,"Equipment",5.9,"e1gtotleeq00","0","FAAt707","BEA_API"
1974,80,"Equipment",5.8,"e1gtotleeq00","0","FAAt707","BEA_API"
1975,80,"Equipment",5.8,"e1gtotleeq00","0","FAAt707","BEA_API"
1976,80,"Equipment",5.9,"e1gtotleeq00","0","FAAt707","BEA_API"
1977,80,"Equipment",6.1,"e1gtotleeq00","0","FAAt707","BEA_API"
1978,80,"Equipment",6.3,"e1gtotleeq00","0","FAAt707","BEA_API"
1979,80,"Equipment",6.5,"e1gtotleeq00","0","FAAt707","BEA_API"
1980,80,"Equipment",6.6,"e1gtotleeq00","0","FAAt707","BEA_API"
1981,80,"Equipment",6.8,"e1gtotleeq00","0","FAAt707","BEA_API"
1982,80,"Equipment",6.9,"e1gtotleeq00","0","FAAt707","BEA_API"
1983,80,"Equipment",6.9,"e1gtotleeq00","0","FAAt707","BEA_API"
1984,80,"Equipment",7,"e1gtotleeq00","0","FAAt707","BEA_API"
1985,80,"Equipment",6.9,"e1gtotleeq00","0","FAAt707","BEA_API"
1986,80,"Equipment",7,"e1gtotleeq00","0","FAAt707","BEA_API"
1987,80,"Equipment",7.1,"e1gtotleeq00","0","FAAt707","BEA_API"
1988,80,"Equipment",7.2,"e1gtotleeq00","0","FAAt707","BEA_API"
1989,80,"Equipment",7.3,"e1gtotleeq00","0","FAAt707","BEA_API"
1990,80,"Equipment",7.3,"e1gtotleeq00","0","FAAt707","BEA_API"
1991,80,"Equipment",7.3,"e1gtotleeq00","0","FAAt707","BEA_API"
1992,80,"Equipment",7.1,"e1gtotleeq00","0","FAAt707","BEA_API"
1993,80,"Equipment",7,"e1gtotleeq00","0","FAAt707","BEA_API"
1994,80,"Equipment",7.2,"e1gtotleeq00","0","FAAt707","BEA_API"
1995,80,"Equipment",7.3,"e1gtotleeq00","0","FAAt707","BEA_API"
1996,80,"Equipment",7.5,"e1gtotleeq00","0","FAAt707","BEA_API"
1997,80,"Equipment",7.7,"e1gtotleeq00","0","FAAt707","BEA_API"
1998,80,"Equipment",7.6,"e1gtotleeq00","0","FAAt707","BEA_API"
1999,80,"Equipment",7.5,"e1gtotleeq00","0","FAAt707","BEA_API"
2000,80,"Equipment",7.6,"e1gtotleeq00","0","FAAt707","BEA_API"
2001,80,"Equipment",7.8,"e1gtotleeq00","0","FAAt707","BEA_API"
2002,80,"Equipment",7.7,"e1gtotleeq00","0","FAAt707","BEA_API"
2003,80,"Equipment",7.4,"e1gtotleeq00","0","FAAt707","BEA_API"
2004,80,"Equipment",7.3,"e1gtotleeq00","0","FAAt707","BEA_API"
2005,80,"Equipment",7.3,"e1gtotleeq00","0","FAAt707","BEA_API"
2006,80,"Equipment",7.4,"e1gtotleeq00","0","FAAt707","BEA_API"
2007,80,"Equipment",7.5,"e1gtotleeq00","0","FAAt707","BEA_API"
2008,80,"Equipment",7.4,"e1gtotleeq00","0","FAAt707","BEA_API"
2009,80,"Equipment",7.4,"e1gtotleeq00","0","FAAt707","BEA_API"
2010,80,"Equipment",7.5,"e1gtotleeq00","0","FAAt707","BEA_API"
2011,80,"Equipment",7.6,"e1gtotleeq00","0","FAAt707","BEA_API"
2012,80,"Equipment",7.7,"e1gtotleeq00","0","FAAt707","BEA_API"
2013,80,"Equipment",7.8,"e1gtotleeq00","0","FAAt707","BEA_API"
2014,80,"Equipment",8,"e1gtotleeq00","0","FAAt707","BEA_API"
2015,80,"Equipment",8.1,"e1gtotleeq00","0","FAAt707","BEA_API"
2016,80,"Equipment",8.1,"e1gtotleeq00","0","FAAt707","BEA_API"
2017,80,"Equipment",8,"e1gtotleeq00","0","FAAt707","BEA_API"
2018,80,"Equipment",7.9,"e1gtotleeq00","0","FAAt707","BEA_API"
2019,80,"Equipment",7.9,"e1gtotleeq00","0","FAAt707","BEA_API"
2020,80,"Equipment",7.9,"e1gtotleeq00","0","FAAt707","BEA_API"
2021,80,"Equipment",8,"e1gtotleeq00","0","FAAt707","BEA_API"
2022,80,"Equipment",8,"e1gtotleeq00","0","FAAt707","BEA_API"
2023,80,"Equipment",7.9,"e1gtotleeq00","0","FAAt707","BEA_API"
2024,80,"Equipment",7.9,"e1gtotleeq00","0","FAAt707","BEA_API"
1925,81,"Structures",13,"e1gtotlest00","0","FAAt707","BEA_API"
1926,81,"Structures",13,"e1gtotlest00","0","FAAt707","BEA_API"
1927,81,"Structures",12.8,"e1gtotlest00","0","FAAt707","BEA_API"
1928,81,"Structures",12.8,"e1gtotlest00","0","FAAt707","BEA_API"
1929,81,"Structures",12.8,"e1gtotlest00","0","FAAt707","BEA_API"
1930,81,"Structures",12.7,"e1gtotlest00","0","FAAt707","BEA_API"
1931,81,"Structures",12.6,"e1gtotlest00","0","FAAt707","BEA_API"
1932,81,"Structures",12.8,"e1gtotlest00","0","FAAt707","BEA_API"
1933,81,"Structures",13.3,"e1gtotlest00","0","FAAt707","BEA_API"
1934,81,"Structures",13.8,"e1gtotlest00","0","FAAt707","BEA_API"
1935,81,"Structures",14.2,"e1gtotlest00","0","FAAt707","BEA_API"
1936,81,"Structures",14.1,"e1gtotlest00","0","FAAt707","BEA_API"
1937,81,"Structures",14.3,"e1gtotlest00","0","FAAt707","BEA_API"
1938,81,"Structures",14.4,"e1gtotlest00","0","FAAt707","BEA_API"
1939,81,"Structures",14.3,"e1gtotlest00","0","FAAt707","BEA_API"
1940,81,"Structures",14.4,"e1gtotlest00","0","FAAt707","BEA_API"
1941,81,"Structures",14.6,"e1gtotlest00","0","FAAt707","BEA_API"
1942,81,"Structures",15.1,"e1gtotlest00","0","FAAt707","BEA_API"
1943,81,"Structures",15.7,"e1gtotlest00","0","FAAt707","BEA_API"
1944,81,"Structures",16.7,"e1gtotlest00","0","FAAt707","BEA_API"
1945,81,"Structures",17.2,"e1gtotlest00","0","FAAt707","BEA_API"
1946,81,"Structures",17.7,"e1gtotlest00","0","FAAt707","BEA_API"
1947,81,"Structures",18.1,"e1gtotlest00","0","FAAt707","BEA_API"
1948,81,"Structures",18.4,"e1gtotlest00","0","FAAt707","BEA_API"
1949,81,"Structures",18.4,"e1gtotlest00","0","FAAt707","BEA_API"
1950,81,"Structures",18.5,"e1gtotlest00","0","FAAt707","BEA_API"
1951,81,"Structures",18.4,"e1gtotlest00","0","FAAt707","BEA_API"
1952,81,"Structures",18.4,"e1gtotlest00","0","FAAt707","BEA_API"
1953,81,"Structures",18.6,"e1gtotlest00","0","FAAt707","BEA_API"
1954,81,"Structures",18.6,"e1gtotlest00","0","FAAt707","BEA_API"
1955,81,"Structures",18.5,"e1gtotlest00","0","FAAt707","BEA_API"
1956,81,"Structures",18.5,"e1gtotlest00","0","FAAt707","BEA_API"
1957,81,"Structures",18.6,"e1gtotlest00","0","FAAt707","BEA_API"
1958,81,"Structures",18.4,"e1gtotlest00","0","FAAt707","BEA_API"
1959,81,"Structures",18.2,"e1gtotlest00","0","FAAt707","BEA_API"
1960,81,"Structures",18.1,"e1gtotlest00","0","FAAt707","BEA_API"
1961,81,"Structures",17.9,"e1gtotlest00","0","FAAt707","BEA_API"
1962,81,"Structures",17.7,"e1gtotlest00","0","FAAt707","BEA_API"
1963,81,"Structures",17.5,"e1gtotlest00","0","FAAt707","BEA_API"
1964,81,"Structures",17.2,"e1gtotlest00","0","FAAt707","BEA_API"
1965,81,"Structures",17,"e1gtotlest00","0","FAAt707","BEA_API"
1966,81,"Structures",16.8,"e1gtotlest00","0","FAAt707","BEA_API"
1967,81,"Structures",16.7,"e1gtotlest00","0","FAAt707","BEA_API"
1968,81,"Structures",16.5,"e1gtotlest00","0","FAAt707","BEA_API"
1969,81,"Structures",16.4,"e1gtotlest00","0","FAAt707","BEA_API"
1970,81,"Structures",16.5,"e1gtotlest00","0","FAAt707","BEA_API"
1971,81,"Structures",16.7,"e1gtotlest00","0","FAAt707","BEA_API"
1972,81,"Structures",16.9,"e1gtotlest00","0","FAAt707","BEA_API"
1973,81,"Structures",17,"e1gtotlest00","0","FAAt707","BEA_API"
1974,81,"Structures",17.2,"e1gtotlest00","0","FAAt707","BEA_API"
1975,81,"Structures",17.5,"e1gtotlest00","0","FAAt707","BEA_API"
1976,81,"Structures",17.6,"e1gtotlest00","0","FAAt707","BEA_API"
1977,81,"Structures",17.9,"e1gtotlest00","0","FAAt707","BEA_API"
1978,81,"Structures",18,"e1gtotlest00","0","FAAt707","BEA_API"
1979,81,"Structures",18.1,"e1gtotlest00","0","FAAt707","BEA_API"
1980,81,"Structures",18.2,"e1gtotlest00","0","FAAt707","BEA_API"
1981,81,"Structures",18.2,"e1gtotlest00","0","FAAt707","BEA_API"
1982,81,"Structures",18.4,"e1gtotlest00","0","FAAt707","BEA_API"
1983,81,"Structures",18.7,"e1gtotlest00","0","FAAt707","BEA_API"
1984,81,"Structures",18.9,"e1gtotlest00","0","FAAt707","BEA_API"
1985,81,"Structures",19.1,"e1gtotlest00","0","FAAt707","BEA_API"
1986,81,"Structures",19.2,"e1gtotlest00","0","FAAt707","BEA_API"
1987,81,"Structures",19.3,"e1gtotlest00","0","FAAt707","BEA_API"
1988,81,"Structures",19.5,"e1gtotlest00","0","FAAt707","BEA_API"
1989,81,"Structures",19.7,"e1gtotlest00","0","FAAt707","BEA_API"
1990,81,"Structures",19.8,"e1gtotlest00","0","FAAt707","BEA_API"
1991,81,"Structures",19.9,"e1gtotlest00","0","FAAt707","BEA_API"
1992,81,"Structures",20.1,"e1gtotlest00","0","FAAt707","BEA_API"
1993,81,"Structures",20.4,"e1gtotlest00","0","FAAt707","BEA_API"
1994,81,"Structures",20.6,"e1gtotlest00","0","FAAt707","BEA_API"
1995,81,"Structures",20.8,"e1gtotlest00","0","FAAt707","BEA_API"
1996,81,"Structures",20.9,"e1gtotlest00","0","FAAt707","BEA_API"
1997,81,"Structures",21.1,"e1gtotlest00","0","FAAt707","BEA_API"
1998,81,"Structures",21.3,"e1gtotlest00","0","FAAt707","BEA_API"
1999,81,"Structures",21.5,"e1gtotlest00","0","FAAt707","BEA_API"
2000,81,"Structures",21.7,"e1gtotlest00","0","FAAt707","BEA_API"
2001,81,"Structures",21.8,"e1gtotlest00","0","FAAt707","BEA_API"
2002,81,"Structures",21.9,"e1gtotlest00","0","FAAt707","BEA_API"
2003,81,"Structures",22,"e1gtotlest00","0","FAAt707","BEA_API"
2004,81,"Structures",22.1,"e1gtotlest00","0","FAAt707","BEA_API"
2005,81,"Structures",22.3,"e1gtotlest00","0","FAAt707","BEA_API"
2006,81,"Structures",22.5,"e1gtotlest00","0","FAAt707","BEA_API"
2007,81,"Structures",22.6,"e1gtotlest00","0","FAAt707","BEA_API"
2008,81,"Structures",22.8,"e1gtotlest00","0","FAAt707","BEA_API"
2009,81,"Structures",22.9,"e1gtotlest00","0","FAAt707","BEA_API"
2010,81,"Structures",23.1,"e1gtotlest00","0","FAAt707","BEA_API"
2011,81,"Structures",23.3,"e1gtotlest00","0","FAAt707","BEA_API"
2012,81,"Structures",23.6,"e1gtotlest00","0","FAAt707","BEA_API"
2013,81,"Structures",23.9,"e1gtotlest00","0","FAAt707","BEA_API"
2014,81,"Structures",24.3,"e1gtotlest00","0","FAAt707","BEA_API"
2015,81,"Structures",24.6,"e1gtotlest00","0","FAAt707","BEA_API"
2016,81,"Structures",24.9,"e1gtotlest00","0","FAAt707","BEA_API"
2017,81,"Structures",25.1,"e1gtotlest00","0","FAAt707","BEA_API"
2018,81,"Structures",25.4,"e1gtotlest00","0","FAAt707","BEA_API"
2019,81,"Structures",25.6,"e1gtotlest00","0","FAAt707","BEA_API"
2020,81,"Structures",25.9,"e1gtotlest00","0","FAAt707","BEA_API"
2021,81,"Structures",26.3,"e1gtotlest00","0","FAAt707","BEA_API"
2022,81,"Structures",26.8,"e1gtotlest00","0","FAAt707","BEA_API"
2023,81,"Structures",27.1,"e1gtotlest00","0","FAAt707","BEA_API"
2024,81,"Structures",27.3,"e1gtotlest00","0","FAAt707","BEA_API"
1959,82,"Intellectual property products",0.5,"e1gtotleip00","0","FAAt707","BEA_API"
1960,82,"Intellectual property products",0.6,"e1gtotleip00","0","FAAt707","BEA_API"
1961,82,"Intellectual property products",0.7,"e1gtotleip00","0","FAAt707","BEA_API"
1962,82,"Intellectual property products",1.1,"e1gtotleip00","0","FAAt707","BEA_API"
1963,82,"Intellectual property products",1.3,"e1gtotleip00","0","FAAt707","BEA_API"
1964,82,"Intellectual property products",1.3,"e1gtotleip00","0","FAAt707","BEA_API"
1965,82,"Intellectual property products",1,"e1gtotleip00","0","FAAt707","BEA_API"
1966,82,"Intellectual property products",1.1,"e1gtotleip00","0","FAAt707","BEA_API"
1967,82,"Intellectual property products",1.1,"e1gtotleip00","0","FAAt707","BEA_API"
1968,82,"Intellectual property products",1,"e1gtotleip00","0","FAAt707","BEA_API"
1969,82,"Intellectual property products",0.9,"e1gtotleip00","0","FAAt707","BEA_API"
1970,82,"Intellectual property products",1.5,"e1gtotleip00","0","FAAt707","BEA_API"
1971,82,"Intellectual property products",1.6,"e1gtotleip00","0","FAAt707","BEA_API"
1972,82,"Intellectual property products",1.7,"e1gtotleip00","0","FAAt707","BEA_API"
1973,82,"Intellectual property products",1.8,"e1gtotleip00","0","FAAt707","BEA_API"
1974,82,"Intellectual property products",1.8,"e1gtotleip00","0","FAAt707","BEA_API"
1975,82,"Intellectual property products",1.8,"e1gtotleip00","0","FAAt707","BEA_API"
1976,82,"Intellectual property products",1.9,"e1gtotleip00","0","FAAt707","BEA_API"
1977,82,"Intellectual property products",2,"e1gtotleip00","0","FAAt707","BEA_API"
1978,82,"Intellectual property products",2,"e1gtotleip00","0","FAAt707","BEA_API"
1979,82,"Intellectual property products",1.9,"e1gtotleip00","0","FAAt707","BEA_API"
1980,82,"Intellectual property products",1.9,"e1gtotleip00","0","FAAt707","BEA_API"
1981,82,"Intellectual property products",1.9,"e1gtotleip00","0","FAAt707","BEA_API"
1982,82,"Intellectual property products",2,"e1gtotleip00","0","FAAt707","BEA_API"
1983,82,"Intellectual property products",2,"e1gtotleip00","0","FAAt707","BEA_API"
1984,82,"Intellectual property products",2,"e1gtotleip00","0","FAAt707","BEA_API"
1985,82,"Intellectual property products",2.1,"e1gtotleip00","0","FAAt707","BEA_API"
1986,82,"Intellectual property products",2.1,"e1gtotleip00","0","FAAt707","BEA_API"
1987,82,"Intellectual property products",2.2,"e1gtotleip00","0","FAAt707","BEA_API"
1988,82,"Intellectual property products",2.2,"e1gtotleip00","0","FAAt707","BEA_API"
1989,82,"Intellectual property products",2.1,"e1gtotleip00","0","FAAt707","BEA_API"
1990,82,"Intellectual property products",2,"e1gtotleip00","0","FAAt707","BEA_API"
1991,82,"Intellectual property products",2,"e1gtotleip00","0","FAAt707","BEA_API"
1992,82,"Intellectual property products",1.9,"e1gtotleip00","0","FAAt707","BEA_API"
1993,82,"Intellectual property products",1.9,"e1gtotleip00","0","FAAt707","BEA_API"
1994,82,"Intellectual property products",2,"e1gtotleip00","0","FAAt707","BEA_API"
1995,82,"Intellectual property products",2.2,"e1gtotleip00","0","FAAt707","BEA_API"
1996,82,"Intellectual property products",2.2,"e1gtotleip00","0","FAAt707","BEA_API"
1997,82,"Intellectual property products",2.3,"e1gtotleip00","0","FAAt707","BEA_API"
1998,82,"Intellectual property products",2.2,"e1gtotleip00","0","FAAt707","BEA_API"
1999,82,"Intellectual property products",2.2,"e1gtotleip00","0","FAAt707","BEA_API"
2000,82,"Intellectual property products",2.1,"e1gtotleip00","0","FAAt707","BEA_API"
2001,82,"Intellectual property products",2.1,"e1gtotleip00","0","FAAt707","BEA_API"
2002,82,"Intellectual property products",2.2,"e1gtotleip00","0","FAAt707","BEA_API"
2003,82,"Intellectual property products",2.3,"e1gtotleip00","0","FAAt707","BEA_API"
2004,82,"Intellectual property products",2.3,"e1gtotleip00","0","FAAt707","BEA_API"
2005,82,"Intellectual property products",2.3,"e1gtotleip00","0","FAAt707","BEA_API"
2006,82,"Intellectual property products",2.3,"e1gtotleip00","0","FAAt707","BEA_API"
2007,82,"Intellectual property products",2.2,"e1gtotleip00","0","FAAt707","BEA_API"
2008,82,"Intellectual property products",2.2,"e1gtotleip00","0","FAAt707","BEA_API"
2009,82,"Intellectual property products",2.2,"e1gtotleip00","0","FAAt707","BEA_API"
2010,82,"Intellectual property products",2.2,"e1gtotleip00","0","FAAt707","BEA_API"
2011,82,"Intellectual property products",2.2,"e1gtotleip00","0","FAAt707","BEA_API"
2012,82,"Intellectual property products",2.2,"e1gtotleip00","0","FAAt707","BEA_API"
2013,82,"Intellectual property products",2.1,"e1gtotleip00","0","FAAt707","BEA_API"
2014,82,"Intellectual property products",2.1,"e1gtotleip00","0","FAAt707","BEA_API"
2015,82,"Intellectual property products",2.2,"e1gtotleip00","0","FAAt707","BEA_API"
2016,82,"Intellectual property products",2.1,"e1gtotleip00","0","FAAt707","BEA_API"
2017,82,"Intellectual property products",2.1,"e1gtotleip00","0","FAAt707","BEA_API"
2018,82,"Intellectual property products",2,"e1gtotleip00","0","FAAt707","BEA_API"
2019,82,"Intellectual property products",1.9,"e1gtotleip00","0","FAAt707","BEA_API"
2020,82,"Intellectual property products",1.9,"e1gtotleip00","0","FAAt707","BEA_API"
2021,82,"Intellectual property products",1.9,"e1gtotleip00","0","FAAt707","BEA_API"
2022,82,"Intellectual property products",1.8,"e1gtotleip00","0","FAAt707","BEA_API"
2023,82,"Intellectual property products",1.8,"e1gtotleip00","0","FAAt707","BEA_API"
2024,82,"Intellectual property products",1.8,"e1gtotleip00","0","FAAt707","BEA_API"
1925,83,"Government nonresidential fixed assets",10.7,"e1gtotl1esnr","0","FAAt707","BEA_API"
1926,83,"Government nonresidential fixed assets",11,"e1gtotl1esnr","0","FAAt707","BEA_API"
1927,83,"Government nonresidential fixed assets",11.3,"e1gtotl1esnr","0","FAAt707","BEA_API"
1928,83,"Government nonresidential fixed assets",11.6,"e1gtotl1esnr","0","FAAt707","BEA_API"
1929,83,"Government nonresidential fixed assets",11.8,"e1gtotl1esnr","0","FAAt707","BEA_API"
1930,83,"Government nonresidential fixed assets",11.9,"e1gtotl1esnr","0","FAAt707","BEA_API"
1931,83,"Government nonresidential fixed assets",12,"e1gtotl1esnr","0","FAAt707","BEA_API"
1932,83,"Government nonresidential fixed assets",12.3,"e1gtotl1esnr","0","FAAt707","BEA_API"
1933,83,"Government nonresidential fixed assets",12.6,"e1gtotl1esnr","0","FAAt707","BEA_API"
1934,83,"Government nonresidential fixed assets",12.9,"e1gtotl1esnr","0","FAAt707","BEA_API"
1935,83,"Government nonresidential fixed assets",13.2,"e1gtotl1esnr","0","FAAt707","BEA_API"
1936,83,"Government nonresidential fixed assets",13.2,"e1gtotl1esnr","0","FAAt707","BEA_API"
1937,83,"Government nonresidential fixed assets",13.4,"e1gtotl1esnr","0","FAAt707","BEA_API"
1938,83,"Government nonresidential fixed assets",13.5,"e1gtotl1esnr","0","FAAt707","BEA_API"
1939,83,"Government nonresidential fixed assets",13.6,"e1gtotl1esnr","0","FAAt707","BEA_API"
1940,83,"Government nonresidential fixed assets",13.7,"e1gtotl1esnr","0","FAAt707","BEA_API"
1941,83,"Government nonresidential fixed assets",12.8,"e1gtotl1esnr","0","FAAt707","BEA_API"
1942,83,"Government nonresidential fixed assets",10.5,"e1gtotl1esnr","0","FAAt707","BEA_API"
1943,83,"Government nonresidential fixed assets",9.2,"e1gtotl1esnr","0","FAAt707","BEA_API"
1944,83,"Government nonresidential fixed assets",8.7,"e1gtotl1esnr","0","FAAt707","BEA_API"
1945,83,"Government nonresidential fixed assets",8.9,"e1gtotl1esnr","0","FAAt707","BEA_API"
1946,83,"Government nonresidential fixed assets",10.5,"e1gtotl1esnr","0","FAAt707","BEA_API"
1947,83,"Government nonresidential fixed assets",12.6,"e1gtotl1esnr","0","FAAt707","BEA_API"
1948,83,"Government nonresidential fixed assets",13.9,"e1gtotl1esnr","0","FAAt707","BEA_API"
1949,83,"Government nonresidential fixed assets",14.6,"e1gtotl1esnr","0","FAAt707","BEA_API"
1950,83,"Government nonresidential fixed assets",15.5,"e1gtotl1esnr","0","FAAt707","BEA_API"
1951,83,"Government nonresidential fixed assets",15.4,"e1gtotl1esnr","0","FAAt707","BEA_API"
1952,83,"Government nonresidential fixed assets",15.2,"e1gtotl1esnr","0","FAAt707","BEA_API"
1953,83,"Government nonresidential fixed assets",14.9,"e1gtotl1esnr","0","FAAt707","BEA_API"
1954,83,"Government nonresidential fixed assets",14.7,"e1gtotl1esnr","0","FAAt707","BEA_API"
1955,83,"Government nonresidential fixed assets",14.7,"e1gtotl1esnr","0","FAAt707","BEA_API"
1956,83,"Government nonresidential fixed assets",14.8,"e1gtotl1esnr","0","FAAt707","BEA_API"
1957,83,"Government nonresidential fixed assets",14.7,"e1gtotl1esnr","0","FAAt707","BEA_API"
1958,83,"Government nonresidential fixed assets",14.7,"e1gtotl1esnr","0","FAAt707","BEA_API"
1959,83,"Government nonresidential fixed assets",14.5,"e1gtotl1esnr","0","FAAt707","BEA_API"
1960,83,"Government nonresidential fixed assets",14.5,"e1gtotl1esnr","0","FAAt707","BEA_API"
1961,83,"Government nonresidential fixed assets",14.4,"e1gtotl1esnr","0","FAAt707","BEA_API"
1962,83,"Government nonresidential fixed assets",14.3,"e1gtotl1esnr","0","FAAt707","BEA_API"
1963,83,"Government nonresidential fixed assets",14.3,"e1gtotl1esnr","0","FAAt707","BEA_API"
1964,83,"Government nonresidential fixed assets",14.3,"e1gtotl1esnr","0","FAAt707","BEA_API"
1965,83,"Government nonresidential fixed assets",14.3,"e1gtotl1esnr","0","FAAt707","BEA_API"
1966,83,"Government nonresidential fixed assets",14.3,"e1gtotl1esnr","0","FAAt707","BEA_API"
1967,83,"Government nonresidential fixed assets",14.3,"e1gtotl1esnr","0","FAAt707","BEA_API"
1968,83,"Government nonresidential fixed assets",14.4,"e1gtotl1esnr","0","FAAt707","BEA_API"
1969,83,"Government nonresidential fixed assets",14.5,"e1gtotl1esnr","0","FAAt707","BEA_API"
1970,83,"Government nonresidential fixed assets",14.8,"e1gtotl1esnr","0","FAAt707","BEA_API"
1971,83,"Government nonresidential fixed assets",15.2,"e1gtotl1esnr","0","FAAt707","BEA_API"
1972,83,"Government nonresidential fixed assets",15.6,"e1gtotl1esnr","0","FAAt707","BEA_API"
1973,83,"Government nonresidential fixed assets",15.9,"e1gtotl1esnr","0","FAAt707","BEA_API"
1974,83,"Government nonresidential fixed assets",16.4,"e1gtotl1esnr","0","FAAt707","BEA_API"
1975,83,"Government nonresidential fixed assets",16.6,"e1gtotl1esnr","0","FAAt707","BEA_API"
1976,83,"Government nonresidential fixed assets",16.9,"e1gtotl1esnr","0","FAAt707","BEA_API"
1977,83,"Government nonresidential fixed assets",17.1,"e1gtotl1esnr","0","FAAt707","BEA_API"
1978,83,"Government nonresidential fixed assets",17.3,"e1gtotl1esnr","0","FAAt707","BEA_API"
1979,83,"Government nonresidential fixed assets",17.6,"e1gtotl1esnr","0","FAAt707","BEA_API"
1980,83,"Government nonresidential fixed assets",17.9,"e1gtotl1esnr","0","FAAt707","BEA_API"
1981,83,"Government nonresidential fixed assets",18,"e1gtotl1esnr","0","FAAt707","BEA_API"
1982,83,"Government nonresidential fixed assets",18.2,"e1gtotl1esnr","0","FAAt707","BEA_API"
1983,83,"Government nonresidential fixed assets",18.2,"e1gtotl1esnr","0","FAAt707","BEA_API"
1984,83,"Government nonresidential fixed assets",18.4,"e1gtotl1esnr","0","FAAt707","BEA_API"
1985,83,"Government nonresidential fixed assets",18.4,"e1gtotl1esnr","0","FAAt707","BEA_API"
1986,83,"Government nonresidential fixed assets",18.5,"e1gtotl1esnr","0","FAAt707","BEA_API"
1987,83,"Government nonresidential fixed assets",18.5,"e1gtotl1esnr","0","FAAt707","BEA_API"
1988,83,"Government nonresidential fixed assets",18.6,"e1gtotl1esnr","0","FAAt707","BEA_API"
1989,83,"Government nonresidential fixed assets",18.7,"e1gtotl1esnr","0","FAAt707","BEA_API"
1990,83,"Government nonresidential fixed assets",18.7,"e1gtotl1esnr","0","FAAt707","BEA_API"
1991,83,"Government nonresidential fixed assets",18.8,"e1gtotl1esnr","0","FAAt707","BEA_API"
1992,83,"Government nonresidential fixed assets",19,"e1gtotl1esnr","0","FAAt707","BEA_API"
1993,83,"Government nonresidential fixed assets",19.2,"e1gtotl1esnr","0","FAAt707","BEA_API"
1994,83,"Government nonresidential fixed assets",19.4,"e1gtotl1esnr","0","FAAt707","BEA_API"
1995,83,"Government nonresidential fixed assets",19.7,"e1gtotl1esnr","0","FAAt707","BEA_API"
1996,83,"Government nonresidential fixed assets",19.9,"e1gtotl1esnr","0","FAAt707","BEA_API"
1997,83,"Government nonresidential fixed assets",20.1,"e1gtotl1esnr","0","FAAt707","BEA_API"
1998,83,"Government nonresidential fixed assets",20.3,"e1gtotl1esnr","0","FAAt707","BEA_API"
1999,83,"Government nonresidential fixed assets",20.4,"e1gtotl1esnr","0","FAAt707","BEA_API"
2000,83,"Government nonresidential fixed assets",20.6,"e1gtotl1esnr","0","FAAt707","BEA_API"
2001,83,"Government nonresidential fixed assets",20.8,"e1gtotl1esnr","0","FAAt707","BEA_API"
2002,83,"Government nonresidential fixed assets",20.8,"e1gtotl1esnr","0","FAAt707","BEA_API"
2003,83,"Government nonresidential fixed assets",20.8,"e1gtotl1esnr","0","FAAt707","BEA_API"
2004,83,"Government nonresidential fixed assets",21,"e1gtotl1esnr","0","FAAt707","BEA_API"
2005,83,"Government nonresidential fixed assets",21.2,"e1gtotl1esnr","0","FAAt707","BEA_API"
2006,83,"Government nonresidential fixed assets",21.5,"e1gtotl1esnr","0","FAAt707","BEA_API"
2007,83,"Government nonresidential fixed assets",21.6,"e1gtotl1esnr","0","FAAt707","BEA_API"
2008,83,"Government nonresidential fixed assets",21.7,"e1gtotl1esnr","0","FAAt707","BEA_API"
2009,83,"Government nonresidential fixed assets",21.8,"e1gtotl1esnr","0","FAAt707","BEA_API"
2010,83,"Government nonresidential fixed assets",21.9,"e1gtotl1esnr","0","FAAt707","BEA_API"
2011,83,"Government nonresidential fixed assets",22.1,"e1gtotl1esnr","0","FAAt707","BEA_API"
2012,83,"Government nonresidential fixed assets",22.4,"e1gtotl1esnr","0","FAAt707","BEA_API"
2013,83,"Government nonresidential fixed assets",22.7,"e1gtotl1esnr","0","FAAt707","BEA_API"
2014,83,"Government nonresidential fixed assets",23,"e1gtotl1esnr","0","FAAt707","BEA_API"
2015,83,"Government nonresidential fixed assets",23.3,"e1gtotl1esnr","0","FAAt707","BEA_API"
2016,83,"Government nonresidential fixed assets",23.6,"e1gtotl1esnr","0","FAAt707","BEA_API"
2017,83,"Government nonresidential fixed assets",23.9,"e1gtotl1esnr","0","FAAt707","BEA_API"
2018,83,"Government nonresidential fixed assets",24.1,"e1gtotl1esnr","0","FAAt707","BEA_API"
2019,83,"Government nonresidential fixed assets",24.3,"e1gtotl1esnr","0","FAAt707","BEA_API"
2020,83,"Government nonresidential fixed assets",24.5,"e1gtotl1esnr","0","FAAt707","BEA_API"
2021,83,"Government nonresidential fixed assets",24.8,"e1gtotl1esnr","0","FAAt707","BEA_API"
2022,83,"Government nonresidential fixed assets",25.1,"e1gtotl1esnr","0","FAAt707","BEA_API"
2023,83,"Government nonresidential fixed assets",25.3,"e1gtotl1esnr","0","FAAt707","BEA_API"
2024,83,"Government nonresidential fixed assets",25.5,"e1gtotl1esnr","0","FAAt707","BEA_API"
1925,84,"Equipment",7.1,"e1gtotl1eq00","0","FAAt707","BEA_API"
1926,84,"Equipment",7.6,"e1gtotl1eq00","0","FAAt707","BEA_API"
1927,84,"Equipment",7.8,"e1gtotl1eq00","0","FAAt707","BEA_API"
1928,84,"Equipment",8.1,"e1gtotl1eq00","0","FAAt707","BEA_API"
1929,84,"Equipment",8.7,"e1gtotl1eq00","0","FAAt707","BEA_API"
1930,84,"Equipment",9,"e1gtotl1eq00","0","FAAt707","BEA_API"
1931,84,"Equipment",9.3,"e1gtotl1eq00","0","FAAt707","BEA_API"
1932,84,"Equipment",9.7,"e1gtotl1eq00","0","FAAt707","BEA_API"
1933,84,"Equipment",10.2,"e1gtotl1eq00","0","FAAt707","BEA_API"
1934,84,"Equipment",10.3,"e1gtotl1eq00","0","FAAt707","BEA_API"
1935,84,"Equipment",10.1,"e1gtotl1eq00","0","FAAt707","BEA_API"
1936,84,"Equipment",10.1,"e1gtotl1eq00","0","FAAt707","BEA_API"
1937,84,"Equipment",9.9,"e1gtotl1eq00","0","FAAt707","BEA_API"
1938,84,"Equipment",9.6,"e1gtotl1eq00","0","FAAt707","BEA_API"
1939,84,"Equipment",9.2,"e1gtotl1eq00","0","FAAt707","BEA_API"
1940,84,"Equipment",8.9,"e1gtotl1eq00","0","FAAt707","BEA_API"
1941,84,"Equipment",4.9,"e1gtotl1eq00","0","FAAt707","BEA_API"
1942,84,"Equipment",2.1,"e1gtotl1eq00","0","FAAt707","BEA_API"
1943,84,"Equipment",1.5,"e1gtotl1eq00","0","FAAt707","BEA_API"
1944,84,"Equipment",1.7,"e1gtotl1eq00","0","FAAt707","BEA_API"
1945,84,"Equipment",2.3,"e1gtotl1eq00","0","FAAt707","BEA_API"
1946,84,"Equipment",3.6,"e1gtotl1eq00","0","FAAt707","BEA_API"
1947,84,"Equipment",5.2,"e1gtotl1eq00","0","FAAt707","BEA_API"
1948,84,"Equipment",7.2,"e1gtotl1eq00","0","FAAt707","BEA_API"
1949,84,"Equipment",8.7,"e1gtotl1eq00","0","FAAt707","BEA_API"
1950,84,"Equipment",10.6,"e1gtotl1eq00","0","FAAt707","BEA_API"
1951,84,"Equipment",9.9,"e1gtotl1eq00","0","FAAt707","BEA_API"
1952,84,"Equipment",8.9,"e1gtotl1eq00","0","FAAt707","BEA_API"
1953,84,"Equipment",8.2,"e1gtotl1eq00","0","FAAt707","BEA_API"
1954,84,"Equipment",8.1,"e1gtotl1eq00","0","FAAt707","BEA_API"
1955,84,"Equipment",8.2,"e1gtotl1eq00","0","FAAt707","BEA_API"
1956,84,"Equipment",8.3,"e1gtotl1eq00","0","FAAt707","BEA_API"
1957,84,"Equipment",8.3,"e1gtotl1eq00","0","FAAt707","BEA_API"
1958,84,"Equipment",8.3,"e1gtotl1eq00","0","FAAt707","BEA_API"
1959,84,"Equipment",8.2,"e1gtotl1eq00","0","FAAt707","BEA_API"
1960,84,"Equipment",8.2,"e1gtotl1eq00","0","FAAt707","BEA_API"
1961,84,"Equipment",8,"e1gtotl1eq00","0","FAAt707","BEA_API"
1962,84,"Equipment",7.9,"e1gtotl1eq00","0","FAAt707","BEA_API"
1963,84,"Equipment",8,"e1gtotl1eq00","0","FAAt707","BEA_API"
1964,84,"Equipment",8.1,"e1gtotl1eq00","0","FAAt707","BEA_API"
1965,84,"Equipment",8.3,"e1gtotl1eq00","0","FAAt707","BEA_API"
1966,84,"Equipment",8.4,"e1gtotl1eq00","0","FAAt707","BEA_API"
1967,84,"Equipment",8.4,"e1gtotl1eq00","0","FAAt707","BEA_API"
1968,84,"Equipment",8.6,"e1gtotl1eq00","0","FAAt707","BEA_API"
1969,84,"Equipment",8.8,"e1gtotl1eq00","0","FAAt707","BEA_API"
1970,84,"Equipment",9.1,"e1gtotl1eq00","0","FAAt707","BEA_API"
1971,84,"Equipment",9.6,"e1gtotl1eq00","0","FAAt707","BEA_API"
1972,84,"Equipment",10.1,"e1gtotl1eq00","0","FAAt707","BEA_API"
1973,84,"Equipment",10.4,"e1gtotl1eq00","0","FAAt707","BEA_API"
1974,84,"Equipment",10.6,"e1gtotl1eq00","0","FAAt707","BEA_API"
1975,84,"Equipment",10.8,"e1gtotl1eq00","0","FAAt707","BEA_API"
1976,84,"Equipment",10.8,"e1gtotl1eq00","0","FAAt707","BEA_API"
1977,84,"Equipment",10.8,"e1gtotl1eq00","0","FAAt707","BEA_API"
1978,84,"Equipment",10.9,"e1gtotl1eq00","0","FAAt707","BEA_API"
1979,84,"Equipment",11,"e1gtotl1eq00","0","FAAt707","BEA_API"
1980,84,"Equipment",11,"e1gtotl1eq00","0","FAAt707","BEA_API"
1981,84,"Equipment",10.9,"e1gtotl1eq00","0","FAAt707","BEA_API"
1982,84,"Equipment",10.6,"e1gtotl1eq00","0","FAAt707","BEA_API"
1983,84,"Equipment",10.1,"e1gtotl1eq00","0","FAAt707","BEA_API"
1984,84,"Equipment",10.4,"e1gtotl1eq00","0","FAAt707","BEA_API"
1985,84,"Equipment",9.3,"e1gtotl1eq00","0","FAAt707","BEA_API"
1986,84,"Equipment",8.5,"e1gtotl1eq00","0","FAAt707","BEA_API"
1987,84,"Equipment",8,"e1gtotl1eq00","0","FAAt707","BEA_API"
1988,84,"Equipment",7.9,"e1gtotl1eq00","0","FAAt707","BEA_API"
1989,84,"Equipment",7.7,"e1gtotl1eq00","0","FAAt707","BEA_API"
1990,84,"Equipment",7.6,"e1gtotl1eq00","0","FAAt707","BEA_API"
1991,84,"Equipment",7.6,"e1gtotl1eq00","0","FAAt707","BEA_API"
1992,84,"Equipment",7.6,"e1gtotl1eq00","0","FAAt707","BEA_API"
1993,84,"Equipment",7.8,"e1gtotl1eq00","0","FAAt707","BEA_API"
1994,84,"Equipment",8,"e1gtotl1eq00","0","FAAt707","BEA_API"
1995,84,"Equipment",8.3,"e1gtotl1eq00","0","FAAt707","BEA_API"
1996,84,"Equipment",8.4,"e1gtotl1eq00","0","FAAt707","BEA_API"
1997,84,"Equipment",8.5,"e1gtotl1eq00","0","FAAt707","BEA_API"
1998,84,"Equipment",8.6,"e1gtotl1eq00","0","FAAt707","BEA_API"
1999,84,"Equipment",8.6,"e1gtotl1eq00","0","FAAt707","BEA_API"
2000,84,"Equipment",8.7,"e1gtotl1eq00","0","FAAt707","BEA_API"
2001,84,"Equipment",8.8,"e1gtotl1eq00","0","FAAt707","BEA_API"
2002,84,"Equipment",8.8,"e1gtotl1eq00","0","FAAt707","BEA_API"
2003,84,"Equipment",8.9,"e1gtotl1eq00","0","FAAt707","BEA_API"
2004,84,"Equipment",8.8,"e1gtotl1eq00","0","FAAt707","BEA_API"
2005,84,"Equipment",8.7,"e1gtotl1eq00","0","FAAt707","BEA_API"
2006,84,"Equipment",8.5,"e1gtotl1eq00","0","FAAt707","BEA_API"
2007,84,"Equipment",8.4,"e1gtotl1eq00","0","FAAt707","BEA_API"
2008,84,"Equipment",8.2,"e1gtotl1eq00","0","FAAt707","BEA_API"
2009,84,"Equipment",8,"e1gtotl1eq00","0","FAAt707","BEA_API"
2010,84,"Equipment",8,"e1gtotl1eq00","0","FAAt707","BEA_API"
2011,84,"Equipment",8,"e1gtotl1eq00","0","FAAt707","BEA_API"
2012,84,"Equipment",8,"e1gtotl1eq00","0","FAAt707","BEA_API"
2013,84,"Equipment",8.1,"e1gtotl1eq00","0","FAAt707","BEA_API"
2014,84,"Equipment",8.2,"e1gtotl1eq00","0","FAAt707","BEA_API"
2015,84,"Equipment",8.3,"e1gtotl1eq00","0","FAAt707","BEA_API"
2016,84,"Equipment",8.3,"e1gtotl1eq00","0","FAAt707","BEA_API"
2017,84,"Equipment",8.3,"e1gtotl1eq00","0","FAAt707","BEA_API"
2018,84,"Equipment",8.3,"e1gtotl1eq00","0","FAAt707","BEA_API"
2019,84,"Equipment",8.2,"e1gtotl1eq00","0","FAAt707","BEA_API"
2020,84,"Equipment",8.1,"e1gtotl1eq00","0","FAAt707","BEA_API"
2021,84,"Equipment",8.1,"e1gtotl1eq00","0","FAAt707","BEA_API"
2022,84,"Equipment",8.2,"e1gtotl1eq00","0","FAAt707","BEA_API"
2023,84,"Equipment",8.4,"e1gtotl1eq00","0","FAAt707","BEA_API"
2024,84,"Equipment",8.7,"e1gtotl1eq00","0","FAAt707","BEA_API"
1925,85,"Structures",11,"e1gtotl1stnr","0","FAAt707","BEA_API"
1926,85,"Structures",11.3,"e1gtotl1stnr","0","FAAt707","BEA_API"
1927,85,"Structures",11.6,"e1gtotl1stnr","0","FAAt707","BEA_API"
1928,85,"Structures",11.8,"e1gtotl1stnr","0","FAAt707","BEA_API"
1929,85,"Structures",12.1,"e1gtotl1stnr","0","FAAt707","BEA_API"
1930,85,"Structures",12.2,"e1gtotl1stnr","0","FAAt707","BEA_API"
1931,85,"Structures",12.3,"e1gtotl1stnr","0","FAAt707","BEA_API"
1932,85,"Structures",12.6,"e1gtotl1stnr","0","FAAt707","BEA_API"
1933,85,"Structures",12.8,"e1gtotl1stnr","0","FAAt707","BEA_API"
1934,85,"Structures",13.1,"e1gtotl1stnr","0","FAAt707","BEA_API"
1935,85,"Structures",13.5,"e1gtotl1stnr","0","FAAt707","BEA_API"
1936,85,"Structures",13.5,"e1gtotl1stnr","0","FAAt707","BEA_API"
1937,85,"Structures",13.7,"e1gtotl1stnr","0","FAAt707","BEA_API"
1938,85,"Structures",13.9,"e1gtotl1stnr","0","FAAt707","BEA_API"
1939,85,"Structures",13.9,"e1gtotl1stnr","0","FAAt707","BEA_API"
1940,85,"Structures",14.1,"e1gtotl1stnr","0","FAAt707","BEA_API"
1941,85,"Structures",13.7,"e1gtotl1stnr","0","FAAt707","BEA_API"
1942,85,"Structures",12.5,"e1gtotl1stnr","0","FAAt707","BEA_API"
1943,85,"Structures",12.6,"e1gtotl1stnr","0","FAAt707","BEA_API"
1944,85,"Structures",13.2,"e1gtotl1stnr","0","FAAt707","BEA_API"
1945,85,"Structures",13.6,"e1gtotl1stnr","0","FAAt707","BEA_API"
1946,85,"Structures",14.6,"e1gtotl1stnr","0","FAAt707","BEA_API"
1947,85,"Structures",15.9,"e1gtotl1stnr","0","FAAt707","BEA_API"
1948,85,"Structures",16.5,"e1gtotl1stnr","0","FAAt707","BEA_API"
1949,85,"Structures",16.8,"e1gtotl1stnr","0","FAAt707","BEA_API"
1950,85,"Structures",17.2,"e1gtotl1stnr","0","FAAt707","BEA_API"
1951,85,"Structures",17.3,"e1gtotl1stnr","0","FAAt707","BEA_API"
1952,85,"Structures",17.4,"e1gtotl1stnr","0","FAAt707","BEA_API"
1953,85,"Structures",17.4,"e1gtotl1stnr","0","FAAt707","BEA_API"
1954,85,"Structures",17.4,"e1gtotl1stnr","0","FAAt707","BEA_API"
1955,85,"Structures",17.4,"e1gtotl1stnr","0","FAAt707","BEA_API"
1956,85,"Structures",17.4,"e1gtotl1stnr","0","FAAt707","BEA_API"
1957,85,"Structures",17.4,"e1gtotl1stnr","0","FAAt707","BEA_API"
1958,85,"Structures",17.4,"e1gtotl1stnr","0","FAAt707","BEA_API"
1959,85,"Structures",17.4,"e1gtotl1stnr","0","FAAt707","BEA_API"
1960,85,"Structures",17.4,"e1gtotl1stnr","0","FAAt707","BEA_API"
1961,85,"Structures",17.4,"e1gtotl1stnr","0","FAAt707","BEA_API"
1962,85,"Structures",17.4,"e1gtotl1stnr","0","FAAt707","BEA_API"
1963,85,"Structures",17.4,"e1gtotl1stnr","0","FAAt707","BEA_API"
1964,85,"Structures",17.4,"e1gtotl1stnr","0","FAAt707","BEA_API"
1965,85,"Structures",17.3,"e1gtotl1stnr","0","FAAt707","BEA_API"
1966,85,"Structures",17.3,"e1gtotl1stnr","0","FAAt707","BEA_API"
1967,85,"Structures",17.3,"e1gtotl1stnr","0","FAAt707","BEA_API"
1968,85,"Structures",17.3,"e1gtotl1stnr","0","FAAt707","BEA_API"
1969,85,"Structures",17.4,"e1gtotl1stnr","0","FAAt707","BEA_API"
1970,85,"Structures",17.5,"e1gtotl1stnr","0","FAAt707","BEA_API"
1971,85,"Structures",17.8,"e1gtotl1stnr","0","FAAt707","BEA_API"
1972,85,"Structures",18.1,"e1gtotl1stnr","0","FAAt707","BEA_API"
1973,85,"Structures",18.4,"e1gtotl1stnr","0","FAAt707","BEA_API"
1974,85,"Structures",18.6,"e1gtotl1stnr","0","FAAt707","BEA_API"
1975,85,"Structures",19,"e1gtotl1stnr","0","FAAt707","BEA_API"
1976,85,"Structures",19.4,"e1gtotl1stnr","0","FAAt707","BEA_API"
1977,85,"Structures",19.6,"e1gtotl1stnr","0","FAAt707","BEA_API"
1978,85,"Structures",19.9,"e1gtotl1stnr","0","FAAt707","BEA_API"
1979,85,"Structures",20.2,"e1gtotl1stnr","0","FAAt707","BEA_API"
1980,85,"Structures",20.4,"e1gtotl1stnr","0","FAAt707","BEA_API"
1981,85,"Structures",20.7,"e1gtotl1stnr","0","FAAt707","BEA_API"
1982,85,"Structures",21,"e1gtotl1stnr","0","FAAt707","BEA_API"
1983,85,"Structures",21.4,"e1gtotl1stnr","0","FAAt707","BEA_API"
1984,85,"Structures",21.7,"e1gtotl1stnr","0","FAAt707","BEA_API"
1985,85,"Structures",22,"e1gtotl1stnr","0","FAAt707","BEA_API"
1986,85,"Structures",22.3,"e1gtotl1stnr","0","FAAt707","BEA_API"
1987,85,"Structures",22.4,"e1gtotl1stnr","0","FAAt707","BEA_API"
1988,85,"Structures",22.6,"e1gtotl1stnr","0","FAAt707","BEA_API"
1989,85,"Structures",22.8,"e1gtotl1stnr","0","FAAt707","BEA_API"
1990,85,"Structures",22.9,"e1gtotl1stnr","0","FAAt707","BEA_API"
1991,85,"Structures",23.1,"e1gtotl1stnr","0","FAAt707","BEA_API"
1992,85,"Structures",23.3,"e1gtotl1stnr","0","FAAt707","BEA_API"
1993,85,"Structures",23.5,"e1gtotl1stnr","0","FAAt707","BEA_API"
1994,85,"Structures",23.6,"e1gtotl1stnr","0","FAAt707","BEA_API"
1995,85,"Structures",23.8,"e1gtotl1stnr","0","FAAt707","BEA_API"
1996,85,"Structures",23.8,"e1gtotl1stnr","0","FAAt707","BEA_API"
1997,85,"Structures",23.9,"e1gtotl1stnr","0","FAAt707","BEA_API"
1998,85,"Structures",24,"e1gtotl1stnr","0","FAAt707","BEA_API"
1999,85,"Structures",24,"e1gtotl1stnr","0","FAAt707","BEA_API"
2000,85,"Structures",24.1,"e1gtotl1stnr","0","FAAt707","BEA_API"
2001,85,"Structures",24.1,"e1gtotl1stnr","0","FAAt707","BEA_API"
2002,85,"Structures",24.1,"e1gtotl1stnr","0","FAAt707","BEA_API"
2003,85,"Structures",24.1,"e1gtotl1stnr","0","FAAt707","BEA_API"
2004,85,"Structures",24.2,"e1gtotl1stnr","0","FAAt707","BEA_API"
2005,85,"Structures",24.3,"e1gtotl1stnr","0","FAAt707","BEA_API"
2006,85,"Structures",24.4,"e1gtotl1stnr","0","FAAt707","BEA_API"
2007,85,"Structures",24.5,"e1gtotl1stnr","0","FAAt707","BEA_API"
2008,85,"Structures",24.6,"e1gtotl1stnr","0","FAAt707","BEA_API"
2009,85,"Structures",24.7,"e1gtotl1stnr","0","FAAt707","BEA_API"
2010,85,"Structures",24.9,"e1gtotl1stnr","0","FAAt707","BEA_API"
2011,85,"Structures",25.1,"e1gtotl1stnr","0","FAAt707","BEA_API"
2012,85,"Structures",25.4,"e1gtotl1stnr","0","FAAt707","BEA_API"
2013,85,"Structures",25.8,"e1gtotl1stnr","0","FAAt707","BEA_API"
2014,85,"Structures",26.1,"e1gtotl1stnr","0","FAAt707","BEA_API"
2015,85,"Structures",26.4,"e1gtotl1stnr","0","FAAt707","BEA_API"
2016,85,"Structures",26.7,"e1gtotl1stnr","0","FAAt707","BEA_API"
2017,85,"Structures",26.9,"e1gtotl1stnr","0","FAAt707","BEA_API"
2018,85,"Structures",27.1,"e1gtotl1stnr","0","FAAt707","BEA_API"
2019,85,"Structures",27.3,"e1gtotl1stnr","0","FAAt707","BEA_API"
2020,85,"Structures",27.6,"e1gtotl1stnr","0","FAAt707","BEA_API"
2021,85,"Structures",27.9,"e1gtotl1stnr","0","FAAt707","BEA_API"
2022,85,"Structures",28.1,"e1gtotl1stnr","0","FAAt707","BEA_API"
2023,85,"Structures",28.4,"e1gtotl1stnr","0","FAAt707","BEA_API"
2024,85,"Structures",28.6,"e1gtotl1stnr","0","FAAt707","BEA_API"
1925,86,"Federal",10.8,"e1gfedr1stnr","0","FAAt707","BEA_API"
1926,86,"Federal",11.6,"e1gfedr1stnr","0","FAAt707","BEA_API"
1927,86,"Federal",12.5,"e1gfedr1stnr","0","FAAt707","BEA_API"
1928,86,"Federal",13.3,"e1gfedr1stnr","0","FAAt707","BEA_API"
1929,86,"Federal",13.9,"e1gfedr1stnr","0","FAAt707","BEA_API"
1930,86,"Federal",14.4,"e1gfedr1stnr","0","FAAt707","BEA_API"
1931,86,"Federal",14.8,"e1gfedr1stnr","0","FAAt707","BEA_API"
1932,86,"Federal",14.8,"e1gfedr1stnr","0","FAAt707","BEA_API"
1933,86,"Federal",14.5,"e1gfedr1stnr","0","FAAt707","BEA_API"
1934,86,"Federal",14.3,"e1gfedr1stnr","0","FAAt707","BEA_API"
1935,86,"Federal",13.8,"e1gfedr1stnr","0","FAAt707","BEA_API"
1936,86,"Federal",13.5,"e1gfedr1stnr","0","FAAt707","BEA_API"
1937,86,"Federal",13.3,"e1gfedr1stnr","0","FAAt707","BEA_API"
1938,86,"Federal",13.3,"e1gfedr1stnr","0","FAAt707","BEA_API"
1939,86,"Federal",13.4,"e1gfedr1stnr","0","FAAt707","BEA_API"
1940,86,"Federal",13.1,"e1gfedr1stnr","0","FAAt707","BEA_API"
1941,86,"Federal",10.5,"e1gfedr1stnr","0","FAAt707","BEA_API"
1942,86,"Federal",7.2,"e1gfedr1stnr","0","FAAt707","BEA_API"
1943,86,"Federal",7,"e1gfedr1stnr","0","FAAt707","BEA_API"
1944,86,"Federal",7.5,"e1gfedr1stnr","0","FAAt707","BEA_API"
1945,86,"Federal",8.1,"e1gfedr1stnr","0","FAAt707","BEA_API"
1946,86,"Federal",9.5,"e1gfedr1stnr","0","FAAt707","BEA_API"
1947,86,"Federal",10.7,"e1gfedr1stnr","0","FAAt707","BEA_API"
1948,86,"Federal",11.5,"e1gfedr1stnr","0","FAAt707","BEA_API"
1949,86,"Federal",12.2,"e1gfedr1stnr","0","FAAt707","BEA_API"
1950,86,"Federal",12.9,"e1gfedr1stnr","0","FAAt707","BEA_API"
1951,86,"Federal",13.3,"e1gfedr1stnr","0","FAAt707","BEA_API"
1952,86,"Federal",13.5,"e1gfedr1stnr","0","FAAt707","BEA_API"
1953,86,"Federal",13.7,"e1gfedr1stnr","0","FAAt707","BEA_API"
1954,86,"Federal",14,"e1gfedr1stnr","0","FAAt707","BEA_API"
1955,86,"Federal",14.5,"e1gfedr1stnr","0","FAAt707","BEA_API"
1956,86,"Federal",14.9,"e1gfedr1stnr","0","FAAt707","BEA_API"
1957,86,"Federal",15.3,"e1gfedr1stnr","0","FAAt707","BEA_API"
1958,86,"Federal",15.7,"e1gfedr1stnr","0","FAAt707","BEA_API"
1959,86,"Federal",16.2,"e1gfedr1stnr","0","FAAt707","BEA_API"
1960,86,"Federal",16.6,"e1gfedr1stnr","0","FAAt707","BEA_API"
1961,86,"Federal",17,"e1gfedr1stnr","0","FAAt707","BEA_API"
1962,86,"Federal",17.3,"e1gfedr1stnr","0","FAAt707","BEA_API"
1963,86,"Federal",17.7,"e1gfedr1stnr","0","FAAt707","BEA_API"
1964,86,"Federal",18,"e1gfedr1stnr","0","FAAt707","BEA_API"
1965,86,"Federal",18.4,"e1gfedr1stnr","0","FAAt707","BEA_API"
1966,86,"Federal",18.8,"e1gfedr1stnr","0","FAAt707","BEA_API"
1967,86,"Federal",19.3,"e1gfedr1stnr","0","FAAt707","BEA_API"
1968,86,"Federal",19.8,"e1gfedr1stnr","0","FAAt707","BEA_API"
1969,86,"Federal",20.4,"e1gfedr1stnr","0","FAAt707","BEA_API"
1970,86,"Federal",21,"e1gfedr1stnr","0","FAAt707","BEA_API"
1971,86,"Federal",21.5,"e1gfedr1stnr","0","FAAt707","BEA_API"
1972,86,"Federal",22.1,"e1gfedr1stnr","0","FAAt707","BEA_API"
1973,86,"Federal",22.7,"e1gfedr1stnr","0","FAAt707","BEA_API"
1974,86,"Federal",23.3,"e1gfedr1stnr","0","FAAt707","BEA_API"
1975,86,"Federal",23.8,"e1gfedr1stnr","0","FAAt707","BEA_API"
1976,86,"Federal",24.4,"e1gfedr1stnr","0","FAAt707","BEA_API"
1977,86,"Federal",24.9,"e1gfedr1stnr","0","FAAt707","BEA_API"
1978,86,"Federal",25.3,"e1gfedr1stnr","0","FAAt707","BEA_API"
1979,86,"Federal",25.8,"e1gfedr1stnr","0","FAAt707","BEA_API"
1980,86,"Federal",26.3,"e1gfedr1stnr","0","FAAt707","BEA_API"
1981,86,"Federal",26.6,"e1gfedr1stnr","0","FAAt707","BEA_API"
1982,86,"Federal",27,"e1gfedr1stnr","0","FAAt707","BEA_API"
1983,86,"Federal",27.4,"e1gfedr1stnr","0","FAAt707","BEA_API"
1984,86,"Federal",27.8,"e1gfedr1stnr","0","FAAt707","BEA_API"
1985,86,"Federal",28.2,"e1gfedr1stnr","0","FAAt707","BEA_API"
1986,86,"Federal",28.6,"e1gfedr1stnr","0","FAAt707","BEA_API"
1987,86,"Federal",28.7,"e1gfedr1stnr","0","FAAt707","BEA_API"
1988,86,"Federal",29.1,"e1gfedr1stnr","0","FAAt707","BEA_API"
1989,86,"Federal",29.6,"e1gfedr1stnr","0","FAAt707","BEA_API"
1990,86,"Federal",30,"e1gfedr1stnr","0","FAAt707","BEA_API"
1991,86,"Federal",30.5,"e1gfedr1stnr","0","FAAt707","BEA_API"
1992,86,"Federal",30.9,"e1gfedr1stnr","0","FAAt707","BEA_API"
1993,86,"Federal",31.2,"e1gfedr1stnr","0","FAAt707","BEA_API"
1994,86,"Federal",31.5,"e1gfedr1stnr","0","FAAt707","BEA_API"
1995,86,"Federal",31.8,"e1gfedr1stnr","0","FAAt707","BEA_API"
1996,86,"Federal",31.8,"e1gfedr1stnr","0","FAAt707","BEA_API"
1997,86,"Federal",32.1,"e1gfedr1stnr","0","FAAt707","BEA_API"
1998,86,"Federal",32.5,"e1gfedr1stnr","0","FAAt707","BEA_API"
1999,86,"Federal",32.9,"e1gfedr1stnr","0","FAAt707","BEA_API"
2000,86,"Federal",33.4,"e1gfedr1stnr","0","FAAt707","BEA_API"
2001,86,"Federal",33.9,"e1gfedr1stnr","0","FAAt707","BEA_API"
2002,86,"Federal",34.3,"e1gfedr1stnr","0","FAAt707","BEA_API"
2003,86,"Federal",34.7,"e1gfedr1stnr","0","FAAt707","BEA_API"
2004,86,"Federal",35.2,"e1gfedr1stnr","0","FAAt707","BEA_API"
2005,86,"Federal",35.7,"e1gfedr1stnr","0","FAAt707","BEA_API"
2006,86,"Federal",36.3,"e1gfedr1stnr","0","FAAt707","BEA_API"
2007,86,"Federal",36.7,"e1gfedr1stnr","0","FAAt707","BEA_API"
2008,86,"Federal",37,"e1gfedr1stnr","0","FAAt707","BEA_API"
2009,86,"Federal",37.2,"e1gfedr1stnr","0","FAAt707","BEA_API"
2010,86,"Federal",37.3,"e1gfedr1stnr","0","FAAt707","BEA_API"
2011,86,"Federal",37.5,"e1gfedr1stnr","0","FAAt707","BEA_API"
2012,86,"Federal",37.9,"e1gfedr1stnr","0","FAAt707","BEA_API"
2013,86,"Federal",38.4,"e1gfedr1stnr","0","FAAt707","BEA_API"
2014,86,"Federal",38.9,"e1gfedr1stnr","0","FAAt707","BEA_API"
2015,86,"Federal",39.4,"e1gfedr1stnr","0","FAAt707","BEA_API"
2016,86,"Federal",39.9,"e1gfedr1stnr","0","FAAt707","BEA_API"
2017,86,"Federal",40.3,"e1gfedr1stnr","0","FAAt707","BEA_API"
2018,86,"Federal",40.8,"e1gfedr1stnr","0","FAAt707","BEA_API"
2019,86,"Federal",41.1,"e1gfedr1stnr","0","FAAt707","BEA_API"
2020,86,"Federal",41.5,"e1gfedr1stnr","0","FAAt707","BEA_API"
2021,86,"Federal",41.8,"e1gfedr1stnr","0","FAAt707","BEA_API"
2022,86,"Federal",42,"e1gfedr1stnr","0","FAAt707","BEA_API"
2023,86,"Federal",42.4,"e1gfedr1stnr","0","FAAt707","BEA_API"
2024,86,"Federal",42.7,"e1gfedr1stnr","0","FAAt707","BEA_API"
1925,87,"National defense",9.1,"e1gdefn1stnr","0","FAAt707","BEA_API"
1926,87,"National defense",10.1,"e1gdefn1stnr","0","FAAt707","BEA_API"
1927,87,"National defense",11.1,"e1gdefn1stnr","0","FAAt707","BEA_API"
1928,87,"National defense",12,"e1gdefn1stnr","0","FAAt707","BEA_API"
1929,87,"National defense",12.9,"e1gdefn1stnr","0","FAAt707","BEA_API"
1930,87,"National defense",13.8,"e1gdefn1stnr","0","FAAt707","BEA_API"
1931,87,"National defense",14.6,"e1gdefn1stnr","0","FAAt707","BEA_API"
1932,87,"National defense",15.4,"e1gdefn1stnr","0","FAAt707","BEA_API"
1933,87,"National defense",16.1,"e1gdefn1stnr","0","FAAt707","BEA_API"
1934,87,"National defense",16.7,"e1gdefn1stnr","0","FAAt707","BEA_API"
1935,87,"National defense",17.5,"e1gdefn1stnr","0","FAAt707","BEA_API"
1936,87,"National defense",17.9,"e1gdefn1stnr","0","FAAt707","BEA_API"
1937,87,"National defense",18.3,"e1gdefn1stnr","0","FAAt707","BEA_API"
1938,87,"National defense",18.5,"e1gdefn1stnr","0","FAAt707","BEA_API"
1939,87,"National defense",18.7,"e1gdefn1stnr","0","FAAt707","BEA_API"
1940,87,"National defense",17,"e1gdefn1stnr","0","FAAt707","BEA_API"
1941,87,"National defense",10.6,"e1gdefn1stnr","0","FAAt707","BEA_API"
1942,87,"National defense",5.9,"e1gdefn1stnr","0","FAAt707","BEA_API"
1943,87,"National defense",5.6,"e1gdefn1stnr","0","FAAt707","BEA_API"
1944,87,"National defense",6.1,"e1gdefn1stnr","0","FAAt707","BEA_API"
1945,87,"National defense",6.7,"e1gdefn1stnr","0","FAAt707","BEA_API"
1946,87,"National defense",7.7,"e1gdefn1stnr","0","FAAt707","BEA_API"
1947,87,"National defense",8.8,"e1gdefn1stnr","0","FAAt707","BEA_API"
1948,87,"National defense",9.7,"e1gdefn1stnr","0","FAAt707","BEA_API"
1949,87,"National defense",10.6,"e1gdefn1stnr","0","FAAt707","BEA_API"
1950,87,"National defense",11.6,"e1gdefn1stnr","0","FAAt707","BEA_API"
1951,87,"National defense",12.1,"e1gdefn1stnr","0","FAAt707","BEA_API"
1952,87,"National defense",12.3,"e1gdefn1stnr","0","FAAt707","BEA_API"
1953,87,"National defense",12.4,"e1gdefn1stnr","0","FAAt707","BEA_API"
1954,87,"National defense",12.7,"e1gdefn1stnr","0","FAAt707","BEA_API"
1955,87,"National defense",13.2,"e1gdefn1stnr","0","FAAt707","BEA_API"
1956,87,"National defense",13.7,"e1gdefn1stnr","0","FAAt707","BEA_API"
1957,87,"National defense",14.2,"e1gdefn1stnr","0","FAAt707","BEA_API"
1958,87,"National defense",14.7,"e1gdefn1stnr","0","FAAt707","BEA_API"
1959,87,"National defense",15.3,"e1gdefn1stnr","0","FAAt707","BEA_API"
1960,87,"National defense",15.9,"e1gdefn1stnr","0","FAAt707","BEA_API"
1961,87,"National defense",16.3,"e1gdefn1stnr","0","FAAt707","BEA_API"
1962,87,"National defense",16.9,"e1gdefn1stnr","0","FAAt707","BEA_API"
1963,87,"National defense",17.5,"e1gdefn1stnr","0","FAAt707","BEA_API"
1964,87,"National defense",18.2,"e1gdefn1stnr","0","FAAt707","BEA_API"
1965,87,"National defense",18.9,"e1gdefn1stnr","0","FAAt707","BEA_API"
1966,87,"National defense",19.6,"e1gdefn1stnr","0","FAAt707","BEA_API"
1967,87,"National defense",20.3,"e1gdefn1stnr","0","FAAt707","BEA_API"
1968,87,"National defense",21,"e1gdefn1stnr","0","FAAt707","BEA_API"
1969,87,"National defense",21.7,"e1gdefn1stnr","0","FAAt707","BEA_API"
1970,87,"National defense",22.4,"e1gdefn1stnr","0","FAAt707","BEA_API"
1971,87,"National defense",23,"e1gdefn1stnr","0","FAAt707","BEA_API"
1972,87,"National defense",23.7,"e1gdefn1stnr","0","FAAt707","BEA_API"
1973,87,"National defense",24.4,"e1gdefn1stnr","0","FAAt707","BEA_API"
1974,87,"National defense",25.1,"e1gdefn1stnr","0","FAAt707","BEA_API"
1975,87,"National defense",25.9,"e1gdefn1stnr","0","FAAt707","BEA_API"
1976,87,"National defense",26.7,"e1gdefn1stnr","0","FAAt707","BEA_API"
1977,87,"National defense",27.4,"e1gdefn1stnr","0","FAAt707","BEA_API"
1978,87,"National defense",28.1,"e1gdefn1stnr","0","FAAt707","BEA_API"
1979,87,"National defense",28.8,"e1gdefn1stnr","0","FAAt707","BEA_API"
1980,87,"National defense",29.5,"e1gdefn1stnr","0","FAAt707","BEA_API"
1981,87,"National defense",30.2,"e1gdefn1stnr","0","FAAt707","BEA_API"
1982,87,"National defense",30.8,"e1gdefn1stnr","0","FAAt707","BEA_API"
1983,87,"National defense",31.3,"e1gdefn1stnr","0","FAAt707","BEA_API"
1984,87,"National defense",31.8,"e1gdefn1stnr","0","FAAt707","BEA_API"
1985,87,"National defense",32.2,"e1gdefn1stnr","0","FAAt707","BEA_API"
1986,87,"National defense",32.6,"e1gdefn1stnr","0","FAAt707","BEA_API"
1987,87,"National defense",32.9,"e1gdefn1stnr","0","FAAt707","BEA_API"
1988,87,"National defense",33.3,"e1gdefn1stnr","0","FAAt707","BEA_API"
1989,87,"National defense",33.8,"e1gdefn1stnr","0","FAAt707","BEA_API"
1990,87,"National defense",34.3,"e1gdefn1stnr","0","FAAt707","BEA_API"
1991,87,"National defense",34.9,"e1gdefn1stnr","0","FAAt707","BEA_API"
1992,87,"National defense",35.4,"e1gdefn1stnr","0","FAAt707","BEA_API"
1993,87,"National defense",36,"e1gdefn1stnr","0","FAAt707","BEA_API"
1994,87,"National defense",36.6,"e1gdefn1stnr","0","FAAt707","BEA_API"
1995,87,"National defense",37,"e1gdefn1stnr","0","FAAt707","BEA_API"
1996,87,"National defense",37.5,"e1gdefn1stnr","0","FAAt707","BEA_API"
1997,87,"National defense",38.1,"e1gdefn1stnr","0","FAAt707","BEA_API"
1998,87,"National defense",38.6,"e1gdefn1stnr","0","FAAt707","BEA_API"
1999,87,"National defense",39.2,"e1gdefn1stnr","0","FAAt707","BEA_API"
2000,87,"National defense",39.8,"e1gdefn1stnr","0","FAAt707","BEA_API"
2001,87,"National defense",40.4,"e1gdefn1stnr","0","FAAt707","BEA_API"
2002,87,"National defense",40.9,"e1gdefn1stnr","0","FAAt707","BEA_API"
2003,87,"National defense",41.4,"e1gdefn1stnr","0","FAAt707","BEA_API"
2004,87,"National defense",41.9,"e1gdefn1stnr","0","FAAt707","BEA_API"
2005,87,"National defense",42.4,"e1gdefn1stnr","0","FAAt707","BEA_API"
2006,87,"National defense",42.9,"e1gdefn1stnr","0","FAAt707","BEA_API"
2007,87,"National defense",43.3,"e1gdefn1stnr","0","FAAt707","BEA_API"
2008,87,"National defense",43.4,"e1gdefn1stnr","0","FAAt707","BEA_API"
2009,87,"National defense",43.3,"e1gdefn1stnr","0","FAAt707","BEA_API"
2010,87,"National defense",43.2,"e1gdefn1stnr","0","FAAt707","BEA_API"
2011,87,"National defense",43.3,"e1gdefn1stnr","0","FAAt707","BEA_API"
2012,87,"National defense",43.9,"e1gdefn1stnr","0","FAAt707","BEA_API"
2013,87,"National defense",44.4,"e1gdefn1stnr","0","FAAt707","BEA_API"
2014,87,"National defense",45,"e1gdefn1stnr","0","FAAt707","BEA_API"
2015,87,"National defense",45.5,"e1gdefn1stnr","0","FAAt707","BEA_API"
2016,87,"National defense",46.1,"e1gdefn1stnr","0","FAAt707","BEA_API"
2017,87,"National defense",46.6,"e1gdefn1stnr","0","FAAt707","BEA_API"
2018,87,"National defense",47.4,"e1gdefn1stnr","0","FAAt707","BEA_API"
2019,87,"National defense",47.8,"e1gdefn1stnr","0","FAAt707","BEA_API"
2020,87,"National defense",48.1,"e1gdefn1stnr","0","FAAt707","BEA_API"
2021,87,"National defense",48.4,"e1gdefn1stnr","0","FAAt707","BEA_API"
2022,87,"National defense",48.8,"e1gdefn1stnr","0","FAAt707","BEA_API"
2023,87,"National defense",49,"e1gdefn1stnr","0","FAAt707","BEA_API"
2024,87,"National defense",49.1,"e1gdefn1stnr","0","FAAt707","BEA_API"
1925,88,"Nondefense",14.1,"e1gndef1stnr","0","FAAt707","BEA_API"
1926,88,"Nondefense",14.6,"e1gndef1stnr","0","FAAt707","BEA_API"
1927,88,"Nondefense",15,"e1gndef1stnr","0","FAAt707","BEA_API"
1928,88,"Nondefense",15.4,"e1gndef1stnr","0","FAAt707","BEA_API"
1929,88,"Nondefense",15.6,"e1gndef1stnr","0","FAAt707","BEA_API"
1930,88,"Nondefense",15.5,"e1gndef1stnr","0","FAAt707","BEA_API"
1931,88,"Nondefense",15,"e1gndef1stnr","0","FAAt707","BEA_API"
1932,88,"Nondefense",13.9,"e1gndef1stnr","0","FAAt707","BEA_API"
1933,88,"Nondefense",12.3,"e1gndef1stnr","0","FAAt707","BEA_API"
1934,88,"Nondefense",11.3,"e1gndef1stnr","0","FAAt707","BEA_API"
1935,88,"Nondefense",10.2,"e1gndef1stnr","0","FAAt707","BEA_API"
1936,88,"Nondefense",9.7,"e1gndef1stnr","0","FAAt707","BEA_API"
1937,88,"Nondefense",9.5,"e1gndef1stnr","0","FAAt707","BEA_API"
1938,88,"Nondefense",9.6,"e1gndef1stnr","0","FAAt707","BEA_API"
1939,88,"Nondefense",9.7,"e1gndef1stnr","0","FAAt707","BEA_API"
1940,88,"Nondefense",10,"e1gndef1stnr","0","FAAt707","BEA_API"
1941,88,"Nondefense",10.4,"e1gndef1stnr","0","FAAt707","BEA_API"
1942,88,"Nondefense",10.9,"e1gndef1stnr","0","FAAt707","BEA_API"
1943,88,"Nondefense",11.5,"e1gndef1stnr","0","FAAt707","BEA_API"
1944,88,"Nondefense",12.3,"e1gndef1stnr","0","FAAt707","BEA_API"
1945,88,"Nondefense",13,"e1gndef1stnr","0","FAAt707","BEA_API"
1946,88,"Nondefense",14.3,"e1gndef1stnr","0","FAAt707","BEA_API"
1947,88,"Nondefense",15.2,"e1gndef1stnr","0","FAAt707","BEA_API"
1948,88,"Nondefense",15.6,"e1gndef1stnr","0","FAAt707","BEA_API"
1949,88,"Nondefense",15.6,"e1gndef1stnr","0","FAAt707","BEA_API"
1950,88,"Nondefense",15.9,"e1gndef1stnr","0","FAAt707","BEA_API"
1951,88,"Nondefense",16.1,"e1gndef1stnr","0","FAAt707","BEA_API"
1952,88,"Nondefense",16.3,"e1gndef1stnr","0","FAAt707","BEA_API"
1953,88,"Nondefense",16.6,"e1gndef1stnr","0","FAAt707","BEA_API"
1954,88,"Nondefense",17,"e1gndef1stnr","0","FAAt707","BEA_API"
1955,88,"Nondefense",17.3,"e1gndef1stnr","0","FAAt707","BEA_API"
1956,88,"Nondefense",17.6,"e1gndef1stnr","0","FAAt707","BEA_API"
1957,88,"Nondefense",17.9,"e1gndef1stnr","0","FAAt707","BEA_API"
1958,88,"Nondefense",18,"e1gndef1stnr","0","FAAt707","BEA_API"
1959,88,"Nondefense",18.1,"e1gndef1stnr","0","FAAt707","BEA_API"
1960,88,"Nondefense",18.2,"e1gndef1stnr","0","FAAt707","BEA_API"
1961,88,"Nondefense",18.2,"e1gndef1stnr","0","FAAt707","BEA_API"
1962,88,"Nondefense",18.1,"e1gndef1stnr","0","FAAt707","BEA_API"
1963,88,"Nondefense",17.9,"e1gndef1stnr","0","FAAt707","BEA_API"
1964,88,"Nondefense",17.7,"e1gndef1stnr","0","FAAt707","BEA_API"
1965,88,"Nondefense",17.6,"e1gndef1stnr","0","FAAt707","BEA_API"
1966,88,"Nondefense",17.5,"e1gndef1stnr","0","FAAt707","BEA_API"
1967,88,"Nondefense",17.7,"e1gndef1stnr","0","FAAt707","BEA_API"
1968,88,"Nondefense",18,"e1gndef1stnr","0","FAAt707","BEA_API"
1969,88,"Nondefense",18.5,"e1gndef1stnr","0","FAAt707","BEA_API"
1970,88,"Nondefense",18.9,"e1gndef1stnr","0","FAAt707","BEA_API"
1971,88,"Nondefense",19.4,"e1gndef1stnr","0","FAAt707","BEA_API"
1972,88,"Nondefense",19.7,"e1gndef1stnr","0","FAAt707","BEA_API"
1973,88,"Nondefense",20,"e1gndef1stnr","0","FAAt707","BEA_API"
1974,88,"Nondefense",20.3,"e1gndef1stnr","0","FAAt707","BEA_API"
1975,88,"Nondefense",20.7,"e1gndef1stnr","0","FAAt707","BEA_API"
1976,88,"Nondefense",21.1,"e1gndef1stnr","0","FAAt707","BEA_API"
1977,88,"Nondefense",21.4,"e1gndef1stnr","0","FAAt707","BEA_API"
1978,88,"Nondefense",21.6,"e1gndef1stnr","0","FAAt707","BEA_API"
1979,88,"Nondefense",21.8,"e1gndef1stnr","0","FAAt707","BEA_API"
1980,88,"Nondefense",22.2,"e1gndef1stnr","0","FAAt707","BEA_API"
1981,88,"Nondefense",22.4,"e1gndef1stnr","0","FAAt707","BEA_API"
1982,88,"Nondefense",22.7,"e1gndef1stnr","0","FAAt707","BEA_API"
1983,88,"Nondefense",23,"e1gndef1stnr","0","FAAt707","BEA_API"
1984,88,"Nondefense",23.3,"e1gndef1stnr","0","FAAt707","BEA_API"
1985,88,"Nondefense",23.6,"e1gndef1stnr","0","FAAt707","BEA_API"
1986,88,"Nondefense",23.9,"e1gndef1stnr","0","FAAt707","BEA_API"
1987,88,"Nondefense",24.1,"e1gndef1stnr","0","FAAt707","BEA_API"
1988,88,"Nondefense",24.5,"e1gndef1stnr","0","FAAt707","BEA_API"
1989,88,"Nondefense",25,"e1gndef1stnr","0","FAAt707","BEA_API"
1990,88,"Nondefense",25.3,"e1gndef1stnr","0","FAAt707","BEA_API"
1991,88,"Nondefense",25.6,"e1gndef1stnr","0","FAAt707","BEA_API"
1992,88,"Nondefense",25.8,"e1gndef1stnr","0","FAAt707","BEA_API"
1993,88,"Nondefense",26,"e1gndef1stnr","0","FAAt707","BEA_API"
1994,88,"Nondefense",26.2,"e1gndef1stnr","0","FAAt707","BEA_API"
1995,88,"Nondefense",26.3,"e1gndef1stnr","0","FAAt707","BEA_API"
1996,88,"Nondefense",26,"e1gndef1stnr","0","FAAt707","BEA_API"
1997,88,"Nondefense",26.3,"e1gndef1stnr","0","FAAt707","BEA_API"
1998,88,"Nondefense",26.5,"e1gndef1stnr","0","FAAt707","BEA_API"
1999,88,"Nondefense",26.8,"e1gndef1stnr","0","FAAt707","BEA_API"
2000,88,"Nondefense",27.2,"e1gndef1stnr","0","FAAt707","BEA_API"
2001,88,"Nondefense",27.7,"e1gndef1stnr","0","FAAt707","BEA_API"
2002,88,"Nondefense",28.1,"e1gndef1stnr","0","FAAt707","BEA_API"
2003,88,"Nondefense",28.6,"e1gndef1stnr","0","FAAt707","BEA_API"
2004,88,"Nondefense",29,"e1gndef1stnr","0","FAAt707","BEA_API"
2005,88,"Nondefense",29.6,"e1gndef1stnr","0","FAAt707","BEA_API"
2006,88,"Nondefense",30.1,"e1gndef1stnr","0","FAAt707","BEA_API"
2007,88,"Nondefense",30.4,"e1gndef1stnr","0","FAAt707","BEA_API"
2008,88,"Nondefense",31,"e1gndef1stnr","0","FAAt707","BEA_API"
2009,88,"Nondefense",31.5,"e1gndef1stnr","0","FAAt707","BEA_API"
2010,88,"Nondefense",31.8,"e1gndef1stnr","0","FAAt707","BEA_API"
2011,88,"Nondefense",32.1,"e1gndef1stnr","0","FAAt707","BEA_API"
2012,88,"Nondefense",32.5,"e1gndef1stnr","0","FAAt707","BEA_API"
2013,88,"Nondefense",32.9,"e1gndef1stnr","0","FAAt707","BEA_API"
2014,88,"Nondefense",33.4,"e1gndef1stnr","0","FAAt707","BEA_API"
2015,88,"Nondefense",33.8,"e1gndef1stnr","0","FAAt707","BEA_API"
2016,88,"Nondefense",34.2,"e1gndef1stnr","0","FAAt707","BEA_API"
2017,88,"Nondefense",34.6,"e1gndef1stnr","0","FAAt707","BEA_API"
2018,88,"Nondefense",35,"e1gndef1stnr","0","FAAt707","BEA_API"
2019,88,"Nondefense",35.3,"e1gndef1stnr","0","FAAt707","BEA_API"
2020,88,"Nondefense",35.6,"e1gndef1stnr","0","FAAt707","BEA_API"
2021,88,"Nondefense",36.1,"e1gndef1stnr","0","FAAt707","BEA_API"
2022,88,"Nondefense",36.5,"e1gndef1stnr","0","FAAt707","BEA_API"
2023,88,"Nondefense",36.9,"e1gndef1stnr","0","FAAt707","BEA_API"
2024,88,"Nondefense",37.3,"e1gndef1stnr","0","FAAt707","BEA_API"
1925,89,"State and local",11,"e1gstlc1stnr","0","FAAt707","BEA_API"
1926,89,"State and local",11.3,"e1gstlc1stnr","0","FAAt707","BEA_API"
1927,89,"State and local",11.4,"e1gstlc1stnr","0","FAAt707","BEA_API"
1928,89,"State and local",11.5,"e1gstlc1stnr","0","FAAt707","BEA_API"
1929,89,"State and local",11.7,"e1gstlc1stnr","0","FAAt707","BEA_API"
1930,89,"State and local",11.7,"e1gstlc1stnr","0","FAAt707","BEA_API"
1931,89,"State and local",11.8,"e1gstlc1stnr","0","FAAt707","BEA_API"
1932,89,"State and local",12.1,"e1gstlc1stnr","0","FAAt707","BEA_API"
1933,89,"State and local",12.5,"e1gstlc1stnr","0","FAAt707","BEA_API"
1934,89,"State and local",12.9,"e1gstlc1stnr","0","FAAt707","BEA_API"
1935,89,"State and local",13.4,"e1gstlc1stnr","0","FAAt707","BEA_API"
1936,89,"State and local",13.5,"e1gstlc1stnr","0","FAAt707","BEA_API"
1937,89,"State and local",13.8,"e1gstlc1stnr","0","FAAt707","BEA_API"
1938,89,"State and local",14,"e1gstlc1stnr","0","FAAt707","BEA_API"
1939,89,"State and local",14.1,"e1gstlc1stnr","0","FAAt707","BEA_API"
1940,89,"State and local",14.4,"e1gstlc1stnr","0","FAAt707","BEA_API"
1941,89,"State and local",14.8,"e1gstlc1stnr","0","FAAt707","BEA_API"
1942,89,"State and local",15.4,"e1gstlc1stnr","0","FAAt707","BEA_API"
1943,89,"State and local",16.2,"e1gstlc1stnr","0","FAAt707","BEA_API"
1944,89,"State and local",17.1,"e1gstlc1stnr","0","FAAt707","BEA_API"
1945,89,"State and local",18,"e1gstlc1stnr","0","FAAt707","BEA_API"
1946,89,"State and local",18.7,"e1gstlc1stnr","0","FAAt707","BEA_API"
1947,89,"State and local",19.3,"e1gstlc1stnr","0","FAAt707","BEA_API"
1948,89,"State and local",19.6,"e1gstlc1stnr","0","FAAt707","BEA_API"
1949,89,"State and local",19.7,"e1gstlc1stnr","0","FAAt707","BEA_API"
1950,89,"State and local",19.6,"e1gstlc1stnr","0","FAAt707","BEA_API"
1951,89,"State and local",19.6,"e1gstlc1stnr","0","FAAt707","BEA_API"
1952,89,"State and local",19.6,"e1gstlc1stnr","0","FAAt707","BEA_API"
1953,89,"State and local",19.6,"e1gstlc1stnr","0","FAAt707","BEA_API"
1954,89,"State and local",19.3,"e1gstlc1stnr","0","FAAt707","BEA_API"
1955,89,"State and local",19,"e1gstlc1stnr","0","FAAt707","BEA_API"
1956,89,"State and local",18.8,"e1gstlc1stnr","0","FAAt707","BEA_API"
1957,89,"State and local",18.5,"e1gstlc1stnr","0","FAAt707","BEA_API"
1958,89,"State and local",18.3,"e1gstlc1stnr","0","FAAt707","BEA_API"
1959,89,"State and local",18,"e1gstlc1stnr","0","FAAt707","BEA_API"
1960,89,"State and local",17.9,"e1gstlc1stnr","0","FAAt707","BEA_API"
1961,89,"State and local",17.7,"e1gstlc1stnr","0","FAAt707","BEA_API"
1962,89,"State and local",17.5,"e1gstlc1stnr","0","FAAt707","BEA_API"
1963,89,"State and local",17.3,"e1gstlc1stnr","0","FAAt707","BEA_API"
1964,89,"State and local",17.1,"e1gstlc1stnr","0","FAAt707","BEA_API"
1965,89,"State and local",16.9,"e1gstlc1stnr","0","FAAt707","BEA_API"
1966,89,"State and local",16.7,"e1gstlc1stnr","0","FAAt707","BEA_API"
1967,89,"State and local",16.5,"e1gstlc1stnr","0","FAAt707","BEA_API"
1968,89,"State and local",16.3,"e1gstlc1stnr","0","FAAt707","BEA_API"
1969,89,"State and local",16.3,"e1gstlc1stnr","0","FAAt707","BEA_API"
1970,89,"State and local",16.4,"e1gstlc1stnr","0","FAAt707","BEA_API"
1971,89,"State and local",16.5,"e1gstlc1stnr","0","FAAt707","BEA_API"
1972,89,"State and local",16.7,"e1gstlc1stnr","0","FAAt707","BEA_API"
1973,89,"State and local",16.9,"e1gstlc1stnr","0","FAAt707","BEA_API"
1974,89,"State and local",17.1,"e1gstlc1stnr","0","FAAt707","BEA_API"
1975,89,"State and local",17.4,"e1gstlc1stnr","0","FAAt707","BEA_API"
1976,89,"State and local",17.7,"e1gstlc1stnr","0","FAAt707","BEA_API"
1977,89,"State and local",18,"e1gstlc1stnr","0","FAAt707","BEA_API"
1978,89,"State and local",18.2,"e1gstlc1stnr","0","FAAt707","BEA_API"
1979,89,"State and local",18.4,"e1gstlc1stnr","0","FAAt707","BEA_API"
1980,89,"State and local",18.7,"e1gstlc1stnr","0","FAAt707","BEA_API"
1981,89,"State and local",19,"e1gstlc1stnr","0","FAAt707","BEA_API"
1982,89,"State and local",19.4,"e1gstlc1stnr","0","FAAt707","BEA_API"
1983,89,"State and local",19.7,"e1gstlc1stnr","0","FAAt707","BEA_API"
1984,89,"State and local",20,"e1gstlc1stnr","0","FAAt707","BEA_API"
1985,89,"State and local",20.3,"e1gstlc1stnr","0","FAAt707","BEA_API"
1986,89,"State and local",20.5,"e1gstlc1stnr","0","FAAt707","BEA_API"
1987,89,"State and local",20.7,"e1gstlc1stnr","0","FAAt707","BEA_API"
1988,89,"State and local",20.9,"e1gstlc1stnr","0","FAAt707","BEA_API"
1989,89,"State and local",21,"e1gstlc1stnr","0","FAAt707","BEA_API"
1990,89,"State and local",21.1,"e1gstlc1stnr","0","FAAt707","BEA_API"
1991,89,"State and local",21.2,"e1gstlc1stnr","0","FAAt707","BEA_API"
1992,89,"State and local",21.3,"e1gstlc1stnr","0","FAAt707","BEA_API"
1993,89,"State and local",21.5,"e1gstlc1stnr","0","FAAt707","BEA_API"
1994,89,"State and local",21.7,"e1gstlc1stnr","0","FAAt707","BEA_API"
1995,89,"State and local",21.8,"e1gstlc1stnr","0","FAAt707","BEA_API"
1996,89,"State and local",21.9,"e1gstlc1stnr","0","FAAt707","BEA_API"
1997,89,"State and local",22,"e1gstlc1stnr","0","FAAt707","BEA_API"
1998,89,"State and local",22,"e1gstlc1stnr","0","FAAt707","BEA_API"
1999,89,"State and local",22.1,"e1gstlc1stnr","0","FAAt707","BEA_API"
2000,89,"State and local",22.1,"e1gstlc1stnr","0","FAAt707","BEA_API"
2001,89,"State and local",22.1,"e1gstlc1stnr","0","FAAt707","BEA_API"
2002,89,"State and local",22.1,"e1gstlc1stnr","0","FAAt707","BEA_API"
2003,89,"State and local",22,"e1gstlc1stnr","0","FAAt707","BEA_API"
2004,89,"State and local",22.1,"e1gstlc1stnr","0","FAAt707","BEA_API"
2005,89,"State and local",22.2,"e1gstlc1stnr","0","FAAt707","BEA_API"
2006,89,"State and local",22.3,"e1gstlc1stnr","0","FAAt707","BEA_API"
2007,89,"State and local",22.4,"e1gstlc1stnr","0","FAAt707","BEA_API"
2008,89,"State and local",22.6,"e1gstlc1stnr","0","FAAt707","BEA_API"
2009,89,"State and local",22.7,"e1gstlc1stnr","0","FAAt707","BEA_API"
2010,89,"State and local",23,"e1gstlc1stnr","0","FAAt707","BEA_API"
2011,89,"State and local",23.2,"e1gstlc1stnr","0","FAAt707","BEA_API"
2012,89,"State and local",23.5,"e1gstlc1stnr","0","FAAt707","BEA_API"
2013,89,"State and local",23.8,"e1gstlc1stnr","0","FAAt707","BEA_API"
2014,89,"State and local",24.2,"e1gstlc1stnr","0","FAAt707","BEA_API"
2015,89,"State and local",24.4,"e1gstlc1stnr","0","FAAt707","BEA_API"
2016,89,"State and local",24.7,"e1gstlc1stnr","0","FAAt707","BEA_API"
2017,89,"State and local",25,"e1gstlc1stnr","0","FAAt707","BEA_API"
2018,89,"State and local",25.2,"e1gstlc1stnr","0","FAAt707","BEA_API"
2019,89,"State and local",25.4,"e1gstlc1stnr","0","FAAt707","BEA_API"
2020,89,"State and local",25.7,"e1gstlc1stnr","0","FAAt707","BEA_API"
2021,89,"State and local",26,"e1gstlc1stnr","0","FAAt707","BEA_API"
2022,89,"State and local",26.3,"e1gstlc1stnr","0","FAAt707","BEA_API"
2023,89,"State and local",26.6,"e1gstlc1stnr","0","FAAt707","BEA_API"
2024,89,"State and local",26.7,"e1gstlc1stnr","0","FAAt707","BEA_API"
1925,90,"Intellectual property products",2.4,"e1gtotl1ip00","0","FAAt707","BEA_API"
1926,90,"Intellectual property products",2.7,"e1gtotl1ip00","0","FAAt707","BEA_API"
1927,90,"Intellectual property products",2.9,"e1gtotl1ip00","0","FAAt707","BEA_API"
1928,90,"Intellectual property products",3.2,"e1gtotl1ip00","0","FAAt707","BEA_API"
1929,90,"Intellectual property products",2.8,"e1gtotl1ip00","0","FAAt707","BEA_API"
1930,90,"Intellectual property products",2.6,"e1gtotl1ip00","0","FAAt707","BEA_API"
1931,90,"Intellectual property products",2.5,"e1gtotl1ip00","0","FAAt707","BEA_API"
1932,90,"Intellectual property products",2.4,"e1gtotl1ip00","0","FAAt707","BEA_API"
1933,90,"Intellectual property products",2.6,"e1gtotl1ip00","0","FAAt707","BEA_API"
1934,90,"Intellectual property products",2.9,"e1gtotl1ip00","0","FAAt707","BEA_API"
1935,90,"Intellectual property products",3.2,"e1gtotl1ip00","0","FAAt707","BEA_API"
1936,90,"Intellectual property products",3.4,"e1gtotl1ip00","0","FAAt707","BEA_API"
1937,90,"Intellectual property products",3.6,"e1gtotl1ip00","0","FAAt707","BEA_API"
1938,90,"Intellectual property products",3.8,"e1gtotl1ip00","0","FAAt707","BEA_API"
1939,90,"Intellectual property products",3.9,"e1gtotl1ip00","0","FAAt707","BEA_API"
1940,90,"Intellectual property products",4,"e1gtotl1ip00","0","FAAt707","BEA_API"
1941,90,"Intellectual property products",3.4,"e1gtotl1ip00","0","FAAt707","BEA_API"
1942,90,"Intellectual property products",2.9,"e1gtotl1ip00","0","FAAt707","BEA_API"
1943,90,"Intellectual property products",2.5,"e1gtotl1ip00","0","FAAt707","BEA_API"
1944,90,"Intellectual property products",2.3,"e1gtotl1ip00","0","FAAt707","BEA_API"
1945,90,"Intellectual property products",2.4,"e1gtotl1ip00","0","FAAt707","BEA_API"
1946,90,"Intellectual property products",2.7,"e1gtotl1ip00","0","FAAt707","BEA_API"
1947,90,"Intellectual property products",2.9,"e1gtotl1ip00","0","FAAt707","BEA_API"
1948,90,"Intellectual property products",3.1,"e1gtotl1ip00","0","FAAt707","BEA_API"
1949,90,"Intellectual property products",3.3,"e1gtotl1ip00","0","FAAt707","BEA_API"
1950,90,"Intellectual property products",3.4,"e1gtotl1ip00","0","FAAt707","BEA_API"
1951,90,"Intellectual property products",3.6,"e1gtotl1ip00","0","FAAt707","BEA_API"
1952,90,"Intellectual property products",3.7,"e1gtotl1ip00","0","FAAt707","BEA_API"
1953,90,"Intellectual property products",3.7,"e1gtotl1ip00","0","FAAt707","BEA_API"
1954,90,"Intellectual property products",3.7,"e1gtotl1ip00","0","FAAt707","BEA_API"
1955,90,"Intellectual property products",3.7,"e1gtotl1ip00","0","FAAt707","BEA_API"
1956,90,"Intellectual property products",3.5,"e1gtotl1ip00","0","FAAt707","BEA_API"
1957,90,"Intellectual property products",3.4,"e1gtotl1ip00","0","FAAt707","BEA_API"
1958,90,"Intellectual property products",3.4,"e1gtotl1ip00","0","FAAt707","BEA_API"
1959,90,"Intellectual property products",3.4,"e1gtotl1ip00","0","FAAt707","BEA_API"
1960,90,"Intellectual property products",3.5,"e1gtotl1ip00","0","FAAt707","BEA_API"
1961,90,"Intellectual property products",3.5,"e1gtotl1ip00","0","FAAt707","BEA_API"
1962,90,"Intellectual property products",3.5,"e1gtotl1ip00","0","FAAt707","BEA_API"
1963,90,"Intellectual property products",3.4,"e1gtotl1ip00","0","FAAt707","BEA_API"
1964,90,"Intellectual property products",3.4,"e1gtotl1ip00","0","FAAt707","BEA_API"
1965,90,"Intellectual property products",3.4,"e1gtotl1ip00","0","FAAt707","BEA_API"
1966,90,"Intellectual property products",3.5,"e1gtotl1ip00","0","FAAt707","BEA_API"
1967,90,"Intellectual property products",3.5,"e1gtotl1ip00","0","FAAt707","BEA_API"
1968,90,"Intellectual property products",3.7,"e1gtotl1ip00","0","FAAt707","BEA_API"
1969,90,"Intellectual property products",3.8,"e1gtotl1ip00","0","FAAt707","BEA_API"
1970,90,"Intellectual property products",4.1,"e1gtotl1ip00","0","FAAt707","BEA_API"
1971,90,"Intellectual property products",4.3,"e1gtotl1ip00","0","FAAt707","BEA_API"
1972,90,"Intellectual property products",4.5,"e1gtotl1ip00","0","FAAt707","BEA_API"
1973,90,"Intellectual property products",4.8,"e1gtotl1ip00","0","FAAt707","BEA_API"
1974,90,"Intellectual property products",5,"e1gtotl1ip00","0","FAAt707","BEA_API"
1975,90,"Intellectual property products",5.2,"e1gtotl1ip00","0","FAAt707","BEA_API"
1976,90,"Intellectual property products",5.4,"e1gtotl1ip00","0","FAAt707","BEA_API"
1977,90,"Intellectual property products",5.6,"e1gtotl1ip00","0","FAAt707","BEA_API"
1978,90,"Intellectual property products",5.7,"e1gtotl1ip00","0","FAAt707","BEA_API"
1979,90,"Intellectual property products",5.8,"e1gtotl1ip00","0","FAAt707","BEA_API"
1980,90,"Intellectual property products",5.9,"e1gtotl1ip00","0","FAAt707","BEA_API"
1981,90,"Intellectual property products",6,"e1gtotl1ip00","0","FAAt707","BEA_API"
1982,90,"Intellectual property products",6.1,"e1gtotl1ip00","0","FAAt707","BEA_API"
1983,90,"Intellectual property products",6.1,"e1gtotl1ip00","0","FAAt707","BEA_API"
1984,90,"Intellectual property products",6.1,"e1gtotl1ip00","0","FAAt707","BEA_API"
1985,90,"Intellectual property products",6.1,"e1gtotl1ip00","0","FAAt707","BEA_API"
1986,90,"Intellectual property products",6.1,"e1gtotl1ip00","0","FAAt707","BEA_API"
1987,90,"Intellectual property products",6,"e1gtotl1ip00","0","FAAt707","BEA_API"
1988,90,"Intellectual property products",6.1,"e1gtotl1ip00","0","FAAt707","BEA_API"
1989,90,"Intellectual property products",6.1,"e1gtotl1ip00","0","FAAt707","BEA_API"
1990,90,"Intellectual property products",6.2,"e1gtotl1ip00","0","FAAt707","BEA_API"
1991,90,"Intellectual property products",6.3,"e1gtotl1ip00","0","FAAt707","BEA_API"
1992,90,"Intellectual property products",6.4,"e1gtotl1ip00","0","FAAt707","BEA_API"
1993,90,"Intellectual property products",6.5,"e1gtotl1ip00","0","FAAt707","BEA_API"
1994,90,"Intellectual property products",6.7,"e1gtotl1ip00","0","FAAt707","BEA_API"
1995,90,"Intellectual property products",6.8,"e1gtotl1ip00","0","FAAt707","BEA_API"
1996,90,"Intellectual property products",6.9,"e1gtotl1ip00","0","FAAt707","BEA_API"
1997,90,"Intellectual property products",7,"e1gtotl1ip00","0","FAAt707","BEA_API"
1998,90,"Intellectual property products",7,"e1gtotl1ip00","0","FAAt707","BEA_API"
1999,90,"Intellectual property products",7,"e1gtotl1ip00","0","FAAt707","BEA_API"
2000,90,"Intellectual property products",7,"e1gtotl1ip00","0","FAAt707","BEA_API"
2001,90,"Intellectual property products",7,"e1gtotl1ip00","0","FAAt707","BEA_API"
2002,90,"Intellectual property products",6.9,"e1gtotl1ip00","0","FAAt707","BEA_API"
2003,90,"Intellectual property products",6.9,"e1gtotl1ip00","0","FAAt707","BEA_API"
2004,90,"Intellectual property products",6.8,"e1gtotl1ip00","0","FAAt707","BEA_API"
2005,90,"Intellectual property products",6.7,"e1gtotl1ip00","0","FAAt707","BEA_API"
2006,90,"Intellectual property products",6.7,"e1gtotl1ip00","0","FAAt707","BEA_API"
2007,90,"Intellectual property products",6.6,"e1gtotl1ip00","0","FAAt707","BEA_API"
2008,90,"Intellectual property products",6.6,"e1gtotl1ip00","0","FAAt707","BEA_API"
2009,90,"Intellectual property products",6.6,"e1gtotl1ip00","0","FAAt707","BEA_API"
2010,90,"Intellectual property products",6.7,"e1gtotl1ip00","0","FAAt707","BEA_API"
2011,90,"Intellectual property products",6.7,"e1gtotl1ip00","0","FAAt707","BEA_API"
2012,90,"Intellectual property products",6.7,"e1gtotl1ip00","0","FAAt707","BEA_API"
2013,90,"Intellectual property products",6.8,"e1gtotl1ip00","0","FAAt707","BEA_API"
2014,90,"Intellectual property products",6.9,"e1gtotl1ip00","0","FAAt707","BEA_API"
2015,90,"Intellectual property products",6.9,"e1gtotl1ip00","0","FAAt707","BEA_API"
2016,90,"Intellectual property products",7,"e1gtotl1ip00","0","FAAt707","BEA_API"
2017,90,"Intellectual property products",7,"e1gtotl1ip00","0","FAAt707","BEA_API"
2018,90,"Intellectual property products",7,"e1gtotl1ip00","0","FAAt707","BEA_API"
2019,90,"Intellectual property products",6.9,"e1gtotl1ip00","0","FAAt707","BEA_API"
2020,90,"Intellectual property products",6.9,"e1gtotl1ip00","0","FAAt707","BEA_API"
2021,90,"Intellectual property products",6.7,"e1gtotl1ip00","0","FAAt707","BEA_API"
2022,90,"Intellectual property products",6.6,"e1gtotl1ip00","0","FAAt707","BEA_API"
2023,90,"Intellectual property products",6.5,"e1gtotl1ip00","0","FAAt707","BEA_API"
2024,90,"Intellectual property products",6.5,"e1gtotl1ip00","0","FAAt707","BEA_API"
