"year","line_number","line_desc","value","series_code","unit","table_name","source"
1929,1,"Gross value added of corporate business",54806,"A451RC","6","T11400","BEA_API"
1930,1,"Gross value added of corporate business",48178,"A451RC","6","T11400","BEA_API"
1931,1,"Gross value added of corporate business",37846,"A451RC","6","T11400","BEA_API"
1932,1,"Gross value added of corporate business",27861,"A451RC","6","T11400","BEA_API"
1933,1,"Gross value added of corporate business",26876,"A451RC","6","T11400","BEA_API"
1934,1,"Gross value added of corporate business",33500,"A451RC","6","T11400","BEA_API"
1935,1,"Gross value added of corporate business",37147,"A451RC","6","T11400","BEA_API"
1936,1,"Gross value added of corporate business",42724,"A451RC","6","T11400","BEA_API"
1937,1,"Gross value added of corporate business",48339,"A451RC","6","T11400","BEA_API"
1938,1,"Gross value added of corporate business",43000,"A451RC","6","T11400","BEA_API"
1939,1,"Gross value added of corporate business",47323,"A451RC","6","T11400","BEA_API"
1940,1,"Gross value added of corporate business",54105,"A451RC","6","T11400","BEA_API"
1941,1,"Gross value added of corporate business",69955,"A451RC","6","T11400","BEA_API"
1942,1,"Gross value added of corporate business",87478,"A451RC","6","T11400","BEA_API"
1943,1,"Gross value added of corporate business",103482,"A451RC","6","T11400","BEA_API"
1944,1,"Gross value added of corporate business",107266,"A451RC","6","T11400","BEA_API"
1945,1,"Gross value added of corporate business",100821,"A451RC","6","T11400","BEA_API"
1946,1,"Gross value added of corporate business",105807,"A451RC","6","T11400","BEA_API"
1947,1,"Gross value added of corporate business",127503,"A451RC","6","T11400","BEA_API"
1948,1,"Gross value added of corporate business",146063,"A451RC","6","T11400","BEA_API"
1949,1,"Gross value added of corporate business",143022,"A451RC","6","T11400","BEA_API"
1950,1,"Gross value added of corporate business",162114,"A451RC","6","T11400","BEA_API"
1951,1,"Gross value added of corporate business",185791,"A451RC","6","T11400","BEA_API"
1952,1,"Gross value added of corporate business",195027,"A451RC","6","T11400","BEA_API"
1953,1,"Gross value added of corporate business",209184,"A451RC","6","T11400","BEA_API"
1954,1,"Gross value added of corporate business",206865,"A451RC","6","T11400","BEA_API"
1955,1,"Gross value added of corporate business",233051,"A451RC","6","T11400","BEA_API"
1956,1,"Gross value added of corporate business",250053,"A451RC","6","T11400","BEA_API"
1957,1,"Gross value added of corporate business",261661,"A451RC","6","T11400","BEA_API"
1958,1,"Gross value added of corporate business",256831,"A451RC","6","T11400","BEA_API"
1959,1,"Gross value added of corporate business",287446,"A451RC","6","T11400","BEA_API"
1960,1,"Gross value added of corporate business",299879,"A451RC","6","T11400","BEA_API"
1961,1,"Gross value added of corporate business",308729,"A451RC","6","T11400","BEA_API"
1962,1,"Gross value added of corporate business",335950,"A451RC","6","T11400","BEA_API"
1963,1,"Gross value added of corporate business",357362,"A451RC","6","T11400","BEA_API"
1964,1,"Gross value added of corporate business",385982,"A451RC","6","T11400","BEA_API"
1965,1,"Gross value added of corporate business",423777,"A451RC","6","T11400","BEA_API"
1966,1,"Gross value added of corporate business",465090,"A451RC","6","T11400","BEA_API"
1967,1,"Gross value added of corporate business",491172,"A451RC","6","T11400","BEA_API"
1968,1,"Gross value added of corporate business",542111,"A451RC","6","T11400","BEA_API"
1969,1,"Gross value added of corporate business",590653,"A451RC","6","T11400","BEA_API"
1970,1,"Gross value added of corporate business",612127,"A451RC","6","T11400","BEA_API"
1971,1,"Gross value added of corporate business",660922,"A451RC","6","T11400","BEA_API"
1972,1,"Gross value added of corporate business",732902,"A451RC","6","T11400","BEA_API"
1973,1,"Gross value added of corporate business",820208,"A451RC","6","T11400","BEA_API"
1974,1,"Gross value added of corporate business",889579,"A451RC","6","T11400","BEA_API"
1975,1,"Gross value added of corporate business",965545,"A451RC","6","T11400","BEA_API"
1976,1,"Gross value added of corporate business",1087308,"A451RC","6","T11400","BEA_API"
1977,1,"Gross value added of corporate business",1232519,"A451RC","6","T11400","BEA_API"
1978,1,"Gross value added of corporate business",1406890,"A451RC","6","T11400","BEA_API"
1979,1,"Gross value added of corporate business",1564355,"A451RC","6","T11400","BEA_API"
1980,1,"Gross value added of corporate business",1702381,"A451RC","6","T11400","BEA_API"
1981,1,"Gross value added of corporate business",1935130,"A451RC","6","T11400","BEA_API"
1982,1,"Gross value added of corporate business",2018565,"A451RC","6","T11400","BEA_API"
1983,1,"Gross value added of corporate business",2172454,"A451RC","6","T11400","BEA_API"
1984,1,"Gross value added of corporate business",2434777,"A451RC","6","T11400","BEA_API"
1985,1,"Gross value added of corporate business",2601493,"A451RC","6","T11400","BEA_API"
1986,1,"Gross value added of corporate business",2706772,"A451RC","6","T11400","BEA_API"
1987,1,"Gross value added of corporate business",2895133,"A451RC","6","T11400","BEA_API"
1988,1,"Gross value added of corporate business",3142537,"A451RC","6","T11400","BEA_API"
1989,1,"Gross value added of corporate business",3320147,"A451RC","6","T11400","BEA_API"
1990,1,"Gross value added of corporate business",3467335,"A451RC","6","T11400","BEA_API"
1991,1,"Gross value added of corporate business",3554697,"A451RC","6","T11400","BEA_API"
1992,1,"Gross value added of corporate business",3742365,"A451RC","6","T11400","BEA_API"
1993,1,"Gross value added of corporate business",3918863,"A451RC","6","T11400","BEA_API"
1994,1,"Gross value added of corporate business",4210085,"A451RC","6","T11400","BEA_API"
1995,1,"Gross value added of corporate business",4474232,"A451RC","6","T11400","BEA_API"
1996,1,"Gross value added of corporate business",4770205,"A451RC","6","T11400","BEA_API"
1997,1,"Gross value added of corporate business",5143154,"A451RC","6","T11400","BEA_API"
1998,1,"Gross value added of corporate business",5474446,"A451RC","6","T11400","BEA_API"
1999,1,"Gross value added of corporate business",5802061,"A451RC","6","T11400","BEA_API"
2000,1,"Gross value added of corporate business",6216190,"A451RC","6","T11400","BEA_API"
2001,1,"Gross value added of corporate business",6202593,"A451RC","6","T11400","BEA_API"
2002,1,"Gross value added of corporate business",6298540,"A451RC","6","T11400","BEA_API"
2003,1,"Gross value added of corporate business",6524950,"A451RC","6","T11400","BEA_API"
2004,1,"Gross value added of corporate business",6960008,"A451RC","6","T11400","BEA_API"
2005,1,"Gross value added of corporate business",7485433,"A451RC","6","T11400","BEA_API"
2006,1,"Gross value added of corporate business",8029316,"A451RC","6","T11400","BEA_API"
2007,1,"Gross value added of corporate business",8199258,"A451RC","6","T11400","BEA_API"
2008,1,"Gross value added of corporate business",8108788,"A451RC","6","T11400","BEA_API"
2009,1,"Gross value added of corporate business",7817337,"A451RC","6","T11400","BEA_API"
2010,1,"Gross value added of corporate business",8236992,"A451RC","6","T11400","BEA_API"
2011,1,"Gross value added of corporate business",8623024,"A451RC","6","T11400","BEA_API"
2012,1,"Gross value added of corporate business",9173994,"A451RC","6","T11400","BEA_API"
2013,1,"Gross value added of corporate business",9456941,"A451RC","6","T11400","BEA_API"
2014,1,"Gross value added of corporate business",10046512,"A451RC","6","T11400","BEA_API"
2015,1,"Gross value added of corporate business",10489514,"A451RC","6","T11400","BEA_API"
2016,1,"Gross value added of corporate business",10684384,"A451RC","6","T11400","BEA_API"
2017,1,"Gross value added of corporate business",11132703,"A451RC","6","T11400","BEA_API"
2018,1,"Gross value added of corporate business",11796349,"A451RC","6","T11400","BEA_API"
2019,1,"Gross value added of corporate business",12332556,"A451RC","6","T11400","BEA_API"
2020,1,"Gross value added of corporate business",12095295,"A451RC","6","T11400","BEA_API"
2021,1,"Gross value added of corporate business",13818844,"A451RC","6","T11400","BEA_API"
2022,1,"Gross value added of corporate business",15322598,"A451RC","6","T11400","BEA_API"
2023,1,"Gross value added of corporate business",16125928,"A451RC","6","T11400","BEA_API"
2024,1,"Gross value added of corporate business",16961079,"A451RC","6","T11400","BEA_API"
2025,1,"Gross value added of corporate business",17885075,"A451RC","6","T11400","BEA_API"
1929,2,"Consumption of fixed capital",5228,"A438RC","6","T11400","BEA_API"
1930,2,"Consumption of fixed capital",5080,"A438RC","6","T11400","BEA_API"
1931,2,"Consumption of fixed capital",4752,"A438RC","6","T11400","BEA_API"
1932,2,"Consumption of fixed capital",4240,"A438RC","6","T11400","BEA_API"
1933,2,"Consumption of fixed capital",4008,"A438RC","6","T11400","BEA_API"
1934,2,"Consumption of fixed capital",4104,"A438RC","6","T11400","BEA_API"
1935,2,"Consumption of fixed capital",4184,"A438RC","6","T11400","BEA_API"
1936,2,"Consumption of fixed capital",4248,"A438RC","6","T11400","BEA_API"
1937,2,"Consumption of fixed capital",4744,"A438RC","6","T11400","BEA_API"
1938,2,"Consumption of fixed capital",4820,"A438RC","6","T11400","BEA_API"
1939,2,"Consumption of fixed capital",4824,"A438RC","6","T11400","BEA_API"
1940,2,"Consumption of fixed capital",5040,"A438RC","6","T11400","BEA_API"
1941,2,"Consumption of fixed capital",5584,"A438RC","6","T11400","BEA_API"
1942,2,"Consumption of fixed capital",6388,"A438RC","6","T11400","BEA_API"
1943,2,"Consumption of fixed capital",6552,"A438RC","6","T11400","BEA_API"
1944,2,"Consumption of fixed capital",6748,"A438RC","6","T11400","BEA_API"
1945,2,"Consumption of fixed capital",6968,"A438RC","6","T11400","BEA_API"
1946,2,"Consumption of fixed capital",8000,"A438RC","6","T11400","BEA_API"
1947,2,"Consumption of fixed capital",9796,"A438RC","6","T11400","BEA_API"
1948,2,"Consumption of fixed capital",11488,"A438RC","6","T11400","BEA_API"
1949,2,"Consumption of fixed capital",12412,"A438RC","6","T11400","BEA_API"
1950,2,"Consumption of fixed capital",13288,"A438RC","6","T11400","BEA_API"
1951,2,"Consumption of fixed capital",15136,"A438RC","6","T11400","BEA_API"
1952,2,"Consumption of fixed capital",16116,"A438RC","6","T11400","BEA_API"
1953,2,"Consumption of fixed capital",17300,"A438RC","6","T11400","BEA_API"
1954,2,"Consumption of fixed capital",18340,"A438RC","6","T11400","BEA_API"
1955,2,"Consumption of fixed capital",19560,"A438RC","6","T11400","BEA_API"
1956,2,"Consumption of fixed capital",22088,"A438RC","6","T11400","BEA_API"
1957,2,"Consumption of fixed capital",24564,"A438RC","6","T11400","BEA_API"
1958,2,"Consumption of fixed capital",26396,"A438RC","6","T11400","BEA_API"
1959,2,"Consumption of fixed capital",27620,"A438RC","6","T11400","BEA_API"
1960,2,"Consumption of fixed capital",28488,"A438RC","6","T11400","BEA_API"
1961,2,"Consumption of fixed capital",29524,"A438RC","6","T11400","BEA_API"
1962,2,"Consumption of fixed capital",30836,"A438RC","6","T11400","BEA_API"
1963,2,"Consumption of fixed capital",32416,"A438RC","6","T11400","BEA_API"
1964,2,"Consumption of fixed capital",34412,"A438RC","6","T11400","BEA_API"
1965,2,"Consumption of fixed capital",37140,"A438RC","6","T11400","BEA_API"
1966,2,"Consumption of fixed capital",40860,"A438RC","6","T11400","BEA_API"
1967,2,"Consumption of fixed capital",45096,"A438RC","6","T11400","BEA_API"
1968,2,"Consumption of fixed capital",49992,"A438RC","6","T11400","BEA_API"
1969,2,"Consumption of fixed capital",55704,"A438RC","6","T11400","BEA_API"
1970,2,"Consumption of fixed capital",61804,"A438RC","6","T11400","BEA_API"
1971,2,"Consumption of fixed capital",67620,"A438RC","6","T11400","BEA_API"
1972,2,"Consumption of fixed capital",73440,"A438RC","6","T11400","BEA_API"
1973,2,"Consumption of fixed capital",81980,"A438RC","6","T11400","BEA_API"
1974,2,"Consumption of fixed capital",96040,"A438RC","6","T11400","BEA_API"
1975,2,"Consumption of fixed capital",113516,"A438RC","6","T11400","BEA_API"
1976,2,"Consumption of fixed capital",125028,"A438RC","6","T11400","BEA_API"
1977,2,"Consumption of fixed capital",140456,"A438RC","6","T11400","BEA_API"
1978,2,"Consumption of fixed capital",159276,"A438RC","6","T11400","BEA_API"
1979,2,"Consumption of fixed capital",183352,"A438RC","6","T11400","BEA_API"
1980,2,"Consumption of fixed capital",212088,"A438RC","6","T11400","BEA_API"
1981,2,"Consumption of fixed capital",244880,"A438RC","6","T11400","BEA_API"
1982,2,"Consumption of fixed capital",272520,"A438RC","6","T11400","BEA_API"
1983,2,"Consumption of fixed capital",285876,"A438RC","6","T11400","BEA_API"
1984,2,"Consumption of fixed capital",303168,"A438RC","6","T11400","BEA_API"
1985,2,"Consumption of fixed capital",326864,"A438RC","6","T11400","BEA_API"
1986,2,"Consumption of fixed capital",349868,"A438RC","6","T11400","BEA_API"
1987,2,"Consumption of fixed capital",371292,"A438RC","6","T11400","BEA_API"
1988,2,"Consumption of fixed capital",399856,"A438RC","6","T11400","BEA_API"
1989,2,"Consumption of fixed capital",427148,"A438RC","6","T11400","BEA_API"
1990,2,"Consumption of fixed capital",454688,"A438RC","6","T11400","BEA_API"
1991,2,"Consumption of fixed capital",479628,"A438RC","6","T11400","BEA_API"
1992,2,"Consumption of fixed capital",494348,"A438RC","6","T11400","BEA_API"
1993,2,"Consumption of fixed capital",517188,"A438RC","6","T11400","BEA_API"
1994,2,"Consumption of fixed capital",547584,"A438RC","6","T11400","BEA_API"
1995,2,"Consumption of fixed capital",590428,"A438RC","6","T11400","BEA_API"
1996,2,"Consumption of fixed capital",626332,"A438RC","6","T11400","BEA_API"
1997,2,"Consumption of fixed capital",670056,"A438RC","6","T11400","BEA_API"
1998,2,"Consumption of fixed capital",714988,"A438RC","6","T11400","BEA_API"
1999,2,"Consumption of fixed capital",769632,"A438RC","6","T11400","BEA_API"
2000,2,"Consumption of fixed capital",838608,"A438RC","6","T11400","BEA_API"
2001,2,"Consumption of fixed capital",888584,"A438RC","6","T11400","BEA_API"
2002,2,"Consumption of fixed capital",914587,"A438RC","6","T11400","BEA_API"
2003,2,"Consumption of fixed capital",932541,"A438RC","6","T11400","BEA_API"
2004,2,"Consumption of fixed capital",973014,"A438RC","6","T11400","BEA_API"
2005,2,"Consumption of fixed capital",1042069,"A438RC","6","T11400","BEA_API"
2006,2,"Consumption of fixed capital",1119303,"A438RC","6","T11400","BEA_API"
2007,2,"Consumption of fixed capital",1188944,"A438RC","6","T11400","BEA_API"
2008,2,"Consumption of fixed capital",1256741,"A438RC","6","T11400","BEA_API"
2009,2,"Consumption of fixed capital",1263659,"A438RC","6","T11400","BEA_API"
2010,2,"Consumption of fixed capital",1270714,"A438RC","6","T11400","BEA_API"
2011,2,"Consumption of fixed capital",1324537,"A438RC","6","T11400","BEA_API"
2012,2,"Consumption of fixed capital",1392029,"A438RC","6","T11400","BEA_API"
2013,2,"Consumption of fixed capital",1447694,"A438RC","6","T11400","BEA_API"
2014,2,"Consumption of fixed capital",1524311,"A438RC","6","T11400","BEA_API"
2015,2,"Consumption of fixed capital",1587221,"A438RC","6","T11400","BEA_API"
2016,2,"Consumption of fixed capital",1629907,"A438RC","6","T11400","BEA_API"
2017,2,"Consumption of fixed capital",1709313,"A438RC","6","T11400","BEA_API"
2018,2,"Consumption of fixed capital",1793566,"A438RC","6","T11400","BEA_API"
2019,2,"Consumption of fixed capital",1891831,"A438RC","6","T11400","BEA_API"
2020,2,"Consumption of fixed capital",1968202,"A438RC","6","T11400","BEA_API"
2021,2,"Consumption of fixed capital",2070269,"A438RC","6","T11400","BEA_API"
2022,2,"Consumption of fixed capital",2287902,"A438RC","6","T11400","BEA_API"
2023,2,"Consumption of fixed capital",2447353,"A438RC","6","T11400","BEA_API"
2024,2,"Consumption of fixed capital",2583318,"A438RC","6","T11400","BEA_API"
2025,2,"Consumption of fixed capital",2742753,"A438RC","6","T11400","BEA_API"
1929,3,"Net value added",49578,"A439RC","6","T11400","BEA_API"
1930,3,"Net value added",43098,"A439RC","6","T11400","BEA_API"
1931,3,"Net value added",33094,"A439RC","6","T11400","BEA_API"
1932,3,"Net value added",23621,"A439RC","6","T11400","BEA_API"
1933,3,"Net value added",22868,"A439RC","6","T11400","BEA_API"
1934,3,"Net value added",29396,"A439RC","6","T11400","BEA_API"
1935,3,"Net value added",32963,"A439RC","6","T11400","BEA_API"
1936,3,"Net value added",38476,"A439RC","6","T11400","BEA_API"
1937,3,"Net value added",43595,"A439RC","6","T11400","BEA_API"
1938,3,"Net value added",38180,"A439RC","6","T11400","BEA_API"
1939,3,"Net value added",42499,"A439RC","6","T11400","BEA_API"
1940,3,"Net value added",49065,"A439RC","6","T11400","BEA_API"
1941,3,"Net value added",64371,"A439RC","6","T11400","BEA_API"
1942,3,"Net value added",81090,"A439RC","6","T11400","BEA_API"
1943,3,"Net value added",96930,"A439RC","6","T11400","BEA_API"
1944,3,"Net value added",100518,"A439RC","6","T11400","BEA_API"
1945,3,"Net value added",93853,"A439RC","6","T11400","BEA_API"
1946,3,"Net value added",97807,"A439RC","6","T11400","BEA_API"
1947,3,"Net value added",117707,"A439RC","6","T11400","BEA_API"
1948,3,"Net value added",134575,"A439RC","6","T11400","BEA_API"
1949,3,"Net value added",130610,"A439RC","6","T11400","BEA_API"
1950,3,"Net value added",148826,"A439RC","6","T11400","BEA_API"
1951,3,"Net value added",170655,"A439RC","6","T11400","BEA_API"
1952,3,"Net value added",178911,"A439RC","6","T11400","BEA_API"
1953,3,"Net value added",191884,"A439RC","6","T11400","BEA_API"
1954,3,"Net value added",188525,"A439RC","6","T11400","BEA_API"
1955,3,"Net value added",213491,"A439RC","6","T11400","BEA_API"
1956,3,"Net value added",227965,"A439RC","6","T11400","BEA_API"
1957,3,"Net value added",237097,"A439RC","6","T11400","BEA_API"
1958,3,"Net value added",230435,"A439RC","6","T11400","BEA_API"
1959,3,"Net value added",259826,"A439RC","6","T11400","BEA_API"
1960,3,"Net value added",271391,"A439RC","6","T11400","BEA_API"
1961,3,"Net value added",279205,"A439RC","6","T11400","BEA_API"
1962,3,"Net value added",305114,"A439RC","6","T11400","BEA_API"
1963,3,"Net value added",324946,"A439RC","6","T11400","BEA_API"
1964,3,"Net value added",351570,"A439RC","6","T11400","BEA_API"
1965,3,"Net value added",386637,"A439RC","6","T11400","BEA_API"
1966,3,"Net value added",424230,"A439RC","6","T11400","BEA_API"
1967,3,"Net value added",446076,"A439RC","6","T11400","BEA_API"
1968,3,"Net value added",492119,"A439RC","6","T11400","BEA_API"
1969,3,"Net value added",534949,"A439RC","6","T11400","BEA_API"
1970,3,"Net value added",550323,"A439RC","6","T11400","BEA_API"
1971,3,"Net value added",593302,"A439RC","6","T11400","BEA_API"
1972,3,"Net value added",659462,"A439RC","6","T11400","BEA_API"
1973,3,"Net value added",738228,"A439RC","6","T11400","BEA_API"
1974,3,"Net value added",793539,"A439RC","6","T11400","BEA_API"
1975,3,"Net value added",852029,"A439RC","6","T11400","BEA_API"
1976,3,"Net value added",962280,"A439RC","6","T11400","BEA_API"
1977,3,"Net value added",1092063,"A439RC","6","T11400","BEA_API"
1978,3,"Net value added",1247614,"A439RC","6","T11400","BEA_API"
1979,3,"Net value added",1381003,"A439RC","6","T11400","BEA_API"
1980,3,"Net value added",1490293,"A439RC","6","T11400","BEA_API"
1981,3,"Net value added",1690250,"A439RC","6","T11400","BEA_API"
1982,3,"Net value added",1746045,"A439RC","6","T11400","BEA_API"
1983,3,"Net value added",1886578,"A439RC","6","T11400","BEA_API"
1984,3,"Net value added",2131609,"A439RC","6","T11400","BEA_API"
1985,3,"Net value added",2274629,"A439RC","6","T11400","BEA_API"
1986,3,"Net value added",2356904,"A439RC","6","T11400","BEA_API"
1987,3,"Net value added",2523841,"A439RC","6","T11400","BEA_API"
1988,3,"Net value added",2742681,"A439RC","6","T11400","BEA_API"
1989,3,"Net value added",2892999,"A439RC","6","T11400","BEA_API"
1990,3,"Net value added",3012647,"A439RC","6","T11400","BEA_API"
1991,3,"Net value added",3075069,"A439RC","6","T11400","BEA_API"
1992,3,"Net value added",3248017,"A439RC","6","T11400","BEA_API"
1993,3,"Net value added",3401675,"A439RC","6","T11400","BEA_API"
1994,3,"Net value added",3662501,"A439RC","6","T11400","BEA_API"
1995,3,"Net value added",3883804,"A439RC","6","T11400","BEA_API"
1996,3,"Net value added",4143873,"A439RC","6","T11400","BEA_API"
1997,3,"Net value added",4473098,"A439RC","6","T11400","BEA_API"
1998,3,"Net value added",4759458,"A439RC","6","T11400","BEA_API"
1999,3,"Net value added",5032429,"A439RC","6","T11400","BEA_API"
2000,3,"Net value added",5377582,"A439RC","6","T11400","BEA_API"
2001,3,"Net value added",5314009,"A439RC","6","T11400","BEA_API"
2002,3,"Net value added",5383953,"A439RC","6","T11400","BEA_API"
2003,3,"Net value added",5592409,"A439RC","6","T11400","BEA_API"
2004,3,"Net value added",5986994,"A439RC","6","T11400","BEA_API"
2005,3,"Net value added",6443365,"A439RC","6","T11400","BEA_API"
2006,3,"Net value added",6910013,"A439RC","6","T11400","BEA_API"
2007,3,"Net value added",7010314,"A439RC","6","T11400","BEA_API"
2008,3,"Net value added",6852047,"A439RC","6","T11400","BEA_API"
2009,3,"Net value added",6553678,"A439RC","6","T11400","BEA_API"
2010,3,"Net value added",6966278,"A439RC","6","T11400","BEA_API"
2011,3,"Net value added",7298487,"A439RC","6","T11400","BEA_API"
2012,3,"Net value added",7781965,"A439RC","6","T11400","BEA_API"
2013,3,"Net value added",8009247,"A439RC","6","T11400","BEA_API"
2014,3,"Net value added",8522202,"A439RC","6","T11400","BEA_API"
2015,3,"Net value added",8902292,"A439RC","6","T11400","BEA_API"
2016,3,"Net value added",9054477,"A439RC","6","T11400","BEA_API"
2017,3,"Net value added",9423390,"A439RC","6","T11400","BEA_API"
2018,3,"Net value added",10002784,"A439RC","6","T11400","BEA_API"
2019,3,"Net value added",10440725,"A439RC","6","T11400","BEA_API"
2020,3,"Net value added",10127094,"A439RC","6","T11400","BEA_API"
2021,3,"Net value added",11748575,"A439RC","6","T11400","BEA_API"
2022,3,"Net value added",13034696,"A439RC","6","T11400","BEA_API"
2023,3,"Net value added",13678575,"A439RC","6","T11400","BEA_API"
2024,3,"Net value added",14377761,"A439RC","6","T11400","BEA_API"
2025,3,"Net value added",15142321,"A439RC","6","T11400","BEA_API"
1929,4,"Compensation of employees",34242,"A442RC","6","T11400","BEA_API"
1930,4,"Compensation of employees",30808,"A442RC","6","T11400","BEA_API"
1931,4,"Compensation of employees",25369,"A442RC","6","T11400","BEA_API"
1932,4,"Compensation of employees",19013,"A442RC","6","T11400","BEA_API"
1933,4,"Compensation of employees",18002,"A442RC","6","T11400","BEA_API"
1934,4,"Compensation of employees",21045,"A442RC","6","T11400","BEA_API"
1935,4,"Compensation of employees",23056,"A442RC","6","T11400","BEA_API"
1936,4,"Compensation of employees",26274,"A442RC","6","T11400","BEA_API"
1937,4,"Compensation of employees",30548,"A442RC","6","T11400","BEA_API"
1938,4,"Compensation of employees",27266,"A442RC","6","T11400","BEA_API"
1939,4,"Compensation of employees",29816,"A442RC","6","T11400","BEA_API"
1940,4,"Compensation of employees",32856,"A442RC","6","T11400","BEA_API"
1941,4,"Compensation of employees",41598,"A442RC","6","T11400","BEA_API"
1942,4,"Compensation of employees",52849,"A442RC","6","T11400","BEA_API"
1943,4,"Compensation of employees",64141,"A442RC","6","T11400","BEA_API"
1944,4,"Compensation of employees",67074,"A442RC","6","T11400","BEA_API"
1945,4,"Compensation of employees",64069,"A442RC","6","T11400","BEA_API"
1946,4,"Compensation of employees",69854,"A442RC","6","T11400","BEA_API"
1947,4,"Compensation of employees",82136,"A442RC","6","T11400","BEA_API"
1948,4,"Compensation of employees",91111,"A442RC","6","T11400","BEA_API"
1949,4,"Compensation of employees",88798,"A442RC","6","T11400","BEA_API"
1950,4,"Compensation of employees",98654,"A442RC","6","T11400","BEA_API"
1951,4,"Compensation of employees",114553,"A442RC","6","T11400","BEA_API"
1952,4,"Compensation of employees",123015,"A442RC","6","T11400","BEA_API"
1953,4,"Compensation of employees",133985,"A442RC","6","T11400","BEA_API"
1954,4,"Compensation of employees",132212,"A442RC","6","T11400","BEA_API"
1955,4,"Compensation of employees",144625,"A442RC","6","T11400","BEA_API"
1956,4,"Compensation of employees",158175,"A442RC","6","T11400","BEA_API"
1957,4,"Compensation of employees",166500,"A442RC","6","T11400","BEA_API"
1958,4,"Compensation of employees",163977,"A442RC","6","T11400","BEA_API"
1959,4,"Compensation of employees",180289,"A442RC","6","T11400","BEA_API"
1960,4,"Compensation of employees",190689,"A442RC","6","T11400","BEA_API"
1961,4,"Compensation of employees",195554,"A442RC","6","T11400","BEA_API"
1962,4,"Compensation of employees",210997,"A442RC","6","T11400","BEA_API"
1963,4,"Compensation of employees",222667,"A442RC","6","T11400","BEA_API"
1964,4,"Compensation of employees",239180,"A442RC","6","T11400","BEA_API"
1965,4,"Compensation of employees",259864,"A442RC","6","T11400","BEA_API"
1966,4,"Compensation of employees",288528,"A442RC","6","T11400","BEA_API"
1967,4,"Compensation of employees",308418,"A442RC","6","T11400","BEA_API"
1968,4,"Compensation of employees",340182,"A442RC","6","T11400","BEA_API"
1969,4,"Compensation of employees",377454,"A442RC","6","T11400","BEA_API"
1970,4,"Compensation of employees",398010,"A442RC","6","T11400","BEA_API"
1971,4,"Compensation of employees",421650,"A442RC","6","T11400","BEA_API"
1972,4,"Compensation of employees",468170,"A442RC","6","T11400","BEA_API"
1973,4,"Compensation of employees",526064,"A442RC","6","T11400","BEA_API"
1974,4,"Compensation of employees",577322,"A442RC","6","T11400","BEA_API"
1975,4,"Compensation of employees",607817,"A442RC","6","T11400","BEA_API"
1976,4,"Compensation of employees",682786,"A442RC","6","T11400","BEA_API"
1977,4,"Compensation of employees",771696,"A442RC","6","T11400","BEA_API"
1978,4,"Compensation of employees",884698,"A442RC","6","T11400","BEA_API"
1979,4,"Compensation of employees",1004441,"A442RC","6","T11400","BEA_API"
1980,4,"Compensation of employees",1102003,"A442RC","6","T11400","BEA_API"
1981,4,"Compensation of employees",1220566,"A442RC","6","T11400","BEA_API"
1982,4,"Compensation of employees",1275114,"A442RC","6","T11400","BEA_API"
1983,4,"Compensation of employees",1352980,"A442RC","6","T11400","BEA_API"
1984,4,"Compensation of employees",1501072,"A442RC","6","T11400","BEA_API"
1985,4,"Compensation of employees",1615931,"A442RC","6","T11400","BEA_API"
1986,4,"Compensation of employees",1723353,"A442RC","6","T11400","BEA_API"
1987,4,"Compensation of employees",1847640,"A442RC","6","T11400","BEA_API"
1988,4,"Compensation of employees",2002309,"A442RC","6","T11400","BEA_API"
1989,4,"Compensation of employees",2119332,"A442RC","6","T11400","BEA_API"
1990,4,"Compensation of employees",2234926,"A442RC","6","T11400","BEA_API"
1991,4,"Compensation of employees",2277820,"A442RC","6","T11400","BEA_API"
1992,4,"Compensation of employees",2420482,"A442RC","6","T11400","BEA_API"
1993,4,"Compensation of employees",2515738,"A442RC","6","T11400","BEA_API"
1994,4,"Compensation of employees",2649014,"A442RC","6","T11400","BEA_API"
1995,4,"Compensation of employees",2787890,"A442RC","6","T11400","BEA_API"
1996,4,"Compensation of employees",2953697,"A442RC","6","T11400","BEA_API"
1997,4,"Compensation of employees",3176578,"A442RC","6","T11400","BEA_API"
1998,4,"Compensation of employees",3447481,"A442RC","6","T11400","BEA_API"
1999,4,"Compensation of employees",3684312,"A442RC","6","T11400","BEA_API"
2000,4,"Compensation of employees",4008927,"A442RC","6","T11400","BEA_API"
2001,4,"Compensation of employees",4013811,"A442RC","6","T11400","BEA_API"
2002,4,"Compensation of employees",3972742,"A442RC","6","T11400","BEA_API"
2003,4,"Compensation of employees",4040875,"A442RC","6","T11400","BEA_API"
2004,4,"Compensation of employees",4240204,"A442RC","6","T11400","BEA_API"
2005,4,"Compensation of employees",4442988,"A442RC","6","T11400","BEA_API"
2006,4,"Compensation of employees",4681230,"A442RC","6","T11400","BEA_API"
2007,4,"Compensation of employees",4894238,"A442RC","6","T11400","BEA_API"
2008,4,"Compensation of employees",4940328,"A442RC","6","T11400","BEA_API"
2009,4,"Compensation of employees",4607471,"A442RC","6","T11400","BEA_API"
2010,4,"Compensation of employees",4700760,"A442RC","6","T11400","BEA_API"
2011,4,"Compensation of employees",4927979,"A442RC","6","T11400","BEA_API"
2012,4,"Compensation of employees",5182659,"A442RC","6","T11400","BEA_API"
2013,4,"Compensation of employees",5356731,"A442RC","6","T11400","BEA_API"
2014,4,"Compensation of employees",5648214,"A442RC","6","T11400","BEA_API"
2015,4,"Compensation of employees",5949841,"A442RC","6","T11400","BEA_API"
2016,4,"Compensation of employees",6109709,"A442RC","6","T11400","BEA_API"
2017,4,"Compensation of employees",6432103,"A442RC","6","T11400","BEA_API"
2018,4,"Compensation of employees",6780648,"A442RC","6","T11400","BEA_API"
2019,4,"Compensation of employees",7108215,"A442RC","6","T11400","BEA_API"
2020,4,"Compensation of employees",7167961,"A442RC","6","T11400","BEA_API"
2021,4,"Compensation of employees",7883565,"A442RC","6","T11400","BEA_API"
2022,4,"Compensation of employees",8504055,"A442RC","6","T11400","BEA_API"
2023,4,"Compensation of employees",8960619,"A442RC","6","T11400","BEA_API"
2024,4,"Compensation of employees",9443321,"A442RC","6","T11400","BEA_API"
2025,4,"Compensation of employees",9891479,"A442RC","6","T11400","BEA_API"
1929,5,"Wages and salaries",33818,"A443RC","6","T11400","BEA_API"
1930,5,"Wages and salaries",30399,"A443RC","6","T11400","BEA_API"
1931,5,"Wages and salaries",24996,"A443RC","6","T11400","BEA_API"
1932,5,"Wages and salaries",18690,"A443RC","6","T11400","BEA_API"
1933,5,"Wages and salaries",17706,"A443RC","6","T11400","BEA_API"
1934,5,"Wages and salaries",20714,"A443RC","6","T11400","BEA_API"
1935,5,"Wages and salaries",22697,"A443RC","6","T11400","BEA_API"
1936,5,"Wages and salaries",25645,"A443RC","6","T11400","BEA_API"
1937,5,"Wages and salaries",29256,"A443RC","6","T11400","BEA_API"
1938,5,"Wages and salaries",25848,"A443RC","6","T11400","BEA_API"
1939,5,"Wages and salaries",28288,"A443RC","6","T11400","BEA_API"
1940,5,"Wages and salaries",31218,"A443RC","6","T11400","BEA_API"
1941,5,"Wages and salaries",39612,"A443RC","6","T11400","BEA_API"
1942,5,"Wages and salaries",50520,"A443RC","6","T11400","BEA_API"
1943,5,"Wages and salaries",61311,"A443RC","6","T11400","BEA_API"
1944,5,"Wages and salaries",63907,"A443RC","6","T11400","BEA_API"
1945,5,"Wages and salaries",60916,"A443RC","6","T11400","BEA_API"
1946,5,"Wages and salaries",66473,"A443RC","6","T11400","BEA_API"
1947,5,"Wages and salaries",77991,"A443RC","6","T11400","BEA_API"
1948,5,"Wages and salaries",86899,"A443RC","6","T11400","BEA_API"
1949,5,"Wages and salaries",84390,"A443RC","6","T11400","BEA_API"
1950,5,"Wages and salaries",92989,"A443RC","6","T11400","BEA_API"
1951,5,"Wages and salaries",107533,"A443RC","6","T11400","BEA_API"
1952,5,"Wages and salaries",115490,"A443RC","6","T11400","BEA_API"
1953,5,"Wages and salaries",125801,"A443RC","6","T11400","BEA_API"
1954,5,"Wages and salaries",123600,"A443RC","6","T11400","BEA_API"
1955,5,"Wages and salaries",134819,"A443RC","6","T11400","BEA_API"
1956,5,"Wages and salaries",147005,"A443RC","6","T11400","BEA_API"
1957,5,"Wages and salaries",154027,"A443RC","6","T11400","BEA_API"
1958,5,"Wages and salaries",151393,"A443RC","6","T11400","BEA_API"
1959,5,"Wages and salaries",165640,"A443RC","6","T11400","BEA_API"
1960,5,"Wages and salaries",174456,"A443RC","6","T11400","BEA_API"
1961,5,"Wages and salaries",178685,"A443RC","6","T11400","BEA_API"
1962,5,"Wages and salaries",191821,"A443RC","6","T11400","BEA_API"
1963,5,"Wages and salaries",201917,"A443RC","6","T11400","BEA_API"
1964,5,"Wages and salaries",216750,"A443RC","6","T11400","BEA_API"
1965,5,"Wages and salaries",235153,"A443RC","6","T11400","BEA_API"
1966,5,"Wages and salaries",259249,"A443RC","6","T11400","BEA_API"
1967,5,"Wages and salaries",277066,"A443RC","6","T11400","BEA_API"
1968,5,"Wages and salaries",305414,"A443RC","6","T11400","BEA_API"
1969,5,"Wages and salaries",338028,"A443RC","6","T11400","BEA_API"
1970,5,"Wages and salaries",355982,"A443RC","6","T11400","BEA_API"
1971,5,"Wages and salaries",376191,"A443RC","6","T11400","BEA_API"
1972,5,"Wages and salaries",414773,"A443RC","6","T11400","BEA_API"
1973,5,"Wages and salaries",464577,"A443RC","6","T11400","BEA_API"
1974,5,"Wages and salaries",508899,"A443RC","6","T11400","BEA_API"
1975,5,"Wages and salaries",528426,"A443RC","6","T11400","BEA_API"
1976,5,"Wages and salaries",591170,"A443RC","6","T11400","BEA_API"
1977,5,"Wages and salaries",662696,"A443RC","6","T11400","BEA_API"
1978,5,"Wages and salaries",756219,"A443RC","6","T11400","BEA_API"
1979,5,"Wages and salaries",855631,"A443RC","6","T11400","BEA_API"
1980,5,"Wages and salaries",935607,"A443RC","6","T11400","BEA_API"
1981,5,"Wages and salaries",1033425,"A443RC","6","T11400","BEA_API"
1982,5,"Wages and salaries",1073098,"A443RC","6","T11400","BEA_API"
1983,5,"Wages and salaries",1132638,"A443RC","6","T11400","BEA_API"
1984,5,"Wages and salaries",1256796,"A443RC","6","T11400","BEA_API"
1985,5,"Wages and salaries",1351389,"A443RC","6","T11400","BEA_API"
1986,5,"Wages and salaries",1432276,"A443RC","6","T11400","BEA_API"
1987,5,"Wages and salaries",1536556,"A443RC","6","T11400","BEA_API"
1988,5,"Wages and salaries",1666051,"A443RC","6","T11400","BEA_API"
1989,5,"Wages and salaries",1756511,"A443RC","6","T11400","BEA_API"
1990,5,"Wages and salaries",1849276,"A443RC","6","T11400","BEA_API"
1991,5,"Wages and salaries",1875310,"A443RC","6","T11400","BEA_API"
1992,5,"Wages and salaries",1977815,"A443RC","6","T11400","BEA_API"
1993,5,"Wages and salaries",2049051,"A443RC","6","T11400","BEA_API"
1994,5,"Wages and salaries",2160314,"A443RC","6","T11400","BEA_API"
1995,5,"Wages and salaries",2296100,"A443RC","6","T11400","BEA_API"
1996,5,"Wages and salaries",2448245,"A443RC","6","T11400","BEA_API"
1997,5,"Wages and salaries",2650834,"A443RC","6","T11400","BEA_API"
1998,5,"Wages and salaries",2883173,"A443RC","6","T11400","BEA_API"
1999,5,"Wages and salaries",3092422,"A443RC","6","T11400","BEA_API"
2000,5,"Wages and salaries",3363793,"A443RC","6","T11400","BEA_API"
2001,5,"Wages and salaries",3352267,"A443RC","6","T11400","BEA_API"
2002,5,"Wages and salaries",3295427,"A443RC","6","T11400","BEA_API"
2003,5,"Wages and salaries",3335709,"A443RC","6","T11400","BEA_API"
2004,5,"Wages and salaries",3502114,"A443RC","6","T11400","BEA_API"
2005,5,"Wages and salaries",3663800,"A443RC","6","T11400","BEA_API"
2006,5,"Wages and salaries",3883943,"A443RC","6","T11400","BEA_API"
2007,5,"Wages and salaries",4069648,"A443RC","6","T11400","BEA_API"
2008,5,"Wages and salaries",4106365,"A443RC","6","T11400","BEA_API"
2009,5,"Wages and salaries",3813943,"A443RC","6","T11400","BEA_API"
2010,5,"Wages and salaries",3896781,"A443RC","6","T11400","BEA_API"
2011,5,"Wages and salaries",4095854,"A443RC","6","T11400","BEA_API"
2012,5,"Wages and salaries",4323265,"A443RC","6","T11400","BEA_API"
2013,5,"Wages and salaries",4461282,"A443RC","6","T11400","BEA_API"
2014,5,"Wages and salaries",4722332,"A443RC","6","T11400","BEA_API"
2015,5,"Wages and salaries",4984286,"A443RC","6","T11400","BEA_API"
2016,5,"Wages and salaries",5130665,"A443RC","6","T11400","BEA_API"
2017,5,"Wages and salaries",5395611,"A443RC","6","T11400","BEA_API"
2018,5,"Wages and salaries",5681782,"A443RC","6","T11400","BEA_API"
2019,5,"Wages and salaries",5967980,"A443RC","6","T11400","BEA_API"
2020,5,"Wages and salaries",6049783,"A443RC","6","T11400","BEA_API"
2021,5,"Wages and salaries",6678085,"A443RC","6","T11400","BEA_API"
2022,5,"Wages and salaries",7232466,"A443RC","6","T11400","BEA_API"
2023,5,"Wages and salaries",7599293,"A443RC","6","T11400","BEA_API"
2024,5,"Wages and salaries",7993400,"A443RC","6","T11400","BEA_API"
2025,5,"Wages and salaries",8364494,"A443RC","6","T11400","BEA_API"
1929,6,"Supplements to wages and salaries",424,"A444RC","6","T11400","BEA_API"
1930,6,"Supplements to wages and salaries",409,"A444RC","6","T11400","BEA_API"
1931,6,"Supplements to wages and salaries",373,"A444RC","6","T11400","BEA_API"
1932,6,"Supplements to wages and salaries",323,"A444RC","6","T11400","BEA_API"
1933,6,"Supplements to wages and salaries",296,"A444RC","6","T11400","BEA_API"
1934,6,"Supplements to wages and salaries",331,"A444RC","6","T11400","BEA_API"
1935,6,"Supplements to wages and salaries",359,"A444RC","6","T11400","BEA_API"
1936,6,"Supplements to wages and salaries",629,"A444RC","6","T11400","BEA_API"
1937,6,"Supplements to wages and salaries",1292,"A444RC","6","T11400","BEA_API"
1938,6,"Supplements to wages and salaries",1418,"A444RC","6","T11400","BEA_API"
1939,6,"Supplements to wages and salaries",1528,"A444RC","6","T11400","BEA_API"
1940,6,"Supplements to wages and salaries",1638,"A444RC","6","T11400","BEA_API"
1941,6,"Supplements to wages and salaries",1986,"A444RC","6","T11400","BEA_API"
1942,6,"Supplements to wages and salaries",2329,"A444RC","6","T11400","BEA_API"
1943,6,"Supplements to wages and salaries",2830,"A444RC","6","T11400","BEA_API"
1944,6,"Supplements to wages and salaries",3167,"A444RC","6","T11400","BEA_API"
1945,6,"Supplements to wages and salaries",3153,"A444RC","6","T11400","BEA_API"
1946,6,"Supplements to wages and salaries",3381,"A444RC","6","T11400","BEA_API"
1947,6,"Supplements to wages and salaries",4145,"A444RC","6","T11400","BEA_API"
1948,6,"Supplements to wages and salaries",4212,"A444RC","6","T11400","BEA_API"
1949,6,"Supplements to wages and salaries",4408,"A444RC","6","T11400","BEA_API"
1950,6,"Supplements to wages and salaries",5665,"A444RC","6","T11400","BEA_API"
1951,6,"Supplements to wages and salaries",7020,"A444RC","6","T11400","BEA_API"
1952,6,"Supplements to wages and salaries",7525,"A444RC","6","T11400","BEA_API"
1953,6,"Supplements to wages and salaries",8184,"A444RC","6","T11400","BEA_API"
1954,6,"Supplements to wages and salaries",8612,"A444RC","6","T11400","BEA_API"
1955,6,"Supplements to wages and salaries",9806,"A444RC","6","T11400","BEA_API"
1956,6,"Supplements to wages and salaries",11170,"A444RC","6","T11400","BEA_API"
1957,6,"Supplements to wages and salaries",12473,"A444RC","6","T11400","BEA_API"
1958,6,"Supplements to wages and salaries",12584,"A444RC","6","T11400","BEA_API"
1959,6,"Supplements to wages and salaries",14649,"A444RC","6","T11400","BEA_API"
1960,6,"Supplements to wages and salaries",16233,"A444RC","6","T11400","BEA_API"
1961,6,"Supplements to wages and salaries",16869,"A444RC","6","T11400","BEA_API"
1962,6,"Supplements to wages and salaries",19176,"A444RC","6","T11400","BEA_API"
1963,6,"Supplements to wages and salaries",20750,"A444RC","6","T11400","BEA_API"
1964,6,"Supplements to wages and salaries",22430,"A444RC","6","T11400","BEA_API"
1965,6,"Supplements to wages and salaries",24711,"A444RC","6","T11400","BEA_API"
1966,6,"Supplements to wages and salaries",29279,"A444RC","6","T11400","BEA_API"
1967,6,"Supplements to wages and salaries",31352,"A444RC","6","T11400","BEA_API"
1968,6,"Supplements to wages and salaries",34768,"A444RC","6","T11400","BEA_API"
1969,6,"Supplements to wages and salaries",39426,"A444RC","6","T11400","BEA_API"
1970,6,"Supplements to wages and salaries",42028,"A444RC","6","T11400","BEA_API"
1971,6,"Supplements to wages and salaries",45459,"A444RC","6","T11400","BEA_API"
1972,6,"Supplements to wages and salaries",53397,"A444RC","6","T11400","BEA_API"
1973,6,"Supplements to wages and salaries",61487,"A444RC","6","T11400","BEA_API"
1974,6,"Supplements to wages and salaries",68423,"A444RC","6","T11400","BEA_API"
1975,6,"Supplements to wages and salaries",79391,"A444RC","6","T11400","BEA_API"
1976,6,"Supplements to wages and salaries",91616,"A444RC","6","T11400","BEA_API"
1977,6,"Supplements to wages and salaries",109000,"A444RC","6","T11400","BEA_API"
1978,6,"Supplements to wages and salaries",128479,"A444RC","6","T11400","BEA_API"
1979,6,"Supplements to wages and salaries",148810,"A444RC","6","T11400","BEA_API"
1980,6,"Supplements to wages and salaries",166396,"A444RC","6","T11400","BEA_API"
1981,6,"Supplements to wages and salaries",187141,"A444RC","6","T11400","BEA_API"
1982,6,"Supplements to wages and salaries",202016,"A444RC","6","T11400","BEA_API"
1983,6,"Supplements to wages and salaries",220342,"A444RC","6","T11400","BEA_API"
1984,6,"Supplements to wages and salaries",244276,"A444RC","6","T11400","BEA_API"
1985,6,"Supplements to wages and salaries",264542,"A444RC","6","T11400","BEA_API"
1986,6,"Supplements to wages and salaries",291077,"A444RC","6","T11400","BEA_API"
1987,6,"Supplements to wages and salaries",311084,"A444RC","6","T11400","BEA_API"
1988,6,"Supplements to wages and salaries",336258,"A444RC","6","T11400","BEA_API"
1989,6,"Supplements to wages and salaries",362821,"A444RC","6","T11400","BEA_API"
1990,6,"Supplements to wages and salaries",385650,"A444RC","6","T11400","BEA_API"
1991,6,"Supplements to wages and salaries",402510,"A444RC","6","T11400","BEA_API"
1992,6,"Supplements to wages and salaries",442667,"A444RC","6","T11400","BEA_API"
1993,6,"Supplements to wages and salaries",466687,"A444RC","6","T11400","BEA_API"
1994,6,"Supplements to wages and salaries",488700,"A444RC","6","T11400","BEA_API"
1995,6,"Supplements to wages and salaries",491790,"A444RC","6","T11400","BEA_API"
1996,6,"Supplements to wages and salaries",505452,"A444RC","6","T11400","BEA_API"
1997,6,"Supplements to wages and salaries",525744,"A444RC","6","T11400","BEA_API"
1998,6,"Supplements to wages and salaries",564308,"A444RC","6","T11400","BEA_API"
1999,6,"Supplements to wages and salaries",591890,"A444RC","6","T11400","BEA_API"
2000,6,"Supplements to wages and salaries",645134,"A444RC","6","T11400","BEA_API"
2001,6,"Supplements to wages and salaries",661543,"A444RC","6","T11400","BEA_API"
2002,6,"Supplements to wages and salaries",677315,"A444RC","6","T11400","BEA_API"
2003,6,"Supplements to wages and salaries",705166,"A444RC","6","T11400","BEA_API"
2004,6,"Supplements to wages and salaries",738090,"A444RC","6","T11400","BEA_API"
2005,6,"Supplements to wages and salaries",779188,"A444RC","6","T11400","BEA_API"
2006,6,"Supplements to wages and salaries",797287,"A444RC","6","T11400","BEA_API"
2007,6,"Supplements to wages and salaries",824590,"A444RC","6","T11400","BEA_API"
2008,6,"Supplements to wages and salaries",833963,"A444RC","6","T11400","BEA_API"
2009,6,"Supplements to wages and salaries",793528,"A444RC","6","T11400","BEA_API"
2010,6,"Supplements to wages and salaries",803979,"A444RC","6","T11400","BEA_API"
2011,6,"Supplements to wages and salaries",832125,"A444RC","6","T11400","BEA_API"
2012,6,"Supplements to wages and salaries",859395,"A444RC","6","T11400","BEA_API"
2013,6,"Supplements to wages and salaries",895449,"A444RC","6","T11400","BEA_API"
2014,6,"Supplements to wages and salaries",925881,"A444RC","6","T11400","BEA_API"
2015,6,"Supplements to wages and salaries",965555,"A444RC","6","T11400","BEA_API"
2016,6,"Supplements to wages and salaries",979044,"A444RC","6","T11400","BEA_API"
2017,6,"Supplements to wages and salaries",1036492,"A444RC","6","T11400","BEA_API"
2018,6,"Supplements to wages and salaries",1098866,"A444RC","6","T11400","BEA_API"
2019,6,"Supplements to wages and salaries",1140236,"A444RC","6","T11400","BEA_API"
2020,6,"Supplements to wages and salaries",1118178,"A444RC","6","T11400","BEA_API"
2021,6,"Supplements to wages and salaries",1205480,"A444RC","6","T11400","BEA_API"
2022,6,"Supplements to wages and salaries",1271589,"A444RC","6","T11400","BEA_API"
2023,6,"Supplements to wages and salaries",1361327,"A444RC","6","T11400","BEA_API"
2024,6,"Supplements to wages and salaries",1449921,"A444RC","6","T11400","BEA_API"
2025,6,"Supplements to wages and salaries",1526985,"A444RC","6","T11400","BEA_API"
1929,7,"Taxes on production and imports less subsidies",2999,"W321RC","6","T11400","BEA_API"
1930,7,"Taxes on production and imports less subsidies",3037,"W321RC","6","T11400","BEA_API"
1931,7,"Taxes on production and imports less subsidies",2842,"W321RC","6","T11400","BEA_API"
1932,7,"Taxes on production and imports less subsidies",2942,"W321RC","6","T11400","BEA_API"
1933,7,"Taxes on production and imports less subsidies",3467,"W321RC","6","T11400","BEA_API"
1934,7,"Taxes on production and imports less subsidies",4090,"W321RC","6","T11400","BEA_API"
1935,7,"Taxes on production and imports less subsidies",4155,"W321RC","6","T11400","BEA_API"
1936,7,"Taxes on production and imports less subsidies",4364,"W321RC","6","T11400","BEA_API"
1937,7,"Taxes on production and imports less subsidies",4621,"W321RC","6","T11400","BEA_API"
1938,7,"Taxes on production and imports less subsidies",4575,"W321RC","6","T11400","BEA_API"
1939,7,"Taxes on production and imports less subsidies",4751,"W321RC","6","T11400","BEA_API"
1940,7,"Taxes on production and imports less subsidies",5136,"W321RC","6","T11400","BEA_API"
1941,7,"Taxes on production and imports less subsidies",6052,"W321RC","6","T11400","BEA_API"
1942,7,"Taxes on production and imports less subsidies",6421,"W321RC","6","T11400","BEA_API"
1943,7,"Taxes on production and imports less subsidies",6810,"W321RC","6","T11400","BEA_API"
1944,7,"Taxes on production and imports less subsidies",7531,"W321RC","6","T11400","BEA_API"
1945,7,"Taxes on production and imports less subsidies",8322,"W321RC","6","T11400","BEA_API"
1946,7,"Taxes on production and imports less subsidies",9774,"W321RC","6","T11400","BEA_API"
1947,7,"Taxes on production and imports less subsidies",11525,"W321RC","6","T11400","BEA_API"
1948,7,"Taxes on production and imports less subsidies",12749,"W321RC","6","T11400","BEA_API"
1949,7,"Taxes on production and imports less subsidies",13371,"W321RC","6","T11400","BEA_API"
1950,7,"Taxes on production and imports less subsidies",14821,"W321RC","6","T11400","BEA_API"
1951,7,"Taxes on production and imports less subsidies",15853,"W321RC","6","T11400","BEA_API"
1952,7,"Taxes on production and imports less subsidies",17331,"W321RC","6","T11400","BEA_API"
1953,7,"Taxes on production and imports less subsidies",18468,"W321RC","6","T11400","BEA_API"
1954,7,"Taxes on production and imports less subsidies",17937,"W321RC","6","T11400","BEA_API"
1955,7,"Taxes on production and imports less subsidies",19818,"W321RC","6","T11400","BEA_API"
1956,7,"Taxes on production and imports less subsidies",21518,"W321RC","6","T11400","BEA_API"
1957,7,"Taxes on production and imports less subsidies",22808,"W321RC","6","T11400","BEA_API"
1958,7,"Taxes on production and imports less subsidies",23137,"W321RC","6","T11400","BEA_API"
1959,7,"Taxes on production and imports less subsidies",25553,"W321RC","6","T11400","BEA_API"
1960,7,"Taxes on production and imports less subsidies",27844,"W321RC","6","T11400","BEA_API"
1961,7,"Taxes on production and imports less subsidies",28940,"W321RC","6","T11400","BEA_API"
1962,7,"Taxes on production and imports less subsidies",31234,"W321RC","6","T11400","BEA_API"
1963,7,"Taxes on production and imports less subsidies",33170,"W321RC","6","T11400","BEA_API"
1964,7,"Taxes on production and imports less subsidies",35588,"W321RC","6","T11400","BEA_API"
1965,7,"Taxes on production and imports less subsidies",37816,"W321RC","6","T11400","BEA_API"
1966,7,"Taxes on production and imports less subsidies",38913,"W321RC","6","T11400","BEA_API"
1967,7,"Taxes on production and imports less subsidies",41389,"W321RC","6","T11400","BEA_API"
1968,7,"Taxes on production and imports less subsidies",47847,"W321RC","6","T11400","BEA_API"
1969,7,"Taxes on production and imports less subsidies",52896,"W321RC","6","T11400","BEA_API"
1970,7,"Taxes on production and imports less subsidies",56965,"W321RC","6","T11400","BEA_API"
1971,7,"Taxes on production and imports less subsidies",62805,"W321RC","6","T11400","BEA_API"
1972,7,"Taxes on production and imports less subsidies",67290,"W321RC","6","T11400","BEA_API"
1973,7,"Taxes on production and imports less subsidies",74125,"W321RC","6","T11400","BEA_API"
1974,7,"Taxes on production and imports less subsidies",78624,"W321RC","6","T11400","BEA_API"
1975,7,"Taxes on production and imports less subsidies",84498,"W321RC","6","T11400","BEA_API"
1976,7,"Taxes on production and imports less subsidies",91413,"W321RC","6","T11400","BEA_API"
1977,7,"Taxes on production and imports less subsidies",100018,"W321RC","6","T11400","BEA_API"
1978,7,"Taxes on production and imports less subsidies",108702,"W321RC","6","T11400","BEA_API"
1979,7,"Taxes on production and imports less subsidies",115009,"W321RC","6","T11400","BEA_API"
1980,7,"Taxes on production and imports less subsidies",128574,"W321RC","6","T11400","BEA_API"
1981,7,"Taxes on production and imports less subsidies",154404,"W321RC","6","T11400","BEA_API"
1982,7,"Taxes on production and imports less subsidies",161301,"W321RC","6","T11400","BEA_API"
1983,7,"Taxes on production and imports less subsidies",177439,"W321RC","6","T11400","BEA_API"
1984,7,"Taxes on production and imports less subsidies",195621,"W321RC","6","T11400","BEA_API"
1985,7,"Taxes on production and imports less subsidies",209049,"W321RC","6","T11400","BEA_API"
1986,7,"Taxes on production and imports less subsidies",219623,"W321RC","6","T11400","BEA_API"
1987,7,"Taxes on production and imports less subsidies",233366,"W321RC","6","T11400","BEA_API"
1988,7,"Taxes on production and imports less subsidies",252014,"W321RC","6","T11400","BEA_API"
1989,7,"Taxes on production and imports less subsidies",267544,"W321RC","6","T11400","BEA_API"
1990,7,"Taxes on production and imports less subsidies",284469,"W321RC","6","T11400","BEA_API"
1991,7,"Taxes on production and imports less subsidies",307936,"W321RC","6","T11400","BEA_API"
1992,7,"Taxes on production and imports less subsidies",325895,"W321RC","6","T11400","BEA_API"
1993,7,"Taxes on production and imports less subsidies",343758,"W321RC","6","T11400","BEA_API"
1994,7,"Taxes on production and imports less subsidies",376108,"W321RC","6","T11400","BEA_API"
1995,7,"Taxes on production and imports less subsidies",384752,"W321RC","6","T11400","BEA_API"
1996,7,"Taxes on production and imports less subsidies",398416,"W321RC","6","T11400","BEA_API"
1997,7,"Taxes on production and imports less subsidies",416929,"W321RC","6","T11400","BEA_API"
1998,7,"Taxes on production and imports less subsidies",430775,"W321RC","6","T11400","BEA_API"
1999,7,"Taxes on production and imports less subsidies",453905,"W321RC","6","T11400","BEA_API"
2000,7,"Taxes on production and imports less subsidies",479695,"W321RC","6","T11400","BEA_API"
2001,7,"Taxes on production and imports less subsidies",469410,"W321RC","6","T11400","BEA_API"
2002,7,"Taxes on production and imports less subsidies",497529,"W321RC","6","T11400","BEA_API"
2003,7,"Taxes on production and imports less subsidies",524274,"W321RC","6","T11400","BEA_API"
2004,7,"Taxes on production and imports less subsidies",569371,"W321RC","6","T11400","BEA_API"
2005,7,"Taxes on production and imports less subsidies",616267,"W321RC","6","T11400","BEA_API"
2006,7,"Taxes on production and imports less subsidies",654523,"W321RC","6","T11400","BEA_API"
2007,7,"Taxes on production and imports less subsidies",676292,"W321RC","6","T11400","BEA_API"
2008,7,"Taxes on production and imports less subsidies",684959,"W321RC","6","T11400","BEA_API"
2009,7,"Taxes on production and imports less subsidies",655455,"W321RC","6","T11400","BEA_API"
2010,7,"Taxes on production and imports less subsidies",684947,"W321RC","6","T11400","BEA_API"
2011,7,"Taxes on production and imports less subsidies",718673,"W321RC","6","T11400","BEA_API"
2012,7,"Taxes on production and imports less subsidies",743190,"W321RC","6","T11400","BEA_API"
2013,7,"Taxes on production and imports less subsidies",776657,"W321RC","6","T11400","BEA_API"
2014,7,"Taxes on production and imports less subsidies",812932,"W321RC","6","T11400","BEA_API"
2015,7,"Taxes on production and imports less subsidies",834841,"W321RC","6","T11400","BEA_API"
2016,7,"Taxes on production and imports less subsidies",851727,"W321RC","6","T11400","BEA_API"
2017,7,"Taxes on production and imports less subsidies",884628,"W321RC","6","T11400","BEA_API"
2018,7,"Taxes on production and imports less subsidies",948175,"W321RC","6","T11400","BEA_API"
2019,7,"Taxes on production and imports less subsidies",993339,"W321RC","6","T11400","BEA_API"
2020,7,"Taxes on production and imports less subsidies",578408,"W321RC","6","T11400","BEA_API"
2021,7,"Taxes on production and imports less subsidies",764921,"W321RC","6","T11400","BEA_API"
2022,7,"Taxes on production and imports less subsidies",1179906,"W321RC","6","T11400","BEA_API"
2023,7,"Taxes on production and imports less subsidies",1194608,"W321RC","6","T11400","BEA_API"
2024,7,"Taxes on production and imports less subsidies",1250767,"W321RC","6","T11400","BEA_API"
2025,7,"Taxes on production and imports less subsidies",1412928,"W321RC","6","T11400","BEA_API"
1929,8,"Net operating surplus",12337,"W322RC","6","T11400","BEA_API"
1930,8,"Net operating surplus",9253,"W322RC","6","T11400","BEA_API"
1931,8,"Net operating surplus",4883,"W322RC","6","T11400","BEA_API"
1932,8,"Net operating surplus",1666,"W322RC","6","T11400","BEA_API"
1933,8,"Net operating surplus",1399,"W322RC","6","T11400","BEA_API"
1934,8,"Net operating surplus",4261,"W322RC","6","T11400","BEA_API"
1935,8,"Net operating surplus",5752,"W322RC","6","T11400","BEA_API"
1936,8,"Net operating surplus",7838,"W322RC","6","T11400","BEA_API"
1937,8,"Net operating surplus",8426,"W322RC","6","T11400","BEA_API"
1938,8,"Net operating surplus",6339,"W322RC","6","T11400","BEA_API"
1939,8,"Net operating surplus",7932,"W322RC","6","T11400","BEA_API"
1940,8,"Net operating surplus",11073,"W322RC","6","T11400","BEA_API"
1941,8,"Net operating surplus",16721,"W322RC","6","T11400","BEA_API"
1942,8,"Net operating surplus",21820,"W322RC","6","T11400","BEA_API"
1943,8,"Net operating surplus",25979,"W322RC","6","T11400","BEA_API"
1944,8,"Net operating surplus",25913,"W322RC","6","T11400","BEA_API"
1945,8,"Net operating surplus",21462,"W322RC","6","T11400","BEA_API"
1946,8,"Net operating surplus",18179,"W322RC","6","T11400","BEA_API"
1947,8,"Net operating surplus",24046,"W322RC","6","T11400","BEA_API"
1948,8,"Net operating surplus",30715,"W322RC","6","T11400","BEA_API"
1949,8,"Net operating surplus",28441,"W322RC","6","T11400","BEA_API"
1950,8,"Net operating surplus",35351,"W322RC","6","T11400","BEA_API"
1951,8,"Net operating surplus",40249,"W322RC","6","T11400","BEA_API"
1952,8,"Net operating surplus",38565,"W322RC","6","T11400","BEA_API"
1953,8,"Net operating surplus",39431,"W322RC","6","T11400","BEA_API"
1954,8,"Net operating surplus",38376,"W322RC","6","T11400","BEA_API"
1955,8,"Net operating surplus",49048,"W322RC","6","T11400","BEA_API"
1956,8,"Net operating surplus",48272,"W322RC","6","T11400","BEA_API"
1957,8,"Net operating surplus",47789,"W322RC","6","T11400","BEA_API"
1958,8,"Net operating surplus",43321,"W322RC","6","T11400","BEA_API"
1959,8,"Net operating surplus",53984,"W322RC","6","T11400","BEA_API"
1960,8,"Net operating surplus",52858,"W322RC","6","T11400","BEA_API"
1961,8,"Net operating surplus",54711,"W322RC","6","T11400","BEA_API"
1962,8,"Net operating surplus",62883,"W322RC","6","T11400","BEA_API"
1963,8,"Net operating surplus",69109,"W322RC","6","T11400","BEA_API"
1964,8,"Net operating surplus",76802,"W322RC","6","T11400","BEA_API"
1965,8,"Net operating surplus",88957,"W322RC","6","T11400","BEA_API"
1966,8,"Net operating surplus",96789,"W322RC","6","T11400","BEA_API"
1967,8,"Net operating surplus",96269,"W322RC","6","T11400","BEA_API"
1968,8,"Net operating surplus",104090,"W322RC","6","T11400","BEA_API"
1969,8,"Net operating surplus",104599,"W322RC","6","T11400","BEA_API"
1970,8,"Net operating surplus",95348,"W322RC","6","T11400","BEA_API"
1971,8,"Net operating surplus",108847,"W322RC","6","T11400","BEA_API"
1972,8,"Net operating surplus",124002,"W322RC","6","T11400","BEA_API"
1973,8,"Net operating surplus",138039,"W322RC","6","T11400","BEA_API"
1974,8,"Net operating surplus",137593,"W322RC","6","T11400","BEA_API"
1975,8,"Net operating surplus",159714,"W322RC","6","T11400","BEA_API"
1976,8,"Net operating surplus",188081,"W322RC","6","T11400","BEA_API"
1977,8,"Net operating surplus",220349,"W322RC","6","T11400","BEA_API"
1978,8,"Net operating surplus",254214,"W322RC","6","T11400","BEA_API"
1979,8,"Net operating surplus",261553,"W322RC","6","T11400","BEA_API"
1980,8,"Net operating surplus",259716,"W322RC","6","T11400","BEA_API"
1981,8,"Net operating surplus",315280,"W322RC","6","T11400","BEA_API"
1982,8,"Net operating surplus",309630,"W322RC","6","T11400","BEA_API"
1983,8,"Net operating surplus",356159,"W322RC","6","T11400","BEA_API"
1984,8,"Net operating surplus",434916,"W322RC","6","T11400","BEA_API"
1985,8,"Net operating surplus",449649,"W322RC","6","T11400","BEA_API"
1986,8,"Net operating surplus",413928,"W322RC","6","T11400","BEA_API"
1987,8,"Net operating surplus",442835,"W322RC","6","T11400","BEA_API"
1988,8,"Net operating surplus",488358,"W322RC","6","T11400","BEA_API"
1989,8,"Net operating surplus",506123,"W322RC","6","T11400","BEA_API"
1990,8,"Net operating surplus",493252,"W322RC","6","T11400","BEA_API"
1991,8,"Net operating surplus",489313,"W322RC","6","T11400","BEA_API"
1992,8,"Net operating surplus",501640,"W322RC","6","T11400","BEA_API"
1993,8,"Net operating surplus",542179,"W322RC","6","T11400","BEA_API"
1994,8,"Net operating surplus",637379,"W322RC","6","T11400","BEA_API"
1995,8,"Net operating surplus",711162,"W322RC","6","T11400","BEA_API"
1996,8,"Net operating surplus",791760,"W322RC","6","T11400","BEA_API"
1997,8,"Net operating surplus",879591,"W322RC","6","T11400","BEA_API"
1998,8,"Net operating surplus",881203,"W322RC","6","T11400","BEA_API"
1999,8,"Net operating surplus",894212,"W322RC","6","T11400","BEA_API"
2000,8,"Net operating surplus",888960,"W322RC","6","T11400","BEA_API"
2001,8,"Net operating surplus",830788,"W322RC","6","T11400","BEA_API"
2002,8,"Net operating surplus",913682,"W322RC","6","T11400","BEA_API"
2003,8,"Net operating surplus",1027260,"W322RC","6","T11400","BEA_API"
2004,8,"Net operating surplus",1177419,"W322RC","6","T11400","BEA_API"
2005,8,"Net operating surplus",1384109,"W322RC","6","T11400","BEA_API"
2006,8,"Net operating surplus",1574260,"W322RC","6","T11400","BEA_API"
2007,8,"Net operating surplus",1439784,"W322RC","6","T11400","BEA_API"
2008,8,"Net operating surplus",1226760,"W322RC","6","T11400","BEA_API"
2009,8,"Net operating surplus",1290752,"W322RC","6","T11400","BEA_API"
2010,8,"Net operating surplus",1580572,"W322RC","6","T11400","BEA_API"
2011,8,"Net operating surplus",1651835,"W322RC","6","T11400","BEA_API"
2012,8,"Net operating surplus",1856116,"W322RC","6","T11400","BEA_API"
2013,8,"Net operating surplus",1875859,"W322RC","6","T11400","BEA_API"
2014,8,"Net operating surplus",2061056,"W322RC","6","T11400","BEA_API"
2015,8,"Net operating surplus",2117610,"W322RC","6","T11400","BEA_API"
2016,8,"Net operating surplus",2093040,"W322RC","6","T11400","BEA_API"
2017,8,"Net operating surplus",2106659,"W322RC","6","T11400","BEA_API"
2018,8,"Net operating surplus",2273961,"W322RC","6","T11400","BEA_API"
2019,8,"Net operating surplus",2339171,"W322RC","6","T11400","BEA_API"
2020,8,"Net operating surplus",2380724,"W322RC","6","T11400","BEA_API"
2021,8,"Net operating surplus",3100089,"W322RC","6","T11400","BEA_API"
2022,8,"Net operating surplus",3350735,"W322RC","6","T11400","BEA_API"
2023,8,"Net operating surplus",3523348,"W322RC","6","T11400","BEA_API"
2024,8,"Net operating surplus",3683673,"W322RC","6","T11400","BEA_API"
2025,8,"Net operating surplus",3837914,"W322RC","6","T11400","BEA_API"
1929,9,"Net interest and miscellaneous payments",1381,"A453RC","6","T11400","BEA_API"
1930,9,"Net interest and miscellaneous payments",1538,"A453RC","6","T11400","BEA_API"
1931,9,"Net interest and miscellaneous payments",1522,"A453RC","6","T11400","BEA_API"
1932,9,"Net interest and miscellaneous payments",1397,"A453RC","6","T11400","BEA_API"
1933,9,"Net interest and miscellaneous payments",1168,"A453RC","6","T11400","BEA_API"
1934,9,"Net interest and miscellaneous payments",1414,"A453RC","6","T11400","BEA_API"
1935,9,"Net interest and miscellaneous payments",1525,"A453RC","6","T11400","BEA_API"
1936,9,"Net interest and miscellaneous payments",1359,"A453RC","6","T11400","BEA_API"
1937,9,"Net interest and miscellaneous payments",1304,"A453RC","6","T11400","BEA_API"
1938,9,"Net interest and miscellaneous payments",1321,"A453RC","6","T11400","BEA_API"
1939,9,"Net interest and miscellaneous payments",1336,"A453RC","6","T11400","BEA_API"
1940,9,"Net interest and miscellaneous payments",1120,"A453RC","6","T11400","BEA_API"
1941,9,"Net interest and miscellaneous payments",1000,"A453RC","6","T11400","BEA_API"
1942,9,"Net interest and miscellaneous payments",981,"A453RC","6","T11400","BEA_API"
1943,9,"Net interest and miscellaneous payments",925,"A453RC","6","T11400","BEA_API"
1944,9,"Net interest and miscellaneous payments",692,"A453RC","6","T11400","BEA_API"
1945,9,"Net interest and miscellaneous payments",603,"A453RC","6","T11400","BEA_API"
1946,9,"Net interest and miscellaneous payments",54,"A453RC","6","T11400","BEA_API"
1947,9,"Net interest and miscellaneous payments",277,"A453RC","6","T11400","BEA_API"
1948,9,"Net interest and miscellaneous payments",7,"A453RC","6","T11400","BEA_API"
1949,9,"Net interest and miscellaneous payments",-47,"A453RC","6","T11400","BEA_API"
1950,9,"Net interest and miscellaneous payments",-133,"A453RC","6","T11400","BEA_API"
1951,9,"Net interest and miscellaneous payments",-222,"A453RC","6","T11400","BEA_API"
1952,9,"Net interest and miscellaneous payments",-249,"A453RC","6","T11400","BEA_API"
1953,9,"Net interest and miscellaneous payments",-45,"A453RC","6","T11400","BEA_API"
1954,9,"Net interest and miscellaneous payments",160,"A453RC","6","T11400","BEA_API"
1955,9,"Net interest and miscellaneous payments",140,"A453RC","6","T11400","BEA_API"
1956,9,"Net interest and miscellaneous payments",18,"A453RC","6","T11400","BEA_API"
1957,9,"Net interest and miscellaneous payments",164,"A453RC","6","T11400","BEA_API"
1958,9,"Net interest and miscellaneous payments",555,"A453RC","6","T11400","BEA_API"
1959,9,"Net interest and miscellaneous payments",-193,"A453RC","6","T11400","BEA_API"
1960,9,"Net interest and miscellaneous payments",-187,"A453RC","6","T11400","BEA_API"
1961,9,"Net interest and miscellaneous payments",432,"A453RC","6","T11400","BEA_API"
1962,9,"Net interest and miscellaneous payments",760,"A453RC","6","T11400","BEA_API"
1963,9,"Net interest and miscellaneous payments",396,"A453RC","6","T11400","BEA_API"
1964,9,"Net interest and miscellaneous payments",817,"A453RC","6","T11400","BEA_API"
1965,9,"Net interest and miscellaneous payments",1237,"A453RC","6","T11400","BEA_API"
1966,9,"Net interest and miscellaneous payments",2321,"A453RC","6","T11400","BEA_API"
1967,9,"Net interest and miscellaneous payments",4041,"A453RC","6","T11400","BEA_API"
1968,9,"Net interest and miscellaneous payments",4266,"A453RC","6","T11400","BEA_API"
1969,9,"Net interest and miscellaneous payments",8491,"A453RC","6","T11400","BEA_API"
1970,9,"Net interest and miscellaneous payments",12459,"A453RC","6","T11400","BEA_API"
1971,9,"Net interest and miscellaneous payments",12642,"A453RC","6","T11400","BEA_API"
1972,9,"Net interest and miscellaneous payments",12434,"A453RC","6","T11400","BEA_API"
1973,9,"Net interest and miscellaneous payments",14744,"A453RC","6","T11400","BEA_API"
1974,9,"Net interest and miscellaneous payments",23076,"A453RC","6","T11400","BEA_API"
1975,9,"Net interest and miscellaneous payments",27239,"A453RC","6","T11400","BEA_API"
1976,9,"Net interest and miscellaneous payments",22707,"A453RC","6","T11400","BEA_API"
1977,9,"Net interest and miscellaneous payments",27672,"A453RC","6","T11400","BEA_API"
1978,9,"Net interest and miscellaneous payments",30608,"A453RC","6","T11400","BEA_API"
1979,9,"Net interest and miscellaneous payments",36126,"A453RC","6","T11400","BEA_API"
1980,9,"Net interest and miscellaneous payments",60018,"A453RC","6","T11400","BEA_API"
1981,9,"Net interest and miscellaneous payments",84794,"A453RC","6","T11400","BEA_API"
1982,9,"Net interest and miscellaneous payments",97829,"A453RC","6","T11400","BEA_API"
1983,9,"Net interest and miscellaneous payments",93826,"A453RC","6","T11400","BEA_API"
1984,9,"Net interest and miscellaneous payments",107313,"A453RC","6","T11400","BEA_API"
1985,9,"Net interest and miscellaneous payments",103791,"A453RC","6","T11400","BEA_API"
1986,9,"Net interest and miscellaneous payments",100551,"A453RC","6","T11400","BEA_API"
1987,9,"Net interest and miscellaneous payments",95117,"A453RC","6","T11400","BEA_API"
1988,9,"Net interest and miscellaneous payments",102750,"A453RC","6","T11400","BEA_API"
1989,9,"Net interest and miscellaneous payments",120906,"A453RC","6","T11400","BEA_API"
1990,9,"Net interest and miscellaneous payments",116018,"A453RC","6","T11400","BEA_API"
1991,9,"Net interest and miscellaneous payments",83390,"A453RC","6","T11400","BEA_API"
1992,9,"Net interest and miscellaneous payments",59484,"A453RC","6","T11400","BEA_API"
1993,9,"Net interest and miscellaneous payments",56643,"A453RC","6","T11400","BEA_API"
1994,9,"Net interest and miscellaneous payments",49055,"A453RC","6","T11400","BEA_API"
1995,9,"Net interest and miscellaneous payments",50534,"A453RC","6","T11400","BEA_API"
1996,9,"Net interest and miscellaneous payments",46413,"A453RC","6","T11400","BEA_API"
1997,9,"Net interest and miscellaneous payments",62911,"A453RC","6","T11400","BEA_API"
1998,9,"Net interest and miscellaneous payments",95975,"A453RC","6","T11400","BEA_API"
1999,9,"Net interest and miscellaneous payments",95329,"A453RC","6","T11400","BEA_API"
2000,9,"Net interest and miscellaneous payments",135807,"A453RC","6","T11400","BEA_API"
2001,9,"Net interest and miscellaneous payments",127588,"A453RC","6","T11400","BEA_API"
2002,9,"Net interest and miscellaneous payments",78483,"A453RC","6","T11400","BEA_API"
2003,9,"Net interest and miscellaneous payments",58798,"A453RC","6","T11400","BEA_API"
2004,9,"Net interest and miscellaneous payments",-2596,"A453RC","6","T11400","BEA_API"
2005,9,"Net interest and miscellaneous payments",24285,"A453RC","6","T11400","BEA_API"
2006,9,"Net interest and miscellaneous payments",71332,"A453RC","6","T11400","BEA_API"
2007,9,"Net interest and miscellaneous payments",113396,"A453RC","6","T11400","BEA_API"
2008,9,"Net interest and miscellaneous payments",176513,"A453RC","6","T11400","BEA_API"
2009,9,"Net interest and miscellaneous payments",117315,"A453RC","6","T11400","BEA_API"
2010,9,"Net interest and miscellaneous payments",93221,"A453RC","6","T11400","BEA_API"
2011,9,"Net interest and miscellaneous payments",95115,"A453RC","6","T11400","BEA_API"
2012,9,"Net interest and miscellaneous payments",150590,"A453RC","6","T11400","BEA_API"
2013,9,"Net interest and miscellaneous payments",128425,"A453RC","6","T11400","BEA_API"
2014,9,"Net interest and miscellaneous payments",156103,"A453RC","6","T11400","BEA_API"
2015,9,"Net interest and miscellaneous payments",218459,"A453RC","6","T11400","BEA_API"
2016,9,"Net interest and miscellaneous payments",231573,"A453RC","6","T11400","BEA_API"
2017,9,"Net interest and miscellaneous payments",268838,"A453RC","6","T11400","BEA_API"
2018,9,"Net interest and miscellaneous payments",302183,"A453RC","6","T11400","BEA_API"
2019,9,"Net interest and miscellaneous payments",264641,"A453RC","6","T11400","BEA_API"
2020,9,"Net interest and miscellaneous payments",288979,"A453RC","6","T11400","BEA_API"
2021,9,"Net interest and miscellaneous payments",250238,"A453RC","6","T11400","BEA_API"
2022,9,"Net interest and miscellaneous payments",240968,"A453RC","6","T11400","BEA_API"
2023,9,"Net interest and miscellaneous payments",168012,"A453RC","6","T11400","BEA_API"
2024,9,"Net interest and miscellaneous payments",88225,"A453RC","6","T11400","BEA_API"
2025,9,"Net interest and miscellaneous payments",43823,"A453RC","6","T11400","BEA_API"
1929,10,"Business current transfer payments (net)",355,"W323RC","6","T11400","BEA_API"
1930,10,"Business current transfer payments (net)",354,"W323RC","6","T11400","BEA_API"
1931,10,"Business current transfer payments (net)",406,"W323RC","6","T11400","BEA_API"
1932,10,"Business current transfer payments (net)",425,"W323RC","6","T11400","BEA_API"
1933,10,"Business current transfer payments (net)",404,"W323RC","6","T11400","BEA_API"
1934,10,"Business current transfer payments (net)",390,"W323RC","6","T11400","BEA_API"
1935,10,"Business current transfer payments (net)",368,"W323RC","6","T11400","BEA_API"
1936,10,"Business current transfer payments (net)",353,"W323RC","6","T11400","BEA_API"
1937,10,"Business current transfer payments (net)",342,"W323RC","6","T11400","BEA_API"
1938,10,"Business current transfer payments (net)",311,"W323RC","6","T11400","BEA_API"
1939,10,"Business current transfer payments (net)",328,"W323RC","6","T11400","BEA_API"
1940,10,"Business current transfer payments (net)",347,"W323RC","6","T11400","BEA_API"
1941,10,"Business current transfer payments (net)",419,"W323RC","6","T11400","BEA_API"
1942,10,"Business current transfer payments (net)",428,"W323RC","6","T11400","BEA_API"
1943,10,"Business current transfer payments (net)",526,"W323RC","6","T11400","BEA_API"
1944,10,"Business current transfer payments (net)",672,"W323RC","6","T11400","BEA_API"
1945,10,"Business current transfer payments (net)",749,"W323RC","6","T11400","BEA_API"
1946,10,"Business current transfer payments (net)",572,"W323RC","6","T11400","BEA_API"
1947,10,"Business current transfer payments (net)",591,"W323RC","6","T11400","BEA_API"
1948,10,"Business current transfer payments (net)",577,"W323RC","6","T11400","BEA_API"
1949,10,"Business current transfer payments (net)",555,"W323RC","6","T11400","BEA_API"
1950,10,"Business current transfer payments (net)",694,"W323RC","6","T11400","BEA_API"
1951,10,"Business current transfer payments (net)",1017,"W323RC","6","T11400","BEA_API"
1952,10,"Business current transfer payments (net)",1038,"W323RC","6","T11400","BEA_API"
1953,10,"Business current transfer payments (net)",981,"W323RC","6","T11400","BEA_API"
1954,10,"Business current transfer payments (net)",719,"W323RC","6","T11400","BEA_API"
1955,10,"Business current transfer payments (net)",1095,"W323RC","6","T11400","BEA_API"
1956,10,"Business current transfer payments (net)",1428,"W323RC","6","T11400","BEA_API"
1957,10,"Business current transfer payments (net)",1577,"W323RC","6","T11400","BEA_API"
1958,10,"Business current transfer payments (net)",1432,"W323RC","6","T11400","BEA_API"
1959,10,"Business current transfer payments (net)",1381,"W323RC","6","T11400","BEA_API"
1960,10,"Business current transfer payments (net)",1502,"W323RC","6","T11400","BEA_API"
1961,10,"Business current transfer payments (net)",1650,"W323RC","6","T11400","BEA_API"
1962,10,"Business current transfer payments (net)",1852,"W323RC","6","T11400","BEA_API"
1963,10,"Business current transfer payments (net)",2286,"W323RC","6","T11400","BEA_API"
1964,10,"Business current transfer payments (net)",2747,"W323RC","6","T11400","BEA_API"
1965,10,"Business current transfer payments (net)",3138,"W323RC","6","T11400","BEA_API"
1966,10,"Business current transfer payments (net)",2874,"W323RC","6","T11400","BEA_API"
1967,10,"Business current transfer payments (net)",3137,"W323RC","6","T11400","BEA_API"
1968,10,"Business current transfer payments (net)",3713,"W323RC","6","T11400","BEA_API"
1969,10,"Business current transfer payments (net)",4287,"W323RC","6","T11400","BEA_API"
1970,10,"Business current transfer payments (net)",3745,"W323RC","6","T11400","BEA_API"
1971,10,"Business current transfer payments (net)",3413,"W323RC","6","T11400","BEA_API"
1972,10,"Business current transfer payments (net)",3890,"W323RC","6","T11400","BEA_API"
1973,10,"Business current transfer payments (net)",4804,"W323RC","6","T11400","BEA_API"
1974,10,"Business current transfer payments (net)",6282,"W323RC","6","T11400","BEA_API"
1975,10,"Business current transfer payments (net)",8247,"W323RC","6","T11400","BEA_API"
1976,10,"Business current transfer payments (net)",7584,"W323RC","6","T11400","BEA_API"
1977,10,"Business current transfer payments (net)",6006,"W323RC","6","T11400","BEA_API"
1978,10,"Business current transfer payments (net)",7906,"W323RC","6","T11400","BEA_API"
1979,10,"Business current transfer payments (net)",10823,"W323RC","6","T11400","BEA_API"
1980,10,"Business current transfer payments (net)",12044,"W323RC","6","T11400","BEA_API"
1981,10,"Business current transfer payments (net)",14271,"W323RC","6","T11400","BEA_API"
1982,10,"Business current transfer payments (net)",16632,"W323RC","6","T11400","BEA_API"
1983,10,"Business current transfer payments (net)",19486,"W323RC","6","T11400","BEA_API"
1984,10,"Business current transfer payments (net)",26904,"W323RC","6","T11400","BEA_API"
1985,10,"Business current transfer payments (net)",30878,"W323RC","6","T11400","BEA_API"
1986,10,"Business current transfer payments (net)",29286,"W323RC","6","T11400","BEA_API"
1987,10,"Business current transfer payments (net)",24915,"W323RC","6","T11400","BEA_API"
1988,10,"Business current transfer payments (net)",26350,"W323RC","6","T11400","BEA_API"
1989,10,"Business current transfer payments (net)",33630,"W323RC","6","T11400","BEA_API"
1990,10,"Business current transfer payments (net)",33991,"W323RC","6","T11400","BEA_API"
1991,10,"Business current transfer payments (net)",33652,"W323RC","6","T11400","BEA_API"
1992,10,"Business current transfer payments (net)",33956,"W323RC","6","T11400","BEA_API"
1993,10,"Business current transfer payments (net)",31750,"W323RC","6","T11400","BEA_API"
1994,10,"Business current transfer payments (net)",32199,"W323RC","6","T11400","BEA_API"
1995,10,"Business current transfer payments (net)",36897,"W323RC","6","T11400","BEA_API"
1996,10,"Business current transfer payments (net)",43745,"W323RC","6","T11400","BEA_API"
1997,10,"Business current transfer payments (net)",34368,"W323RC","6","T11400","BEA_API"
1998,10,"Business current transfer payments (net)",52822,"W323RC","6","T11400","BEA_API"
1999,10,"Business current transfer payments (net)",53845,"W323RC","6","T11400","BEA_API"
2000,10,"Business current transfer payments (net)",72406,"W323RC","6","T11400","BEA_API"
2001,10,"Business current transfer payments (net)",84817,"W323RC","6","T11400","BEA_API"
2002,10,"Business current transfer payments (net)",61611,"W323RC","6","T11400","BEA_API"
2003,10,"Business current transfer payments (net)",50318,"W323RC","6","T11400","BEA_API"
2004,10,"Business current transfer payments (net)",54603,"W323RC","6","T11400","BEA_API"
2005,10,"Business current transfer payments (net)",55496,"W323RC","6","T11400","BEA_API"
2006,10,"Business current transfer payments (net)",46542,"W323RC","6","T11400","BEA_API"
2007,10,"Business current transfer payments (net)",68360,"W323RC","6","T11400","BEA_API"
2008,10,"Business current transfer payments (net)",94819,"W323RC","6","T11400","BEA_API"
2009,10,"Business current transfer payments (net)",96549,"W323RC","6","T11400","BEA_API"
2010,10,"Business current transfer payments (net)",98666,"W323RC","6","T11400","BEA_API"
2011,10,"Business current transfer payments (net)",106842,"W323RC","6","T11400","BEA_API"
2012,10,"Business current transfer payments (net)",53156,"W323RC","6","T11400","BEA_API"
2013,10,"Business current transfer payments (net)",65135,"W323RC","6","T11400","BEA_API"
2014,10,"Business current transfer payments (net)",96997,"W323RC","6","T11400","BEA_API"
2015,10,"Business current transfer payments (net)",121223,"W323RC","6","T11400","BEA_API"
2016,10,"Business current transfer payments (net)",137067,"W323RC","6","T11400","BEA_API"
2017,10,"Business current transfer payments (net)",111478,"W323RC","6","T11400","BEA_API"
2018,10,"Business current transfer payments (net)",127201,"W323RC","6","T11400","BEA_API"
2019,10,"Business current transfer payments (net)",136233,"W323RC","6","T11400","BEA_API"
2020,10,"Business current transfer payments (net)",125481,"W323RC","6","T11400","BEA_API"
2021,10,"Business current transfer payments (net)",152062,"W323RC","6","T11400","BEA_API"
2022,10,"Business current transfer payments (net)",196648,"W323RC","6","T11400","BEA_API"
2023,10,"Business current transfer payments (net)",211086,"W323RC","6","T11400","BEA_API"
2024,10,"Business current transfer payments (net)",251287,"W323RC","6","T11400","BEA_API"
2025,10,"Business current transfer payments (net)",243206,"W323RC","6","T11400","BEA_API"
1929,11,"Corporate profits with IVA and CCAdj",10601,"A445RC","6","T11400","BEA_API"
1930,11,"Corporate profits with IVA and CCAdj",7361,"A445RC","6","T11400","BEA_API"
1931,11,"Corporate profits with IVA and CCAdj",2955,"A445RC","6","T11400","BEA_API"
1932,11,"Corporate profits with IVA and CCAdj",-156,"A445RC","6","T11400","BEA_API"
1933,11,"Corporate profits with IVA and CCAdj",-173,"A445RC","6","T11400","BEA_API"
1934,11,"Corporate profits with IVA and CCAdj",2457,"A445RC","6","T11400","BEA_API"
1935,11,"Corporate profits with IVA and CCAdj",3859,"A445RC","6","T11400","BEA_API"
1936,11,"Corporate profits with IVA and CCAdj",6126,"A445RC","6","T11400","BEA_API"
1937,11,"Corporate profits with IVA and CCAdj",6780,"A445RC","6","T11400","BEA_API"
1938,11,"Corporate profits with IVA and CCAdj",4707,"A445RC","6","T11400","BEA_API"
1939,11,"Corporate profits with IVA and CCAdj",6268,"A445RC","6","T11400","BEA_API"
1940,11,"Corporate profits with IVA and CCAdj",9606,"A445RC","6","T11400","BEA_API"
1941,11,"Corporate profits with IVA and CCAdj",15302,"A445RC","6","T11400","BEA_API"
1942,11,"Corporate profits with IVA and CCAdj",20411,"A445RC","6","T11400","BEA_API"
1943,11,"Corporate profits with IVA and CCAdj",24528,"A445RC","6","T11400","BEA_API"
1944,11,"Corporate profits with IVA and CCAdj",24549,"A445RC","6","T11400","BEA_API"
1945,11,"Corporate profits with IVA and CCAdj",20110,"A445RC","6","T11400","BEA_API"
1946,11,"Corporate profits with IVA and CCAdj",17552,"A445RC","6","T11400","BEA_API"
1947,11,"Corporate profits with IVA and CCAdj",23178,"A445RC","6","T11400","BEA_API"
1948,11,"Corporate profits with IVA and CCAdj",30132,"A445RC","6","T11400","BEA_API"
1949,11,"Corporate profits with IVA and CCAdj",27933,"A445RC","6","T11400","BEA_API"
1950,11,"Corporate profits with IVA and CCAdj",34790,"A445RC","6","T11400","BEA_API"
1951,11,"Corporate profits with IVA and CCAdj",39454,"A445RC","6","T11400","BEA_API"
1952,11,"Corporate profits with IVA and CCAdj",37777,"A445RC","6","T11400","BEA_API"
1953,11,"Corporate profits with IVA and CCAdj",38496,"A445RC","6","T11400","BEA_API"
1954,11,"Corporate profits with IVA and CCAdj",37498,"A445RC","6","T11400","BEA_API"
1955,11,"Corporate profits with IVA and CCAdj",47814,"A445RC","6","T11400","BEA_API"
1956,11,"Corporate profits with IVA and CCAdj",46825,"A445RC","6","T11400","BEA_API"
1957,11,"Corporate profits with IVA and CCAdj",46048,"A445RC","6","T11400","BEA_API"
1958,11,"Corporate profits with IVA and CCAdj",41334,"A445RC","6","T11400","BEA_API"
1959,11,"Corporate profits with IVA and CCAdj",52796,"A445RC","6","T11400","BEA_API"
1960,11,"Corporate profits with IVA and CCAdj",51543,"A445RC","6","T11400","BEA_API"
1961,11,"Corporate profits with IVA and CCAdj",52629,"A445RC","6","T11400","BEA_API"
1962,11,"Corporate profits with IVA and CCAdj",60271,"A445RC","6","T11400","BEA_API"
1963,11,"Corporate profits with IVA and CCAdj",66427,"A445RC","6","T11400","BEA_API"
1964,11,"Corporate profits with IVA and CCAdj",73239,"A445RC","6","T11400","BEA_API"
1965,11,"Corporate profits with IVA and CCAdj",84583,"A445RC","6","T11400","BEA_API"
1966,11,"Corporate profits with IVA and CCAdj",91594,"A445RC","6","T11400","BEA_API"
1967,11,"Corporate profits with IVA and CCAdj",89091,"A445RC","6","T11400","BEA_API"
1968,11,"Corporate profits with IVA and CCAdj",96111,"A445RC","6","T11400","BEA_API"
1969,11,"Corporate profits with IVA and CCAdj",91821,"A445RC","6","T11400","BEA_API"
1970,11,"Corporate profits with IVA and CCAdj",79144,"A445RC","6","T11400","BEA_API"
1971,11,"Corporate profits with IVA and CCAdj",92792,"A445RC","6","T11400","BEA_API"
1972,11,"Corporate profits with IVA and CCAdj",107678,"A445RC","6","T11400","BEA_API"
1973,11,"Corporate profits with IVA and CCAdj",118492,"A445RC","6","T11400","BEA_API"
1974,11,"Corporate profits with IVA and CCAdj",108236,"A445RC","6","T11400","BEA_API"
1975,11,"Corporate profits with IVA and CCAdj",124228,"A445RC","6","T11400","BEA_API"
1976,11,"Corporate profits with IVA and CCAdj",157790,"A445RC","6","T11400","BEA_API"
1977,11,"Corporate profits with IVA and CCAdj",186670,"A445RC","6","T11400","BEA_API"
1978,11,"Corporate profits with IVA and CCAdj",215700,"A445RC","6","T11400","BEA_API"
1979,11,"Corporate profits with IVA and CCAdj",214605,"A445RC","6","T11400","BEA_API"
1980,11,"Corporate profits with IVA and CCAdj",187655,"A445RC","6","T11400","BEA_API"
1981,11,"Corporate profits with IVA and CCAdj",216215,"A445RC","6","T11400","BEA_API"
1982,11,"Corporate profits with IVA and CCAdj",195169,"A445RC","6","T11400","BEA_API"
1983,11,"Corporate profits with IVA and CCAdj",242847,"A445RC","6","T11400","BEA_API"
1984,11,"Corporate profits with IVA and CCAdj",300699,"A445RC","6","T11400","BEA_API"
1985,11,"Corporate profits with IVA and CCAdj",314980,"A445RC","6","T11400","BEA_API"
1986,11,"Corporate profits with IVA and CCAdj",284091,"A445RC","6","T11400","BEA_API"
1987,11,"Corporate profits with IVA and CCAdj",322803,"A445RC","6","T11400","BEA_API"
1988,11,"Corporate profits with IVA and CCAdj",359258,"A445RC","6","T11400","BEA_API"
1989,11,"Corporate profits with IVA and CCAdj",351587,"A445RC","6","T11400","BEA_API"
1990,11,"Corporate profits with IVA and CCAdj",343243,"A445RC","6","T11400","BEA_API"
1991,11,"Corporate profits with IVA and CCAdj",372271,"A445RC","6","T11400","BEA_API"
1992,11,"Corporate profits with IVA and CCAdj",408200,"A445RC","6","T11400","BEA_API"
1993,11,"Corporate profits with IVA and CCAdj",453787,"A445RC","6","T11400","BEA_API"
1994,11,"Corporate profits with IVA and CCAdj",556125,"A445RC","6","T11400","BEA_API"
1995,11,"Corporate profits with IVA and CCAdj",623730,"A445RC","6","T11400","BEA_API"
1996,11,"Corporate profits with IVA and CCAdj",701602,"A445RC","6","T11400","BEA_API"
1997,11,"Corporate profits with IVA and CCAdj",782312,"A445RC","6","T11400","BEA_API"
1998,11,"Corporate profits with IVA and CCAdj",732405,"A445RC","6","T11400","BEA_API"
1999,11,"Corporate profits with IVA and CCAdj",745039,"A445RC","6","T11400","BEA_API"
2000,11,"Corporate profits with IVA and CCAdj",680747,"A445RC","6","T11400","BEA_API"
2001,11,"Corporate profits with IVA and CCAdj",618384,"A445RC","6","T11400","BEA_API"
2002,11,"Corporate profits with IVA and CCAdj",773589,"A445RC","6","T11400","BEA_API"
2003,11,"Corporate profits with IVA and CCAdj",918145,"A445RC","6","T11400","BEA_API"
2004,11,"Corporate profits with IVA and CCAdj",1125412,"A445RC","6","T11400","BEA_API"
2005,11,"Corporate profits with IVA and CCAdj",1304329,"A445RC","6","T11400","BEA_API"
2006,11,"Corporate profits with IVA and CCAdj",1456385,"A445RC","6","T11400","BEA_API"
2007,11,"Corporate profits with IVA and CCAdj",1258028,"A445RC","6","T11400","BEA_API"
2008,11,"Corporate profits with IVA and CCAdj",955428,"A445RC","6","T11400","BEA_API"
2009,11,"Corporate profits with IVA and CCAdj",1076888,"A445RC","6","T11400","BEA_API"
2010,11,"Corporate profits with IVA and CCAdj",1388685,"A445RC","6","T11400","BEA_API"
2011,11,"Corporate profits with IVA and CCAdj",1449878,"A445RC","6","T11400","BEA_API"
2012,11,"Corporate profits with IVA and CCAdj",1652370,"A445RC","6","T11400","BEA_API"
2013,11,"Corporate profits with IVA and CCAdj",1682298,"A445RC","6","T11400","BEA_API"
2014,11,"Corporate profits with IVA and CCAdj",1807956,"A445RC","6","T11400","BEA_API"
2015,11,"Corporate profits with IVA and CCAdj",1777928,"A445RC","6","T11400","BEA_API"
2016,11,"Corporate profits with IVA and CCAdj",1724401,"A445RC","6","T11400","BEA_API"
2017,11,"Corporate profits with IVA and CCAdj",1726343,"A445RC","6","T11400","BEA_API"
2018,11,"Corporate profits with IVA and CCAdj",1844577,"A445RC","6","T11400","BEA_API"
2019,11,"Corporate profits with IVA and CCAdj",1938296,"A445RC","6","T11400","BEA_API"
2020,11,"Corporate profits with IVA and CCAdj",1966263,"A445RC","6","T11400","BEA_API"
2021,11,"Corporate profits with IVA and CCAdj",2697790,"A445RC","6","T11400","BEA_API"
2022,11,"Corporate profits with IVA and CCAdj",2913118,"A445RC","6","T11400","BEA_API"
2023,11,"Corporate profits with IVA and CCAdj",3144250,"A445RC","6","T11400","BEA_API"
2024,11,"Corporate profits with IVA and CCAdj",3344161,"A445RC","6","T11400","BEA_API"
2025,11,"Corporate profits with IVA and CCAdj",3550884,"A445RC","6","T11400","BEA_API"
1929,12,"Taxes on corporate income",1365,"A054RC","6","T11400","BEA_API"
1930,12,"Taxes on corporate income",842,"A054RC","6","T11400","BEA_API"
1931,12,"Taxes on corporate income",498,"A054RC","6","T11400","BEA_API"
1932,12,"Taxes on corporate income",383,"A054RC","6","T11400","BEA_API"
1933,12,"Taxes on corporate income",521,"A054RC","6","T11400","BEA_API"
1934,12,"Taxes on corporate income",744,"A054RC","6","T11400","BEA_API"
1935,12,"Taxes on corporate income",951,"A054RC","6","T11400","BEA_API"
1936,12,"Taxes on corporate income",1409,"A054RC","6","T11400","BEA_API"
1937,12,"Taxes on corporate income",1502,"A054RC","6","T11400","BEA_API"
1938,12,"Taxes on corporate income",1029,"A054RC","6","T11400","BEA_API"
1939,12,"Taxes on corporate income",1441,"A054RC","6","T11400","BEA_API"
1940,12,"Taxes on corporate income",2834,"A054RC","6","T11400","BEA_API"
1941,12,"Taxes on corporate income",7610,"A054RC","6","T11400","BEA_API"
1942,12,"Taxes on corporate income",11415,"A054RC","6","T11400","BEA_API"
1943,12,"Taxes on corporate income",14074,"A054RC","6","T11400","BEA_API"
1944,12,"Taxes on corporate income",12949,"A054RC","6","T11400","BEA_API"
1945,12,"Taxes on corporate income",10689,"A054RC","6","T11400","BEA_API"
1946,12,"Taxes on corporate income",9104,"A054RC","6","T11400","BEA_API"
1947,12,"Taxes on corporate income",11193,"A054RC","6","T11400","BEA_API"
1948,12,"Taxes on corporate income",12254,"A054RC","6","T11400","BEA_API"
1949,12,"Taxes on corporate income",10010,"A054RC","6","T11400","BEA_API"
1950,12,"Taxes on corporate income",17728,"A054RC","6","T11400","BEA_API"
1951,12,"Taxes on corporate income",22304,"A054RC","6","T11400","BEA_API"
1952,12,"Taxes on corporate income",19107,"A054RC","6","T11400","BEA_API"
1953,12,"Taxes on corporate income",19944,"A054RC","6","T11400","BEA_API"
1954,12,"Taxes on corporate income",17348,"A054RC","6","T11400","BEA_API"
1955,12,"Taxes on corporate income",21789,"A054RC","6","T11400","BEA_API"
1956,12,"Taxes on corporate income",21591,"A054RC","6","T11400","BEA_API"
1957,12,"Taxes on corporate income",20880,"A054RC","6","T11400","BEA_API"
1958,12,"Taxes on corporate income",18440,"A054RC","6","T11400","BEA_API"
1959,12,"Taxes on corporate income",22816,"A054RC","6","T11400","BEA_API"
1960,12,"Taxes on corporate income",21885,"A054RC","6","T11400","BEA_API"
1961,12,"Taxes on corporate income",22203,"A054RC","6","T11400","BEA_API"
1962,12,"Taxes on corporate income",23296,"A054RC","6","T11400","BEA_API"
1963,12,"Taxes on corporate income",25491,"A054RC","6","T11400","BEA_API"
1964,12,"Taxes on corporate income",26573,"A054RC","6","T11400","BEA_API"
1965,12,"Taxes on corporate income",29768,"A054RC","6","T11400","BEA_API"
1966,12,"Taxes on corporate income",32232,"A054RC","6","T11400","BEA_API"
1967,12,"Taxes on corporate income",30992,"A054RC","6","T11400","BEA_API"
1968,12,"Taxes on corporate income",37164,"A054RC","6","T11400","BEA_API"
1969,12,"Taxes on corporate income",36958,"A054RC","6","T11400","BEA_API"
1970,12,"Taxes on corporate income",31263,"A054RC","6","T11400","BEA_API"
1971,12,"Taxes on corporate income",34808,"A054RC","6","T11400","BEA_API"
1972,12,"Taxes on corporate income",39110,"A054RC","6","T11400","BEA_API"
1973,12,"Taxes on corporate income",45632,"A054RC","6","T11400","BEA_API"
1974,12,"Taxes on corporate income",47235,"A054RC","6","T11400","BEA_API"
1975,12,"Taxes on corporate income",46264,"A054RC","6","T11400","BEA_API"
1976,12,"Taxes on corporate income",59418,"A054RC","6","T11400","BEA_API"
1977,12,"Taxes on corporate income",68504,"A054RC","6","T11400","BEA_API"
1978,12,"Taxes on corporate income",77852,"A054RC","6","T11400","BEA_API"
1979,12,"Taxes on corporate income",80737,"A054RC","6","T11400","BEA_API"
1980,12,"Taxes on corporate income",75484,"A054RC","6","T11400","BEA_API"
1981,12,"Taxes on corporate income",70315,"A054RC","6","T11400","BEA_API"
1982,12,"Taxes on corporate income",51294,"A054RC","6","T11400","BEA_API"
1983,12,"Taxes on corporate income",66419,"A054RC","6","T11400","BEA_API"
1984,12,"Taxes on corporate income",81477,"A054RC","6","T11400","BEA_API"
1985,12,"Taxes on corporate income",81610,"A054RC","6","T11400","BEA_API"
1986,12,"Taxes on corporate income",91871,"A054RC","6","T11400","BEA_API"
1987,12,"Taxes on corporate income",112702,"A054RC","6","T11400","BEA_API"
1988,12,"Taxes on corporate income",124266,"A054RC","6","T11400","BEA_API"
1989,12,"Taxes on corporate income",124422,"A054RC","6","T11400","BEA_API"
1990,12,"Taxes on corporate income",121816,"A054RC","6","T11400","BEA_API"
1991,12,"Taxes on corporate income",117813,"A054RC","6","T11400","BEA_API"
1992,12,"Taxes on corporate income",131914,"A054RC","6","T11400","BEA_API"
1993,12,"Taxes on corporate income",155047,"A054RC","6","T11400","BEA_API"
1994,12,"Taxes on corporate income",172671,"A054RC","6","T11400","BEA_API"
1995,12,"Taxes on corporate income",194449,"A054RC","6","T11400","BEA_API"
1996,12,"Taxes on corporate income",211386,"A054RC","6","T11400","BEA_API"
1997,12,"Taxes on corporate income",224762,"A054RC","6","T11400","BEA_API"
1998,12,"Taxes on corporate income",221805,"A054RC","6","T11400","BEA_API"
1999,12,"Taxes on corporate income",227386,"A054RC","6","T11400","BEA_API"
2000,12,"Taxes on corporate income",233448,"A054RC","6","T11400","BEA_API"
2001,12,"Taxes on corporate income",170148,"A054RC","6","T11400","BEA_API"
2002,12,"Taxes on corporate income",160674,"A054RC","6","T11400","BEA_API"
2003,12,"Taxes on corporate income",213763,"A054RC","6","T11400","BEA_API"
2004,12,"Taxes on corporate income",278512,"A054RC","6","T11400","BEA_API"
2005,12,"Taxes on corporate income",379749,"A054RC","6","T11400","BEA_API"
2006,12,"Taxes on corporate income",430147,"A054RC","6","T11400","BEA_API"
2007,12,"Taxes on corporate income",391782,"A054RC","6","T11400","BEA_API"
2008,12,"Taxes on corporate income",255918,"A054RC","6","T11400","BEA_API"
2009,12,"Taxes on corporate income",203933,"A054RC","6","T11400","BEA_API"
2010,12,"Taxes on corporate income",272267,"A054RC","6","T11400","BEA_API"
2011,12,"Taxes on corporate income",280763,"A054RC","6","T11400","BEA_API"
2012,12,"Taxes on corporate income",334589,"A054RC","6","T11400","BEA_API"
2013,12,"Taxes on corporate income",362418,"A054RC","6","T11400","BEA_API"
2014,12,"Taxes on corporate income",406890,"A054RC","6","T11400","BEA_API"
2015,12,"Taxes on corporate income",396125,"A054RC","6","T11400","BEA_API"
2016,12,"Taxes on corporate income",376034,"A054RC","6","T11400","BEA_API"
2017,12,"Taxes on corporate income",297156,"A054RC","6","T11400","BEA_API"
2018,12,"Taxes on corporate income",297423,"A054RC","6","T11400","BEA_API"
2019,12,"Taxes on corporate income",297195,"A054RC","6","T11400","BEA_API"
2020,12,"Taxes on corporate income",311059,"A054RC","6","T11400","BEA_API"
2021,12,"Taxes on corporate income",468876,"A054RC","6","T11400","BEA_API"
2022,12,"Taxes on corporate income",600568,"A054RC","6","T11400","BEA_API"
2023,12,"Taxes on corporate income",613010,"A054RC","6","T11400","BEA_API"
2024,12,"Taxes on corporate income",680341,"A054RC","6","T11400","BEA_API"
2025,12,"Taxes on corporate income",695171,"A054RC","6","T11400","BEA_API"
1929,13,"Profits after tax with IVA and CCAdj",9236,"W273RC","6","T11400","BEA_API"
1930,13,"Profits after tax with IVA and CCAdj",6519,"W273RC","6","T11400","BEA_API"
1931,13,"Profits after tax with IVA and CCAdj",2457,"W273RC","6","T11400","BEA_API"
1932,13,"Profits after tax with IVA and CCAdj",-539,"W273RC","6","T11400","BEA_API"
1933,13,"Profits after tax with IVA and CCAdj",-694,"W273RC","6","T11400","BEA_API"
1934,13,"Profits after tax with IVA and CCAdj",1713,"W273RC","6","T11400","BEA_API"
1935,13,"Profits after tax with IVA and CCAdj",2908,"W273RC","6","T11400","BEA_API"
1936,13,"Profits after tax with IVA and CCAdj",4717,"W273RC","6","T11400","BEA_API"
1937,13,"Profits after tax with IVA and CCAdj",5278,"W273RC","6","T11400","BEA_API"
1938,13,"Profits after tax with IVA and CCAdj",3678,"W273RC","6","T11400","BEA_API"
1939,13,"Profits after tax with IVA and CCAdj",4827,"W273RC","6","T11400","BEA_API"
1940,13,"Profits after tax with IVA and CCAdj",6772,"W273RC","6","T11400","BEA_API"
1941,13,"Profits after tax with IVA and CCAdj",7692,"W273RC","6","T11400","BEA_API"
1942,13,"Profits after tax with IVA and CCAdj",8996,"W273RC","6","T11400","BEA_API"
1943,13,"Profits after tax with IVA and CCAdj",10454,"W273RC","6","T11400","BEA_API"
1944,13,"Profits after tax with IVA and CCAdj",11600,"W273RC","6","T11400","BEA_API"
1945,13,"Profits after tax with IVA and CCAdj",9421,"W273RC","6","T11400","BEA_API"
1946,13,"Profits after tax with IVA and CCAdj",8448,"W273RC","6","T11400","BEA_API"
1947,13,"Profits after tax with IVA and CCAdj",11985,"W273RC","6","T11400","BEA_API"
1948,13,"Profits after tax with IVA and CCAdj",17878,"W273RC","6","T11400","BEA_API"
1949,13,"Profits after tax with IVA and CCAdj",17923,"W273RC","6","T11400","BEA_API"
1950,13,"Profits after tax with IVA and CCAdj",17062,"W273RC","6","T11400","BEA_API"
1951,13,"Profits after tax with IVA and CCAdj",17150,"W273RC","6","T11400","BEA_API"
1952,13,"Profits after tax with IVA and CCAdj",18670,"W273RC","6","T11400","BEA_API"
1953,13,"Profits after tax with IVA and CCAdj",18552,"W273RC","6","T11400","BEA_API"
1954,13,"Profits after tax with IVA and CCAdj",20150,"W273RC","6","T11400","BEA_API"
1955,13,"Profits after tax with IVA and CCAdj",26025,"W273RC","6","T11400","BEA_API"
1956,13,"Profits after tax with IVA and CCAdj",25234,"W273RC","6","T11400","BEA_API"
1957,13,"Profits after tax with IVA and CCAdj",25168,"W273RC","6","T11400","BEA_API"
1958,13,"Profits after tax with IVA and CCAdj",22894,"W273RC","6","T11400","BEA_API"
1959,13,"Profits after tax with IVA and CCAdj",29980,"W273RC","6","T11400","BEA_API"
1960,13,"Profits after tax with IVA and CCAdj",29658,"W273RC","6","T11400","BEA_API"
1961,13,"Profits after tax with IVA and CCAdj",30426,"W273RC","6","T11400","BEA_API"
1962,13,"Profits after tax with IVA and CCAdj",36975,"W273RC","6","T11400","BEA_API"
1963,13,"Profits after tax with IVA and CCAdj",40936,"W273RC","6","T11400","BEA_API"
1964,13,"Profits after tax with IVA and CCAdj",46666,"W273RC","6","T11400","BEA_API"
1965,13,"Profits after tax with IVA and CCAdj",54815,"W273RC","6","T11400","BEA_API"
1966,13,"Profits after tax with IVA and CCAdj",59362,"W273RC","6","T11400","BEA_API"
1967,13,"Profits after tax with IVA and CCAdj",58099,"W273RC","6","T11400","BEA_API"
1968,13,"Profits after tax with IVA and CCAdj",58947,"W273RC","6","T11400","BEA_API"
1969,13,"Profits after tax with IVA and CCAdj",54863,"W273RC","6","T11400","BEA_API"
1970,13,"Profits after tax with IVA and CCAdj",47881,"W273RC","6","T11400","BEA_API"
1971,13,"Profits after tax with IVA and CCAdj",57984,"W273RC","6","T11400","BEA_API"
1972,13,"Profits after tax with IVA and CCAdj",68568,"W273RC","6","T11400","BEA_API"
1973,13,"Profits after tax with IVA and CCAdj",72860,"W273RC","6","T11400","BEA_API"
1974,13,"Profits after tax with IVA and CCAdj",61001,"W273RC","6","T11400","BEA_API"
1975,13,"Profits after tax with IVA and CCAdj",77964,"W273RC","6","T11400","BEA_API"
1976,13,"Profits after tax with IVA and CCAdj",98372,"W273RC","6","T11400","BEA_API"
1977,13,"Profits after tax with IVA and CCAdj",118166,"W273RC","6","T11400","BEA_API"
1978,13,"Profits after tax with IVA and CCAdj",137848,"W273RC","6","T11400","BEA_API"
1979,13,"Profits after tax with IVA and CCAdj",133868,"W273RC","6","T11400","BEA_API"
1980,13,"Profits after tax with IVA and CCAdj",112171,"W273RC","6","T11400","BEA_API"
1981,13,"Profits after tax with IVA and CCAdj",145900,"W273RC","6","T11400","BEA_API"
1982,13,"Profits after tax with IVA and CCAdj",143875,"W273RC","6","T11400","BEA_API"
1983,13,"Profits after tax with IVA and CCAdj",176428,"W273RC","6","T11400","BEA_API"
1984,13,"Profits after tax with IVA and CCAdj",219222,"W273RC","6","T11400","BEA_API"
1985,13,"Profits after tax with IVA and CCAdj",233370,"W273RC","6","T11400","BEA_API"
1986,13,"Profits after tax with IVA and CCAdj",192220,"W273RC","6","T11400","BEA_API"
1987,13,"Profits after tax with IVA and CCAdj",210101,"W273RC","6","T11400","BEA_API"
1988,13,"Profits after tax with IVA and CCAdj",234992,"W273RC","6","T11400","BEA_API"
1989,13,"Profits after tax with IVA and CCAdj",227165,"W273RC","6","T11400","BEA_API"
1990,13,"Profits after tax with IVA and CCAdj",221427,"W273RC","6","T11400","BEA_API"
1991,13,"Profits after tax with IVA and CCAdj",254458,"W273RC","6","T11400","BEA_API"
1992,13,"Profits after tax with IVA and CCAdj",276286,"W273RC","6","T11400","BEA_API"
1993,13,"Profits after tax with IVA and CCAdj",298740,"W273RC","6","T11400","BEA_API"
1994,13,"Profits after tax with IVA and CCAdj",383454,"W273RC","6","T11400","BEA_API"
1995,13,"Profits after tax with IVA and CCAdj",429281,"W273RC","6","T11400","BEA_API"
1996,13,"Profits after tax with IVA and CCAdj",490216,"W273RC","6","T11400","BEA_API"
1997,13,"Profits after tax with IVA and CCAdj",557550,"W273RC","6","T11400","BEA_API"
1998,13,"Profits after tax with IVA and CCAdj",510600,"W273RC","6","T11400","BEA_API"
1999,13,"Profits after tax with IVA and CCAdj",517653,"W273RC","6","T11400","BEA_API"
2000,13,"Profits after tax with IVA and CCAdj",447299,"W273RC","6","T11400","BEA_API"
2001,13,"Profits after tax with IVA and CCAdj",448236,"W273RC","6","T11400","BEA_API"
2002,13,"Profits after tax with IVA and CCAdj",612915,"W273RC","6","T11400","BEA_API"
2003,13,"Profits after tax with IVA and CCAdj",704381,"W273RC","6","T11400","BEA_API"
2004,13,"Profits after tax with IVA and CCAdj",846901,"W273RC","6","T11400","BEA_API"
2005,13,"Profits after tax with IVA and CCAdj",924580,"W273RC","6","T11400","BEA_API"
2006,13,"Profits after tax with IVA and CCAdj",1026238,"W273RC","6","T11400","BEA_API"
2007,13,"Profits after tax with IVA and CCAdj",866246,"W273RC","6","T11400","BEA_API"
2008,13,"Profits after tax with IVA and CCAdj",699509,"W273RC","6","T11400","BEA_API"
2009,13,"Profits after tax with IVA and CCAdj",872955,"W273RC","6","T11400","BEA_API"
2010,13,"Profits after tax with IVA and CCAdj",1116418,"W273RC","6","T11400","BEA_API"
2011,13,"Profits after tax with IVA and CCAdj",1169115,"W273RC","6","T11400","BEA_API"
2012,13,"Profits after tax with IVA and CCAdj",1317781,"W273RC","6","T11400","BEA_API"
2013,13,"Profits after tax with IVA and CCAdj",1319880,"W273RC","6","T11400","BEA_API"
2014,13,"Profits after tax with IVA and CCAdj",1401066,"W273RC","6","T11400","BEA_API"
2015,13,"Profits after tax with IVA and CCAdj",1381803,"W273RC","6","T11400","BEA_API"
2016,13,"Profits after tax with IVA and CCAdj",1348367,"W273RC","6","T11400","BEA_API"
2017,13,"Profits after tax with IVA and CCAdj",1429187,"W273RC","6","T11400","BEA_API"
2018,13,"Profits after tax with IVA and CCAdj",1547154,"W273RC","6","T11400","BEA_API"
2019,13,"Profits after tax with IVA and CCAdj",1641101,"W273RC","6","T11400","BEA_API"
2020,13,"Profits after tax with IVA and CCAdj",1655204,"W273RC","6","T11400","BEA_API"
2021,13,"Profits after tax with IVA and CCAdj",2228914,"W273RC","6","T11400","BEA_API"
2022,13,"Profits after tax with IVA and CCAdj",2312550,"W273RC","6","T11400","BEA_API"
2023,13,"Profits after tax with IVA and CCAdj",2531240,"W273RC","6","T11400","BEA_API"
2024,13,"Profits after tax with IVA and CCAdj",2663820,"W273RC","6","T11400","BEA_API"
2025,13,"Profits after tax with IVA and CCAdj",2855713,"W273RC","6","T11400","BEA_API"
1929,14,"Net dividends",5573,"A449RC","6","T11400","BEA_API"
1930,14,"Net dividends",5331,"A449RC","6","T11400","BEA_API"
1931,14,"Net dividends",4070,"A449RC","6","T11400","BEA_API"
1932,14,"Net dividends",2580,"A449RC","6","T11400","BEA_API"
1933,14,"Net dividends",2040,"A449RC","6","T11400","BEA_API"
1934,14,"Net dividends",2507,"A449RC","6","T11400","BEA_API"
1935,14,"Net dividends",2685,"A449RC","6","T11400","BEA_API"
1936,14,"Net dividends",4419,"A449RC","6","T11400","BEA_API"
1937,14,"Net dividends",4538,"A449RC","6","T11400","BEA_API"
1938,14,"Net dividends",2918,"A449RC","6","T11400","BEA_API"
1939,14,"Net dividends",3582,"A449RC","6","T11400","BEA_API"
1940,14,"Net dividends",3782,"A449RC","6","T11400","BEA_API"
1941,14,"Net dividends",4200,"A449RC","6","T11400","BEA_API"
1942,14,"Net dividends",4029,"A449RC","6","T11400","BEA_API"
1943,14,"Net dividends",4208,"A449RC","6","T11400","BEA_API"
1944,14,"Net dividends",4324,"A449RC","6","T11400","BEA_API"
1945,14,"Net dividends",4372,"A449RC","6","T11400","BEA_API"
1946,14,"Net dividends",5149,"A449RC","6","T11400","BEA_API"
1947,14,"Net dividends",5707,"A449RC","6","T11400","BEA_API"
1948,14,"Net dividends",6367,"A449RC","6","T11400","BEA_API"
1949,14,"Net dividends",6599,"A449RC","6","T11400","BEA_API"
1950,14,"Net dividends",8051,"A449RC","6","T11400","BEA_API"
1951,14,"Net dividends",7663,"A449RC","6","T11400","BEA_API"
1952,14,"Net dividends",7753,"A449RC","6","T11400","BEA_API"
1953,14,"Net dividends",8094,"A449RC","6","T11400","BEA_API"
1954,14,"Net dividends",8136,"A449RC","6","T11400","BEA_API"
1955,14,"Net dividends",9151,"A449RC","6","T11400","BEA_API"
1956,14,"Net dividends",9869,"A449RC","6","T11400","BEA_API"
1957,14,"Net dividends",10399,"A449RC","6","T11400","BEA_API"
1958,14,"Net dividends",10356,"A449RC","6","T11400","BEA_API"
1959,14,"Net dividends",11619,"A449RC","6","T11400","BEA_API"
1960,14,"Net dividends",12307,"A449RC","6","T11400","BEA_API"
1961,14,"Net dividends",12193,"A449RC","6","T11400","BEA_API"
1962,14,"Net dividends",13155,"A449RC","6","T11400","BEA_API"
1963,14,"Net dividends",14442,"A449RC","6","T11400","BEA_API"
1964,14,"Net dividends",16573,"A449RC","6","T11400","BEA_API"
1965,14,"Net dividends",18171,"A449RC","6","T11400","BEA_API"
1966,14,"Net dividends",19477,"A449RC","6","T11400","BEA_API"
1967,14,"Net dividends",20237,"A449RC","6","T11400","BEA_API"
1968,14,"Net dividends",22631,"A449RC","6","T11400","BEA_API"
1969,14,"Net dividends",23422,"A449RC","6","T11400","BEA_API"
1970,14,"Net dividends",23865,"A449RC","6","T11400","BEA_API"
1971,14,"Net dividends",23694,"A449RC","6","T11400","BEA_API"
1972,14,"Net dividends",25173,"A449RC","6","T11400","BEA_API"
1973,14,"Net dividends",27448,"A449RC","6","T11400","BEA_API"
1974,14,"Net dividends",29004,"A449RC","6","T11400","BEA_API"
1975,14,"Net dividends",31786,"A449RC","6","T11400","BEA_API"
1976,14,"Net dividends",35925,"A449RC","6","T11400","BEA_API"
1977,14,"Net dividends",39627,"A449RC","6","T11400","BEA_API"
1978,14,"Net dividends",46615,"A449RC","6","T11400","BEA_API"
1979,14,"Net dividends",50978,"A449RC","6","T11400","BEA_API"
1980,14,"Net dividends",59251,"A449RC","6","T11400","BEA_API"
1981,14,"Net dividends",68438,"A449RC","6","T11400","BEA_API"
1982,14,"Net dividends",72098,"A449RC","6","T11400","BEA_API"
1983,14,"Net dividends",84246,"A449RC","6","T11400","BEA_API"
1984,14,"Net dividends",89736,"A449RC","6","T11400","BEA_API"
1985,14,"Net dividends",99909,"A449RC","6","T11400","BEA_API"
1986,14,"Net dividends",103192,"A449RC","6","T11400","BEA_API"
1987,14,"Net dividends",103163,"A449RC","6","T11400","BEA_API"
1988,14,"Net dividends",113617,"A449RC","6","T11400","BEA_API"
1989,14,"Net dividends",147709,"A449RC","6","T11400","BEA_API"
1990,14,"Net dividends",168590,"A449RC","6","T11400","BEA_API"
1991,14,"Net dividends",177803,"A449RC","6","T11400","BEA_API"
1992,14,"Net dividends",178473,"A449RC","6","T11400","BEA_API"
1993,14,"Net dividends",201111,"A449RC","6","T11400","BEA_API"
1994,14,"Net dividends",220391,"A449RC","6","T11400","BEA_API"
1995,14,"Net dividends",250774,"A449RC","6","T11400","BEA_API"
1996,14,"Net dividends",283461,"A449RC","6","T11400","BEA_API"
1997,14,"Net dividends",312727,"A449RC","6","T11400","BEA_API"
1998,14,"Net dividends",344361,"A449RC","6","T11400","BEA_API"
1999,14,"Net dividends",333669,"A449RC","6","T11400","BEA_API"
2000,14,"Net dividends",383651,"A449RC","6","T11400","BEA_API"
2001,14,"Net dividends",362060,"A449RC","6","T11400","BEA_API"
2002,14,"Net dividends",379443,"A449RC","6","T11400","BEA_API"
2003,14,"Net dividends",422953,"A449RC","6","T11400","BEA_API"
2004,14,"Net dividends",517519,"A449RC","6","T11400","BEA_API"
2005,14,"Net dividends",318392,"A449RC","6","T11400","BEA_API"
2006,14,"Net dividends",637938,"A449RC","6","T11400","BEA_API"
2007,14,"Net dividends",677861,"A449RC","6","T11400","BEA_API"
2008,14,"Net dividends",660852,"A449RC","6","T11400","BEA_API"
2009,14,"Net dividends",516582,"A449RC","6","T11400","BEA_API"
2010,14,"Net dividends",514546,"A449RC","6","T11400","BEA_API"
2011,14,"Net dividends",633083,"A449RC","6","T11400","BEA_API"
2012,14,"Net dividends",765393,"A449RC","6","T11400","BEA_API"
2013,14,"Net dividends",858891,"A449RC","6","T11400","BEA_API"
2014,14,"Net dividends",898271,"A449RC","6","T11400","BEA_API"
2015,14,"Net dividends",965924,"A449RC","6","T11400","BEA_API"
2016,14,"Net dividends",953732,"A449RC","6","T11400","BEA_API"
2017,14,"Net dividends",1043492,"A449RC","6","T11400","BEA_API"
2018,14,"Net dividends",418955,"A449RC","6","T11400","BEA_API"
2019,14,"Net dividends",937773,"A449RC","6","T11400","BEA_API"
2020,14,"Net dividends",1167415,"A449RC","6","T11400","BEA_API"
2021,14,"Net dividends",1544530,"A449RC","6","T11400","BEA_API"
2022,14,"Net dividends",1644556,"A449RC","6","T11400","BEA_API"
2023,14,"Net dividends",1741153,"A449RC","6","T11400","BEA_API"
2024,14,"Net dividends",1880004,"A449RC","6","T11400","BEA_API"
2025,14,"Net dividends",1706853,"A449RC","6","T11400","BEA_API"
1929,15,"Undistributed profits with IVA and CCAdj",3663,"W274RC","6","T11400","BEA_API"
1930,15,"Undistributed profits with IVA and CCAdj",1188,"W274RC","6","T11400","BEA_API"
1931,15,"Undistributed profits with IVA and CCAdj",-1613,"W274RC","6","T11400","BEA_API"
1932,15,"Undistributed profits with IVA and CCAdj",-3119,"W274RC","6","T11400","BEA_API"
1933,15,"Undistributed profits with IVA and CCAdj",-2734,"W274RC","6","T11400","BEA_API"
1934,15,"Undistributed profits with IVA and CCAdj",-794,"W274RC","6","T11400","BEA_API"
1935,15,"Undistributed profits with IVA and CCAdj",223,"W274RC","6","T11400","BEA_API"
1936,15,"Undistributed profits with IVA and CCAdj",298,"W274RC","6","T11400","BEA_API"
1937,15,"Undistributed profits with IVA and CCAdj",740,"W274RC","6","T11400","BEA_API"
1938,15,"Undistributed profits with IVA and CCAdj",760,"W274RC","6","T11400","BEA_API"
1939,15,"Undistributed profits with IVA and CCAdj",1245,"W274RC","6","T11400","BEA_API"
1940,15,"Undistributed profits with IVA and CCAdj",2990,"W274RC","6","T11400","BEA_API"
1941,15,"Undistributed profits with IVA and CCAdj",3492,"W274RC","6","T11400","BEA_API"
1942,15,"Undistributed profits with IVA and CCAdj",4967,"W274RC","6","T11400","BEA_API"
1943,15,"Undistributed profits with IVA and CCAdj",6246,"W274RC","6","T11400","BEA_API"
1944,15,"Undistributed profits with IVA and CCAdj",7276,"W274RC","6","T11400","BEA_API"
1945,15,"Undistributed profits with IVA and CCAdj",5049,"W274RC","6","T11400","BEA_API"
1946,15,"Undistributed profits with IVA and CCAdj",3299,"W274RC","6","T11400","BEA_API"
1947,15,"Undistributed profits with IVA and CCAdj",6278,"W274RC","6","T11400","BEA_API"
1948,15,"Undistributed profits with IVA and CCAdj",11511,"W274RC","6","T11400","BEA_API"
1949,15,"Undistributed profits with IVA and CCAdj",11324,"W274RC","6","T11400","BEA_API"
1950,15,"Undistributed profits with IVA and CCAdj",9011,"W274RC","6","T11400","BEA_API"
1951,15,"Undistributed profits with IVA and CCAdj",9487,"W274RC","6","T11400","BEA_API"
1952,15,"Undistributed profits with IVA and CCAdj",10917,"W274RC","6","T11400","BEA_API"
1953,15,"Undistributed profits with IVA and CCAdj",10458,"W274RC","6","T11400","BEA_API"
1954,15,"Undistributed profits with IVA and CCAdj",12014,"W274RC","6","T11400","BEA_API"
1955,15,"Undistributed profits with IVA and CCAdj",16874,"W274RC","6","T11400","BEA_API"
1956,15,"Undistributed profits with IVA and CCAdj",15365,"W274RC","6","T11400","BEA_API"
1957,15,"Undistributed profits with IVA and CCAdj",14769,"W274RC","6","T11400","BEA_API"
1958,15,"Undistributed profits with IVA and CCAdj",12538,"W274RC","6","T11400","BEA_API"
1959,15,"Undistributed profits with IVA and CCAdj",18361,"W274RC","6","T11400","BEA_API"
1960,15,"Undistributed profits with IVA and CCAdj",17351,"W274RC","6","T11400","BEA_API"
1961,15,"Undistributed profits with IVA and CCAdj",18233,"W274RC","6","T11400","BEA_API"
1962,15,"Undistributed profits with IVA and CCAdj",23820,"W274RC","6","T11400","BEA_API"
1963,15,"Undistributed profits with IVA and CCAdj",26494,"W274RC","6","T11400","BEA_API"
1964,15,"Undistributed profits with IVA and CCAdj",30093,"W274RC","6","T11400","BEA_API"
1965,15,"Undistributed profits with IVA and CCAdj",36644,"W274RC","6","T11400","BEA_API"
1966,15,"Undistributed profits with IVA and CCAdj",39885,"W274RC","6","T11400","BEA_API"
1967,15,"Undistributed profits with IVA and CCAdj",37862,"W274RC","6","T11400","BEA_API"
1968,15,"Undistributed profits with IVA and CCAdj",36316,"W274RC","6","T11400","BEA_API"
1969,15,"Undistributed profits with IVA and CCAdj",31441,"W274RC","6","T11400","BEA_API"
1970,15,"Undistributed profits with IVA and CCAdj",24016,"W274RC","6","T11400","BEA_API"
1971,15,"Undistributed profits with IVA and CCAdj",34290,"W274RC","6","T11400","BEA_API"
1972,15,"Undistributed profits with IVA and CCAdj",43395,"W274RC","6","T11400","BEA_API"
1973,15,"Undistributed profits with IVA and CCAdj",45412,"W274RC","6","T11400","BEA_API"
1974,15,"Undistributed profits with IVA and CCAdj",31997,"W274RC","6","T11400","BEA_API"
1975,15,"Undistributed profits with IVA and CCAdj",46178,"W274RC","6","T11400","BEA_API"
1976,15,"Undistributed profits with IVA and CCAdj",62447,"W274RC","6","T11400","BEA_API"
1977,15,"Undistributed profits with IVA and CCAdj",78539,"W274RC","6","T11400","BEA_API"
1978,15,"Undistributed profits with IVA and CCAdj",91233,"W274RC","6","T11400","BEA_API"
1979,15,"Undistributed profits with IVA and CCAdj",82890,"W274RC","6","T11400","BEA_API"
1980,15,"Undistributed profits with IVA and CCAdj",52920,"W274RC","6","T11400","BEA_API"
1981,15,"Undistributed profits with IVA and CCAdj",77462,"W274RC","6","T11400","BEA_API"
1982,15,"Undistributed profits with IVA and CCAdj",71777,"W274RC","6","T11400","BEA_API"
1983,15,"Undistributed profits with IVA and CCAdj",92182,"W274RC","6","T11400","BEA_API"
1984,15,"Undistributed profits with IVA and CCAdj",129486,"W274RC","6","T11400","BEA_API"
1985,15,"Undistributed profits with IVA and CCAdj",133461,"W274RC","6","T11400","BEA_API"
1986,15,"Undistributed profits with IVA and CCAdj",89028,"W274RC","6","T11400","BEA_API"
1987,15,"Undistributed profits with IVA and CCAdj",106938,"W274RC","6","T11400","BEA_API"
1988,15,"Undistributed profits with IVA and CCAdj",121375,"W274RC","6","T11400","BEA_API"
1989,15,"Undistributed profits with IVA and CCAdj",79456,"W274RC","6","T11400","BEA_API"
1990,15,"Undistributed profits with IVA and CCAdj",52837,"W274RC","6","T11400","BEA_API"
1991,15,"Undistributed profits with IVA and CCAdj",76655,"W274RC","6","T11400","BEA_API"
1992,15,"Undistributed profits with IVA and CCAdj",97813,"W274RC","6","T11400","BEA_API"
1993,15,"Undistributed profits with IVA and CCAdj",97629,"W274RC","6","T11400","BEA_API"
1994,15,"Undistributed profits with IVA and CCAdj",163063,"W274RC","6","T11400","BEA_API"
1995,15,"Undistributed profits with IVA and CCAdj",178507,"W274RC","6","T11400","BEA_API"
1996,15,"Undistributed profits with IVA and CCAdj",206755,"W274RC","6","T11400","BEA_API"
1997,15,"Undistributed profits with IVA and CCAdj",244823,"W274RC","6","T11400","BEA_API"
1998,15,"Undistributed profits with IVA and CCAdj",166239,"W274RC","6","T11400","BEA_API"
1999,15,"Undistributed profits with IVA and CCAdj",183984,"W274RC","6","T11400","BEA_API"
2000,15,"Undistributed profits with IVA and CCAdj",63648,"W274RC","6","T11400","BEA_API"
2001,15,"Undistributed profits with IVA and CCAdj",86176,"W274RC","6","T11400","BEA_API"
2002,15,"Undistributed profits with IVA and CCAdj",233472,"W274RC","6","T11400","BEA_API"
2003,15,"Undistributed profits with IVA and CCAdj",281428,"W274RC","6","T11400","BEA_API"
2004,15,"Undistributed profits with IVA and CCAdj",329382,"W274RC","6","T11400","BEA_API"
2005,15,"Undistributed profits with IVA and CCAdj",606188,"W274RC","6","T11400","BEA_API"
2006,15,"Undistributed profits with IVA and CCAdj",388300,"W274RC","6","T11400","BEA_API"
2007,15,"Undistributed profits with IVA and CCAdj",188385,"W274RC","6","T11400","BEA_API"
2008,15,"Undistributed profits with IVA and CCAdj",38657,"W274RC","6","T11400","BEA_API"
2009,15,"Undistributed profits with IVA and CCAdj",356373,"W274RC","6","T11400","BEA_API"
2010,15,"Undistributed profits with IVA and CCAdj",601872,"W274RC","6","T11400","BEA_API"
2011,15,"Undistributed profits with IVA and CCAdj",536032,"W274RC","6","T11400","BEA_API"
2012,15,"Undistributed profits with IVA and CCAdj",552388,"W274RC","6","T11400","BEA_API"
2013,15,"Undistributed profits with IVA and CCAdj",460989,"W274RC","6","T11400","BEA_API"
2014,15,"Undistributed profits with IVA and CCAdj",502795,"W274RC","6","T11400","BEA_API"
2015,15,"Undistributed profits with IVA and CCAdj",415878,"W274RC","6","T11400","BEA_API"
2016,15,"Undistributed profits with IVA and CCAdj",394636,"W274RC","6","T11400","BEA_API"
2017,15,"Undistributed profits with IVA and CCAdj",385695,"W274RC","6","T11400","BEA_API"
2018,15,"Undistributed profits with IVA and CCAdj",1128198,"W274RC","6","T11400","BEA_API"
2019,15,"Undistributed profits with IVA and CCAdj",703328,"W274RC","6","T11400","BEA_API"
2020,15,"Undistributed profits with IVA and CCAdj",487789,"W274RC","6","T11400","BEA_API"
2021,15,"Undistributed profits with IVA and CCAdj",684384,"W274RC","6","T11400","BEA_API"
2022,15,"Undistributed profits with IVA and CCAdj",667994,"W274RC","6","T11400","BEA_API"
2023,15,"Undistributed profits with IVA and CCAdj",790086,"W274RC","6","T11400","BEA_API"
2024,15,"Undistributed profits with IVA and CCAdj",783816,"W274RC","6","T11400","BEA_API"
2025,15,"Undistributed profits with IVA and CCAdj",1148860,"W274RC","6","T11400","BEA_API"
1929,16,"Gross value added of financial corporate business",3980,"A454RC","6","T11400","BEA_API"
1930,16,"Gross value added of financial corporate business",2918,"A454RC","6","T11400","BEA_API"
1931,16,"Gross value added of financial corporate business",2415,"A454RC","6","T11400","BEA_API"
1932,16,"Gross value added of financial corporate business",2139,"A454RC","6","T11400","BEA_API"
1933,16,"Gross value added of financial corporate business",1899,"A454RC","6","T11400","BEA_API"
1934,16,"Gross value added of financial corporate business",2015,"A454RC","6","T11400","BEA_API"
1935,16,"Gross value added of financial corporate business",2216,"A454RC","6","T11400","BEA_API"
1936,16,"Gross value added of financial corporate business",2541,"A454RC","6","T11400","BEA_API"
1937,16,"Gross value added of financial corporate business",2589,"A454RC","6","T11400","BEA_API"
1938,16,"Gross value added of financial corporate business",2758,"A454RC","6","T11400","BEA_API"
1939,16,"Gross value added of financial corporate business",2880,"A454RC","6","T11400","BEA_API"
1940,16,"Gross value added of financial corporate business",3027,"A454RC","6","T11400","BEA_API"
1941,16,"Gross value added of financial corporate business",3275,"A454RC","6","T11400","BEA_API"
1942,16,"Gross value added of financial corporate business",3445,"A454RC","6","T11400","BEA_API"
1943,16,"Gross value added of financial corporate business",3802,"A454RC","6","T11400","BEA_API"
1944,16,"Gross value added of financial corporate business",4022,"A454RC","6","T11400","BEA_API"
1945,16,"Gross value added of financial corporate business",4245,"A454RC","6","T11400","BEA_API"
1946,16,"Gross value added of financial corporate business",5036,"A454RC","6","T11400","BEA_API"
1947,16,"Gross value added of financial corporate business",5292,"A454RC","6","T11400","BEA_API"
1948,16,"Gross value added of financial corporate business",6022,"A454RC","6","T11400","BEA_API"
1949,16,"Gross value added of financial corporate business",6730,"A454RC","6","T11400","BEA_API"
1950,16,"Gross value added of financial corporate business",7248,"A454RC","6","T11400","BEA_API"
1951,16,"Gross value added of financial corporate business",8148,"A454RC","6","T11400","BEA_API"
1952,16,"Gross value added of financial corporate business",9144,"A454RC","6","T11400","BEA_API"
1953,16,"Gross value added of financial corporate business",10141,"A454RC","6","T11400","BEA_API"
1954,16,"Gross value added of financial corporate business",10702,"A454RC","6","T11400","BEA_API"
1955,16,"Gross value added of financial corporate business",11675,"A454RC","6","T11400","BEA_API"
1956,16,"Gross value added of financial corporate business",12820,"A454RC","6","T11400","BEA_API"
1957,16,"Gross value added of financial corporate business",13740,"A454RC","6","T11400","BEA_API"
1958,16,"Gross value added of financial corporate business",14582,"A454RC","6","T11400","BEA_API"
1959,16,"Gross value added of financial corporate business",15791,"A454RC","6","T11400","BEA_API"
1960,16,"Gross value added of financial corporate business",17396,"A454RC","6","T11400","BEA_API"
1961,16,"Gross value added of financial corporate business",18306,"A454RC","6","T11400","BEA_API"
1962,16,"Gross value added of financial corporate business",19143,"A454RC","6","T11400","BEA_API"
1963,16,"Gross value added of financial corporate business",19534,"A454RC","6","T11400","BEA_API"
1964,16,"Gross value added of financial corporate business",21459,"A454RC","6","T11400","BEA_API"
1965,16,"Gross value added of financial corporate business",23036,"A454RC","6","T11400","BEA_API"
1966,16,"Gross value added of financial corporate business",25010,"A454RC","6","T11400","BEA_API"
1967,16,"Gross value added of financial corporate business",27980,"A454RC","6","T11400","BEA_API"
1968,16,"Gross value added of financial corporate business",31166,"A454RC","6","T11400","BEA_API"
1969,16,"Gross value added of financial corporate business",36028,"A454RC","6","T11400","BEA_API"
1970,16,"Gross value added of financial corporate business",39237,"A454RC","6","T11400","BEA_API"
1971,16,"Gross value added of financial corporate business",42825,"A454RC","6","T11400","BEA_API"
1972,16,"Gross value added of financial corporate business",46953,"A454RC","6","T11400","BEA_API"
1973,16,"Gross value added of financial corporate business",51370,"A454RC","6","T11400","BEA_API"
1974,16,"Gross value added of financial corporate business",59539,"A454RC","6","T11400","BEA_API"
1975,16,"Gross value added of financial corporate business",67265,"A454RC","6","T11400","BEA_API"
1976,16,"Gross value added of financial corporate business",72642,"A454RC","6","T11400","BEA_API"
1977,16,"Gross value added of financial corporate business",85117,"A454RC","6","T11400","BEA_API"
1978,16,"Gross value added of financial corporate business",102959,"A454RC","6","T11400","BEA_API"
1979,16,"Gross value added of financial corporate business",114030,"A454RC","6","T11400","BEA_API"
1980,16,"Gross value added of financial corporate business",127854,"A454RC","6","T11400","BEA_API"
1981,16,"Gross value added of financial corporate business",146063,"A454RC","6","T11400","BEA_API"
1982,16,"Gross value added of financial corporate business",163704,"A454RC","6","T11400","BEA_API"
1983,16,"Gross value added of financial corporate business",186555,"A454RC","6","T11400","BEA_API"
1984,16,"Gross value added of financial corporate business",208777,"A454RC","6","T11400","BEA_API"
1985,16,"Gross value added of financial corporate business",232328,"A454RC","6","T11400","BEA_API"
1986,16,"Gross value added of financial corporate business",241865,"A454RC","6","T11400","BEA_API"
1987,16,"Gross value added of financial corporate business",253231,"A454RC","6","T11400","BEA_API"
1988,16,"Gross value added of financial corporate business",268629,"A454RC","6","T11400","BEA_API"
1989,16,"Gross value added of financial corporate business",299933,"A454RC","6","T11400","BEA_API"
1990,16,"Gross value added of financial corporate business",306638,"A454RC","6","T11400","BEA_API"
1991,16,"Gross value added of financial corporate business",323459,"A454RC","6","T11400","BEA_API"
1992,16,"Gross value added of financial corporate business",365868,"A454RC","6","T11400","BEA_API"
1993,16,"Gross value added of financial corporate business",383927,"A454RC","6","T11400","BEA_API"
1994,16,"Gross value added of financial corporate business",393510,"A454RC","6","T11400","BEA_API"
1995,16,"Gross value added of financial corporate business",432745,"A454RC","6","T11400","BEA_API"
1996,16,"Gross value added of financial corporate business",473849,"A454RC","6","T11400","BEA_API"
1997,16,"Gross value added of financial corporate business",533801,"A454RC","6","T11400","BEA_API"
1998,16,"Gross value added of financial corporate business",599270,"A454RC","6","T11400","BEA_API"
1999,16,"Gross value added of financial corporate business",633881,"A454RC","6","T11400","BEA_API"
2000,16,"Gross value added of financial corporate business",705515,"A454RC","6","T11400","BEA_API"
2001,16,"Gross value added of financial corporate business",732436,"A454RC","6","T11400","BEA_API"
2002,16,"Gross value added of financial corporate business",754988,"A454RC","6","T11400","BEA_API"
2003,16,"Gross value added of financial corporate business",791207,"A454RC","6","T11400","BEA_API"
2004,16,"Gross value added of financial corporate business",826366,"A454RC","6","T11400","BEA_API"
2005,16,"Gross value added of financial corporate business",909905,"A454RC","6","T11400","BEA_API"
2006,16,"Gross value added of financial corporate business",1007744,"A454RC","6","T11400","BEA_API"
2007,16,"Gross value added of financial corporate business",941891,"A454RC","6","T11400","BEA_API"
2008,16,"Gross value added of financial corporate business",781085,"A454RC","6","T11400","BEA_API"
2009,16,"Gross value added of financial corporate business",913302,"A454RC","6","T11400","BEA_API"
2010,16,"Gross value added of financial corporate business",949802,"A454RC","6","T11400","BEA_API"
2011,16,"Gross value added of financial corporate business",961961,"A454RC","6","T11400","BEA_API"
2012,16,"Gross value added of financial corporate business",1063050,"A454RC","6","T11400","BEA_API"
2013,16,"Gross value added of financial corporate business",1039178,"A454RC","6","T11400","BEA_API"
2014,16,"Gross value added of financial corporate business",1194813,"A454RC","6","T11400","BEA_API"
2015,16,"Gross value added of financial corporate business",1267184,"A454RC","6","T11400","BEA_API"
2016,16,"Gross value added of financial corporate business",1337996,"A454RC","6","T11400","BEA_API"
2017,16,"Gross value added of financial corporate business",1361255,"A454RC","6","T11400","BEA_API"
2018,16,"Gross value added of financial corporate business",1458545,"A454RC","6","T11400","BEA_API"
2019,16,"Gross value added of financial corporate business",1532744,"A454RC","6","T11400","BEA_API"
2020,16,"Gross value added of financial corporate business",1596633,"A454RC","6","T11400","BEA_API"
2021,16,"Gross value added of financial corporate business",1746120,"A454RC","6","T11400","BEA_API"
2022,16,"Gross value added of financial corporate business",1877170,"A454RC","6","T11400","BEA_API"
2023,16,"Gross value added of financial corporate business",1962570,"A454RC","6","T11400","BEA_API"
2024,16,"Gross value added of financial corporate business",2111882,"A454RC","6","T11400","BEA_API"
2025,16,"Gross value added of financial corporate business",2283055,"A454RC","6","T11400","BEA_API"
1929,17,"Gross value added of nonfinancial corporate business",50825,"A455RC","6","T11400","BEA_API"
1930,17,"Gross value added of nonfinancial corporate business",45259,"A455RC","6","T11400","BEA_API"
1931,17,"Gross value added of nonfinancial corporate business",35431,"A455RC","6","T11400","BEA_API"
1932,17,"Gross value added of nonfinancial corporate business",25721,"A455RC","6","T11400","BEA_API"
1933,17,"Gross value added of nonfinancial corporate business",24976,"A455RC","6","T11400","BEA_API"
1934,17,"Gross value added of nonfinancial corporate business",31484,"A455RC","6","T11400","BEA_API"
1935,17,"Gross value added of nonfinancial corporate business",34931,"A455RC","6","T11400","BEA_API"
1936,17,"Gross value added of nonfinancial corporate business",40184,"A455RC","6","T11400","BEA_API"
1937,17,"Gross value added of nonfinancial corporate business",45751,"A455RC","6","T11400","BEA_API"
1938,17,"Gross value added of nonfinancial corporate business",40242,"A455RC","6","T11400","BEA_API"
1939,17,"Gross value added of nonfinancial corporate business",44443,"A455RC","6","T11400","BEA_API"
1940,17,"Gross value added of nonfinancial corporate business",51078,"A455RC","6","T11400","BEA_API"
1941,17,"Gross value added of nonfinancial corporate business",66680,"A455RC","6","T11400","BEA_API"
1942,17,"Gross value added of nonfinancial corporate business",84033,"A455RC","6","T11400","BEA_API"
1943,17,"Gross value added of nonfinancial corporate business",99680,"A455RC","6","T11400","BEA_API"
1944,17,"Gross value added of nonfinancial corporate business",103244,"A455RC","6","T11400","BEA_API"
1945,17,"Gross value added of nonfinancial corporate business",96576,"A455RC","6","T11400","BEA_API"
1946,17,"Gross value added of nonfinancial corporate business",100771,"A455RC","6","T11400","BEA_API"
1947,17,"Gross value added of nonfinancial corporate business",122211,"A455RC","6","T11400","BEA_API"
1948,17,"Gross value added of nonfinancial corporate business",140041,"A455RC","6","T11400","BEA_API"
1949,17,"Gross value added of nonfinancial corporate business",136291,"A455RC","6","T11400","BEA_API"
1950,17,"Gross value added of nonfinancial corporate business",154866,"A455RC","6","T11400","BEA_API"
1951,17,"Gross value added of nonfinancial corporate business",177643,"A455RC","6","T11400","BEA_API"
1952,17,"Gross value added of nonfinancial corporate business",185883,"A455RC","6","T11400","BEA_API"
1953,17,"Gross value added of nonfinancial corporate business",199043,"A455RC","6","T11400","BEA_API"
1954,17,"Gross value added of nonfinancial corporate business",196164,"A455RC","6","T11400","BEA_API"
1955,17,"Gross value added of nonfinancial corporate business",221376,"A455RC","6","T11400","BEA_API"
1956,17,"Gross value added of nonfinancial corporate business",237233,"A455RC","6","T11400","BEA_API"
1957,17,"Gross value added of nonfinancial corporate business",247921,"A455RC","6","T11400","BEA_API"
1958,17,"Gross value added of nonfinancial corporate business",242248,"A455RC","6","T11400","BEA_API"
1959,17,"Gross value added of nonfinancial corporate business",271655,"A455RC","6","T11400","BEA_API"
1960,17,"Gross value added of nonfinancial corporate business",282484,"A455RC","6","T11400","BEA_API"
1961,17,"Gross value added of nonfinancial corporate business",290423,"A455RC","6","T11400","BEA_API"
1962,17,"Gross value added of nonfinancial corporate business",316808,"A455RC","6","T11400","BEA_API"
1963,17,"Gross value added of nonfinancial corporate business",337829,"A455RC","6","T11400","BEA_API"
1964,17,"Gross value added of nonfinancial corporate business",364523,"A455RC","6","T11400","BEA_API"
1965,17,"Gross value added of nonfinancial corporate business",400741,"A455RC","6","T11400","BEA_API"
1966,17,"Gross value added of nonfinancial corporate business",440080,"A455RC","6","T11400","BEA_API"
1967,17,"Gross value added of nonfinancial corporate business",463191,"A455RC","6","T11400","BEA_API"
1968,17,"Gross value added of nonfinancial corporate business",510944,"A455RC","6","T11400","BEA_API"
1969,17,"Gross value added of nonfinancial corporate business",554625,"A455RC","6","T11400","BEA_API"
1970,17,"Gross value added of nonfinancial corporate business",572890,"A455RC","6","T11400","BEA_API"
1971,17,"Gross value added of nonfinancial corporate business",618097,"A455RC","6","T11400","BEA_API"
1972,17,"Gross value added of nonfinancial corporate business",685949,"A455RC","6","T11400","BEA_API"
1973,17,"Gross value added of nonfinancial corporate business",768838,"A455RC","6","T11400","BEA_API"
1974,17,"Gross value added of nonfinancial corporate business",830040,"A455RC","6","T11400","BEA_API"
1975,17,"Gross value added of nonfinancial corporate business",898280,"A455RC","6","T11400","BEA_API"
1976,17,"Gross value added of nonfinancial corporate business",1014666,"A455RC","6","T11400","BEA_API"
1977,17,"Gross value added of nonfinancial corporate business",1147401,"A455RC","6","T11400","BEA_API"
1978,17,"Gross value added of nonfinancial corporate business",1303931,"A455RC","6","T11400","BEA_API"
1979,17,"Gross value added of nonfinancial corporate business",1450326,"A455RC","6","T11400","BEA_API"
1980,17,"Gross value added of nonfinancial corporate business",1574527,"A455RC","6","T11400","BEA_API"
1981,17,"Gross value added of nonfinancial corporate business",1789067,"A455RC","6","T11400","BEA_API"
1982,17,"Gross value added of nonfinancial corporate business",1854861,"A455RC","6","T11400","BEA_API"
1983,17,"Gross value added of nonfinancial corporate business",1985899,"A455RC","6","T11400","BEA_API"
1984,17,"Gross value added of nonfinancial corporate business",2226000,"A455RC","6","T11400","BEA_API"
1985,17,"Gross value added of nonfinancial corporate business",2369165,"A455RC","6","T11400","BEA_API"
1986,17,"Gross value added of nonfinancial corporate business",2464907,"A455RC","6","T11400","BEA_API"
1987,17,"Gross value added of nonfinancial corporate business",2641902,"A455RC","6","T11400","BEA_API"
1988,17,"Gross value added of nonfinancial corporate business",2873908,"A455RC","6","T11400","BEA_API"
1989,17,"Gross value added of nonfinancial corporate business",3020213,"A455RC","6","T11400","BEA_API"
1990,17,"Gross value added of nonfinancial corporate business",3160697,"A455RC","6","T11400","BEA_API"
1991,17,"Gross value added of nonfinancial corporate business",3231237,"A455RC","6","T11400","BEA_API"
1992,17,"Gross value added of nonfinancial corporate business",3376497,"A455RC","6","T11400","BEA_API"
1993,17,"Gross value added of nonfinancial corporate business",3534936,"A455RC","6","T11400","BEA_API"
1994,17,"Gross value added of nonfinancial corporate business",3816575,"A455RC","6","T11400","BEA_API"
1995,17,"Gross value added of nonfinancial corporate business",4041486,"A455RC","6","T11400","BEA_API"
1996,17,"Gross value added of nonfinancial corporate business",4296356,"A455RC","6","T11400","BEA_API"
1997,17,"Gross value added of nonfinancial corporate business",4609353,"A455RC","6","T11400","BEA_API"
1998,17,"Gross value added of nonfinancial corporate business",4875176,"A455RC","6","T11400","BEA_API"
1999,17,"Gross value added of nonfinancial corporate business",5168284,"A455RC","6","T11400","BEA_API"
2000,17,"Gross value added of nonfinancial corporate business",5510787,"A455RC","6","T11400","BEA_API"
2001,17,"Gross value added of nonfinancial corporate business",5470157,"A455RC","6","T11400","BEA_API"
2002,17,"Gross value added of nonfinancial corporate business",5543551,"A455RC","6","T11400","BEA_API"
2003,17,"Gross value added of nonfinancial corporate business",5733743,"A455RC","6","T11400","BEA_API"
2004,17,"Gross value added of nonfinancial corporate business",6133641,"A455RC","6","T11400","BEA_API"
2005,17,"Gross value added of nonfinancial corporate business",6575529,"A455RC","6","T11400","BEA_API"
2006,17,"Gross value added of nonfinancial corporate business",7021572,"A455RC","6","T11400","BEA_API"
2007,17,"Gross value added of nonfinancial corporate business",7257367,"A455RC","6","T11400","BEA_API"
2008,17,"Gross value added of nonfinancial corporate business",7327703,"A455RC","6","T11400","BEA_API"
2009,17,"Gross value added of nonfinancial corporate business",6904035,"A455RC","6","T11400","BEA_API"
2010,17,"Gross value added of nonfinancial corporate business",7287190,"A455RC","6","T11400","BEA_API"
2011,17,"Gross value added of nonfinancial corporate business",7661063,"A455RC","6","T11400","BEA_API"
2012,17,"Gross value added of nonfinancial corporate business",8110944,"A455RC","6","T11400","BEA_API"
2013,17,"Gross value added of nonfinancial corporate business",8417763,"A455RC","6","T11400","BEA_API"
2014,17,"Gross value added of nonfinancial corporate business",8851699,"A455RC","6","T11400","BEA_API"
2015,17,"Gross value added of nonfinancial corporate business",9222330,"A455RC","6","T11400","BEA_API"
2016,17,"Gross value added of nonfinancial corporate business",9346389,"A455RC","6","T11400","BEA_API"
2017,17,"Gross value added of nonfinancial corporate business",9771449,"A455RC","6","T11400","BEA_API"
2018,17,"Gross value added of nonfinancial corporate business",10337804,"A455RC","6","T11400","BEA_API"
2019,17,"Gross value added of nonfinancial corporate business",10799812,"A455RC","6","T11400","BEA_API"
2020,17,"Gross value added of nonfinancial corporate business",10498662,"A455RC","6","T11400","BEA_API"
2021,17,"Gross value added of nonfinancial corporate business",12072724,"A455RC","6","T11400","BEA_API"
2022,17,"Gross value added of nonfinancial corporate business",13445428,"A455RC","6","T11400","BEA_API"
2023,17,"Gross value added of nonfinancial corporate business",14163359,"A455RC","6","T11400","BEA_API"
2024,17,"Gross value added of nonfinancial corporate business",14849197,"A455RC","6","T11400","BEA_API"
2025,17,"Gross value added of nonfinancial corporate business",15602020,"A455RC","6","T11400","BEA_API"
1929,18,"Consumption of fixed capital",5016,"B456RC","6","T11400","BEA_API"
1930,18,"Consumption of fixed capital",4872,"B456RC","6","T11400","BEA_API"
1931,18,"Consumption of fixed capital",4560,"B456RC","6","T11400","BEA_API"
1932,18,"Consumption of fixed capital",4076,"B456RC","6","T11400","BEA_API"
1933,18,"Consumption of fixed capital",3860,"B456RC","6","T11400","BEA_API"
1934,18,"Consumption of fixed capital",3944,"B456RC","6","T11400","BEA_API"
1935,18,"Consumption of fixed capital",4020,"B456RC","6","T11400","BEA_API"
1936,18,"Consumption of fixed capital",4080,"B456RC","6","T11400","BEA_API"
1937,18,"Consumption of fixed capital",4556,"B456RC","6","T11400","BEA_API"
1938,18,"Consumption of fixed capital",4632,"B456RC","6","T11400","BEA_API"
1939,18,"Consumption of fixed capital",4636,"B456RC","6","T11400","BEA_API"
1940,18,"Consumption of fixed capital",4844,"B456RC","6","T11400","BEA_API"
1941,18,"Consumption of fixed capital",5364,"B456RC","6","T11400","BEA_API"
1942,18,"Consumption of fixed capital",6124,"B456RC","6","T11400","BEA_API"
1943,18,"Consumption of fixed capital",6304,"B456RC","6","T11400","BEA_API"
1944,18,"Consumption of fixed capital",6496,"B456RC","6","T11400","BEA_API"
1945,18,"Consumption of fixed capital",6736,"B456RC","6","T11400","BEA_API"
1946,18,"Consumption of fixed capital",7752,"B456RC","6","T11400","BEA_API"
1947,18,"Consumption of fixed capital",9476,"B456RC","6","T11400","BEA_API"
1948,18,"Consumption of fixed capital",11120,"B456RC","6","T11400","BEA_API"
1949,18,"Consumption of fixed capital",12008,"B456RC","6","T11400","BEA_API"
1950,18,"Consumption of fixed capital",12848,"B456RC","6","T11400","BEA_API"
1951,18,"Consumption of fixed capital",14636,"B456RC","6","T11400","BEA_API"
1952,18,"Consumption of fixed capital",15580,"B456RC","6","T11400","BEA_API"
1953,18,"Consumption of fixed capital",16728,"B456RC","6","T11400","BEA_API"
1954,18,"Consumption of fixed capital",17724,"B456RC","6","T11400","BEA_API"
1955,18,"Consumption of fixed capital",18912,"B456RC","6","T11400","BEA_API"
1956,18,"Consumption of fixed capital",21356,"B456RC","6","T11400","BEA_API"
1957,18,"Consumption of fixed capital",23756,"B456RC","6","T11400","BEA_API"
1958,18,"Consumption of fixed capital",25496,"B456RC","6","T11400","BEA_API"
1959,18,"Consumption of fixed capital",26688,"B456RC","6","T11400","BEA_API"
1960,18,"Consumption of fixed capital",27560,"B456RC","6","T11400","BEA_API"
1961,18,"Consumption of fixed capital",28564,"B456RC","6","T11400","BEA_API"
1962,18,"Consumption of fixed capital",29824,"B456RC","6","T11400","BEA_API"
1963,18,"Consumption of fixed capital",31340,"B456RC","6","T11400","BEA_API"
1964,18,"Consumption of fixed capital",33252,"B456RC","6","T11400","BEA_API"
1965,18,"Consumption of fixed capital",35828,"B456RC","6","T11400","BEA_API"
1966,18,"Consumption of fixed capital",39392,"B456RC","6","T11400","BEA_API"
1967,18,"Consumption of fixed capital",43452,"B456RC","6","T11400","BEA_API"
1968,18,"Consumption of fixed capital",48092,"B456RC","6","T11400","BEA_API"
1969,18,"Consumption of fixed capital",53484,"B456RC","6","T11400","BEA_API"
1970,18,"Consumption of fixed capital",59260,"B456RC","6","T11400","BEA_API"
1971,18,"Consumption of fixed capital",64732,"B456RC","6","T11400","BEA_API"
1972,18,"Consumption of fixed capital",70188,"B456RC","6","T11400","BEA_API"
1973,18,"Consumption of fixed capital",78180,"B456RC","6","T11400","BEA_API"
1974,18,"Consumption of fixed capital",91384,"B456RC","6","T11400","BEA_API"
1975,18,"Consumption of fixed capital",107724,"B456RC","6","T11400","BEA_API"
1976,18,"Consumption of fixed capital",118272,"B456RC","6","T11400","BEA_API"
1977,18,"Consumption of fixed capital",132560,"B456RC","6","T11400","BEA_API"
1978,18,"Consumption of fixed capital",150152,"B456RC","6","T11400","BEA_API"
1979,18,"Consumption of fixed capital",172444,"B456RC","6","T11400","BEA_API"
1980,18,"Consumption of fixed capital",198860,"B456RC","6","T11400","BEA_API"
1981,18,"Consumption of fixed capital",229084,"B456RC","6","T11400","BEA_API"
1982,18,"Consumption of fixed capital",253880,"B456RC","6","T11400","BEA_API"
1983,18,"Consumption of fixed capital",264616,"B456RC","6","T11400","BEA_API"
1984,18,"Consumption of fixed capital",278952,"B456RC","6","T11400","BEA_API"
1985,18,"Consumption of fixed capital",298976,"B456RC","6","T11400","BEA_API"
1986,18,"Consumption of fixed capital",317872,"B456RC","6","T11400","BEA_API"
1987,18,"Consumption of fixed capital",334692,"B456RC","6","T11400","BEA_API"
1988,18,"Consumption of fixed capital",358200,"B456RC","6","T11400","BEA_API"
1989,18,"Consumption of fixed capital",380160,"B456RC","6","T11400","BEA_API"
1990,18,"Consumption of fixed capital",402624,"B456RC","6","T11400","BEA_API"
1991,18,"Consumption of fixed capital",423556,"B456RC","6","T11400","BEA_API"
1992,18,"Consumption of fixed capital",436252,"B456RC","6","T11400","BEA_API"
1993,18,"Consumption of fixed capital",455844,"B456RC","6","T11400","BEA_API"
1994,18,"Consumption of fixed capital",482344,"B456RC","6","T11400","BEA_API"
1995,18,"Consumption of fixed capital",520836,"B456RC","6","T11400","BEA_API"
1996,18,"Consumption of fixed capital",554164,"B456RC","6","T11400","BEA_API"
1997,18,"Consumption of fixed capital",594612,"B456RC","6","T11400","BEA_API"
1998,18,"Consumption of fixed capital",634096,"B456RC","6","T11400","BEA_API"
1999,18,"Consumption of fixed capital",679076,"B456RC","6","T11400","BEA_API"
2000,18,"Consumption of fixed capital",737452,"B456RC","6","T11400","BEA_API"
2001,18,"Consumption of fixed capital",781460,"B456RC","6","T11400","BEA_API"
2002,18,"Consumption of fixed capital",805024,"B456RC","6","T11400","BEA_API"
2003,18,"Consumption of fixed capital",818191,"B456RC","6","T11400","BEA_API"
2004,18,"Consumption of fixed capital",851954,"B456RC","6","T11400","BEA_API"
2005,18,"Consumption of fixed capital",913610,"B456RC","6","T11400","BEA_API"
2006,18,"Consumption of fixed capital",984445,"B456RC","6","T11400","BEA_API"
2007,18,"Consumption of fixed capital",1047219,"B456RC","6","T11400","BEA_API"
2008,18,"Consumption of fixed capital",1108750,"B456RC","6","T11400","BEA_API"
2009,18,"Consumption of fixed capital",1114626,"B456RC","6","T11400","BEA_API"
2010,18,"Consumption of fixed capital",1123495,"B456RC","6","T11400","BEA_API"
2011,18,"Consumption of fixed capital",1173463,"B456RC","6","T11400","BEA_API"
2012,18,"Consumption of fixed capital",1234809,"B456RC","6","T11400","BEA_API"
2013,18,"Consumption of fixed capital",1282795,"B456RC","6","T11400","BEA_API"
2014,18,"Consumption of fixed capital",1352680,"B456RC","6","T11400","BEA_API"
2015,18,"Consumption of fixed capital",1408263,"B456RC","6","T11400","BEA_API"
2016,18,"Consumption of fixed capital",1441019,"B456RC","6","T11400","BEA_API"
2017,18,"Consumption of fixed capital",1509413,"B456RC","6","T11400","BEA_API"
2018,18,"Consumption of fixed capital",1582147,"B456RC","6","T11400","BEA_API"
2019,18,"Consumption of fixed capital",1664696,"B456RC","6","T11400","BEA_API"
2020,18,"Consumption of fixed capital",1728115,"B456RC","6","T11400","BEA_API"
2021,18,"Consumption of fixed capital",1815454,"B456RC","6","T11400","BEA_API"
2022,18,"Consumption of fixed capital",2010486,"B456RC","6","T11400","BEA_API"
2023,18,"Consumption of fixed capital",2154291,"B456RC","6","T11400","BEA_API"
2024,18,"Consumption of fixed capital",2274356,"B456RC","6","T11400","BEA_API"
2025,18,"Consumption of fixed capital",2413879,"B456RC","6","T11400","BEA_API"
1929,19,"Net value added",45809,"A457RC","6","T11400","BEA_API"
1930,19,"Net value added",40387,"A457RC","6","T11400","BEA_API"
1931,19,"Net value added",30871,"A457RC","6","T11400","BEA_API"
1932,19,"Net value added",21645,"A457RC","6","T11400","BEA_API"
1933,19,"Net value added",21116,"A457RC","6","T11400","BEA_API"
1934,19,"Net value added",27540,"A457RC","6","T11400","BEA_API"
1935,19,"Net value added",30911,"A457RC","6","T11400","BEA_API"
1936,19,"Net value added",36104,"A457RC","6","T11400","BEA_API"
1937,19,"Net value added",41195,"A457RC","6","T11400","BEA_API"
1938,19,"Net value added",35610,"A457RC","6","T11400","BEA_API"
1939,19,"Net value added",39807,"A457RC","6","T11400","BEA_API"
1940,19,"Net value added",46234,"A457RC","6","T11400","BEA_API"
1941,19,"Net value added",61316,"A457RC","6","T11400","BEA_API"
1942,19,"Net value added",77909,"A457RC","6","T11400","BEA_API"
1943,19,"Net value added",93376,"A457RC","6","T11400","BEA_API"
1944,19,"Net value added",96748,"A457RC","6","T11400","BEA_API"
1945,19,"Net value added",89840,"A457RC","6","T11400","BEA_API"
1946,19,"Net value added",93019,"A457RC","6","T11400","BEA_API"
1947,19,"Net value added",112735,"A457RC","6","T11400","BEA_API"
1948,19,"Net value added",128921,"A457RC","6","T11400","BEA_API"
1949,19,"Net value added",124283,"A457RC","6","T11400","BEA_API"
1950,19,"Net value added",142018,"A457RC","6","T11400","BEA_API"
1951,19,"Net value added",163007,"A457RC","6","T11400","BEA_API"
1952,19,"Net value added",170303,"A457RC","6","T11400","BEA_API"
1953,19,"Net value added",182315,"A457RC","6","T11400","BEA_API"
1954,19,"Net value added",178440,"A457RC","6","T11400","BEA_API"
1955,19,"Net value added",202464,"A457RC","6","T11400","BEA_API"
1956,19,"Net value added",215877,"A457RC","6","T11400","BEA_API"
1957,19,"Net value added",224165,"A457RC","6","T11400","BEA_API"
1958,19,"Net value added",216752,"A457RC","6","T11400","BEA_API"
1959,19,"Net value added",244967,"A457RC","6","T11400","BEA_API"
1960,19,"Net value added",254924,"A457RC","6","T11400","BEA_API"
1961,19,"Net value added",261859,"A457RC","6","T11400","BEA_API"
1962,19,"Net value added",286984,"A457RC","6","T11400","BEA_API"
1963,19,"Net value added",306489,"A457RC","6","T11400","BEA_API"
1964,19,"Net value added",331271,"A457RC","6","T11400","BEA_API"
1965,19,"Net value added",364913,"A457RC","6","T11400","BEA_API"
1966,19,"Net value added",400688,"A457RC","6","T11400","BEA_API"
1967,19,"Net value added",419739,"A457RC","6","T11400","BEA_API"
1968,19,"Net value added",462852,"A457RC","6","T11400","BEA_API"
1969,19,"Net value added",501141,"A457RC","6","T11400","BEA_API"
1970,19,"Net value added",513630,"A457RC","6","T11400","BEA_API"
1971,19,"Net value added",553365,"A457RC","6","T11400","BEA_API"
1972,19,"Net value added",615761,"A457RC","6","T11400","BEA_API"
1973,19,"Net value added",690658,"A457RC","6","T11400","BEA_API"
1974,19,"Net value added",738656,"A457RC","6","T11400","BEA_API"
1975,19,"Net value added",790556,"A457RC","6","T11400","BEA_API"
1976,19,"Net value added",896394,"A457RC","6","T11400","BEA_API"
1977,19,"Net value added",1014841,"A457RC","6","T11400","BEA_API"
1978,19,"Net value added",1153779,"A457RC","6","T11400","BEA_API"
1979,19,"Net value added",1277882,"A457RC","6","T11400","BEA_API"
1980,19,"Net value added",1375667,"A457RC","6","T11400","BEA_API"
1981,19,"Net value added",1559983,"A457RC","6","T11400","BEA_API"
1982,19,"Net value added",1600981,"A457RC","6","T11400","BEA_API"
1983,19,"Net value added",1721283,"A457RC","6","T11400","BEA_API"
1984,19,"Net value added",1947048,"A457RC","6","T11400","BEA_API"
1985,19,"Net value added",2070189,"A457RC","6","T11400","BEA_API"
1986,19,"Net value added",2147035,"A457RC","6","T11400","BEA_API"
1987,19,"Net value added",2307210,"A457RC","6","T11400","BEA_API"
1988,19,"Net value added",2515708,"A457RC","6","T11400","BEA_API"
1989,19,"Net value added",2640053,"A457RC","6","T11400","BEA_API"
1990,19,"Net value added",2758073,"A457RC","6","T11400","BEA_API"
1991,19,"Net value added",2807681,"A457RC","6","T11400","BEA_API"
1992,19,"Net value added",2940245,"A457RC","6","T11400","BEA_API"
1993,19,"Net value added",3079092,"A457RC","6","T11400","BEA_API"
1994,19,"Net value added",3334231,"A457RC","6","T11400","BEA_API"
1995,19,"Net value added",3520650,"A457RC","6","T11400","BEA_API"
1996,19,"Net value added",3742192,"A457RC","6","T11400","BEA_API"
1997,19,"Net value added",4014741,"A457RC","6","T11400","BEA_API"
1998,19,"Net value added",4241080,"A457RC","6","T11400","BEA_API"
1999,19,"Net value added",4489208,"A457RC","6","T11400","BEA_API"
2000,19,"Net value added",4773335,"A457RC","6","T11400","BEA_API"
2001,19,"Net value added",4688697,"A457RC","6","T11400","BEA_API"
2002,19,"Net value added",4738528,"A457RC","6","T11400","BEA_API"
2003,19,"Net value added",4915552,"A457RC","6","T11400","BEA_API"
2004,19,"Net value added",5281688,"A457RC","6","T11400","BEA_API"
2005,19,"Net value added",5661919,"A457RC","6","T11400","BEA_API"
2006,19,"Net value added",6037127,"A457RC","6","T11400","BEA_API"
2007,19,"Net value added",6210148,"A457RC","6","T11400","BEA_API"
2008,19,"Net value added",6218953,"A457RC","6","T11400","BEA_API"
2009,19,"Net value added",5789409,"A457RC","6","T11400","BEA_API"
2010,19,"Net value added",6163695,"A457RC","6","T11400","BEA_API"
2011,19,"Net value added",6487600,"A457RC","6","T11400","BEA_API"
2012,19,"Net value added",6876136,"A457RC","6","T11400","BEA_API"
2013,19,"Net value added",7134968,"A457RC","6","T11400","BEA_API"
2014,19,"Net value added",7499019,"A457RC","6","T11400","BEA_API"
2015,19,"Net value added",7814067,"A457RC","6","T11400","BEA_API"
2016,19,"Net value added",7905370,"A457RC","6","T11400","BEA_API"
2017,19,"Net value added",8262036,"A457RC","6","T11400","BEA_API"
2018,19,"Net value added",8755657,"A457RC","6","T11400","BEA_API"
2019,19,"Net value added",9135116,"A457RC","6","T11400","BEA_API"
2020,19,"Net value added",8770547,"A457RC","6","T11400","BEA_API"
2021,19,"Net value added",10257270,"A457RC","6","T11400","BEA_API"
2022,19,"Net value added",11434942,"A457RC","6","T11400","BEA_API"
2023,19,"Net value added",12009068,"A457RC","6","T11400","BEA_API"
2024,19,"Net value added",12574841,"A457RC","6","T11400","BEA_API"
2025,19,"Net value added",13188141,"A457RC","6","T11400","BEA_API"
1929,20,"Compensation of employees",32147,"A460RC","6","T11400","BEA_API"
1930,20,"Compensation of employees",28791,"A460RC","6","T11400","BEA_API"
1931,20,"Compensation of employees",23522,"A460RC","6","T11400","BEA_API"
1932,20,"Compensation of employees",17432,"A460RC","6","T11400","BEA_API"
1933,20,"Compensation of employees",16597,"A460RC","6","T11400","BEA_API"
1934,20,"Compensation of employees",19585,"A460RC","6","T11400","BEA_API"
1935,20,"Compensation of employees",21537,"A460RC","6","T11400","BEA_API"
1936,20,"Compensation of employees",24641,"A460RC","6","T11400","BEA_API"
1937,20,"Compensation of employees",28781,"A460RC","6","T11400","BEA_API"
1938,20,"Compensation of employees",25513,"A460RC","6","T11400","BEA_API"
1939,20,"Compensation of employees",28023,"A460RC","6","T11400","BEA_API"
1940,20,"Compensation of employees",31010,"A460RC","6","T11400","BEA_API"
1941,20,"Compensation of employees",39642,"A460RC","6","T11400","BEA_API"
1942,20,"Compensation of employees",50790,"A460RC","6","T11400","BEA_API"
1943,20,"Compensation of employees",61991,"A460RC","6","T11400","BEA_API"
1944,20,"Compensation of employees",64833,"A460RC","6","T11400","BEA_API"
1945,20,"Compensation of employees",61658,"A460RC","6","T11400","BEA_API"
1946,20,"Compensation of employees",66853,"A460RC","6","T11400","BEA_API"
1947,20,"Compensation of employees",78763,"A460RC","6","T11400","BEA_API"
1948,20,"Compensation of employees",87467,"A460RC","6","T11400","BEA_API"
1949,20,"Compensation of employees",84902,"A460RC","6","T11400","BEA_API"
1950,20,"Compensation of employees",94387,"A460RC","6","T11400","BEA_API"
1951,20,"Compensation of employees",109808,"A460RC","6","T11400","BEA_API"
1952,20,"Compensation of employees",117770,"A460RC","6","T11400","BEA_API"
1953,20,"Compensation of employees",128198,"A460RC","6","T11400","BEA_API"
1954,20,"Compensation of employees",125945,"A460RC","6","T11400","BEA_API"
1955,20,"Compensation of employees",137886,"A460RC","6","T11400","BEA_API"
1956,20,"Compensation of employees",150770,"A460RC","6","T11400","BEA_API"
1957,20,"Compensation of employees",158411,"A460RC","6","T11400","BEA_API"
1958,20,"Compensation of employees",155209,"A460RC","6","T11400","BEA_API"
1959,20,"Compensation of employees",170794,"A460RC","6","T11400","BEA_API"
1960,20,"Compensation of employees",180409,"A460RC","6","T11400","BEA_API"
1961,20,"Compensation of employees",184516,"A460RC","6","T11400","BEA_API"
1962,20,"Compensation of employees",199256,"A460RC","6","T11400","BEA_API"
1963,20,"Compensation of employees",210106,"A460RC","6","T11400","BEA_API"
1964,20,"Compensation of employees",225657,"A460RC","6","T11400","BEA_API"
1965,20,"Compensation of employees",245400,"A460RC","6","T11400","BEA_API"
1966,20,"Compensation of employees",272851,"A460RC","6","T11400","BEA_API"
1967,20,"Compensation of employees",291064,"A460RC","6","T11400","BEA_API"
1968,20,"Compensation of employees",320869,"A460RC","6","T11400","BEA_API"
1969,20,"Compensation of employees",356064,"A460RC","6","T11400","BEA_API"
1970,20,"Compensation of employees",374485,"A460RC","6","T11400","BEA_API"
1971,20,"Compensation of employees",396190,"A460RC","6","T11400","BEA_API"
1972,20,"Compensation of employees",439924,"A460RC","6","T11400","BEA_API"
1973,20,"Compensation of employees",495100,"A460RC","6","T11400","BEA_API"
1974,20,"Compensation of employees",542933,"A460RC","6","T11400","BEA_API"
1975,20,"Compensation of employees",569021,"A460RC","6","T11400","BEA_API"
1976,20,"Compensation of employees",640004,"A460RC","6","T11400","BEA_API"
1977,20,"Compensation of employees",723326,"A460RC","6","T11400","BEA_API"
1978,20,"Compensation of employees",829499,"A460RC","6","T11400","BEA_API"
1979,20,"Compensation of employees",942400,"A460RC","6","T11400","BEA_API"
1980,20,"Compensation of employees",1030690,"A460RC","6","T11400","BEA_API"
1981,20,"Compensation of employees",1139850,"A460RC","6","T11400","BEA_API"
1982,20,"Compensation of employees",1183260,"A460RC","6","T11400","BEA_API"
1983,20,"Compensation of employees",1250110,"A460RC","6","T11400","BEA_API"
1984,20,"Compensation of employees",1388207,"A460RC","6","T11400","BEA_API"
1985,20,"Compensation of employees",1490088,"A460RC","6","T11400","BEA_API"
1986,20,"Compensation of employees",1578176,"A460RC","6","T11400","BEA_API"
1987,20,"Compensation of employees",1685458,"A460RC","6","T11400","BEA_API"
1988,20,"Compensation of employees",1825308,"A460RC","6","T11400","BEA_API"
1989,20,"Compensation of employees",1934822,"A460RC","6","T11400","BEA_API"
1990,20,"Compensation of employees",2037523,"A460RC","6","T11400","BEA_API"
1991,20,"Compensation of employees",2071121,"A460RC","6","T11400","BEA_API"
1992,20,"Compensation of employees",2188674,"A460RC","6","T11400","BEA_API"
1993,20,"Compensation of employees",2271015,"A460RC","6","T11400","BEA_API"
1994,20,"Compensation of employees",2398673,"A460RC","6","T11400","BEA_API"
1995,20,"Compensation of employees",2524557,"A460RC","6","T11400","BEA_API"
1996,20,"Compensation of employees",2667703,"A460RC","6","T11400","BEA_API"
1997,20,"Compensation of employees",2862551,"A460RC","6","T11400","BEA_API"
1998,20,"Compensation of employees",3093832,"A460RC","6","T11400","BEA_API"
1999,20,"Compensation of employees",3309975,"A460RC","6","T11400","BEA_API"
2000,20,"Compensation of employees",3597328,"A460RC","6","T11400","BEA_API"
2001,20,"Compensation of employees",3582304,"A460RC","6","T11400","BEA_API"
2002,20,"Compensation of employees",3540451,"A460RC","6","T11400","BEA_API"
2003,20,"Compensation of employees",3594306,"A460RC","6","T11400","BEA_API"
2004,20,"Compensation of employees",3761333,"A460RC","6","T11400","BEA_API"
2005,20,"Compensation of employees",3928746,"A460RC","6","T11400","BEA_API"
2006,20,"Compensation of employees",4127501,"A460RC","6","T11400","BEA_API"
2007,20,"Compensation of employees",4307101,"A460RC","6","T11400","BEA_API"
2008,20,"Compensation of employees",4364267,"A460RC","6","T11400","BEA_API"
2009,20,"Compensation of employees",4094885,"A460RC","6","T11400","BEA_API"
2010,20,"Compensation of employees",4166597,"A460RC","6","T11400","BEA_API"
2011,20,"Compensation of employees",4372725,"A460RC","6","T11400","BEA_API"
2012,20,"Compensation of employees",4608338,"A460RC","6","T11400","BEA_API"
2013,20,"Compensation of employees",4773788,"A460RC","6","T11400","BEA_API"
2014,20,"Compensation of employees",5032917,"A460RC","6","T11400","BEA_API"
2015,20,"Compensation of employees",5303853,"A460RC","6","T11400","BEA_API"
2016,20,"Compensation of employees",5448417,"A460RC","6","T11400","BEA_API"
2017,20,"Compensation of employees",5727599,"A460RC","6","T11400","BEA_API"
2018,20,"Compensation of employees",6047036,"A460RC","6","T11400","BEA_API"
2019,20,"Compensation of employees",6344263,"A460RC","6","T11400","BEA_API"
2020,20,"Compensation of employees",6350094,"A460RC","6","T11400","BEA_API"
2021,20,"Compensation of employees",6998733,"A460RC","6","T11400","BEA_API"
2022,20,"Compensation of employees",7593396,"A460RC","6","T11400","BEA_API"
2023,20,"Compensation of employees",8015626,"A460RC","6","T11400","BEA_API"
2024,20,"Compensation of employees",8451105,"A460RC","6","T11400","BEA_API"
2025,20,"Compensation of employees",8837921,"A460RC","6","T11400","BEA_API"
1929,21,"Wages and salaries",31763,"B461RC","6","T11400","BEA_API"
1930,21,"Wages and salaries",28419,"B461RC","6","T11400","BEA_API"
1931,21,"Wages and salaries",23183,"B461RC","6","T11400","BEA_API"
1932,21,"Wages and salaries",17139,"B461RC","6","T11400","BEA_API"
1933,21,"Wages and salaries",16324,"B461RC","6","T11400","BEA_API"
1934,21,"Wages and salaries",19277,"B461RC","6","T11400","BEA_API"
1935,21,"Wages and salaries",21207,"B461RC","6","T11400","BEA_API"
1936,21,"Wages and salaries",24059,"B461RC","6","T11400","BEA_API"
1937,21,"Wages and salaries",27562,"B461RC","6","T11400","BEA_API"
1938,21,"Wages and salaries",24183,"B461RC","6","T11400","BEA_API"
1939,21,"Wages and salaries",26588,"B461RC","6","T11400","BEA_API"
1940,21,"Wages and salaries",29469,"B461RC","6","T11400","BEA_API"
1941,21,"Wages and salaries",37755,"B461RC","6","T11400","BEA_API"
1942,21,"Wages and salaries",48561,"B461RC","6","T11400","BEA_API"
1943,21,"Wages and salaries",59278,"B461RC","6","T11400","BEA_API"
1944,21,"Wages and salaries",61781,"B461RC","6","T11400","BEA_API"
1945,21,"Wages and salaries",58611,"B461RC","6","T11400","BEA_API"
1946,21,"Wages and salaries",63608,"B461RC","6","T11400","BEA_API"
1947,21,"Wages and salaries",74759,"B461RC","6","T11400","BEA_API"
1948,21,"Wages and salaries",83441,"B461RC","6","T11400","BEA_API"
1949,21,"Wages and salaries",80689,"B461RC","6","T11400","BEA_API"
1950,21,"Wages and salaries",88948,"B461RC","6","T11400","BEA_API"
1951,21,"Wages and salaries",103053,"B461RC","6","T11400","BEA_API"
1952,21,"Wages and salaries",110547,"B461RC","6","T11400","BEA_API"
1953,21,"Wages and salaries",120353,"B461RC","6","T11400","BEA_API"
1954,21,"Wages and salaries",117730,"B461RC","6","T11400","BEA_API"
1955,21,"Wages and salaries",128511,"B461RC","6","T11400","BEA_API"
1956,21,"Wages and salaries",140085,"B461RC","6","T11400","BEA_API"
1957,21,"Wages and salaries",146487,"B461RC","6","T11400","BEA_API"
1958,21,"Wages and salaries",143301,"B461RC","6","T11400","BEA_API"
1959,21,"Wages and salaries",156935,"B461RC","6","T11400","BEA_API"
1960,21,"Wages and salaries",165053,"B461RC","6","T11400","BEA_API"
1961,21,"Wages and salaries",168575,"B461RC","6","T11400","BEA_API"
1962,21,"Wages and salaries",181160,"B461RC","6","T11400","BEA_API"
1963,21,"Wages and salaries",190566,"B461RC","6","T11400","BEA_API"
1964,21,"Wages and salaries",204546,"B461RC","6","T11400","BEA_API"
1965,21,"Wages and salaries",222158,"B461RC","6","T11400","BEA_API"
1966,21,"Wages and salaries",245240,"B461RC","6","T11400","BEA_API"
1967,21,"Wages and salaries",261618,"B461RC","6","T11400","BEA_API"
1968,21,"Wages and salaries",288123,"B461RC","6","T11400","BEA_API"
1969,21,"Wages and salaries",318844,"B461RC","6","T11400","BEA_API"
1970,21,"Wages and salaries",334938,"B461RC","6","T11400","BEA_API"
1971,21,"Wages and salaries",353485,"B461RC","6","T11400","BEA_API"
1972,21,"Wages and salaries",389878,"B461RC","6","T11400","BEA_API"
1973,21,"Wages and salaries",437318,"B461RC","6","T11400","BEA_API"
1974,21,"Wages and salaries",478533,"B461RC","6","T11400","BEA_API"
1975,21,"Wages and salaries",495060,"B461RC","6","T11400","BEA_API"
1976,21,"Wages and salaries",554586,"B461RC","6","T11400","BEA_API"
1977,21,"Wages and salaries",621569,"B461RC","6","T11400","BEA_API"
1978,21,"Wages and salaries",708962,"B461RC","6","T11400","BEA_API"
1979,21,"Wages and salaries",802507,"B461RC","6","T11400","BEA_API"
1980,21,"Wages and salaries",874674,"B461RC","6","T11400","BEA_API"
1981,21,"Wages and salaries",964258,"B461RC","6","T11400","BEA_API"
1982,21,"Wages and salaries",994953,"B461RC","6","T11400","BEA_API"
1983,21,"Wages and salaries",1044744,"B461RC","6","T11400","BEA_API"
1984,21,"Wages and salaries",1160091,"B461RC","6","T11400","BEA_API"
1985,21,"Wages and salaries",1243009,"B461RC","6","T11400","BEA_API"
1986,21,"Wages and salaries",1307314,"B461RC","6","T11400","BEA_API"
1987,21,"Wages and salaries",1397010,"B461RC","6","T11400","BEA_API"
1988,21,"Wages and salaries",1514866,"B461RC","6","T11400","BEA_API"
1989,21,"Wages and salaries",1600102,"B461RC","6","T11400","BEA_API"
1990,21,"Wages and salaries",1682877,"B461RC","6","T11400","BEA_API"
1991,21,"Wages and salaries",1701726,"B461RC","6","T11400","BEA_API"
1992,21,"Wages and salaries",1783873,"B461RC","6","T11400","BEA_API"
1993,21,"Wages and salaries",1845450,"B461RC","6","T11400","BEA_API"
1994,21,"Wages and salaries",1952818,"B461RC","6","T11400","BEA_API"
1995,21,"Wages and salaries",2076881,"B461RC","6","T11400","BEA_API"
1996,21,"Wages and salaries",2206889,"B461RC","6","T11400","BEA_API"
1997,21,"Wages and salaries",2384239,"B461RC","6","T11400","BEA_API"
1998,21,"Wages and salaries",2582623,"B461RC","6","T11400","BEA_API"
1999,21,"Wages and salaries",2771099,"B461RC","6","T11400","BEA_API"
2000,21,"Wages and salaries",3008384,"B461RC","6","T11400","BEA_API"
2001,21,"Wages and salaries",2991458,"B461RC","6","T11400","BEA_API"
2002,21,"Wages and salaries",2937442,"B461RC","6","T11400","BEA_API"
2003,21,"Wages and salaries",2960800,"B461RC","6","T11400","BEA_API"
2004,21,"Wages and salaries",3098330,"B461RC","6","T11400","BEA_API"
2005,21,"Wages and salaries",3236296,"B461RC","6","T11400","BEA_API"
2006,21,"Wages and salaries",3418905,"B461RC","6","T11400","BEA_API"
2007,21,"Wages and salaries",3573381,"B461RC","6","T11400","BEA_API"
2008,21,"Wages and salaries",3624655,"B461RC","6","T11400","BEA_API"
2009,21,"Wages and salaries",3382810,"B461RC","6","T11400","BEA_API"
2010,21,"Wages and salaries",3452256,"B461RC","6","T11400","BEA_API"
2011,21,"Wages and salaries",3630646,"B461RC","6","T11400","BEA_API"
2012,21,"Wages and salaries",3839249,"B461RC","6","T11400","BEA_API"
2013,21,"Wages and salaries",3971081,"B461RC","6","T11400","BEA_API"
2014,21,"Wages and salaries",4202500,"B461RC","6","T11400","BEA_API"
2015,21,"Wages and salaries",4439667,"B461RC","6","T11400","BEA_API"
2016,21,"Wages and salaries",4574390,"B461RC","6","T11400","BEA_API"
2017,21,"Wages and salaries",4804918,"B461RC","6","T11400","BEA_API"
2018,21,"Wages and salaries",5068451,"B461RC","6","T11400","BEA_API"
2019,21,"Wages and salaries",5323469,"B461RC","6","T11400","BEA_API"
2020,21,"Wages and salaries",5351749,"B461RC","6","T11400","BEA_API"
2021,21,"Wages and salaries",5919114,"B461RC","6","T11400","BEA_API"
2022,21,"Wages and salaries",6451907,"B461RC","6","T11400","BEA_API"
2023,21,"Wages and salaries",6796351,"B461RC","6","T11400","BEA_API"
2024,21,"Wages and salaries",7152832,"B461RC","6","T11400","BEA_API"
2025,21,"Wages and salaries",7471878,"B461RC","6","T11400","BEA_API"
1929,22,"Supplements to wages and salaries",384,"B462RC","6","T11400","BEA_API"
1930,22,"Supplements to wages and salaries",372,"B462RC","6","T11400","BEA_API"
1931,22,"Supplements to wages and salaries",339,"B462RC","6","T11400","BEA_API"
1932,22,"Supplements to wages and salaries",293,"B462RC","6","T11400","BEA_API"
1933,22,"Supplements to wages and salaries",273,"B462RC","6","T11400","BEA_API"
1934,22,"Supplements to wages and salaries",308,"B462RC","6","T11400","BEA_API"
1935,22,"Supplements to wages and salaries",330,"B462RC","6","T11400","BEA_API"
1936,22,"Supplements to wages and salaries",582,"B462RC","6","T11400","BEA_API"
1937,22,"Supplements to wages and salaries",1219,"B462RC","6","T11400","BEA_API"
1938,22,"Supplements to wages and salaries",1330,"B462RC","6","T11400","BEA_API"
1939,22,"Supplements to wages and salaries",1435,"B462RC","6","T11400","BEA_API"
1940,22,"Supplements to wages and salaries",1541,"B462RC","6","T11400","BEA_API"
1941,22,"Supplements to wages and salaries",1887,"B462RC","6","T11400","BEA_API"
1942,22,"Supplements to wages and salaries",2229,"B462RC","6","T11400","BEA_API"
1943,22,"Supplements to wages and salaries",2713,"B462RC","6","T11400","BEA_API"
1944,22,"Supplements to wages and salaries",3052,"B462RC","6","T11400","BEA_API"
1945,22,"Supplements to wages and salaries",3047,"B462RC","6","T11400","BEA_API"
1946,22,"Supplements to wages and salaries",3245,"B462RC","6","T11400","BEA_API"
1947,22,"Supplements to wages and salaries",4004,"B462RC","6","T11400","BEA_API"
1948,22,"Supplements to wages and salaries",4026,"B462RC","6","T11400","BEA_API"
1949,22,"Supplements to wages and salaries",4213,"B462RC","6","T11400","BEA_API"
1950,22,"Supplements to wages and salaries",5439,"B462RC","6","T11400","BEA_API"
1951,22,"Supplements to wages and salaries",6755,"B462RC","6","T11400","BEA_API"
1952,22,"Supplements to wages and salaries",7223,"B462RC","6","T11400","BEA_API"
1953,22,"Supplements to wages and salaries",7845,"B462RC","6","T11400","BEA_API"
1954,22,"Supplements to wages and salaries",8215,"B462RC","6","T11400","BEA_API"
1955,22,"Supplements to wages and salaries",9375,"B462RC","6","T11400","BEA_API"
1956,22,"Supplements to wages and salaries",10685,"B462RC","6","T11400","BEA_API"
1957,22,"Supplements to wages and salaries",11924,"B462RC","6","T11400","BEA_API"
1958,22,"Supplements to wages and salaries",11908,"B462RC","6","T11400","BEA_API"
1959,22,"Supplements to wages and salaries",13859,"B462RC","6","T11400","BEA_API"
1960,22,"Supplements to wages and salaries",15356,"B462RC","6","T11400","BEA_API"
1961,22,"Supplements to wages and salaries",15941,"B462RC","6","T11400","BEA_API"
1962,22,"Supplements to wages and salaries",18096,"B462RC","6","T11400","BEA_API"
1963,22,"Supplements to wages and salaries",19540,"B462RC","6","T11400","BEA_API"
1964,22,"Supplements to wages and salaries",21111,"B462RC","6","T11400","BEA_API"
1965,22,"Supplements to wages and salaries",23242,"B462RC","6","T11400","BEA_API"
1966,22,"Supplements to wages and salaries",27611,"B462RC","6","T11400","BEA_API"
1967,22,"Supplements to wages and salaries",29446,"B462RC","6","T11400","BEA_API"
1968,22,"Supplements to wages and salaries",32746,"B462RC","6","T11400","BEA_API"
1969,22,"Supplements to wages and salaries",37220,"B462RC","6","T11400","BEA_API"
1970,22,"Supplements to wages and salaries",39547,"B462RC","6","T11400","BEA_API"
1971,22,"Supplements to wages and salaries",42705,"B462RC","6","T11400","BEA_API"
1972,22,"Supplements to wages and salaries",50046,"B462RC","6","T11400","BEA_API"
1973,22,"Supplements to wages and salaries",57782,"B462RC","6","T11400","BEA_API"
1974,22,"Supplements to wages and salaries",64400,"B462RC","6","T11400","BEA_API"
1975,22,"Supplements to wages and salaries",73961,"B462RC","6","T11400","BEA_API"
1976,22,"Supplements to wages and salaries",85418,"B462RC","6","T11400","BEA_API"
1977,22,"Supplements to wages and salaries",101757,"B462RC","6","T11400","BEA_API"
1978,22,"Supplements to wages and salaries",120537,"B462RC","6","T11400","BEA_API"
1979,22,"Supplements to wages and salaries",139893,"B462RC","6","T11400","BEA_API"
1980,22,"Supplements to wages and salaries",156016,"B462RC","6","T11400","BEA_API"
1981,22,"Supplements to wages and salaries",175592,"B462RC","6","T11400","BEA_API"
1982,22,"Supplements to wages and salaries",188307,"B462RC","6","T11400","BEA_API"
1983,22,"Supplements to wages and salaries",205366,"B462RC","6","T11400","BEA_API"
1984,22,"Supplements to wages and salaries",228116,"B462RC","6","T11400","BEA_API"
1985,22,"Supplements to wages and salaries",247079,"B462RC","6","T11400","BEA_API"
1986,22,"Supplements to wages and salaries",270862,"B462RC","6","T11400","BEA_API"
1987,22,"Supplements to wages and salaries",288448,"B462RC","6","T11400","BEA_API"
1988,22,"Supplements to wages and salaries",310442,"B462RC","6","T11400","BEA_API"
1989,22,"Supplements to wages and salaries",334720,"B462RC","6","T11400","BEA_API"
1990,22,"Supplements to wages and salaries",354646,"B462RC","6","T11400","BEA_API"
1991,22,"Supplements to wages and salaries",369395,"B462RC","6","T11400","BEA_API"
1992,22,"Supplements to wages and salaries",404801,"B462RC","6","T11400","BEA_API"
1993,22,"Supplements to wages and salaries",425565,"B462RC","6","T11400","BEA_API"
1994,22,"Supplements to wages and salaries",445855,"B462RC","6","T11400","BEA_API"
1995,22,"Supplements to wages and salaries",447676,"B462RC","6","T11400","BEA_API"
1996,22,"Supplements to wages and salaries",460814,"B462RC","6","T11400","BEA_API"
1997,22,"Supplements to wages and salaries",478312,"B462RC","6","T11400","BEA_API"
1998,22,"Supplements to wages and salaries",511209,"B462RC","6","T11400","BEA_API"
1999,22,"Supplements to wages and salaries",538876,"B462RC","6","T11400","BEA_API"
2000,22,"Supplements to wages and salaries",588944,"B462RC","6","T11400","BEA_API"
2001,22,"Supplements to wages and salaries",590846,"B462RC","6","T11400","BEA_API"
2002,22,"Supplements to wages and salaries",603009,"B462RC","6","T11400","BEA_API"
2003,22,"Supplements to wages and salaries",633506,"B462RC","6","T11400","BEA_API"
2004,22,"Supplements to wages and salaries",663003,"B462RC","6","T11400","BEA_API"
2005,22,"Supplements to wages and salaries",692450,"B462RC","6","T11400","BEA_API"
2006,22,"Supplements to wages and salaries",708596,"B462RC","6","T11400","BEA_API"
2007,22,"Supplements to wages and salaries",733720,"B462RC","6","T11400","BEA_API"
2008,22,"Supplements to wages and salaries",739611,"B462RC","6","T11400","BEA_API"
2009,22,"Supplements to wages and salaries",712075,"B462RC","6","T11400","BEA_API"
2010,22,"Supplements to wages and salaries",714341,"B462RC","6","T11400","BEA_API"
2011,22,"Supplements to wages and salaries",742079,"B462RC","6","T11400","BEA_API"
2012,22,"Supplements to wages and salaries",769089,"B462RC","6","T11400","BEA_API"
2013,22,"Supplements to wages and salaries",802707,"B462RC","6","T11400","BEA_API"
2014,22,"Supplements to wages and salaries",830417,"B462RC","6","T11400","BEA_API"
2015,22,"Supplements to wages and salaries",864186,"B462RC","6","T11400","BEA_API"
2016,22,"Supplements to wages and salaries",874027,"B462RC","6","T11400","BEA_API"
2017,22,"Supplements to wages and salaries",922681,"B462RC","6","T11400","BEA_API"
2018,22,"Supplements to wages and salaries",978585,"B462RC","6","T11400","BEA_API"
2019,22,"Supplements to wages and salaries",1020794,"B462RC","6","T11400","BEA_API"
2020,22,"Supplements to wages and salaries",998344,"B462RC","6","T11400","BEA_API"
2021,22,"Supplements to wages and salaries",1079619,"B462RC","6","T11400","BEA_API"
2022,22,"Supplements to wages and salaries",1141490,"B462RC","6","T11400","BEA_API"
2023,22,"Supplements to wages and salaries",1219275,"B462RC","6","T11400","BEA_API"
2024,22,"Supplements to wages and salaries",1298274,"B462RC","6","T11400","BEA_API"
2025,22,"Supplements to wages and salaries",1366043,"B462RC","6","T11400","BEA_API"
1929,23,"Taxes on production and imports less subsidies",2953,"W325RC","6","T11400","BEA_API"
1930,23,"Taxes on production and imports less subsidies",2991,"W325RC","6","T11400","BEA_API"
1931,23,"Taxes on production and imports less subsidies",2796,"W325RC","6","T11400","BEA_API"
1932,23,"Taxes on production and imports less subsidies",2894,"W325RC","6","T11400","BEA_API"
1933,23,"Taxes on production and imports less subsidies",3405,"W325RC","6","T11400","BEA_API"
1934,23,"Taxes on production and imports less subsidies",4017,"W325RC","6","T11400","BEA_API"
1935,23,"Taxes on production and imports less subsidies",4076,"W325RC","6","T11400","BEA_API"
1936,23,"Taxes on production and imports less subsidies",4282,"W325RC","6","T11400","BEA_API"
1937,23,"Taxes on production and imports less subsidies",4529,"W325RC","6","T11400","BEA_API"
1938,23,"Taxes on production and imports less subsidies",4484,"W325RC","6","T11400","BEA_API"
1939,23,"Taxes on production and imports less subsidies",4652,"W325RC","6","T11400","BEA_API"
1940,23,"Taxes on production and imports less subsidies",5027,"W325RC","6","T11400","BEA_API"
1941,23,"Taxes on production and imports less subsidies",5918,"W325RC","6","T11400","BEA_API"
1942,23,"Taxes on production and imports less subsidies",6277,"W325RC","6","T11400","BEA_API"
1943,23,"Taxes on production and imports less subsidies",6641,"W325RC","6","T11400","BEA_API"
1944,23,"Taxes on production and imports less subsidies",7338,"W325RC","6","T11400","BEA_API"
1945,23,"Taxes on production and imports less subsidies",8098,"W325RC","6","T11400","BEA_API"
1946,23,"Taxes on production and imports less subsidies",9525,"W325RC","6","T11400","BEA_API"
1947,23,"Taxes on production and imports less subsidies",11192,"W325RC","6","T11400","BEA_API"
1948,23,"Taxes on production and imports less subsidies",12378,"W325RC","6","T11400","BEA_API"
1949,23,"Taxes on production and imports less subsidies",12955,"W325RC","6","T11400","BEA_API"
1950,23,"Taxes on production and imports less subsidies",14363,"W325RC","6","T11400","BEA_API"
1951,23,"Taxes on production and imports less subsidies",15365,"W325RC","6","T11400","BEA_API"
1952,23,"Taxes on production and imports less subsidies",16797,"W325RC","6","T11400","BEA_API"
1953,23,"Taxes on production and imports less subsidies",17885,"W325RC","6","T11400","BEA_API"
1954,23,"Taxes on production and imports less subsidies",17317,"W325RC","6","T11400","BEA_API"
1955,23,"Taxes on production and imports less subsidies",19160,"W325RC","6","T11400","BEA_API"
1956,23,"Taxes on production and imports less subsidies",20803,"W325RC","6","T11400","BEA_API"
1957,23,"Taxes on production and imports less subsidies",22049,"W325RC","6","T11400","BEA_API"
1958,23,"Taxes on production and imports less subsidies",22306,"W325RC","6","T11400","BEA_API"
1959,23,"Taxes on production and imports less subsidies",24397,"W325RC","6","T11400","BEA_API"
1960,23,"Taxes on production and imports less subsidies",26600,"W325RC","6","T11400","BEA_API"
1961,23,"Taxes on production and imports less subsidies",27620,"W325RC","6","T11400","BEA_API"
1962,23,"Taxes on production and imports less subsidies",29869,"W325RC","6","T11400","BEA_API"
1963,23,"Taxes on production and imports less subsidies",31667,"W325RC","6","T11400","BEA_API"
1964,23,"Taxes on production and imports less subsidies",33878,"W325RC","6","T11400","BEA_API"
1965,23,"Taxes on production and imports less subsidies",36022,"W325RC","6","T11400","BEA_API"
1966,23,"Taxes on production and imports less subsidies",36973,"W325RC","6","T11400","BEA_API"
1967,23,"Taxes on production and imports less subsidies",39311,"W325RC","6","T11400","BEA_API"
1968,23,"Taxes on production and imports less subsidies",45535,"W325RC","6","T11400","BEA_API"
1969,23,"Taxes on production and imports less subsidies",50181,"W325RC","6","T11400","BEA_API"
1970,23,"Taxes on production and imports less subsidies",54249,"W325RC","6","T11400","BEA_API"
1971,23,"Taxes on production and imports less subsidies",59516,"W325RC","6","T11400","BEA_API"
1972,23,"Taxes on production and imports less subsidies",63665,"W325RC","6","T11400","BEA_API"
1973,23,"Taxes on production and imports less subsidies",70075,"W325RC","6","T11400","BEA_API"
1974,23,"Taxes on production and imports less subsidies",74430,"W325RC","6","T11400","BEA_API"
1975,23,"Taxes on production and imports less subsidies",80194,"W325RC","6","T11400","BEA_API"
1976,23,"Taxes on production and imports less subsidies",86668,"W325RC","6","T11400","BEA_API"
1977,23,"Taxes on production and imports less subsidies",94631,"W325RC","6","T11400","BEA_API"
1978,23,"Taxes on production and imports less subsidies",102726,"W325RC","6","T11400","BEA_API"
1979,23,"Taxes on production and imports less subsidies",108757,"W325RC","6","T11400","BEA_API"
1980,23,"Taxes on production and imports less subsidies",121536,"W325RC","6","T11400","BEA_API"
1981,23,"Taxes on production and imports less subsidies",146651,"W325RC","6","T11400","BEA_API"
1982,23,"Taxes on production and imports less subsidies",152915,"W325RC","6","T11400","BEA_API"
1983,23,"Taxes on production and imports less subsidies",168018,"W325RC","6","T11400","BEA_API"
1984,23,"Taxes on production and imports less subsidies",185003,"W325RC","6","T11400","BEA_API"
1985,23,"Taxes on production and imports less subsidies",196579,"W325RC","6","T11400","BEA_API"
1986,23,"Taxes on production and imports less subsidies",204565,"W325RC","6","T11400","BEA_API"
1987,23,"Taxes on production and imports less subsidies",216840,"W325RC","6","T11400","BEA_API"
1988,23,"Taxes on production and imports less subsidies",233839,"W325RC","6","T11400","BEA_API"
1989,23,"Taxes on production and imports less subsidies",248156,"W325RC","6","T11400","BEA_API"
1990,23,"Taxes on production and imports less subsidies",263528,"W325RC","6","T11400","BEA_API"
1991,23,"Taxes on production and imports less subsidies",285729,"W325RC","6","T11400","BEA_API"
1992,23,"Taxes on production and imports less subsidies",302501,"W325RC","6","T11400","BEA_API"
1993,23,"Taxes on production and imports less subsidies",319322,"W325RC","6","T11400","BEA_API"
1994,23,"Taxes on production and imports less subsidies",350747,"W325RC","6","T11400","BEA_API"
1995,23,"Taxes on production and imports less subsidies",358667,"W325RC","6","T11400","BEA_API"
1996,23,"Taxes on production and imports less subsidies",371681,"W325RC","6","T11400","BEA_API"
1997,23,"Taxes on production and imports less subsidies",388899,"W325RC","6","T11400","BEA_API"
1998,23,"Taxes on production and imports less subsidies",402904,"W325RC","6","T11400","BEA_API"
1999,23,"Taxes on production and imports less subsidies",424636,"W325RC","6","T11400","BEA_API"
2000,23,"Taxes on production and imports less subsidies",449868,"W325RC","6","T11400","BEA_API"
2001,23,"Taxes on production and imports less subsidies",441507,"W325RC","6","T11400","BEA_API"
2002,23,"Taxes on production and imports less subsidies",467032,"W325RC","6","T11400","BEA_API"
2003,23,"Taxes on production and imports less subsidies",491120,"W325RC","6","T11400","BEA_API"
2004,23,"Taxes on production and imports less subsidies",531742,"W325RC","6","T11400","BEA_API"
2005,23,"Taxes on production and imports less subsidies",575663,"W325RC","6","T11400","BEA_API"
2006,23,"Taxes on production and imports less subsidies",611790,"W325RC","6","T11400","BEA_API"
2007,23,"Taxes on production and imports less subsidies",631279,"W325RC","6","T11400","BEA_API"
2008,23,"Taxes on production and imports less subsidies",637442,"W325RC","6","T11400","BEA_API"
2009,23,"Taxes on production and imports less subsidies",608503,"W325RC","6","T11400","BEA_API"
2010,23,"Taxes on production and imports less subsidies",638215,"W325RC","6","T11400","BEA_API"
2011,23,"Taxes on production and imports less subsidies",670848,"W325RC","6","T11400","BEA_API"
2012,23,"Taxes on production and imports less subsidies",695082,"W325RC","6","T11400","BEA_API"
2013,23,"Taxes on production and imports less subsidies",726674,"W325RC","6","T11400","BEA_API"
2014,23,"Taxes on production and imports less subsidies",754668,"W325RC","6","T11400","BEA_API"
2015,23,"Taxes on production and imports less subsidies",771216,"W325RC","6","T11400","BEA_API"
2016,23,"Taxes on production and imports less subsidies",785159,"W325RC","6","T11400","BEA_API"
2017,23,"Taxes on production and imports less subsidies",825905,"W325RC","6","T11400","BEA_API"
2018,23,"Taxes on production and imports less subsidies",873481,"W325RC","6","T11400","BEA_API"
2019,23,"Taxes on production and imports less subsidies",928990,"W325RC","6","T11400","BEA_API"
2020,23,"Taxes on production and imports less subsidies",507876,"W325RC","6","T11400","BEA_API"
2021,23,"Taxes on production and imports less subsidies",702594,"W325RC","6","T11400","BEA_API"
2022,23,"Taxes on production and imports less subsidies",1104840,"W325RC","6","T11400","BEA_API"
2023,23,"Taxes on production and imports less subsidies",1115707,"W325RC","6","T11400","BEA_API"
2024,23,"Taxes on production and imports less subsidies",1165975,"W325RC","6","T11400","BEA_API"
2025,23,"Taxes on production and imports less subsidies",1317153,"W325RC","6","T11400","BEA_API"
1929,24,"Net operating surplus",10709,"W326RC","6","T11400","BEA_API"
1930,24,"Net operating surplus",8605,"W326RC","6","T11400","BEA_API"
1931,24,"Net operating surplus",4553,"W326RC","6","T11400","BEA_API"
1932,24,"Net operating surplus",1319,"W326RC","6","T11400","BEA_API"
1933,24,"Net operating surplus",1114,"W326RC","6","T11400","BEA_API"
1934,24,"Net operating surplus",3938,"W326RC","6","T11400","BEA_API"
1935,24,"Net operating surplus",5298,"W326RC","6","T11400","BEA_API"
1936,24,"Net operating surplus",7181,"W326RC","6","T11400","BEA_API"
1937,24,"Net operating surplus",7885,"W326RC","6","T11400","BEA_API"
1938,24,"Net operating surplus",5613,"W326RC","6","T11400","BEA_API"
1939,24,"Net operating surplus",7132,"W326RC","6","T11400","BEA_API"
1940,24,"Net operating surplus",10197,"W326RC","6","T11400","BEA_API"
1941,24,"Net operating surplus",15756,"W326RC","6","T11400","BEA_API"
1942,24,"Net operating surplus",20842,"W326RC","6","T11400","BEA_API"
1943,24,"Net operating surplus",24744,"W326RC","6","T11400","BEA_API"
1944,24,"Net operating surplus",24577,"W326RC","6","T11400","BEA_API"
1945,24,"Net operating surplus",20084,"W326RC","6","T11400","BEA_API"
1946,24,"Net operating surplus",16641,"W326RC","6","T11400","BEA_API"
1947,24,"Net operating surplus",22780,"W326RC","6","T11400","BEA_API"
1948,24,"Net operating surplus",29076,"W326RC","6","T11400","BEA_API"
1949,24,"Net operating surplus",26426,"W326RC","6","T11400","BEA_API"
1950,24,"Net operating surplus",33268,"W326RC","6","T11400","BEA_API"
1951,24,"Net operating surplus",37834,"W326RC","6","T11400","BEA_API"
1952,24,"Net operating surplus",35736,"W326RC","6","T11400","BEA_API"
1953,24,"Net operating surplus",36232,"W326RC","6","T11400","BEA_API"
1954,24,"Net operating surplus",35178,"W326RC","6","T11400","BEA_API"
1955,24,"Net operating surplus",45418,"W326RC","6","T11400","BEA_API"
1956,24,"Net operating surplus",44304,"W326RC","6","T11400","BEA_API"
1957,24,"Net operating surplus",43705,"W326RC","6","T11400","BEA_API"
1958,24,"Net operating surplus",39237,"W326RC","6","T11400","BEA_API"
1959,24,"Net operating surplus",49776,"W326RC","6","T11400","BEA_API"
1960,24,"Net operating surplus",47915,"W326RC","6","T11400","BEA_API"
1961,24,"Net operating surplus",49723,"W326RC","6","T11400","BEA_API"
1962,24,"Net operating surplus",57859,"W326RC","6","T11400","BEA_API"
1963,24,"Net operating surplus",64716,"W326RC","6","T11400","BEA_API"
1964,24,"Net operating surplus",71736,"W326RC","6","T11400","BEA_API"
1965,24,"Net operating surplus",83491,"W326RC","6","T11400","BEA_API"
1966,24,"Net operating surplus",90864,"W326RC","6","T11400","BEA_API"
1967,24,"Net operating surplus",89364,"W326RC","6","T11400","BEA_API"
1968,24,"Net operating surplus",96448,"W326RC","6","T11400","BEA_API"
1969,24,"Net operating surplus",94896,"W326RC","6","T11400","BEA_API"
1970,24,"Net operating surplus",84896,"W326RC","6","T11400","BEA_API"
1971,24,"Net operating surplus",97659,"W326RC","6","T11400","BEA_API"
1972,24,"Net operating surplus",112172,"W326RC","6","T11400","BEA_API"
1973,24,"Net operating surplus",125483,"W326RC","6","T11400","BEA_API"
1974,24,"Net operating surplus",121293,"W326RC","6","T11400","BEA_API"
1975,24,"Net operating surplus",141341,"W326RC","6","T11400","BEA_API"
1976,24,"Net operating surplus",169722,"W326RC","6","T11400","BEA_API"
1977,24,"Net operating surplus",196884,"W326RC","6","T11400","BEA_API"
1978,24,"Net operating surplus",221554,"W326RC","6","T11400","BEA_API"
1979,24,"Net operating surplus",226725,"W326RC","6","T11400","BEA_API"
1980,24,"Net operating surplus",223441,"W326RC","6","T11400","BEA_API"
1981,24,"Net operating surplus",273482,"W326RC","6","T11400","BEA_API"
1982,24,"Net operating surplus",264806,"W326RC","6","T11400","BEA_API"
1983,24,"Net operating surplus",303155,"W326RC","6","T11400","BEA_API"
1984,24,"Net operating surplus",373838,"W326RC","6","T11400","BEA_API"
1985,24,"Net operating surplus",383522,"W326RC","6","T11400","BEA_API"
1986,24,"Net operating surplus",364294,"W326RC","6","T11400","BEA_API"
1987,24,"Net operating surplus",404912,"W326RC","6","T11400","BEA_API"
1988,24,"Net operating surplus",456561,"W326RC","6","T11400","BEA_API"
1989,24,"Net operating surplus",457075,"W326RC","6","T11400","BEA_API"
1990,24,"Net operating surplus",457022,"W326RC","6","T11400","BEA_API"
1991,24,"Net operating surplus",450831,"W326RC","6","T11400","BEA_API"
1992,24,"Net operating surplus",449070,"W326RC","6","T11400","BEA_API"
1993,24,"Net operating surplus",488755,"W326RC","6","T11400","BEA_API"
1994,24,"Net operating surplus",584811,"W326RC","6","T11400","BEA_API"
1995,24,"Net operating surplus",637426,"W326RC","6","T11400","BEA_API"
1996,24,"Net operating surplus",702808,"W326RC","6","T11400","BEA_API"
1997,24,"Net operating surplus",763291,"W326RC","6","T11400","BEA_API"
1998,24,"Net operating surplus",744345,"W326RC","6","T11400","BEA_API"
1999,24,"Net operating surplus",754597,"W326RC","6","T11400","BEA_API"
2000,24,"Net operating surplus",726139,"W326RC","6","T11400","BEA_API"
2001,24,"Net operating surplus",664885,"W326RC","6","T11400","BEA_API"
2002,24,"Net operating surplus",731045,"W326RC","6","T11400","BEA_API"
2003,24,"Net operating surplus",830127,"W326RC","6","T11400","BEA_API"
2004,24,"Net operating surplus",988613,"W326RC","6","T11400","BEA_API"
2005,24,"Net operating surplus",1157510,"W326RC","6","T11400","BEA_API"
2006,24,"Net operating surplus",1297836,"W326RC","6","T11400","BEA_API"
2007,24,"Net operating surplus",1271768,"W326RC","6","T11400","BEA_API"
2008,24,"Net operating surplus",1217245,"W326RC","6","T11400","BEA_API"
2009,24,"Net operating surplus",1086020,"W326RC","6","T11400","BEA_API"
2010,24,"Net operating surplus",1358883,"W326RC","6","T11400","BEA_API"
2011,24,"Net operating surplus",1444027,"W326RC","6","T11400","BEA_API"
2012,24,"Net operating surplus",1572715,"W326RC","6","T11400","BEA_API"
2013,24,"Net operating surplus",1634506,"W326RC","6","T11400","BEA_API"
2014,24,"Net operating surplus",1711433,"W326RC","6","T11400","BEA_API"
2015,24,"Net operating surplus",1738998,"W326RC","6","T11400","BEA_API"
2016,24,"Net operating surplus",1671794,"W326RC","6","T11400","BEA_API"
2017,24,"Net operating surplus",1708532,"W326RC","6","T11400","BEA_API"
2018,24,"Net operating surplus",1835141,"W326RC","6","T11400","BEA_API"
2019,24,"Net operating surplus",1861862,"W326RC","6","T11400","BEA_API"
2020,24,"Net operating surplus",1912578,"W326RC","6","T11400","BEA_API"
2021,24,"Net operating surplus",2555943,"W326RC","6","T11400","BEA_API"
2022,24,"Net operating surplus",2736706,"W326RC","6","T11400","BEA_API"
2023,24,"Net operating surplus",2877736,"W326RC","6","T11400","BEA_API"
2024,24,"Net operating surplus",2957761,"W326RC","6","T11400","BEA_API"
2025,24,"Net operating surplus",3033067,"W326RC","6","T11400","BEA_API"
1929,25,"Net interest and miscellaneous payments",1358,"B471RC","6","T11400","BEA_API"
1930,25,"Net interest and miscellaneous payments",1606,"B471RC","6","T11400","BEA_API"
1931,25,"Net interest and miscellaneous payments",1778,"B471RC","6","T11400","BEA_API"
1932,25,"Net interest and miscellaneous payments",1765,"B471RC","6","T11400","BEA_API"
1933,25,"Net interest and miscellaneous payments",1738,"B471RC","6","T11400","BEA_API"
1934,25,"Net interest and miscellaneous payments",1684,"B471RC","6","T11400","BEA_API"
1935,25,"Net interest and miscellaneous payments",1670,"B471RC","6","T11400","BEA_API"
1936,25,"Net interest and miscellaneous payments",1600,"B471RC","6","T11400","BEA_API"
1937,25,"Net interest and miscellaneous payments",1590,"B471RC","6","T11400","BEA_API"
1938,25,"Net interest and miscellaneous payments",1524,"B471RC","6","T11400","BEA_API"
1939,25,"Net interest and miscellaneous payments",1476,"B471RC","6","T11400","BEA_API"
1940,25,"Net interest and miscellaneous payments",1335,"B471RC","6","T11400","BEA_API"
1941,25,"Net interest and miscellaneous payments",1237,"B471RC","6","T11400","BEA_API"
1942,25,"Net interest and miscellaneous payments",1220,"B471RC","6","T11400","BEA_API"
1943,25,"Net interest and miscellaneous payments",1060,"B471RC","6","T11400","BEA_API"
1944,25,"Net interest and miscellaneous payments",990,"B471RC","6","T11400","BEA_API"
1945,25,"Net interest and miscellaneous payments",942,"B471RC","6","T11400","BEA_API"
1946,25,"Net interest and miscellaneous payments",660,"B471RC","6","T11400","BEA_API"
1947,25,"Net interest and miscellaneous payments",768,"B471RC","6","T11400","BEA_API"
1948,25,"Net interest and miscellaneous payments",857,"B471RC","6","T11400","BEA_API"
1949,25,"Net interest and miscellaneous payments",999,"B471RC","6","T11400","BEA_API"
1950,25,"Net interest and miscellaneous payments",932,"B471RC","6","T11400","BEA_API"
1951,25,"Net interest and miscellaneous payments",1096,"B471RC","6","T11400","BEA_API"
1952,25,"Net interest and miscellaneous payments",1258,"B471RC","6","T11400","BEA_API"
1953,25,"Net interest and miscellaneous payments",1334,"B471RC","6","T11400","BEA_API"
1954,25,"Net interest and miscellaneous payments",1650,"B471RC","6","T11400","BEA_API"
1955,25,"Net interest and miscellaneous payments",1700,"B471RC","6","T11400","BEA_API"
1956,25,"Net interest and miscellaneous payments",1832,"B471RC","6","T11400","BEA_API"
1957,25,"Net interest and miscellaneous payments",2262,"B471RC","6","T11400","BEA_API"
1958,25,"Net interest and miscellaneous payments",2846,"B471RC","6","T11400","BEA_API"
1959,25,"Net interest and miscellaneous payments",3018,"B471RC","6","T11400","BEA_API"
1960,25,"Net interest and miscellaneous payments",3313,"B471RC","6","T11400","BEA_API"
1961,25,"Net interest and miscellaneous payments",3818,"B471RC","6","T11400","BEA_API"
1962,25,"Net interest and miscellaneous payments",4470,"B471RC","6","T11400","BEA_API"
1963,25,"Net interest and miscellaneous payments",4828,"B471RC","6","T11400","BEA_API"
1964,25,"Net interest and miscellaneous payments",5299,"B471RC","6","T11400","BEA_API"
1965,25,"Net interest and miscellaneous payments",5966,"B471RC","6","T11400","BEA_API"
1966,25,"Net interest and miscellaneous payments",7184,"B471RC","6","T11400","BEA_API"
1967,25,"Net interest and miscellaneous payments",8594,"B471RC","6","T11400","BEA_API"
1968,25,"Net interest and miscellaneous payments",10148,"B471RC","6","T11400","BEA_API"
1969,25,"Net interest and miscellaneous payments",13544,"B471RC","6","T11400","BEA_API"
1970,25,"Net interest and miscellaneous payments",17851,"B471RC","6","T11400","BEA_API"
1971,25,"Net interest and miscellaneous payments",18915,"B471RC","6","T11400","BEA_API"
1972,25,"Net interest and miscellaneous payments",19976,"B471RC","6","T11400","BEA_API"
1973,25,"Net interest and miscellaneous payments",23733,"B471RC","6","T11400","BEA_API"
1974,25,"Net interest and miscellaneous payments",30142,"B471RC","6","T11400","BEA_API"
1975,25,"Net interest and miscellaneous payments",32355,"B471RC","6","T11400","BEA_API"
1976,25,"Net interest and miscellaneous payments",29977,"B471RC","6","T11400","BEA_API"
1977,25,"Net interest and miscellaneous payments",33041,"B471RC","6","T11400","BEA_API"
1978,25,"Net interest and miscellaneous payments",36599,"B471RC","6","T11400","BEA_API"
1979,25,"Net interest and miscellaneous payments",43665,"B471RC","6","T11400","BEA_API"
1980,25,"Net interest and miscellaneous payments",58147,"B471RC","6","T11400","BEA_API"
1981,25,"Net interest and miscellaneous payments",72914,"B471RC","6","T11400","BEA_API"
1982,25,"Net interest and miscellaneous payments",83413,"B471RC","6","T11400","BEA_API"
1983,25,"Net interest and miscellaneous payments",82656,"B471RC","6","T11400","BEA_API"
1984,25,"Net interest and miscellaneous payments",93991,"B471RC","6","T11400","BEA_API"
1985,25,"Net interest and miscellaneous payments",97093,"B471RC","6","T11400","BEA_API"
1986,25,"Net interest and miscellaneous payments",107170,"B471RC","6","T11400","BEA_API"
1987,25,"Net interest and miscellaneous payments",115901,"B471RC","6","T11400","BEA_API"
1988,25,"Net interest and miscellaneous payments",135568,"B471RC","6","T11400","BEA_API"
1989,25,"Net interest and miscellaneous payments",159563,"B471RC","6","T11400","BEA_API"
1990,25,"Net interest and miscellaneous payments",169679,"B471RC","6","T11400","BEA_API"
1991,25,"Net interest and miscellaneous payments",156685,"B471RC","6","T11400","BEA_API"
1992,25,"Net interest and miscellaneous payments",131318,"B471RC","6","T11400","BEA_API"
1993,25,"Net interest and miscellaneous payments",117538,"B471RC","6","T11400","BEA_API"
1994,25,"Net interest and miscellaneous payments",116971,"B471RC","6","T11400","BEA_API"
1995,25,"Net interest and miscellaneous payments",126463,"B471RC","6","T11400","BEA_API"
1996,25,"Net interest and miscellaneous payments",119960,"B471RC","6","T11400","BEA_API"
1997,25,"Net interest and miscellaneous payments",127945,"B471RC","6","T11400","BEA_API"
1998,25,"Net interest and miscellaneous payments",148275,"B471RC","6","T11400","BEA_API"
1999,25,"Net interest and miscellaneous payments",158279,"B471RC","6","T11400","BEA_API"
2000,25,"Net interest and miscellaneous payments",196220,"B471RC","6","T11400","BEA_API"
2001,25,"Net interest and miscellaneous payments",224069,"B471RC","6","T11400","BEA_API"
2002,25,"Net interest and miscellaneous payments",200347,"B471RC","6","T11400","BEA_API"
2003,25,"Net interest and miscellaneous payments",174198,"B471RC","6","T11400","BEA_API"
2004,25,"Net interest and miscellaneous payments",162335,"B471RC","6","T11400","BEA_API"
2005,25,"Net interest and miscellaneous payments",174978,"B471RC","6","T11400","BEA_API"
2006,25,"Net interest and miscellaneous payments",183070,"B471RC","6","T11400","BEA_API"
2007,25,"Net interest and miscellaneous payments",261873,"B471RC","6","T11400","BEA_API"
2008,25,"Net interest and miscellaneous payments",325645,"B471RC","6","T11400","BEA_API"
2009,25,"Net interest and miscellaneous payments",301527,"B471RC","6","T11400","BEA_API"
2010,25,"Net interest and miscellaneous payments",303977,"B471RC","6","T11400","BEA_API"
2011,25,"Net interest and miscellaneous payments",301801,"B471RC","6","T11400","BEA_API"
2012,25,"Net interest and miscellaneous payments",307917,"B471RC","6","T11400","BEA_API"
2013,25,"Net interest and miscellaneous payments",301337,"B471RC","6","T11400","BEA_API"
2014,25,"Net interest and miscellaneous payments",310655,"B471RC","6","T11400","BEA_API"
2015,25,"Net interest and miscellaneous payments",324537,"B471RC","6","T11400","BEA_API"
2016,25,"Net interest and miscellaneous payments",343885,"B471RC","6","T11400","BEA_API"
2017,25,"Net interest and miscellaneous payments",351963,"B471RC","6","T11400","BEA_API"
2018,25,"Net interest and miscellaneous payments",358281,"B471RC","6","T11400","BEA_API"
2019,25,"Net interest and miscellaneous payments",372810,"B471RC","6","T11400","BEA_API"
2020,25,"Net interest and miscellaneous payments",324369,"B471RC","6","T11400","BEA_API"
2021,25,"Net interest and miscellaneous payments",326392,"B471RC","6","T11400","BEA_API"
2022,25,"Net interest and miscellaneous payments",307810,"B471RC","6","T11400","BEA_API"
2023,25,"Net interest and miscellaneous payments",218873,"B471RC","6","T11400","BEA_API"
2024,25,"Net interest and miscellaneous payments",199330,"B471RC","6","T11400","BEA_API"
2025,25,"Net interest and miscellaneous payments",201022,"B471RC","6","T11400","BEA_API"
1929,26,"Business current transfer payments (net)",310,"W327RC","6","T11400","BEA_API"
1930,26,"Business current transfer payments (net)",306,"W327RC","6","T11400","BEA_API"
1931,26,"Business current transfer payments (net)",337,"W327RC","6","T11400","BEA_API"
1932,26,"Business current transfer payments (net)",352,"W327RC","6","T11400","BEA_API"
1933,26,"Business current transfer payments (net)",331,"W327RC","6","T11400","BEA_API"
1934,26,"Business current transfer payments (net)",319,"W327RC","6","T11400","BEA_API"
1935,26,"Business current transfer payments (net)",312,"W327RC","6","T11400","BEA_API"
1936,26,"Business current transfer payments (net)",318,"W327RC","6","T11400","BEA_API"
1937,26,"Business current transfer payments (net)",326,"W327RC","6","T11400","BEA_API"
1938,26,"Business current transfer payments (net)",297,"W327RC","6","T11400","BEA_API"
1939,26,"Business current transfer payments (net)",306,"W327RC","6","T11400","BEA_API"
1940,26,"Business current transfer payments (net)",317,"W327RC","6","T11400","BEA_API"
1941,26,"Business current transfer payments (net)",367,"W327RC","6","T11400","BEA_API"
1942,26,"Business current transfer payments (net)",419,"W327RC","6","T11400","BEA_API"
1943,26,"Business current transfer payments (net)",494,"W327RC","6","T11400","BEA_API"
1944,26,"Business current transfer payments (net)",630,"W327RC","6","T11400","BEA_API"
1945,26,"Business current transfer payments (net)",667,"W327RC","6","T11400","BEA_API"
1946,26,"Business current transfer payments (net)",475,"W327RC","6","T11400","BEA_API"
1947,26,"Business current transfer payments (net)",572,"W327RC","6","T11400","BEA_API"
1948,26,"Business current transfer payments (net)",605,"W327RC","6","T11400","BEA_API"
1949,26,"Business current transfer payments (net)",588,"W327RC","6","T11400","BEA_API"
1950,26,"Business current transfer payments (net)",601,"W327RC","6","T11400","BEA_API"
1951,26,"Business current transfer payments (net)",727,"W327RC","6","T11400","BEA_API"
1952,26,"Business current transfer payments (net)",824,"W327RC","6","T11400","BEA_API"
1953,26,"Business current transfer payments (net)",959,"W327RC","6","T11400","BEA_API"
1954,26,"Business current transfer payments (net)",851,"W327RC","6","T11400","BEA_API"
1955,26,"Business current transfer payments (net)",979,"W327RC","6","T11400","BEA_API"
1956,26,"Business current transfer payments (net)",1035,"W327RC","6","T11400","BEA_API"
1957,26,"Business current transfer payments (net)",1098,"W327RC","6","T11400","BEA_API"
1958,26,"Business current transfer payments (net)",1173,"W327RC","6","T11400","BEA_API"
1959,26,"Business current transfer payments (net)",1255,"W327RC","6","T11400","BEA_API"
1960,26,"Business current transfer payments (net)",1266,"W327RC","6","T11400","BEA_API"
1961,26,"Business current transfer payments (net)",1421,"W327RC","6","T11400","BEA_API"
1962,26,"Business current transfer payments (net)",1579,"W327RC","6","T11400","BEA_API"
1963,26,"Business current transfer payments (net)",1595,"W327RC","6","T11400","BEA_API"
1964,26,"Business current transfer payments (net)",1871,"W327RC","6","T11400","BEA_API"
1965,26,"Business current transfer payments (net)",2102,"W327RC","6","T11400","BEA_API"
1966,26,"Business current transfer payments (net)",2617,"W327RC","6","T11400","BEA_API"
1967,26,"Business current transfer payments (net)",2703,"W327RC","6","T11400","BEA_API"
1968,26,"Business current transfer payments (net)",2937,"W327RC","6","T11400","BEA_API"
1969,26,"Business current transfer payments (net)",3047,"W327RC","6","T11400","BEA_API"
1970,26,"Business current transfer payments (net)",3182,"W327RC","6","T11400","BEA_API"
1971,26,"Business current transfer payments (net)",3592,"W327RC","6","T11400","BEA_API"
1972,26,"Business current transfer payments (net)",3885,"W327RC","6","T11400","BEA_API"
1973,26,"Business current transfer payments (net)",4504,"W327RC","6","T11400","BEA_API"
1974,26,"Business current transfer payments (net)",3739,"W327RC","6","T11400","BEA_API"
1975,26,"Business current transfer payments (net)",4716,"W327RC","6","T11400","BEA_API"
1976,26,"Business current transfer payments (net)",6700,"W327RC","6","T11400","BEA_API"
1977,26,"Business current transfer payments (net)",8706,"W327RC","6","T11400","BEA_API"
1978,26,"Business current transfer payments (net)",9203,"W327RC","6","T11400","BEA_API"
1979,26,"Business current transfer payments (net)",9028,"W327RC","6","T11400","BEA_API"
1980,26,"Business current transfer payments (net)",9636,"W327RC","6","T11400","BEA_API"
1981,26,"Business current transfer payments (net)",10659,"W327RC","6","T11400","BEA_API"
1982,26,"Business current transfer payments (net)",8119,"W327RC","6","T11400","BEA_API"
1983,26,"Business current transfer payments (net)",9953,"W327RC","6","T11400","BEA_API"
1984,26,"Business current transfer payments (net)",10934,"W327RC","6","T11400","BEA_API"
1985,26,"Business current transfer payments (net)",15362,"W327RC","6","T11400","BEA_API"
1986,26,"Business current transfer payments (net)",26919,"W327RC","6","T11400","BEA_API"
1987,26,"Business current transfer payments (net)",29655,"W327RC","6","T11400","BEA_API"
1988,26,"Business current transfer payments (net)",27036,"W327RC","6","T11400","BEA_API"
1989,26,"Business current transfer payments (net)",23481,"W327RC","6","T11400","BEA_API"
1990,26,"Business current transfer payments (net)",24867,"W327RC","6","T11400","BEA_API"
1991,26,"Business current transfer payments (net)",26093,"W327RC","6","T11400","BEA_API"
1992,26,"Business current transfer payments (net)",30693,"W327RC","6","T11400","BEA_API"
1993,26,"Business current transfer payments (net)",29521,"W327RC","6","T11400","BEA_API"
1994,26,"Business current transfer payments (net)",34651,"W327RC","6","T11400","BEA_API"
1995,26,"Business current transfer payments (net)",30162,"W327RC","6","T11400","BEA_API"
1996,26,"Business current transfer payments (net)",37319,"W327RC","6","T11400","BEA_API"
1997,26,"Business current transfer payments (net)",38487,"W327RC","6","T11400","BEA_API"
1998,26,"Business current transfer payments (net)",34106,"W327RC","6","T11400","BEA_API"
1999,26,"Business current transfer payments (net)",45602,"W327RC","6","T11400","BEA_API"
2000,26,"Business current transfer payments (net)",45439,"W327RC","6","T11400","BEA_API"
2001,26,"Business current transfer payments (net)",55199,"W327RC","6","T11400","BEA_API"
2002,26,"Business current transfer payments (net)",51994,"W327RC","6","T11400","BEA_API"
2003,26,"Business current transfer payments (net)",61635,"W327RC","6","T11400","BEA_API"
2004,26,"Business current transfer payments (net)",62538,"W327RC","6","T11400","BEA_API"
2005,26,"Business current transfer payments (net)",79314,"W327RC","6","T11400","BEA_API"
2006,26,"Business current transfer payments (net)",68525,"W327RC","6","T11400","BEA_API"
2007,26,"Business current transfer payments (net)",59077,"W327RC","6","T11400","BEA_API"
2008,26,"Business current transfer payments (net)",46320,"W327RC","6","T11400","BEA_API"
2009,26,"Business current transfer payments (net)",60532,"W327RC","6","T11400","BEA_API"
2010,26,"Business current transfer payments (net)",71808,"W327RC","6","T11400","BEA_API"
2011,26,"Business current transfer payments (net)",79885,"W327RC","6","T11400","BEA_API"
2012,26,"Business current transfer payments (net)",82372,"W327RC","6","T11400","BEA_API"
2013,26,"Business current transfer payments (net)",84166,"W327RC","6","T11400","BEA_API"
2014,26,"Business current transfer payments (net)",82241,"W327RC","6","T11400","BEA_API"
2015,26,"Business current transfer payments (net)",99763,"W327RC","6","T11400","BEA_API"
2016,26,"Business current transfer payments (net)",73341,"W327RC","6","T11400","BEA_API"
2017,26,"Business current transfer payments (net)",92900,"W327RC","6","T11400","BEA_API"
2018,26,"Business current transfer payments (net)",97765,"W327RC","6","T11400","BEA_API"
2019,26,"Business current transfer payments (net)",89471,"W327RC","6","T11400","BEA_API"
2020,26,"Business current transfer payments (net)",90877,"W327RC","6","T11400","BEA_API"
2021,26,"Business current transfer payments (net)",122876,"W327RC","6","T11400","BEA_API"
2022,26,"Business current transfer payments (net)",119058,"W327RC","6","T11400","BEA_API"
2023,26,"Business current transfer payments (net)",97823,"W327RC","6","T11400","BEA_API"
2024,26,"Business current transfer payments (net)",111445,"W327RC","6","T11400","BEA_API"
2025,26,"Business current transfer payments (net)",98264,"W327RC","6","T11400","BEA_API"
1929,27,"Corporate profits with IVA and CCAdj",9041,"A463RC","6","T11400","BEA_API"
1930,27,"Corporate profits with IVA and CCAdj",6693,"A463RC","6","T11400","BEA_API"
1931,27,"Corporate profits with IVA and CCAdj",2438,"A463RC","6","T11400","BEA_API"
1932,27,"Corporate profits with IVA and CCAdj",-798,"A463RC","6","T11400","BEA_API"
1933,27,"Corporate profits with IVA and CCAdj",-955,"A463RC","6","T11400","BEA_API"
1934,27,"Corporate profits with IVA and CCAdj",1935,"A463RC","6","T11400","BEA_API"
1935,27,"Corporate profits with IVA and CCAdj",3316,"A463RC","6","T11400","BEA_API"
1936,27,"Corporate profits with IVA and CCAdj",5263,"A463RC","6","T11400","BEA_API"
1937,27,"Corporate profits with IVA and CCAdj",5969,"A463RC","6","T11400","BEA_API"
1938,27,"Corporate profits with IVA and CCAdj",3792,"A463RC","6","T11400","BEA_API"
1939,27,"Corporate profits with IVA and CCAdj",5350,"A463RC","6","T11400","BEA_API"
1940,27,"Corporate profits with IVA and CCAdj",8545,"A463RC","6","T11400","BEA_API"
1941,27,"Corporate profits with IVA and CCAdj",14152,"A463RC","6","T11400","BEA_API"
1942,27,"Corporate profits with IVA and CCAdj",19203,"A463RC","6","T11400","BEA_API"
1943,27,"Corporate profits with IVA and CCAdj",23190,"A463RC","6","T11400","BEA_API"
1944,27,"Corporate profits with IVA and CCAdj",22957,"A463RC","6","T11400","BEA_API"
1945,27,"Corporate profits with IVA and CCAdj",18475,"A463RC","6","T11400","BEA_API"
1946,27,"Corporate profits with IVA and CCAdj",15506,"A463RC","6","T11400","BEA_API"
1947,27,"Corporate profits with IVA and CCAdj",21441,"A463RC","6","T11400","BEA_API"
1948,27,"Corporate profits with IVA and CCAdj",27614,"A463RC","6","T11400","BEA_API"
1949,27,"Corporate profits with IVA and CCAdj",24840,"A463RC","6","T11400","BEA_API"
1950,27,"Corporate profits with IVA and CCAdj",31735,"A463RC","6","T11400","BEA_API"
1951,27,"Corporate profits with IVA and CCAdj",36011,"A463RC","6","T11400","BEA_API"
1952,27,"Corporate profits with IVA and CCAdj",33654,"A463RC","6","T11400","BEA_API"
1953,27,"Corporate profits with IVA and CCAdj",33939,"A463RC","6","T11400","BEA_API"
1954,27,"Corporate profits with IVA and CCAdj",32676,"A463RC","6","T11400","BEA_API"
1955,27,"Corporate profits with IVA and CCAdj",42739,"A463RC","6","T11400","BEA_API"
1956,27,"Corporate profits with IVA and CCAdj",41437,"A463RC","6","T11400","BEA_API"
1957,27,"Corporate profits with IVA and CCAdj",40345,"A463RC","6","T11400","BEA_API"
1958,27,"Corporate profits with IVA and CCAdj",35217,"A463RC","6","T11400","BEA_API"
1959,27,"Corporate profits with IVA and CCAdj",45503,"A463RC","6","T11400","BEA_API"
1960,27,"Corporate profits with IVA and CCAdj",43335,"A463RC","6","T11400","BEA_API"
1961,27,"Corporate profits with IVA and CCAdj",44484,"A463RC","6","T11400","BEA_API"
1962,27,"Corporate profits with IVA and CCAdj",51810,"A463RC","6","T11400","BEA_API"
1963,27,"Corporate profits with IVA and CCAdj",58293,"A463RC","6","T11400","BEA_API"
1964,27,"Corporate profits with IVA and CCAdj",64566,"A463RC","6","T11400","BEA_API"
1965,27,"Corporate profits with IVA and CCAdj",75423,"A463RC","6","T11400","BEA_API"
1966,27,"Corporate profits with IVA and CCAdj",81063,"A463RC","6","T11400","BEA_API"
1967,27,"Corporate profits with IVA and CCAdj",78068,"A463RC","6","T11400","BEA_API"
1968,27,"Corporate profits with IVA and CCAdj",83364,"A463RC","6","T11400","BEA_API"
1969,27,"Corporate profits with IVA and CCAdj",78306,"A463RC","6","T11400","BEA_API"
1970,27,"Corporate profits with IVA and CCAdj",63863,"A463RC","6","T11400","BEA_API"
1971,27,"Corporate profits with IVA and CCAdj",75152,"A463RC","6","T11400","BEA_API"
1972,27,"Corporate profits with IVA and CCAdj",88311,"A463RC","6","T11400","BEA_API"
1973,27,"Corporate profits with IVA and CCAdj",97246,"A463RC","6","T11400","BEA_API"
1974,27,"Corporate profits with IVA and CCAdj",87413,"A463RC","6","T11400","BEA_API"
1975,27,"Corporate profits with IVA and CCAdj",104270,"A463RC","6","T11400","BEA_API"
1976,27,"Corporate profits with IVA and CCAdj",133045,"A463RC","6","T11400","BEA_API"
1977,27,"Corporate profits with IVA and CCAdj",155137,"A463RC","6","T11400","BEA_API"
1978,27,"Corporate profits with IVA and CCAdj",175752,"A463RC","6","T11400","BEA_API"
1979,27,"Corporate profits with IVA and CCAdj",174032,"A463RC","6","T11400","BEA_API"
1980,27,"Corporate profits with IVA and CCAdj",155658,"A463RC","6","T11400","BEA_API"
1981,27,"Corporate profits with IVA and CCAdj",189910,"A463RC","6","T11400","BEA_API"
1982,27,"Corporate profits with IVA and CCAdj",173273,"A463RC","6","T11400","BEA_API"
1983,27,"Corporate profits with IVA and CCAdj",210547,"A463RC","6","T11400","BEA_API"
1984,27,"Corporate profits with IVA and CCAdj",268913,"A463RC","6","T11400","BEA_API"
1985,27,"Corporate profits with IVA and CCAdj",271067,"A463RC","6","T11400","BEA_API"
1986,27,"Corporate profits with IVA and CCAdj",230205,"A463RC","6","T11400","BEA_API"
1987,27,"Corporate profits with IVA and CCAdj",259356,"A463RC","6","T11400","BEA_API"
1988,27,"Corporate profits with IVA and CCAdj",293957,"A463RC","6","T11400","BEA_API"
1989,27,"Corporate profits with IVA and CCAdj",274031,"A463RC","6","T11400","BEA_API"
1990,27,"Corporate profits with IVA and CCAdj",262476,"A463RC","6","T11400","BEA_API"
1991,27,"Corporate profits with IVA and CCAdj",268053,"A463RC","6","T11400","BEA_API"
1992,27,"Corporate profits with IVA and CCAdj",287059,"A463RC","6","T11400","BEA_API"
1993,27,"Corporate profits with IVA and CCAdj",341696,"A463RC","6","T11400","BEA_API"
1994,27,"Corporate profits with IVA and CCAdj",433190,"A463RC","6","T11400","BEA_API"
1995,27,"Corporate profits with IVA and CCAdj",480800,"A463RC","6","T11400","BEA_API"
1996,27,"Corporate profits with IVA and CCAdj",545529,"A463RC","6","T11400","BEA_API"
1997,27,"Corporate profits with IVA and CCAdj",596858,"A463RC","6","T11400","BEA_API"
1998,27,"Corporate profits with IVA and CCAdj",561964,"A463RC","6","T11400","BEA_API"
1999,27,"Corporate profits with IVA and CCAdj",550717,"A463RC","6","T11400","BEA_API"
2000,27,"Corporate profits with IVA and CCAdj",484479,"A463RC","6","T11400","BEA_API"
2001,27,"Corporate profits with IVA and CCAdj",385618,"A463RC","6","T11400","BEA_API"
2002,27,"Corporate profits with IVA and CCAdj",478705,"A463RC","6","T11400","BEA_API"
2003,27,"Corporate profits with IVA and CCAdj",594294,"A463RC","6","T11400","BEA_API"
2004,27,"Corporate profits with IVA and CCAdj",763740,"A463RC","6","T11400","BEA_API"
2005,27,"Corporate profits with IVA and CCAdj",903218,"A463RC","6","T11400","BEA_API"
2006,27,"Corporate profits with IVA and CCAdj",1046240,"A463RC","6","T11400","BEA_API"
2007,27,"Corporate profits with IVA and CCAdj",950818,"A463RC","6","T11400","BEA_API"
2008,27,"Corporate profits with IVA and CCAdj",845280,"A463RC","6","T11400","BEA_API"
2009,27,"Corporate profits with IVA and CCAdj",723962,"A463RC","6","T11400","BEA_API"
2010,27,"Corporate profits with IVA and CCAdj",983098,"A463RC","6","T11400","BEA_API"
2011,27,"Corporate profits with IVA and CCAdj",1062341,"A463RC","6","T11400","BEA_API"
2012,27,"Corporate profits with IVA and CCAdj",1182426,"A463RC","6","T11400","BEA_API"
2013,27,"Corporate profits with IVA and CCAdj",1249003,"A463RC","6","T11400","BEA_API"
2014,27,"Corporate profits with IVA and CCAdj",1318538,"A463RC","6","T11400","BEA_API"
2015,27,"Corporate profits with IVA and CCAdj",1314698,"A463RC","6","T11400","BEA_API"
2016,27,"Corporate profits with IVA and CCAdj",1254568,"A463RC","6","T11400","BEA_API"
2017,27,"Corporate profits with IVA and CCAdj",1263670,"A463RC","6","T11400","BEA_API"
2018,27,"Corporate profits with IVA and CCAdj",1379096,"A463RC","6","T11400","BEA_API"
2019,27,"Corporate profits with IVA and CCAdj",1399581,"A463RC","6","T11400","BEA_API"
2020,27,"Corporate profits with IVA and CCAdj",1497331,"A463RC","6","T11400","BEA_API"
2021,27,"Corporate profits with IVA and CCAdj",2106675,"A463RC","6","T11400","BEA_API"
2022,27,"Corporate profits with IVA and CCAdj",2309838,"A463RC","6","T11400","BEA_API"
2023,27,"Corporate profits with IVA and CCAdj",2561040,"A463RC","6","T11400","BEA_API"
2024,27,"Corporate profits with IVA and CCAdj",2646986,"A463RC","6","T11400","BEA_API"
2025,27,"Corporate profits with IVA and CCAdj",2733781,"A463RC","6","T11400","BEA_API"
1929,28,"Taxes on corporate income",1149,"B465RC","6","T11400","BEA_API"
1930,28,"Taxes on corporate income",740,"B465RC","6","T11400","BEA_API"
1931,28,"Taxes on corporate income",450,"B465RC","6","T11400","BEA_API"
1932,28,"Taxes on corporate income",345,"B465RC","6","T11400","BEA_API"
1933,28,"Taxes on corporate income",488,"B465RC","6","T11400","BEA_API"
1934,28,"Taxes on corporate income",681,"B465RC","6","T11400","BEA_API"
1935,28,"Taxes on corporate income",863,"B465RC","6","T11400","BEA_API"
1936,28,"Taxes on corporate income",1257,"B465RC","6","T11400","BEA_API"
1937,28,"Taxes on corporate income",1359,"B465RC","6","T11400","BEA_API"
1938,28,"Taxes on corporate income",912,"B465RC","6","T11400","BEA_API"
1939,28,"Taxes on corporate income",1330,"B465RC","6","T11400","BEA_API"
1940,28,"Taxes on corporate income",2675,"B465RC","6","T11400","BEA_API"
1941,28,"Taxes on corporate income",7352,"B465RC","6","T11400","BEA_API"
1942,28,"Taxes on corporate income",11112,"B465RC","6","T11400","BEA_API"
1943,28,"Taxes on corporate income",13732,"B465RC","6","T11400","BEA_API"
1944,28,"Taxes on corporate income",12557,"B465RC","6","T11400","BEA_API"
1945,28,"Taxes on corporate income",10184,"B465RC","6","T11400","BEA_API"
1946,28,"Taxes on corporate income",8573,"B465RC","6","T11400","BEA_API"
1947,28,"Taxes on corporate income",10777,"B465RC","6","T11400","BEA_API"
1948,28,"Taxes on corporate income",11681,"B465RC","6","T11400","BEA_API"
1949,28,"Taxes on corporate income",9262,"B465RC","6","T11400","BEA_API"
1950,28,"Taxes on corporate income",16764,"B465RC","6","T11400","BEA_API"
1951,28,"Taxes on corporate income",21104,"B465RC","6","T11400","BEA_API"
1952,28,"Taxes on corporate income",17677,"B465RC","6","T11400","BEA_API"
1953,28,"Taxes on corporate income",18369,"B465RC","6","T11400","BEA_API"
1954,28,"Taxes on corporate income",15528,"B465RC","6","T11400","BEA_API"
1955,28,"Taxes on corporate income",20115,"B465RC","6","T11400","BEA_API"
1956,28,"Taxes on corporate income",19919,"B465RC","6","T11400","BEA_API"
1957,28,"Taxes on corporate income",18981,"B465RC","6","T11400","BEA_API"
1958,28,"Taxes on corporate income",16064,"B465RC","6","T11400","BEA_API"
1959,28,"Taxes on corporate income",20682,"B465RC","6","T11400","BEA_API"
1960,28,"Taxes on corporate income",19142,"B465RC","6","T11400","BEA_API"
1961,28,"Taxes on corporate income",19419,"B465RC","6","T11400","BEA_API"
1962,28,"Taxes on corporate income",20591,"B465RC","6","T11400","BEA_API"
1963,28,"Taxes on corporate income",22754,"B465RC","6","T11400","BEA_API"
1964,28,"Taxes on corporate income",23888,"B465RC","6","T11400","BEA_API"
1965,28,"Taxes on corporate income",27137,"B465RC","6","T11400","BEA_API"
1966,28,"Taxes on corporate income",29492,"B465RC","6","T11400","BEA_API"
1967,28,"Taxes on corporate income",27828,"B465RC","6","T11400","BEA_API"
1968,28,"Taxes on corporate income",33534,"B465RC","6","T11400","BEA_API"
1969,28,"Taxes on corporate income",33344,"B465RC","6","T11400","BEA_API"
1970,28,"Taxes on corporate income",27286,"B465RC","6","T11400","BEA_API"
1971,28,"Taxes on corporate income",29995,"B465RC","6","T11400","BEA_API"
1972,28,"Taxes on corporate income",33795,"B465RC","6","T11400","BEA_API"
1973,28,"Taxes on corporate income",40409,"B465RC","6","T11400","BEA_API"
1974,28,"Taxes on corporate income",42849,"B465RC","6","T11400","BEA_API"
1975,28,"Taxes on corporate income",41908,"B465RC","6","T11400","BEA_API"
1976,28,"Taxes on corporate income",53495,"B465RC","6","T11400","BEA_API"
1977,28,"Taxes on corporate income",60578,"B465RC","6","T11400","BEA_API"
1978,28,"Taxes on corporate income",67556,"B465RC","6","T11400","BEA_API"
1979,28,"Taxes on corporate income",70619,"B465RC","6","T11400","BEA_API"
1980,28,"Taxes on corporate income",68203,"B465RC","6","T11400","BEA_API"
1981,28,"Taxes on corporate income",65994,"B465RC","6","T11400","BEA_API"
1982,28,"Taxes on corporate income",48763,"B465RC","6","T11400","BEA_API"
1983,28,"Taxes on corporate income",61721,"B465RC","6","T11400","BEA_API"
1984,28,"Taxes on corporate income",75940,"B465RC","6","T11400","BEA_API"
1985,28,"Taxes on corporate income",71083,"B465RC","6","T11400","BEA_API"
1986,28,"Taxes on corporate income",76238,"B465RC","6","T11400","BEA_API"
1987,28,"Taxes on corporate income",94230,"B465RC","6","T11400","BEA_API"
1988,28,"Taxes on corporate income",103953,"B465RC","6","T11400","BEA_API"
1989,28,"Taxes on corporate income",101208,"B465RC","6","T11400","BEA_API"
1990,28,"Taxes on corporate income",98453,"B465RC","6","T11400","BEA_API"
1991,28,"Taxes on corporate income",88598,"B465RC","6","T11400","BEA_API"
1992,28,"Taxes on corporate income",94429,"B465RC","6","T11400","BEA_API"
1993,28,"Taxes on corporate income",108041,"B465RC","6","T11400","BEA_API"
1994,28,"Taxes on corporate income",132356,"B465RC","6","T11400","BEA_API"
1995,28,"Taxes on corporate income",140323,"B465RC","6","T11400","BEA_API"
1996,28,"Taxes on corporate income",152928,"B465RC","6","T11400","BEA_API"
1997,28,"Taxes on corporate income",161359,"B465RC","6","T11400","BEA_API"
1998,28,"Taxes on corporate income",158668,"B465RC","6","T11400","BEA_API"
1999,28,"Taxes on corporate income",166463,"B465RC","6","T11400","BEA_API"
2000,28,"Taxes on corporate income",165085,"B465RC","6","T11400","BEA_API"
2001,28,"Taxes on corporate income",106211,"B465RC","6","T11400","BEA_API"
2002,28,"Taxes on corporate income",91076,"B465RC","6","T11400","BEA_API"
2003,28,"Taxes on corporate income",126492,"B465RC","6","T11400","BEA_API"
2004,28,"Taxes on corporate income",179234,"B465RC","6","T11400","BEA_API"
2005,28,"Taxes on corporate income",262541,"B465RC","6","T11400","BEA_API"
2006,28,"Taxes on corporate income",296082,"B465RC","6","T11400","BEA_API"
2007,28,"Taxes on corporate income",277620,"B465RC","6","T11400","BEA_API"
2008,28,"Taxes on corporate income",207206,"B465RC","6","T11400","BEA_API"
2009,28,"Taxes on corporate income",161436,"B465RC","6","T11400","BEA_API"
2010,28,"Taxes on corporate income",203784,"B465RC","6","T11400","BEA_API"
2011,28,"Taxes on corporate income",209219,"B465RC","6","T11400","BEA_API"
2012,28,"Taxes on corporate income",245803,"B465RC","6","T11400","BEA_API"
2013,28,"Taxes on corporate income",263956,"B465RC","6","T11400","BEA_API"
2014,28,"Taxes on corporate income",290629,"B465RC","6","T11400","BEA_API"
2015,28,"Taxes on corporate income",283948,"B465RC","6","T11400","BEA_API"
2016,28,"Taxes on corporate income",262059,"B465RC","6","T11400","BEA_API"
2017,28,"Taxes on corporate income",213815,"B465RC","6","T11400","BEA_API"
2018,28,"Taxes on corporate income",212944,"B465RC","6","T11400","BEA_API"
2019,28,"Taxes on corporate income",196788,"B465RC","6","T11400","BEA_API"
2020,28,"Taxes on corporate income",211997,"B465RC","6","T11400","BEA_API"
2021,28,"Taxes on corporate income",343781,"B465RC","6","T11400","BEA_API"
2022,28,"Taxes on corporate income",471821,"B465RC","6","T11400","BEA_API"
2023,28,"Taxes on corporate income",486859,"B465RC","6","T11400","BEA_API"
2024,28,"Taxes on corporate income",540201,"B465RC","6","T11400","BEA_API"
2025,28,"Taxes on corporate income",536966,"B465RC","6","T11400","BEA_API"
1929,29,"Profits after tax with IVA and CCAdj",7892,"W328RC","6","T11400","BEA_API"
1930,29,"Profits after tax with IVA and CCAdj",5953,"W328RC","6","T11400","BEA_API"
1931,29,"Profits after tax with IVA and CCAdj",1988,"W328RC","6","T11400","BEA_API"
1932,29,"Profits after tax with IVA and CCAdj",-1143,"W328RC","6","T11400","BEA_API"
1933,29,"Profits after tax with IVA and CCAdj",-1443,"W328RC","6","T11400","BEA_API"
1934,29,"Profits after tax with IVA and CCAdj",1254,"W328RC","6","T11400","BEA_API"
1935,29,"Profits after tax with IVA and CCAdj",2453,"W328RC","6","T11400","BEA_API"
1936,29,"Profits after tax with IVA and CCAdj",4006,"W328RC","6","T11400","BEA_API"
1937,29,"Profits after tax with IVA and CCAdj",4610,"W328RC","6","T11400","BEA_API"
1938,29,"Profits after tax with IVA and CCAdj",2880,"W328RC","6","T11400","BEA_API"
1939,29,"Profits after tax with IVA and CCAdj",4020,"W328RC","6","T11400","BEA_API"
1940,29,"Profits after tax with IVA and CCAdj",5870,"W328RC","6","T11400","BEA_API"
1941,29,"Profits after tax with IVA and CCAdj",6800,"W328RC","6","T11400","BEA_API"
1942,29,"Profits after tax with IVA and CCAdj",8091,"W328RC","6","T11400","BEA_API"
1943,29,"Profits after tax with IVA and CCAdj",9458,"W328RC","6","T11400","BEA_API"
1944,29,"Profits after tax with IVA and CCAdj",10400,"W328RC","6","T11400","BEA_API"
1945,29,"Profits after tax with IVA and CCAdj",8291,"W328RC","6","T11400","BEA_API"
1946,29,"Profits after tax with IVA and CCAdj",6933,"W328RC","6","T11400","BEA_API"
1947,29,"Profits after tax with IVA and CCAdj",10664,"W328RC","6","T11400","BEA_API"
1948,29,"Profits after tax with IVA and CCAdj",15933,"W328RC","6","T11400","BEA_API"
1949,29,"Profits after tax with IVA and CCAdj",15578,"W328RC","6","T11400","BEA_API"
1950,29,"Profits after tax with IVA and CCAdj",14971,"W328RC","6","T11400","BEA_API"
1951,29,"Profits after tax with IVA and CCAdj",14907,"W328RC","6","T11400","BEA_API"
1952,29,"Profits after tax with IVA and CCAdj",15977,"W328RC","6","T11400","BEA_API"
1953,29,"Profits after tax with IVA and CCAdj",15570,"W328RC","6","T11400","BEA_API"
1954,29,"Profits after tax with IVA and CCAdj",17148,"W328RC","6","T11400","BEA_API"
1955,29,"Profits after tax with IVA and CCAdj",22624,"W328RC","6","T11400","BEA_API"
1956,29,"Profits after tax with IVA and CCAdj",21518,"W328RC","6","T11400","BEA_API"
1957,29,"Profits after tax with IVA and CCAdj",21364,"W328RC","6","T11400","BEA_API"
1958,29,"Profits after tax with IVA and CCAdj",19153,"W328RC","6","T11400","BEA_API"
1959,29,"Profits after tax with IVA and CCAdj",24821,"W328RC","6","T11400","BEA_API"
1960,29,"Profits after tax with IVA and CCAdj",24193,"W328RC","6","T11400","BEA_API"
1961,29,"Profits after tax with IVA and CCAdj",25065,"W328RC","6","T11400","BEA_API"
1962,29,"Profits after tax with IVA and CCAdj",31219,"W328RC","6","T11400","BEA_API"
1963,29,"Profits after tax with IVA and CCAdj",35539,"W328RC","6","T11400","BEA_API"
1964,29,"Profits after tax with IVA and CCAdj",40678,"W328RC","6","T11400","BEA_API"
1965,29,"Profits after tax with IVA and CCAdj",48286,"W328RC","6","T11400","BEA_API"
1966,29,"Profits after tax with IVA and CCAdj",51571,"W328RC","6","T11400","BEA_API"
1967,29,"Profits after tax with IVA and CCAdj",50240,"W328RC","6","T11400","BEA_API"
1968,29,"Profits after tax with IVA and CCAdj",49830,"W328RC","6","T11400","BEA_API"
1969,29,"Profits after tax with IVA and CCAdj",44962,"W328RC","6","T11400","BEA_API"
1970,29,"Profits after tax with IVA and CCAdj",36577,"W328RC","6","T11400","BEA_API"
1971,29,"Profits after tax with IVA and CCAdj",45157,"W328RC","6","T11400","BEA_API"
1972,29,"Profits after tax with IVA and CCAdj",54516,"W328RC","6","T11400","BEA_API"
1973,29,"Profits after tax with IVA and CCAdj",56837,"W328RC","6","T11400","BEA_API"
1974,29,"Profits after tax with IVA and CCAdj",44564,"W328RC","6","T11400","BEA_API"
1975,29,"Profits after tax with IVA and CCAdj",62362,"W328RC","6","T11400","BEA_API"
1976,29,"Profits after tax with IVA and CCAdj",79550,"W328RC","6","T11400","BEA_API"
1977,29,"Profits after tax with IVA and CCAdj",94559,"W328RC","6","T11400","BEA_API"
1978,29,"Profits after tax with IVA and CCAdj",108196,"W328RC","6","T11400","BEA_API"
1979,29,"Profits after tax with IVA and CCAdj",103413,"W328RC","6","T11400","BEA_API"
1980,29,"Profits after tax with IVA and CCAdj",87455,"W328RC","6","T11400","BEA_API"
1981,29,"Profits after tax with IVA and CCAdj",123916,"W328RC","6","T11400","BEA_API"
1982,29,"Profits after tax with IVA and CCAdj",124510,"W328RC","6","T11400","BEA_API"
1983,29,"Profits after tax with IVA and CCAdj",148826,"W328RC","6","T11400","BEA_API"
1984,29,"Profits after tax with IVA and CCAdj",192973,"W328RC","6","T11400","BEA_API"
1985,29,"Profits after tax with IVA and CCAdj",199984,"W328RC","6","T11400","BEA_API"
1986,29,"Profits after tax with IVA and CCAdj",153967,"W328RC","6","T11400","BEA_API"
1987,29,"Profits after tax with IVA and CCAdj",165126,"W328RC","6","T11400","BEA_API"
1988,29,"Profits after tax with IVA and CCAdj",190004,"W328RC","6","T11400","BEA_API"
1989,29,"Profits after tax with IVA and CCAdj",172823,"W328RC","6","T11400","BEA_API"
1990,29,"Profits after tax with IVA and CCAdj",164023,"W328RC","6","T11400","BEA_API"
1991,29,"Profits after tax with IVA and CCAdj",179455,"W328RC","6","T11400","BEA_API"
1992,29,"Profits after tax with IVA and CCAdj",192629,"W328RC","6","T11400","BEA_API"
1993,29,"Profits after tax with IVA and CCAdj",233655,"W328RC","6","T11400","BEA_API"
1994,29,"Profits after tax with IVA and CCAdj",300834,"W328RC","6","T11400","BEA_API"
1995,29,"Profits after tax with IVA and CCAdj",340477,"W328RC","6","T11400","BEA_API"
1996,29,"Profits after tax with IVA and CCAdj",392601,"W328RC","6","T11400","BEA_API"
1997,29,"Profits after tax with IVA and CCAdj",435499,"W328RC","6","T11400","BEA_API"
1998,29,"Profits after tax with IVA and CCAdj",403296,"W328RC","6","T11400","BEA_API"
1999,29,"Profits after tax with IVA and CCAdj",384253,"W328RC","6","T11400","BEA_API"
2000,29,"Profits after tax with IVA and CCAdj",319394,"W328RC","6","T11400","BEA_API"
2001,29,"Profits after tax with IVA and CCAdj",279407,"W328RC","6","T11400","BEA_API"
2002,29,"Profits after tax with IVA and CCAdj",387629,"W328RC","6","T11400","BEA_API"
2003,29,"Profits after tax with IVA and CCAdj",467801,"W328RC","6","T11400","BEA_API"
2004,29,"Profits after tax with IVA and CCAdj",584506,"W328RC","6","T11400","BEA_API"
2005,29,"Profits after tax with IVA and CCAdj",640677,"W328RC","6","T11400","BEA_API"
2006,29,"Profits after tax with IVA and CCAdj",750159,"W328RC","6","T11400","BEA_API"
2007,29,"Profits after tax with IVA and CCAdj",673199,"W328RC","6","T11400","BEA_API"
2008,29,"Profits after tax with IVA and CCAdj",638075,"W328RC","6","T11400","BEA_API"
2009,29,"Profits after tax with IVA and CCAdj",562526,"W328RC","6","T11400","BEA_API"
2010,29,"Profits after tax with IVA and CCAdj",779315,"W328RC","6","T11400","BEA_API"
2011,29,"Profits after tax with IVA and CCAdj",853122,"W328RC","6","T11400","BEA_API"
2012,29,"Profits after tax with IVA and CCAdj",936623,"W328RC","6","T11400","BEA_API"
2013,29,"Profits after tax with IVA and CCAdj",985047,"W328RC","6","T11400","BEA_API"
2014,29,"Profits after tax with IVA and CCAdj",1027909,"W328RC","6","T11400","BEA_API"
2015,29,"Profits after tax with IVA and CCAdj",1030750,"W328RC","6","T11400","BEA_API"
2016,29,"Profits after tax with IVA and CCAdj",992509,"W328RC","6","T11400","BEA_API"
2017,29,"Profits after tax with IVA and CCAdj",1049855,"W328RC","6","T11400","BEA_API"
2018,29,"Profits after tax with IVA and CCAdj",1166151,"W328RC","6","T11400","BEA_API"
2019,29,"Profits after tax with IVA and CCAdj",1202793,"W328RC","6","T11400","BEA_API"
2020,29,"Profits after tax with IVA and CCAdj",1285334,"W328RC","6","T11400","BEA_API"
2021,29,"Profits after tax with IVA and CCAdj",1762893,"W328RC","6","T11400","BEA_API"
2022,29,"Profits after tax with IVA and CCAdj",1838017,"W328RC","6","T11400","BEA_API"
2023,29,"Profits after tax with IVA and CCAdj",2074181,"W328RC","6","T11400","BEA_API"
2024,29,"Profits after tax with IVA and CCAdj",2106785,"W328RC","6","T11400","BEA_API"
2025,29,"Profits after tax with IVA and CCAdj",2196815,"W328RC","6","T11400","BEA_API"
1929,30,"Net dividends",5077,"B467RC","6","T11400","BEA_API"
1930,30,"Net dividends",4957,"B467RC","6","T11400","BEA_API"
1931,30,"Net dividends",3757,"B467RC","6","T11400","BEA_API"
1932,30,"Net dividends",2396,"B467RC","6","T11400","BEA_API"
1933,30,"Net dividends",1981,"B467RC","6","T11400","BEA_API"
1934,30,"Net dividends",2677,"B467RC","6","T11400","BEA_API"
1935,30,"Net dividends",3170,"B467RC","6","T11400","BEA_API"
1936,30,"Net dividends",4298,"B467RC","6","T11400","BEA_API"
1937,30,"Net dividends",4424,"B467RC","6","T11400","BEA_API"
1938,30,"Net dividends",2745,"B467RC","6","T11400","BEA_API"
1939,30,"Net dividends",3425,"B467RC","6","T11400","BEA_API"
1940,30,"Net dividends",3710,"B467RC","6","T11400","BEA_API"
1941,30,"Net dividends",4144,"B467RC","6","T11400","BEA_API"
1942,30,"Net dividends",3761,"B467RC","6","T11400","BEA_API"
1943,30,"Net dividends",3943,"B467RC","6","T11400","BEA_API"
1944,30,"Net dividends",4055,"B467RC","6","T11400","BEA_API"
1945,30,"Net dividends",4068,"B467RC","6","T11400","BEA_API"
1946,30,"Net dividends",4856,"B467RC","6","T11400","BEA_API"
1947,30,"Net dividends",5359,"B467RC","6","T11400","BEA_API"
1948,30,"Net dividends",5877,"B467RC","6","T11400","BEA_API"
1949,30,"Net dividends",6040,"B467RC","6","T11400","BEA_API"
1950,30,"Net dividends",7375,"B467RC","6","T11400","BEA_API"
1951,30,"Net dividends",7042,"B467RC","6","T11400","BEA_API"
1952,30,"Net dividends",7053,"B467RC","6","T11400","BEA_API"
1953,30,"Net dividends",7243,"B467RC","6","T11400","BEA_API"
1954,30,"Net dividends",7357,"B467RC","6","T11400","BEA_API"
1955,30,"Net dividends",8415,"B467RC","6","T11400","BEA_API"
1956,30,"Net dividends",9007,"B467RC","6","T11400","BEA_API"
1957,30,"Net dividends",9226,"B467RC","6","T11400","BEA_API"
1958,30,"Net dividends",9115,"B467RC","6","T11400","BEA_API"
1959,30,"Net dividends",9816,"B467RC","6","T11400","BEA_API"
1960,30,"Net dividends",10455,"B467RC","6","T11400","BEA_API"
1961,30,"Net dividends",10576,"B467RC","6","T11400","BEA_API"
1962,30,"Net dividends",11590,"B467RC","6","T11400","BEA_API"
1963,30,"Net dividends",12444,"B467RC","6","T11400","BEA_API"
1964,30,"Net dividends",13996,"B467RC","6","T11400","BEA_API"
1965,30,"Net dividends",16195,"B467RC","6","T11400","BEA_API"
1966,30,"Net dividends",16751,"B467RC","6","T11400","BEA_API"
1967,30,"Net dividends",17273,"B467RC","6","T11400","BEA_API"
1968,30,"Net dividends",19038,"B467RC","6","T11400","BEA_API"
1969,30,"Net dividends",19026,"B467RC","6","T11400","BEA_API"
1970,30,"Net dividends",18295,"B467RC","6","T11400","BEA_API"
1971,30,"Net dividends",18145,"B467RC","6","T11400","BEA_API"
1972,30,"Net dividends",19672,"B467RC","6","T11400","BEA_API"
1973,30,"Net dividends",20750,"B467RC","6","T11400","BEA_API"
1974,30,"Net dividends",21532,"B467RC","6","T11400","BEA_API"
1975,30,"Net dividends",24571,"B467RC","6","T11400","BEA_API"
1976,30,"Net dividends",27775,"B467RC","6","T11400","BEA_API"
1977,30,"Net dividends",30911,"B467RC","6","T11400","BEA_API"
1978,30,"Net dividends",35926,"B467RC","6","T11400","BEA_API"
1979,30,"Net dividends",37639,"B467RC","6","T11400","BEA_API"
1980,30,"Net dividends",44651,"B467RC","6","T11400","BEA_API"
1981,30,"Net dividends",52502,"B467RC","6","T11400","BEA_API"
1982,30,"Net dividends",54057,"B467RC","6","T11400","BEA_API"
1983,30,"Net dividends",63249,"B467RC","6","T11400","BEA_API"
1984,30,"Net dividends",67204,"B467RC","6","T11400","BEA_API"
1985,30,"Net dividends",72006,"B467RC","6","T11400","BEA_API"
1986,30,"Net dividends",72854,"B467RC","6","T11400","BEA_API"
1987,30,"Net dividends",76251,"B467RC","6","T11400","BEA_API"
1988,30,"Net dividends",82165,"B467RC","6","T11400","BEA_API"
1989,30,"Net dividends",105361,"B467RC","6","T11400","BEA_API"
1990,30,"Net dividends",118299,"B467RC","6","T11400","BEA_API"
1991,30,"Net dividends",125492,"B467RC","6","T11400","BEA_API"
1992,30,"Net dividends",134266,"B467RC","6","T11400","BEA_API"
1993,30,"Net dividends",149182,"B467RC","6","T11400","BEA_API"
1994,30,"Net dividends",157976,"B467RC","6","T11400","BEA_API"
1995,30,"Net dividends",178025,"B467RC","6","T11400","BEA_API"
1996,30,"Net dividends",197550,"B467RC","6","T11400","BEA_API"
1997,30,"Net dividends",215946,"B467RC","6","T11400","BEA_API"
1998,30,"Net dividends",241033,"B467RC","6","T11400","BEA_API"
1999,30,"Net dividends",224667,"B467RC","6","T11400","BEA_API"
2000,30,"Net dividends",251327,"B467RC","6","T11400","BEA_API"
2001,30,"Net dividends",245419,"B467RC","6","T11400","BEA_API"
2002,30,"Net dividends",254719,"B467RC","6","T11400","BEA_API"
2003,30,"Net dividends",294880,"B467RC","6","T11400","BEA_API"
2004,30,"Net dividends",367055,"B467RC","6","T11400","BEA_API"
2005,30,"Net dividends",175995,"B467RC","6","T11400","BEA_API"
2006,30,"Net dividends",472789,"B467RC","6","T11400","BEA_API"
2007,30,"Net dividends",483318,"B467RC","6","T11400","BEA_API"
2008,30,"Net dividends",491168,"B467RC","6","T11400","BEA_API"
2009,30,"Net dividends",367793,"B467RC","6","T11400","BEA_API"
2010,30,"Net dividends",382167,"B467RC","6","T11400","BEA_API"
2011,30,"Net dividends",460831,"B467RC","6","T11400","BEA_API"
2012,30,"Net dividends",539890,"B467RC","6","T11400","BEA_API"
2013,30,"Net dividends",550095,"B467RC","6","T11400","BEA_API"
2014,30,"Net dividends",626369,"B467RC","6","T11400","BEA_API"
2015,30,"Net dividends",683656,"B467RC","6","T11400","BEA_API"
2016,30,"Net dividends",729527,"B467RC","6","T11400","BEA_API"
2017,30,"Net dividends",769578,"B467RC","6","T11400","BEA_API"
2018,30,"Net dividends",282406,"B467RC","6","T11400","BEA_API"
2019,30,"Net dividends",667792,"B467RC","6","T11400","BEA_API"
2020,30,"Net dividends",828245,"B467RC","6","T11400","BEA_API"
2021,30,"Net dividends",1158014,"B467RC","6","T11400","BEA_API"
2022,30,"Net dividends",1268698,"B467RC","6","T11400","BEA_API"
2023,30,"Net dividends",1385640,"B467RC","6","T11400","BEA_API"
2024,30,"Net dividends",1539583,"B467RC","6","T11400","BEA_API"
2025,30,"Net dividends",1401020,"B467RC","6","T11400","BEA_API"
1929,31,"Undistributed profits with IVA and CCAdj",2815,"W332RC","6","T11400","BEA_API"
1930,31,"Undistributed profits with IVA and CCAdj",996,"W332RC","6","T11400","BEA_API"
1931,31,"Undistributed profits with IVA and CCAdj",-1769,"W332RC","6","T11400","BEA_API"
1932,31,"Undistributed profits with IVA and CCAdj",-3539,"W332RC","6","T11400","BEA_API"
1933,31,"Undistributed profits with IVA and CCAdj",-3424,"W332RC","6","T11400","BEA_API"
1934,31,"Undistributed profits with IVA and CCAdj",-1423,"W332RC","6","T11400","BEA_API"
1935,31,"Undistributed profits with IVA and CCAdj",-717,"W332RC","6","T11400","BEA_API"
1936,31,"Undistributed profits with IVA and CCAdj",-292,"W332RC","6","T11400","BEA_API"
1937,31,"Undistributed profits with IVA and CCAdj",186,"W332RC","6","T11400","BEA_API"
1938,31,"Undistributed profits with IVA and CCAdj",135,"W332RC","6","T11400","BEA_API"
1939,31,"Undistributed profits with IVA and CCAdj",595,"W332RC","6","T11400","BEA_API"
1940,31,"Undistributed profits with IVA and CCAdj",2160,"W332RC","6","T11400","BEA_API"
1941,31,"Undistributed profits with IVA and CCAdj",2656,"W332RC","6","T11400","BEA_API"
1942,31,"Undistributed profits with IVA and CCAdj",4330,"W332RC","6","T11400","BEA_API"
1943,31,"Undistributed profits with IVA and CCAdj",5515,"W332RC","6","T11400","BEA_API"
1944,31,"Undistributed profits with IVA and CCAdj",6345,"W332RC","6","T11400","BEA_API"
1945,31,"Undistributed profits with IVA and CCAdj",4223,"W332RC","6","T11400","BEA_API"
1946,31,"Undistributed profits with IVA and CCAdj",2077,"W332RC","6","T11400","BEA_API"
1947,31,"Undistributed profits with IVA and CCAdj",5305,"W332RC","6","T11400","BEA_API"
1948,31,"Undistributed profits with IVA and CCAdj",10056,"W332RC","6","T11400","BEA_API"
1949,31,"Undistributed profits with IVA and CCAdj",9538,"W332RC","6","T11400","BEA_API"
1950,31,"Undistributed profits with IVA and CCAdj",7596,"W332RC","6","T11400","BEA_API"
1951,31,"Undistributed profits with IVA and CCAdj",7865,"W332RC","6","T11400","BEA_API"
1952,31,"Undistributed profits with IVA and CCAdj",8924,"W332RC","6","T11400","BEA_API"
1953,31,"Undistributed profits with IVA and CCAdj",8327,"W332RC","6","T11400","BEA_API"
1954,31,"Undistributed profits with IVA and CCAdj",9791,"W332RC","6","T11400","BEA_API"
1955,31,"Undistributed profits with IVA and CCAdj",14209,"W332RC","6","T11400","BEA_API"
1956,31,"Undistributed profits with IVA and CCAdj",12511,"W332RC","6","T11400","BEA_API"
1957,31,"Undistributed profits with IVA and CCAdj",12138,"W332RC","6","T11400","BEA_API"
1958,31,"Undistributed profits with IVA and CCAdj",10038,"W332RC","6","T11400","BEA_API"
1959,31,"Undistributed profits with IVA and CCAdj",15005,"W332RC","6","T11400","BEA_API"
1960,31,"Undistributed profits with IVA and CCAdj",13738,"W332RC","6","T11400","BEA_API"
1961,31,"Undistributed profits with IVA and CCAdj",14489,"W332RC","6","T11400","BEA_API"
1962,31,"Undistributed profits with IVA and CCAdj",19629,"W332RC","6","T11400","BEA_API"
1963,31,"Undistributed profits with IVA and CCAdj",23095,"W332RC","6","T11400","BEA_API"
1964,31,"Undistributed profits with IVA and CCAdj",26682,"W332RC","6","T11400","BEA_API"
1965,31,"Undistributed profits with IVA and CCAdj",32091,"W332RC","6","T11400","BEA_API"
1966,31,"Undistributed profits with IVA and CCAdj",34820,"W332RC","6","T11400","BEA_API"
1967,31,"Undistributed profits with IVA and CCAdj",32967,"W332RC","6","T11400","BEA_API"
1968,31,"Undistributed profits with IVA and CCAdj",30792,"W332RC","6","T11400","BEA_API"
1969,31,"Undistributed profits with IVA and CCAdj",25936,"W332RC","6","T11400","BEA_API"
1970,31,"Undistributed profits with IVA and CCAdj",18282,"W332RC","6","T11400","BEA_API"
1971,31,"Undistributed profits with IVA and CCAdj",27012,"W332RC","6","T11400","BEA_API"
1972,31,"Undistributed profits with IVA and CCAdj",34844,"W332RC","6","T11400","BEA_API"
1973,31,"Undistributed profits with IVA and CCAdj",36087,"W332RC","6","T11400","BEA_API"
1974,31,"Undistributed profits with IVA and CCAdj",23032,"W332RC","6","T11400","BEA_API"
1975,31,"Undistributed profits with IVA and CCAdj",37791,"W332RC","6","T11400","BEA_API"
1976,31,"Undistributed profits with IVA and CCAdj",51775,"W332RC","6","T11400","BEA_API"
1977,31,"Undistributed profits with IVA and CCAdj",63648,"W332RC","6","T11400","BEA_API"
1978,31,"Undistributed profits with IVA and CCAdj",72270,"W332RC","6","T11400","BEA_API"
1979,31,"Undistributed profits with IVA and CCAdj",65774,"W332RC","6","T11400","BEA_API"
1980,31,"Undistributed profits with IVA and CCAdj",42804,"W332RC","6","T11400","BEA_API"
1981,31,"Undistributed profits with IVA and CCAdj",71414,"W332RC","6","T11400","BEA_API"
1982,31,"Undistributed profits with IVA and CCAdj",70453,"W332RC","6","T11400","BEA_API"
1983,31,"Undistributed profits with IVA and CCAdj",85577,"W332RC","6","T11400","BEA_API"
1984,31,"Undistributed profits with IVA and CCAdj",125769,"W332RC","6","T11400","BEA_API"
1985,31,"Undistributed profits with IVA and CCAdj",127978,"W332RC","6","T11400","BEA_API"
1986,31,"Undistributed profits with IVA and CCAdj",81112,"W332RC","6","T11400","BEA_API"
1987,31,"Undistributed profits with IVA and CCAdj",88875,"W332RC","6","T11400","BEA_API"
1988,31,"Undistributed profits with IVA and CCAdj",107839,"W332RC","6","T11400","BEA_API"
1989,31,"Undistributed profits with IVA and CCAdj",67461,"W332RC","6","T11400","BEA_API"
1990,31,"Undistributed profits with IVA and CCAdj",45724,"W332RC","6","T11400","BEA_API"
1991,31,"Undistributed profits with IVA and CCAdj",53963,"W332RC","6","T11400","BEA_API"
1992,31,"Undistributed profits with IVA and CCAdj",58363,"W332RC","6","T11400","BEA_API"
1993,31,"Undistributed profits with IVA and CCAdj",84474,"W332RC","6","T11400","BEA_API"
1994,31,"Undistributed profits with IVA and CCAdj",142858,"W332RC","6","T11400","BEA_API"
1995,31,"Undistributed profits with IVA and CCAdj",162453,"W332RC","6","T11400","BEA_API"
1996,31,"Undistributed profits with IVA and CCAdj",195052,"W332RC","6","T11400","BEA_API"
1997,31,"Undistributed profits with IVA and CCAdj",219553,"W332RC","6","T11400","BEA_API"
1998,31,"Undistributed profits with IVA and CCAdj",162263,"W332RC","6","T11400","BEA_API"
1999,31,"Undistributed profits with IVA and CCAdj",159586,"W332RC","6","T11400","BEA_API"
2000,31,"Undistributed profits with IVA and CCAdj",68067,"W332RC","6","T11400","BEA_API"
2001,31,"Undistributed profits with IVA and CCAdj",33988,"W332RC","6","T11400","BEA_API"
2002,31,"Undistributed profits with IVA and CCAdj",132910,"W332RC","6","T11400","BEA_API"
2003,31,"Undistributed profits with IVA and CCAdj",172921,"W332RC","6","T11400","BEA_API"
2004,31,"Undistributed profits with IVA and CCAdj",217451,"W332RC","6","T11400","BEA_API"
2005,31,"Undistributed profits with IVA and CCAdj",464682,"W332RC","6","T11400","BEA_API"
2006,31,"Undistributed profits with IVA and CCAdj",277370,"W332RC","6","T11400","BEA_API"
2007,31,"Undistributed profits with IVA and CCAdj",189881,"W332RC","6","T11400","BEA_API"
2008,31,"Undistributed profits with IVA and CCAdj",146906,"W332RC","6","T11400","BEA_API"
2009,31,"Undistributed profits with IVA and CCAdj",194733,"W332RC","6","T11400","BEA_API"
2010,31,"Undistributed profits with IVA and CCAdj",397148,"W332RC","6","T11400","BEA_API"
2011,31,"Undistributed profits with IVA and CCAdj",392291,"W332RC","6","T11400","BEA_API"
2012,31,"Undistributed profits with IVA and CCAdj",396733,"W332RC","6","T11400","BEA_API"
2013,31,"Undistributed profits with IVA and CCAdj",434953,"W332RC","6","T11400","BEA_API"
2014,31,"Undistributed profits with IVA and CCAdj",401539,"W332RC","6","T11400","BEA_API"
2015,31,"Undistributed profits with IVA and CCAdj",347094,"W332RC","6","T11400","BEA_API"
2016,31,"Undistributed profits with IVA and CCAdj",262982,"W332RC","6","T11400","BEA_API"
2017,31,"Undistributed profits with IVA and CCAdj",280276,"W332RC","6","T11400","BEA_API"
2018,31,"Undistributed profits with IVA and CCAdj",883746,"W332RC","6","T11400","BEA_API"
2019,31,"Undistributed profits with IVA and CCAdj",535001,"W332RC","6","T11400","BEA_API"
2020,31,"Undistributed profits with IVA and CCAdj",457089,"W332RC","6","T11400","BEA_API"
2021,31,"Undistributed profits with IVA and CCAdj",604880,"W332RC","6","T11400","BEA_API"
2022,31,"Undistributed profits with IVA and CCAdj",569319,"W332RC","6","T11400","BEA_API"
2023,31,"Undistributed profits with IVA and CCAdj",688541,"W332RC","6","T11400","BEA_API"
2024,31,"Undistributed profits with IVA and CCAdj",567202,"W332RC","6","T11400","BEA_API"
2025,31,"Undistributed profits with IVA and CCAdj",795795,"W332RC","6","T11400","BEA_API"
1929,32,"Profits before tax (without IVA and CCAdj)",10679,"A446RC","6","T11400","BEA_API"
1930,32,"Profits before tax (without IVA and CCAdj)",4422,"A446RC","6","T11400","BEA_API"
1931,32,"Profits before tax (without IVA and CCAdj)",566,"A446RC","6","T11400","BEA_API"
1932,32,"Profits before tax (without IVA and CCAdj)",-1312,"A446RC","6","T11400","BEA_API"
1933,32,"Profits before tax (without IVA and CCAdj)",1834,"A446RC","6","T11400","BEA_API"
1934,32,"Profits before tax (without IVA and CCAdj)",3155,"A446RC","6","T11400","BEA_API"
1935,32,"Profits before tax (without IVA and CCAdj)",4212,"A446RC","6","T11400","BEA_API"
1936,32,"Profits before tax (without IVA and CCAdj)",7003,"A446RC","6","T11400","BEA_API"
1937,32,"Profits before tax (without IVA and CCAdj)",7357,"A446RC","6","T11400","BEA_API"
1938,32,"Profits before tax (without IVA and CCAdj)",4302,"A446RC","6","T11400","BEA_API"
1939,32,"Profits before tax (without IVA and CCAdj)",7454,"A446RC","6","T11400","BEA_API"
1940,32,"Profits before tax (without IVA and CCAdj)",10370,"A446RC","6","T11400","BEA_API"
1941,32,"Profits before tax (without IVA and CCAdj)",18371,"A446RC","6","T11400","BEA_API"
1942,32,"Profits before tax (without IVA and CCAdj)",22098,"A446RC","6","T11400","BEA_API"
1943,32,"Profits before tax (without IVA and CCAdj)",25474,"A446RC","6","T11400","BEA_API"
1944,32,"Profits before tax (without IVA and CCAdj)",24363,"A446RC","6","T11400","BEA_API"
1945,32,"Profits before tax (without IVA and CCAdj)",20051,"A446RC","6","T11400","BEA_API"
1946,32,"Profits before tax (without IVA and CCAdj)",24872,"A446RC","6","T11400","BEA_API"
1947,32,"Profits before tax (without IVA and CCAdj)",31650,"A446RC","6","T11400","BEA_API"
1948,32,"Profits before tax (without IVA and CCAdj)",35241,"A446RC","6","T11400","BEA_API"
1949,32,"Profits before tax (without IVA and CCAdj)",28917,"A446RC","6","T11400","BEA_API"
1950,32,"Profits before tax (without IVA and CCAdj)",42512,"A446RC","6","T11400","BEA_API"
1951,32,"Profits before tax (without IVA and CCAdj)",43636,"A446RC","6","T11400","BEA_API"
1952,32,"Profits before tax (without IVA and CCAdj)",39394,"A446RC","6","T11400","BEA_API"
1953,32,"Profits before tax (without IVA and CCAdj)",41351,"A446RC","6","T11400","BEA_API"
1954,32,"Profits before tax (without IVA and CCAdj)",38831,"A446RC","6","T11400","BEA_API"
1955,32,"Profits before tax (without IVA and CCAdj)",49087,"A446RC","6","T11400","BEA_API"
1956,32,"Profits before tax (without IVA and CCAdj)",49804,"A446RC","6","T11400","BEA_API"
1957,32,"Profits before tax (without IVA and CCAdj)",48102,"A446RC","6","T11400","BEA_API"
1958,32,"Profits before tax (without IVA and CCAdj)",42507,"A446RC","6","T11400","BEA_API"
1959,32,"Profits before tax (without IVA and CCAdj)",53236,"A446RC","6","T11400","BEA_API"
1960,32,"Profits before tax (without IVA and CCAdj)",50716,"A446RC","6","T11400","BEA_API"
1961,32,"Profits before tax (without IVA and CCAdj)",50588,"A446RC","6","T11400","BEA_API"
1962,32,"Profits before tax (without IVA and CCAdj)",55432,"A446RC","6","T11400","BEA_API"
1963,32,"Profits before tax (without IVA and CCAdj)",60335,"A446RC","6","T11400","BEA_API"
1964,32,"Profits before tax (without IVA and CCAdj)",66977,"A446RC","6","T11400","BEA_API"
1965,32,"Profits before tax (without IVA and CCAdj)",78404,"A446RC","6","T11400","BEA_API"
1966,32,"Profits before tax (without IVA and CCAdj)",85856,"A446RC","6","T11400","BEA_API"
1967,32,"Profits before tax (without IVA and CCAdj)",82829,"A446RC","6","T11400","BEA_API"
1968,32,"Profits before tax (without IVA and CCAdj)",92270,"A446RC","6","T11400","BEA_API"
1969,32,"Profits before tax (without IVA and CCAdj)",90057,"A446RC","6","T11400","BEA_API"
1970,32,"Profits before tax (without IVA and CCAdj)",79163,"A446RC","6","T11400","BEA_API"
1971,32,"Profits before tax (without IVA and CCAdj)",91416,"A446RC","6","T11400","BEA_API"
1972,32,"Profits before tax (without IVA and CCAdj)",106351,"A446RC","6","T11400","BEA_API"
1973,32,"Profits before tax (without IVA and CCAdj)",131233,"A446RC","6","T11400","BEA_API"
1974,32,"Profits before tax (without IVA and CCAdj)",144058,"A446RC","6","T11400","BEA_API"
1975,32,"Profits before tax (without IVA and CCAdj)",140142,"A446RC","6","T11400","BEA_API"
1976,32,"Profits before tax (without IVA and CCAdj)",179666,"A446RC","6","T11400","BEA_API"
1977,32,"Profits before tax (without IVA and CCAdj)",209380,"A446RC","6","T11400","BEA_API"
1978,32,"Profits before tax (without IVA and CCAdj)",247541,"A446RC","6","T11400","BEA_API"
1979,32,"Profits before tax (without IVA and CCAdj)",266767,"A446RC","6","T11400","BEA_API"
1980,32,"Profits before tax (without IVA and CCAdj)",246853,"A446RC","6","T11400","BEA_API"
1981,32,"Profits before tax (without IVA and CCAdj)",245346,"A446RC","6","T11400","BEA_API"
1982,32,"Profits before tax (without IVA and CCAdj)",197639,"A446RC","6","T11400","BEA_API"
1983,32,"Profits before tax (without IVA and CCAdj)",226967,"A446RC","6","T11400","BEA_API"
1984,32,"Profits before tax (without IVA and CCAdj)",261058,"A446RC","6","T11400","BEA_API"
1985,32,"Profits before tax (without IVA and CCAdj)",250141,"A446RC","6","T11400","BEA_API"
1986,32,"Profits before tax (without IVA and CCAdj)",225911,"A446RC","6","T11400","BEA_API"
1987,32,"Profits before tax (without IVA and CCAdj)",287611,"A446RC","6","T11400","BEA_API"
1988,32,"Profits before tax (without IVA and CCAdj)",333159,"A446RC","6","T11400","BEA_API"
1989,32,"Profits before tax (without IVA and CCAdj)",326694,"A446RC","6","T11400","BEA_API"
1990,32,"Profits before tax (without IVA and CCAdj)",329566,"A446RC","6","T11400","BEA_API"
1991,32,"Profits before tax (without IVA and CCAdj)",348999,"A446RC","6","T11400","BEA_API"
1992,32,"Profits before tax (without IVA and CCAdj)",393590,"A446RC","6","T11400","BEA_API"
1993,32,"Profits before tax (without IVA and CCAdj)",435165,"A446RC","6","T11400","BEA_API"
1994,32,"Profits before tax (without IVA and CCAdj)",533055,"A446RC","6","T11400","BEA_API"
1995,32,"Profits before tax (without IVA and CCAdj)",602781,"A446RC","6","T11400","BEA_API"
1996,32,"Profits before tax (without IVA and CCAdj)",650845,"A446RC","6","T11400","BEA_API"
1997,32,"Profits before tax (without IVA and CCAdj)",709474,"A446RC","6","T11400","BEA_API"
1998,32,"Profits before tax (without IVA and CCAdj)",652032,"A446RC","6","T11400","BEA_API"
1999,32,"Profits before tax (without IVA and CCAdj)",675993,"A446RC","6","T11400","BEA_API"
2000,32,"Profits before tax (without IVA and CCAdj)",640759,"A446RC","6","T11400","BEA_API"
2001,32,"Profits before tax (without IVA and CCAdj)",548712,"A446RC","6","T11400","BEA_API"
2002,32,"Profits before tax (without IVA and CCAdj)",650099,"A446RC","6","T11400","BEA_API"
2003,32,"Profits before tax (without IVA and CCAdj)",831661,"A446RC","6","T11400","BEA_API"
2004,32,"Profits before tax (without IVA and CCAdj)",1093422,"A446RC","6","T11400","BEA_API"
2005,32,"Profits before tax (without IVA and CCAdj)",1480504,"A446RC","6","T11400","BEA_API"
2006,32,"Profits before tax (without IVA and CCAdj)",1653895,"A446RC","6","T11400","BEA_API"
2007,32,"Profits before tax (without IVA and CCAdj)",1476382,"A446RC","6","T11400","BEA_API"
2008,32,"Profits before tax (without IVA and CCAdj)",1048553,"A446RC","6","T11400","BEA_API"
2009,32,"Profits before tax (without IVA and CCAdj)",1156900,"A446RC","6","T11400","BEA_API"
2010,32,"Profits before tax (without IVA and CCAdj)",1492920,"A446RC","6","T11400","BEA_API"
2011,32,"Profits before tax (without IVA and CCAdj)",1457645,"A446RC","6","T11400","BEA_API"
2012,32,"Profits before tax (without IVA and CCAdj)",1810004,"A446RC","6","T11400","BEA_API"
2013,32,"Profits before tax (without IVA and CCAdj)",1821323,"A446RC","6","T11400","BEA_API"
2014,32,"Profits before tax (without IVA and CCAdj)",1949376,"A446RC","6","T11400","BEA_API"
2015,32,"Profits before tax (without IVA and CCAdj)",1842345,"A446RC","6","T11400","BEA_API"
2016,32,"Profits before tax (without IVA and CCAdj)",1820049,"A446RC","6","T11400","BEA_API"
2017,32,"Profits before tax (without IVA and CCAdj)",1796221,"A446RC","6","T11400","BEA_API"
2018,32,"Profits before tax (without IVA and CCAdj)",1796977,"A446RC","6","T11400","BEA_API"
2019,32,"Profits before tax (without IVA and CCAdj)",1842457,"A446RC","6","T11400","BEA_API"
2020,32,"Profits before tax (without IVA and CCAdj)",2077667,"A446RC","6","T11400","BEA_API"
2021,32,"Profits before tax (without IVA and CCAdj)",2966585,"A446RC","6","T11400","BEA_API"
2022,32,"Profits before tax (without IVA and CCAdj)",3157852,"A446RC","6","T11400","BEA_API"
2023,32,"Profits before tax (without IVA and CCAdj)",3382161,"A446RC","6","T11400","BEA_API"
2024,32,"Profits before tax (without IVA and CCAdj)",3721570,"A446RC","6","T11400","BEA_API"
2025,32,"Profits before tax (without IVA and CCAdj)",3687399,"A446RC","6","T11400","BEA_API"
1929,33,"Profits after tax (without IVA and CCAdj)",9314,"A448RC","6","T11400","BEA_API"
1930,33,"Profits after tax (without IVA and CCAdj)",3580,"A448RC","6","T11400","BEA_API"
1931,33,"Profits after tax (without IVA and CCAdj)",68,"A448RC","6","T11400","BEA_API"
1932,33,"Profits after tax (without IVA and CCAdj)",-1695,"A448RC","6","T11400","BEA_API"
1933,33,"Profits after tax (without IVA and CCAdj)",1313,"A448RC","6","T11400","BEA_API"
1934,33,"Profits after tax (without IVA and CCAdj)",2411,"A448RC","6","T11400","BEA_API"
1935,33,"Profits after tax (without IVA and CCAdj)",3261,"A448RC","6","T11400","BEA_API"
1936,33,"Profits after tax (without IVA and CCAdj)",5594,"A448RC","6","T11400","BEA_API"
1937,33,"Profits after tax (without IVA and CCAdj)",5855,"A448RC","6","T11400","BEA_API"
1938,33,"Profits after tax (without IVA and CCAdj)",3273,"A448RC","6","T11400","BEA_API"
1939,33,"Profits after tax (without IVA and CCAdj)",6013,"A448RC","6","T11400","BEA_API"
1940,33,"Profits after tax (without IVA and CCAdj)",7536,"A448RC","6","T11400","BEA_API"
1941,33,"Profits after tax (without IVA and CCAdj)",10761,"A448RC","6","T11400","BEA_API"
1942,33,"Profits after tax (without IVA and CCAdj)",10683,"A448RC","6","T11400","BEA_API"
1943,33,"Profits after tax (without IVA and CCAdj)",11400,"A448RC","6","T11400","BEA_API"
1944,33,"Profits after tax (without IVA and CCAdj)",11414,"A448RC","6","T11400","BEA_API"
1945,33,"Profits after tax (without IVA and CCAdj)",9362,"A448RC","6","T11400","BEA_API"
1946,33,"Profits after tax (without IVA and CCAdj)",15768,"A448RC","6","T11400","BEA_API"
1947,33,"Profits after tax (without IVA and CCAdj)",20457,"A448RC","6","T11400","BEA_API"
1948,33,"Profits after tax (without IVA and CCAdj)",22987,"A448RC","6","T11400","BEA_API"
1949,33,"Profits after tax (without IVA and CCAdj)",18907,"A448RC","6","T11400","BEA_API"
1950,33,"Profits after tax (without IVA and CCAdj)",24784,"A448RC","6","T11400","BEA_API"
1951,33,"Profits after tax (without IVA and CCAdj)",21332,"A448RC","6","T11400","BEA_API"
1952,33,"Profits after tax (without IVA and CCAdj)",20287,"A448RC","6","T11400","BEA_API"
1953,33,"Profits after tax (without IVA and CCAdj)",21407,"A448RC","6","T11400","BEA_API"
1954,33,"Profits after tax (without IVA and CCAdj)",21483,"A448RC","6","T11400","BEA_API"
1955,33,"Profits after tax (without IVA and CCAdj)",27298,"A448RC","6","T11400","BEA_API"
1956,33,"Profits after tax (without IVA and CCAdj)",28213,"A448RC","6","T11400","BEA_API"
1957,33,"Profits after tax (without IVA and CCAdj)",27222,"A448RC","6","T11400","BEA_API"
1958,33,"Profits after tax (without IVA and CCAdj)",24067,"A448RC","6","T11400","BEA_API"
1959,33,"Profits after tax (without IVA and CCAdj)",30420,"A448RC","6","T11400","BEA_API"
1960,33,"Profits after tax (without IVA and CCAdj)",28831,"A448RC","6","T11400","BEA_API"
1961,33,"Profits after tax (without IVA and CCAdj)",28385,"A448RC","6","T11400","BEA_API"
1962,33,"Profits after tax (without IVA and CCAdj)",32136,"A448RC","6","T11400","BEA_API"
1963,33,"Profits after tax (without IVA and CCAdj)",34844,"A448RC","6","T11400","BEA_API"
1964,33,"Profits after tax (without IVA and CCAdj)",40404,"A448RC","6","T11400","BEA_API"
1965,33,"Profits after tax (without IVA and CCAdj)",48636,"A448RC","6","T11400","BEA_API"
1966,33,"Profits after tax (without IVA and CCAdj)",53624,"A448RC","6","T11400","BEA_API"
1967,33,"Profits after tax (without IVA and CCAdj)",51837,"A448RC","6","T11400","BEA_API"
1968,33,"Profits after tax (without IVA and CCAdj)",55106,"A448RC","6","T11400","BEA_API"
1969,33,"Profits after tax (without IVA and CCAdj)",53099,"A448RC","6","T11400","BEA_API"
1970,33,"Profits after tax (without IVA and CCAdj)",47900,"A448RC","6","T11400","BEA_API"
1971,33,"Profits after tax (without IVA and CCAdj)",56608,"A448RC","6","T11400","BEA_API"
1972,33,"Profits after tax (without IVA and CCAdj)",67241,"A448RC","6","T11400","BEA_API"
1973,33,"Profits after tax (without IVA and CCAdj)",85601,"A448RC","6","T11400","BEA_API"
1974,33,"Profits after tax (without IVA and CCAdj)",96823,"A448RC","6","T11400","BEA_API"
1975,33,"Profits after tax (without IVA and CCAdj)",93878,"A448RC","6","T11400","BEA_API"
1976,33,"Profits after tax (without IVA and CCAdj)",120248,"A448RC","6","T11400","BEA_API"
1977,33,"Profits after tax (without IVA and CCAdj)",140876,"A448RC","6","T11400","BEA_API"
1978,33,"Profits after tax (without IVA and CCAdj)",169689,"A448RC","6","T11400","BEA_API"
1979,33,"Profits after tax (without IVA and CCAdj)",186030,"A448RC","6","T11400","BEA_API"
1980,33,"Profits after tax (without IVA and CCAdj)",171369,"A448RC","6","T11400","BEA_API"
1981,33,"Profits after tax (without IVA and CCAdj)",175031,"A448RC","6","T11400","BEA_API"
1982,33,"Profits after tax (without IVA and CCAdj)",146345,"A448RC","6","T11400","BEA_API"
1983,33,"Profits after tax (without IVA and CCAdj)",160548,"A448RC","6","T11400","BEA_API"
1984,33,"Profits after tax (without IVA and CCAdj)",179581,"A448RC","6","T11400","BEA_API"
1985,33,"Profits after tax (without IVA and CCAdj)",168531,"A448RC","6","T11400","BEA_API"
1986,33,"Profits after tax (without IVA and CCAdj)",134040,"A448RC","6","T11400","BEA_API"
1987,33,"Profits after tax (without IVA and CCAdj)",174909,"A448RC","6","T11400","BEA_API"
1988,33,"Profits after tax (without IVA and CCAdj)",208893,"A448RC","6","T11400","BEA_API"
1989,33,"Profits after tax (without IVA and CCAdj)",202272,"A448RC","6","T11400","BEA_API"
1990,33,"Profits after tax (without IVA and CCAdj)",207750,"A448RC","6","T11400","BEA_API"
1991,33,"Profits after tax (without IVA and CCAdj)",231186,"A448RC","6","T11400","BEA_API"
1992,33,"Profits after tax (without IVA and CCAdj)",261676,"A448RC","6","T11400","BEA_API"
1993,33,"Profits after tax (without IVA and CCAdj)",280118,"A448RC","6","T11400","BEA_API"
1994,33,"Profits after tax (without IVA and CCAdj)",360384,"A448RC","6","T11400","BEA_API"
1995,33,"Profits after tax (without IVA and CCAdj)",408332,"A448RC","6","T11400","BEA_API"
1996,33,"Profits after tax (without IVA and CCAdj)",439459,"A448RC","6","T11400","BEA_API"
1997,33,"Profits after tax (without IVA and CCAdj)",484712,"A448RC","6","T11400","BEA_API"
1998,33,"Profits after tax (without IVA and CCAdj)",430227,"A448RC","6","T11400","BEA_API"
1999,33,"Profits after tax (without IVA and CCAdj)",448607,"A448RC","6","T11400","BEA_API"
2000,33,"Profits after tax (without IVA and CCAdj)",407311,"A448RC","6","T11400","BEA_API"
2001,33,"Profits after tax (without IVA and CCAdj)",378564,"A448RC","6","T11400","BEA_API"
2002,33,"Profits after tax (without IVA and CCAdj)",489425,"A448RC","6","T11400","BEA_API"
2003,33,"Profits after tax (without IVA and CCAdj)",617898,"A448RC","6","T11400","BEA_API"
2004,33,"Profits after tax (without IVA and CCAdj)",814910,"A448RC","6","T11400","BEA_API"
2005,33,"Profits after tax (without IVA and CCAdj)",1100756,"A448RC","6","T11400","BEA_API"
2006,33,"Profits after tax (without IVA and CCAdj)",1223747,"A448RC","6","T11400","BEA_API"
2007,33,"Profits after tax (without IVA and CCAdj)",1084600,"A448RC","6","T11400","BEA_API"
2008,33,"Profits after tax (without IVA and CCAdj)",792634,"A448RC","6","T11400","BEA_API"
2009,33,"Profits after tax (without IVA and CCAdj)",952967,"A448RC","6","T11400","BEA_API"
2010,33,"Profits after tax (without IVA and CCAdj)",1220653,"A448RC","6","T11400","BEA_API"
2011,33,"Profits after tax (without IVA and CCAdj)",1176882,"A448RC","6","T11400","BEA_API"
2012,33,"Profits after tax (without IVA and CCAdj)",1475416,"A448RC","6","T11400","BEA_API"
2013,33,"Profits after tax (without IVA and CCAdj)",1458906,"A448RC","6","T11400","BEA_API"
2014,33,"Profits after tax (without IVA and CCAdj)",1542486,"A448RC","6","T11400","BEA_API"
2015,33,"Profits after tax (without IVA and CCAdj)",1446219,"A448RC","6","T11400","BEA_API"
2016,33,"Profits after tax (without IVA and CCAdj)",1444015,"A448RC","6","T11400","BEA_API"
2017,33,"Profits after tax (without IVA and CCAdj)",1499065,"A448RC","6","T11400","BEA_API"
2018,33,"Profits after tax (without IVA and CCAdj)",1499553,"A448RC","6","T11400","BEA_API"
2019,33,"Profits after tax (without IVA and CCAdj)",1545262,"A448RC","6","T11400","BEA_API"
2020,33,"Profits after tax (without IVA and CCAdj)",1766607,"A448RC","6","T11400","BEA_API"
2021,33,"Profits after tax (without IVA and CCAdj)",2497709,"A448RC","6","T11400","BEA_API"
2022,33,"Profits after tax (without IVA and CCAdj)",2557284,"A448RC","6","T11400","BEA_API"
2023,33,"Profits after tax (without IVA and CCAdj)",2769151,"A448RC","6","T11400","BEA_API"
2024,33,"Profits after tax (without IVA and CCAdj)",3041229,"A448RC","6","T11400","BEA_API"
2025,33,"Profits after tax (without IVA and CCAdj)",2992228,"A448RC","6","T11400","BEA_API"
1929,34,"Undistributed profits after tax (without IVA and CCAdj)",3741,"A450RC","6","T11400","BEA_API"
1930,34,"Undistributed profits after tax (without IVA and CCAdj)",-1751,"A450RC","6","T11400","BEA_API"
1931,34,"Undistributed profits after tax (without IVA and CCAdj)",-4002,"A450RC","6","T11400","BEA_API"
1932,34,"Undistributed profits after tax (without IVA and CCAdj)",-4275,"A450RC","6","T11400","BEA_API"
1933,34,"Undistributed profits after tax (without IVA and CCAdj)",-727,"A450RC","6","T11400","BEA_API"
1934,34,"Undistributed profits after tax (without IVA and CCAdj)",-96,"A450RC","6","T11400","BEA_API"
1935,34,"Undistributed profits after tax (without IVA and CCAdj)",576,"A450RC","6","T11400","BEA_API"
1936,34,"Undistributed profits after tax (without IVA and CCAdj)",1175,"A450RC","6","T11400","BEA_API"
1937,34,"Undistributed profits after tax (without IVA and CCAdj)",1317,"A450RC","6","T11400","BEA_API"
1938,34,"Undistributed profits after tax (without IVA and CCAdj)",355,"A450RC","6","T11400","BEA_API"
1939,34,"Undistributed profits after tax (without IVA and CCAdj)",2431,"A450RC","6","T11400","BEA_API"
1940,34,"Undistributed profits after tax (without IVA and CCAdj)",3754,"A450RC","6","T11400","BEA_API"
1941,34,"Undistributed profits after tax (without IVA and CCAdj)",6561,"A450RC","6","T11400","BEA_API"
1942,34,"Undistributed profits after tax (without IVA and CCAdj)",6654,"A450RC","6","T11400","BEA_API"
1943,34,"Undistributed profits after tax (without IVA and CCAdj)",7192,"A450RC","6","T11400","BEA_API"
1944,34,"Undistributed profits after tax (without IVA and CCAdj)",7090,"A450RC","6","T11400","BEA_API"
1945,34,"Undistributed profits after tax (without IVA and CCAdj)",4990,"A450RC","6","T11400","BEA_API"
1946,34,"Undistributed profits after tax (without IVA and CCAdj)",10619,"A450RC","6","T11400","BEA_API"
1947,34,"Undistributed profits after tax (without IVA and CCAdj)",14750,"A450RC","6","T11400","BEA_API"
1948,34,"Undistributed profits after tax (without IVA and CCAdj)",16620,"A450RC","6","T11400","BEA_API"
1949,34,"Undistributed profits after tax (without IVA and CCAdj)",12308,"A450RC","6","T11400","BEA_API"
1950,34,"Undistributed profits after tax (without IVA and CCAdj)",16733,"A450RC","6","T11400","BEA_API"
1951,34,"Undistributed profits after tax (without IVA and CCAdj)",13669,"A450RC","6","T11400","BEA_API"
1952,34,"Undistributed profits after tax (without IVA and CCAdj)",12534,"A450RC","6","T11400","BEA_API"
1953,34,"Undistributed profits after tax (without IVA and CCAdj)",13313,"A450RC","6","T11400","BEA_API"
1954,34,"Undistributed profits after tax (without IVA and CCAdj)",13347,"A450RC","6","T11400","BEA_API"
1955,34,"Undistributed profits after tax (without IVA and CCAdj)",18147,"A450RC","6","T11400","BEA_API"
1956,34,"Undistributed profits after tax (without IVA and CCAdj)",18344,"A450RC","6","T11400","BEA_API"
1957,34,"Undistributed profits after tax (without IVA and CCAdj)",16823,"A450RC","6","T11400","BEA_API"
1958,34,"Undistributed profits after tax (without IVA and CCAdj)",13711,"A450RC","6","T11400","BEA_API"
1959,34,"Undistributed profits after tax (without IVA and CCAdj)",18801,"A450RC","6","T11400","BEA_API"
1960,34,"Undistributed profits after tax (without IVA and CCAdj)",16524,"A450RC","6","T11400","BEA_API"
1961,34,"Undistributed profits after tax (without IVA and CCAdj)",16192,"A450RC","6","T11400","BEA_API"
1962,34,"Undistributed profits after tax (without IVA and CCAdj)",18981,"A450RC","6","T11400","BEA_API"
1963,34,"Undistributed profits after tax (without IVA and CCAdj)",20402,"A450RC","6","T11400","BEA_API"
1964,34,"Undistributed profits after tax (without IVA and CCAdj)",23831,"A450RC","6","T11400","BEA_API"
1965,34,"Undistributed profits after tax (without IVA and CCAdj)",30465,"A450RC","6","T11400","BEA_API"
1966,34,"Undistributed profits after tax (without IVA and CCAdj)",34147,"A450RC","6","T11400","BEA_API"
1967,34,"Undistributed profits after tax (without IVA and CCAdj)",31600,"A450RC","6","T11400","BEA_API"
1968,34,"Undistributed profits after tax (without IVA and CCAdj)",32475,"A450RC","6","T11400","BEA_API"
1969,34,"Undistributed profits after tax (without IVA and CCAdj)",29677,"A450RC","6","T11400","BEA_API"
1970,34,"Undistributed profits after tax (without IVA and CCAdj)",24035,"A450RC","6","T11400","BEA_API"
1971,34,"Undistributed profits after tax (without IVA and CCAdj)",32914,"A450RC","6","T11400","BEA_API"
1972,34,"Undistributed profits after tax (without IVA and CCAdj)",42068,"A450RC","6","T11400","BEA_API"
1973,34,"Undistributed profits after tax (without IVA and CCAdj)",58153,"A450RC","6","T11400","BEA_API"
1974,34,"Undistributed profits after tax (without IVA and CCAdj)",67819,"A450RC","6","T11400","BEA_API"
1975,34,"Undistributed profits after tax (without IVA and CCAdj)",62092,"A450RC","6","T11400","BEA_API"
1976,34,"Undistributed profits after tax (without IVA and CCAdj)",84323,"A450RC","6","T11400","BEA_API"
1977,34,"Undistributed profits after tax (without IVA and CCAdj)",101249,"A450RC","6","T11400","BEA_API"
1978,34,"Undistributed profits after tax (without IVA and CCAdj)",123074,"A450RC","6","T11400","BEA_API"
1979,34,"Undistributed profits after tax (without IVA and CCAdj)",135052,"A450RC","6","T11400","BEA_API"
1980,34,"Undistributed profits after tax (without IVA and CCAdj)",112118,"A450RC","6","T11400","BEA_API"
1981,34,"Undistributed profits after tax (without IVA and CCAdj)",106593,"A450RC","6","T11400","BEA_API"
1982,34,"Undistributed profits after tax (without IVA and CCAdj)",74247,"A450RC","6","T11400","BEA_API"
1983,34,"Undistributed profits after tax (without IVA and CCAdj)",76302,"A450RC","6","T11400","BEA_API"
1984,34,"Undistributed profits after tax (without IVA and CCAdj)",89845,"A450RC","6","T11400","BEA_API"
1985,34,"Undistributed profits after tax (without IVA and CCAdj)",68622,"A450RC","6","T11400","BEA_API"
1986,34,"Undistributed profits after tax (without IVA and CCAdj)",30848,"A450RC","6","T11400","BEA_API"
1987,34,"Undistributed profits after tax (without IVA and CCAdj)",71746,"A450RC","6","T11400","BEA_API"
1988,34,"Undistributed profits after tax (without IVA and CCAdj)",95276,"A450RC","6","T11400","BEA_API"
1989,34,"Undistributed profits after tax (without IVA and CCAdj)",54563,"A450RC","6","T11400","BEA_API"
1990,34,"Undistributed profits after tax (without IVA and CCAdj)",39160,"A450RC","6","T11400","BEA_API"
1991,34,"Undistributed profits after tax (without IVA and CCAdj)",53383,"A450RC","6","T11400","BEA_API"
1992,34,"Undistributed profits after tax (without IVA and CCAdj)",83203,"A450RC","6","T11400","BEA_API"
1993,34,"Undistributed profits after tax (without IVA and CCAdj)",79007,"A450RC","6","T11400","BEA_API"
1994,34,"Undistributed profits after tax (without IVA and CCAdj)",139993,"A450RC","6","T11400","BEA_API"
1995,34,"Undistributed profits after tax (without IVA and CCAdj)",157558,"A450RC","6","T11400","BEA_API"
1996,34,"Undistributed profits after tax (without IVA and CCAdj)",155998,"A450RC","6","T11400","BEA_API"
1997,34,"Undistributed profits after tax (without IVA and CCAdj)",171985,"A450RC","6","T11400","BEA_API"
1998,34,"Undistributed profits after tax (without IVA and CCAdj)",85866,"A450RC","6","T11400","BEA_API"
1999,34,"Undistributed profits after tax (without IVA and CCAdj)",114938,"A450RC","6","T11400","BEA_API"
2000,34,"Undistributed profits after tax (without IVA and CCAdj)",23660,"A450RC","6","T11400","BEA_API"
2001,34,"Undistributed profits after tax (without IVA and CCAdj)",16504,"A450RC","6","T11400","BEA_API"
2002,34,"Undistributed profits after tax (without IVA and CCAdj)",109981,"A450RC","6","T11400","BEA_API"
2003,34,"Undistributed profits after tax (without IVA and CCAdj)",194945,"A450RC","6","T11400","BEA_API"
2004,34,"Undistributed profits after tax (without IVA and CCAdj)",297391,"A450RC","6","T11400","BEA_API"
2005,34,"Undistributed profits after tax (without IVA and CCAdj)",782364,"A450RC","6","T11400","BEA_API"
2006,34,"Undistributed profits after tax (without IVA and CCAdj)",585809,"A450RC","6","T11400","BEA_API"
2007,34,"Undistributed profits after tax (without IVA and CCAdj)",406740,"A450RC","6","T11400","BEA_API"
2008,34,"Undistributed profits after tax (without IVA and CCAdj)",131782,"A450RC","6","T11400","BEA_API"
2009,34,"Undistributed profits after tax (without IVA and CCAdj)",436385,"A450RC","6","T11400","BEA_API"
2010,34,"Undistributed profits after tax (without IVA and CCAdj)",706107,"A450RC","6","T11400","BEA_API"
2011,34,"Undistributed profits after tax (without IVA and CCAdj)",543799,"A450RC","6","T11400","BEA_API"
2012,34,"Undistributed profits after tax (without IVA and CCAdj)",710023,"A450RC","6","T11400","BEA_API"
2013,34,"Undistributed profits after tax (without IVA and CCAdj)",600014,"A450RC","6","T11400","BEA_API"
2014,34,"Undistributed profits after tax (without IVA and CCAdj)",644215,"A450RC","6","T11400","BEA_API"
2015,34,"Undistributed profits after tax (without IVA and CCAdj)",480295,"A450RC","6","T11400","BEA_API"
2016,34,"Undistributed profits after tax (without IVA and CCAdj)",490284,"A450RC","6","T11400","BEA_API"
2017,34,"Undistributed profits after tax (without IVA and CCAdj)",455573,"A450RC","6","T11400","BEA_API"
2018,34,"Undistributed profits after tax (without IVA and CCAdj)",1080598,"A450RC","6","T11400","BEA_API"
2019,34,"Undistributed profits after tax (without IVA and CCAdj)",607490,"A450RC","6","T11400","BEA_API"
2020,34,"Undistributed profits after tax (without IVA and CCAdj)",599192,"A450RC","6","T11400","BEA_API"
2021,34,"Undistributed profits after tax (without IVA and CCAdj)",953179,"A450RC","6","T11400","BEA_API"
2022,34,"Undistributed profits after tax (without IVA and CCAdj)",912728,"A450RC","6","T11400","BEA_API"
2023,34,"Undistributed profits after tax (without IVA and CCAdj)",1027997,"A450RC","6","T11400","BEA_API"
2024,34,"Undistributed profits after tax (without IVA and CCAdj)",1161225,"A450RC","6","T11400","BEA_API"
2025,34,"Undistributed profits after tax (without IVA and CCAdj)",1285375,"A450RC","6","T11400","BEA_API"
1929,35,"Inventory valuation adjustment",472,"B058RC","6","T11400","BEA_API"
1930,35,"Inventory valuation adjustment",3260,"B058RC","6","T11400","BEA_API"
1931,35,"Inventory valuation adjustment",2414,"B058RC","6","T11400","BEA_API"
1932,35,"Inventory valuation adjustment",1047,"B058RC","6","T11400","BEA_API"
1933,35,"Inventory valuation adjustment",-2143,"B058RC","6","T11400","BEA_API"
1934,35,"Inventory valuation adjustment",-625,"B058RC","6","T11400","BEA_API"
1935,35,"Inventory valuation adjustment",-227,"B058RC","6","T11400","BEA_API"
1936,35,"Inventory valuation adjustment",-738,"B058RC","6","T11400","BEA_API"
1937,35,"Inventory valuation adjustment",-31,"B058RC","6","T11400","BEA_API"
1938,35,"Inventory valuation adjustment",963,"B058RC","6","T11400","BEA_API"
1939,35,"Inventory valuation adjustment",-714,"B058RC","6","T11400","BEA_API"
1940,35,"Inventory valuation adjustment",-200,"B058RC","6","T11400","BEA_API"
1941,35,"Inventory valuation adjustment",-2471,"B058RC","6","T11400","BEA_API"
1942,35,"Inventory valuation adjustment",-1204,"B058RC","6","T11400","BEA_API"
1943,35,"Inventory valuation adjustment",-773,"B058RC","6","T11400","BEA_API"
1944,35,"Inventory valuation adjustment",-287,"B058RC","6","T11400","BEA_API"
1945,35,"Inventory valuation adjustment",-564,"B058RC","6","T11400","BEA_API"
1946,35,"Inventory valuation adjustment",-5263,"B058RC","6","T11400","BEA_API"
1947,35,"Inventory valuation adjustment",-5899,"B058RC","6","T11400","BEA_API"
1948,35,"Inventory valuation adjustment",-2152,"B058RC","6","T11400","BEA_API"
1949,35,"Inventory valuation adjustment",1856,"B058RC","6","T11400","BEA_API"
1950,35,"Inventory valuation adjustment",-4965,"B058RC","6","T11400","BEA_API"
1951,35,"Inventory valuation adjustment",-1199,"B058RC","6","T11400","BEA_API"
1952,35,"Inventory valuation adjustment",981,"B058RC","6","T11400","BEA_API"
1953,35,"Inventory valuation adjustment",-997,"B058RC","6","T11400","BEA_API"
1954,35,"Inventory valuation adjustment",-318,"B058RC","6","T11400","BEA_API"
1955,35,"Inventory valuation adjustment",-1736,"B058RC","6","T11400","BEA_API"
1956,35,"Inventory valuation adjustment",-2693,"B058RC","6","T11400","BEA_API"
1957,35,"Inventory valuation adjustment",-1539,"B058RC","6","T11400","BEA_API"
1958,35,"Inventory valuation adjustment",-255,"B058RC","6","T11400","BEA_API"
1959,35,"Inventory valuation adjustment",-277,"B058RC","6","T11400","BEA_API"
1960,35,"Inventory valuation adjustment",-173,"B058RC","6","T11400","BEA_API"
1961,35,"Inventory valuation adjustment",271,"B058RC","6","T11400","BEA_API"
1962,35,"Inventory valuation adjustment",26,"B058RC","6","T11400","BEA_API"
1963,35,"Inventory valuation adjustment",54,"B058RC","6","T11400","BEA_API"
1964,35,"Inventory valuation adjustment",-494,"B058RC","6","T11400","BEA_API"
1965,35,"Inventory valuation adjustment",-1245,"B058RC","6","T11400","BEA_API"
1966,35,"Inventory valuation adjustment",-2107,"B058RC","6","T11400","BEA_API"
1967,35,"Inventory valuation adjustment",-1554,"B058RC","6","T11400","BEA_API"
1968,35,"Inventory valuation adjustment",-3651,"B058RC","6","T11400","BEA_API"
1969,35,"Inventory valuation adjustment",-5870,"B058RC","6","T11400","BEA_API"
1970,35,"Inventory valuation adjustment",-6552,"B058RC","6","T11400","BEA_API"
1971,35,"Inventory valuation adjustment",-4584,"B058RC","6","T11400","BEA_API"
1972,35,"Inventory valuation adjustment",-6610,"B058RC","6","T11400","BEA_API"
1973,35,"Inventory valuation adjustment",-19569,"B058RC","6","T11400","BEA_API"
1974,35,"Inventory valuation adjustment",-38221,"B058RC","6","T11400","BEA_API"
1975,35,"Inventory valuation adjustment",-10544,"B058RC","6","T11400","BEA_API"
1976,35,"Inventory valuation adjustment",-14113,"B058RC","6","T11400","BEA_API"
1977,35,"Inventory valuation adjustment",-15698,"B058RC","6","T11400","BEA_API"
1978,35,"Inventory valuation adjustment",-23709,"B058RC","6","T11400","BEA_API"
1979,35,"Inventory valuation adjustment",-40138,"B058RC","6","T11400","BEA_API"
1980,35,"Inventory valuation adjustment",-42133,"B058RC","6","T11400","BEA_API"
1981,35,"Inventory valuation adjustment",-24626,"B058RC","6","T11400","BEA_API"
1982,35,"Inventory valuation adjustment",-7505,"B058RC","6","T11400","BEA_API"
1983,35,"Inventory valuation adjustment",-7445,"B058RC","6","T11400","BEA_API"
1984,35,"Inventory valuation adjustment",-3979,"B058RC","6","T11400","BEA_API"
1985,35,"Inventory valuation adjustment",21,"B058RC","6","T11400","BEA_API"
1986,35,"Inventory valuation adjustment",7061,"B058RC","6","T11400","BEA_API"
1987,35,"Inventory valuation adjustment",-16239,"B058RC","6","T11400","BEA_API"
1988,35,"Inventory valuation adjustment",-22174,"B058RC","6","T11400","BEA_API"
1989,35,"Inventory valuation adjustment",-16348,"B058RC","6","T11400","BEA_API"
1990,35,"Inventory valuation adjustment",-12892,"B058RC","6","T11400","BEA_API"
1991,35,"Inventory valuation adjustment",4927,"B058RC","6","T11400","BEA_API"
1992,35,"Inventory valuation adjustment",-2821,"B058RC","6","T11400","BEA_API"
1993,35,"Inventory valuation adjustment",-4021,"B058RC","6","T11400","BEA_API"
1994,35,"Inventory valuation adjustment",-12436,"B058RC","6","T11400","BEA_API"
1995,35,"Inventory valuation adjustment",-18284,"B058RC","6","T11400","BEA_API"
1996,35,"Inventory valuation adjustment",3071,"B058RC","6","T11400","BEA_API"
1997,35,"Inventory valuation adjustment",14090,"B058RC","6","T11400","BEA_API"
1998,35,"Inventory valuation adjustment",15743,"B058RC","6","T11400","BEA_API"
1999,35,"Inventory valuation adjustment",-3954,"B058RC","6","T11400","BEA_API"
2000,35,"Inventory valuation adjustment",-16809,"B058RC","6","T11400","BEA_API"
2001,35,"Inventory valuation adjustment",8044,"B058RC","6","T11400","BEA_API"
2002,35,"Inventory valuation adjustment",8866,"B058RC","6","T11400","BEA_API"
2003,35,"Inventory valuation adjustment",-14471,"B058RC","6","T11400","BEA_API"
2004,35,"Inventory valuation adjustment",-40211,"B058RC","6","T11400","BEA_API"
2005,35,"Inventory valuation adjustment",-36030,"B058RC","6","T11400","BEA_API"
2006,35,"Inventory valuation adjustment",-31941,"B058RC","6","T11400","BEA_API"
2007,35,"Inventory valuation adjustment",-43630,"B058RC","6","T11400","BEA_API"
2008,35,"Inventory valuation adjustment",-34830,"B058RC","6","T11400","BEA_API"
2009,35,"Inventory valuation adjustment",2617,"B058RC","6","T11400","BEA_API"
2010,35,"Inventory valuation adjustment",-47593,"B058RC","6","T11400","BEA_API"
2011,35,"Inventory valuation adjustment",-68008,"B058RC","6","T11400","BEA_API"
2012,35,"Inventory valuation adjustment",-11449,"B058RC","6","T11400","BEA_API"
2013,35,"Inventory valuation adjustment",13894,"B058RC","6","T11400","BEA_API"
2014,35,"Inventory valuation adjustment",1830,"B058RC","6","T11400","BEA_API"
2015,35,"Inventory valuation adjustment",57911,"B058RC","6","T11400","BEA_API"
2016,35,"Inventory valuation adjustment",5227,"B058RC","6","T11400","BEA_API"
2017,35,"Inventory valuation adjustment",-47588,"B058RC","6","T11400","BEA_API"
2018,35,"Inventory valuation adjustment",-51012,"B058RC","6","T11400","BEA_API"
2019,35,"Inventory valuation adjustment",540,"B058RC","6","T11400","BEA_API"
2020,35,"Inventory valuation adjustment",-19127,"B058RC","6","T11400","BEA_API"
2021,35,"Inventory valuation adjustment",-256375,"B058RC","6","T11400","BEA_API"
2022,35,"Inventory valuation adjustment",-161468,"B058RC","6","T11400","BEA_API"
2023,35,"Inventory valuation adjustment",32987,"B058RC","6","T11400","BEA_API"
2024,35,"Inventory valuation adjustment",-8915,"B058RC","6","T11400","BEA_API"
2025,35,"Inventory valuation adjustment",-56794,"B058RC","6","T11400","BEA_API"
1929,36,"Capital consumption adjustment",-550,"A059RC","6","T11400","BEA_API"
1930,36,"Capital consumption adjustment",-321,"A059RC","6","T11400","BEA_API"
1931,36,"Capital consumption adjustment",-25,"A059RC","6","T11400","BEA_API"
1932,36,"Capital consumption adjustment",109,"A059RC","6","T11400","BEA_API"
1933,36,"Capital consumption adjustment",136,"A059RC","6","T11400","BEA_API"
1934,36,"Capital consumption adjustment",-73,"A059RC","6","T11400","BEA_API"
1935,36,"Capital consumption adjustment",-126,"A059RC","6","T11400","BEA_API"
1936,36,"Capital consumption adjustment",-139,"A059RC","6","T11400","BEA_API"
1937,36,"Capital consumption adjustment",-546,"A059RC","6","T11400","BEA_API"
1938,36,"Capital consumption adjustment",-558,"A059RC","6","T11400","BEA_API"
1939,36,"Capital consumption adjustment",-472,"A059RC","6","T11400","BEA_API"
1940,36,"Capital consumption adjustment",-564,"A059RC","6","T11400","BEA_API"
1941,36,"Capital consumption adjustment",-598,"A059RC","6","T11400","BEA_API"
1942,36,"Capital consumption adjustment",-483,"A059RC","6","T11400","BEA_API"
1943,36,"Capital consumption adjustment",-173,"A059RC","6","T11400","BEA_API"
1944,36,"Capital consumption adjustment",473,"A059RC","6","T11400","BEA_API"
1945,36,"Capital consumption adjustment",623,"A059RC","6","T11400","BEA_API"
1946,36,"Capital consumption adjustment",-2057,"A059RC","6","T11400","BEA_API"
1947,36,"Capital consumption adjustment",-2573,"A059RC","6","T11400","BEA_API"
1948,36,"Capital consumption adjustment",-2957,"A059RC","6","T11400","BEA_API"
1949,36,"Capital consumption adjustment",-2840,"A059RC","6","T11400","BEA_API"
1950,36,"Capital consumption adjustment",-2757,"A059RC","6","T11400","BEA_API"
1951,36,"Capital consumption adjustment",-2983,"A059RC","6","T11400","BEA_API"
1952,36,"Capital consumption adjustment",-2598,"A059RC","6","T11400","BEA_API"
1953,36,"Capital consumption adjustment",-1858,"A059RC","6","T11400","BEA_API"
1954,36,"Capital consumption adjustment",-1015,"A059RC","6","T11400","BEA_API"
1955,36,"Capital consumption adjustment",463,"A059RC","6","T11400","BEA_API"
1956,36,"Capital consumption adjustment",-286,"A059RC","6","T11400","BEA_API"
1957,36,"Capital consumption adjustment",-515,"A059RC","6","T11400","BEA_API"
1958,36,"Capital consumption adjustment",-918,"A059RC","6","T11400","BEA_API"
1959,36,"Capital consumption adjustment",-163,"A059RC","6","T11400","BEA_API"
1960,36,"Capital consumption adjustment",1000,"A059RC","6","T11400","BEA_API"
1961,36,"Capital consumption adjustment",1770,"A059RC","6","T11400","BEA_API"
1962,36,"Capital consumption adjustment",4813,"A059RC","6","T11400","BEA_API"
1963,36,"Capital consumption adjustment",6038,"A059RC","6","T11400","BEA_API"
1964,36,"Capital consumption adjustment",6756,"A059RC","6","T11400","BEA_API"
1965,36,"Capital consumption adjustment",7424,"A059RC","6","T11400","BEA_API"
1966,36,"Capital consumption adjustment",7845,"A059RC","6","T11400","BEA_API"
1967,36,"Capital consumption adjustment",7816,"A059RC","6","T11400","BEA_API"
1968,36,"Capital consumption adjustment",7492,"A059RC","6","T11400","BEA_API"
1969,36,"Capital consumption adjustment",7634,"A059RC","6","T11400","BEA_API"
1970,36,"Capital consumption adjustment",6533,"A059RC","6","T11400","BEA_API"
1971,36,"Capital consumption adjustment",5960,"A059RC","6","T11400","BEA_API"
1972,36,"Capital consumption adjustment",7937,"A059RC","6","T11400","BEA_API"
1973,36,"Capital consumption adjustment",6828,"A059RC","6","T11400","BEA_API"
1974,36,"Capital consumption adjustment",2399,"A059RC","6","T11400","BEA_API"
1975,36,"Capital consumption adjustment",-5370,"A059RC","6","T11400","BEA_API"
1976,36,"Capital consumption adjustment",-7763,"A059RC","6","T11400","BEA_API"
1977,36,"Capital consumption adjustment",-7012,"A059RC","6","T11400","BEA_API"
1978,36,"Capital consumption adjustment",-8132,"A059RC","6","T11400","BEA_API"
1979,36,"Capital consumption adjustment",-12024,"A059RC","6","T11400","BEA_API"
1980,36,"Capital consumption adjustment",-17065,"A059RC","6","T11400","BEA_API"
1981,36,"Capital consumption adjustment",-4505,"A059RC","6","T11400","BEA_API"
1982,36,"Capital consumption adjustment",5035,"A059RC","6","T11400","BEA_API"
1983,36,"Capital consumption adjustment",23325,"A059RC","6","T11400","BEA_API"
1984,36,"Capital consumption adjustment",43620,"A059RC","6","T11400","BEA_API"
1985,36,"Capital consumption adjustment",64818,"A059RC","6","T11400","BEA_API"
1986,36,"Capital consumption adjustment",51119,"A059RC","6","T11400","BEA_API"
1987,36,"Capital consumption adjustment",51431,"A059RC","6","T11400","BEA_API"
1988,36,"Capital consumption adjustment",48273,"A059RC","6","T11400","BEA_API"
1989,36,"Capital consumption adjustment",41241,"A059RC","6","T11400","BEA_API"
1990,36,"Capital consumption adjustment",26569,"A059RC","6","T11400","BEA_API"
1991,36,"Capital consumption adjustment",18345,"A059RC","6","T11400","BEA_API"
1992,36,"Capital consumption adjustment",17431,"A059RC","6","T11400","BEA_API"
1993,36,"Capital consumption adjustment",22643,"A059RC","6","T11400","BEA_API"
1994,36,"Capital consumption adjustment",35506,"A059RC","6","T11400","BEA_API"
1995,36,"Capital consumption adjustment",39233,"A059RC","6","T11400","BEA_API"
1996,36,"Capital consumption adjustment",47686,"A059RC","6","T11400","BEA_API"
1997,36,"Capital consumption adjustment",58748,"A059RC","6","T11400","BEA_API"
1998,36,"Capital consumption adjustment",64630,"A059RC","6","T11400","BEA_API"
1999,36,"Capital consumption adjustment",73000,"A059RC","6","T11400","BEA_API"
2000,36,"Capital consumption adjustment",56797,"A059RC","6","T11400","BEA_API"
2001,36,"Capital consumption adjustment",61628,"A059RC","6","T11400","BEA_API"
2002,36,"Capital consumption adjustment",114625,"A059RC","6","T11400","BEA_API"
2003,36,"Capital consumption adjustment",100955,"A059RC","6","T11400","BEA_API"
2004,36,"Capital consumption adjustment",72202,"A059RC","6","T11400","BEA_API"
2005,36,"Capital consumption adjustment",-140145,"A059RC","6","T11400","BEA_API"
2006,36,"Capital consumption adjustment",-165568,"A059RC","6","T11400","BEA_API"
2007,36,"Capital consumption adjustment",-174725,"A059RC","6","T11400","BEA_API"
2008,36,"Capital consumption adjustment",-58295,"A059RC","6","T11400","BEA_API"
2009,36,"Capital consumption adjustment",-82629,"A059RC","6","T11400","BEA_API"
2010,36,"Capital consumption adjustment",-56642,"A059RC","6","T11400","BEA_API"
2011,36,"Capital consumption adjustment",60241,"A059RC","6","T11400","BEA_API"
2012,36,"Capital consumption adjustment",-146186,"A059RC","6","T11400","BEA_API"
2013,36,"Capital consumption adjustment",-152919,"A059RC","6","T11400","BEA_API"
2014,36,"Capital consumption adjustment",-143250,"A059RC","6","T11400","BEA_API"
2015,36,"Capital consumption adjustment",-122327,"A059RC","6","T11400","BEA_API"
2016,36,"Capital consumption adjustment",-100875,"A059RC","6","T11400","BEA_API"
2017,36,"Capital consumption adjustment",-22290,"A059RC","6","T11400","BEA_API"
2018,36,"Capital consumption adjustment",98612,"A059RC","6","T11400","BEA_API"
2019,36,"Capital consumption adjustment",95299,"A059RC","6","T11400","BEA_API"
2020,36,"Capital consumption adjustment",-92276,"A059RC","6","T11400","BEA_API"
2021,36,"Capital consumption adjustment",-12420,"A059RC","6","T11400","BEA_API"
2022,36,"Capital consumption adjustment",-83266,"A059RC","6","T11400","BEA_API"
2023,36,"Capital consumption adjustment",-270898,"A059RC","6","T11400","BEA_API"
2024,36,"Capital consumption adjustment",-368494,"A059RC","6","T11400","BEA_API"
2025,36,"Capital consumption adjustment",-79721,"A059RC","6","T11400","BEA_API"
1929,37,"Profits before tax (without IVA and CCAdj)",9027,"A464RC","6","T11400","BEA_API"
1930,37,"Profits before tax (without IVA and CCAdj)",3671,"A464RC","6","T11400","BEA_API"
1931,37,"Profits before tax (without IVA and CCAdj)",-17,"A464RC","6","T11400","BEA_API"
1932,37,"Profits before tax (without IVA and CCAdj)",-2000,"A464RC","6","T11400","BEA_API"
1933,37,"Profits before tax (without IVA and CCAdj)",1021,"A464RC","6","T11400","BEA_API"
1934,37,"Profits before tax (without IVA and CCAdj)",2589,"A464RC","6","T11400","BEA_API"
1935,37,"Profits before tax (without IVA and CCAdj)",3631,"A464RC","6","T11400","BEA_API"
1936,37,"Profits before tax (without IVA and CCAdj)",6108,"A464RC","6","T11400","BEA_API"
1937,37,"Profits before tax (without IVA and CCAdj)",6488,"A464RC","6","T11400","BEA_API"
1938,37,"Profits before tax (without IVA and CCAdj)",3331,"A464RC","6","T11400","BEA_API"
1939,37,"Profits before tax (without IVA and CCAdj)",6473,"A464RC","6","T11400","BEA_API"
1940,37,"Profits before tax (without IVA and CCAdj)",9252,"A464RC","6","T11400","BEA_API"
1941,37,"Profits before tax (without IVA and CCAdj)",17139,"A464RC","6","T11400","BEA_API"
1942,37,"Profits before tax (without IVA and CCAdj)",20739,"A464RC","6","T11400","BEA_API"
1943,37,"Profits before tax (without IVA and CCAdj)",23990,"A464RC","6","T11400","BEA_API"
1944,37,"Profits before tax (without IVA and CCAdj)",22616,"A464RC","6","T11400","BEA_API"
1945,37,"Profits before tax (without IVA and CCAdj)",18278,"A464RC","6","T11400","BEA_API"
1946,37,"Profits before tax (without IVA and CCAdj)",22678,"A464RC","6","T11400","BEA_API"
1947,37,"Profits before tax (without IVA and CCAdj)",29709,"A464RC","6","T11400","BEA_API"
1948,37,"Profits before tax (without IVA and CCAdj)",32493,"A464RC","6","T11400","BEA_API"
1949,37,"Profits before tax (without IVA and CCAdj)",25616,"A464RC","6","T11400","BEA_API"
1950,37,"Profits before tax (without IVA and CCAdj)",39202,"A464RC","6","T11400","BEA_API"
1951,37,"Profits before tax (without IVA and CCAdj)",39909,"A464RC","6","T11400","BEA_API"
1952,37,"Profits before tax (without IVA and CCAdj)",34978,"A464RC","6","T11400","BEA_API"
1953,37,"Profits before tax (without IVA and CCAdj)",36504,"A464RC","6","T11400","BEA_API"
1954,37,"Profits before tax (without IVA and CCAdj)",33717,"A464RC","6","T11400","BEA_API"
1955,37,"Profits before tax (without IVA and CCAdj)",43753,"A464RC","6","T11400","BEA_API"
1956,37,"Profits before tax (without IVA and CCAdj)",44125,"A464RC","6","T11400","BEA_API"
1957,37,"Profits before tax (without IVA and CCAdj)",42101,"A464RC","6","T11400","BEA_API"
1958,37,"Profits before tax (without IVA and CCAdj)",36055,"A464RC","6","T11400","BEA_API"
1959,37,"Profits before tax (without IVA and CCAdj)",45628,"A464RC","6","T11400","BEA_API"
1960,37,"Profits before tax (without IVA and CCAdj)",42283,"A464RC","6","T11400","BEA_API"
1961,37,"Profits before tax (without IVA and CCAdj)",42260,"A464RC","6","T11400","BEA_API"
1962,37,"Profits before tax (without IVA and CCAdj)",46837,"A464RC","6","T11400","BEA_API"
1963,37,"Profits before tax (without IVA and CCAdj)",52039,"A464RC","6","T11400","BEA_API"
1964,37,"Profits before tax (without IVA and CCAdj)",58222,"A464RC","6","T11400","BEA_API"
1965,37,"Profits before tax (without IVA and CCAdj)",69100,"A464RC","6","T11400","BEA_API"
1966,37,"Profits before tax (without IVA and CCAdj)",75117,"A464RC","6","T11400","BEA_API"
1967,37,"Profits before tax (without IVA and CCAdj)",71634,"A464RC","6","T11400","BEA_API"
1968,37,"Profits before tax (without IVA and CCAdj)",79383,"A464RC","6","T11400","BEA_API"
1969,37,"Profits before tax (without IVA and CCAdj)",76421,"A464RC","6","T11400","BEA_API"
1970,37,"Profits before tax (without IVA and CCAdj)",63672,"A464RC","6","T11400","BEA_API"
1971,37,"Profits before tax (without IVA and CCAdj)",73533,"A464RC","6","T11400","BEA_API"
1972,37,"Profits before tax (without IVA and CCAdj)",86899,"A464RC","6","T11400","BEA_API"
1973,37,"Profits before tax (without IVA and CCAdj)",110136,"A464RC","6","T11400","BEA_API"
1974,37,"Profits before tax (without IVA and CCAdj)",123275,"A464RC","6","T11400","BEA_API"
1975,37,"Profits before tax (without IVA and CCAdj)",119716,"A464RC","6","T11400","BEA_API"
1976,37,"Profits before tax (without IVA and CCAdj)",154066,"A464RC","6","T11400","BEA_API"
1977,37,"Profits before tax (without IVA and CCAdj)",176780,"A464RC","6","T11400","BEA_API"
1978,37,"Profits before tax (without IVA and CCAdj)",206780,"A464RC","6","T11400","BEA_API"
1979,37,"Profits before tax (without IVA and CCAdj)",224767,"A464RC","6","T11400","BEA_API"
1980,37,"Profits before tax (without IVA and CCAdj)",212037,"A464RC","6","T11400","BEA_API"
1981,37,"Profits before tax (without IVA and CCAdj)",216645,"A464RC","6","T11400","BEA_API"
1982,37,"Profits before tax (without IVA and CCAdj)",172540,"A464RC","6","T11400","BEA_API"
1983,37,"Profits before tax (without IVA and CCAdj)",192632,"A464RC","6","T11400","BEA_API"
1984,37,"Profits before tax (without IVA and CCAdj)",226972,"A464RC","6","T11400","BEA_API"
1985,37,"Profits before tax (without IVA and CCAdj)",205045,"A464RC","6","T11400","BEA_API"
1986,37,"Profits before tax (without IVA and CCAdj)",170365,"A464RC","6","T11400","BEA_API"
1987,37,"Profits before tax (without IVA and CCAdj)",222478,"A464RC","6","T11400","BEA_API"
1988,37,"Profits before tax (without IVA and CCAdj)",264470,"A464RC","6","T11400","BEA_API"
1989,37,"Profits before tax (without IVA and CCAdj)",243982,"A464RC","6","T11400","BEA_API"
1990,37,"Profits before tax (without IVA and CCAdj)",238347,"A464RC","6","T11400","BEA_API"
1991,37,"Profits before tax (without IVA and CCAdj)",232413,"A464RC","6","T11400","BEA_API"
1992,37,"Profits before tax (without IVA and CCAdj)",257058,"A464RC","6","T11400","BEA_API"
1993,37,"Profits before tax (without IVA and CCAdj)",309098,"A464RC","6","T11400","BEA_API"
1994,37,"Profits before tax (without IVA and CCAdj)",397865,"A464RC","6","T11400","BEA_API"
1995,37,"Profits before tax (without IVA and CCAdj)",452020,"A464RC","6","T11400","BEA_API"
1996,37,"Profits before tax (without IVA and CCAdj)",488919,"A464RC","6","T11400","BEA_API"
1997,37,"Profits before tax (without IVA and CCAdj)",527104,"A464RC","6","T11400","BEA_API"
1998,37,"Profits before tax (without IVA and CCAdj)",486404,"A464RC","6","T11400","BEA_API"
1999,37,"Profits before tax (without IVA and CCAdj)",489554,"A464RC","6","T11400","BEA_API"
2000,37,"Profits before tax (without IVA and CCAdj)",451199,"A464RC","6","T11400","BEA_API"
2001,37,"Profits before tax (without IVA and CCAdj)",325044,"A464RC","6","T11400","BEA_API"
2002,37,"Profits before tax (without IVA and CCAdj)",369703,"A464RC","6","T11400","BEA_API"
2003,37,"Profits before tax (without IVA and CCAdj)",513769,"A464RC","6","T11400","BEA_API"
2004,37,"Profits before tax (without IVA and CCAdj)",725099,"A464RC","6","T11400","BEA_API"
2005,37,"Profits before tax (without IVA and CCAdj)",1044392,"A464RC","6","T11400","BEA_API"
2006,37,"Profits before tax (without IVA and CCAdj)",1210550,"A464RC","6","T11400","BEA_API"
2007,37,"Profits before tax (without IVA and CCAdj)",1130620,"A464RC","6","T11400","BEA_API"
2008,37,"Profits before tax (without IVA and CCAdj)",910245,"A464RC","6","T11400","BEA_API"
2009,37,"Profits before tax (without IVA and CCAdj)",767354,"A464RC","6","T11400","BEA_API"
2010,37,"Profits before tax (without IVA and CCAdj)",1055410,"A464RC","6","T11400","BEA_API"
2011,37,"Profits before tax (without IVA and CCAdj)",1043392,"A464RC","6","T11400","BEA_API"
2012,37,"Profits before tax (without IVA and CCAdj)",1291012,"A464RC","6","T11400","BEA_API"
2013,37,"Profits before tax (without IVA and CCAdj)",1340643,"A464RC","6","T11400","BEA_API"
2014,37,"Profits before tax (without IVA and CCAdj)",1413247,"A464RC","6","T11400","BEA_API"
2015,37,"Profits before tax (without IVA and CCAdj)",1329945,"A464RC","6","T11400","BEA_API"
2016,37,"Profits before tax (without IVA and CCAdj)",1308258,"A464RC","6","T11400","BEA_API"
2017,37,"Profits before tax (without IVA and CCAdj)",1304589,"A464RC","6","T11400","BEA_API"
2018,37,"Profits before tax (without IVA and CCAdj)",1318110,"A464RC","6","T11400","BEA_API"
2019,37,"Profits before tax (without IVA and CCAdj)",1267438,"A464RC","6","T11400","BEA_API"
2020,37,"Profits before tax (without IVA and CCAdj)",1541796,"A464RC","6","T11400","BEA_API"
2021,37,"Profits before tax (without IVA and CCAdj)",2322728,"A464RC","6","T11400","BEA_API"
2022,37,"Profits before tax (without IVA and CCAdj)",2475707,"A464RC","6","T11400","BEA_API"
2023,37,"Profits before tax (without IVA and CCAdj)",2704112,"A464RC","6","T11400","BEA_API"
2024,37,"Profits before tax (without IVA and CCAdj)",2920184,"A464RC","6","T11400","BEA_API"
2025,37,"Profits before tax (without IVA and CCAdj)",2784220,"A464RC","6","T11400","BEA_API"
1929,38,"Profits after tax (without IVA and CCAdj)",7878,"A466RC","6","T11400","BEA_API"
1930,38,"Profits after tax (without IVA and CCAdj)",2931,"A466RC","6","T11400","BEA_API"
1931,38,"Profits after tax (without IVA and CCAdj)",-467,"A466RC","6","T11400","BEA_API"
1932,38,"Profits after tax (without IVA and CCAdj)",-2345,"A466RC","6","T11400","BEA_API"
1933,38,"Profits after tax (without IVA and CCAdj)",533,"A466RC","6","T11400","BEA_API"
1934,38,"Profits after tax (without IVA and CCAdj)",1908,"A466RC","6","T11400","BEA_API"
1935,38,"Profits after tax (without IVA and CCAdj)",2768,"A466RC","6","T11400","BEA_API"
1936,38,"Profits after tax (without IVA and CCAdj)",4851,"A466RC","6","T11400","BEA_API"
1937,38,"Profits after tax (without IVA and CCAdj)",5129,"A466RC","6","T11400","BEA_API"
1938,38,"Profits after tax (without IVA and CCAdj)",2419,"A466RC","6","T11400","BEA_API"
1939,38,"Profits after tax (without IVA and CCAdj)",5143,"A466RC","6","T11400","BEA_API"
1940,38,"Profits after tax (without IVA and CCAdj)",6577,"A466RC","6","T11400","BEA_API"
1941,38,"Profits after tax (without IVA and CCAdj)",9787,"A466RC","6","T11400","BEA_API"
1942,38,"Profits after tax (without IVA and CCAdj)",9627,"A466RC","6","T11400","BEA_API"
1943,38,"Profits after tax (without IVA and CCAdj)",10258,"A466RC","6","T11400","BEA_API"
1944,38,"Profits after tax (without IVA and CCAdj)",10059,"A466RC","6","T11400","BEA_API"
1945,38,"Profits after tax (without IVA and CCAdj)",8094,"A466RC","6","T11400","BEA_API"
1946,38,"Profits after tax (without IVA and CCAdj)",14105,"A466RC","6","T11400","BEA_API"
1947,38,"Profits after tax (without IVA and CCAdj)",18932,"A466RC","6","T11400","BEA_API"
1948,38,"Profits after tax (without IVA and CCAdj)",20812,"A466RC","6","T11400","BEA_API"
1949,38,"Profits after tax (without IVA and CCAdj)",16354,"A466RC","6","T11400","BEA_API"
1950,38,"Profits after tax (without IVA and CCAdj)",22438,"A466RC","6","T11400","BEA_API"
1951,38,"Profits after tax (without IVA and CCAdj)",18805,"A466RC","6","T11400","BEA_API"
1952,38,"Profits after tax (without IVA and CCAdj)",17301,"A466RC","6","T11400","BEA_API"
1953,38,"Profits after tax (without IVA and CCAdj)",18135,"A466RC","6","T11400","BEA_API"
1954,38,"Profits after tax (without IVA and CCAdj)",18189,"A466RC","6","T11400","BEA_API"
1955,38,"Profits after tax (without IVA and CCAdj)",23638,"A466RC","6","T11400","BEA_API"
1956,38,"Profits after tax (without IVA and CCAdj)",24206,"A466RC","6","T11400","BEA_API"
1957,38,"Profits after tax (without IVA and CCAdj)",23120,"A466RC","6","T11400","BEA_API"
1958,38,"Profits after tax (without IVA and CCAdj)",19991,"A466RC","6","T11400","BEA_API"
1959,38,"Profits after tax (without IVA and CCAdj)",24946,"A466RC","6","T11400","BEA_API"
1960,38,"Profits after tax (without IVA and CCAdj)",23141,"A466RC","6","T11400","BEA_API"
1961,38,"Profits after tax (without IVA and CCAdj)",22841,"A466RC","6","T11400","BEA_API"
1962,38,"Profits after tax (without IVA and CCAdj)",26246,"A466RC","6","T11400","BEA_API"
1963,38,"Profits after tax (without IVA and CCAdj)",29285,"A466RC","6","T11400","BEA_API"
1964,38,"Profits after tax (without IVA and CCAdj)",34334,"A466RC","6","T11400","BEA_API"
1965,38,"Profits after tax (without IVA and CCAdj)",41963,"A466RC","6","T11400","BEA_API"
1966,38,"Profits after tax (without IVA and CCAdj)",45625,"A466RC","6","T11400","BEA_API"
1967,38,"Profits after tax (without IVA and CCAdj)",43806,"A466RC","6","T11400","BEA_API"
1968,38,"Profits after tax (without IVA and CCAdj)",45849,"A466RC","6","T11400","BEA_API"
1969,38,"Profits after tax (without IVA and CCAdj)",43077,"A466RC","6","T11400","BEA_API"
1970,38,"Profits after tax (without IVA and CCAdj)",36386,"A466RC","6","T11400","BEA_API"
1971,38,"Profits after tax (without IVA and CCAdj)",43538,"A466RC","6","T11400","BEA_API"
1972,38,"Profits after tax (without IVA and CCAdj)",53104,"A466RC","6","T11400","BEA_API"
1973,38,"Profits after tax (without IVA and CCAdj)",69727,"A466RC","6","T11400","BEA_API"
1974,38,"Profits after tax (without IVA and CCAdj)",80426,"A466RC","6","T11400","BEA_API"
1975,38,"Profits after tax (without IVA and CCAdj)",77808,"A466RC","6","T11400","BEA_API"
1976,38,"Profits after tax (without IVA and CCAdj)",100571,"A466RC","6","T11400","BEA_API"
1977,38,"Profits after tax (without IVA and CCAdj)",116202,"A466RC","6","T11400","BEA_API"
1978,38,"Profits after tax (without IVA and CCAdj)",139224,"A466RC","6","T11400","BEA_API"
1979,38,"Profits after tax (without IVA and CCAdj)",154148,"A466RC","6","T11400","BEA_API"
1980,38,"Profits after tax (without IVA and CCAdj)",143834,"A466RC","6","T11400","BEA_API"
1981,38,"Profits after tax (without IVA and CCAdj)",150651,"A466RC","6","T11400","BEA_API"
1982,38,"Profits after tax (without IVA and CCAdj)",123777,"A466RC","6","T11400","BEA_API"
1983,38,"Profits after tax (without IVA and CCAdj)",130911,"A466RC","6","T11400","BEA_API"
1984,38,"Profits after tax (without IVA and CCAdj)",151032,"A466RC","6","T11400","BEA_API"
1985,38,"Profits after tax (without IVA and CCAdj)",133962,"A466RC","6","T11400","BEA_API"
1986,38,"Profits after tax (without IVA and CCAdj)",94127,"A466RC","6","T11400","BEA_API"
1987,38,"Profits after tax (without IVA and CCAdj)",128248,"A466RC","6","T11400","BEA_API"
1988,38,"Profits after tax (without IVA and CCAdj)",160517,"A466RC","6","T11400","BEA_API"
1989,38,"Profits after tax (without IVA and CCAdj)",142774,"A466RC","6","T11400","BEA_API"
1990,38,"Profits after tax (without IVA and CCAdj)",139894,"A466RC","6","T11400","BEA_API"
1991,38,"Profits after tax (without IVA and CCAdj)",143815,"A466RC","6","T11400","BEA_API"
1992,38,"Profits after tax (without IVA and CCAdj)",162628,"A466RC","6","T11400","BEA_API"
1993,38,"Profits after tax (without IVA and CCAdj)",201057,"A466RC","6","T11400","BEA_API"
1994,38,"Profits after tax (without IVA and CCAdj)",265509,"A466RC","6","T11400","BEA_API"
1995,38,"Profits after tax (without IVA and CCAdj)",311697,"A466RC","6","T11400","BEA_API"
1996,38,"Profits after tax (without IVA and CCAdj)",335991,"A466RC","6","T11400","BEA_API"
1997,38,"Profits after tax (without IVA and CCAdj)",365745,"A466RC","6","T11400","BEA_API"
1998,38,"Profits after tax (without IVA and CCAdj)",327736,"A466RC","6","T11400","BEA_API"
1999,38,"Profits after tax (without IVA and CCAdj)",323090,"A466RC","6","T11400","BEA_API"
2000,38,"Profits after tax (without IVA and CCAdj)",286114,"A466RC","6","T11400","BEA_API"
2001,38,"Profits after tax (without IVA and CCAdj)",218833,"A466RC","6","T11400","BEA_API"
2002,38,"Profits after tax (without IVA and CCAdj)",278627,"A466RC","6","T11400","BEA_API"
2003,38,"Profits after tax (without IVA and CCAdj)",387276,"A466RC","6","T11400","BEA_API"
2004,38,"Profits after tax (without IVA and CCAdj)",545865,"A466RC","6","T11400","BEA_API"
2005,38,"Profits after tax (without IVA and CCAdj)",781851,"A466RC","6","T11400","BEA_API"
2006,38,"Profits after tax (without IVA and CCAdj)",914468,"A466RC","6","T11400","BEA_API"
2007,38,"Profits after tax (without IVA and CCAdj)",853000,"A466RC","6","T11400","BEA_API"
2008,38,"Profits after tax (without IVA and CCAdj)",703039,"A466RC","6","T11400","BEA_API"
2009,38,"Profits after tax (without IVA and CCAdj)",605918,"A466RC","6","T11400","BEA_API"
2010,38,"Profits after tax (without IVA and CCAdj)",851626,"A466RC","6","T11400","BEA_API"
2011,38,"Profits after tax (without IVA and CCAdj)",834174,"A466RC","6","T11400","BEA_API"
2012,38,"Profits after tax (without IVA and CCAdj)",1045208,"A466RC","6","T11400","BEA_API"
2013,38,"Profits after tax (without IVA and CCAdj)",1076687,"A466RC","6","T11400","BEA_API"
2014,38,"Profits after tax (without IVA and CCAdj)",1122618,"A466RC","6","T11400","BEA_API"
2015,38,"Profits after tax (without IVA and CCAdj)",1045997,"A466RC","6","T11400","BEA_API"
2016,38,"Profits after tax (without IVA and CCAdj)",1046198,"A466RC","6","T11400","BEA_API"
2017,38,"Profits after tax (without IVA and CCAdj)",1090774,"A466RC","6","T11400","BEA_API"
2018,38,"Profits after tax (without IVA and CCAdj)",1105166,"A466RC","6","T11400","BEA_API"
2019,38,"Profits after tax (without IVA and CCAdj)",1070649,"A466RC","6","T11400","BEA_API"
2020,38,"Profits after tax (without IVA and CCAdj)",1329798,"A466RC","6","T11400","BEA_API"
2021,38,"Profits after tax (without IVA and CCAdj)",1978947,"A466RC","6","T11400","BEA_API"
2022,38,"Profits after tax (without IVA and CCAdj)",2003885,"A466RC","6","T11400","BEA_API"
2023,38,"Profits after tax (without IVA and CCAdj)",2217253,"A466RC","6","T11400","BEA_API"
2024,38,"Profits after tax (without IVA and CCAdj)",2379983,"A466RC","6","T11400","BEA_API"
2025,38,"Profits after tax (without IVA and CCAdj)",2247254,"A466RC","6","T11400","BEA_API"
1929,39,"Inventory valuation adjustment",472,"B058RC","6","T11400","BEA_API"
1930,39,"Inventory valuation adjustment",3260,"B058RC","6","T11400","BEA_API"
1931,39,"Inventory valuation adjustment",2414,"B058RC","6","T11400","BEA_API"
1932,39,"Inventory valuation adjustment",1047,"B058RC","6","T11400","BEA_API"
1933,39,"Inventory valuation adjustment",-2143,"B058RC","6","T11400","BEA_API"
1934,39,"Inventory valuation adjustment",-625,"B058RC","6","T11400","BEA_API"
1935,39,"Inventory valuation adjustment",-227,"B058RC","6","T11400","BEA_API"
1936,39,"Inventory valuation adjustment",-738,"B058RC","6","T11400","BEA_API"
1937,39,"Inventory valuation adjustment",-31,"B058RC","6","T11400","BEA_API"
1938,39,"Inventory valuation adjustment",963,"B058RC","6","T11400","BEA_API"
1939,39,"Inventory valuation adjustment",-714,"B058RC","6","T11400","BEA_API"
1940,39,"Inventory valuation adjustment",-200,"B058RC","6","T11400","BEA_API"
1941,39,"Inventory valuation adjustment",-2471,"B058RC","6","T11400","BEA_API"
1942,39,"Inventory valuation adjustment",-1204,"B058RC","6","T11400","BEA_API"
1943,39,"Inventory valuation adjustment",-773,"B058RC","6","T11400","BEA_API"
1944,39,"Inventory valuation adjustment",-287,"B058RC","6","T11400","BEA_API"
1945,39,"Inventory valuation adjustment",-564,"B058RC","6","T11400","BEA_API"
1946,39,"Inventory valuation adjustment",-5263,"B058RC","6","T11400","BEA_API"
1947,39,"Inventory valuation adjustment",-5899,"B058RC","6","T11400","BEA_API"
1948,39,"Inventory valuation adjustment",-2152,"B058RC","6","T11400","BEA_API"
1949,39,"Inventory valuation adjustment",1856,"B058RC","6","T11400","BEA_API"
1950,39,"Inventory valuation adjustment",-4965,"B058RC","6","T11400","BEA_API"
1951,39,"Inventory valuation adjustment",-1199,"B058RC","6","T11400","BEA_API"
1952,39,"Inventory valuation adjustment",981,"B058RC","6","T11400","BEA_API"
1953,39,"Inventory valuation adjustment",-997,"B058RC","6","T11400","BEA_API"
1954,39,"Inventory valuation adjustment",-318,"B058RC","6","T11400","BEA_API"
1955,39,"Inventory valuation adjustment",-1736,"B058RC","6","T11400","BEA_API"
1956,39,"Inventory valuation adjustment",-2693,"B058RC","6","T11400","BEA_API"
1957,39,"Inventory valuation adjustment",-1539,"B058RC","6","T11400","BEA_API"
1958,39,"Inventory valuation adjustment",-255,"B058RC","6","T11400","BEA_API"
1959,39,"Inventory valuation adjustment",-277,"B058RC","6","T11400","BEA_API"
1960,39,"Inventory valuation adjustment",-173,"B058RC","6","T11400","BEA_API"
1961,39,"Inventory valuation adjustment",271,"B058RC","6","T11400","BEA_API"
1962,39,"Inventory valuation adjustment",26,"B058RC","6","T11400","BEA_API"
1963,39,"Inventory valuation adjustment",54,"B058RC","6","T11400","BEA_API"
1964,39,"Inventory valuation adjustment",-494,"B058RC","6","T11400","BEA_API"
1965,39,"Inventory valuation adjustment",-1245,"B058RC","6","T11400","BEA_API"
1966,39,"Inventory valuation adjustment",-2107,"B058RC","6","T11400","BEA_API"
1967,39,"Inventory valuation adjustment",-1554,"B058RC","6","T11400","BEA_API"
1968,39,"Inventory valuation adjustment",-3651,"B058RC","6","T11400","BEA_API"
1969,39,"Inventory valuation adjustment",-5870,"B058RC","6","T11400","BEA_API"
1970,39,"Inventory valuation adjustment",-6552,"B058RC","6","T11400","BEA_API"
1971,39,"Inventory valuation adjustment",-4584,"B058RC","6","T11400","BEA_API"
1972,39,"Inventory valuation adjustment",-6610,"B058RC","6","T11400","BEA_API"
1973,39,"Inventory valuation adjustment",-19569,"B058RC","6","T11400","BEA_API"
1974,39,"Inventory valuation adjustment",-38221,"B058RC","6","T11400","BEA_API"
1975,39,"Inventory valuation adjustment",-10544,"B058RC","6","T11400","BEA_API"
1976,39,"Inventory valuation adjustment",-14113,"B058RC","6","T11400","BEA_API"
1977,39,"Inventory valuation adjustment",-15698,"B058RC","6","T11400","BEA_API"
1978,39,"Inventory valuation adjustment",-23709,"B058RC","6","T11400","BEA_API"
1979,39,"Inventory valuation adjustment",-40138,"B058RC","6","T11400","BEA_API"
1980,39,"Inventory valuation adjustment",-42133,"B058RC","6","T11400","BEA_API"
1981,39,"Inventory valuation adjustment",-24626,"B058RC","6","T11400","BEA_API"
1982,39,"Inventory valuation adjustment",-7505,"B058RC","6","T11400","BEA_API"
1983,39,"Inventory valuation adjustment",-7445,"B058RC","6","T11400","BEA_API"
1984,39,"Inventory valuation adjustment",-3979,"B058RC","6","T11400","BEA_API"
1985,39,"Inventory valuation adjustment",21,"B058RC","6","T11400","BEA_API"
1986,39,"Inventory valuation adjustment",7061,"B058RC","6","T11400","BEA_API"
1987,39,"Inventory valuation adjustment",-16239,"B058RC","6","T11400","BEA_API"
1988,39,"Inventory valuation adjustment",-22174,"B058RC","6","T11400","BEA_API"
1989,39,"Inventory valuation adjustment",-16348,"B058RC","6","T11400","BEA_API"
1990,39,"Inventory valuation adjustment",-12892,"B058RC","6","T11400","BEA_API"
1991,39,"Inventory valuation adjustment",4927,"B058RC","6","T11400","BEA_API"
1992,39,"Inventory valuation adjustment",-2821,"B058RC","6","T11400","BEA_API"
1993,39,"Inventory valuation adjustment",-4021,"B058RC","6","T11400","BEA_API"
1994,39,"Inventory valuation adjustment",-12436,"B058RC","6","T11400","BEA_API"
1995,39,"Inventory valuation adjustment",-18284,"B058RC","6","T11400","BEA_API"
1996,39,"Inventory valuation adjustment",3071,"B058RC","6","T11400","BEA_API"
1997,39,"Inventory valuation adjustment",14090,"B058RC","6","T11400","BEA_API"
1998,39,"Inventory valuation adjustment",15743,"B058RC","6","T11400","BEA_API"
1999,39,"Inventory valuation adjustment",-3954,"B058RC","6","T11400","BEA_API"
2000,39,"Inventory valuation adjustment",-16809,"B058RC","6","T11400","BEA_API"
2001,39,"Inventory valuation adjustment",8044,"B058RC","6","T11400","BEA_API"
2002,39,"Inventory valuation adjustment",8866,"B058RC","6","T11400","BEA_API"
2003,39,"Inventory valuation adjustment",-14471,"B058RC","6","T11400","BEA_API"
2004,39,"Inventory valuation adjustment",-40211,"B058RC","6","T11400","BEA_API"
2005,39,"Inventory valuation adjustment",-36030,"B058RC","6","T11400","BEA_API"
2006,39,"Inventory valuation adjustment",-31941,"B058RC","6","T11400","BEA_API"
2007,39,"Inventory valuation adjustment",-43630,"B058RC","6","T11400","BEA_API"
2008,39,"Inventory valuation adjustment",-34830,"B058RC","6","T11400","BEA_API"
2009,39,"Inventory valuation adjustment",2617,"B058RC","6","T11400","BEA_API"
2010,39,"Inventory valuation adjustment",-47593,"B058RC","6","T11400","BEA_API"
2011,39,"Inventory valuation adjustment",-68008,"B058RC","6","T11400","BEA_API"
2012,39,"Inventory valuation adjustment",-11449,"B058RC","6","T11400","BEA_API"
2013,39,"Inventory valuation adjustment",13894,"B058RC","6","T11400","BEA_API"
2014,39,"Inventory valuation adjustment",1830,"B058RC","6","T11400","BEA_API"
2015,39,"Inventory valuation adjustment",57911,"B058RC","6","T11400","BEA_API"
2016,39,"Inventory valuation adjustment",5227,"B058RC","6","T11400","BEA_API"
2017,39,"Inventory valuation adjustment",-47588,"B058RC","6","T11400","BEA_API"
2018,39,"Inventory valuation adjustment",-51012,"B058RC","6","T11400","BEA_API"
2019,39,"Inventory valuation adjustment",540,"B058RC","6","T11400","BEA_API"
2020,39,"Inventory valuation adjustment",-19127,"B058RC","6","T11400","BEA_API"
2021,39,"Inventory valuation adjustment",-256375,"B058RC","6","T11400","BEA_API"
2022,39,"Inventory valuation adjustment",-161468,"B058RC","6","T11400","BEA_API"
2023,39,"Inventory valuation adjustment",32987,"B058RC","6","T11400","BEA_API"
2024,39,"Inventory valuation adjustment",-8915,"B058RC","6","T11400","BEA_API"
2025,39,"Inventory valuation adjustment",-56794,"B058RC","6","T11400","BEA_API"
1929,40,"Capital consumption adjustment",-458,"B470RC","6","T11400","BEA_API"
1930,40,"Capital consumption adjustment",-238,"B470RC","6","T11400","BEA_API"
1931,40,"Capital consumption adjustment",41,"B470RC","6","T11400","BEA_API"
1932,40,"Capital consumption adjustment",155,"B470RC","6","T11400","BEA_API"
1933,40,"Capital consumption adjustment",167,"B470RC","6","T11400","BEA_API"
1934,40,"Capital consumption adjustment",-29,"B470RC","6","T11400","BEA_API"
1935,40,"Capital consumption adjustment",-88,"B470RC","6","T11400","BEA_API"
1936,40,"Capital consumption adjustment",-107,"B470RC","6","T11400","BEA_API"
1937,40,"Capital consumption adjustment",-488,"B470RC","6","T11400","BEA_API"
1938,40,"Capital consumption adjustment",-502,"B470RC","6","T11400","BEA_API"
1939,40,"Capital consumption adjustment",-409,"B470RC","6","T11400","BEA_API"
1940,40,"Capital consumption adjustment",-507,"B470RC","6","T11400","BEA_API"
1941,40,"Capital consumption adjustment",-516,"B470RC","6","T11400","BEA_API"
1942,40,"Capital consumption adjustment",-332,"B470RC","6","T11400","BEA_API"
1943,40,"Capital consumption adjustment",-27,"B470RC","6","T11400","BEA_API"
1944,40,"Capital consumption adjustment",628,"B470RC","6","T11400","BEA_API"
1945,40,"Capital consumption adjustment",761,"B470RC","6","T11400","BEA_API"
1946,40,"Capital consumption adjustment",-1909,"B470RC","6","T11400","BEA_API"
1947,40,"Capital consumption adjustment",-2369,"B470RC","6","T11400","BEA_API"
1948,40,"Capital consumption adjustment",-2727,"B470RC","6","T11400","BEA_API"
1949,40,"Capital consumption adjustment",-2632,"B470RC","6","T11400","BEA_API"
1950,40,"Capital consumption adjustment",-2502,"B470RC","6","T11400","BEA_API"
1951,40,"Capital consumption adjustment",-2699,"B470RC","6","T11400","BEA_API"
1952,40,"Capital consumption adjustment",-2305,"B470RC","6","T11400","BEA_API"
1953,40,"Capital consumption adjustment",-1568,"B470RC","6","T11400","BEA_API"
1954,40,"Capital consumption adjustment",-723,"B470RC","6","T11400","BEA_API"
1955,40,"Capital consumption adjustment",722,"B470RC","6","T11400","BEA_API"
1956,40,"Capital consumption adjustment",5,"B470RC","6","T11400","BEA_API"
1957,40,"Capital consumption adjustment",-217,"B470RC","6","T11400","BEA_API"
1958,40,"Capital consumption adjustment",-583,"B470RC","6","T11400","BEA_API"
1959,40,"Capital consumption adjustment",152,"B470RC","6","T11400","BEA_API"
1960,40,"Capital consumption adjustment",1225,"B470RC","6","T11400","BEA_API"
1961,40,"Capital consumption adjustment",1953,"B470RC","6","T11400","BEA_API"
1962,40,"Capital consumption adjustment",4947,"B470RC","6","T11400","BEA_API"
1963,40,"Capital consumption adjustment",6200,"B470RC","6","T11400","BEA_API"
1964,40,"Capital consumption adjustment",6838,"B470RC","6","T11400","BEA_API"
1965,40,"Capital consumption adjustment",7568,"B470RC","6","T11400","BEA_API"
1966,40,"Capital consumption adjustment",8053,"B470RC","6","T11400","BEA_API"
1967,40,"Capital consumption adjustment",7988,"B470RC","6","T11400","BEA_API"
1968,40,"Capital consumption adjustment",7632,"B470RC","6","T11400","BEA_API"
1969,40,"Capital consumption adjustment",7755,"B470RC","6","T11400","BEA_API"
1970,40,"Capital consumption adjustment",6743,"B470RC","6","T11400","BEA_API"
1971,40,"Capital consumption adjustment",6203,"B470RC","6","T11400","BEA_API"
1972,40,"Capital consumption adjustment",8022,"B470RC","6","T11400","BEA_API"
1973,40,"Capital consumption adjustment",6679,"B470RC","6","T11400","BEA_API"
1974,40,"Capital consumption adjustment",2359,"B470RC","6","T11400","BEA_API"
1975,40,"Capital consumption adjustment",-4902,"B470RC","6","T11400","BEA_API"
1976,40,"Capital consumption adjustment",-6908,"B470RC","6","T11400","BEA_API"
1977,40,"Capital consumption adjustment",-5945,"B470RC","6","T11400","BEA_API"
1978,40,"Capital consumption adjustment",-7319,"B470RC","6","T11400","BEA_API"
1979,40,"Capital consumption adjustment",-10597,"B470RC","6","T11400","BEA_API"
1980,40,"Capital consumption adjustment",-14246,"B470RC","6","T11400","BEA_API"
1981,40,"Capital consumption adjustment",-2109,"B470RC","6","T11400","BEA_API"
1982,40,"Capital consumption adjustment",8238,"B470RC","6","T11400","BEA_API"
1983,40,"Capital consumption adjustment",25360,"B470RC","6","T11400","BEA_API"
1984,40,"Capital consumption adjustment",45920,"B470RC","6","T11400","BEA_API"
1985,40,"Capital consumption adjustment",66001,"B470RC","6","T11400","BEA_API"
1986,40,"Capital consumption adjustment",52779,"B470RC","6","T11400","BEA_API"
1987,40,"Capital consumption adjustment",53117,"B470RC","6","T11400","BEA_API"
1988,40,"Capital consumption adjustment",51661,"B470RC","6","T11400","BEA_API"
1989,40,"Capital consumption adjustment",46397,"B470RC","6","T11400","BEA_API"
1990,40,"Capital consumption adjustment",37021,"B470RC","6","T11400","BEA_API"
1991,40,"Capital consumption adjustment",30713,"B470RC","6","T11400","BEA_API"
1992,40,"Capital consumption adjustment",32822,"B470RC","6","T11400","BEA_API"
1993,40,"Capital consumption adjustment",36619,"B470RC","6","T11400","BEA_API"
1994,40,"Capital consumption adjustment",47761,"B470RC","6","T11400","BEA_API"
1995,40,"Capital consumption adjustment",47064,"B470RC","6","T11400","BEA_API"
1996,40,"Capital consumption adjustment",53539,"B470RC","6","T11400","BEA_API"
1997,40,"Capital consumption adjustment",55664,"B470RC","6","T11400","BEA_API"
1998,40,"Capital consumption adjustment",59817,"B470RC","6","T11400","BEA_API"
1999,40,"Capital consumption adjustment",65117,"B470RC","6","T11400","BEA_API"
2000,40,"Capital consumption adjustment",50089,"B470RC","6","T11400","BEA_API"
2001,40,"Capital consumption adjustment",52530,"B470RC","6","T11400","BEA_API"
2002,40,"Capital consumption adjustment",100136,"B470RC","6","T11400","BEA_API"
2003,40,"Capital consumption adjustment",94996,"B470RC","6","T11400","BEA_API"
2004,40,"Capital consumption adjustment",78852,"B470RC","6","T11400","BEA_API"
2005,40,"Capital consumption adjustment",-105144,"B470RC","6","T11400","BEA_API"
2006,40,"Capital consumption adjustment",-132369,"B470RC","6","T11400","BEA_API"
2007,40,"Capital consumption adjustment",-136171,"B470RC","6","T11400","BEA_API"
2008,40,"Capital consumption adjustment",-30135,"B470RC","6","T11400","BEA_API"
2009,40,"Capital consumption adjustment",-46009,"B470RC","6","T11400","BEA_API"
2010,40,"Capital consumption adjustment",-24718,"B470RC","6","T11400","BEA_API"
2011,40,"Capital consumption adjustment",86957,"B470RC","6","T11400","BEA_API"
2012,40,"Capital consumption adjustment",-97136,"B470RC","6","T11400","BEA_API"
2013,40,"Capital consumption adjustment",-105534,"B470RC","6","T11400","BEA_API"
2014,40,"Capital consumption adjustment",-96539,"B470RC","6","T11400","BEA_API"
2015,40,"Capital consumption adjustment",-73158,"B470RC","6","T11400","BEA_API"
2016,40,"Capital consumption adjustment",-58916,"B470RC","6","T11400","BEA_API"
2017,40,"Capital consumption adjustment",6669,"B470RC","6","T11400","BEA_API"
2018,40,"Capital consumption adjustment",111997,"B470RC","6","T11400","BEA_API"
2019,40,"Capital consumption adjustment",131604,"B470RC","6","T11400","BEA_API"
2020,40,"Capital consumption adjustment",-25338,"B470RC","6","T11400","BEA_API"
2021,40,"Capital consumption adjustment",40322,"B470RC","6","T11400","BEA_API"
2022,40,"Capital consumption adjustment",-4401,"B470RC","6","T11400","BEA_API"
2023,40,"Capital consumption adjustment",-176059,"B470RC","6","T11400","BEA_API"
2024,40,"Capital consumption adjustment",-264284,"B470RC","6","T11400","BEA_API"
2025,40,"Capital consumption adjustment",6355,"B470RC","6","T11400","BEA_API"
1929,41,"Gross value added of nonfinancial corporate business",379518,"B455RX","6","T11400","BEA_API"
1930,41,"Gross value added of nonfinancial corporate business",353276,"B455RX","6","T11400","BEA_API"
1931,41,"Gross value added of nonfinancial corporate business",319385,"B455RX","6","T11400","BEA_API"
1932,41,"Gross value added of nonfinancial corporate business",271204,"B455RX","6","T11400","BEA_API"
1933,41,"Gross value added of nonfinancial corporate business",264338,"B455RX","6","T11400","BEA_API"
1934,41,"Gross value added of nonfinancial corporate business",301216,"B455RX","6","T11400","BEA_API"
1935,41,"Gross value added of nonfinancial corporate business",327713,"B455RX","6","T11400","BEA_API"
1936,41,"Gross value added of nonfinancial corporate business",374488,"B455RX","6","T11400","BEA_API"
1937,41,"Gross value added of nonfinancial corporate business",405694,"B455RX","6","T11400","BEA_API"
1938,41,"Gross value added of nonfinancial corporate business",376207,"B455RX","6","T11400","BEA_API"
1939,41,"Gross value added of nonfinancial corporate business",420183,"B455RX","6","T11400","BEA_API"
1940,41,"Gross value added of nonfinancial corporate business",474124,"B455RX","6","T11400","BEA_API"
1941,41,"Gross value added of nonfinancial corporate business",570642,"B455RX","6","T11400","BEA_API"
1942,41,"Gross value added of nonfinancial corporate business",647653,"B455RX","6","T11400","BEA_API"
1943,41,"Gross value added of nonfinancial corporate business",720413,"B455RX","6","T11400","BEA_API"
1944,41,"Gross value added of nonfinancial corporate business",732875,"B455RX","6","T11400","BEA_API"
1945,41,"Gross value added of nonfinancial corporate business",679342,"B455RX","6","T11400","BEA_API"
1946,41,"Gross value added of nonfinancial corporate business",658573,"B455RX","6","T11400","BEA_API"
1947,41,"Gross value added of nonfinancial corporate business",703904,"B455RX","6","T11400","BEA_API"
1948,41,"Gross value added of nonfinancial corporate business",758556,"B455RX","6","T11400","BEA_API"
1949,41,"Gross value added of nonfinancial corporate business",751642,"B455RX","6","T11400","BEA_API"
1950,41,"Gross value added of nonfinancial corporate business",848936,"B455RX","6","T11400","BEA_API"
1951,41,"Gross value added of nonfinancial corporate business",896303,"B455RX","6","T11400","BEA_API"
1952,41,"Gross value added of nonfinancial corporate business",930356,"B455RX","6","T11400","BEA_API"
1953,41,"Gross value added of nonfinancial corporate business",999235,"B455RX","6","T11400","BEA_API"
1954,41,"Gross value added of nonfinancial corporate business",989290,"B455RX","6","T11400","BEA_API"
1955,41,"Gross value added of nonfinancial corporate business",1107804,"B455RX","6","T11400","BEA_API"
1956,41,"Gross value added of nonfinancial corporate business",1146054,"B455RX","6","T11400","BEA_API"
1957,41,"Gross value added of nonfinancial corporate business",1161542,"B455RX","6","T11400","BEA_API"
1958,41,"Gross value added of nonfinancial corporate business",1117530,"B455RX","6","T11400","BEA_API"
1959,41,"Gross value added of nonfinancial corporate business",1243327,"B455RX","6","T11400","BEA_API"
1960,41,"Gross value added of nonfinancial corporate business",1285478,"B455RX","6","T11400","BEA_API"
1961,41,"Gross value added of nonfinancial corporate business",1316239,"B455RX","6","T11400","BEA_API"
1962,41,"Gross value added of nonfinancial corporate business",1427784,"B455RX","6","T11400","BEA_API"
1963,41,"Gross value added of nonfinancial corporate business",1515745,"B455RX","6","T11400","BEA_API"
1964,41,"Gross value added of nonfinancial corporate business",1622045,"B455RX","6","T11400","BEA_API"
1965,41,"Gross value added of nonfinancial corporate business",1758279,"B455RX","6","T11400","BEA_API"
1966,41,"Gross value added of nonfinancial corporate business",1888178,"B455RX","6","T11400","BEA_API"
1967,41,"Gross value added of nonfinancial corporate business",1942223,"B455RX","6","T11400","BEA_API"
1968,41,"Gross value added of nonfinancial corporate business",2068281,"B455RX","6","T11400","BEA_API"
1969,41,"Gross value added of nonfinancial corporate business",2150996,"B455RX","6","T11400","BEA_API"
1970,41,"Gross value added of nonfinancial corporate business",2132246,"B455RX","6","T11400","BEA_API"
1971,41,"Gross value added of nonfinancial corporate business",2216302,"B455RX","6","T11400","BEA_API"
1972,41,"Gross value added of nonfinancial corporate business",2384020,"B455RX","6","T11400","BEA_API"
1973,41,"Gross value added of nonfinancial corporate business",2529343,"B455RX","6","T11400","BEA_API"
1974,41,"Gross value added of nonfinancial corporate business",2491175,"B455RX","6","T11400","BEA_API"
1975,41,"Gross value added of nonfinancial corporate business",2456693,"B455RX","6","T11400","BEA_API"
1976,41,"Gross value added of nonfinancial corporate business",2657867,"B455RX","6","T11400","BEA_API"
1977,41,"Gross value added of nonfinancial corporate business",2854488,"B455RX","6","T11400","BEA_API"
1978,41,"Gross value added of nonfinancial corporate business",3038745,"B455RX","6","T11400","BEA_API"
1979,41,"Gross value added of nonfinancial corporate business",3118975,"B455RX","6","T11400","BEA_API"
1980,41,"Gross value added of nonfinancial corporate business",3140096,"B455RX","6","T11400","BEA_API"
1981,41,"Gross value added of nonfinancial corporate business",3283888,"B455RX","6","T11400","BEA_API"
1982,41,"Gross value added of nonfinancial corporate business",3253862,"B455RX","6","T11400","BEA_API"
1983,41,"Gross value added of nonfinancial corporate business",3415215,"B455RX","6","T11400","BEA_API"
1984,41,"Gross value added of nonfinancial corporate business",3757179,"B455RX","6","T11400","BEA_API"
1985,41,"Gross value added of nonfinancial corporate business",3937620,"B455RX","6","T11400","BEA_API"
1986,41,"Gross value added of nonfinancial corporate business",4071203,"B455RX","6","T11400","BEA_API"
1987,41,"Gross value added of nonfinancial corporate business",4287736,"B455RX","6","T11400","BEA_API"
1988,41,"Gross value added of nonfinancial corporate business",4545230,"B455RX","6","T11400","BEA_API"
1989,41,"Gross value added of nonfinancial corporate business",4636114,"B455RX","6","T11400","BEA_API"
1990,41,"Gross value added of nonfinancial corporate business",4719096,"B455RX","6","T11400","BEA_API"
1991,41,"Gross value added of nonfinancial corporate business",4702624,"B455RX","6","T11400","BEA_API"
1992,41,"Gross value added of nonfinancial corporate business",4884039,"B455RX","6","T11400","BEA_API"
1993,41,"Gross value added of nonfinancial corporate business",5047961,"B455RX","6","T11400","BEA_API"
1994,41,"Gross value added of nonfinancial corporate business",5373895,"B455RX","6","T11400","BEA_API"
1995,41,"Gross value added of nonfinancial corporate business",5619403,"B455RX","6","T11400","BEA_API"
1996,41,"Gross value added of nonfinancial corporate business",5924143,"B455RX","6","T11400","BEA_API"
1997,41,"Gross value added of nonfinancial corporate business",6322882,"B455RX","6","T11400","BEA_API"
1998,41,"Gross value added of nonfinancial corporate business",6667650,"B455RX","6","T11400","BEA_API"
1999,41,"Gross value added of nonfinancial corporate business",7003623,"B455RX","6","T11400","BEA_API"
2000,41,"Gross value added of nonfinancial corporate business",7340205,"B455RX","6","T11400","BEA_API"
2001,41,"Gross value added of nonfinancial corporate business",7164251,"B455RX","6","T11400","BEA_API"
2002,41,"Gross value added of nonfinancial corporate business",7237884,"B455RX","6","T11400","BEA_API"
2003,41,"Gross value added of nonfinancial corporate business",7402525,"B455RX","6","T11400","BEA_API"
2004,41,"Gross value added of nonfinancial corporate business",7768745,"B455RX","6","T11400","BEA_API"
2005,41,"Gross value added of nonfinancial corporate business",8055939,"B455RX","6","T11400","BEA_API"
2006,41,"Gross value added of nonfinancial corporate business",8367204,"B455RX","6","T11400","BEA_API"
2007,41,"Gross value added of nonfinancial corporate business",8463493,"B455RX","6","T11400","BEA_API"
2008,41,"Gross value added of nonfinancial corporate business",8373691,"B455RX","6","T11400","BEA_API"
2009,41,"Gross value added of nonfinancial corporate business",7780498,"B455RX","6","T11400","BEA_API"
2010,41,"Gross value added of nonfinancial corporate business",8118731,"B455RX","6","T11400","BEA_API"
2011,41,"Gross value added of nonfinancial corporate business",8339193,"B455RX","6","T11400","BEA_API"
2012,41,"Gross value added of nonfinancial corporate business",8648610,"B455RX","6","T11400","BEA_API"
2013,41,"Gross value added of nonfinancial corporate business",8855091,"B455RX","6","T11400","BEA_API"
2014,41,"Gross value added of nonfinancial corporate business",9155687,"B455RX","6","T11400","BEA_API"
2015,41,"Gross value added of nonfinancial corporate business",9453733,"B455RX","6","T11400","BEA_API"
2016,41,"Gross value added of nonfinancial corporate business",9514298,"B455RX","6","T11400","BEA_API"
2017,41,"Gross value added of nonfinancial corporate business",9771449,"B455RX","6","T11400","BEA_API"
2018,41,"Gross value added of nonfinancial corporate business",10136297,"B455RX","6","T11400","BEA_API"
2019,41,"Gross value added of nonfinancial corporate business",10406488,"B455RX","6","T11400","BEA_API"
2020,41,"Gross value added of nonfinancial corporate business",9979518,"B455RX","6","T11400","BEA_API"
2021,41,"Gross value added of nonfinancial corporate business",10945065,"B455RX","6","T11400","BEA_API"
2022,41,"Gross value added of nonfinancial corporate business",11350816,"B455RX","6","T11400","BEA_API"
2023,41,"Gross value added of nonfinancial corporate business",11550328,"B455RX","6","T11400","BEA_API"
2024,41,"Gross value added of nonfinancial corporate business",11864210,"B455RX","6","T11400","BEA_API"
2025,41,"Gross value added of nonfinancial corporate business",12229586,"B455RX","6","T11400","BEA_API"
1929,42,"Consumption of fixed capital",50989,"N456RX","6","T11400","BEA_API"
1930,42,"Consumption of fixed capital",52049,"N456RX","6","T11400","BEA_API"
1931,42,"Consumption of fixed capital",51809,"N456RX","6","T11400","BEA_API"
1932,42,"Consumption of fixed capital",50272,"N456RX","6","T11400","BEA_API"
1933,42,"Consumption of fixed capital",48825,"N456RX","6","T11400","BEA_API"
1934,42,"Consumption of fixed capital",47795,"N456RX","6","T11400","BEA_API"
1935,42,"Consumption of fixed capital",47743,"N456RX","6","T11400","BEA_API"
1936,42,"Consumption of fixed capital",48227,"N456RX","6","T11400","BEA_API"
1937,42,"Consumption of fixed capital",49648,"N456RX","6","T11400","BEA_API"
1938,42,"Consumption of fixed capital",50230,"N456RX","6","T11400","BEA_API"
1939,42,"Consumption of fixed capital",50522,"N456RX","6","T11400","BEA_API"
1940,42,"Consumption of fixed capital",51565,"N456RX","6","T11400","BEA_API"
1941,42,"Consumption of fixed capital",53518,"N456RX","6","T11400","BEA_API"
1942,42,"Consumption of fixed capital",54391,"N456RX","6","T11400","BEA_API"
1943,42,"Consumption of fixed capital",53451,"N456RX","6","T11400","BEA_API"
1944,42,"Consumption of fixed capital",52949,"N456RX","6","T11400","BEA_API"
1945,42,"Consumption of fixed capital",53827,"N456RX","6","T11400","BEA_API"
1946,42,"Consumption of fixed capital",57011,"N456RX","6","T11400","BEA_API"
1947,42,"Consumption of fixed capital",61963,"N456RX","6","T11400","BEA_API"
1948,42,"Consumption of fixed capital",66778,"N456RX","6","T11400","BEA_API"
1949,42,"Consumption of fixed capital",70329,"N456RX","6","T11400","BEA_API"
1950,42,"Consumption of fixed capital",73313,"N456RX","6","T11400","BEA_API"
1951,42,"Consumption of fixed capital",76474,"N456RX","6","T11400","BEA_API"
1952,42,"Consumption of fixed capital",79635,"N456RX","6","T11400","BEA_API"
1953,42,"Consumption of fixed capital",83829,"N456RX","6","T11400","BEA_API"
1954,42,"Consumption of fixed capital",88103,"N456RX","6","T11400","BEA_API"
1955,42,"Consumption of fixed capital",92512,"N456RX","6","T11400","BEA_API"
1956,42,"Consumption of fixed capital",97556,"N456RX","6","T11400","BEA_API"
1957,42,"Consumption of fixed capital",103015,"N456RX","6","T11400","BEA_API"
1958,42,"Consumption of fixed capital",108725,"N456RX","6","T11400","BEA_API"
1959,42,"Consumption of fixed capital",111688,"N456RX","6","T11400","BEA_API"
1960,42,"Consumption of fixed capital",114397,"N456RX","6","T11400","BEA_API"
1961,42,"Consumption of fixed capital",118803,"N456RX","6","T11400","BEA_API"
1962,42,"Consumption of fixed capital",123789,"N456RX","6","T11400","BEA_API"
1963,42,"Consumption of fixed capital",129886,"N456RX","6","T11400","BEA_API"
1964,42,"Consumption of fixed capital",136685,"N456RX","6","T11400","BEA_API"
1965,42,"Consumption of fixed capital",145805,"N456RX","6","T11400","BEA_API"
1966,42,"Consumption of fixed capital",157433,"N456RX","6","T11400","BEA_API"
1967,42,"Consumption of fixed capital",169145,"N456RX","6","T11400","BEA_API"
1968,42,"Consumption of fixed capital",180532,"N456RX","6","T11400","BEA_API"
1969,42,"Consumption of fixed capital",192877,"N456RX","6","T11400","BEA_API"
1970,42,"Consumption of fixed capital",203844,"N456RX","6","T11400","BEA_API"
1971,42,"Consumption of fixed capital",212949,"N456RX","6","T11400","BEA_API"
1972,42,"Consumption of fixed capital",223423,"N456RX","6","T11400","BEA_API"
1973,42,"Consumption of fixed capital",239115,"N456RX","6","T11400","BEA_API"
1974,42,"Consumption of fixed capital",252378,"N456RX","6","T11400","BEA_API"
1975,42,"Consumption of fixed capital",261847,"N456RX","6","T11400","BEA_API"
1976,42,"Consumption of fixed capital",270336,"N456RX","6","T11400","BEA_API"
1977,42,"Consumption of fixed capital",282564,"N456RX","6","T11400","BEA_API"
1978,42,"Consumption of fixed capital",297533,"N456RX","6","T11400","BEA_API"
1979,42,"Consumption of fixed capital",314895,"N456RX","6","T11400","BEA_API"
1980,42,"Consumption of fixed capital",331368,"N456RX","6","T11400","BEA_API"
1981,42,"Consumption of fixed capital",346547,"N456RX","6","T11400","BEA_API"
1982,42,"Consumption of fixed capital",362677,"N456RX","6","T11400","BEA_API"
1983,42,"Consumption of fixed capital",375554,"N456RX","6","T11400","BEA_API"
1984,42,"Consumption of fixed capital",392011,"N456RX","6","T11400","BEA_API"
1985,42,"Consumption of fixed capital",414936,"N456RX","6","T11400","BEA_API"
1986,42,"Consumption of fixed capital",434531,"N456RX","6","T11400","BEA_API"
1987,42,"Consumption of fixed capital",452906,"N456RX","6","T11400","BEA_API"
1988,42,"Consumption of fixed capital",469701,"N456RX","6","T11400","BEA_API"
1989,42,"Consumption of fixed capital",486027,"N456RX","6","T11400","BEA_API"
1990,42,"Consumption of fixed capital",503504,"N456RX","6","T11400","BEA_API"
1991,42,"Consumption of fixed capital",518856,"N456RX","6","T11400","BEA_API"
1992,42,"Consumption of fixed capital",533558,"N456RX","6","T11400","BEA_API"
1993,42,"Consumption of fixed capital",553439,"N456RX","6","T11400","BEA_API"
1994,42,"Consumption of fixed capital",578893,"N456RX","6","T11400","BEA_API"
1995,42,"Consumption of fixed capital",612348,"N456RX","6","T11400","BEA_API"
1996,42,"Consumption of fixed capital",650883,"N456RX","6","T11400","BEA_API"
1997,42,"Consumption of fixed capital",697449,"N456RX","6","T11400","BEA_API"
1998,42,"Consumption of fixed capital",749460,"N456RX","6","T11400","BEA_API"
1999,42,"Consumption of fixed capital",805468,"N456RX","6","T11400","BEA_API"
2000,42,"Consumption of fixed capital",866074,"N456RX","6","T11400","BEA_API"
2001,42,"Consumption of fixed capital",916435,"N456RX","6","T11400","BEA_API"
2002,42,"Consumption of fixed capital",947589,"N456RX","6","T11400","BEA_API"
2003,42,"Consumption of fixed capital",967733,"N456RX","6","T11400","BEA_API"
2004,42,"Consumption of fixed capital",993478,"N456RX","6","T11400","BEA_API"
2005,42,"Consumption of fixed capital",1028328,"N456RX","6","T11400","BEA_API"
2006,42,"Consumption of fixed capital",1072244,"N456RX","6","T11400","BEA_API"
2007,42,"Consumption of fixed capital",1118112,"N456RX","6","T11400","BEA_API"
2008,42,"Consumption of fixed capital",1157714,"N456RX","6","T11400","BEA_API"
2009,42,"Consumption of fixed capital",1176561,"N456RX","6","T11400","BEA_API"
2010,42,"Consumption of fixed capital",1188680,"N456RX","6","T11400","BEA_API"
2011,42,"Consumption of fixed capital",1218420,"N456RX","6","T11400","BEA_API"
2012,42,"Consumption of fixed capital",1259927,"N456RX","6","T11400","BEA_API"
2013,42,"Consumption of fixed capital",1304834,"N456RX","6","T11400","BEA_API"
2014,42,"Consumption of fixed capital",1354831,"N456RX","6","T11400","BEA_API"
2015,42,"Consumption of fixed capital",1406385,"N456RX","6","T11400","BEA_API"
2016,42,"Consumption of fixed capital",1456087,"N456RX","6","T11400","BEA_API"
2017,42,"Consumption of fixed capital",1509413,"N456RX","6","T11400","BEA_API"
2018,42,"Consumption of fixed capital",1572496,"N456RX","6","T11400","BEA_API"
2019,42,"Consumption of fixed capital",1636719,"N456RX","6","T11400","BEA_API"
2020,42,"Consumption of fixed capital",1686158,"N456RX","6","T11400","BEA_API"
2021,42,"Consumption of fixed capital",1739065,"N456RX","6","T11400","BEA_API"
2022,42,"Consumption of fixed capital",1810667,"N456RX","6","T11400","BEA_API"
2023,42,"Consumption of fixed capital",1888753,"N456RX","6","T11400","BEA_API"
2024,42,"Consumption of fixed capital",1964076,"N456RX","6","T11400","BEA_API"
2025,42,"Consumption of fixed capital",2054885,"N456RX","6","T11400","BEA_API"
1929,43,"Net value added",328529,"A457RX","6","T11400","BEA_API"
1930,43,"Net value added",301227,"A457RX","6","T11400","BEA_API"
1931,43,"Net value added",267576,"A457RX","6","T11400","BEA_API"
1932,43,"Net value added",220933,"A457RX","6","T11400","BEA_API"
1933,43,"Net value added",215512,"A457RX","6","T11400","BEA_API"
1934,43,"Net value added",253422,"A457RX","6","T11400","BEA_API"
1935,43,"Net value added",279970,"A457RX","6","T11400","BEA_API"
1936,43,"Net value added",326261,"A457RX","6","T11400","BEA_API"
1937,43,"Net value added",356046,"A457RX","6","T11400","BEA_API"
1938,43,"Net value added",325977,"A457RX","6","T11400","BEA_API"
1939,43,"Net value added",369661,"A457RX","6","T11400","BEA_API"
1940,43,"Net value added",422559,"A457RX","6","T11400","BEA_API"
1941,43,"Net value added",517124,"A457RX","6","T11400","BEA_API"
1942,43,"Net value added",593262,"A457RX","6","T11400","BEA_API"
1943,43,"Net value added",666962,"A457RX","6","T11400","BEA_API"
1944,43,"Net value added",679926,"A457RX","6","T11400","BEA_API"
1945,43,"Net value added",625515,"A457RX","6","T11400","BEA_API"
1946,43,"Net value added",601562,"A457RX","6","T11400","BEA_API"
1947,43,"Net value added",641941,"A457RX","6","T11400","BEA_API"
1948,43,"Net value added",691778,"A457RX","6","T11400","BEA_API"
1949,43,"Net value added",681313,"A457RX","6","T11400","BEA_API"
1950,43,"Net value added",775624,"A457RX","6","T11400","BEA_API"
1951,43,"Net value added",819830,"A457RX","6","T11400","BEA_API"
1952,43,"Net value added",850721,"A457RX","6","T11400","BEA_API"
1953,43,"Net value added",915406,"A457RX","6","T11400","BEA_API"
1954,43,"Net value added",901187,"A457RX","6","T11400","BEA_API"
1955,43,"Net value added",1015293,"A457RX","6","T11400","BEA_API"
1956,43,"Net value added",1048498,"A457RX","6","T11400","BEA_API"
1957,43,"Net value added",1058528,"A457RX","6","T11400","BEA_API"
1958,43,"Net value added",1008806,"A457RX","6","T11400","BEA_API"
1959,43,"Net value added",1131639,"A457RX","6","T11400","BEA_API"
1960,43,"Net value added",1171082,"A457RX","6","T11400","BEA_API"
1961,43,"Net value added",1197436,"A457RX","6","T11400","BEA_API"
1962,43,"Net value added",1303995,"A457RX","6","T11400","BEA_API"
1963,43,"Net value added",1385859,"A457RX","6","T11400","BEA_API"
1964,43,"Net value added",1485360,"A457RX","6","T11400","BEA_API"
1965,43,"Net value added",1612475,"A457RX","6","T11400","BEA_API"
1966,43,"Net value added",1730745,"A457RX","6","T11400","BEA_API"
1967,43,"Net value added",1773078,"A457RX","6","T11400","BEA_API"
1968,43,"Net value added",1887749,"A457RX","6","T11400","BEA_API"
1969,43,"Net value added",1958119,"A457RX","6","T11400","BEA_API"
1970,43,"Net value added",1928402,"A457RX","6","T11400","BEA_API"
1971,43,"Net value added",2003353,"A457RX","6","T11400","BEA_API"
1972,43,"Net value added",2160597,"A457RX","6","T11400","BEA_API"
1973,43,"Net value added",2290228,"A457RX","6","T11400","BEA_API"
1974,43,"Net value added",2238797,"A457RX","6","T11400","BEA_API"
1975,43,"Net value added",2194845,"A457RX","6","T11400","BEA_API"
1976,43,"Net value added",2387531,"A457RX","6","T11400","BEA_API"
1977,43,"Net value added",2571924,"A457RX","6","T11400","BEA_API"
1978,43,"Net value added",2741211,"A457RX","6","T11400","BEA_API"
1979,43,"Net value added",2804080,"A457RX","6","T11400","BEA_API"
1980,43,"Net value added",2808728,"A457RX","6","T11400","BEA_API"
1981,43,"Net value added",2937341,"A457RX","6","T11400","BEA_API"
1982,43,"Net value added",2891185,"A457RX","6","T11400","BEA_API"
1983,43,"Net value added",3039661,"A457RX","6","T11400","BEA_API"
1984,43,"Net value added",3365169,"A457RX","6","T11400","BEA_API"
1985,43,"Net value added",3522684,"A457RX","6","T11400","BEA_API"
1986,43,"Net value added",3636671,"A457RX","6","T11400","BEA_API"
1987,43,"Net value added",3834830,"A457RX","6","T11400","BEA_API"
1988,43,"Net value added",4075529,"A457RX","6","T11400","BEA_API"
1989,43,"Net value added",4150087,"A457RX","6","T11400","BEA_API"
1990,43,"Net value added",4215592,"A457RX","6","T11400","BEA_API"
1991,43,"Net value added",4183767,"A457RX","6","T11400","BEA_API"
1992,43,"Net value added",4350481,"A457RX","6","T11400","BEA_API"
1993,43,"Net value added",4494523,"A457RX","6","T11400","BEA_API"
1994,43,"Net value added",4795002,"A457RX","6","T11400","BEA_API"
1995,43,"Net value added",5007055,"A457RX","6","T11400","BEA_API"
1996,43,"Net value added",5273260,"A457RX","6","T11400","BEA_API"
1997,43,"Net value added",5625433,"A457RX","6","T11400","BEA_API"
1998,43,"Net value added",5918191,"A457RX","6","T11400","BEA_API"
1999,43,"Net value added",6198155,"A457RX","6","T11400","BEA_API"
2000,43,"Net value added",6474131,"A457RX","6","T11400","BEA_API"
2001,43,"Net value added",6247816,"A457RX","6","T11400","BEA_API"
2002,43,"Net value added",6290295,"A457RX","6","T11400","BEA_API"
2003,43,"Net value added",6434793,"A457RX","6","T11400","BEA_API"
2004,43,"Net value added",6775267,"A457RX","6","T11400","BEA_API"
2005,43,"Net value added",7027611,"A457RX","6","T11400","BEA_API"
2006,43,"Net value added",7294960,"A457RX","6","T11400","BEA_API"
2007,43,"Net value added",7345381,"A457RX","6","T11400","BEA_API"
2008,43,"Net value added",7215977,"A457RX","6","T11400","BEA_API"
2009,43,"Net value added",6603937,"A457RX","6","T11400","BEA_API"
2010,43,"Net value added",6930051,"A457RX","6","T11400","BEA_API"
2011,43,"Net value added",7120773,"A457RX","6","T11400","BEA_API"
2012,43,"Net value added",7388683,"A457RX","6","T11400","BEA_API"
2013,43,"Net value added",7550258,"A457RX","6","T11400","BEA_API"
2014,43,"Net value added",7800855,"A457RX","6","T11400","BEA_API"
2015,43,"Net value added",8047347,"A457RX","6","T11400","BEA_API"
2016,43,"Net value added",8058211,"A457RX","6","T11400","BEA_API"
2017,43,"Net value added",8262036,"A457RX","6","T11400","BEA_API"
2018,43,"Net value added",8563801,"A457RX","6","T11400","BEA_API"
2019,43,"Net value added",8769769,"A457RX","6","T11400","BEA_API"
2020,43,"Net value added",8293360,"A457RX","6","T11400","BEA_API"
2021,43,"Net value added",9205999,"A457RX","6","T11400","BEA_API"
2022,43,"Net value added",9540149,"A457RX","6","T11400","BEA_API"
2023,43,"Net value added",9661575,"A457RX","6","T11400","BEA_API"
2024,43,"Net value added",9900133,"A457RX","6","T11400","BEA_API"
2025,43,"Net value added",10174701,"A457RX","6","T11400","BEA_API"
